# freq_Hz, phase_rad_detrended, phase_rad
7.125000000000000000e+09,-5.186898276328877344e-02,-2.225758646665746188e+00
7.125066666666666985e+09,-3.564810891537284476e-02,-2.234672066653613953e+00
7.125133333333333015e+09,-3.370644140255585341e-02,-2.257864692976246701e+00
7.125200000000000000e+09,-2.905776396008796780e-02,-2.278350309369562510e+00
7.125266666666666985e+09,-2.631835157174577944e-02,-2.300745190816670060e+00
7.125333333333333015e+09,-3.311649536556027229e-02,-2.332677628445934293e+00
7.125400000000000000e+09,-4.120288674391225925e-02,-2.365898313660069974e+00
7.125466666666666985e+09,-2.812181923534584627e-02,-2.377951539987287255e+00
7.125533333333333015e+09,-2.319363295408427561e-02,-2.398157647541475423e+00
7.125600000000000000e+09,-2.365234994805209823e-02,-2.423750658371226940e+00
7.125666666666666985e+09,-1.904894102463439154e-02,-2.444281543283258973e+00
7.125733333333333015e+09,-3.491601234984997859e-02,-2.485282908443924299e+00
7.125800000000000000e+09,-6.367023602315136088e-02,-2.539171425953009376e+00
7.125866666666666985e+09,-1.349971477047251511e-02,-2.514135198536114224e+00
7.125933333333333015e+09,-3.312561563636906570e-02,-2.558895393237453408e+00
7.126000000000000000e+09,-5.265177382865848799e-02,-2.603555845265526525e+00
7.126066666666666985e+09,-2.712386064786276307e-02,-2.603162225920180539e+00
7.126133333333333015e+09,-1.617731319360293796e-02,-2.617349972301370453e+00
7.126200000000000000e+09,-3.874521540257269692e-02,-2.665052168346123906e+00
7.126266666666666985e+09,-3.047820289395808402e-02,-2.681919449673292988e+00
7.126333333333333015e+09,-8.246239336766603145e-03,-2.684821779951551246e+00
7.126400000000000000e+09,-2.754122320390894885e-02,-2.729251057654477286e+00
7.126466666666666985e+09,-4.304614856804667156e-02,-2.769890276854398703e+00
7.126533333333333015e+09,-4.293277319788435520e-02,-2.794911195319352171e+00
7.126600000000000000e+09,-6.422101084191256248e-02,-2.841333726799164072e+00
7.126666666666666985e+09,-2.897789337714540281e-02,-2.831224903170180607e+00
7.126733333333333015e+09,-2.980606674528463174e-02,-2.857187370373769575e+00
7.126800000000000000e+09,-3.016156866299457562e-02,-2.882677166127263213e+00
7.126866666666666985e+09,-5.206584860863028297e-02,-2.929715739908682615e+00
7.126933333333333015e+09,-3.220204346529875750e-02,-2.934986228600466873e+00
7.127000000000000000e+09,-3.280723370203997291e-02,-2.960725712672991783e+00
7.127066666666666985e+09,-1.344249661956453679e-03,-2.954397022468691958e+00
7.127133333333333015e+09,-3.820114068245894501e-02,-3.016388207324644188e+00
7.127200000000000000e+09,-5.526567058959575007e-02,-3.058587031067564688e+00
7.127266666666666985e+09,-3.357714196830174913e-02,-3.062032796282054381e+00
7.127333333333333015e+09,-3.705598780351682109e-02,-3.090645935952385237e+00
7.127400000000000000e+09,-3.497964939887987512e-02,-3.113703891383531985e+00
7.127466666666666985e+09,-3.493743922979763994e-02,-3.138795975050233444e+00
7.127533333333333015e+09,-2.961512843013114349e-02,-3.158607958086009582e+00
7.127600000000000000e+09,-3.869391911974950915e-02,-3.192821042611418747e+00
7.127666666666666985e+09,-1.935347954150978822e-02,-3.198614896868962720e+00
7.127733333333333015e+09,-4.266724448410563753e-02,-3.247062955646667248e+00
7.127800000000000000e+09,-1.511440924721529910e-02,-3.244644414245560604e+00
7.127866666666666985e+09,-3.056032363127414442e-02,-3.285224622465403144e+00
7.127933333333333015e+09,-3.696210843943603663e-02,-3.316760701109014775e+00
7.128000000000000000e+09,-5.194124249294773676e-02,-3.356874128998310169e+00
7.128066666666666985e+09,-3.099417784551183885e-02,-3.361061358186657966e+00
7.128133333333333015e+09,-2.743038273520870263e-02,-3.382631856911804569e+00
7.128200000000000000e+09,-3.021960852967797706e-02,-3.410555376541723582e+00
7.128266666666666985e+09,-1.671023678202043783e-02,-3.422180298629849737e+00
7.128333333333333015e+09,-3.207554798267198137e-02,-3.462679903665951020e+00
7.128400000000000000e+09,-5.103785927403459155e-02,-3.506776508793097324e+00
7.128466666666666985e+09,-3.174529454072017032e-02,-3.512618237895566597e+00
7.128533333333333015e+09,-3.036408059545969707e-02,-3.536371317785755863e+00
7.128600000000000000e+09,-2.843872778266565149e-02,-3.559580258808411557e+00
7.128666666666666985e+09,-6.200119724704578061e-03,-3.562475944586234178e+00
7.128733333333333015e+09,-2.284023191122930285e-02,-3.604250350608208642e+00
7.128800000000000000e+09,-1.670111620540337682e-02,-3.623245528738166410e+00
7.128866666666666985e+09,-6.537591291858380060e-03,-3.638216297660405107e+00
7.128933333333333015e+09,-2.793663733623663603e-02,-3.684749637540233103e+00
7.129000000000000000e+09,-4.716887199653374552e-02,-3.729116166035979951e+00
7.129066666666666985e+09,-3.553692151107279429e-02,-3.742618509386302694e+00
7.129133333333333015e+09,-3.339962187740708188e-02,-3.765615503588086721e+00
7.129200000000000000e+09,-1.781827343220454551e-02,-3.775168448978667879e+00
7.129266666666666985e+09,-1.147082735208204696e-02,-3.793955296734329075e+00
7.129333333333333015e+09,-4.515186666417170258e-02,-3.852770629881861364e+00
7.129400000000000000e+09,-4.671554676976574783e-02,-3.879468603823239103e+00
7.129466666666666985e+09,-2.144335587830337175e-02,-3.879330706767226467e+00
7.129533333333333015e+09,-1.615970080107720364e-02,-3.899181345525450038e+00
7.129600000000000000e+09,-3.235885284922890293e-02,-3.940514791409385431e+00
7.129666666666666985e+09,-2.062378460378688771e-02,-3.953914016999727110e+00
7.129733333333333015e+09,-3.316950932559015186e-02,-3.991594035556980113e+00
7.129800000000000000e+09,-1.326878944707310382e-02,-3.996827609514246760e+00
7.129866666666666985e+09,-4.390417722502526487e-02,-4.052597291127648660e+00
7.129933333333333015e+09,-1.205159631511509843e-02,-4.045879004053188233e+00
7.130000000000000000e+09,-2.550223498586490223e-02,-4.084463936559721731e+00
7.130066666666666985e+09,-3.839092191036552748e-02,-4.122486917320006050e+00
7.130133333333333015e+09,2.464981439860736145e-03,-4.106765307805229526e+00
7.130200000000000000e+09,-2.007549300579025697e-02,-4.154440076086664213e+00
7.130266666666666985e+09,-4.909239391785646944e-02,-4.208591270834514120e+00
7.130333333333333015e+09,9.116956430101907927e-04,-4.183721475108763244e+00
7.130400000000000000e+09,-1.944743706601670397e-02,-4.229214901653573833e+00
7.130466666666666985e+09,-3.397005595411606294e-02,-4.268871814377456886e+00
7.130533333333333015e+09,-1.871975332425890315e-03,-4.261908027591216452e+00
7.130600000000000000e+09,-3.963325097927139495e-02,-4.324803597073845651e+00
7.130666666666666985e+09,-5.264205273607469593e-02,-4.362946692666432646e+00
7.130733333333333015e+09,-3.815229487327265190e-03,-4.339254163252801000e+00
7.130800000000000000e+09,-2.133797485663180282e-02,-4.381911202457889232e+00
7.130866666666666985e+09,-1.319642188753267220e-02,-4.398903943324573795e+00
7.130933333333333015e+09,-2.559463328395938930e-02,-4.436436448556443146e+00
7.131000000000000000e+09,-3.794065299063653640e-02,-4.473916762098903988e+00
7.131066666666666985e+09,-2.657607746202650389e-02,-4.487686480406084755e+00
7.131133333333333015e+09,-5.278223718942598452e-03,-4.491522920498109528e+00
7.131200000000000000e+09,-3.111748852627815864e-02,-4.542496479141228782e+00
7.131266666666666985e+09,-1.096219737658721272e-02,-4.547475481827321531e+00
7.131333333333333015e+09,-3.189949368879929636e-02,-4.593547071974983353e+00
7.131400000000000000e+09,-1.531686642587182234e-02,-4.602098738547839574e+00
7.131466666666666985e+09,-2.420140221960487281e-02,-4.636117568177356318e+00
7.131533333333333015e+09,-3.520085553237350950e-03,-4.640570545346104581e+00
7.131600000000000000e+09,-3.945476954971294248e-02,-4.701639523178363866e+00
7.131666666666666985e+09,-2.466250780689094313e-02,-4.711981555271325561e+00
7.131733333333333015e+09,-1.985918552087007072e-02,-4.732312526820754428e+00
7.131800000000000000e+09,-2.431016369086780315e-02,-4.761897798826535855e+00
7.131866666666666985e+09,-2.508575934174395172e-02,-4.787807688313195698e+00
7.131933333333333015e+09,-2.024956585599557712e-02,-4.808105788662897062e+00
7.132000000000000000e+09,-2.133300773164403807e-02,-4.834323524373995262e+00
7.132066666666666985e+09,3.909537451788125395e-03,-4.834215273026346793e+00
7.132133333333333015e+09,-6.070091765043805765e-03,-4.869329196078628463e+00
7.132200000000000000e+09,2.065954054796037553e-03,-4.886327444094572314e+00
7.132266666666666985e+09,-2.153985584343409698e-02,-4.935067547828586143e+00
7.132333333333333015e+09,1.265276667823655998e-02,-4.926009219142365225e+00
7.132400000000000000e+09,-3.233923259351989543e-02,-4.996135512249571420e+00
7.132466666666666985e+09,-6.126334651717790791e-02,-5.050193920009013127e+00
7.132533333333333015e+09,-1.060068610000541867e-02,-5.024665553427283271e+00
7.132600000000000000e+09,-2.028109521778365121e-02,-5.059480256380845198e+00
7.132666666666666985e+09,-2.747961160198464370e-02,-5.091813066600836990e+00
7.132733333333333015e+09,-8.323279492481461261e-04,-5.090300076783543126e+00
7.132800000000000000e+09,-2.405170964473768436e-02,-5.138653752314482404e+00
7.132866666666666985e+09,-2.560944409214993556e-02,-5.165345780597678349e+00
7.132933333333333015e+09,-2.195187476121684966e-02,-5.186822505102195002e+00
7.133000000000000000e+09,-3.195340462975426732e-02,-5.221958328806516114e+00
7.133066666666666985e+09,-1.336042093630229743e-02,-5.228499638948847839e+00
7.133133333333333015e+09,-6.632502645965487886e-03,-5.246906014493960768e+00
7.133200000000000000e+09,-2.227170492477537067e-02,-5.287679510608554345e+00
7.133266666666666985e+09,-3.132670724161012998e-02,-5.321868806760838844e+00
7.133333333333333015e+09,-5.749016776590565314e-05,-5.315733883522444359e+00
7.133400000000000000e+09,-3.014793117439751313e-02,-5.370958618364859660e+00
7.133466666666666985e+09,-2.992796120110075009e-02,-5.395872942227346591e+00
7.133533333333333015e+09,-2.887530648322744753e-02,-5.419954581344923028e+00
7.133600000000000000e+09,-2.482439589427443138e-02,-5.441037964591753706e+00
7.133666666666666985e+09,-5.448132533560201551e-02,-5.495829187868531029e+00
7.133733333333333015e+09,-5.005408887254425565e-03,-5.471487565255633179e+00
7.133800000000000000e+09,-1.991613924187252138e-02,-5.511532589446034969e+00
7.133866666666666985e+09,-1.639290707045137907e-02,-5.533143651110397521e+00
7.133933333333333015e+09,-2.727597634780298819e-02,-5.569161014223198869e+00
7.134000000000000000e+09,-3.809370571305681352e-02,-5.605113037424236389e+00
7.134066666666666985e+09,-3.229473613535827070e-02,-5.624448361681987585e+00
7.134133333333333015e+09,-2.349530658991128007e-02,-5.640783225971983228e+00
7.134200000000000000e+09,-1.322446933204179942e-02,-5.655646682549904547e+00
7.134266666666666985e+09,-1.818035835730658079e-02,-5.685736865410953023e+00
7.134333333333333015e+09,-1.664577017495627587e-02,-5.709336571064045351e+00
7.134400000000000000e+09,-1.464622903486922922e-02,-5.732471323759741999e+00
7.134466666666666985e+09,-3.420291966328203870e-02,-5.777162308223938503e+00
7.134533333333333015e+09,-2.387542155010002887e-02,-5.791969103945872277e+00
7.134600000000000000e+09,-1.937036567845673574e-02,-5.812598341910012678e+00
7.134666666666666985e+09,2.200036120882842283e-02,-5.796361908858511214e+00
7.134733333333333015e+09,-1.467059453006758218e-02,-5.858167158432856958e+00
7.134800000000000000e+09,-2.550551746681772869e-02,-5.894136375205390799e+00
7.134866666666666985e+09,-1.945845718241390188e-02,-5.913223608756770666e+00
7.134933333333333015e+09,-3.137695383816918593e-03,-5.922037140793289467e+00
7.135000000000000000e+09,-3.781173009354876768e-02,-5.981845469338805010e+00
7.135066666666666985e+09,-2.164946456510907780e-02,-5.990817497646149015e+00
7.135133333333333015e+09,-2.092708553478317413e-02,-6.015229412451272850e+00
7.135200000000000000e+09,-1.816345133114882771e-02,-6.037600072083422198e+00
7.135266666666666985e+09,-2.231809976939658213e-02,-6.066889014357453647e+00
7.135333333333333015e+09,-2.805560518875260811e-02,-6.097760813611925457e+00
7.135400000000000000e+09,1.568652337188058965e-02,-6.079152978887075953e+00
7.135466666666666985e+09,-3.989662300442731180e-03,-6.123963458395182968e+00
7.135533333333333015e+09,-2.186924761360664604e-02,-6.166977337543796622e+00
7.135600000000000000e+09,8.315380723699306031e-03,-6.161927003042274364e+00
7.135666666666666985e+09,-1.116456970048762543e-02,-6.206541247302244990e+00
7.135733333333333015e+09,-1.451847720735521818e-02,-6.235029448644228367e+00
7.135800000000000000e+09,-1.756701317678555085e-02,-6.263212278449442394e+00
7.135866666666666985e+09,1.353710992442636041e-03,-6.269425848115997901e+00
7.135933333333333015e+09,-1.924219081390532438e-02,-6.315156043757788495e+00
7.136000000000000000e+09,-1.116951522412712450e-02,-6.332217662003793990e+00
7.136066666666666985e+09,-5.825649442162017522e-03,-6.352008090057612577e+00
7.136133333333333015e+09,-2.554243678267642537e-02,-6.396859171233576724e+00
7.136200000000000000e+09,-2.858269847461158975e-02,-6.425033726760961628e+00
7.136266666666666985e+09,-2.492529693171530170e-02,-6.446510619053849034e+00
7.136333333333333015e+09,-2.858143696235870834e-02,-6.475301052919942180e+00
7.136400000000000000e+09,-1.103792783354595741e-02,-6.482891837626913123e+00
7.136466666666666985e+09,6.690049924667818004e-03,-6.490298153704483042e+00
7.136533333333333015e+09,-4.446134171470550456e-02,-6.566583839179306104e+00
7.136600000000000000e+09,-7.564185963557790160e-04,-6.548013209896406117e+00
7.136666666666666985e+09,-3.389217320307658099e-02,-6.606283258338910613e+00
7.136733333333333015e+09,-4.945706983336961571e-04,-6.598019949669617468e+00
7.136800000000000000e+09,4.411132873583412106e-03,-6.618248539933484054e+00
7.136866666666666985e+09,-2.289226016006740139e-02,-6.670686226802918561e+00
7.136933333333333015e+09,9.000447805363798182e-03,-6.663927812672937101e+00
7.137000000000000000e+09,6.334599361892401248e-03,-6.691727954951858237e+00
7.137066666666666985e+09,-1.058532954463853315e-02,-6.733782177694172866e+00
7.137133333333333015e+09,-1.693853604036110738e-02,-6.765269678025345179e+00
7.137200000000000000e+09,-1.552433037824041406e-02,-6.788989766199008180e+00
7.137266666666666985e+09,-2.971651784987283662e-02,-6.828316247506424297e+00
7.137333333333333015e+09,5.911859624713855510e-03,-6.817822163867287344e+00
7.137400000000000000e+09,-2.242999416705782068e-02,-6.871298311494842714e+00
7.137466666666666985e+09,-2.118229061030074689e-02,-6.895184901773535380e+00
7.137533333333333015e+09,-1.315400583559878100e-02,-6.912290910834276048e+00
7.137600000000000000e+09,-2.770768369473763926e-02,-6.951978882529198600e+00
7.137666666666666985e+09,-4.377417435608599305e-03,-6.953782910105860360e+00
7.137733333333333015e+09,-1.114370549158394397e-02,-6.985683491997278338e+00
7.137800000000000000e+09,1.140359981880401108e-02,-6.988270480522674077e+00
7.137866666666666985e+09,-7.146021022691684266e-03,-7.031954395199619512e+00
7.137933333333333015e+09,-2.110167005401741847e-02,-7.071044338066394985e+00
7.138000000000000000e+09,-9.391175043759858454e-03,-7.084468136891921120e+00
7.138066666666666985e+09,-1.290280802307375296e-02,-7.113114063707018708e+00
7.138133333333333015e+09,-3.252604750787035925e-03,-7.128598154270181730e+00
7.138200000000000000e+09,-6.023974701054868319e-04,-7.151082240825283876e+00
7.138266666666666985e+09,-4.124688166204037998e-03,-7.179738825357166121e+00
7.138333333333333015e+09,-4.922057300646542899e-03,-7.205670488326724410e+00
7.138400000000000000e+09,8.808607260947454165e-03,-7.217074117600914107e+00
7.138466666666666985e+09,-2.399967327976781917e-02,-7.275016691977413075e+00
7.138533333333333015e+09,4.271663378315970760e-03,-7.271879649154779024e+00
7.138600000000000000e+09,-1.881181991997760150e-02,-7.320097426288856290e+00
7.138666666666666985e+09,-1.099313752234643005e-02,-7.337413037727008813e+00
7.138733333333333015e+09,-1.026746424775026867e-02,-7.361821658287528436e+00
7.138800000000000000e+09,-4.103876263503281052e-03,-7.380792364139065143e+00
7.138866666666666985e+09,-2.156313919791053024e-02,-7.423385920909256086e+00
7.138933333333333015e+09,-1.323581189903055844e-02,-7.440192887445825853e+00
7.139000000000000000e+09,-1.451245652082189252e-02,-7.466603825903400882e+00
7.139066666666666985e+09,1.537461310212329124e-02,-7.461851050116239392e+00
7.139133333333333015e+09,-1.516340646967151429e-02,-7.517523363523142876e+00
7.139200000000000000e+09,-2.941275957708100464e-03,-7.530435526846963157e+00
7.139266666666666985e+09,-3.836696855072041501e-03,-7.556465241580117898e+00
7.139333333333333015e+09,-1.975456089014393513e-02,-7.597517399450632425e+00
7.139400000000000000e+09,-1.018447942825240204e-02,-7.613081611824524586e+00
7.139466666666666985e+09,-2.782639211533943779e-02,-7.655857818347395316e+00
7.139533333333333015e+09,-3.144157670913472202e-03,-7.656309877738085135e+00
7.139600000000000000e+09,1.882450908649246912e-03,-7.676417562994306110e+00
7.139666666666666985e+09,-1.708890570329568703e-02,-7.720523213442034738e+00
7.139733333333333015e+09,-1.541372788758721413e-02,-7.743982329461776004e+00
7.139800000000000000e+09,-1.834827843015762738e-02,-7.772051173840130112e+00
7.139866666666666985e+09,-1.469832602388176923e-02,-7.793535515269637948e+00
7.139933333333333015e+09,-2.156929771616589164e-02,-7.825540780797037854e+00
7.140000000000000000e+09,-1.349782647806208047e-02,-7.842603603394717737e+00
7.140066666666666985e+09,1.372721769650286916e-02,-7.840512853055936482e+00
7.140133333333333015e+09,6.546322086530942386e-03,-7.872828042501358148e+00
7.140200000000000000e+09,-1.912476851332023386e-02,-7.923633426936993018e+00
7.140266666666666985e+09,3.060896184603478787e-04,-7.929336862640996131e+00
7.140333333333333015e+09,-1.406405362101370571e-02,-7.968841299715919924e+00
7.140400000000000000e+09,-1.788116890151059124e-02,-7.997792708831866548e+00
7.140466666666666985e+09,7.849411559810448580e-04,-8.004260892610158606e+00
7.140533333333333015e+09,-6.116077064220348802e-03,-8.036296204665806187e+00
7.140600000000000000e+09,2.295910654313537691e-02,-8.032355314894234155e+00
7.140666666666666985e+09,-3.805312024056206610e-03,-8.084254027297209433e+00
7.140733333333333015e+09,-9.926662605412417406e-03,-8.115509671714015383e+00
7.140800000000000000e+09,-2.688702673568243995e-02,-8.157604329679735145e+00
7.140866666666666985e+09,-4.045121771554249790e-03,-8.159896718551390649e+00
7.140933333333333015e+09,1.670746560795244307e-02,-8.164278425007333695e+00
7.141000000000000000e+09,-3.263290335480029114e-02,-8.238753087805870123e+00
7.141066666666666985e+09,-1.835125990324826262e-02,-8.249605738190101789e+00
7.141133333333333015e+09,-1.544421932397810338e-02,-8.271832991446281369e+00
7.141200000000000000e+09,-5.449364478111462518e-02,-8.336016710739201585e+00
7.141266666666666985e+09,-1.620082293846714094e-02,-8.322858182732003840e+00
7.141333333333333015e+09,4.985757625821207739e-03,-8.326805896003161678e+00
7.141400000000000000e+09,-2.420015680367626487e-02,-8.381126104268442845e+00
7.141466666666666985e+09,-4.956857429201377840e-03,-8.387017098729751652e+00
7.141533333333333015e+09,-2.581034603094067847e-02,-8.433004881166940692e+00
7.141600000000000000e+09,-2.942669171115852578e-02,-8.461755520682942233e+00
7.141666666666666985e+09,-1.088241912874643447e-02,-8.468345541935979881e+00
7.141733333333333015e+09,-2.296085402008429810e-02,-8.505558270662767484e+00
7.141800000000000000e+09,-2.328833516330242048e-02,-8.531020045641769300e+00
7.141866666666666985e+09,-1.240023078763385911e-02,-8.545266235101884433e+00
7.141933333333333015e+09,-1.310167460313671484e-02,-8.571101972752837028e+00
7.142000000000000000e+09,-2.727105273590524348e-02,-8.610405644721389251e+00
7.142066666666666985e+09,-5.175619806944808943e-03,-8.613444505627878556e+00
7.142133333333333015e+09,-6.088332237826676874e-03,-8.639491511894206610e+00
7.142200000000000000e+09,-3.685373517646972630e-02,-8.695391208668633354e+00
7.142266666666666985e+09,-2.399799327626794820e-02,-8.707669760604215270e+00
7.142333333333333015e+09,-9.134338202226643944e-03,-8.717940399365623705e+00
7.142400000000000000e+09,-1.609584913431127973e-02,-8.750036204133492035e+00
7.142466666666666985e+09,1.036978412248501513e-02,-8.748704864712479434e+00
7.142533333333333015e+09,-3.303563517527585702e-02,-8.817244577845356091e+00
7.142600000000000000e+09,4.285523425620496596e-03,-8.805057713080243431e+00
7.142666666666666985e+09,-4.897281869947534005e-03,-8.839374812211595156e+00
7.142733333333333015e+09,-2.364478816751436341e-02,-8.883256612344611725e+00
7.142800000000000000e+09,-2.912334427090712552e-03,-8.887658452439971768e+00
7.142866666666666985e+09,-6.245427812418213875e-03,-8.916125839661082964e+00
7.142933333333333015e+09,-1.791118483320808252e-02,-8.952925890516985064e+00
7.143000000000000000e+09,-3.191302160395537157e-02,-8.992062021123516047e+00
7.143066666666666985e+09,-2.108292448009940756e-02,-9.006366217835443777e+00
7.143133333333333015e+09,-1.857451150305422516e-02,-9.028992098693848334e+00
7.143200000000000000e+09,-1.439359296938569344e-02,-9.049945473995963496e+00
7.143266666666666985e+09,-2.423016335965755275e-02,-9.084916338222019050e+00
7.143333333333333015e+09,-2.712026412620360816e-03,-9.088532495110097642e+00
7.143400000000000000e+09,-2.675107280986388503e-02,-9.137705835343124861e+00
7.143466666666666985e+09,-4.148803458288519153e-02,-9.177577090951929861e+00
7.143533333333333015e+09,-3.376510194476267657e-02,-9.194988452149257085e+00
7.143600000000000000e+09,-3.142553676682524610e-02,-9.217783180807103349e+00
7.143666666666666985e+09,-2.907169347214200172e-02,-9.240563631348203799e+00
7.143733333333333015e+09,-3.213294454022985747e-02,-9.268759176251403886e+00
7.143800000000000000e+09,-3.736630931699913560e-02,-9.299126834863956859e+00
7.143866666666666985e+09,-9.614694432151793535e-03,-9.296509513814896764e+00
7.143933333333333015e+09,-1.969271070460720807e-02,-9.331721823922798364e+00
7.144000000000000000e+09,-4.482389281979770601e-02,-9.381987299873772557e+00
7.144066666666666985e+09,-1.602589235201179463e-02,-9.378323593241770340e+00
7.144133333333333015e+09,1.210876193968957182e-02,-9.375323232785518712e+00
7.144200000000000000e+09,-3.237230446315386700e-02,-9.444938593023811890e+00
7.144266666666666985e+09,-2.383947854426970991e-02,-9.461540060940711427e+00
7.144333333333333015e+09,-1.128739312469306810e-02,-9.474122269356584525e+00
7.144400000000000000e+09,-1.274900907435494446e-02,-9.500718179142030095e+00
7.144466666666666985e+09,-2.728019281160776188e-02,-9.540383656715066607e+00
7.144533333333333015e+09,-1.953125896514151805e-02,-9.557769016704050102e+00
7.144600000000000000e+09,-2.913990314056569275e-02,-9.592511954714920464e+00
7.144666666666666985e+09,-5.076960485054016203e-03,-9.593583305895196034e+00
7.144733333333333015e+09,-8.187345417734803732e-03,-9.621827984663323008e+00
7.144800000000000000e+09,-3.093650093058109007e-02,-9.669711434011952988e+00
7.144866666666666985e+09,-3.324120231826199756e-02,-9.697150429235417590e+00
7.144933333333333015e+09,-3.480470126426382649e-02,-9.723848222016869158e+00
7.145000000000000000e+09,-3.799448783712122690e-02,-9.752172302425176298e+00
7.145066666666666985e+09,-4.336379611961582725e-02,-9.782675904543454592e+00
7.145133333333333015e+09,-1.691642918333791101e-02,-9.781362831442626415e+00
7.145200000000000000e+09,-3.496146792780052692e-02,-9.824542164022872726e+00
7.145266666666666985e+09,-4.107047895567994544e-02,-9.855785468886535838e+00
7.145333333333333015e+09,-1.725042277020172321e-02,-9.857099706536507355e+00
7.145400000000000000e+09,-3.153951775731655971e-02,-9.896523095359405886e+00
7.145466666666666985e+09,-2.561126272207658872e-02,-9.915729134159615654e+00
7.145533333333333015e+09,-1.933187682761072779e-02,-9.934584042100595980e+00
7.145600000000000000e+09,-4.857521595709002327e-02,-9.988961675065858969e+00
7.145666666666666985e+09,-4.670976110234192902e-02,-1.001223051404689457e+01
7.145733333333333015e+09,-2.460750211540485566e-02,-1.001526254889540724e+01
7.145800000000000000e+09,-3.671915101331002518e-02,-1.005250849162909610e+01
7.145866666666666985e+09,-2.635885211669730666e-02,-1.006728248656793312e+01
7.145933333333333015e+09,-1.063364659501075948e-02,-1.007669157488169631e+01
7.146000000000000000e+09,-2.261039026182665168e-02,-1.011380261238429590e+01
7.146066666666666985e+09,-1.741695868462400654e-02,-1.013374347464287695e+01
7.146133333333333015e+09,-2.404399743816121315e-02,-1.016550480723186389e+01
7.146200000000000000e+09,-6.705545779206723012e-02,-1.023365056142155360e+01
7.146266666666666985e+09,-5.106823309081320872e-02,-1.024279763055574932e+01
7.146333333333333015e+09,-3.066892258934039717e-02,-1.024753261388972270e+01
7.146400000000000000e+09,-5.039179306014318627e-02,-1.029238977819630918e+01
7.146466666666666985e+09,-5.054718009194480999e-02,-1.031767945906389450e+01
7.146533333333333015e+09,-3.646106405471982725e-02,-1.032872763686211925e+01
7.146600000000000000e+09,-2.640861879438460846e-02,-1.034380948543756773e+01
7.146666666666666985e+09,-3.942580179384691519e-02,-1.038196096227281373e+01
7.146733333333333015e+09,-2.511145290987037981e-02,-1.039278090722395298e+01
7.146800000000000000e+09,-3.345546454431058692e-02,-1.042625921269417688e+01
7.146866666666666985e+09,-1.147010060474507043e-02,-1.042940814259039506e+01
7.146933333333333015e+09,-3.242078710203344372e-02,-1.047549312292313317e+01
7.147000000000000000e+09,-3.978043484501014859e-02,-1.050798706450189357e+01
7.147066666666666985e+09,-4.929667728162812068e-02,-1.054263760077429524e+01
7.147133333333333015e+09,-4.800453281663941141e-02,-1.056647975014441876e+01
7.147200000000000000e+09,-2.810767749874543142e-02,-1.057171718866230847e+01
7.147266666666666985e+09,-5.800548128973659345e-02,-1.062674928628908333e+01
7.147333333333333015e+09,-6.209133562450830368e-02,-1.065596943445930478e+01
7.147400000000000000e+09,-8.553663867963834377e-02,-1.070454903135021851e+01
7.147466666666666985e+09,-4.318941328369518828e-02,-1.068733609979005905e+01
7.147533333333333015e+09,-8.058208556772505915e-02,-1.074986306590920471e+01
7.147600000000000000e+09,-7.600787081478443952e-02,-1.077042314499204778e+01
7.147666666666666985e+09,-6.392881237934311400e-02,-1.078347838039239015e+01
7.147733333333333015e+09,-6.626487477714704255e-02,-1.081094873662564382e+01
7.147800000000000000e+09,-7.741832770589596180e-02,-1.084723648339017643e+01
7.147866666666666985e+09,-1.119436001703437711e-01,-1.090689604969040793e+01
7.147933333333333015e+09,-1.003202574927701818e-01,-1.092040700084794658e+01
7.148000000000000000e+09,-6.286523748463501704e-02,-1.090808627467559511e+01
7.148066666666666985e+09,-1.062964551847151995e-01,-1.097665178621145898e+01
7.148133333333333015e+09,-1.143929726066268415e-01,-1.100988259746882036e+01
7.148200000000000000e+09,-1.072067925456572368e-01,-1.102783071124363445e+01
7.148266666666666985e+09,-1.116327797875147354e-01,-1.105739099232127565e+01
7.148333333333333015e+09,-1.214883209720127866e-01,-1.109238082734122344e+01
7.148400000000000000e+09,-1.616403329442590575e-01,-1.115766713314891945e+01
7.148466666666666985e+09,-1.789969038477501329e-01,-1.120015799788819422e+01
7.148533333333333015e+09,-2.135859990157698007e-01,-1.125988138689166362e+01
7.148600000000000000e+09,-2.010243489096694702e-01,-1.127245403062134699e+01
7.148666666666666985e+09,-1.510633681779882664e-01,-1.124762734372544948e+01
7.148733333333333015e+09,-2.384209844899398689e-01,-1.136011925387285082e+01
7.148800000000000000e+09,-2.825726244572024370e-01,-1.142940518767555957e+01
7.148866666666666985e+09,3.601112745663908044e-01,-1.081185558248775003e+01
7.148933333333333015e+09,3.935902709841645475e-01,-1.080351087990542602e+01
7.149000000000000000e+09,2.750308431900734263e-01,-1.094720460153530084e+01
7.149066666666666985e+09,1.826068360419430547e-01,-1.106476290251921490e+01
7.149133333333333015e+09,1.565101023244537259e-01,-1.111599393007215397e+01
7.149200000000000000e+09,1.236462080707969591e-01,-1.117399211816159443e+01
7.149266666666666985e+09,1.063174500541812506e-01,-1.121645517001365988e+01
7.149333333333333015e+09,1.084522879419225205e-01,-1.123945462596136835e+01
7.149400000000000000e+09,7.752099164129155895e-02,-1.129552021609778301e+01
7.149466666666666985e+09,5.618640085902804060e-02,-1.134198910071583022e+01
7.149533333333333015e+09,4.989039910414838630e-02,-1.137341939630615961e+01
7.149600000000000000e+09,6.283721148367860110e-02,-1.138560687776241309e+01
7.149666666666666985e+09,8.628401361985638118e-02,-1.138729436946168150e+01
7.149733333333333015e+09,6.202992435031617902e-02,-1.143668275256667144e+01
7.149800000000000000e+09,5.184641314641780241e-02,-1.147200055760635351e+01
7.149866666666666985e+09,4.896255659055448461e-02,-1.150001870799800052e+01
7.149933333333333015e+09,5.382525191334508463e-02,-1.152029030651065966e+01
7.150000000000000000e+09,2.765360450527509784e-02,-1.157159624775451334e+01
7.150066666666666985e+09,3.477655509685995128e-02,-1.158960759099837823e+01
7.150133333333333015e+09,3.562283934674148611e-02,-1.161389560058394643e+01
7.150200000000000000e+09,5.327858317202505134e-02,-1.162137415059444656e+01
7.150266666666666985e+09,3.532327577550731235e-02,-1.166446375182674799e+01
7.150333333333333015e+09,3.027557109374789945e-02,-1.169464575034395715e+01
7.150400000000000000e+09,5.056926715264964400e-02,-1.169948634812083910e+01
7.150466666666666985e+09,2.624002490282784095e-02,-1.174894988420644459e+01
7.150533333333333015e+09,-2.866550876996498687e-03,-1.180319075382138116e+01
7.150600000000000000e+09,2.442830253354522085e-02,-1.180103019424662314e+01
7.150666666666666985e+09,1.891157104048524218e-02,-1.183168121957546681e+01
7.150733333333333015e+09,2.786460396314538457e-02,-1.184786248048825641e+01
7.150800000000000000e+09,-8.579136750821447777e-03,-1.190944051503800694e+01
7.150866666666666985e+09,2.216312892673144574e-02,-1.190383254319623774e+01
7.150933333333333015e+09,2.509317096308194550e-03,-1.194862064886177677e+01
7.151000000000000000e+09,3.277240917861234948e-02,-1.194349185061525631e+01
7.151066666666666985e+09,1.575596936496559408e-02,-1.198564258426468676e+01
7.151133333333333015e+09,3.235069298154868989e-03,-1.202329777816694723e+01
7.151200000000000000e+09,8.707901839231979579e-03,-1.204295923946165381e+01
7.151266666666666985e+09,-2.193593238416724489e-03,-1.207899502837508621e+01
7.151333333333333015e+09,1.370690211976821615e-02,-1.208822882685201350e+01
7.151400000000000000e+09,4.114377229026189298e-03,-1.212295564557853922e+01
7.151466666666666985e+09,4.351933837678956252e-03,-1.214785238280567015e+01
7.151533333333333015e+09,1.227238449030032541e-02,-1.216506622598849852e+01
7.151600000000000000e+09,2.039124899440381000e-02,-1.218208165532017873e+01
7.151666666666666985e+09,1.635742131709250202e-03,-1.222597145601865698e+01
7.151733333333333015e+09,-4.527442713209595127e-03,-1.225726893469869161e+01
7.151800000000000000e+09,-3.406411893749350384e-03,-1.228128219771501506e+01
7.151866666666666985e+09,-1.317895530046797603e-03,-1.230432797518709620e+01
7.151933333333333015e+09,-5.058755503922540697e-03,-1.233320312899642168e+01
7.152000000000000000e+09,-2.441947175278436077e-02,-1.237769813908106720e+01
7.152066666666666985e+09,4.729515081074531224e-02,-1.233111781035332122e+01
7.152133333333333015e+09,-1.622729012846768626e-02,-1.241977454512798396e+01
7.152200000000000000e+09,-1.805773500487362071e-02,-1.244673928383983608e+01
7.152266666666666985e+09,1.104399658931320971e-02,-1.244277184608143294e+01
7.152333333333333015e+09,8.732149489105722751e-04,-1.247807692155728532e+01
7.152400000000000000e+09,-1.726713945360458524e-02,-1.252135156979558417e+01
7.152466666666666985e+09,-7.894925801345209493e-03,-1.253711364997910849e+01
7.152533333333333015e+09,-4.778077697553229086e-03,-1.255913109571076625e+01
7.152600000000000000e+09,3.288450885541749358e-03,-1.257619886096312101e+01
7.152666666666666985e+09,-2.114200328426285580e-02,-1.262576360896870931e+01
7.152733333333333015e+09,4.277170631752369445e-04,-1.262932818245672095e+01
7.152800000000000000e+09,-3.794979110313789761e-03,-1.265868517246599367e+01
7.152866666666666985e+09,1.878523263459541681e-02,-1.266123925455686816e+01
7.152933333333333015e+09,1.761209844970501592e-02,-1.268754668257720830e+01
7.153000000000000000e+09,2.347674501955943072e-02,-1.270681632984280007e+01
7.153066666666666985e+09,-1.095674075731345454e-02,-1.276638410945545665e+01
7.153133333333333015e+09,-2.854835871167082928e-02,-1.280911002124526377e+01
7.153200000000000000e+09,2.463856505452355350e-02,-1.278105739131485308e+01
7.153266666666666985e+09,8.955357685207943064e-03,-1.282187489251995238e+01
7.153333333333333015e+09,-1.027405819574589430e-02,-1.286623860223635596e+01
7.153400000000000000e+09,-2.054595879438458894e-02,-1.290164479667077835e+01
7.153466666666666985e+09,-1.077509621637950943e-02,-1.291700822792822301e+01
7.153533333333333015e+09,-2.033894768841193468e-03,-1.293340132031613443e+01
7.153600000000000000e+09,-2.774780227010609224e-04,-1.295677919740577799e+01
7.153666666666666985e+09,-2.972864076351378060e-02,-1.301136465398237441e+01
7.153733333333333015e+09,2.203675418005879294e-02,-1.298473355287425157e+01
7.153800000000000000e+09,-2.383247083353090545e-02,-1.305573707172362496e+01
7.153866666666666985e+09,-8.700245911466453208e-03,-1.306573914063700670e+01
7.153933333333333015e+09,-6.272656271010035312e-03,-1.308844584483200002e+01
7.154000000000000000e+09,-2.694716727143564583e-02,-1.313425464966820932e+01
7.154066666666666985e+09,5.144300039093607779e-03,-1.312729747619346377e+01
7.154133333333333015e+09,-3.365284572041105093e-03,-1.316094135464004822e+01
7.154200000000000000e+09,1.062031659186501997e-03,-1.318164833224460430e+01
7.154266666666666985e+09,-3.010970282471880921e-02,-1.323795436056395936e+01
7.154333333333333015e+09,-2.381168613379003318e-03,-1.323536012018806929e+01
7.154400000000000000e+09,-4.979012485469169746e-03,-1.326309225789594315e+01
7.154466666666666985e+09,7.842460839189158150e-03,-1.327540507840706852e+01
7.154533333333333015e+09,-1.649785015982452308e-02,-1.332487968324153194e+01
7.154600000000000000e+09,5.334346264026734730e-03,-1.332818178065346437e+01
7.154666666666666985e+09,1.358505267194942689e-04,-1.335851457022655531e+01
7.154733333333333015e+09,2.031984483144455567e-03,-1.338175273010524258e+01
7.154800000000000000e+09,-7.663858045683369369e-03,-1.341658286646985410e+01
7.154866666666666985e+09,-4.384367613036843636e-03,-1.343843766987299126e+01
7.154933333333333015e+09,-2.889267326834144001e-03,-1.346207686342223830e+01
7.155000000000000000e+09,-4.558274584927879403e-02,-1.352990463578046665e+01
7.155066666666666985e+09,-5.702798227972039058e-03,-1.351515898199494359e+01
7.155133333333333015e+09,-1.150284179110450111e-02,-1.354609331939319183e+01
7.155200000000000000e+09,-1.317765421459782260e-02,-1.357290242565246885e+01
7.155266666666666985e+09,-1.598073761373619561e-02,-1.360083980288739092e+01
7.155333333333333015e+09,1.011462856650702236e-02,-1.359987873054259744e+01
7.155400000000000000e+09,2.915706333654455307e-03,-1.363221194661123370e+01
7.155466666666666985e+09,-2.817186620394274144e-02,-1.368843381298461459e+01
7.155533333333333015e+09,-1.732148684320122811e-02,-1.370271772745898531e+01
7.155600000000000000e+09,-1.619651787210862892e-02,-1.372672705232367640e+01
7.155666666666666985e+09,-1.195594584498493873e-02,-1.374762077413233641e+01
7.155733333333333015e+09,-1.311080057648084107e-02,-1.377390992269928205e+01
7.155800000000000000e+09,5.512854876215556033e-03,-1.378042056108236935e+01
7.155866666666666985e+09,-1.978391461819661856e-02,-1.383085162441256522e+01
7.155933333333333015e+09,-2.246096692396193362e-02,-1.385866297055344631e+01
7.156000000000000000e+09,8.020277945774978434e-04,-1.386053426967069058e+01
7.156066666666666985e+09,-2.476464169549963401e-02,-1.391123523299655140e+01
7.156133333333333015e+09,-3.291877968742085159e-03,-1.391489676310524359e+01
7.156200000000000000e+09,-1.366377134816865180e-02,-1.395040295032045385e+01
7.156266666666666985e+09,1.316296305472164363e-02,-1.394871050975334725e+01
7.156333333333333015e+09,-1.960586550831955321e-02,-1.400661363215183819e+01
7.156400000000000000e+09,-5.065055106506122229e-03,-1.401720711558547094e+01
7.156466666666666985e+09,-7.147621381609070568e-03,-1.404442397569635759e+01
7.156533333333333015e+09,-5.266208850425613264e-03,-1.406767685700062387e+01
7.156600000000000000e+09,-4.464268014189087808e-03,-1.409200921000017104e+01
7.156666666666666985e+09,-4.779573589354768615e-03,-1.411745880941112041e+01
7.156733333333333015e+09,-3.458875541530836983e-02,-1.417240228507252375e+01
7.156800000000000000e+09,-1.750532850893726788e-02,-1.418045315200160239e+01
7.156866666666666985e+09,-1.219755066231265062e-02,-1.420027966799076147e+01
7.156933333333333015e+09,8.046890452071409072e-04,-1.421241172211869142e+01
7.157000000000000000e+09,2.279648586489813056e-02,-1.421555421913478412e+01
7.157066666666666985e+09,4.186377020406695237e-03,-1.425929862181505925e+01
7.157133333333333015e+09,1.664667828483956669e-03,-1.428695462484243173e+01
7.157200000000000000e+09,5.350940805215032015e-03,-1.430840264570114684e+01
7.157266666666666985e+09,4.934884905685166245e-03,-1.433395299543646040e+01
7.157333333333333015e+09,2.126648194654912061e-02,-1.434275569223104618e+01
7.157400000000000000e+09,-2.252274793216635373e-02,-1.441167921594554535e+01
7.157466666666666985e+09,3.037245578418890091e-04,-1.441398703729132080e+01
7.157533333333333015e+09,-1.406583629748858755e-02,-1.445349089198210102e+01
7.157600000000000000e+09,8.552975137213536527e-03,-1.445600637438318259e+01
7.157666666666666985e+09,-1.100758256597700324e-02,-1.450070122592182287e+01
7.157733333333333015e+09,1.235696403109010078e-02,-1.450247097316020550e+01
7.157800000000000000e+09,-2.132530666296617028e-02,-1.456128753769004547e+01
7.157866666666666985e+09,-2.271192273688882324e-03,-1.456736771713655187e+01
7.157933333333333015e+09,-6.065136334148846231e-03,-1.459629595503246158e+01
7.158000000000000000e+09,-1.123179939653695669e-02,-1.462659691193063338e+01
7.158066666666666985e+09,-1.667360803127948543e-02,-1.465717301440082210e+01
7.158133333333333015e+09,-1.025268429304659890e-02,-1.467588638449803895e+01
7.158200000000000000e+09,1.738427279658694147e-02,-1.467338372124418910e+01
7.158266666666666985e+09,-1.415275295760309859e-02,-1.473005504083416284e+01
7.158333333333333015e+09,-4.387497049597399723e-03,-1.474542407876160688e+01
7.158400000000000000e+09,-8.006912293588186458e-03,-1.477417778784138136e+01
7.158466666666666985e+09,-2.227401344459600807e-02,-1.481357918282817288e+01
7.158533333333333015e+09,3.022382880516261139e-03,-1.481341708033817639e+01
7.158600000000000000e+09,-6.798742455323747436e-03,-1.484837249950980009e+01
7.158666666666666985e+09,-1.733234862099131135e-02,-1.488404039951125135e+01
7.158733333333333015e+09,-1.124427450476872536e-02,-1.490308661923047850e+01
7.158800000000000000e+09,-9.211568579788220745e-03,-1.492618820714128169e+01
7.158866666666666985e+09,8.452661959216456466e-03,-1.493365827043806071e+01
7.158933333333333015e+09,6.288759825832102024e-04,-1.496661635024980619e+01
7.159000000000000000e+09,-1.167042885077940184e-02,-1.500404994891895250e+01
7.159066666666666985e+09,3.103078411704984774e-03,-1.501441073549225180e+01
7.159133333333333015e+09,-2.973690939313655690e-03,-1.504562179867872018e+01
7.159200000000000000e+09,6.882765413170233160e-03,-1.506089963616201999e+01
7.159266666666666985e+09,7.760422571152503224e-04,-1.509214065315385866e+01
7.159333333333333015e+09,6.655395633188732063e-03,-1.511139559361290097e+01
7.159400000000000000e+09,-3.590731181825113083e-02,-1.517909259490012452e+01
7.159466666666666985e+09,-5.269657358724089136e-04,-1.516884654265352950e+01
7.159533333333333015e+09,1.261814881064537985e-02,-1.518083572194246145e+01
7.159600000000000000e+09,-9.093741360448603928e-04,-1.521949753872493538e+01
7.159666666666666985e+09,-1.721003508961693740e-02,-1.526093249351429115e+01
7.159733333333333015e+09,-2.225329209659854257e-02,-1.529111004435638499e+01
7.159800000000000000e+09,-8.657803330045510393e-04,-1.529485682642857469e+01
7.159866666666666985e+09,-7.956377226250310741e-03,-1.532708171715760415e+01
7.159933333333333015e+09,3.962852026988983312e-03,-1.534029678173981459e+01
7.160000000000000000e+09,-1.678176084139515467e-02,-1.538617568844398242e+01
7.160066666666666985e+09,-2.631134648404476195e-02,-1.542083956792241572e+01
7.160133333333333015e+09,-1.369425528091561262e-02,-1.543335677055440236e+01
7.160200000000000000e+09,2.029031267650083237e-03,-1.544276777784162036e+01
7.160266666666666985e+09,-1.752044468899605079e-02,-1.548745154763405019e+01
7.160333333333333015e+09,3.056967355856698987e-03,-1.549200842942464718e+01
7.160400000000000000e+09,2.511985362018442913e-02,-1.549507983699610314e+01
7.160466666666666985e+09,-2.524447493561510214e-02,-1.557057845938768637e+01
7.160533333333333015e+09,1.318576093323819975e-02,-1.555728251735427925e+01
7.160600000000000000e+09,-6.926669447247846279e-03,-1.560252924157021504e+01
7.160666666666666985e+09,-1.792346455458293519e-02,-1.563866033051333382e+01
7.160733333333333015e+09,-1.890877642202326570e-02,-1.566477993621622389e+01
7.160800000000000000e+09,-6.143168709140667261e-04,-1.567161977050089838e+01
7.160866666666666985e+09,-1.345812932119372363e-02,-1.570959787678696173e+01
7.160933333333333015e+09,-1.740705942305353915e-03,-1.572301474724352310e+01
7.161000000000000000e+09,-3.029815957132697690e-03,-1.574943815109380019e+01
7.161066666666666985e+09,-8.383306204500229342e-03,-1.577992593517695141e+01
7.161133333333333015e+09,-2.626351939741233821e-02,-1.582294044220531326e+01
7.161200000000000000e+09,-2.756937328407715881e-02,-1.584938058992776178e+01
7.161266666666666985e+09,-1.205645865866245003e-02,-1.585900196913813076e+01
7.161333333333333015e+09,-7.142293754263562278e-03,-1.587922209806918161e+01
7.161400000000000000e+09,9.286441112186238911e-03,-1.588792765703851551e+01
7.161466666666666985e+09,-2.076183340110127062e-02,-1.594311022538724920e+01
7.161533333333333015e+09,-2.133218421673355181e-02,-1.596881487003833122e+01
7.161600000000000000e+09,-1.809236026426574995e-03,-1.597442621568380794e+01
7.161666666666666985e+09,4.070440289003940393e-03,-1.599368083320416112e+01
7.161733333333333015e+09,-1.375975264180340218e-02,-1.603664531997041820e+01
7.161800000000000000e+09,2.494976506365986779e-03,-1.604552488465803251e+01
7.161866666666666985e+09,-2.009699409597232034e-02,-1.609325114909582055e+01
7.161933333333333015e+09,-1.548701555783082995e-02,-1.611377546439312880e+01
7.162000000000000000e+09,-1.981604564042882544e-02,-1.614323878831151049e+01
7.162066666666666985e+09,-1.359981418531575059e-02,-1.616215685069218111e+01
7.162133333333333015e+09,-5.118787108045808054e-03,-1.617881011745036091e+01
7.162200000000000000e+09,-2.827445380517801254e-02,-1.622710007798327680e+01
7.162266666666666985e+09,-3.860416350552497988e-02,-1.626256408151906996e+01
7.162333333333333015e+09,-2.324625566676985500e-02,-1.627234046751576457e+01
7.162400000000000000e+09,-1.054234266097608952e-02,-1.628477084834575450e+01
7.162466666666666985e+09,-1.434939560620662746e-02,-1.631371219512676873e+01
7.162533333333333015e+09,1.656221779153099760e-02,-1.630793487556448085e+01
7.162600000000000000e+09,2.513955300898373935e-03,-1.634711743189089717e+01
7.162666666666666985e+09,1.108152242046855918e-03,-1.637365752878553238e+01
7.162733333333333015e+09,7.274098852718680064e-04,-1.639917256497742315e+01
7.162800000000000000e+09,6.243377726200094457e-03,-1.641879089097227862e+01
7.162866666666666985e+09,-3.953111897102346006e-02,-1.648969968150528587e+01
7.162933333333333015e+09,-1.260525656085675905e-02,-1.648790811293056890e+01
7.163000000000000000e+09,-2.406430385520863524e-02,-1.652450145406070448e+01
7.163066666666666985e+09,-3.450997837524383272e-02,-1.656008142241652337e+01
7.163133333333333015e+09,-1.137782046366808686e-02,-1.656208355834005985e+01
7.163200000000000000e+09,-4.821847954765701161e-03,-1.658066187966694116e+01
7.163266666666666985e+09,-5.967176597867052124e-03,-1.660694150214582621e+01
7.163333333333333015e+09,-3.887707965454012538e-03,-1.662999632734886291e+01
7.163400000000000000e+09,9.661665089996773759e-03,-1.664158124812919581e+01
7.163466666666666985e+09,-1.786656082828130820e-03,-1.667816386313780441e+01
7.163533333333333015e+09,-1.854077688983579719e-02,-1.672005227777992786e+01
7.163600000000000000e+09,-1.163946907625401650e-02,-1.673828526380212978e+01
7.163666666666666985e+09,-2.313110482711522309e-02,-1.677491119338877468e+01
7.163733333333333015e+09,-7.939527634668763767e-03,-1.678485391003177796e+01
7.163800000000000000e+09,-2.299982419944868184e-02,-1.682504850043234157e+01
7.163866666666666985e+09,6.751383084541373591e-03,-1.682043158698413521e+01
7.163933333333333015e+09,-1.073397436478984446e-02,-1.686305123826857866e+01
7.164000000000000000e+09,1.316537284921537321e-03,-1.687613502045465097e+01
7.164066666666666985e+09,-7.001119062270078075e-03,-1.690958697063762628e+01
7.164133333333333015e+09,2.797920541912191084e-03,-1.692492222486889375e+01
7.164200000000000000e+09,-1.610844039160141961e-02,-1.696896287963819105e+01
7.164266666666666985e+09,-1.624945692683255061e-02,-1.699423819000920588e+01
7.164333333333333015e+09,-1.024736980687990240e-02,-1.701337039672470297e+01
7.164400000000000000e+09,-2.940014525536938095e-02,-1.705765746600864219e+01
7.164466666666666985e+09,-5.466402657141600230e-04,-1.705393825485477066e+01
7.164533333333333015e+09,-1.095563894498141622e-02,-1.708948154736948766e+01
7.164600000000000000e+09,2.792001671505062177e-03,-1.710086820058878487e+01
7.164666666666666985e+09,-3.002862650106763454e-02,-1.715882312259714126e+01
7.164733333333333015e+09,7.185908089589077008e-03,-1.714674288184193074e+01
7.164800000000000000e+09,-9.966889171767689959e-03,-1.718902997293873725e+01
7.164866666666666985e+09,-1.592714740103318150e-02,-1.722012452500378643e+01
7.164933333333333015e+09,-2.230038612547957655e-02,-1.725163205756368257e+01
7.165000000000000000e+09,-6.388623730522624555e-03,-1.726085458900450931e+01
7.165066666666666985e+09,-5.395935469131529771e-03,-1.728499619457890191e+01
7.165133333333333015e+09,-2.752327259313958052e-02,-1.733225782553835970e+01
7.165200000000000000e+09,-1.388245066801019334e-02,-1.734375129744868005e+01
7.165266666666666985e+09,5.194617002405976791e-03,-1.734980852361404757e+01
7.165333333333333015e+09,5.424701018057476176e-03,-1.737471273343384581e+01
7.165400000000000000e+09,-4.611898795477742397e-02,-1.745139071624246441e+01
7.165466666666666985e+09,2.270655137735033691e-02,-1.740769947074612034e+01
7.165533333333333015e+09,2.693065659838822512e-02,-1.742860965936052864e+01
7.165600000000000000e+09,1.367069058844805340e-02,-1.746700391920625250e+01
7.165666666666666985e+09,1.093338870832383236e-02,-1.749487551492182646e+01
7.165733333333333015e+09,-1.363193977546117708e-02,-1.754457513724106121e+01
7.165800000000000000e+09,-4.266437071166251371e-03,-1.756034392837254998e+01
7.165866666666666985e+09,-1.936469222875203400e-02,-1.760057647736591946e+01
7.165933333333333015e+09,-2.239022485542818686e-02,-1.762873630382804535e+01
7.166000000000000000e+09,1.618260127288095873e-02,-1.761529777153551990e+01
7.166066666666666985e+09,1.198691616357194789e-02,-1.764462775048027865e+01
7.166133333333333015e+09,-6.650849547572335041e-03,-1.768839981002687267e+01
7.166200000000000000e+09,5.949287547604598103e-03,-1.770093396676747943e+01
7.166266666666666985e+09,3.484786737907086263e-03,-1.772853276141296064e+01
7.166333333333333015e+09,-2.746851794903548694e-02,-1.778462035993534940e+01
7.166400000000000000e+09,-4.015897608926621842e-03,-1.778630203343102778e+01
7.166466666666666985e+09,-1.867869940734223633e-02,-1.782609912906488958e+01
7.166533333333333015e+09,1.248836715413403908e-02,-1.782006635633886305e+01
7.166600000000000000e+09,-1.502097428714677108e-02,-1.787270999161592755e+01
7.166666666666666985e+09,1.864168859009396328e-02,-1.786418162257447051e+01
7.166733333333333015e+09,-1.544166778495181802e-02,-1.792339927278496603e+01
7.166800000000000000e+09,-3.539630246361724630e-03,-1.793663152908215963e+01
7.166866666666666985e+09,-9.495294780894170117e-03,-1.796772148745247577e+01
7.166933333333333015e+09,-1.024034355890890424e-02,-1.799360083006560629e+01
7.167000000000000000e+09,9.229349333136127598e-03,-1.799926543100934495e+01
7.167066666666666985e+09,-1.920433331751070227e-03,-1.803554950751001584e+01
7.167133333333333015e+09,-3.790878875339132037e-03,-1.806255424688905009e+01
7.167200000000000000e+09,6.165124594197379793e-04,-1.808328114939007847e+01
7.167266666666666985e+09,-2.461931094094893524e-02,-1.813365126662623084e+01
7.167333333333333015e+09,-3.262436402913237998e-03,-1.813742868592330737e+01
7.167400000000000000e+09,-2.436933508610650279e-02,-1.818366987844228433e+01
7.167466666666666985e+09,5.317781621048567331e-03,-1.817911705557091295e+01
7.167533333333333015e+09,-2.088627552939570364e-02,-1.823045540655680696e+01
7.167600000000000000e+09,-2.934569209371673537e-02,-1.826404911695691169e+01
7.167666666666666985e+09,-1.010974828468391706e-02,-1.826994746698366257e+01
7.167733333333333015e+09,-2.324911918378802511e-04,-1.828520450372593231e+01
7.167800000000000000e+09,1.233127782633403058e-03,-1.830887317858724472e+01
7.167866666666666985e+09,-6.177933069178465075e-03,-1.834141853327484029e+01
7.167933333333333015e+09,-1.043455052317199261e-02,-1.837080944456428000e+01
7.168000000000000000e+09,-2.503720238312467927e-03,-1.838801290811520772e+01
7.168066666666666985e+09,-1.987630776638837915e-02,-1.843051978947906733e+01
7.168133333333333015e+09,-9.561973069693863181e-03,-1.844533974861748504e+01
7.168200000000000000e+09,-7.865385160943816345e-03,-1.846877745454451869e+01
7.168266666666666985e+09,-1.601649961478557316e-02,-1.850206286283414414e+01
7.168333333333333015e+09,1.129722231522123366e-02,-1.849988343473958707e+01
7.168400000000000000e+09,-3.458064093385715410e-02,-1.857089559182444916e+01
7.168466666666666985e+09,1.760003275712662685e-02,-1.854384921196924907e+01
7.168533333333333015e+09,-3.044098214715873496e-02,-1.861702452070898417e+01
7.168600000000000000e+09,-1.281653205075272695e-02,-1.862453436444802790e+01
7.168666666666666985e+09,-1.667923736109599986e-02,-1.865353136359415487e+01
7.168733333333333015e+09,-9.874017130862000613e-03,-1.867186043719937061e+01
7.168800000000000000e+09,-2.977615782278064671e-04,-1.868741847548252011e+01
7.168866666666666985e+09,1.729697848030653518e-02,-1.869495802925976946e+01
7.168933333333333015e+09,-1.468528038737915153e-02,-1.875207458196290133e+01
7.169000000000000000e+09,-5.486062678116354618e-03,-1.876800965808908828e+01
7.169066666666666985e+09,-3.073135367532842110e-03,-1.879073102461428846e+01
7.169133333333333015e+09,3.528902431249036908e-04,-1.881243929283908045e+01
7.169200000000000000e+09,-2.862661258447474211e-02,-1.886655308950246379e+01
7.169266666666666985e+09,-2.431624067041582293e-02,-1.888737701142418857e+01
7.169333333333333015e+09,-2.406014927287358773e-02,-1.891225521386209607e+01
7.169400000000000000e+09,1.915520864923792033e-02,-1.889417414977576826e+01
7.169466666666666985e+09,-9.841694155621638629e-03,-1.894830534641607755e+01
7.169533333333333015e+09,-8.230952046304196301e-03,-1.897182889814220985e+01
7.169600000000000000e+09,-2.969690363743282546e-02,-1.901842914356912217e+01
7.169666666666666985e+09,2.742236433075362356e-03,-1.901112429733439768e+01
7.169733333333333015e+09,-1.981177958160884600e-02,-1.905881260718452808e+01
7.169800000000000000e+09,-2.168049199270782879e-02,-1.908581561343141075e+01
7.169866666666666985e+09,-7.457895240211342980e-03,-1.909672731051436401e+01
7.169933333333333015e+09,-9.013620065378091795e-03,-1.912341732917498049e+01
7.170000000000000000e+09,-4.342532849801017392e-03,-1.914388053579518711e+01
7.170066666666666985e+09,-4.072483986990249605e-02,-1.920539713665107229e+01
7.170133333333333015e+09,2.048238454910489281e-02,-1.916932420606751464e+01
7.170200000000000000e+09,-9.128303803059623078e-03,-1.922406918825546285e+01
7.170266666666666985e+09,-8.560775362393968635e-03,-1.924863595365024693e+01
7.170333333333333015e+09,-2.070352846828882321e-03,-1.926727982497013159e+01
7.170400000000000000e+09,-3.661894310461377700e-03,-1.929400566026954777e+01
7.170466666666666985e+09,-1.824099494881181727e-02,-1.933371905474368191e+01
7.170533333333333015e+09,-9.471489340661776168e-03,-1.935008384297097805e+01
7.170600000000000000e+09,-1.681185606840429614e-02,-1.938255850353450427e+01
7.170666666666666985e+09,3.185548039716934454e-04,-1.939056238649791553e+01
7.170733333333333015e+09,4.076285390979705880e-03,-1.941193894974601974e+01
7.170800000000000000e+09,-1.924305900575618011e-02,-1.946039258797853932e+01
7.170866666666666985e+09,1.959474774937675079e-02,-1.944668907505919009e+01
7.170933333333333015e+09,-3.587066814532136050e-04,-1.949177682332546979e+01
7.171000000000000000e+09,1.597386770547259971e-02,-1.950057854277432767e+01
7.171066666666666985e+09,-2.033844042512100714e-02,-1.956202514474070497e+01
7.171133333333333015e+09,8.063061727767717457e-04,-1.956601469197792298e+01
7.171200000000000000e+09,4.295109075812320043e-03,-1.958766018291067113e+01
7.171266666666666985e+09,-1.337838988259676398e-02,-1.963046797570486390e+01
7.171333333333333015e+09,1.327280663332430777e-04,-1.964209115159138008e+01
7.171400000000000000e+09,-2.356806867261695970e-03,-1.966971498036075872e+01
7.171466666666666985e+09,-7.328341161983331631e-03,-1.969982080849126760e+01
7.171533333333333015e+09,-2.523409256292197256e-02,-1.974286085372731847e+01
7.171600000000000000e+09,-4.385362701061268353e-03,-1.974714641770124146e+01
7.171666666666666985e+09,-3.778776569649977546e-03,-1.977167412540561386e+01
7.171733333333333015e+09,-1.822617242558166595e-02,-1.981125581509699529e+01
7.171800000000000000e+09,-3.262573266603396860e-03,-1.982142650977380072e+01
7.171866666666666985e+09,3.920518646296500265e-04,-1.984290617847835136e+01
7.171933333333333015e+09,-9.890464715198277190e-03,-1.987832298889329508e+01
7.172000000000000000e+09,4.078065483405168834e-03,-1.988948875253047532e+01
7.172066666666666985e+09,-7.035955706232499551e-03,-1.992573706755589669e+01
7.172133333333333015e+09,-2.004185463806962275e-02,-1.996387726032318000e+01
7.172200000000000000e+09,7.218863141158493590e-03,-1.996175083637973557e+01
7.172266666666666985e+09,1.690437881503115136e-02,-1.997719961454165016e+01
7.172333333333333015e+09,-1.292748663007259324e-02,-2.003216577382220009e+01
7.172400000000000000e+09,-4.166084843554784811e-02,-2.008603342946312509e+01
7.172466666666666985e+09,-1.865201954163708820e-02,-2.008815889440499802e+01
7.172533333333333015e+09,3.756588073143163342e-02,-2.005707528796737904e+01
7.172600000000000000e+09,-1.140977313811220029e-02,-2.013118523567270657e+01
7.172666666666666985e+09,4.412264939656296292e-03,-2.014049749143072177e+01
7.172733333333333015e+09,-1.533646216484996216e-02,-2.018538051237067776e+01
7.172800000000000000e+09,-3.571708061906520015e-02,-2.023089542466034274e+01
7.172866666666666985e+09,-1.512483838881095721e-02,-2.023543747626587219e+01
7.172933333333333015e+09,-1.031767778840730898e-02,-2.025576460950091473e+01
7.173000000000000000e+09,-9.529304130271754047e-03,-2.028011052967856642e+01
7.173066666666666985e+09,1.050465465038641355e-02,-2.028521086473369195e+01
7.173133333333333015e+09,-6.051300125538006114e-03,-2.032690111334506256e+01
7.173200000000000000e+09,-6.427298600677033846e-03,-2.035241140565565132e+01
7.173266666666666985e+09,-1.685167400287213013e-02,-2.038797007489363011e+01
7.173333333333333015e+09,-3.654403670413586269e-03,-2.039990709839662131e+01
7.173400000000000000e+09,-7.983234738865974123e-03,-2.042937022330085739e+01
7.173466666666666985e+09,-1.177464468053912583e-02,-2.045829592707831424e+01
7.173533333333333015e+09,-1.949681227435817732e-02,-2.049115238850758303e+01
7.173600000000000000e+09,9.169652489653401517e-03,-2.048762021757935514e+01
7.173666666666666985e+09,2.133920384532217440e-02,-2.050058496005913611e+01
7.173733333333333015e+09,-8.813471108560122502e-03,-2.055587192884846459e+01
7.173800000000000000e+09,-3.465155566168220957e-03,-2.057565790714185994e+01
7.173866666666666985e+09,-1.388934461481738936e-02,-2.061121639002629280e+01
7.173933333333333015e+09,8.030981370090728433e-04,-2.062165824110991252e+01
7.174000000000000000e+09,1.256630294285443483e-02,-2.063502933013985086e+01
7.174066666666666985e+09,-1.037238659821682063e-02,-2.068310231351637185e+01
7.174133333333333015e+09,-1.054698987728031057e-02,-2.070841121063088508e+01
7.174200000000000000e+09,-2.069933778843946470e-02,-2.074369785237782793e+01
7.174266666666666985e+09,-2.874793269860731471e-02,-2.077688074112377947e+01
7.174333333333333015e+09,-2.929690126610040579e-03,-2.077619679238723194e+01
7.174400000000000000e+09,-2.770656189796483204e-02,-2.082610795799437042e+01
7.174466666666666985e+09,-3.591834044799568915e-02,-2.085945403037985102e+01
7.174533333333333015e+09,-2.921280419719352039e-02,-2.087788278796449504e+01
7.174600000000000000e+09,-2.858951923272812223e-02,-2.090239379683581689e+01
7.174666666666666985e+09,-2.488194281255573514e-02,-2.092382051425142819e+01
7.174733333333333015e+09,-1.216647670273829362e-02,-2.093623934197705694e+01
7.174800000000000000e+09,-6.786858665368100674e-03,-2.095599401777547044e+01
7.174866666666666985e+09,-2.495058155908935760e-02,-2.099929203450497539e+01
7.174933333333333015e+09,-1.761763181442788095e-02,-2.101709337859542970e+01
7.175000000000000000e+09,-3.377821215661569454e-02,-2.105838825277340121e+01
7.175066666666666985e+09,-2.707766730640770447e-03,-2.105245210118320998e+01
7.175133333333333015e+09,-1.605965752661475676e-02,-2.109093828581463370e+01
7.175200000000000000e+09,-4.106058880800844690e-03,-2.110411898100460348e+01
7.175266666666666985e+09,-6.848062235825125299e-03,-2.113199527819541146e+01
7.175333333333333015e+09,-2.762477515237549142e-02,-2.117790628494707761e+01
7.175400000000000000e+09,-2.087285241118053136e-02,-2.119628865604166634e+01
7.175466666666666985e+09,-2.623825851852501501e-03,-2.120317392331812201e+01
7.175533333333333015e+09,-7.815149811236210553e-03,-2.123349954111295190e+01
7.175600000000000000e+09,-1.432367796422084893e-02,-2.126514236310172024e+01
7.175666666666666985e+09,-1.681173294165816401e-02,-2.129276471191494124e+01
7.175733333333333015e+09,-1.987016281317721678e-02,-2.132095743562157608e+01
7.175800000000000000e+09,-4.580747567274556786e-03,-2.133080231421145712e+01
7.175866666666666985e+09,8.462630204785881460e-03,-2.134289323027518037e+01
7.175933333333333015e+09,-2.157495741389325872e-02,-2.139806511172930925e+01
7.176000000000000000e+09,1.148896610061456158e-02,-2.139013548205058513e+01
7.176066666666666985e+09,-3.572267596102207676e-02,-2.146248141794800546e+01
7.176133333333333015e+09,-5.052680994921843194e-03,-2.145694571681702101e+01
7.176200000000000000e+09,-1.070824934435066211e-02,-2.148773557900223352e+01
7.176266666666666985e+09,-1.626760967414853098e-02,-2.151842923316781508e+01
7.176333333333333015e+09,-7.532928712450370767e-03,-2.153482884604156311e+01
7.176400000000000000e+09,-6.039669151469695407e-03,-2.155846988031636613e+01
7.176466666666666985e+09,6.580202227258524772e-03,-2.157098430277342160e+01
7.176533333333333015e+09,-2.389018039007950733e-02,-2.162658897922620937e+01
7.176600000000000000e+09,-3.847253669577099799e-02,-2.166630562936735060e+01
7.176666666666666985e+09,-6.630549537185004283e-03,-2.165959793604454831e+01
7.176733333333333015e+09,-1.602873627362555453e-03,-2.167970455397017560e+01
7.176800000000000000e+09,-1.252412452608098192e-02,-2.171576009870467772e+01
7.176866666666666985e+09,-3.086751251996844303e-02,-2.175923778053434887e+01
7.176933333333333015e+09,-3.118486988962132500e-02,-2.178468943173945149e+01
7.177000000000000000e+09,-3.520692560213944944e-02,-2.181384578128741936e+01
7.177066666666666985e+09,-4.160224435601378445e-02,-2.184537539387707739e+01
7.177133333333333015e+09,-3.102554505381505123e-02,-2.185993298841032484e+01
7.177200000000000000e+09,-2.622095015383862915e-02,-2.188026268734613211e+01
7.177266666666666985e+09,-1.644910060452531297e-03,-2.188082094108853326e+01
7.177333333333333015e+09,-1.999181858345266960e-02,-2.192430214344697958e+01
7.177400000000000000e+09,-3.448269183097352197e-02,-2.196392731052995018e+01
7.177466666666666985e+09,-1.142922639124677175e-02,-2.196600813892600712e+01
7.177533333333333015e+09,-7.602921772154047630e-03,-2.198731612814236414e+01
7.177600000000000000e+09,-2.197841761429231155e-02,-2.202682591782028609e+01
7.177666666666666985e+09,-1.517763873101429795e-02,-2.204515943277279177e+01
7.177733333333333015e+09,-2.994916694827409742e-02,-2.208506525482550131e+01
7.177800000000000000e+09,-1.573387541042592375e-02,-2.209598425712343683e+01
7.177866666666666985e+09,-2.723089555899349534e-02,-2.213261557110745414e+01
7.177933333333333015e+09,-2.355647550684381031e-02,-2.215407544489075065e+01
7.178000000000000000e+09,-3.930605298140577020e-02,-2.219495931620109630e+01
7.178066666666666985e+09,-2.616877307440645950e-02,-2.220695633012988424e+01
7.178133333333333015e+09,-3.721002783197846497e-02,-2.224313187872290243e+01
7.178200000000000000e+09,-2.720390578418729888e-02,-2.225826005051089496e+01
7.178266666666666985e+09,-2.519541198001107318e-02,-2.228138585054216847e+01
7.178333333333333015e+09,-2.896132402110751514e-02,-2.231028605641871465e+01
7.178400000000000000e+09,-5.266066516354683813e-02,-2.235911969139693767e+01
7.178466666666666985e+09,-3.924846668974169006e-02,-2.237084178675891621e+01
7.178533333333333015e+09,-4.606081111757376334e-02,-2.240278842502219803e+01
7.178600000000000000e+09,-5.199907778666812419e-02,-2.243386098552707608e+01
7.178666666666666985e+09,-4.142251544914898886e-02,-2.244841871702534064e+01
7.178733333333333015e+09,-2.262372487946251454e-02,-2.245475422029076640e+01
7.178800000000000000e+09,-3.010294112275246903e-02,-2.248736773036984005e+01
7.178866666666666985e+09,-6.631700474517288058e-02,-2.254871608782804770e+01
7.178933333333333015e+09,-1.413517959563748150e-02,-2.252166855651395849e+01
7.179000000000000000e+09,-4.627825833851773041e-02,-2.257894592909262244e+01
7.179066666666666985e+09,-4.432904579340757323e-02,-2.260213101038329597e+01
7.179133333333333015e+09,-5.340260562057252969e-02,-2.263633886404557671e+01
7.179200000000000000e+09,-3.904369492228809690e-02,-2.264711424718307597e+01
7.179266666666666985e+09,-5.855675641880964122e-02,-2.269176160251538121e+01
7.179333333333333015e+09,-3.146849826631026303e-02,-2.268980763819833157e+01
7.179400000000000000e+09,-5.494580315336961007e-02,-2.273841923692117462e+01
7.179466666666666985e+09,-4.118844931215193128e-02,-2.274979617691574063e+01
7.179533333333333015e+09,-5.828782840078972072e-02,-2.279202984983949065e+01
7.179600000000000000e+09,-7.342898394857755306e-02,-2.283230529922306573e+01
7.179666666666666985e+09,-6.568066217889168001e-02,-2.284969127128916355e+01
7.179733333333333015e+09,-6.951875875926916137e-02,-2.287866366170498722e+01
7.179800000000000000e+09,-4.566990878333143655e-02,-2.287994910556483319e+01
7.179866666666666985e+09,-5.580488179916898162e-02,-2.291521837241645443e+01
7.179933333333333015e+09,-7.503333755941454797e-02,-2.295958112201181578e+01
7.180000000000000000e+09,-7.141713211120404026e-02,-2.298109921039938897e+01
7.180066666666666985e+09,-6.986600060919911925e-02,-2.300468237273316774e+01
7.180133333333333015e+09,-6.982824789934127807e-02,-2.302977891385875964e+01
7.180200000000000000e+09,-8.215590552867979568e-02,-2.306724086532388185e+01
7.180266666666666985e+09,-7.711950618050877893e-02,-2.308733875981149453e+01
7.180333333333333015e+09,-1.000943878683671073e-01,-2.313544793533480259e+01
7.180400000000000000e+09,-8.653041720067022879e-02,-2.314701825850255545e+01
7.180466666666666985e+09,-1.198371042936052788e-01,-2.320545923943127420e+01
7.180533333333333015e+09,-9.906354495785052450e-02,-2.320981997393096563e+01
7.180600000000000000e+09,-1.084857110441959094e-01,-2.324437643385309471e+01
7.180666666666666985e+09,-1.179518888067505600e-01,-2.327897690545143305e+01
7.180733333333333015e+09,-1.371309049951854320e-01,-2.332329021547531767e+01
7.180800000000000000e+09,-1.355946678554502682e-01,-2.334688827217103224e+01
7.180866666666666985e+09,-1.757728448395141641e-01,-2.341220074299087983e+01
7.180933333333333015e+09,-1.513785809365124635e-01,-2.341294077292332787e+01
7.181000000000000000e+09,-1.655825703838118557e-01,-2.345227905620641096e+01
7.181066666666666985e+09,-1.850176540353061228e-01,-2.349684843369368892e+01
7.181133333333333015e+09,-2.501291261725491211e-01,-2.358709419966638166e+01
7.181200000000000000e+09,-3.066589379838440266e-01,-2.366875830531312630e+01
7.181266666666666985e+09,-1.402423849847203030e-01,-2.352747604614978627e+01
7.181333333333333015e+09,4.191822112164125258e-01,-2.299318574378409963e+01
7.181400000000000000e+09,3.286140961364090174e-01,-2.310888815269988683e+01
7.181466666666666985e+09,2.276117732884053169e-01,-2.323502476938367423e+01
7.181533333333333015e+09,1.583813523583721405e-01,-2.332938948414915714e+01
7.181600000000000000e+09,1.648581605587189358e-01,-2.334804696978459404e+01
7.181666666666666985e+09,1.163830779821815042e-01,-2.342165634619658121e+01
7.181733333333333015e+09,1.064760947906719935e-01,-2.345669762322354046e+01
7.181800000000000000e+09,9.916064159751059037e-02,-2.348914737025248556e+01
7.181866666666666985e+09,8.295419836232653665e-02,-2.353048810732345331e+01
7.181933333333333015e+09,9.118372610964797786e-02,-2.354739287341158160e+01
7.182000000000000000e+09,6.335496853778010973e-02,-2.360035592481923317e+01
7.182066666666666985e+09,6.907021482975750359e-02,-2.361977497236270551e+01
7.182133333333333015e+09,5.804577474484418076e-02,-2.365593370628306502e+01
7.182200000000000000e+09,8.127854653309540822e-02,-2.365783522833059749e+01
7.182266666666666985e+09,5.217906936993088607e-02,-2.371206899932954570e+01
7.182333333333333015e+09,3.341928330100074618e-02,-2.375596307923392558e+01
7.182400000000000000e+09,6.775034946593905261e-02,-2.374676630690477097e+01
7.182466666666666985e+09,5.670398580708990721e-02,-2.378294696439906986e+01
7.182533333333333015e+09,4.180801079511553553e-02,-2.382297723324649397e+01
7.182600000000000000e+09,3.461525304894408350e-02,-2.385530428482844911e+01
7.182666666666666985e+09,1.854415703173728502e-02,-2.389650967468143961e+01
7.182733333333333015e+09,2.256523854309477883e-02,-2.391762288700553185e+01
7.182800000000000000e+09,4.681363743099353769e-02,-2.391850878195341679e+01
7.182866666666666985e+09,1.129221918046852124e-02,-2.397916449403972550e+01
7.182933333333333015e+09,3.847135158826020529e-02,-2.397711965546704604e+01
7.183000000000000000e+09,3.691729393868925513e-02,-2.400380800695240069e+01
7.183066666666666985e+09,1.565639608582714004e-02,-2.405020319864104650e+01
7.183133333333333015e+09,4.227103048549807340e-02,-2.404872285807682530e+01
7.183200000000000000e+09,1.950187773188716278e-02,-2.409662630466621991e+01
7.183266666666666985e+09,3.502847780578477455e-02,-2.410623399842810599e+01
7.183333333333333015e+09,-1.244217864865504453e-02,-2.417883894871766159e+01
7.183400000000000000e+09,3.324962357945793201e-02,-2.415828144032533231e+01
7.183466666666666985e+09,7.168129467771677810e-06,-2.421665818961110617e+01
7.183533333333333015e+09,1.398358795217546913e-03,-2.424040129278080613e+01
7.183600000000000000e+09,-1.053849478689627972e-02,-2.427747244019870365e+01
7.183666666666666985e+09,4.273439662433986541e-03,-2.428779479958515708e+01
7.183733333333333015e+09,1.865729287460027308e-02,-2.429854524020810658e+01
7.183800000000000000e+09,3.591697823974371317e-02,-2.430641984867874683e+01
7.183866666666666985e+09,4.239837897574716408e-02,-2.432507274177852707e+01
7.183933333333333015e+09,1.934752101823278281e-02,-2.437325789357149119e+01
7.184000000000000000e+09,-1.154574376680628234e-02,-2.442928545219231395e+01
7.184066666666666985e+09,4.779217664328427873e-03,-2.443809478459696294e+01
7.184133333333333015e+09,1.099349057424703346e-02,-2.445701480552215656e+01
7.184200000000000000e+09,1.675280420078095744e-02,-2.447638978573140633e+01
7.184266666666666985e+09,-2.007476218981452121e-02,-2.453835164595778551e+01
7.184333333333333015e+09,-6.847186431134133500e-03,-2.455025836403455486e+01
7.184400000000000000e+09,2.793074814232099357e-02,-2.454061472329688343e+01
7.184466666666666985e+09,1.159006871202450384e-02,-2.458208969656296361e+01
7.184533333333333015e+09,7.702119906447535413e-04,-2.461804384711978955e+01
7.184600000000000000e+09,4.265633827319703641e-03,-2.463968271911856434e+01
7.184666666666666985e+09,-5.362245768928630696e-03,-2.467444489255059636e+01
7.184733333333333015e+09,-1.076644304921003936e-02,-2.470498338366632751e+01
7.184800000000000000e+09,-3.824873702139797160e-03,-2.472317610815504096e+01
7.184866666666666985e+09,-8.687754474106412772e-03,-2.475317328276279127e+01
7.184933333333333015e+09,1.013818013761280667e-02,-2.475948164198652179e+01
7.185000000000000000e+09,1.968791410384085339e-02,-2.477506620185574349e+01
7.185066666666666985e+09,-4.648781822552905396e-03,-2.482453719161792094e+01
7.185133333333333015e+09,2.336755839635884513e-03,-2.484268594779118189e+01
7.185200000000000000e+09,-8.407663404774723404e-03,-2.487856466087137619e+01
7.185266666666666985e+09,-2.046427768892300492e-02,-2.491575556899130817e+01
7.185333333333333015e+09,-1.336408775383546299e-03,-2.492176199391321845e+01
7.185400000000000000e+09,7.438940418051487313e-03,-2.493812093855523315e+01
7.185466666666666985e+09,-1.044779105583870660e-03,-2.497173895191465220e+01
7.185533333333333015e+09,1.326253008067368455e-02,-2.498256593656384439e+01
7.185600000000000000e+09,-1.240997864103121628e-02,-2.503337273912133298e+01
7.185666666666666985e+09,-1.080008785474007027e-02,-2.505689714217082553e+01
7.185733333333333015e+09,1.498261211544615890e-02,-2.505624873603608549e+01
7.185800000000000000e+09,3.871758713291484355e-03,-2.509249388327402741e+01
7.185866666666666985e+09,1.695835188265704119e-02,-2.510454158394010804e+01
7.185933333333333015e+09,-4.446581611119881927e-03,-2.515108081126933470e+01
7.186000000000000000e+09,-1.247893175486325390e-02,-2.518424745524886177e+01
7.186066666666666985e+09,1.501768278517090494e-02,-2.518188513454461130e+01
7.186133333333333015e+09,-3.461641564455320008e-02,-2.525665352680978160e+01
7.186200000000000000e+09,-1.096360360138248780e-02,-2.525813500860239813e+01
7.186266666666666985e+09,9.104552462602555352e-03,-2.526320114637385927e+01
7.186333333333333015e+09,-1.905763857240927450e-02,-2.531649763124432084e+01
7.186400000000000000e+09,-4.758345925583995495e-03,-2.532733263243327926e+01
7.186466666666666985e+09,2.424672520964676892e-02,-2.532346185513383219e+01
7.186533333333333015e+09,-7.201852282147314099e-03,-2.538004472646107601e+01
7.186600000000000000e+09,-1.967558806834901475e-02,-2.541765275608306140e+01
7.186666666666666985e+09,-3.173676392691504589e-03,-2.542628513824318759e+01
7.186733333333333015e+09,7.782794767500433863e-03,-2.544046296091811143e+01
7.186800000000000000e+09,5.764289864742977443e-03,-2.546761575965665259e+01
7.186866666666666985e+09,2.944917100993649228e-02,-2.546906517234724276e+01
7.186933333333333015e+09,8.295206699678203677e-03,-2.551535343049295079e+01
7.187000000000000000e+09,1.500847041448949426e-02,-2.553377446061392320e+01
7.187066666666666985e+09,-1.468740736016371784e-02,-2.558860463222436010e+01
7.187133333333333015e+09,-9.550514729088632748e-03,-2.560860203342840080e+01
7.187200000000000000e+09,-5.870136318261387487e-03,-2.563005594885335725e+01
7.187266666666666985e+09,-2.784907814224979461e-02,-2.567716918451312935e+01
7.187333333333333015e+09,-1.673454781706595895e-02,-2.569118894802339170e+01
7.187400000000000000e+09,-1.292969691554546330e-02,-2.571251839095765845e+01
7.187466666666666985e+09,-1.436815441963190665e-02,-2.573909114229752859e+01
7.187533333333333015e+09,1.144501527922159312e-02,-2.573841226643378732e+01
7.187600000000000000e+09,-1.116431210461144019e-02,-2.578615588765340405e+01
7.187666666666666985e+09,-2.961135302133044434e-03,-2.580308700468670935e+01
7.187733333333333015e+09,-2.483829766109835191e-03,-2.582774399298613588e+01
7.187800000000000000e+09,2.255427736685078344e-03,-2.584813902931912466e+01
7.187866666666666985e+09,-1.188946666998091928e-02,-2.588741821756157435e+01
7.187933333333333015e+09,-3.566646729151301543e-03,-2.590422969145585697e+01
7.188000000000000000e+09,1.872395684014094286e-03,-2.592392494287847526e+01
7.188066666666666985e+09,-1.378869923840397860e-03,-2.595231050232211345e+01
7.188133333333333015e+09,-2.289984135261846632e-02,-2.599896576758634126e+01
7.188200000000000000e+09,-2.008351096959515303e-02,-2.602128373103910164e+01
7.188266666666666985e+09,-1.346786104623376445e-02,-2.603980237495152394e+01
7.188333333333333015e+09,-3.411686386417756012e-03,-2.605488049412682372e+01
7.188400000000000000e+09,-4.043948150732035174e-02,-2.611704258308351001e+01
7.188466666666666985e+09,1.316066928113102108e-02,-2.608857672613084233e+01
7.188533333333333015e+09,7.989239908198442208e-03,-2.611888244933922465e+01
7.188600000000000000e+09,1.547333281886409395e-02,-2.613653265026434269e+01
7.188666666666666985e+09,2.698595624300281770e-02,-2.615015432067598766e+01
7.188733333333333015e+09,-8.839665006359354038e-03,-2.621111423576079957e+01
7.188800000000000000e+09,7.731027132528822676e-03,-2.621967783745736114e+01
7.188866666666666985e+09,1.690949918067730096e-03,-2.625085220850760592e+01
7.188933333333333015e+09,-2.822710056976163173e-02,-2.630590455283088502e+01
7.189000000000000000e+09,-1.939930236608944369e-02,-2.632221104846299653e+01
7.189066666666666985e+09,2.283974183928449975e-02,-2.630510629809340628e+01
7.189133333333333015e+09,-1.163079499388430804e-02,-2.636471112876202127e+01
7.189200000000000000e+09,-2.841055106001988406e-02,-2.640662517866360659e+01
7.189266666666666985e+09,8.906201939417712765e-03,-2.639444271949995269e+01
7.189333333333333015e+09,-1.754844359510343565e-03,-2.643023805963433048e+01
7.189400000000000000e+09,-2.779885254039271558e-03,-2.645639739436464311e+01
7.189466666666666985e+09,4.005798161522022838e-03,-2.647474600478486551e+01
7.189533333333333015e+09,-2.747601448207959152e-02,-2.653136211126391331e+01
7.189600000000000000e+09,6.507961370999737483e-03,-2.652251242924661767e+01
7.189666666666666985e+09,1.752738496819006286e-03,-2.655240194595624814e+01
7.189733333333333015e+09,-2.435255668681790553e-02,-2.660364153497533479e+01
7.189800000000000000e+09,-2.251816507273929346e-02,-2.662694143719703987e+01
7.189866666666666985e+09,-4.861399661070464617e-03,-2.663441896562115474e+01
7.189933333333333015e+09,-1.036553166921549973e-02,-2.666505739146474951e+01
7.190000000000000000e+09,-1.272468249235814142e-02,-2.669255083612367585e+01
7.190066666666666985e+09,-2.549671005878551000e-02,-2.673045715752555296e+01
7.190133333333333015e+09,4.545872713030973955e-03,-2.672554886858918621e+01
7.190200000000000000e+09,3.240440157935253751e-02,-2.672282463355864834e+01
7.190266666666666985e+09,8.598895198794309636e-03,-2.677176443377499027e+01
7.190333333333333015e+09,-2.272171788263577241e-02,-2.682821934069187009e+01
7.190400000000000000e+09,6.667572810773236824e-03,-2.682396434383424477e+01
7.190466666666666985e+09,-4.878109796422336331e-03,-2.686064432027689008e+01
7.190533333333333015e+09,2.389457924095950148e-03,-2.687851104639182154e+01
7.190600000000000000e+09,-2.137771856087766764e-02,-2.692741251671257885e+01
7.190666666666666985e+09,-1.446264187423551562e-02,-2.694563173386172039e+01
7.190733333333333015e+09,2.081983260677233716e-02,-2.693548355321615873e+01
7.190800000000000000e+09,-3.230276943906318365e-03,-2.698466795660262108e+01
7.190866666666666985e+09,-8.366888372162151200e-03,-2.701493886186666415e+01
7.190933333333333015e+09,-6.673377779307543278e-03,-2.703837964510892178e+01
7.191000000000000000e+09,-9.061153722711878800e-03,-2.706590171488810981e+01
7.191066666666666985e+09,1.664091319569038774e-02,-2.706533394180549124e+01
7.191133333333333015e+09,1.118164025312395893e-02,-2.709592750858350385e+01
7.191200000000000000e+09,-1.891833614921623052e-02,-2.715116177882162773e+01
7.191266666666666985e+09,-1.187848850153727653e-02,-2.716925622500973603e+01
7.191333333333333015e+09,-2.300725188819896516e-02,-2.720551928223150995e+01
7.191400000000000000e+09,3.325593424436945611e-02,-2.717439038993472522e+01
7.191466666666666985e+09,1.388989589781530753e-02,-2.721889072211706306e+01
7.191533333333333015e+09,1.342816319900919098e-02,-2.724448674865131892e+01
7.191600000000000000e+09,-9.153041340002943116e-03,-2.729220224702611475e+01
7.191666666666666985e+09,-6.672570020985091332e-03,-2.731485606954288059e+01
7.191733333333333015e+09,-1.034454428667785919e-02,-2.734366233764368914e+01
7.191800000000000000e+09,-1.548770059654103193e-02,-2.737393978778933601e+01
7.191866666666666985e+09,-8.715845314139158972e-03,-2.739230222634271783e+01
7.191933333333333015e+09,-8.655658590097203842e-03,-2.741737633345412561e+01
7.192000000000000000e+09,1.008815782269678607e-02,-2.742376681087711532e+01
7.192066666666666985e+09,-1.358164945107276367e-02,-2.747257091198666856e+01
7.192133333333333015e+09,-1.438386661759238905e-02,-2.749850742298830397e+01
7.192200000000000000e+09,1.376355466100065428e-02,-2.749549429554549462e+01
7.192266666666666985e+09,-8.136863973003727324e-03,-2.754252900801528270e+01
7.192333333333333015e+09,-5.322528016844074727e-03,-2.756484896589456923e+01
7.192400000000000000e+09,-2.901886184672974878e-02,-2.761367959356024215e+01
7.192466666666666985e+09,1.618438517535736310e-02,-2.759361064037393874e+01
7.192533333333333015e+09,-4.662627861470980406e-03,-2.763959194724621327e+01
7.192600000000000000e+09,9.380408498813608276e-03,-2.765068320472137842e+01
7.192666666666666985e+09,7.209000273306287454e-03,-2.767798890678266943e+01
7.192733333333333015e+09,-8.986763592595536920e-04,-2.771123087725068146e+01
7.192800000000000000e+09,-1.378301400735182369e-02,-2.774924950873456098e+01
7.192866666666666985e+09,9.485611811644645286e-03,-2.775111517675134820e+01
7.192933333333333015e+09,-1.866503856293633135e-02,-2.780440012096137536e+01
7.193000000000000000e+09,-1.129891595081389255e-02,-2.782216829218470266e+01
7.193066666666666985e+09,1.950858302311786474e-03,-2.783405281176736068e+01
7.193133333333333015e+09,-4.052611760911872807e-03,-2.786519057566603408e+01
7.193200000000000000e+09,-1.380484875262766309e-03,-2.788765274261616867e+01
7.193266666666666985e+09,-9.982995670490879547e-03,-2.792138954724718047e+01
7.193333333333333015e+09,-9.435929906594253680e-03,-2.794597677531873359e+01
7.193400000000000000e+09,-5.501869957505789444e-03,-2.796717700920509486e+01
7.193466666666666985e+09,7.626223176480095844e-04,-2.798604681076572476e+01
7.193533333333333015e+09,-9.322172733984501747e-03,-2.802126589965280701e+01
7.193600000000000000e+09,2.659870915686113335e-02,-2.801047931159774507e+01
7.193666666666666985e+09,-9.686105722117588357e-03,-2.807189842031250748e+01
7.193733333333333015e+09,-9.139039653700109511e-03,-2.809648564807953974e+01
7.193800000000000000e+09,-1.648202428910394701e-03,-2.811412910469053372e+01
7.193866666666666985e+09,-5.027540503814265094e-03,-2.814264273660088733e+01
7.193933333333333015e+09,6.124572815622286726e-04,-2.816213703265095702e+01
7.194000000000000000e+09,1.065265111524027475e-02,-2.817723113265306623e+01
7.194066666666666985e+09,2.801580286536875519e-03,-2.821021649731755332e+01
7.194133333333333015e+09,1.314971149710686404e-03,-2.823683740028982569e+01
7.194200000000000000e+09,1.529932958612079119e-02,-2.824798733568919928e+01
7.194266666666666985e+09,1.110063285319284887e-02,-2.827732032625757697e+01
7.194333333333333015e+09,1.992879232825117697e-02,-2.829362646061796482e+01
7.194400000000000000e+09,6.611814324422482514e-03,-2.833207773245758077e+01
7.194466666666666985e+09,2.205283386954448588e-02,-2.834177100674824246e+01
7.194533333333333015e+09,1.088942779295365426e-02,-2.837806870666027947e+01
7.194600000000000000e+09,-2.461543467632054671e-03,-2.841655397175664888e+01
7.194666666666666985e+09,1.487586161906762072e-02,-2.842435086050539894e+01
7.194733333333333015e+09,-1.253257656870232495e-04,-2.846448634172560332e+01
7.194800000000000000e+09,7.941050460924969912e-03,-2.848155425933477503e+01
7.194866666666666985e+09,-5.735050357923654474e-03,-2.852036465398940734e+01
7.194933333333333015e+09,9.585251078323864249e-03,-2.853017864638860956e+01
7.195000000000000000e+09,9.866138744111907499e-03,-2.855503205255860522e+01
7.195066666666666985e+09,6.157477492202190206e-03,-2.858387500764629863e+01
7.195133333333333015e+09,-4.289941957061671474e-03,-2.861945672093067827e+01
7.195200000000000000e+09,1.382593455002023575e-02,-2.862647513825938006e+01
7.195266666666666985e+09,-7.742765903607562450e-03,-2.867317813254879155e+01
7.195333333333333015e+09,-1.107319551779184508e-02,-2.870164285599842557e+01
7.195400000000000000e+09,2.222086081136609437e-03,-2.871348186823528081e+01
7.195466666666666985e+09,1.679951660294776161e-02,-2.872403873154925336e+01
7.195533333333333015e+09,-4.708523517336971054e-03,-2.877068106550465387e+01
7.195600000000000000e+09,-4.171234604140039437e-03,-2.879527807042724064e+01
7.195666666666666985e+09,1.121746270889900643e-02,-2.880502366694998528e+01
7.195733333333333015e+09,1.336787395142735591e-02,-2.882800754954290312e+01
7.195800000000000000e+09,8.488651181007611513e-03,-2.885802106614910656e+01
7.195866666666666985e+09,9.772891349282275542e-03,-2.888187111981661559e+01
7.195933333333333015e+09,1.770572701660810822e-02,-2.889907257798440554e+01
7.196000000000000000e+09,1.405359991972687794e-02,-2.892785899891707047e+01
7.196066666666666985e+09,-2.032677985741671023e-02,-2.898737367252999775e+01
7.196133333333333015e+09,3.027936074975201564e-02,-2.896190182575827521e+01
7.196200000000000000e+09,1.385866329345830650e-02,-2.900345681705035261e+01
7.196266666666666985e+09,2.379460370245567447e-02,-2.901865517047713894e+01
7.196333333333333015e+09,-6.756698707725661279e-03,-2.907434076672243606e+01
7.196400000000000000e+09,7.209518014974491962e-03,-2.908550884383551960e+01
7.196466666666666985e+09,3.485468284853965315e-03,-2.911436718740142382e+01
7.196533333333333015e+09,-1.425492167916431185e-02,-2.915724187120089184e+01
7.196600000000000000e+09,5.198764351128204453e-03,-2.916292247900638301e+01
7.196666666666666985e+09,-3.061176315359404043e-03,-2.919631671350865432e+01
7.196733333333333015e+09,2.414667684499605116e-02,-2.919424315418374860e+01
7.196800000000000000e+09,2.532471683524306627e-02,-2.921819940802895132e+01
7.196866666666666985e+09,7.353134657918758421e-03,-2.926130528404205933e+01
7.196933333333333015e+09,2.730426941085895010e-02,-2.926648844312456887e+01
7.197000000000000000e+09,2.244331952545053355e-02,-2.929648368684576099e+01
7.197066666666666985e+09,-1.460262772467402215e-02,-2.935866392793166924e+01
7.197133333333333015e+09,9.520909660011511733e-03,-2.935967468438243344e+01
7.197200000000000000e+09,1.939982213867708083e-02,-2.937493006573921761e+01
7.197266666666666985e+09,3.097638647419742597e-02,-2.938848779523948096e+01
7.197333333333333015e+09,4.208126247640109341e-04,-2.944417766292436056e+01
7.197400000000000000e+09,1.820734812294944049e-03,-2.946791203457261332e+01
7.197466666666666985e+09,1.152486019532972250e-02,-2.948334220302536579e+01
7.197533333333333015e+09,1.768608383192571409e-02,-2.950231527322421599e+01
7.197600000000000000e+09,2.098736138084333902e-02,-2.952414828951108206e+01
7.197666666666666985e+09,6.234195539029485644e-03,-2.956403574918834565e+01
7.197733333333333015e+09,2.419169583960467662e-02,-2.957121254272321664e+01
7.197800000000000000e+09,-8.389711803662436296e-03,-2.962892824420226745e+01
7.197866666666666985e+09,-6.947142333540767822e-03,-2.965261996856793303e+01
7.197933333333333015e+09,2.383831507428624263e-02,-2.964696880499555220e+01
7.198000000000000000e+09,1.392922983703925865e-02,-2.968201218406858288e+01
7.198066666666666985e+09,-5.525355461646341837e-03,-2.972660106320271822e+01
7.198133333333333015e+09,9.455506733598184610e-03,-2.973675449484292344e+01
7.198200000000000000e+09,1.323862564580835510e-02,-2.975810566976649696e+01
7.198266666666666985e+09,-1.389454718142602019e-02,-2.981037313642951503e+01
7.198333333333333015e+09,1.233471538732899830e-02,-2.980927816769620975e+01
7.198400000000000000e+09,2.064187725686750241e-02,-2.982610529966245494e+01
7.198466666666666985e+09,-6.756974010041716383e-03,-2.987863844476481390e+01
7.198533333333333015e+09,4.253056417677925083e-03,-2.989276270817254400e+01
7.198600000000000000e+09,-1.359970525523834795e-03,-2.992351002895152945e+01
7.198666666666666985e+09,2.024466601034191626e-02,-2.992703968625144739e+01
7.198733333333333015e+09,-4.577432304721185119e-03,-2.997699607840196023e+01
7.198800000000000000e+09,-1.626829730708223565e-02,-3.001382123724010498e+01
7.198866666666666985e+09,-2.101614167779786158e-02,-3.004370337544660430e+01
7.198933333333333015e+09,-5.909542915617294057e-03,-3.005373107051953596e+01
7.199000000000000000e+09,2.943619164553723522e-02,-3.004351962979416868e+01
7.199066666666666985e+09,1.057574113921333492e-02,-3.008751437413627627e+01
7.199133333333333015e+09,1.298943640867733507e-02,-3.011023497270225846e+01
7.199200000000000000e+09,-4.143593859183170025e-03,-3.015250229680590266e+01
7.199266666666666985e+09,-9.236109791089575083e-03,-3.018272910657359276e+01
7.199333333333333015e+09,-8.095472049379992541e-03,-3.020672276266699541e+01
7.199400000000000000e+09,-7.961114209191322288e-03,-3.023172269866259398e+01
7.199466666666666985e+09,2.929168160768824691e-02,-3.021960419668149811e+01
7.199533333333333015e+09,-6.159001698495814026e-03,-3.028018917382312836e+01
7.199600000000000000e+09,-3.236640023040138203e-03,-3.030240110598345638e+01
7.199666666666666985e+09,-2.206120316107273993e-02,-3.034635996295727267e+01
7.199733333333333015e+09,3.824844616890032967e-03,-3.034560820901442568e+01
7.199800000000000000e+09,-1.709357836228164729e-02,-3.039166092582938106e+01
7.199866666666666985e+09,7.481606520087780154e-05,-3.039962682523768223e+01
7.199933333333333015e+09,-7.102493761223627189e-03,-3.043193842889955647e+01
7.200000000000000000e+09,-9.325867791432074227e-04,-3.045090281575325974e+01
7.200066666666666985e+09,1.811061788624712676e-02,-3.045699390492365310e+01
7.200133333333333015e+09,-1.186218120636794993e-04,-3.050035743845707970e+01
7.200200000000000000e+09,1.020122775970122575e-02,-3.051517188272109848e+01
7.200266666666666985e+09,3.416816644552156390e-02,-3.051633923787106184e+01
7.200333333333333015e+09,-1.122836224318746190e-02,-3.058687006039522061e+01
7.200400000000000000e+09,8.455181592008642610e-03,-3.059232081039580819e+01
7.200466666666666985e+09,1.054901451190914941e-02,-3.061536127131169138e+01
7.200533333333333015e+09,1.097773755773445714e-02,-3.064006684210131581e+01
7.200600000000000000e+09,-2.096335901704904359e-02,-3.069714223251154905e+01
7.200666666666666985e+09,-2.509214147984906162e-02,-3.072640530881013277e+01
7.200733333333333015e+09,1.218725019940691823e-02,-3.071426021096632297e+01
7.200800000000000000e+09,1.389548862981726529e-02,-3.073768626637169632e+01
7.200866666666666985e+09,-9.008090342597085964e-04,-3.077761685787155699e+01
7.200933333333333015e+09,-1.437412361573109365e-02,-3.081622446628847811e+01
7.201000000000000000e+09,1.445459512629909682e-02,-3.081253004138189766e+01
7.201066666666666985e+09,-1.927802377537091161e-02,-3.087139695411935136e+01
7.201133333333333015e+09,-9.309281519307432973e-04,-3.087818415233135738e+01
7.201200000000000000e+09,1.144273746742996423e-02,-3.089094478054778037e+01
7.201266666666666985e+09,-1.440352229109720383e-02,-3.094192533414209123e+01
7.201333333333333015e+09,6.079642512705873969e-03,-3.094657646317373789e+01
7.201400000000000000e+09,-2.967265030655141800e-02,-3.100746304982844492e+01
7.201466666666666985e+09,-1.155890225399147653e-02,-3.101448359561166868e+01
7.201533333333333015e+09,-1.335176910366442371e-03,-3.102939416410349338e+01
7.201600000000000000e+09,-2.462252533221942485e-02,-3.107781580636113006e+01
7.201666666666666985e+09,-9.404135422059312077e-03,-3.108773171028675364e+01
7.201733333333333015e+09,-1.728139452389143571e-03,-3.110519000815253321e+01
7.201800000000000000e+09,-1.384989648480683400e-02,-3.114244605902073459e+01
7.201866666666666985e+09,-1.905182694386553521e-03,-3.115563563906576405e+01
7.201933333333333015e+09,9.043478459069831388e-04,-3.117796040236092026e+01
7.202000000000000000e+09,-1.597420615459199666e-02,-3.121997325019720293e+01
7.202066666666666985e+09,-3.518864923478304263e-03,-3.123265220280187293e+01
7.202133333333333015e+09,-7.882368680384388426e-03,-3.126215000039422875e+01
7.202200000000000000e+09,-1.157459700674934311e-02,-3.129097652255637740e+01
7.202266666666666985e+09,-1.707304871239045951e-02,-3.132160926809746826e+01
7.202333333333333015e+09,-1.783996806697274451e-03,-3.133145451002722126e+01
7.202400000000000000e+09,4.245666355991772889e-03,-3.135055914070031591e+01
7.202466666666666985e+09,-5.730479663590415385e-04,-3.138051214885845042e+01
7.202533333333333015e+09,2.076453031790492787e-03,-3.140299694169575062e+01
7.202600000000000000e+09,-2.396908324630686593e-02,-3.145417677180963167e+01
7.202666666666666985e+09,-2.012164943369398884e-02,-3.147546363183246854e+01
7.202733333333333015e+09,8.315094646221155017e-03,-3.147216118158799958e+01
7.202800000000000000e+09,-1.193905287776431123e-02,-3.151754962294776874e+01
7.202866666666666985e+09,-2.846740392865498848e-02,-3.155921226783444311e+01
7.202933333333333015e+09,-2.003993890483002360e-02,-3.157591909664606789e+01
7.203000000000000000e+09,-1.072171985040881736e-02,-3.159173517142743037e+01
7.203066666666666985e+09,-2.197738812078853243e-02,-3.162812513353359378e+01
7.203133333333333015e+09,-3.230531610007503218e-02,-3.166358735534799607e+01
7.203200000000000000e+09,-2.361865968058651788e-02,-3.168003499276429125e+01
7.203266666666666985e+09,-1.122713592082291711e-02,-3.169277776284031134e+01
7.203333333333333015e+09,-1.048299700920196642e-02,-3.171716791776414013e+01
7.203400000000000000e+09,-2.393939954655621705e-02,-3.175575861413727807e+01
7.203466666666666985e+09,5.611615533641867160e-03,-3.175134189289286368e+01
7.203533333333333015e+09,7.638284667415007334e-04,-3.178132397379487983e+01
7.203600000000000000e+09,-2.659074169801556309e-02,-3.183381283779542059e+01
7.203666666666666985e+09,-3.080981822154527094e-02,-3.186316620815473399e+01
7.203733333333333015e+09,-1.455188956765240960e-02,-3.187204257333629087e+01
7.203800000000000000e+09,1.302995423686326149e-02,-3.186959502336755889e+01
7.203866666666666985e+09,-1.759395164812005419e-02,-3.192535322308832590e+01
7.203933333333333015e+09,-1.486002409095021903e-02,-3.194775358936626830e+01
7.204000000000000000e+09,-2.280365355593616528e-02,-3.198083151266703794e+01
7.204066666666666985e+09,-4.840678205904325182e-02,-3.203156893500592872e+01
7.204133333333333015e+09,-5.748164172853620357e-02,-3.206577808851087497e+01
7.204200000000000000e+09,-1.079882598666870308e-03,-3.203451062321678222e+01
7.204266666666666985e+09,-3.442618599890323594e-02,-3.209299122045280939e+01
7.204333333333333015e+09,-8.324421091700173747e-03,-3.209202374938071500e+01
7.204400000000000000e+09,-2.539128896297171423e-02,-3.213422491108777024e+01
7.204466666666666985e+09,-4.591166207838881519e-02,-3.217987957803897103e+01
7.204533333333333015e+09,-4.445318384011898161e-02,-3.220355539363615094e+01
7.204600000000000000e+09,-4.295368007711886094e-02,-3.222719018370893451e+01
7.204666666666666985e+09,-3.765381326695660391e-02,-3.224702461073455595e+01
7.204733333333333015e+09,-3.977050260667880366e-02,-3.227427559390972789e+01
7.204800000000000000e+09,-1.575399512888253639e-02,-3.227539338026738136e+01
7.204866666666666985e+09,-3.738210193039748219e-02,-3.232215578090468000e+01
7.204933333333333015e+09,-3.455579571469513667e-02,-3.234446376852442739e+01
7.205000000000000000e+09,-4.310501160279756050e-02,-3.237814727824831351e+01
7.205066666666666985e+09,-4.222064701266958764e-02,-3.240239720749396923e+01
7.205133333333333015e+09,-3.912577147592344318e-02,-3.242443662579267283e+01
7.205200000000000000e+09,-8.260057066946302484e-02,-3.249304571882166215e+01
7.205266666666666985e+09,-6.634661672415376188e-02,-3.250192605871213658e+01
7.205333333333333015e+09,-8.214253576079499908e-02,-3.254285627158422756e+01
7.205400000000000000e+09,-7.753544142107671178e-02,-3.256338347108029296e+01
7.205466666666666985e+09,-8.962843296018263572e-02,-3.260061075645518258e+01
7.205533333333333015e+09,-7.360557475114148929e-02,-3.260972219208159117e+01
7.205600000000000000e+09,-8.843770146717844227e-02,-3.264968861263307787e+01
7.205666666666666985e+09,-7.956812189843986971e-02,-3.266595332690012299e+01
7.205733333333333015e+09,-1.263976454653601422e-01,-3.273791714430248589e+01
7.205800000000000000e+09,-1.182222970981356980e-01,-3.275487608977105225e+01
7.205866666666666985e+09,-9.681506275480700197e-02,-3.275860314926350725e+01
7.205933333333333015e+09,-1.340101192987788181e-01,-3.282093249964292170e+01
7.206000000000000000e+09,-1.506668428546262817e-01,-3.286272351703455996e+01
7.206066666666666985e+09,-2.320789687936226642e-01,-3.296926993680899898e+01
7.206133333333333015e+09,-2.157338943984683510e-01,-3.297805915624929440e+01
7.206200000000000000e+09,-1.589310493302207306e-01,-3.294639060501683048e+01
7.206266666666666985e+09,-1.941176759941356522e-01,-3.300671152551652909e+01
7.206333333333333015e+09,-2.961567847076551629e-01,-3.313388492806549834e+01
7.206400000000000000e+09,-3.747349523991516662e-02,-3.290033593243354204e+01
7.206466666666666985e+09,4.948555629628472730e-01,-3.239314116806622934e+01
7.206533333333333015e+09,3.812641691611204919e-01,-3.253186685570340586e+01
7.206600000000000000e+09,2.849715589446262243e-01,-3.265329375975568382e+01
7.206666666666666985e+09,2.382595721413949263e-01,-3.272514004039469881e+01
7.206733333333333015e+09,1.938829682662230880e-01,-3.279465093810532039e+01
7.206800000000000000e+09,1.524032247313584776e-01,-3.286126497547596870e+01
7.206866666666666985e+09,1.462519778616098165e-01,-3.289255051618150105e+01
7.206933333333333015e+09,1.488253597129869377e-01,-3.291511142816523972e+01
7.207000000000000000e+09,1.237906302953533100e-01,-3.296528045141865704e+01
7.207066666666666985e+09,9.216711000252786334e-02,-3.302203826554726618e+01
7.207133333333333015e+09,7.444269378439827278e-02,-3.306489697560084551e+01
7.207200000000000000e+09,6.701198929000184989e-02,-3.309746197393102563e+01
7.207266666666666985e+09,8.891992214532251637e-02,-3.310068833491148865e+01
7.207333333333333015e+09,9.323720481550168415e-02,-3.312150534607642527e+01
7.207400000000000000e+09,7.511705686606973131e-02,-3.316475978786164092e+01
7.207466666666666985e+09,5.019684660629053496e-02,-3.321481429195720381e+01
7.207533333333333015e+09,6.020806686339597036e-02,-3.322993736553554811e+01
7.207600000000000000e+09,6.217158870072125865e-02,-3.325310813753399941e+01
7.207666666666666985e+09,6.136401280031122951e-02,-3.327905000727020024e+01
7.207733333333333015e+09,8.289375460604730961e-02,-3.328265455929957284e+01
7.207800000000000000e+09,4.928331565502475087e-02,-3.334139929208637909e+01
7.207866666666666985e+09,3.998295097434123591e-02,-3.337583395060284630e+01
7.207933333333333015e+09,5.952295002123975109e-02,-3.338142824539139752e+01
7.208000000000000000e+09,5.052774163129214458e-02,-3.341555774761712883e+01
7.208066666666666985e+09,5.056684576247505447e-02,-3.344065293732172961e+01
7.208133333333333015e+09,5.386041075869485439e-02,-3.346249366616062559e+01
7.208200000000000000e+09,3.518409429418767331e-02,-3.350630427646091647e+01
7.208266666666666985e+09,4.684419852411991769e-02,-3.351977846606676792e+01
7.208333333333333015e+09,6.253084696088251349e-02,-3.352922611146545506e+01
7.208400000000000000e+09,3.742413326391158535e-02,-3.357946711899820968e+01
7.208466666666666985e+09,3.494401441137284792e-02,-3.360708153168653212e+01
7.208533333333333015e+09,6.464006170844527333e-02,-3.360251977822490943e+01
7.208600000000000000e+09,3.774793534724096844e-02,-3.365454619842156347e+01
7.208666666666666985e+09,4.119604715391034233e-02,-3.367623238045067779e+01
7.208733333333333015e+09,4.215041709858269314e-02,-3.370041230434145518e+01
7.208800000000000000e+09,4.492459757867806047e-02,-3.372277241769714351e+01
7.208866666666666985e+09,3.184270697493474245e-02,-3.376098860213667052e+01
7.208933333333333015e+09,3.347838342158837577e-02,-3.378448721952546663e+01
7.209000000000000000e+09,4.435570169114555483e-02,-3.379874419509135919e+01
7.209066666666666985e+09,2.416624616872553588e-02,-3.384406794444956290e+01
7.209133333333333015e+09,1.406612626691128298e-02,-3.387930235818681979e+01
7.209200000000000000e+09,3.381126370622666855e-02,-3.388469151458329520e+01
7.209266666666666985e+09,3.432230191351948179e-02,-3.390931477021177898e+01
7.209333333333333015e+09,-1.047164681624934701e-02,-3.397924301277699755e+01
7.209400000000000000e+09,5.979731042464209168e-02,-3.393410834937155585e+01
7.209466666666666985e+09,4.242558705537646802e-02,-3.397661436657660516e+01
7.209533333333333015e+09,2.504607624705101898e-02,-3.401912817122038035e+01
7.209600000000000000e+09,1.895425636725889262e-02,-3.405035428493595617e+01
7.209666666666666985e+09,3.289263175701506725e-02,-3.406155020338198369e+01
7.209733333333333015e+09,3.064580204539169017e-02,-3.408893132692905681e+01
7.209800000000000000e+09,1.834670008967975718e-02,-3.412636472272055244e+01
7.209866666666666985e+09,3.538579402452768363e-02,-3.413445992262115425e+01
7.209933333333333015e+09,2.740464422381450049e-02,-3.416757536625731717e+01
7.210000000000000000e+09,4.868293197546336160e-04,-3.421962747499716073e+01
7.210066666666666985e+09,1.686423699373307272e-02,-3.422838436115896599e+01
7.210133333333333015e+09,2.336984985588230757e-02,-3.424701304213226649e+01
7.210200000000000000e+09,2.393914739585056850e-02,-3.427157803842808192e+01
7.210266666666666985e+09,2.213389763507933594e-02,-3.429851758202430290e+01
7.210333333333333015e+09,3.214023666419763003e-02,-3.431364553683063434e+01
7.210400000000000000e+09,4.632410133959297127e-02,-3.432459596599102269e+01
7.210466666666666985e+09,2.866537548199232788e-02,-3.436738898568440703e+01
7.210533333333333015e+09,2.219728324915593021e-02,-3.439899137175269317e+01
7.210600000000000000e+09,1.733052225186781925e-02,-3.442899242658576497e+01
7.210666666666666985e+09,2.567808636553081669e-02,-3.444577915630755172e+01
7.210733333333333015e+09,6.274868660270271903e-03,-3.449031666784826200e+01
7.210800000000000000e+09,3.114964724984758959e-02,-3.449057618309446127e+01
7.210866666666666985e+09,8.662073604099873592e-04,-3.454599391681968967e+01
7.210933333333333015e+09,2.101749296595301075e-02,-3.455097692504959639e+01
7.211000000000000000e+09,3.599042410341013465e-02,-3.456113828774791585e+01
7.211066666666666985e+09,3.440745206346207397e-02,-3.458785555362365471e+01
7.211133333333333015e+09,3.046086488814836457e-02,-3.461693643463407710e+01
7.211200000000000000e+09,1.588005791073499040e-02,-3.465665153544727417e+01
7.211266666666666985e+09,1.718198709173179850e-02,-3.468048390010206106e+01
7.211333333333333015e+09,4.545049089112751517e-02,-3.467734969013811508e+01
7.211400000000000000e+09,2.572942050066728825e-02,-3.472220505436435900e+01
7.211466666666666985e+09,1.643836902111672771e-02,-3.475663039967969326e+01
7.211533333333333015e+09,1.943648320916224748e-02,-3.477876657932676352e+01
7.211600000000000000e+09,3.574348965884865947e-02,-3.478759386671286080e+01
7.211666666666666985e+09,2.758931112840912192e-02,-3.482088233907908403e+01
7.211733333333333015e+09,6.716078242136092058e-02,-3.480644516162158197e+01
7.211800000000000000e+09,3.360159493874448344e-02,-3.486513864293998211e+01
7.211866666666666985e+09,4.047099871202419763e-02,-3.488340353300248609e+01
7.211933333333333015e+09,2.624801946738131164e-02,-3.492276080608224476e+01
7.212000000000000000e+09,3.673606299579290635e-02,-3.493740705638961686e+01
7.212066666666666985e+09,2.378582510897331304e-02,-3.497549158811222014e+01
7.212133333333333015e+09,3.263792523745223662e-02,-3.499177378181919096e+01
7.212200000000000000e+09,3.940953735094154808e-02,-3.501013646354148534e+01
7.212266666666666985e+09,2.660680248543201287e-02,-3.504807349224277857e+01
7.212333333333333015e+09,2.333771616884661171e-02,-3.507647687239447265e+01
7.212400000000000000e+09,3.557275725391662036e-02,-3.508937612514519344e+01
7.212466666666666985e+09,7.831149885120680665e-03,-3.514225202634977308e+01
7.212533333333333015e+09,3.830505963323815877e-02,-3.513691241043709823e+01
7.212600000000000000e+09,4.564114099134997105e-02,-3.515471062291477722e+01
7.212666666666666985e+09,3.432992818275693025e-02,-3.519115612955914685e+01
7.212733333333333015e+09,2.844649794723608238e-02,-3.522217385363011743e+01
7.212800000000000000e+09,3.244243510069111380e-02,-3.524331221031211214e+01
7.212866666666666985e+09,3.558141037270701190e-02,-3.526530752887587994e+01
7.212933333333333015e+09,3.838445722947625427e-02,-3.528763877585456044e+01
7.213000000000000000e+09,5.051050655843880577e-03,-3.534610647626397650e+01
7.213066666666666985e+09,3.606378913254815188e-02,-3.534022803162305593e+01
7.213133333333333015e+09,3.880074256166210489e-02,-3.536262537202939171e+01
7.213200000000000000e+09,2.434566996195286492e-02,-3.540221473846455069e+01
7.213266666666666985e+09,1.451090299121915450e-02,-3.543718379927106810e+01
7.213333333333333015e+09,3.405892408829913620e-02,-3.544277007200943785e+01
7.213400000000000000e+09,2.547632450749404143e-02,-3.547648696542602664e+01
7.213466666666666985e+09,4.218070181556043963e-02,-3.548491688195374394e+01
7.213533333333333015e+09,7.207856729117168015e-03,-3.554502402087563695e+01
7.213600000000000000e+09,2.443026841199724686e-02,-3.555293590302820661e+01
7.213666666666666985e+09,2.032046224637440446e-02,-3.558218000302961315e+01
7.213733333333333015e+09,9.738711744645911494e-03,-3.561789604736679138e+01
7.213800000000000000e+09,2.961051808632220173e-02,-3.562315853486089878e+01
7.213866666666666985e+09,1.533420152880893284e-02,-3.566256914525419575e+01
7.213933333333333015e+09,2.798028089100768057e-02,-3.567505735972744674e+01
7.214000000000000000e+09,2.528270788245379208e-02,-3.570288922657178432e+01
7.214066666666666985e+09,3.226559786425298171e-02,-3.572104063042543487e+01
7.214133333333333015e+09,1.518981536074903715e-02,-3.576325070676438855e+01
7.214200000000000000e+09,2.871147694793307892e-02,-3.577486333901298110e+01
7.214266666666666985e+09,7.203537832054962564e-03,-3.582150557196465002e+01
7.214333333333333015e+09,2.363552660378331893e-02,-3.583020787702837140e+01
7.214400000000000000e+09,3.968710729988345065e-02,-3.583929059016804786e+01
7.214466666666666985e+09,3.038410823224779733e-02,-3.587372788307113325e+01
7.214533333333333015e+09,3.472987959624873611e-02,-3.589451640554258205e+01
7.214600000000000000e+09,3.175341594801039946e-02,-3.592262716302660408e+01
7.214666666666666985e+09,1.817964617916345560e-02,-3.596133522663123472e+01
7.214733333333333015e+09,4.193542718710574491e-02,-3.596271373945874217e+01
7.214800000000000000e+09,1.661653616596936445e-02,-3.601316692431566224e+01
7.214866666666666985e+09,2.079865080182230486e-02,-3.603411910351559300e+01
7.214933333333333015e+09,4.214665535123174323e-02,-3.603790539280129934e+01
7.215000000000000000e+09,1.866627706678514187e-02,-3.608652006492152964e+01
7.215066666666666985e+09,2.099526775415938573e-02,-3.610932536806993909e+01
7.215133333333333015e+09,2.334884729756225852e-02,-3.613210608236198595e+01
7.215200000000000000e+09,3.725389382535837512e-02,-3.614333532966997353e+01
7.215266666666666985e+09,2.001096304517346880e-02,-3.618571255428594213e+01
7.215333333333333015e+09,2.258778042158127164e-02,-3.620827003074465011e+01
7.215400000000000000e+09,4.161009617138233807e-02,-3.621438200883063274e+01
7.215466666666666985e+09,4.515251850434509606e-02,-3.623597388033345368e+01
7.215533333333333015e+09,4.012383126462282235e-02,-3.626613686140862569e+01
7.215600000000000000e+09,2.010351827728129592e-02,-3.631129146823175091e+01
7.215666666666666985e+09,4.470634547815421911e-02,-3.631182293486666168e+01
7.215733333333333015e+09,3.655550542362107080e-02,-3.634510806875630351e+01
7.215800000000000000e+09,4.356989952272272149e-02,-3.636322796849299266e+01
7.215866666666666985e+09,2.585778868449750689e-02,-3.640607437316700157e+01
7.215933333333333015e+09,5.547771834723391748e-02,-3.640158873733970779e+01
7.216000000000000000e+09,2.826035720830333275e-02,-3.645394039231442918e+01
7.216066666666666985e+09,1.972710254247544981e-02,-3.648760794081603365e+01
7.216133333333333015e+09,2.841067812809683346e-02,-3.650405865906552805e+01
7.216200000000000000e+09,1.651344197242110567e-02,-3.654109018905698747e+01
7.216266666666666985e+09,3.141836914565487859e-02,-3.655131955571953739e+01
7.216333333333333015e+09,1.185585903188268730e-02,-3.659601635966875932e+01
7.216400000000000000e+09,3.723036798303525075e-02,-3.659577614455339045e+01
7.216466666666666985e+09,4.829044416000272122e-02,-3.660985036221220668e+01
7.216533333333333015e+09,1.650596104548185394e-02,-3.666676913916184333e+01
7.216600000000000000e+09,2.567404648834781256e-02,-3.668273534755476106e+01
7.216666666666666985e+09,4.423401939379800751e-02,-3.668930966848509456e+01
7.216733333333333015e+09,2.526336283300167906e-02,-3.673341461888134063e+01
7.216800000000000000e+09,1.834028867274639651e-02,-3.676547198687737961e+01
7.216866666666666985e+09,2.209345421507435958e-02,-3.678685311517083534e+01
7.216933333333333015e+09,2.591385390867628757e-02,-3.680816700931268315e+01
7.217000000000000000e+09,2.086123546261120509e-02,-3.683835392159419797e+01
7.217066666666666985e+09,3.160095493994674598e-02,-3.685274849595264612e+01
7.217133333333333015e+09,1.528320532900551143e-02,-3.689420053939903710e+01
7.217200000000000000e+09,4.163142204433967208e-02,-3.689298661651948663e+01
7.217266666666666985e+09,4.043740874126910967e-02,-3.691931492365834089e+01
7.217333333333333015e+09,3.452357348238876966e-02,-3.695036305275267097e+01
7.217400000000000000e+09,1.130556353051304086e-02,-3.699871535653999644e+01
7.217466666666666985e+09,5.131370663771406271e-02,-3.698384150726857911e+01
7.217533333333333015e+09,1.647598768779801048e-02,-3.704381352005394490e+01
7.217600000000000000e+09,4.479710422082661125e-02,-3.704062669735669289e+01
7.217666666666666985e+09,3.852519747537996864e-02,-3.707203289793793033e+01
7.217733333333333015e+09,1.932328032595620471e-02,-3.711636910892279673e+01
7.217800000000000000e+09,5.637777356233897308e-02,-3.710444890952219765e+01
7.217866666666666985e+09,2.407722399137668390e-02,-3.716188375292860968e+01
7.217933333333333015e+09,2.804435575745145570e-02,-3.718305091499798465e+01
7.218000000000000000e+09,4.785849288538912560e-02,-3.718837107170583067e+01
7.218066666666666985e+09,3.424890063842411791e-02,-3.722711495778857937e+01
7.218133333333333015e+09,3.987164765295858615e-02,-3.724662650460949465e+01
7.218200000000000000e+09,4.114961943369621622e-02,-3.727048282666454071e+01
7.218266666666666985e+09,3.898067948431105378e-02,-3.729778606044937561e+01
7.218333333333333015e+09,5.030332903414347356e-02,-3.731159770473499293e+01
7.218400000000000000e+09,3.698281167304173778e-02,-3.735005251593187836e+01
7.218466666666666985e+09,2.950667705449205869e-02,-3.738266294438621173e+01
7.218533333333333015e+09,6.539736707466659027e-03,-3.743076417856868687e+01
7.218600000000000000e+09,2.657048150746277315e-02,-3.743586772760447445e+01
7.218666666666666985e+09,4.788796729206268310e-02,-3.743968453565532428e+01
7.218733333333333015e+09,5.116245640581951193e-02,-3.746154434037701719e+01
7.218800000000000000e+09,3.839181403418479022e-02,-3.749944927658443561e+01
7.218866666666666985e+09,2.804272805422414194e-02,-3.753493265640017995e+01
7.218933333333333015e+09,4.195746008112877234e-02,-3.754615221820872506e+01
7.219000000000000000e+09,5.450897701695822661e-02,-3.755873499510867930e+01
7.219066666666666985e+09,4.649432268062980711e-02,-3.759188394328079141e+01
7.219133333333333015e+09,4.388518770095117816e-02,-3.761962737209557872e+01
7.219200000000000000e+09,4.399101484260370398e-02,-3.764465583878971700e+01
7.219266666666666985e+09,3.734620955872713921e-02,-3.767643493790937015e+01
7.219333333333333015e+09,4.964043311911581213e-02,-3.768927500818443121e+01
7.219400000000000000e+09,4.663394354874128567e-02,-3.771741579159058944e+01
7.219466666666666985e+09,1.481978193882582673e-02,-3.777436424703628859e+01
7.219533333333333015e+09,3.809662857908335809e-02,-3.777622169423114684e+01
7.219600000000000000e+09,1.496428811802985592e-02,-3.782448832852798404e+01
7.219666666666666985e+09,3.362595894022746279e-02,-3.783096095154157013e+01
7.219733333333333015e+09,1.033001928085752752e-02,-3.787939118503638980e+01
7.219800000000000000e+09,4.926190159956433945e-03,-3.790992930799307459e+01
7.219866666666666985e+09,3.206520531713152877e-02,-3.790792458667168319e+01
7.219933333333333015e+09,2.148609076357388403e-03,-3.796297547674757311e+01
7.220000000000000000e+09,2.817655509136329783e-02,-3.796208182456835090e+01
7.220066666666666985e+09,2.682009876723867592e-02,-3.798857257472825921e+01
7.220133333333333015e+09,5.374082165740645678e-02,-3.798678614567354117e+01
7.220200000000000000e+09,3.678684784162555843e-03,-3.806198257638256877e+01
7.220266666666666985e+09,2.635549730825914594e-02,-3.806444005769425587e+01
7.220333333333333015e+09,2.203365275201463191e-02,-3.809389619608561617e+01
7.220400000000000000e+09,4.090558478753791860e-02,-3.810015855788587658e+01
7.220466666666666985e+09,3.927315956892130089e-02,-3.812692527694027689e+01
7.220533333333333015e+09,4.285484635807534914e-02,-3.814847788398657258e+01
7.220600000000000000e+09,1.721175445501899048e-02,-3.819925526972541263e+01
7.220666666666666985e+09,3.531870812910398172e-02,-3.820628260988711133e+01
7.220733333333333015e+09,-3.387107259896993128e-03,-3.827012271911156205e+01
7.220800000000000000e+09,2.622373437594660572e-02,-3.826564617131116819e+01
7.220866666666666985e+09,3.146041265922150387e-02,-3.828554378686367698e+01
7.220933333333333015e+09,2.862993317207696009e-02,-3.831350856018626416e+01
7.221000000000000000e+09,2.864912576081479756e-02,-3.833862366143331002e+01
7.221066666666666985e+09,1.037371706092216073e-02,-3.838203336396899346e+01
7.221133333333333015e+09,2.904908112610371518e-02,-3.838849229373925454e+01
7.221200000000000000e+09,2.264820897573116554e-02,-3.842002745972507682e+01
7.221266666666666985e+09,5.384014962444183539e-02,-3.841396981291214985e+01
7.221333333333333015e+09,2.849739874349666025e-03,-3.849009451649769176e+01
7.221400000000000000e+09,2.736525480888474249e-02,-3.849071329539894037e+01
7.221466666666666985e+09,1.688845209875466935e-02,-3.852632439194485414e+01
7.221533333333333015e+09,4.550143659513850025e-02,-3.852284570128392005e+01
7.221600000000000000e+09,6.260771181409552355e-03,-3.858722066053309874e+01
7.221666666666666985e+09,1.424576879745131919e-02,-3.860436995675284066e+01
7.221733333333333015e+09,1.873556010696830754e-02,-3.862501445927877342e+01
7.221800000000000000e+09,5.191489264827708894e-02,-3.861696942057324833e+01
7.221866666666666985e+09,2.457029993630044373e-02,-3.866944830712100867e+01
7.221933333333333015e+09,3.789830594904231020e-03,-3.871536307029785462e+01
7.222000000000000000e+09,1.800004837675572844e-02,-3.872628714635178682e+01
7.222066666666666985e+09,1.367760030414189032e-02,-3.875574388825985039e+01
7.222133333333333015e+09,2.013830700029473064e-02,-3.877441747539914729e+01
7.222200000000000000e+09,8.548514067570067709e-03,-3.881114156216765565e+01
7.222266666666666985e+09,2.964531857081453836e-02,-3.881517905150019487e+01
7.222333333333333015e+09,1.678861424991850981e-02,-3.885317004965654064e+01
7.222400000000000000e+09,1.686290157480385687e-02,-3.887823005616743899e+01
7.222466666666666985e+09,1.516448512902712764e-02,-3.890506276644866546e+01
7.222533333333333015e+09,2.273342514362752809e-02,-3.892262812026950769e+01
7.222600000000000000e+09,2.263929715338264259e-02,-3.894785654209553627e+01
7.222666666666666985e+09,1.585470785288123352e-02,-3.897977542523182137e+01
7.222733333333333015e+09,3.875991748216733868e-03,-3.901688843517193561e+01
7.222800000000000000e+09,1.454081974647181141e-02,-3.903135790100946423e+01
7.222866666666666985e+09,6.316943743641445508e-03,-3.906471607084774433e+01
7.222933333333333015e+09,2.866272660975255349e-02,-3.906750458181708296e+01
7.223000000000000000e+09,2.947328333676324519e-02,-3.909182831892585597e+01
7.223066666666666985e+09,1.947899240413164534e-02,-3.912695690369427126e+01
7.223133333333333015e+09,1.362897773469029516e-02,-3.915794121219916235e+01
7.223200000000000000e+09,1.335805468572459631e-02,-3.918334642908391174e+01
7.223266666666666985e+09,2.845572273010077424e-02,-3.919338305487531926e+01
7.223333333333333015e+09,1.860836291070455673e-02,-3.922836470852983126e+01
7.223400000000000000e+09,4.417353665935763729e-02,-3.922793382861696188e+01
7.223466666666666985e+09,3.363472313265702951e-02,-3.926360693597944618e+01
7.223533333333333015e+09,7.810331446918894471e-03,-3.931456562150063405e+01
7.223600000000000000e+09,2.249543117777363932e-02,-3.932501481560556300e+01
7.223666666666666985e+09,-1.276319021504690454e-02,-3.938540773083416724e+01
7.223733333333333015e+09,1.416753146014571030e-02,-3.938361130299409041e+01
7.223800000000000000e+09,-5.303561094450515156e-03,-3.942821668938447033e+01
7.223866666666666985e+09,5.264545579571233702e-03,-3.944278287654623227e+01
7.223933333333333015e+09,2.044689552021594636e-02,-3.945273482044103730e+01
7.224000000000000000e+09,3.991807010038428416e-02,-3.945839793969665266e+01
7.224066666666666985e+09,2.345583559337427459e-02,-3.949999446803944636e+01
7.224133333333333015e+09,1.432405342081466415e-02,-3.953426054404711465e+01
7.224200000000000000e+09,9.383445431090819966e-03,-3.956433544587262219e+01
7.224266666666666985e+09,8.211640575211731630e-03,-3.959064154456429208e+01
7.224333333333333015e+09,2.160527678543644470e-02,-3.960238220218951000e+01
7.224400000000000000e+09,1.414815377581390976e-02,-3.963497361903491623e+01
7.224466666666666985e+09,2.387706088597951748e-02,-3.965037900576053431e+01
7.224533333333333015e+09,2.525363297113614180e-02,-3.967413672751049347e+01
7.224600000000000000e+09,4.352775892077431763e-02,-3.968099689539663899e+01
7.224666666666666985e+09,5.202482244420991719e-03,-3.974445646590877601e+01
7.224733333333333015e+09,2.742505777975878800e-02,-3.974736818420888795e+01
7.224800000000000000e+09,2.293298564529777650e-02,-3.977699455017913266e+01
7.224866666666666985e+09,1.844294036295224259e-02,-3.980661888929726189e+01
7.224933333333333015e+09,-4.659239878243681687e-03,-3.985485536337390755e+01
7.225000000000000000e+09,2.911371664348649801e-02,-3.984621670068762711e+01
7.225066666666666985e+09,1.934101443573865708e-03,-3.989853060972332344e+01
7.225133333333333015e+09,7.493598561637782041e-03,-3.991810540644070926e+01
7.225200000000000000e+09,9.644337987765538855e-03,-3.994108896085036520e+01
7.225266666666666985e+09,9.113162080232939388e-03,-3.996675443059368149e+01
7.225333333333333015e+09,-4.648453093139437442e-03,-4.000565033960250361e+01
7.225400000000000000e+09,-4.401082161493263811e-03,-4.003053726250630717e+01
7.225466666666666985e+09,1.247352334781481886e-02,-4.003879695083278278e+01
7.225533333333333015e+09,2.659943855599777862e-02,-4.004980532946004956e+01
7.225600000000000000e+09,-1.686155103720921034e-02,-4.011840061288904025e+01
7.225666666666666985e+09,8.290211242837131067e-03,-4.011838314444477760e+01
7.225733333333333015e+09,7.613376525497983494e-03,-4.014419427299756649e+01
7.225800000000000000e+09,3.198206722190377604e-02,-4.014495987613661043e+01
7.225866666666666985e+09,1.167012715249882149e-03,-4.020090922447904802e+01
7.225933333333333015e+09,8.851384346861834729e-03,-4.021835914668287870e+01
7.226000000000000000e+09,1.311282115586465125e-02,-4.023923200370965958e+01
7.226066666666666985e+09,2.702408025102442934e-02,-4.025045503845028350e+01
7.226133333333333015e+09,-2.949576471665693589e-02,-4.033210917725341460e+01
7.226200000000000000e+09,-8.900306148966308228e-03,-4.033664801252150767e+01
7.226266666666666985e+09,-1.610940735467636387e-03,-4.035449294094345873e+01
7.226333333333333015e+09,2.562770898380506424e-02,-4.035238858505963577e+01
7.226400000000000000e+09,3.782342434047336610e-02,-4.036532716353875117e+01
7.226466666666666985e+09,-2.126815851979557692e-02,-4.044955304023480380e+01
7.226533333333333015e+09,-1.141558669610276411e-02,-4.046483476224656073e+01
7.226600000000000000e+09,4.472172701085241897e-03,-4.047408129668515642e+01
7.226666666666666985e+09,8.280049947302359215e-03,-4.049540771327438904e+01
7.226733333333333015e+09,2.426557791146422005e-03,-4.052639549926599472e+01
7.226800000000000000e+09,3.722098229562220695e-02,-4.051673536859730262e+01
7.226866666666666985e+09,-7.246556062952436150e-03,-4.058633720079166096e+01
7.226933333333333015e+09,-6.565861588896382273e-04,-4.060488152472304790e+01
7.227000000000000000e+09,1.264253872800935596e-02,-4.061671669367193260e+01
7.227066666666666985e+09,2.640860234641451143e-02,-4.062808492388931114e+01
7.227133333333333015e+09,1.710317489054347107e-02,-4.066252464518029797e+01
7.227200000000000000e+09,2.412761291355991489e-02,-4.068063450099306522e+01
7.227266666666666985e+09,-3.797854727828564592e-03,-4.073369426247023739e+01
7.227333333333333015e+09,1.617296027439607542e-02,-4.073885774130346249e+01
7.227400000000000000e+09,-5.663580743160423481e-03,-4.078582857615680268e+01
7.227466666666666985e+09,2.689461485267941043e-03,-4.080260982776415801e+01
7.227533333333333015e+09,1.788566488293952261e-03,-4.082864501659624068e+01
7.227600000000000000e+09,-1.097636557460646145e-03,-4.085666551347777897e+01
7.227666666666666985e+09,5.886453396762192369e-03,-4.087481571735934693e+01
7.227733333333333015e+09,-2.633652843464062698e-03,-4.090847011743501582e+01
7.227800000000000000e+09,2.887924358033444605e-02,-4.090209151484700101e+01
7.227866666666666985e+09,-2.161328402330298104e-02,-4.097771833628642213e+01
7.227933333333333015e+09,-1.543596643159617088e-02,-4.099667531252983110e+01
7.228000000000000000e+09,1.304881158904436234e-02,-4.099332482834497426e+01
7.228066666666666985e+09,1.451091070023835528e-04,-4.103136282466279994e+01
7.228133333333333015e+09,-1.098844817832400622e-02,-4.106763067578357607e+01
7.228200000000000000e+09,-6.345632657037469926e-03,-4.108812215409807322e+01
7.228266666666666985e+09,-2.846866154230554002e-02,-4.113537947681912499e+01
7.228333333333333015e+09,1.441666307415090387e-02,-4.111762844603778433e+01
7.228400000000000000e+09,-5.326131124697042196e-03,-4.116250553407241597e+01
7.228466666666666985e+09,-3.095168042532492336e-02,-4.121326537720882754e+01
7.228533333333333015e+09,-2.014168544624794777e-02,-4.122758967606520031e+01
7.228600000000000000e+09,8.627910387787096624e-03,-4.122395437406694896e+01
7.228666666666666985e+09,2.748918164279245957e-03,-4.125496766012624050e+01
7.228733333333333015e+09,-2.286116549475991633e-02,-4.130571203762072940e+01
7.228800000000000000e+09,-2.439556103068696302e-02,-4.133238072699210619e+01
7.228866666666666985e+09,-1.664033414062515703e-02,-4.134975979393782808e+01
7.228933333333333015e+09,-5.690950611790412950e-02,-4.141516325975055679e+01
7.229000000000000000e+09,-3.517372908208216131e-02,-4.141856177655051852e+01
7.229066666666666985e+09,-2.681559559529489434e-02,-4.143533793689951494e+01
7.229133333333333015e+09,-2.721350708483782910e-02,-4.146087014222450762e+01
7.229200000000000000e+09,-4.778096547919119530e-02,-4.150657189445430362e+01
7.229266666666666985e+09,-5.098235249535321145e-02,-4.153490757530624933e+01
7.229333333333333015e+09,-5.367427938112712127e-02,-4.156273379602747298e+01
7.229400000000000000e+09,-4.979631843393406143e-02,-4.158399012891606361e+01
7.229466666666666985e+09,-5.757850105020168030e-02,-4.161690660536811492e+01
7.229533333333333015e+09,-8.472512566963530389e-02,-4.166918752382299829e+01
7.229600000000000000e+09,-1.034794720099512233e-01,-4.171307616399876395e+01
7.229666666666666985e+09,-9.387925429169285962e-02,-4.172861024011628928e+01
7.229733333333333015e+09,-1.349481465757875753e-01,-4.179481342623583373e+01
7.229800000000000000e+09,-1.363409989490023122e-01,-4.182134057244483216e+01
7.229866666666666985e+09,-1.735263463535972051e-01,-4.188366021368521075e+01
7.229933333333333015e+09,-2.011335944507095519e-01,-4.193640175561777284e+01
7.230000000000000000e+09,-2.132166222732294614e-01,-4.197361907727607644e+01
7.230066666666666985e+09,-2.248036177535581714e-01,-4.201034036659185489e+01
7.230133333333333015e+09,-3.294849628378457851e-01,-4.214015600551159224e+01
7.230200000000000000e+09,-4.101788880422176931e-01,-4.224598422455174784e+01
7.230266666666666985e+09,2.244447781338934078e-01,-4.163649485221142044e+01
7.230333333333333015e+09,6.042439713334886164e-01,-4.128182995284727497e+01
7.230400000000000000e+09,4.363234037887124828e-01,-4.147488481422783480e+01
7.230466666666666985e+09,3.270422685218434822e-01,-4.160930024333015353e+01
7.230533333333333015e+09,2.648910307287053456e-01,-4.169658577495874141e+01
7.230600000000000000e+09,2.266702463879539664e-01,-4.175994085313527648e+01
7.230666666666666985e+09,2.078894102439505787e-01,-4.180385598311506357e+01
7.230733333333333015e+09,1.587919437253830779e-01,-4.187808774346908081e+01
7.230800000000000000e+09,1.495249737475461416e-01,-4.191248900728270144e+01
7.230866666666666985e+09,1.619686746019510792e-01,-4.192517960026374624e+01
7.230933333333333015e+09,1.457198533513235361e-01,-4.196656271534981641e+01
7.231000000000000000e+09,1.174980229078315119e-01,-4.201991883962909213e+01
7.231066666666666985e+09,1.286645603320692999e-01,-4.203388659604063804e+01
7.231133333333333015e+09,1.161301051505034820e-01,-4.207155534505765360e+01
7.231200000000000000e+09,1.265539920572535948e-01,-4.208626575198668718e+01
7.231266666666666985e+09,9.821708735127288037e-02,-4.213973695052845159e+01
7.231333333333333015e+09,1.084618648007307229e-01,-4.215462646691410953e+01
7.231400000000000000e+09,1.188179266354438823e-01,-4.216940469891518006e+01
7.231466666666666985e+09,1.185970254922636968e-01,-4.219475989389414394e+01
7.231533333333333015e+09,1.159777080409085670e-01,-4.222251350518094881e+01
7.231600000000000000e+09,9.790247364604454106e-02,-4.226572303341159653e+01
7.231666666666666985e+09,7.597901459948275260e-02,-4.231278078629394201e+01
7.231733333333333015e+09,1.043612685597707923e-01,-4.230953282616876976e+01
7.231800000000000000e+09,1.125787053741618138e-01,-4.232644968319016243e+01
7.231866666666666985e+09,7.543480691401072136e-02,-4.238872787548609722e+01
7.231933333333333015e+09,9.041424799347197450e-02,-4.239888272824208570e+01
7.232000000000000000e+09,1.043359218871415806e-01,-4.241009534818419979e+01
7.232066666666666985e+09,1.040183511934529292e-01,-4.243554721271367214e+01
7.232133333333333015e+09,7.259210776268787413e-02,-4.249210774997955298e+01
7.232200000000000000e+09,7.233101734340863231e-02,-4.251750313423461591e+01
7.232266666666666985e+09,7.977680889128890840e-02,-4.253519163652251933e+01
7.232333333333333015e+09,6.739941724472942042e-02,-4.257270332200452856e+01
7.232400000000000000e+09,7.962472390389052634e-02,-4.258561230918115115e+01
7.232466666666666985e+09,8.968857672427077432e-02,-4.260068275019655459e+01
7.232533333333333015e+09,8.294787166925488009e-02,-4.263255774908667917e+01
7.232600000000000000e+09,1.027595768069815563e-01,-4.263788033778473618e+01
7.232666666666666985e+09,6.209682757070567050e-02,-4.270367738085679576e+01
7.232733333333333015e+09,6.119263348228543009e-02,-4.272971586878066574e+01
7.232800000000000000e+09,7.349708899430140718e-02,-4.274254570710443346e+01
7.232866666666666985e+09,7.565273770551073085e-02,-4.276552435222900783e+01
7.232933333333333015e+09,6.655023841032203791e-02,-4.279976114535964626e+01
7.233000000000000000e+09,7.103905487903716676e-02,-4.282040662272638087e+01
7.233066666666666985e+09,6.781966786620330367e-02,-4.284876030357499843e+01
7.233133333333333015e+09,7.609529562655126256e-02,-4.286561896965010021e+01
7.233200000000000000e+09,5.423627997924285182e-02,-4.291261227913319232e+01
7.233266666666666985e+09,5.427530791009615996e-02,-4.293770754503812270e+01
7.233333333333333015e+09,6.155472344034507159e-02,-4.295556242334332353e+01
7.233400000000000000e+09,6.280296819056019331e-02,-4.297944847242855815e+01
7.233466666666666985e+09,5.611844931973308803e-02,-4.301126728513516895e+01
7.233533333333333015e+09,5.860019773219704575e-02,-4.303391983055815473e+01
7.233600000000000000e+09,6.901509257860993785e-02,-4.304863922954752553e+01
7.233666666666666985e+09,6.426271290990115403e-02,-4.307852590305201801e+01
7.233733333333333015e+09,6.467997179432671828e-02,-4.310324293800304218e+01
7.233800000000000000e+09,4.802280641104772485e-02,-4.314503439722177092e+01
7.233866666666666985e+09,6.980707602683366986e-02,-4.314838442144176867e+01
7.233933333333333015e+09,8.336248320868833162e-02,-4.315996330809536374e+01
7.234000000000000000e+09,6.073044449346554075e-02,-4.320772964064637023e+01
7.234066666666666985e+09,8.626299075306320674e-02,-4.320733138822255626e+01
7.234133333333333015e+09,4.969681233825440358e-02,-4.326903186047281480e+01
7.234200000000000000e+09,7.406083590202428013e-02,-4.326980213074482862e+01
7.234266666666666985e+09,6.619873053770675142e-02,-4.330279852994459588e+01
7.234333333333333015e+09,8.446916960048156398e-02,-4.330966238471726371e+01
7.234400000000000000e+09,7.861662681942505060e-02,-4.334064922133410391e+01
7.234466666666666985e+09,8.303829818368768656e-02,-4.336136184380562497e+01
7.234533333333333015e+09,6.443766692018471076e-02,-4.340509676890457769e+01
7.234600000000000000e+09,6.288021737034910075e-02,-4.343178851229019699e+01
7.234666666666666985e+09,3.285735417573221184e-02,-4.348694566932026362e+01
7.234733333333333015e+09,8.125214300073224649e-02,-4.346368517433071332e+01
7.234800000000000000e+09,7.855161173034019839e-02,-4.349151999943688907e+01
7.234866666666666985e+09,6.008117488791242522e-02,-4.353512473011510053e+01
7.234933333333333015e+09,6.711092594107270770e-02,-4.355322927289738999e+01
7.235000000000000000e+09,6.484985829051481687e-02,-4.358062463438373157e+01
7.235066666666666985e+09,8.310652896437886739e-02,-4.358750225754565122e+01
7.235133333333333015e+09,4.595146220278678584e-02,-4.364979161814235908e+01
7.235200000000000000e+09,4.645357548025685901e-02,-4.367442379870067271e+01
7.235266666666666985e+09,5.726840390291698668e-02,-4.368874326411379627e+01
7.235333333333333015e+09,6.020789117470570773e-02,-4.371093807067745729e+01
7.235400000000000000e+09,5.976668116093719618e-02,-4.373651357452700950e+01
7.235466666666666985e+09,7.268961275643448516e-02,-4.374872493676729590e+01
7.235533333333333015e+09,6.919696742178871318e-02,-4.377735187593705746e+01
7.235600000000000000e+09,8.909675059511101836e-02,-4.378258638659951885e+01
7.235666666666666985e+09,6.389893383994404985e-02,-4.383291849719046951e+01
7.235733333333333015e+09,6.123723953680126897e-02,-4.386071448532906203e+01
7.235800000000000000e+09,4.852136357451541926e-02,-4.389856465512713157e+01
7.235866666666666985e+09,7.806553036883912000e-02,-4.389415478216859157e+01
7.235933333333333015e+09,5.968646462467575020e-02,-4.393766814174786361e+01
7.236000000000000000e+09,6.332883966345548288e-02,-4.395916006054486758e+01
7.236066666666666985e+09,6.156590822517671313e-02,-4.398605728581893004e+01
7.236133333333333015e+09,5.973625378286584464e-02,-4.401302123409669065e+01
7.236200000000000000e+09,3.138954000472438111e-02,-4.406650224171061581e+01
7.236266666666666985e+09,6.442669828113878339e-02,-4.405859937726998510e+01
7.236333333333333015e+09,5.719460110872631731e-02,-4.409096576827751335e+01
7.236400000000000000e+09,7.034268080228400777e-02,-4.410295198241973935e+01
7.236466666666666985e+09,5.195152868859054252e-02,-4.414647742836921651e+01
7.236533333333333015e+09,7.110722217490916819e-02,-4.415245602871834762e+01
7.236600000000000000e+09,7.313559311110395811e-02,-4.417556195161793653e+01
7.236666666666666985e+09,3.872757222001155242e-02,-4.423510426634481263e+01
7.236733333333333015e+09,7.270146406228406022e-02,-4.422626466833765591e+01
7.236800000000000000e+09,5.828063126480031997e-02,-4.426581979497092334e+01
7.236866666666666985e+09,6.402381993169115049e-02,-4.428521090013981620e+01
7.236933333333333015e+09,7.939277053206694745e-02,-4.429497624337489015e+01
7.237000000000000000e+09,4.119045516415553720e-02,-4.435831285257858525e+01
7.237066666666666985e+09,6.555196575015287408e-02,-4.435908563582837161e+01
7.237133333333333015e+09,7.197586409221656822e-02,-4.437779603132175765e+01
7.237200000000000000e+09,6.996710796332905602e-02,-4.440493908128609490e+01
7.237266666666666985e+09,7.532559629304813598e-02,-4.442471488679215952e+01
7.237333333333333015e+09,4.680084472310852561e-02,-4.447837393219754887e+01
7.237400000000000000e+09,3.696943958216536430e-02,-4.451333963117427572e+01
7.237466666666666985e+09,8.462095738311603554e-02,-4.449082240720910875e+01
7.237533333333333015e+09,3.959849248010272049e-02,-4.456097916594756470e+01
7.237600000000000000e+09,6.921621173665926108e-02,-4.455649574052645789e+01
7.237666666666666985e+09,6.418595441010666036e-02,-4.458666029168880129e+01
7.237733333333333015e+09,4.878340705028705315e-02,-4.462719713288406354e+01
7.237800000000000000e+09,5.729035372968382944e-02,-4.464382448004045045e+01
7.237866666666666985e+09,4.637405376600156615e-02,-4.467987507383991641e+01
7.237933333333333015e+09,5.795796502988537213e-02,-4.469342545641148234e+01
7.238000000000000000e+09,5.334674311304610228e-02,-4.472317097216410531e+01
7.238066666666666985e+09,4.957512663501972838e-02,-4.475207688247758142e+01
7.238133333333333015e+09,4.759875984691319672e-02,-4.477918754310113769e+01
7.238200000000000000e+09,4.124739835479829253e-02,-4.481067319842903629e+01
7.238266666666666985e+09,4.830522597630704240e-02,-4.482874966464331123e+01
7.238333333333333015e+09,8.573046695219943558e-02,-4.481645871750286858e+01
7.238400000000000000e+09,4.960804017637343577e-02,-4.487771543811447827e+01
7.238466666666666985e+09,4.649118076941505251e-02,-4.490596659135688640e+01
7.238533333333333015e+09,7.115053639638091454e-02,-4.490644152956537027e+01
7.238600000000000000e+09,6.983794947802124398e-02,-4.493288841031951364e+01
7.238666666666666985e+09,6.188637017375953064e-02,-4.496597428345955905e+01
7.238733333333333015e+09,5.180476125339339433e-02,-4.500119018621537492e+01
7.238800000000000000e+09,8.596050230561758099e-02,-4.499216873899893443e+01
7.238866666666666985e+09,3.070466622542511459e-02,-4.507255886891457664e+01
7.238933333333333015e+09,6.185958295115057126e-02,-4.506653824602430092e+01
7.239000000000000000e+09,5.024633626419472421e-02,-4.510328578654704046e+01
7.239066666666666985e+09,5.123998706419996552e-02,-4.512742642958281891e+01
7.239133333333333015e+09,3.374847153002491495e-02,-4.517005223895244370e+01
7.239200000000000000e+09,6.511507034191765797e-02,-4.516381993397633465e+01
7.239266666666666985e+09,5.483362906789324143e-02,-4.519923566908614276e+01
7.239333333333333015e+09,6.033523200333945624e-02,-4.521886835998580523e+01
7.239400000000000000e+09,4.641276859442911018e-02,-4.525792511723049927e+01
7.239466666666666985e+09,2.794487583341975778e-02,-4.530152730382729231e+01
7.239533333333333015e+09,4.878298643119904909e-02,-4.530582348706496276e+01
7.239600000000000000e+09,4.605039557537793371e-02,-4.533369037175656757e+01
7.239666666666666985e+09,4.737187467299008858e-02,-4.535750318649473911e+01
7.239733333333333015e+09,5.344143828877179203e-02,-4.537656791671407319e+01
7.239800000000000000e+09,2.654218785134787595e-02,-4.542860146098728080e+01
7.239866666666666985e+09,5.759125263976727638e-02,-4.542268669003464510e+01
7.239933333333333015e+09,4.517946585135490523e-02,-4.546023277065850721e+01
7.240000000000000000e+09,6.408981487805931465e-02,-4.546645671546758649e+01
7.240066666666666985e+09,4.491044514042386027e-02,-4.551077037904100564e+01
7.240133333333333015e+09,1.280668117193783928e-02,-4.556800843684460744e+01
7.240200000000000000e+09,3.885184369489280698e-02,-4.556709756815743617e+01
7.240266666666666985e+09,4.338387191293691103e-02,-4.558769983377517576e+01
7.240333333333333015e+09,3.742430961354159535e-02,-4.561879368991002082e+01
7.240400000000000000e+09,4.402918486475471127e-02,-4.563732310849459139e+01
7.240466666666666985e+09,3.933196622065082693e-02,-4.566715462097447897e+01
7.240533333333333015e+09,5.507663959605935133e-02,-4.567654424143418623e+01
7.240600000000000000e+09,4.739395296748227793e-02,-4.570936122189854700e+01
7.240666666666666985e+09,3.844680985705650755e-02,-4.574344265884475647e+01
7.240733333333333015e+09,5.727852026090829440e-02,-4.574974524227635442e+01
7.240800000000000000e+09,3.612837366448218290e-02,-4.579602968270856422e+01
7.240866666666666985e+09,5.749774170869415002e-02,-4.579979460850013595e+01
7.240933333333333015e+09,4.667566698115876989e-02,-4.583575097706311396e+01
7.241000000000000000e+09,3.676349160727454546e-02,-4.587079744627244793e+01
7.241066666666666985e+09,3.939208361205714937e-02,-4.589330314810344902e+01
7.241133333333333015e+09,4.693688606602819391e-02,-4.591089263948492771e+01
7.241200000000000000e+09,4.287469394336085315e-02,-4.594008912544337875e+01
7.241266666666666985e+09,4.183260959836587745e-02,-4.596626550362415742e+01
7.241333333333333015e+09,4.486751755053575152e-02,-4.598836488950743728e+01
7.241400000000000000e+09,5.544146439591202125e-02,-4.600292523649751075e+01
7.241466666666666985e+09,3.809047989845737447e-02,-4.604541051483074909e+01
7.241533333333333015e+09,7.818270884375522201e-02,-4.603045257972090099e+01
7.241600000000000000e+09,6.344444179278951879e-02,-4.607032514060765038e+01
7.241666666666666985e+09,4.623687627844930148e-02,-4.611266699995777429e+01
7.241733333333333015e+09,1.368097004621660062e-02,-4.617035720002545673e+01
7.241800000000000000e+09,4.276174586487258011e-02,-4.616641071804225049e+01
7.241866666666666985e+09,3.978500149824526488e-02,-4.619452175624466150e+01
7.241933333333333015e+09,1.678386019336386425e-02,-4.624265719138499264e+01
7.242000000000000000e+09,3.372489867646777384e-02,-4.625085044673767243e+01
7.242066666666666985e+09,2.686472121300909066e-02,-4.628284491803691481e+01
7.242133333333333015e+09,3.895164552535845814e-02,-4.629589228756001518e+01
7.242200000000000000e+09,2.862117170358402518e-02,-4.633135705521757330e+01
7.242266666666666985e+09,4.636227119265612373e-02,-4.633875024956395094e+01
7.242333333333333015e+09,3.924736453512167600e-02,-4.637099945005693513e+01
7.242400000000000000e+09,2.148152980552708868e-02,-4.641389957862231341e+01
7.242466666666666985e+09,5.456018506082216390e-02,-4.640595521720280203e+01
7.242533333333333015e+09,4.215164047911912348e-02,-4.644349805561995481e+01
7.242600000000000000e+09,2.229769012081561641e-02,-4.648848629981403491e+01
7.242666666666666985e+09,1.195974896806006882e-02,-4.652395853480224019e+01
7.242733333333333015e+09,2.215219352518715823e-02,-4.653890038408056284e+01
7.242800000000000000e+09,3.818285516079811259e-02,-4.654800401628073558e+01
7.242866666666666985e+09,2.534593494863202068e-02,-4.658597523032868537e+01
7.242933333333333015e+09,4.619187827886150899e-02,-4.659026358083390562e+01
7.243000000000000000e+09,4.545634326682801429e-02,-4.661613340968172281e+01
7.243066666666666985e+09,6.105070944614965356e-02,-4.662567333733785091e+01
7.243133333333333015e+09,3.499016078061600865e-02,-4.667686817983883429e+01
7.243200000000000000e+09,4.412337500227891951e-02,-4.669286925945295508e+01
7.243266666666666985e+09,4.673482392654193518e-02,-4.671539210436447576e+01
7.243333333333333015e+09,3.720310893410072595e-02,-4.675005811319236670e+01
7.243400000000000000e+09,3.677502569453849901e-02,-4.677562049026771263e+01
7.243466666666666985e+09,3.751782035534034776e-02,-4.680001198944269447e+01
7.243533333333333015e+09,6.170231902849110384e-02,-4.680096178460465950e+01
7.243600000000000000e+09,3.351112433173852878e-02,-4.685428727313719577e+01
7.243666666666666985e+09,3.548874861738227082e-02,-4.687744394268733572e+01
7.243733333333333015e+09,2.171795866730974467e-02,-4.691634902647285799e+01
7.243800000000000000e+09,3.577789772015904646e-02,-4.692742338125579238e+01
7.243866666666666985e+09,1.071458118212120780e-02,-4.697762099162961391e+01
7.243933333333333015e+09,2.274319163078786232e-02,-4.699072667501606304e+01
7.244000000000000000e+09,2.762483978240481974e-02,-4.701097932070022978e+01
7.244066666666666985e+09,4.648243102770521773e-02,-4.701725602329071307e+01
7.244133333333333015e+09,4.004539963924713675e-02,-4.704882734851461379e+01
7.244200000000000000e+09,2.333409491961191407e-02,-4.709067294707003981e+01
7.244266666666666985e+09,1.131633148890642815e-02,-4.712782500433652899e+01
7.244333333333333015e+09,3.952534543038410675e-02,-4.712475028423015999e+01
7.244400000000000000e+09,4.546554739486907692e-02,-4.714394437610145872e+01
7.244466666666666985e+09,3.251519311971406978e-02,-4.718202902421239742e+01
7.244533333333333015e+09,4.036095261619010444e-02,-4.719931755855137112e+01
7.244600000000000000e+09,3.368661396886807324e-02,-4.723112619103447685e+01
7.244666666666666985e+09,2.775138574707369798e-02,-4.726219571309205492e+01
7.244733333333333015e+09,2.549593764244661998e-02,-4.728958545503179778e+01
7.244800000000000000e+09,4.553653213720565418e-02,-4.729467915437282244e+01
7.244866666666666985e+09,4.646040503551773782e-02,-4.731888957531029405e+01
7.244933333333333015e+09,5.375012116662247763e-02,-4.733673415301463905e+01
7.245000000000000000e+09,5.138231329064524289e-02,-4.736423625472639998e+01
7.245066666666666985e+09,3.750501631561320437e-02,-4.740324784553721571e+01
7.245133333333333015e+09,6.843989889630108792e-02,-4.739744725679197757e+01
7.245200000000000000e+09,2.243118531104926205e-02,-4.746859026421267913e+01
7.245266666666666985e+09,2.914702436778071615e-02,-4.748700871899173137e+01
7.245333333333333015e+09,1.618843905641398351e-02,-4.752510159813854784e+01
7.245400000000000000e+09,5.825085606003455041e-02,-4.750817347497071097e+01
7.245466666666666985e+09,1.376504256543853444e-02,-4.757779358230109068e+01
7.245533333333333015e+09,5.024563094905687421e-02,-4.756644728775292208e+01
7.245600000000000000e+09,2.061802086955566438e-02,-4.762120919166787303e+01
7.245666666666666985e+09,4.393240543909371354e-02,-4.762302910093411867e+01
7.245733333333333015e+09,4.089336804073440135e-02,-4.765120243216792773e+01
7.245800000000000000e+09,5.758018447823332053e-02,-4.765964990956621250e+01
7.245866666666666985e+09,2.841096775483009651e-02,-4.771395342012539942e+01
7.245933333333333015e+09,1.436077137356761568e-02,-4.775313791034211164e+01
7.246000000000000000e+09,2.285572096264587572e-02,-4.776977725458880997e+01
7.246066666666666985e+09,4.367675954108563019e-02,-4.777409050984581995e+01
7.246133333333333015e+09,1.525127951659044356e-02,-4.782765028370576488e+01
7.246200000000000000e+09,3.772093606354331996e-02,-4.783031492099459570e+01
7.246266666666666985e+09,2.248883873137685896e-02,-4.787068131216254585e+01
7.246333333333333015e+09,3.989839452209054116e-02,-4.787840605020728191e+01
7.246400000000000000e+09,1.603661701045666632e-02,-4.792740212155469948e+01
7.246466666666666985e+09,1.755640163633387374e-02,-4.795101663076427201e+01
7.246533333333333015e+09,2.931891588704615970e-02,-4.796438841034900946e+01
7.246600000000000000e+09,4.962033196861170836e-02,-4.796922128810322761e+01
7.246666666666666985e+09,1.589169108090260352e-02,-4.802808422282672041e+01
7.246733333333333015e+09,3.263526588145992946e-02,-4.803647494186161282e+01
7.246800000000000000e+09,3.819348166018698976e-02,-4.805605101991866945e+01
7.246866666666666985e+09,9.018185173459869475e-03,-4.811036061024084631e+01
7.246933333333333015e+09,2.778412694813425787e-02,-4.811672896230162166e+01
7.247000000000000000e+09,1.371789379654586583e-02,-4.815592948928899375e+01
7.247066666666666985e+09,-7.861976499157208309e-04,-4.819556787457123903e+01
7.247133333333333015e+09,2.022416451742969912e-02,-4.819969180623934335e+01
7.247200000000000000e+09,2.659591563971019923e-02,-4.821845434895284654e+01
7.247266666666666985e+09,2.130673477487476930e-02,-4.824887782365346567e+01
7.247333333333333015e+09,1.140151202250905271e-02,-4.828391734024094006e+01
7.247400000000000000e+09,2.829595197889744895e-02,-4.829215719412034247e+01
7.247466666666666985e+09,4.795879107730627311e-02,-4.829762864885771023e+01
7.247533333333333015e+09,1.232294934531807939e-02,-4.835839878442514816e+01
7.247600000000000000e+09,1.109205509186494965e-02,-4.838476397251439209e+01
7.247666666666666985e+09,1.874586553289958601e-02,-4.840224445590913405e+01
7.247733333333333015e+09,2.931351799981740669e-02,-4.841681109727733201e+01
7.247800000000000000e+09,2.395593856447675307e-02,-4.844730297054845636e+01
7.247866666666666985e+09,2.554129208895261627e-02,-4.847085191085976419e+01
7.247933333333333015e+09,1.269289542157991946e-03,-4.852025820724200855e+01
7.248000000000000000e+09,3.835607725437029103e-02,-4.850830571336557995e+01
7.248066666666666985e+09,2.369631386017800878e-02,-4.854809977059555592e+01
7.248133333333333015e+09,1.589182321978910295e-02,-4.858103855507106061e+01
7.248200000000000000e+09,2.733200505064559138e-02,-4.859473266707598782e+01
7.248266666666666985e+09,1.374868348953128816e-02,-4.863345028247288582e+01
7.248333333333333015e+09,2.645672529772014059e-02,-4.864587653450014670e+01
7.248400000000000000e+09,1.420872272389317459e-02,-4.868325883090975736e+01
7.248466666666666985e+09,2.551408220048045905e-02,-4.869708776526895377e+01
7.248533333333333015e+09,2.427702354496119597e-02,-4.872345911775958882e+01
7.248600000000000000e+09,3.081102830937965109e-02,-4.874205940683095406e+01
7.248666666666666985e+09,3.915274071282937030e-02,-4.875885198826328804e+01
7.248733333333333015e+09,2.727939700184123240e-02,-4.879585962580972591e+01
7.248800000000000000e+09,1.252911320337091183e-02,-4.883574420344397993e+01
7.248866666666666985e+09,1.489059115101554198e-02,-4.885851701933211899e+01
7.248933333333333015e+09,4.656333725115757716e-02,-4.885197856706742670e+01
7.249000000000000000e+09,3.513381034584739382e-02,-4.888854238780817951e+01
7.249066666666666985e+09,4.422847869157919831e-02,-4.890458201329823851e+01
7.249133333333333015e+09,3.630458687047166677e-02,-4.893764019895479578e+01
7.249200000000000000e+09,5.876056407458918329e-03,-4.899320302325358512e+01
7.249266666666666985e+09,3.820159093442043741e-02,-4.898601178256241440e+01
7.249333333333333015e+09,3.196083972129315498e-02,-4.901738682761099142e+01
7.249400000000000000e+09,2.685643810136895127e-02,-4.904762552306635826e+01
7.249466666666666985e+09,4.550307450091395367e-02,-4.905411318050259695e+01
7.249533333333333015e+09,1.731571661224506897e-02,-4.910743483222671557e+01
7.249600000000000000e+09,1.208287886160519520e-02,-4.913780196381313914e+01
7.249666666666666985e+09,3.713580647117709077e-02,-4.913788333003935094e+01
7.249733333333333015e+09,1.812322692879320130e-02,-4.918203020341718457e+01
7.249800000000000000e+09,1.828821007676850741e-02,-4.920699951410465900e+01
7.249866666666666985e+09,8.688021700535841774e-04,-4.924955321584715762e+01
7.249933333333333015e+09,4.092813873199929731e-04,-4.927514703046534095e+01
7.250000000000000000e+09,2.109250240740578874e-02,-4.927959810328103885e+01
7.250066666666666985e+09,1.738758440852450349e-02,-4.930843731511570383e+01
7.250133333333333015e+09,5.352145534250496439e-02,-4.929743773801717310e+01
7.250200000000000000e+09,1.781010933121507378e-02,-4.935828337786424669e+01
7.250266666666666985e+09,1.647435786553330672e-02,-4.938475342316537819e+01
7.250333333333333015e+09,2.347310786419853912e-02,-4.940288896700216270e+01
7.250400000000000000e+09,4.248145506075218236e-03,-4.944724822319606972e+01
7.250466666666666985e+09,5.694886051639258540e-02,-4.941968180202153604e+01
7.250533333333333015e+09,3.386670128894309073e-02,-4.946789825508443528e+01
7.250600000000000000e+09,3.188135097072120061e-02,-4.949501789923844086e+01
7.250666666666666985e+09,1.907662861405867716e-03,-4.955012588118320593e+01
7.250733333333333015e+09,1.142438507383047863e-02,-4.956574345280622396e+01
7.250800000000000000e+09,2.780857132419356503e-02,-4.957449356039165167e+01
7.250866666666666985e+09,5.545264219188084098e-02,-4.957198378335974098e+01
7.250933333333333015e+09,4.488439609753669401e-02,-4.960768632328953487e+01
7.251000000000000000e+09,2.693981583239235533e-02,-4.965076519739047001e+01
7.251066666666666985e+09,4.450459148002749998e-02,-4.965833471557828460e+01
7.251133333333333015e+09,3.337349325193628147e-02,-4.969460010764181845e+01
7.251200000000000000e+09,2.034089456094534398e-02,-4.973276700016859309e+01
7.251266666666666985e+09,3.256912363806918620e-02,-4.974567306492725294e+01
7.251333333333333015e+09,2.354057540117793224e-02,-4.977983590699959393e+01
7.251400000000000000e+09,1.683962815527451085e-02,-4.981167114808128105e+01
7.251466666666666985e+09,3.191344006524587940e-02,-4.982173163000709337e+01
7.251533333333333015e+09,2.645334183939240802e-02,-4.985232602206806263e+01
7.251600000000000000e+09,2.109344306881411057e-02,-4.988282021467442462e+01
7.251666666666666985e+09,1.483843368430370901e-02,-4.991420951789471872e+01
7.251733333333333015e+09,-4.376637140317996000e-03,-4.995855888255479016e+01
7.251800000000000000e+09,3.560432511219602247e-02,-4.994371221413805984e+01
7.251866666666666985e+09,3.290176585958448641e-02,-4.997154906722645507e+01
7.251933333333333015e+09,9.347367347473323207e-03,-5.002023775957368201e+01
7.252000000000000000e+09,5.265137405224606937e-03,-5.004945428335171442e+01
7.252066666666666985e+09,1.970215167497713082e-02,-5.006015156291774559e+01
7.252133333333333015e+09,2.466099717163672267e-02,-5.008032701125653574e+01
7.252200000000000000e+09,-8.968714409789413367e-04,-5.013101917370493510e+01
7.252266666666666985e+09,2.988702529822262477e-02,-5.012536957080151723e+01
7.252333333333333015e+09,2.203906908090402794e-02,-5.015835182085395161e+01
7.252400000000000000e+09,2.454687311633563240e-03,-5.020307049645899866e+01
7.252466666666666985e+09,1.564582847633744223e-02,-5.021501364913008558e+01
7.252533333333333015e+09,7.344253576242465442e-03,-5.024844951786563030e+01
7.252600000000000000e+09,3.018215591560391431e-02,-5.025074590936204544e+01
7.252666666666666985e+09,2.027633035743292567e-02,-5.028578602875600723e+01
7.252733333333333015e+09,2.562918122087864958e-03,-5.032863373482646097e+01
7.252800000000000000e+09,3.077172537221883886e-02,-5.032555922141211369e+01
7.252866666666666985e+09,2.307381075601711018e-02,-5.035839142986409911e+01
7.252933333333333015e+09,2.076813968294999313e-02,-5.038583139477261597e+01
7.253000000000000000e+09,9.374172487497389739e-03,-5.042235965580385226e+01
7.253066666666666985e+09,3.492572329862042579e-02,-5.042194239882851292e+01
7.253133333333333015e+09,2.611945041837060444e-02,-5.045588296554421248e+01
7.253200000000000000e+09,4.242829885721022265e-02,-5.046470841094082260e+01
7.253266666666666985e+09,2.198169685969020293e-02,-5.051028930677412632e+01
7.253333333333333015e+09,3.740626952190240218e-02,-5.051999902794736386e+01
7.253400000000000000e+09,-5.134836577006751668e-03,-5.058767442788205670e+01
7.253466666666666985e+09,4.019545175502514667e-03,-5.060365433996533113e+01
7.253533333333333015e+09,1.274841582922192629e-02,-5.062005976314706146e+01
7.253600000000000000e+09,4.475045318885406687e-02,-5.061319201962287906e+01
7.253666666666666985e+09,5.986140445047993808e-02,-5.062321536219703688e+01
7.253733333333333015e+09,4.073806829619996961e-02,-5.066747299218676659e+01
7.253800000000000000e+09,-1.001572199375999617e-02,-5.074336107631251025e+01
7.253866666666666985e+09,1.243638016271120250e-02,-5.074604326799182274e+01
7.253933333333333015e+09,3.223907386147573106e-02,-5.075137486812850796e+01
7.254000000000000000e+09,1.333412374360420927e-02,-5.079541411208182922e+01
7.254066666666666985e+09,2.725820510520549078e-02,-5.080662432455600452e+01
7.254133333333333015e+09,2.184239306879476317e-02,-5.083717443042786499e+01
7.254200000000000000e+09,4.673211920163566901e-02,-5.083741899813081488e+01
7.254266666666666985e+09,8.966335271189507239e-03,-5.090031907589703764e+01
7.254333333333333015e+09,-1.404855608677735290e-02,-5.094846826109045423e+01
7.254400000000000000e+09,4.268083585213844344e-02,-5.091687316298732924e+01
7.254466666666666985e+09,1.151948956007231573e-02,-5.097316880311483800e+01
7.254533333333333015e+09,4.729273907839370850e-02,-5.096252984743196635e+01
7.254600000000000000e+09,2.213378014059941279e-02,-5.101282310020554434e+01
7.254666666666666985e+09,8.294284622380132532e-03,-5.105179688955954731e+01
7.254733333333333015e+09,5.970988305350033443e-03,-5.107925447971202715e+01
7.254800000000000000e+09,3.439268177643128865e-02,-5.107596708007672959e+01
7.254866666666666985e+09,3.680583673779835863e-02,-5.109868821895081226e+01
7.254933333333333015e+09,2.000150150545465522e-02,-5.114062684801860570e+01
7.255000000000000000e+09,3.518104115482145744e-02,-5.115058160220502259e+01
7.255066666666666985e+09,4.188365980603947492e-02,-5.116901327738958827e+01
7.255133333333333015e+09,-1.385378678122606289e-04,-5.123616976889888974e+01
7.255200000000000000e+09,2.486432000512905915e-02,-5.123630120486173212e+01
7.255266666666666985e+09,2.489744343559152640e-02,-5.126140237526705334e+01
7.255333333333333015e+09,2.959539705173597213e-02,-5.128183871548602468e+01
7.255400000000000000e+09,2.867623659511053802e-02,-5.130789216977843381e+01
7.255466666666666985e+09,-4.533683226995322002e-03,-5.136623638343632337e+01
7.255533333333333015e+09,2.006790127976643134e-02,-5.136676909276501135e+01
7.255600000000000000e+09,3.688143191935466803e-02,-5.137508985596120681e+01
7.255666666666666985e+09,1.709466164331274740e-02,-5.142001092007303242e+01
7.255733333333333015e+09,4.501763337358966055e-03,-5.145773811221410199e+01
7.255800000000000000e+09,2.830332415654623901e-02,-5.145907084523069130e+01
7.255866666666666985e+09,3.899363129661281846e-02,-5.147351483192641552e+01
7.255933333333333015e+09,2.135906824435096496e-02,-5.151628368881412712e+01
7.256000000000000000e+09,2.400670842273200378e-02,-5.153877034247152267e+01
7.256066666666666985e+09,5.868740912511327679e-03,-5.158204260381753414e+01
7.256133333333333015e+09,2.906292895398365772e-02,-5.158398270961117049e+01
7.256200000000000000e+09,1.976508831582890480e-02,-5.161841484408510894e+01
7.256266666666666985e+09,2.220051740743400615e-02,-5.164111370882928753e+01
7.256333333333333015e+09,2.754541102218155402e-02,-5.166090310904998972e+01
7.256400000000000000e+09,8.848745501730093110e-03,-5.170473406840622488e+01
7.256466666666666985e+09,6.909867644857570212e-03,-5.173180724009888110e+01
7.256533333333333015e+09,-2.561455022785708024e-03,-5.176641285660164016e+01
7.256600000000000000e+09,5.037337765756433328e-04,-5.178848196163806250e+01
7.256666666666666985e+09,2.333423923421662494e-02,-5.179078575001620521e+01
7.256733333333333015e+09,8.291881982145810071e-03,-5.183096240110372577e+01
7.256800000000000000e+09,1.169764371830694927e-03,-5.186321881254982458e+01
7.256866666666666985e+09,8.226354754889086962e-03,-5.188129651600254988e+01
7.256933333333333015e+09,-1.372699458308090925e-03,-5.191602986405119680e+01
7.257000000000000000e+09,2.425445973310758063e-02,-5.191553699869523086e+01
7.257066666666666985e+09,2.745278935513084662e-02,-5.193747296290899129e+01
7.257133333333333015e+09,7.728132804928122823e-03,-5.198233191329464375e+01
7.257200000000000000e+09,1.220970962478418187e-02,-5.200298463031057139e+01
7.257266666666666985e+09,1.747845461436270398e-02,-5.202285017915677656e+01
7.257333333333333015e+09,2.600107490503944518e-02,-5.203946185270154956e+01
7.257400000000000000e+09,1.976019589346833527e-02,-5.207083702554857041e+01
7.257466666666666985e+09,9.313971002718801628e-03,-5.210641754427509653e+01
7.257533333333333015e+09,3.804851001788733811e-03,-5.213706095811147634e+01
7.257600000000000000e+09,-3.719644099419383565e-03,-5.216971974704847526e+01
7.257666666666666985e+09,1.263275444559042171e-02,-5.217850164233924204e+01
7.257733333333333015e+09,1.228978835679583881e-02,-5.220397890226348636e+01
7.257800000000000000e+09,9.934095481746396672e-03,-5.223146888897398554e+01
7.257866666666666985e+09,7.587450911948678822e-03,-5.225894982737956695e+01
7.257933333333333015e+09,-4.831715740337472198e-03,-5.229650328786730284e+01
7.258000000000000000e+09,1.440057549597639763e-02,-5.230240529046677267e+01
7.258066666666666985e+09,-1.985536884061644969e-02,-5.236179552863914921e+01
7.258133333333333015e+09,1.033163971403894266e-02,-5.235674281391994356e+01
7.258200000000000000e+09,2.009530134309045479e-02,-5.237211344612667574e+01
7.258266666666666985e+09,1.775560628637862237e-02,-5.239958743501883731e+01
7.258333333333333015e+09,1.519629501226660295e-02,-5.242728104012839907e+01
7.258400000000000000e+09,-3.782830701091199899e-03,-5.247139445967754057e+01
7.258466666666666985e+09,1.016034583813052450e-02,-5.248258557697410254e+01
7.258533333333333015e+09,2.690663241146751261e-02,-5.249097358423621529e+01
7.258600000000000000e+09,-1.433298108821645656e-02,-5.255734749157168295e+01
7.258666666666666985e+09,1.890169864111612696e-03,-5.256625863445480462e+01
7.258733333333333015e+09,-2.284182809151502624e-02,-5.261612492624588100e+01
7.258800000000000000e+09,2.320211976073949245e-02,-5.259521527222941017e+01
7.258866666666666985e+09,-2.050661040213697106e-02,-5.266405829622807033e+01
7.258933333333333015e+09,2.640342041199517098e-02,-5.264228255924938793e+01
7.259000000000000000e+09,-1.482939964461138516e-03,-5.269530321346162793e+01
7.259066666666666985e+09,9.011625933744937811e-03,-5.270994294139887160e+01
7.259133333333333015e+09,-6.559415551876668360e-04,-5.274474480272325394e+01
7.259200000000000000e+09,1.521484714828602591e-03,-5.276770167028901426e+01
7.259266666666666985e+09,-1.237923883662972457e-02,-5.280673668767626339e+01
7.259333333333333015e+09,-2.410378232042376112e-02,-5.284359552499550716e+01
7.259400000000000000e+09,7.789606238539192873e-03,-5.283683643027232080e+01
7.259466666666666985e+09,-1.951064335470675815e-02,-5.288927097370135755e+01
7.259533333333333015e+09,-2.270999273813600894e-02,-5.291760461691989548e+01
7.259600000000000000e+09,-1.711066380408254872e-02,-5.293713958182162571e+01
7.259666666666666985e+09,-1.229304319753055097e-02,-5.295745625505085741e+01
7.259733333333333015e+09,8.133883473121272800e-03,-5.296216362221565532e+01
7.259800000000000000e+09,-2.330432012286109966e-03,-5.299776223153684640e+01
7.259866666666666985e+09,3.823773557968479508e-03,-5.301674231980237550e+01
7.259933333333333015e+09,-3.114291591948870064e-02,-5.307684330311494847e+01
7.260000000000000000e+09,-2.511507580760508063e-02,-5.309594975683884854e+01
7.260066666666666985e+09,-1.189576602835273889e-02,-5.310786474089537990e+01
7.260133333333333015e+09,-3.880725626800796135e-02,-5.315991052497048486e+01
7.260200000000000000e+09,-3.157122399401401935e-02,-5.317780878653227461e+01
7.260266666666666985e+09,-6.664877123571955053e-02,-5.323802062760976384e+01
7.260333333333333015e+09,-2.292549285834866168e-02,-5.321943164306750873e+01
7.260400000000000000e+09,-1.738143871757813486e-02,-5.323902188276252190e+01
7.260466666666666985e+09,-3.710219699577521624e-02,-5.328387693487650267e+01
7.260533333333333015e+09,-5.019112434033701220e-02,-5.332210015605651421e+01
7.260600000000000000e+09,-6.636570244015871367e-02,-5.336340902799211960e+01
7.260666666666666985e+09,-3.009036333205017399e-02,-5.335226798271979476e+01
7.260733333333333015e+09,-6.026284278161853081e-02,-5.340757475600447179e+01
7.260800000000000000e+09,-3.824744034113791713e-02,-5.341069364739978198e+01
7.260866666666666985e+09,-4.327447585504273775e-02,-5.344085497674946339e+01
7.260933333333333015e+09,-5.519207318195640255e-02,-5.347790686791182679e+01
7.261000000000000000e+09,-6.328602464378718651e-02,-5.351113511320944838e+01
7.261066666666666985e+09,-1.019389357875439828e-01,-5.357492231818898176e+01
7.261133333333333015e+09,-1.011080435662350396e-01,-5.359922571980312256e+01
7.261200000000000000e+09,-1.124572476791954045e-01,-5.363570921775153266e+01
7.261266666666666985e+09,-1.153770906059818913e-01,-5.366376335451410284e+01
7.261333333333333015e+09,-1.291908876685994301e-01,-5.370271144541217012e+01
7.261400000000000000e+09,-1.275639945604609693e-01,-5.372621884613981535e+01
7.261466666666666985e+09,-1.478151098794668883e-01,-5.377160425529460497e+01
7.261533333333333015e+09,-1.654833470636063453e-01,-5.381440678631419416e+01
7.261600000000000000e+09,-2.444267388989160850e-01,-5.391848447198495364e+01
7.261666666666666985e+09,-2.226876191681625983e-01,-5.392187964608998385e+01
7.261733333333333015e+09,-2.306668056420306812e-01,-5.395499312639930167e+01
7.261800000000000000e+09,-2.360684765963512177e-01,-5.398552909118940590e+01
7.261866666666666985e+09,-2.959119131770364675e-01,-5.407050682160587485e+01
7.261933333333333015e+09,-4.359520832221335240e-01,-5.423568128548642164e+01
7.262000000000000000e+09,-1.405439990030075137e-01,-5.396540749510274537e+01
7.262066666666666985e+09,6.161448117223571330e-01,-5.323385297821316442e+01
7.262133333333333015e+09,4.703881672689149696e-01,-5.340474391650205632e+01
7.262200000000000000e+09,3.630426861802078520e-01,-5.353722369142654713e+01
7.262266666666666985e+09,2.932566053252898541e-01,-5.363214406611724883e+01
7.262333333333333015e+09,2.399386540365568976e-01,-5.371059631124143152e+01
7.262400000000000000e+09,2.189561234853130145e-01,-5.375671313562845910e+01
7.262466666666666985e+09,1.917906155593271933e-01,-5.380901293738989466e+01
7.262533333333333015e+09,1.574186163159367879e-01,-5.386851923046873480e+01
7.262600000000000000e+09,1.450163181695955927e-01,-5.390605582245085259e+01
7.262666666666666985e+09,1.214068509964221221e-01,-5.395479958345981686e+01
7.262733333333333015e+09,1.645934301061870997e-01,-5.393674729818550162e+01
7.262800000000000000e+09,1.058467575887576118e-01,-5.402062826453870770e+01
7.262866666666666985e+09,1.155133058014570224e-01,-5.403609601016145803e+01
7.262933333333333015e+09,9.580784123851771028e-02,-5.408093576855984708e+01
7.263000000000000000e+09,1.054278549923211017e-01,-5.409645004864182738e+01
7.263066666666666985e+09,9.741297635414980505e-02,-5.412959922111578237e+01
7.263133333333333015e+09,1.042018696992670357e-01,-5.414794462160611488e+01
7.263200000000000000e+09,9.580141581479040269e-02,-5.418147936932637521e+01
7.263266666666666985e+09,5.768635623909545984e-02,-5.424472872273785384e+01
7.263333333333333015e+09,8.946656820164378132e-02,-5.423808280461042131e+01
7.263400000000000000e+09,7.685529512756517079e-02,-5.427582837152028361e+01
7.263466666666666985e+09,7.964386648882282316e-02,-5.429817409399480965e+01
7.263533333333333015e+09,6.271648322277911802e-02,-5.434023577109630310e+01
7.263600000000000000e+09,5.485743311002266864e-02,-5.437322911504484324e+01
7.263666666666666985e+09,6.747279127824157285e-02,-5.438574805071240803e+01
7.263733333333333015e+09,4.852936255852569047e-02,-5.442982577326723970e+01
7.263800000000000000e+09,6.081300334862760337e-02,-5.444267642631292148e+01
7.263866666666666985e+09,4.777947344198452129e-02,-5.448084425005534825e+01
7.263933333333333015e+09,6.176628150192442490e-02,-5.449199173583085809e+01
7.264000000000000000e+09,5.735080082992993766e-02,-5.452154151033863627e+01
7.264066666666666985e+09,7.239809716769940451e-02,-5.453162850783665050e+01
7.264133333333333015e+09,7.248740143222676124e-02,-5.455667349740723182e+01
7.264200000000000000e+09,5.966756043397936082e-02,-5.459462763224127002e+01
7.264266666666666985e+09,5.665638763483826779e-02,-5.462277309887618770e+01
7.264333333333333015e+09,5.176741540775253725e-02,-5.465279636493872317e+01
7.264400000000000000e+09,5.369045595680432825e-02,-5.467600761822546218e+01
7.264466666666666985e+09,5.972936045468912880e-02,-5.469510300756335397e+01
7.264533333333333015e+09,5.210209970005763580e-02,-5.472786456215310125e+01
7.264600000000000000e+09,4.639812400045428831e-02,-5.475870283168848829e+01
7.264666666666666985e+09,6.619372143221369242e-02,-5.476404152809251258e+01
7.264733333333333015e+09,5.365334680155342539e-02,-5.480171619655862258e+01
7.264800000000000000e+09,5.756971539229738255e-02,-5.482293412180366232e+01
7.264866666666666985e+09,2.346369696767425239e-02,-5.488217443406406915e+01
7.264933333333333015e+09,7.167065507920966638e-02,-5.485910176978764952e+01
7.265000000000000000e+09,4.892054783655197525e-02,-5.490698617086609090e+01
7.265066666666666985e+09,3.940326140008210132e-02,-5.494163775113834447e+01
7.265133333333333015e+09,5.047098210274469920e-02,-5.495570432427113161e+01
7.265200000000000000e+09,4.025286971759101107e-02,-5.499105673049206899e+01
7.265266666666666985e+09,5.140700922845553578e-02,-5.500503688481698816e+01
7.265333333333333015e+09,1.892893400037820584e-02,-5.506264925388051523e+01
7.265400000000000000e+09,3.236333184416650965e-02,-5.507434914987217667e+01
7.265466666666666985e+09,2.679049759990448365e-02,-5.510505627795222239e+01
7.265533333333333015e+09,2.350737118844392626e-02,-5.513347369819913268e+01
7.265600000000000000e+09,4.272268184673322367e-02,-5.513939268137662708e+01
7.265666666666666985e+09,4.319652611144420007e-02,-5.516405313094769980e+01
7.265733333333333015e+09,4.862312623018993918e-02,-5.518376082466439669e+01
7.265800000000000000e+09,2.888657102896985407e-02,-5.522863167370106652e+01
7.265866666666666985e+09,4.699792064337771080e-02,-5.523565461792244946e+01
7.265933333333333015e+09,4.501264367107182807e-02,-5.526277418873020508e+01
7.266000000000000000e+09,2.129460927194770647e-02,-5.531162651696510579e+01
7.266066666666666985e+09,2.377128006910567137e-02,-5.533428414000373863e+01
7.266133333333333015e+09,3.611731871881573852e-02,-5.534707239518947119e+01
7.266200000000000000e+09,3.842677152811546648e-02,-5.536989723621595516e+01
7.266266666666666985e+09,4.000130099127829908e-02,-5.539345700058824207e+01
7.266333333333333015e+09,2.805333212369731655e-02,-5.543053926329127279e+01
7.266400000000000000e+09,4.118313467374434822e-02,-5.544254375457700945e+01
7.266466666666666985e+09,2.208790940979810102e-02,-5.548677327367673939e+01
7.266533333333333015e+09,3.684425554682491111e-02,-5.549715122137516232e+01
7.266600000000000000e+09,3.263210120754678201e-02,-5.552649766955022415e+01
7.266666666666666985e+09,3.140297427443528022e-02,-5.555286109031878539e+01
7.266733333333333015e+09,3.530708548730387975e-02,-5.557409127294136653e+01
7.266800000000000000e+09,8.084153926617432262e-04,-5.563372423687179236e+01
7.266866666666666985e+09,1.194202991516846168e-02,-5.564772491618506933e+01
7.266933333333333015e+09,3.966973311993626794e-02,-5.564513150681575127e+01
7.267000000000000000e+09,3.523207949449869147e-02,-5.567470345427697254e+01
7.267066666666666985e+09,5.274622709707443846e-02,-5.568232360050984653e+01
7.267133333333333015e+09,1.804634924353365477e-02,-5.574215777219883705e+01
7.267200000000000000e+09,3.079531589641248956e-02,-5.575454309938174191e+01
7.267266666666666985e+09,2.856412144140563214e-02,-5.578190858767253246e+01
7.267333333333333015e+09,3.381571303929575834e-02,-5.580179128991009208e+01
7.267400000000000000e+09,1.523156417155746567e-02,-5.584550973261361406e+01
7.267466666666666985e+09,9.636999985843885952e-03,-5.587623859063511134e+01
7.267533333333333015e+09,9.333783759984726203e-03,-5.590167610069607917e+01
7.267600000000000000e+09,7.293640326544448271e-03,-5.592885053796531025e+01
7.267666666666666985e+09,3.891897010131373236e-02,-5.592235950202631756e+01
7.267733333333333015e+09,2.057013559719678142e-02,-5.596584263036588425e+01
7.267800000000000000e+09,1.983033035422465673e-03,-5.600956402676344936e+01
7.267866666666666985e+09,3.177486318514155528e-02,-5.600490649044950686e+01
7.267933333333333015e+09,5.760017250760540719e-02,-5.600421547496215879e+01
7.268000000000000000e+09,5.079250129902845856e-03,-5.608187069117564505e+01
7.268066666666666985e+09,3.625749612601936178e-02,-5.607582673901531223e+01
7.268133333333333015e+09,1.454287864952874543e-02,-5.612267565032725258e+01
7.268200000000000000e+09,3.221764994621167943e-02,-5.613013517286635334e+01
7.268266666666666985e+09,2.875092946802482174e-02,-5.615873618718032390e+01
7.268333333333333015e+09,1.664326166358165437e-02,-5.619597814881988285e+01
7.268400000000000000e+09,4.653248500509477026e-02,-5.619122321931415343e+01
7.268466666666666985e+09,3.338384149682838142e-02,-5.622950615665820351e+01
7.268533333333333015e+09,5.088458591669819953e-02,-5.623713970607378343e+01
7.268600000000000000e+09,-4.354831175646722841e-03,-5.631751341700191205e+01
7.268666666666666985e+09,3.188652615794040912e-02,-5.630640635350410861e+01
7.268733333333333015e+09,2.879900531631562899e-03,-5.636054727296552613e+01
7.268800000000000000e+09,5.115012666853147039e-02,-5.633741134066441703e+01
7.268866666666666985e+09,1.318199790233620661e-02,-5.640051376326639598e+01
7.268933333333333015e+09,3.046983052961138583e-03,-5.643578307195121369e+01
7.269000000000000000e+09,-4.551734876130808516e-03,-5.646851608371609643e+01
7.269066666666666985e+09,3.611606017830837345e-02,-5.645298258249743384e+01
7.269133333333333015e+09,3.655489115530485833e-04,-5.651386738759963890e+01
7.269200000000000000e+09,3.136897621170220418e-02,-5.650799825413493949e+01
7.269266666666666985e+09,3.939166408315486478e-02,-5.652510986009927763e+01
7.269333333333333015e+09,4.873105661295085156e-02,-5.654090476140493138e+01
7.269400000000000000e+09,-1.614853445469321969e-02,-5.663091864630835204e+01
7.269466666666666985e+09,2.365245624829981352e-03,-5.663753916006461964e+01
7.269533333333333015e+09,1.721399746848817358e-03,-5.666331729977805054e+01
7.269600000000000000e+09,-5.712421947158929925e-03,-5.669588541530750092e+01
7.269666666666666985e+09,2.895643534593261847e-03,-5.671241164366153242e+01
7.269733333333333015e+09,2.595156091852857116e-02,-5.671449002011304685e+01
7.269800000000000000e+09,2.407983363277566013e-02,-5.674149604123458346e+01
7.269866666666666985e+09,-2.501642074619780942e-03,-5.679321181077776259e+01
7.269933333333333015e+09,3.555425161930969580e-02,-5.678029021091928286e+01
7.270000000000000000e+09,1.338168769559189286e-02,-5.682759706867845040e+01
7.270066666666666985e+09,3.561973067328949583e-02,-5.683049331953653649e+01
7.270133333333333015e+09,1.235445102322074717e-02,-5.687889289302205498e+01
7.270200000000000000e+09,1.923961402859220016e-03,-5.691445767647820020e+01
7.270266666666666985e+09,5.632784353913677933e-03,-5.693588314736292944e+01
7.270333333333333015e+09,-4.512346504789377377e-03,-5.697116257205708223e+01
7.270400000000000000e+09,5.155050593103283063e-03,-5.698662946879497326e+01
7.270466666666666985e+09,5.112385726107504524e-03,-5.701180642749741878e+01
7.270533333333333015e+09,6.074535029128469432e-03,-5.703597857202984756e+01
7.270600000000000000e+09,2.442171205649401600e-02,-5.704276568883825860e+01
7.270666666666666985e+09,1.462514833011141491e-02,-5.707769654640043200e+01
7.270733333333333015e+09,-3.081603877389937907e-02,-5.714827202733989253e+01
7.270800000000000000e+09,8.236981731123194095e-03,-5.713435330067064655e+01
7.270866666666666985e+09,5.050998402431616796e-03,-5.716267357783478786e+01
7.270933333333333015e+09,3.069842411207446276e-03,-5.718978902766146177e+01
7.271000000000000000e+09,2.827856575333953515e-02,-5.718971459815512048e+01
7.271066666666666985e+09,1.355335995612705347e-02,-5.722957409778810955e+01
7.271133333333333015e+09,2.588386185060187472e-03,-5.726567336539462616e+01
7.271200000000000000e+09,-2.867814619889941241e-03,-5.729626386003536709e+01
7.271266666666666985e+09,-4.295161676651559901e-03,-5.732282550092757845e+01
7.271333333333333015e+09,1.624770639004680106e-03,-5.734203986244736484e+01
7.271400000000000000e+09,1.556858123004190020e-02,-5.735323034569211131e+01
7.271466666666666985e+09,-4.161737877431903598e-03,-5.739809495863536881e+01
7.271533333333333015e+09,1.300011665369993352e-02,-5.740606739793968671e+01
7.271600000000000000e+09,1.764597059028005788e-02,-5.742655583783889028e+01
7.271666666666666985e+09,-1.293312724372697176e-02,-5.748226922950868101e+01
7.271733333333333015e+09,-1.428294113775763208e-02,-5.750875333723782745e+01
7.271800000000000000e+09,1.206516409239810628e-02,-5.750753952584345541e+01
7.271866666666666985e+09,5.281309933664601886e-03,-5.753945767383797261e+01
7.271933333333333015e+09,-4.168985811169534372e-03,-5.757404226341825648e+01
7.272000000000000000e+09,-3.226745488454696442e-03,-5.759823431693132534e+01
7.272066666666666985e+09,3.792388763739751312e-02,-5.758221797764125682e+01
7.272133333333333015e+09,7.805214812755423281e-03,-5.763747094430100759e+01
7.272200000000000000e+09,1.751434833334997165e-02,-5.765289610461620384e+01
7.272266666666666985e+09,3.986227802897701622e-03,-5.769155851898243270e+01
7.272333333333333015e+09,2.883630834479333771e-02,-5.769184273227598680e+01
7.272400000000000000e+09,-1.145091362465677776e-02,-5.775726424808122772e+01
7.272466666666666985e+09,1.689400603428481418e-02,-5.775405362225806272e+01
7.272533333333333015e+09,-9.344731529544958448e-03,-5.780542665365701538e+01
7.272600000000000000e+09,4.955448981341703529e-03,-5.781626076698190531e+01
7.272666666666666985e+09,2.010760783944220975e-02,-5.782624290195959560e+01
7.272733333333333015e+09,-5.808887461391520901e-03,-5.787729369109587907e+01
7.272800000000000000e+09,-1.197612897897215589e-03,-5.789781671036816135e+01
7.272866666666666985e+09,-1.312691703152069067e-02,-5.793488030833757563e+01
7.272933333333333015e+09,-1.611359498551934166e-02,-5.796300128012668296e+01
7.273000000000000000e+09,2.256752255838279098e-02,-5.794945445641856452e+01
7.273066666666666985e+09,1.745189706037564292e-02,-5.797970437575235536e+01
7.273133333333333015e+09,-1.953748890454676257e-02,-5.804182805555272751e+01
7.273200000000000000e+09,1.491162753250563355e-02,-5.803251323295145880e+01
7.273266666666666985e+09,2.108090331046241772e-02,-5.805147825100928571e+01
7.273333333333333015e+09,-5.886581646024069414e-04,-5.809828210631980028e+01
7.273400000000000000e+09,8.547456373172224176e-03,-5.811428028561747539e+01
7.273466666666666985e+09,7.153562899844700951e-03,-5.814080847292658660e+01
7.273533333333333015e+09,1.854304360845304700e-02,-5.815455328605342800e+01
7.273600000000000000e+09,-7.172810883737668064e-03,-5.820540343438140241e+01
7.273666666666666985e+09,-1.290246386814430934e-02,-5.823626738120159274e+01
7.273733333333333015e+09,1.094992556700447039e-02,-5.823754928560189370e+01
7.273800000000000000e+09,-3.003862854319550024e-02,-5.830367213354753630e+01
7.273866666666666985e+09,5.939535943952023445e-03,-5.829282826289617958e+01
7.273933333333333015e+09,1.953620210054651807e-02,-5.830436589057503483e+01
7.274000000000000000e+09,-1.089857883539480099e-02,-5.835993496534675273e+01
7.274066666666666985e+09,-2.254287137395749596e-02,-5.839671355172110623e+01
7.274133333333333015e+09,-9.450117319474315991e-03,-5.840875509150207279e+01
7.274200000000000000e+09,-1.725417434448672793e-02,-5.844169344236286179e+01
7.274266666666666985e+09,3.068804090613497237e-02,-5.841888552094768983e+01
7.274333333333333015e+09,1.178982077954771057e-02,-5.846291803490972683e+01
7.274400000000000000e+09,5.540368069958390151e-03,-5.849430178145510695e+01
7.274466666666666985e+09,-2.754527811688944894e-03,-5.852773097117253087e+01
7.274533333333333015e+09,1.110738445417780440e-02,-5.853900335274211386e+01
7.274600000000000000e+09,-6.477287823472011041e-03,-5.858172231885555448e+01
7.274666666666666985e+09,-2.543929232459163359e-04,-5.860063371779077102e+01
7.274733333333333015e+09,-2.666551325476262946e-02,-5.865217913195773747e+01
7.274800000000000000e+09,3.087570027737740475e-03,-5.864756034251102079e+01
7.274866666666666985e+09,-1.068851062169784427e-02,-5.868647071699624007e+01
7.274933333333333015e+09,-8.422387336956660420e-03,-5.870933888754694863e+01
7.275000000000000000e+09,-3.526767411963760424e-02,-5.876131846816541326e+01
7.275066666666666985e+09,-1.171728458530907346e-02,-5.876290237246653447e+01
7.275133333333333015e+09,-2.524543198963158375e-02,-5.880156481370630672e+01
7.275200000000000000e+09,-1.275050667824473294e-02,-5.881420418223070357e+01
7.275266666666666985e+09,3.876296021815051063e-03,-5.882271167336642748e+01
7.275333333333333015e+09,-2.257175046359805037e-03,-5.885397943827005207e+01
7.275400000000000000e+09,2.824406009599300660e-02,-5.884861249696348295e+01
7.275466666666666985e+09,2.531536961075886438e-02,-5.887667548128450079e+01
7.275533333333333015e+09,-3.182614605059086443e-02,-5.895895129078095920e+01
7.275600000000000000e+09,1.288281946484914897e-02,-5.893937661910130998e+01
7.275666666666666985e+09,-2.038870349488774991e-02,-5.899778243589682347e+01
7.275733333333333015e+09,-1.341477353519593407e-02,-5.901594279977258140e+01
7.275800000000000000e+09,4.511480455668959166e-03,-5.902315083961750730e+01
7.275866666666666985e+09,-4.330950001545375017e-04,-5.905322970890910739e+01
7.275933333333333015e+09,-2.767095626296622868e-03,-5.908069800337037236e+01
7.276000000000000000e+09,3.667477465931767711e-03,-5.909939772411392056e+01
7.276066666666666985e+09,-1.077502734041502208e-02,-5.913897452275605815e+01
7.276133333333333015e+09,-2.065200256851085214e-05,-5.915335444125366138e+01
7.276200000000000000e+09,-2.833431496968330521e-02,-5.920680239805655276e+01
7.276266666666666985e+09,4.507733208875208675e-03,-5.919909464371378505e+01
7.276333333333333015e+09,6.008040907758527283e-03,-5.922272862985001041e+01
7.276400000000000000e+09,1.180087762890735803e-02,-5.924207008696464527e+01
7.276466666666666985e+09,8.743489924732728014e-03,-5.927026176850460359e+01
7.276533333333333015e+09,-2.772850931267356600e-02,-5.933186806157745963e+01
7.276600000000000000e+09,-1.769735735069843940e-02,-5.934697120345126820e+01
7.276666666666666985e+09,-2.263588797734428226e-02,-5.937704402791369773e+01
7.276733333333333015e+09,-2.832872212161419156e-02,-5.940787115589308343e+01
7.276800000000000000e+09,-1.822610045611128271e-02,-5.942290282806336421e+01
7.276866666666666985e+09,-7.990681579769898235e-03,-5.943780170302280652e+01
7.276933333333333015e+09,-1.016334726756440432e-02,-5.946510866254605077e+01
7.277000000000000000e+09,-2.717118035620558203e-02,-5.950725078947047564e+01
7.277066666666666985e+09,-8.285716528845910034e-03,-5.951349961947889966e+01
7.277133333333333015e+09,-4.363534201907270926e-03,-5.953471173098741076e+01
7.277200000000000000e+09,-1.633922597925874243e-02,-5.957182171660020487e+01
7.277266666666666985e+09,2.574668234970545200e-03,-5.957804211622176638e+01
7.277333333333333015e+09,-1.025579003366772213e-02,-5.961600686832585438e+01
7.277400000000000000e+09,-1.444665246904719424e-02,-5.964533202459701045e+01
7.277466666666666985e+09,-1.624969660041131192e-02,-5.967226936256416536e+01
7.277533333333333015e+09,1.823305260449359366e-02,-5.966292090719471020e+01
7.277600000000000000e+09,-4.207237320679269033e-02,-5.974836062684144622e+01
7.277666666666666985e+09,-9.530466475617060951e-03,-5.974095301394604718e+01
7.277733333333333015e+09,-2.142180366519141899e-03,-5.975869902167239900e+01
7.277800000000000000e+09,-6.752086544153712566e-03,-5.978844322168582437e+01
7.277866666666666985e+09,-7.381500061022450154e-03,-5.981420692903846970e+01
7.277933333333333015e+09,-6.363654426692733068e-03,-5.983832337723958972e+01
7.278000000000000000e+09,-4.051630598915778592e-03,-5.986114564724726250e+01
7.278066666666666985e+09,-2.208380360480788340e-02,-5.990431211408893830e+01
7.278133333333333015e+09,-5.526519817372843590e-03,-5.991288912413695300e+01
7.278200000000000000e+09,-9.708560855727910166e-03,-5.994220545901109176e+01
7.278266666666666985e+09,-3.622002173408844783e-02,-5.999385121372523599e+01
7.278333333333333015e+09,-3.440310431518156520e-02,-6.001716859014177885e+01
7.278400000000000000e+09,-3.996253635672530891e-02,-6.004786231601910629e+01
7.278466666666666985e+09,-1.705285573228820795e-02,-6.005008692923011893e+01
7.278533333333333015e+09,-3.044704051671232037e-02,-6.008861540784999278e+01
7.278600000000000000e+09,2.437485760530933021e-03,-6.008086517540853322e+01
7.278666666666666985e+09,-1.816040569093502199e-02,-6.012659736069578287e+01
7.278733333333333015e+09,-9.976324027554994700e-03,-6.014354757286785258e+01
7.278800000000000000e+09,4.593431133351089102e-03,-6.015411211154273019e+01
7.278866666666666985e+09,-2.392023055172387558e-03,-6.018623185956669630e+01
7.278933333333333015e+09,-1.635414225737008564e-02,-6.022532827260434374e+01
7.279000000000000000e+09,2.396276104391859008e-03,-6.023171214807837259e+01
7.279066666666666985e+09,-1.974350860515983186e-02,-6.027898622662370087e+01
7.279133333333333015e+09,2.064886227690010401e-02,-6.026372814957709068e+01
7.279200000000000000e+09,-4.064138030422270731e-03,-6.031357544372020385e+01
7.279266666666666985e+09,8.969152381098410842e-03,-6.032567644714413291e+01
7.279333333333333015e+09,-1.201620258510160966e-02,-6.037179609594578267e+01
7.279400000000000000e+09,-3.340640523495608250e-02,-6.041832059243141373e+01
7.279466666666666985e+09,-2.477096929617772503e-02,-6.043481945032842617e+01
7.279533333333333015e+09,-1.555531737195536834e-02,-6.045073809223965355e+01
7.279600000000000000e+09,-7.588349787447157269e-03,-6.046790541849092193e+01
7.279666666666666985e+09,-1.307276054948403043e-02,-6.049852412308874960e+01
7.279733333333333015e+09,-4.432523088298268021e-02,-6.055491088725735693e+01
7.279800000000000000e+09,9.650949417476795134e-04,-6.053475485526841027e+01
7.279866666666666985e+09,-1.692421543971533993e-02,-6.057777845948565698e+01
7.279933333333333015e+09,-3.155324415656224346e-02,-6.061754178203795362e+01
7.280000000000000000e+09,-1.548155292270081418e-02,-6.062660438463987589e+01
7.280066666666666985e+09,-2.363551358654802925e-02,-6.065989263913950680e+01
7.280133333333333015e+09,5.206645878274684947e-03,-6.065618477350979987e+01
7.280200000000000000e+09,-4.376408106028861766e-02,-6.073028979428414686e+01
7.280266666666666985e+09,-1.072239521822382358e-02,-6.072238240227786576e+01
7.280333333333333015e+09,-1.435574569613606855e-02,-6.075115004659122775e+01
7.280400000000000000e+09,-9.967502083249257794e-03,-6.077189609681412463e+01
7.280466666666666985e+09,7.628993872131673015e-03,-6.077943389469452740e+01
7.280533333333333015e+09,-2.371058403250714264e-02,-6.083590776643428200e+01
7.280600000000000000e+09,-1.623039828878347635e-03,-6.083895451606642979e+01
7.280666666666666985e+09,-1.118192216656410665e-02,-6.087364769223990635e+01
7.280733333333333015e+09,-5.440628651264489690e-03,-6.089304069256005647e+01
7.280800000000000000e+09,-1.723498427209335659e-02,-6.092996934201666193e+01
7.280866666666666985e+09,-9.921692557156802650e-03,-6.094779034413751617e+01
7.280933333333333015e+09,-2.275502460584988285e-02,-6.098575797002131793e+01
7.281000000000000000e+09,-4.372622562097916443e-02,-6.103186346487223801e+01
7.281066666666666985e+09,-2.070139553103444996e-02,-6.103397292861806989e+01
7.281133333333333015e+09,-5.395338860594733887e-03,-6.104380116578307991e+01
7.281200000000000000e+09,-1.627103015461273117e-02,-6.107981115091288871e+01
7.281266666666666985e+09,-1.362798822519550868e-03,-6.109003721341657211e+01
7.281333333333333015e+09,-2.009493107259885392e-02,-6.113390363950210116e+01
7.281400000000000000e+09,-3.226011703193876201e-02,-6.117120311929689080e+01
7.281466666666666985e+09,-4.323239364335051960e-02,-6.120730968974408626e+01
7.281533333333333015e+09,-4.101688861553043353e-03,-6.119331327879773852e+01
7.281600000000000000e+09,-2.154199718814453490e-02,-6.123588788096011370e+01
7.281666666666666985e+09,-3.111227925175796827e-02,-6.127059245685951083e+01
7.281733333333333015e+09,-1.318508020313657880e-02,-6.127779955164633918e+01
7.281800000000000000e+09,-1.302917016496962788e-02,-6.130277793544362197e+01
7.281866666666666985e+09,-1.791210556874034410e-04,-6.131506218017012344e+01
7.281933333333333015e+09,6.441665825342113294e-03,-6.133357568712454366e+01
7.282000000000000000e+09,-5.205506825006978033e-03,-6.137035715361067645e+01
7.282066666666666985e+09,1.635960440566464058e-03,-6.138864998018088670e+01
7.282133333333333015e+09,-3.133872761747369395e-02,-6.144675896207437660e+01
7.282200000000000000e+09,-1.672879498065071857e-02,-6.145728332327300336e+01
7.282266666666666985e+09,-1.285740479285379934e-02,-6.147854622692098303e+01
7.282333333333333015e+09,-3.251451922523784788e-02,-6.152333763518881682e+01
7.282400000000000000e+09,-9.495157171812707020e-05,-6.151605236137108790e+01
7.282466666666666985e+09,3.998721313237751929e-03,-6.153709298232190861e+01
7.282533333333333015e+09,-3.209169678391532443e-02,-6.159831769425451142e+01
7.282600000000000000e+09,-1.805868507395302913e-02,-6.160941897638033993e+01
7.282666666666666985e+09,-2.898134005356212128e-02,-6.164547592519539876e+01
7.282733333333333015e+09,-1.696640279885741620e-02,-6.165859528177614379e+01
7.282800000000000000e+09,3.085520486919790528e-03,-6.166367765232614317e+01
7.282866666666666985e+09,-4.978029619193335975e-02,-6.174167776284078712e+01
7.282933333333333015e+09,-3.298325125658863044e-02,-6.175001501174089213e+01
7.283000000000000000e+09,-1.743590011619744473e-02,-6.175960195443627754e+01
7.283066666666666985e+09,-3.509727646198257389e-02,-6.180239762461751241e+01
7.283133333333333015e+09,-1.660051708024923300e-02,-6.180903515907122880e+01
7.283200000000000000e+09,-2.108313756651369886e-02,-6.183865207339327696e+01
7.283266666666666985e+09,1.387220437232628001e-02,-6.182883102529022068e+01
7.283333333333333015e+09,-1.682319021509215418e-02,-6.188466071371308885e+01
7.283400000000000000e+09,-2.829791082752564080e-02,-6.192126972816130603e+01
7.283466666666666985e+09,-3.754435016092116939e-02,-6.195565046133048526e+01
7.283533333333333015e+09,-5.700531730035152123e-03,-6.194894093673471502e+01
7.283600000000000000e+09,-2.243973967100032496e-02,-6.199081443851146389e+01
7.283666666666666985e+09,-5.666278067359087345e-03,-6.199917527074360635e+01
7.283733333333333015e+09,-5.184203306334467243e-02,-6.207048531957504167e+01
7.283800000000000000e+09,-3.377038965238909896e-02,-6.207754796999986979e+01
7.283866666666666985e+09,-3.659902219836652648e-02,-6.210551089638163091e+01
7.283933333333333015e+09,-3.995658835250992524e-03,-6.209804182685363116e+01
7.284000000000000000e+09,-2.565270067918135055e-02,-6.214483316253333811e+01
7.284066666666666985e+09,-5.072835054281910061e-02,-6.219504310623276666e+01
7.284133333333333015e+09,-2.547588611789564084e-02,-6.219492493564329294e+01
7.284200000000000000e+09,-3.539986007371709320e-02,-6.222998320343489098e+01
7.284266666666666985e+09,-2.496684491162426411e-02,-6.224468448210858895e+01
7.284333333333333015e+09,-2.254429252237599712e-02,-6.226739622355444936e+01
7.284400000000000000e+09,-4.810766738389560260e-02,-6.231809389225175977e+01
7.284466666666666985e+09,-1.604088389996149999e-02,-6.231116140260360226e+01
7.284533333333333015e+09,-1.591941821097719867e-02,-6.233617423075006769e+01
7.284600000000000000e+09,-3.180721218086546287e-02,-6.237719631855574676e+01
7.284666666666666985e+09,2.824143420921387815e-02,-6.234228196600144400e+01
7.284733333333333015e+09,-2.408055770359851522e-04,-6.239589849962280965e+01
7.284800000000000000e+09,-8.444982271903711535e-03,-6.242923697015346107e+01
7.284866666666666985e+09,-1.933447321909653738e-02,-6.246526075493643759e+01
7.284933333333333015e+09,-1.241940782794870302e-02,-6.248347998338073950e+01
7.285000000000000000e+09,-2.128793341555024199e-02,-6.251748280280412473e+01
7.285066666666666985e+09,-3.592705398102680192e-02,-6.255725621720538498e+01
7.285133333333333015e+09,-2.753033761774048571e-02,-6.257399379467721445e+01
7.285200000000000000e+09,-1.661889078342682069e-02,-6.258821664167868448e+01
7.285266666666666985e+09,-5.455149054576224898e-03,-6.260218719378561758e+01
7.285333333333333015e+09,-1.285193589382060964e-02,-6.263471827446031170e+01
7.285400000000000000e+09,-1.863243875509112968e-02,-6.266563307115736592e+01
7.285466666666666985e+09,-3.642873035072824450e-02,-6.270856365658878673e+01
7.285533333333333015e+09,-4.048794233037256163e-02,-6.273775716240388078e+01
7.285600000000000000e+09,-1.611763060036963680e-02,-6.273852114450932760e+01
7.285666666666666985e+09,-4.477562207232921310e-02,-6.279231342981706376e+01
7.285733333333333015e+09,-2.150912672005489412e-02,-6.279418122830023918e+01
7.285800000000000000e+09,-1.439804425030644097e-02,-6.281220443966628153e+01
7.285866666666666985e+09,4.904043540946645408e-03,-6.281803664571080503e+01
7.285933333333333015e+09,-4.140555554848646125e-02,-6.288948053863568788e+01
7.286000000000000000e+09,-2.869533230906995414e-03,-6.287607881015355815e+01
7.286066666666666985e+09,-3.169126415840395339e-02,-6.293003483491684591e+01
7.286133333333333015e+09,8.131091246731614319e-03,-6.291534677334716008e+01
7.286200000000000000e+09,-3.036836276568521953e-02,-6.297898052119535350e+01
7.286266666666666985e+09,-2.869012603468235056e-02,-6.300243657830014143e+01
7.286333333333333015e+09,-2.902891770843751829e-02,-6.302790966380934634e+01
7.286400000000000000e+09,-1.211215704234547275e-02,-6.303612719697903088e+01
7.286466666666666985e+09,-3.708153979514605680e-02,-6.308623087356728121e+01
7.286533333333333015e+09,-6.772186652653999772e-03,-6.308105581426023889e+01
7.286600000000000000e+09,-3.201410063028475861e-02,-6.313143202207365334e+01
7.286666666666666985e+09,-1.853395420947379080e-02,-6.314308616948862607e+01
7.286733333333333015e+09,-7.016014190888597568e-03,-6.315670252330549062e+01
7.286800000000000000e+09,-2.193205033122325176e-02,-6.319675285328160896e+01
7.286866666666666985e+09,-3.052411650888586792e-02,-6.323047921329472132e+01
7.286933333333333015e+09,-2.503230349365281882e-02,-6.325012169411493801e+01
7.287000000000000000e+09,-3.126385834920597517e-02,-6.328148754280627486e+01
7.287066666666666985e+09,-3.625528840527181274e-02,-6.331161326669812439e+01
7.287133333333333015e+09,-4.030885745076773219e-02,-6.334080112957907005e+01
7.287200000000000000e+09,-2.932665330571637696e-02,-6.335495321926980239e+01
7.287266666666666985e+09,-3.103427210945852721e-02,-6.338179513190899428e+01
7.287333333333333015e+09,-4.408596639912332193e-02,-6.341998112003410881e+01
7.287400000000000000e+09,-2.382736724621992153e-02,-6.342485681471698200e+01
7.287466666666666985e+09,-3.003689881212778801e-02,-6.345620064011868067e+01
7.287533333333333015e+09,-2.802707284467942372e-02,-6.347932510798668204e+01
7.287600000000000000e+09,-3.535474288004536447e-02,-6.351178707185782457e+01
7.287666666666666985e+09,-5.332168982972973481e-02,-6.355488831264329974e+01
7.287733333333333015e+09,-3.709926066546387347e-02,-6.356380017731414256e+01
7.287800000000000000e+09,-5.171141831174708159e-02,-6.360354662879621657e+01
7.287866666666666985e+09,-2.027949274018681081e-02,-6.359724899706043288e+01
7.287933333333333015e+09,-5.208084895502196332e-02,-6.365418464711071778e+01
7.288000000000000000e+09,-4.472944183633131843e-02,-6.367196753382781793e+01
7.288066666666666985e+09,-4.492271394246927230e-02,-6.369729509976973247e+01
7.288133333333333015e+09,-5.730137982710914457e-02,-6.373480805948948813e+01
7.288200000000000000e+09,-5.110581768290956006e-02,-6.375374679118107224e+01
7.288266666666666985e+09,-4.204958392663371569e-02,-6.376982485126058009e+01
7.288333333333333015e+09,-8.292850587640288040e-02,-6.383583806704579899e+01
7.288400000000000000e+09,-4.710717067631264854e-02,-6.382515102568149246e+01
7.288466666666666985e+09,-6.954074108423924372e-02,-6.387271888992520275e+01
7.288533333333333015e+09,-4.107954104119215799e-02,-6.386939198371727144e+01
7.288600000000000000e+09,-6.839280357346666506e-02,-6.392183954008532965e+01
7.288666666666666985e+09,-7.036582167202709570e-02,-6.394894685201967377e+01
7.288733333333333015e+09,-7.514541276870545516e-02,-6.397886073695180187e+01
7.288800000000000000e+09,-6.567104121996436561e-02,-6.399452065923884447e+01
7.288866666666666985e+09,-5.438793427421728666e-02,-6.400837184612888109e+01
7.288933333333333015e+09,-4.649460022126561398e-02,-6.402561280591103809e+01
7.289000000000000000e+09,-6.372649240492478384e-02,-6.406797899193048806e+01
7.289066666666666985e+09,-8.466886047847310692e-02,-6.411405565383981298e+01
7.289133333333333015e+09,-5.603723804881610704e-02,-6.411055832524560572e+01
7.289200000000000000e+09,-8.406734558708706118e-02,-6.416372272661966747e+01
7.289266666666666985e+09,-1.114898738664891198e-01,-6.421627954873484612e+01
7.289333333333333015e+09,-1.002674908991991742e-01,-6.423019145960300591e+01
7.289400000000000000e+09,-1.185329081561263820e-01,-6.427359117069538286e+01
7.289466666666666985e+09,-1.307560569504175874e-01,-6.431094861332546486e+01
7.289533333333333015e+09,-1.298706299211147552e-01,-6.433519748013161177e+01
7.289600000000000000e+09,-1.033167448498204521e-01,-6.433377788889609405e+01
7.289666666666666985e+09,-1.279676918976662137e-01,-6.438356312977973062e+01
7.289733333333333015e+09,-1.723085890250501961e-01,-6.445303832074256434e+01
7.289800000000000000e+09,-1.949602632055444928e-01,-6.450082428875849416e+01
7.289866666666666985e+09,-1.840377387814982058e-01,-6.451503605817023868e+01
7.289933333333333015e+09,-1.987230525019754168e-01,-6.455485566572616563e+01
7.290000000000000000e+09,-2.497063695872867584e-01,-6.463097327664725356e+01
7.290066666666666985e+09,-2.754058205003531157e-01,-6.468180702139611071e+01
7.290133333333333015e+09,-3.109247363401124176e-01,-6.474246023107131975e+01
7.290200000000000000e+09,-3.348223543889758957e-01,-6.479149214295563297e+01
7.290266666666666985e+09,-3.861642302370142943e-01,-6.486796831263946217e+01
7.290333333333333015e+09,-4.963111425975057500e-01,-6.500324951883538915e+01
7.290400000000000000e+09,-4.798307844647808906e-01,-6.501190345453845509e+01
7.290466666666666985e+09,2.050360592369173673e-01,-6.435217090467254764e+01
7.290533333333333015e+09,5.977844175060909038e-01,-6.398455684023880963e+01
7.290600000000000000e+09,4.220700937136143693e-01,-6.418540545786707696e+01
7.290666666666666985e+09,3.374883973848881169e-01,-6.429512144803125295e+01
7.290733333333333015e+09,2.638008202411299408e-01,-6.439394331901046087e+01
7.290800000000000000e+09,2.528719734666111663e-01,-6.443000645962075623e+01
7.290866666666666985e+09,2.023527210578208724e-01,-6.450566000586533733e+01
7.290933333333333015e+09,1.694676012391767017e-01,-6.456367941951943124e+01
7.291000000000000000e+09,1.504638280945300721e-01,-6.460781748649985445e+01
7.291066666666666985e+09,1.241064823051374333e-01,-6.465930912612469683e+01
7.291133333333333015e+09,1.050104956609629880e-01,-6.470353940660432102e+01
7.291200000000000000e+09,1.141446015785589907e-01,-6.471953959452251581e+01
7.291266666666666985e+09,8.156208557508648482e-02,-6.477725640436176491e+01
7.291333333333333015e+09,1.046892669014169996e-01,-6.477926351687088413e+01
7.291400000000000000e+09,9.171264765640785299e-02,-6.481737442995168408e+01
7.291466666666666985e+09,1.131900177149844922e-01,-6.482103135372854297e+01
7.291533333333333015e+09,9.156806434117470417e-02,-6.486778760093781671e+01
7.291600000000000000e+09,8.954598332412899708e-02,-6.489494397579063900e+01
7.291666666666666985e+09,5.754879463638928883e-02,-6.495207545831415530e+01
7.291733333333333015e+09,4.494955167788816652e-02,-6.498980899510812037e+01
7.291800000000000000e+09,6.552711083561746364e-02,-6.499436572978616766e+01
7.291866666666666985e+09,3.714783607506433327e-02,-6.504787929838249738e+01
7.291933333333333015e+09,4.176141050815829203e-02,-6.506840001778452631e+01
7.292000000000000000e+09,4.976406412576750427e-02,-6.508553165800269369e+01
7.292066666666666985e+09,5.119610633254012555e-02,-6.510923390963171187e+01
7.292133333333333015e+09,4.984687877806948109e-02,-6.513571743102163225e+01
7.292200000000000000e+09,4.797989560128712583e-02,-6.516271870803419120e+01
7.292266666666666985e+09,3.612089536699158998e-02,-6.519971200210427753e+01
7.292333333333333015e+09,3.419773514072232956e-02,-6.522676945616565547e+01
7.292400000000000000e+09,2.260065560008683860e-02,-6.526350082954208176e+01
7.292466666666666985e+09,1.272081666904512076e-02,-6.529851496230890007e+01
7.292533333333333015e+09,2.427730283332607542e-02,-6.531209276998006885e+01
7.292600000000000000e+09,4.160566149856492757e-02,-6.531989870515062080e+01
7.292666666666666985e+09,1.072772225781193356e-02,-6.537591093822715038e+01
7.292733333333333015e+09,2.903883568455967179e-02,-6.538273411863552553e+01
7.292800000000000000e+09,3.001223650304041257e-02,-6.540689501165282138e+01
7.292866666666666985e+09,2.654653857139521733e-02,-6.543549500342025738e+01
7.292933333333333015e+09,3.260915597068958505e-02,-6.545456667985639854e+01
7.293000000000000000e+09,7.053298235149441098e-03,-6.550525683142772948e+01
7.293066666666666985e+09,6.106395472221493037e-02,-6.547638046877645479e+01
7.293133333333333015e+09,1.415254167042689915e-02,-6.554842617566335150e+01
7.293200000000000000e+09,2.189589997581720127e-02,-6.556581711119375200e+01
7.293266666666666985e+09,-2.469191996780750742e-03,-6.561531649700212654e+01
7.293333333333333015e+09,2.208130875131075754e-02,-6.561590029008948477e+01
7.293400000000000000e+09,2.460518141802481296e-03,-6.566065537453478385e+01
7.293466666666666985e+09,9.438884439276762350e-03,-6.567881130207308615e+01
7.293533333333333015e+09,1.288169912827186181e-02,-6.570050278121954079e+01
7.293600000000000000e+09,1.171404270108666879e-02,-6.572680473148217573e+01
7.293666666666666985e+09,1.537959181531789454e-02,-6.574827347620372109e+01
7.293733333333333015e+09,-3.080604990884694416e-03,-6.579186796684538763e+01
7.293800000000000000e+09,-1.428161542946781992e-03,-6.581534981723322630e+01
7.293866666666666985e+09,-4.566391863633612047e-03,-6.584362234138968972e+01
7.293933333333333015e+09,1.294396628813387906e-02,-6.585124627707337197e+01
7.294000000000000000e+09,-2.616473910080685528e-02,-6.591548927629776244e+01
7.294066666666666985e+09,2.821887850217308369e-04,-6.591417664224772466e+01
7.294133333333333015e+09,3.558158363640018251e-02,-6.590401154123179595e+01
7.294200000000000000e+09,1.631822051564313369e-04,-6.596456423649881629e+01
7.294266666666666985e+09,1.337975542760716507e-02,-6.597648195711215635e+01
7.294333333333333015e+09,3.200947632436168533e-02,-6.598298653005085157e+01
7.294400000000000000e+09,-1.623892245656577416e-02,-6.605636922266755562e+01
7.294466666666666985e+09,8.143751681330968495e-04,-6.606445021887830649e+01
7.294533333333333015e+09,-1.447027728841021599e-02,-6.610486916517029954e+01
7.294600000000000000e+09,5.835311819339494832e-03,-6.610969786989834063e+01
7.294666666666666985e+09,-4.500662323906112761e-03,-6.614516813787736282e+01
7.294733333333333015e+09,-1.141723206802680579e-02,-6.617721900145693326e+01
7.294800000000000000e+09,-9.489744156638835193e-03,-6.620042580738132187e+01
7.294866666666666985e+09,4.496716394356781166e-03,-6.621157364066579021e+01
7.294933333333333015e+09,-1.192088083135445231e-02,-6.625312553172693697e+01
7.295000000000000000e+09,-1.326915741528011949e-02,-6.627960810214665344e+01
7.295066666666666985e+09,4.155160601456486802e-03,-6.628731807796570763e+01
7.295133333333333015e+09,6.685244501198894795e-04,-6.631593900795247976e+01
7.295200000000000000e+09,-2.822291617712835432e-02,-6.636996474241551880e+01
7.295266666666666985e+09,-3.869925117101047363e-03,-6.637074604519094123e+01
7.295333333333333015e+09,2.435075233272243622e-02,-6.636765966157656749e+01
7.295400000000000000e+09,-9.655594621804652888e-03,-6.642680030236688538e+01
7.295466666666666985e+09,-1.327912475152004390e-02,-6.645555812633237736e+01
7.295533333333333015e+09,2.877773742866907014e-03,-6.646453552167344014e+01
7.295600000000000000e+09,1.118489268388600522e-02,-6.648136269656819763e+01
7.295666666666666985e+09,-6.348923974769604683e-03,-6.652403080706264404e+01
7.295733333333333015e+09,-2.661089536171346026e-02,-6.656942707228469658e+01
7.295800000000000000e+09,-1.966849778943924321e-02,-6.658761896854821316e+01
7.295866666666666985e+09,-2.054803510294789248e-02,-6.661363279969749840e+01
7.295933333333333015e+09,-1.838102946744868404e-02,-6.663660008789744893e+01
7.296000000000000000e+09,-9.228971534227525808e-03,-6.665258232380001857e+01
7.296066666666666985e+09,-2.194381074389184505e-03,-6.667068202717595682e+01
7.296133333333333015e+09,-1.111020528848882805e-02,-6.670473214522517935e+01
7.296200000000000000e+09,-2.009847512967155581e-02,-6.673885470890213867e+01
7.296266666666666985e+09,-1.021922903542815675e-02,-6.675410975664368607e+01
7.296333333333333015e+09,-2.548783752720851226e-02,-6.679451265897091616e+01
7.296400000000000000e+09,-1.382625387334712741e-02,-6.680798536915283137e+01
7.296466666666666985e+09,-2.657890871608969974e-02,-6.684587231783136474e+01
7.296533333333333015e+09,2.657695364462142606e-03,-6.684177000758592158e+01
7.296600000000000000e+09,-8.802514705834596498e-03,-6.687836451149199490e+01
7.296666666666666985e+09,-1.254635918864721589e-02,-6.690724264981059832e+01
7.296733333333333015e+09,-3.578847526549111535e-02,-6.695561905972289196e+01
7.296800000000000000e+09,-4.555506008244947225e-02,-6.699051993837562691e+01
7.296866666666666985e+09,-5.563127174085025217e-03,-6.697566229930305326e+01
7.296933333333333015e+09,-2.968226933168693904e-02,-6.702491573529576385e+01
7.297000000000000000e+09,-8.664157730336796703e-03,-6.702903191753020451e+01
7.297066666666666985e+09,4.762361308678464411e-03,-6.704073969232698005e+01
7.297133333333333015e+09,-2.727683484535248226e-02,-6.709791318231644652e+01
7.297200000000000000e+09,-8.807529881096343161e-03,-6.710457817118798118e+01
7.297266666666666985e+09,-1.085403476821511504e-04,-6.712101347549035779e+01
7.297333333333333015e+09,-1.257951581557392728e-02,-6.715861874479368510e+01
7.297400000000000000e+09,3.973799873762118295e-04,-6.717077614282618470e+01
7.297466666666666985e+09,-1.896799187191788860e-02,-6.721527580852126960e+01
7.297533333333333015e+09,-4.051106822686278974e-02,-6.726195317871166424e+01
7.297600000000000000e+09,-1.658814674686936996e-02,-6.726316455106744741e+01
7.297666666666666985e+09,-5.128731406858832997e-02,-6.732299801222495717e+01
7.297733333333333015e+09,-2.406037502512958781e-02,-6.732090536701694816e+01
7.297800000000000000e+09,-3.396047070545193947e-02,-6.735593975653272025e+01
7.297866666666666985e+09,-2.037070945831942481e-03,-6.734915065060887684e+01
7.297933333333333015e+09,-1.913845583987949794e-02,-6.739138632933837414e+01
7.298000000000000000e+09,-2.034931508885051699e-02,-6.741773148242313596e+01
7.298066666666666985e+09,-2.934270874906985682e-02,-6.745185916991913189e+01
7.298133333333333015e+09,2.270674383311188649e-04,-6.744742368756718065e+01
7.298200000000000000e+09,-9.120622002853906451e-04,-6.747369711104124690e+01
7.298266666666666985e+09,9.041066079674919820e-03,-6.748887827659706318e+01
7.298333333333333015e+09,-1.336824392484459167e-02,-6.753642188043704664e+01
7.298400000000000000e+09,-3.509867916496034468e-02,-6.758328660951293898e+01
7.298466666666666985e+09,-3.405769571742212065e-02,-6.760737991990117735e+01
7.298533333333333015e+09,-1.199597442760591548e-02,-6.761045249244682509e+01
7.298600000000000000e+09,-4.217273337516758147e-03,-6.762780808519251252e+01
7.298666666666666985e+09,-1.460734720564005329e-02,-6.766333245289608556e+01
7.298733333333333015e+09,-4.482783592779071569e-02,-6.771868723545368596e+01
7.298800000000000000e+09,-5.513407660359348483e-03,-6.770450710102203118e+01
7.298866666666666985e+09,-2.797993343288851520e-02,-6.775210792063035115e+01
7.298933333333333015e+09,-1.646566072733435249e-02,-6.776572794176024672e+01
7.299000000000000000e+09,-3.212749190751651440e-02,-6.780652406677620547e+01
7.299066666666666985e+09,-2.530011768054407639e-02,-6.782483098638468277e+01
7.299133333333333015e+09,-7.342175059676492310e-03,-6.783200733759926493e+01
7.299200000000000000e+09,-2.606179457561097479e-02,-6.787586125095099021e+01
7.299266666666666985e+09,1.481966760077568779e-02,-6.786011408261038014e+01
7.299333333333333015e+09,-6.673355405138181595e-02,-6.796680159809798738e+01
7.299400000000000000e+09,-9.025053605128618983e-03,-6.793422739148752498e+01
7.299466666666666985e+09,-2.753894388644084756e-02,-6.797787557560428695e+01
7.299533333333333015e+09,-5.914037078667888636e-03,-6.798138496263194952e+01
7.299600000000000000e+09,-1.345508559576558127e-02,-6.801406030498483801e+01
7.299666666666666985e+09,-2.229304377225105327e-02,-6.804803255699711428e+01
7.299733333333333015e+09,-2.182819030082328027e-02,-6.807270199736112204e+01
7.299800000000000000e+09,-3.199739365359732801e-02,-6.810800549454968689e+01
7.299866666666666985e+09,-4.044781057271507052e-02,-6.814159020530459543e+01
7.299933333333333015e+09,-3.559822396539402689e-02,-6.816187491253238306e+01
7.300000000000000000e+09,-4.103250111921852294e-02,-6.819244348352199836e+01
7.300066666666666985e+09,-2.522383175138998013e-02,-6.820176910798994641e+01
7.300133333333333015e+09,-5.385023770310226610e-02,-6.825552980777710843e+01
7.300200000000000000e+09,-4.428572769487004734e-02,-6.827109959160466701e+01
7.300266666666666985e+09,-2.233552320952014725e-02,-6.827428368095509370e+01
7.300333333333333015e+09,-6.540705885419129118e-02,-6.834248951043488773e+01
7.300400000000000000e+09,-2.884806658471461560e-02,-6.833106481200118765e+01
7.300466666666666985e+09,-1.464711040971167222e-02,-6.834199814966196129e+01
7.300533333333333015e+09,3.088764802186005909e-04,-6.835217645660748076e+01
7.300600000000000000e+09,-4.655259387246246661e-02,-6.842417222079595263e+01
7.300666666666666985e+09,-3.111152014187723580e-02,-6.843386544090114398e+01
7.300733333333333015e+09,-2.636092607153273093e-02,-6.845424914066592237e+01
7.300800000000000000e+09,-4.240786066041835056e-02,-6.849543036909058458e+01
7.300866666666666985e+09,-3.637883561998478399e-02,-6.851453563788594181e+01
7.300933333333333015e+09,-5.231822673312080951e-02,-6.855560932283452757e+01
7.301000000000000000e+09,-4.500285764125067089e-02,-6.857342824757843402e+01
7.301066666666666985e+09,-1.818092865879350484e-02,-6.857174061243176766e+01
7.301133333333333015e+09,-8.817005327969695827e-03,-6.858751098293605253e+01
7.301200000000000000e+09,-3.641271243343169317e-02,-6.864024098387730533e+01
7.301266666666666985e+09,-4.043289228501123489e-02,-6.866939545756466146e+01
7.301333333333333015e+09,-2.546690109991800455e-02,-6.867956376021501796e+01
7.301400000000000000e+09,-3.596716050104475926e-02,-6.871519831345192131e+01
7.301466666666666985e+09,-2.034248580754649538e-02,-6.872470793259421384e+01
7.301533333333333015e+09,-2.658281789254601790e-02,-6.875608255851466311e+01
7.301600000000000000e+09,-2.083745012986071288e-02,-6.877547148458742754e+01
7.301666666666666985e+09,-1.094998157280713258e-02,-6.879071830986616476e+01
7.301733333333333015e+09,-3.078310399843076084e-02,-6.883568572612722392e+01
7.301800000000000000e+09,-1.453972517448676172e-02,-6.884457664113907072e+01
7.301866666666666985e+09,-4.243020920739581925e-03,-6.885941423072111434e+01
7.301933333333333015e+09,-1.855011947752416290e-02,-6.889885562311333445e+01
7.302000000000000000e+09,-4.489444284865840018e-02,-6.895033424031993263e+01
7.302066666666666985e+09,-4.349905707599077687e-02,-6.897407314838304160e+01
7.302133333333333015e+09,-5.716669386742978531e-03,-6.896142505452924354e+01
7.302200000000000000e+09,-3.921989859431107561e-02,-6.902006257757258822e+01
7.302266666666666985e+09,-2.729928680196280766e-04,-6.900624996568208758e+01
7.302333333333333015e+09,-4.709281649921592816e-02,-6.907820408314873362e+01
7.302400000000000000e+09,-3.922582666008622709e-02,-6.909547138714505365e+01
7.302466666666666985e+09,-5.249645302689032178e-02,-6.913387630734763434e+01
7.302533333333333015e+09,-2.443500849837221267e-02,-6.913094915665456597e+01
7.302600000000000000e+09,-9.746751574155609887e-03,-6.914139519356614016e+01
7.302666666666666985e+09,-2.512354520492010579e-02,-6.918190628103268125e+01
7.302733333333333015e+09,-2.799123476580689385e-02,-6.920990826442901778e+01
7.302800000000000000e+09,-1.994601915168914275e-02,-6.922699734265069083e+01
7.302866666666666985e+09,-2.638677277204237726e-02,-6.925857239010649380e+01
7.302933333333333015e+09,-1.156387910971545807e-02,-6.926888379027961662e+01
7.303000000000000000e+09,-3.908455350955364338e-02,-6.932153875851523139e+01
7.303066666666666985e+09,-3.415156645162653604e-02,-6.934174006529309509e+01
7.303133333333333015e+09,-5.152459075122806098e-02,-6.938424738342814635e+01
7.303200000000000000e+09,-3.254469860222286570e-02,-6.939040178511491774e+01
7.303266666666666985e+09,-5.116631407514660168e-02,-6.943415769442329122e+01
7.303333333333333015e+09,-2.659907220872526068e-02,-6.943472474639231962e+01
7.303400000000000000e+09,-2.573732856249932865e-02,-6.945899729658187027e+01
7.303466666666666985e+09,-2.064778052519500307e-02,-6.947904204238035675e+01
7.303533333333333015e+09,-2.040705705917389423e-02,-6.950393561274978538e+01
7.303600000000000000e+09,-4.793379704467781721e-02,-6.955659664657106589e+01
7.303666666666666985e+09,-2.402839177207738430e-02,-6.955782553513425626e+01
7.303733333333333015e+09,-2.177171535875288555e-02,-6.958070315255604044e+01
7.303800000000000000e+09,-2.032590195456407400e-02,-6.960439163298764242e+01
7.303866666666666985e+09,-3.645078657206113348e-02,-6.964565081144093028e+01
7.303933333333333015e+09,-5.926193513143118707e-02,-6.969359625383573587e+01
7.304000000000000000e+09,-1.501796478481765007e-02,-6.967448657732491313e+01
7.304066666666666985e+09,-2.835495025730949692e-02,-6.971295785663318156e+01
7.304133333333333015e+09,-3.328580455917062864e-02,-6.974302300477016558e+01
7.304200000000000000e+09,-6.167681293007376553e-03,-6.974103917533977892e+01
7.304266666666666985e+09,-3.369048254111817187e-02,-6.979369627042368052e+01
7.304333333333333015e+09,-1.979959938820741172e-02,-6.980493968110621950e+01
7.304400000000000000e+09,-2.273177020769878709e-02,-6.983300614576148746e+01
7.304466666666666985e+09,3.420086403409072773e-03,-6.983198858298617040e+01
7.304533333333333015e+09,-3.156153837333874890e-02,-6.989210450159802690e+01
7.304600000000000000e+09,-2.262428250701020715e-02,-6.990830153956748916e+01
7.304666666666666985e+09,-2.257281939350264111e-03,-6.991306883283560580e+01
7.304733333333333015e+09,-5.811679087884158434e-03,-6.994175752381958944e+01
7.304800000000000000e+09,-3.144699993555377660e-02,-6.999252713850304985e+01
7.304866666666666985e+09,-2.692587395875989387e-02,-7.001314030636203256e+01
7.304933333333333015e+09,-3.676866820093493970e-02,-7.004811739443933050e+01
7.305000000000000000e+09,-3.876207045165358522e-02,-7.007524509052582573e+01
7.305066666666666985e+09,-1.192935807988249053e-02,-7.007354667198983122e+01
7.305133333333333015e+09,-4.015559926237699528e-02,-7.012690720700778968e+01
7.305200000000000000e+09,-3.673037522226252349e-02,-7.014861627680345180e+01
7.305266666666666985e+09,-3.582417342575183739e-02,-7.017284436884271770e+01
7.305333333333333015e+09,-1.692872807596756957e-02,-7.017908321732839738e+01
7.305400000000000000e+09,-2.700655801639584297e-02,-7.021429534110426118e+01
7.305466666666666985e+09,-2.322508624033048363e-03,-7.021474558554768919e+01
7.305533333333333015e+09,-3.017824005124225550e-02,-7.026773561081034813e+01
7.305600000000000000e+09,-1.251441036390588124e-02,-7.027520607495878835e+01
7.305666666666666985e+09,-1.123252595884594029e-02,-7.029905848438951921e+01
7.305733333333333015e+09,-3.156034784348094036e-02,-7.034452060010960395e+01
7.305800000000000000e+09,-2.436796163470944521e-02,-7.036246250773628219e+01
7.305866666666666985e+09,-7.421852548986862530e-03,-7.037065069248633620e+01
7.305933333333333015e+09,-1.371777254492201337e-02,-7.040208090631772109e+01
7.306000000000000000e+09,-2.371133560082228087e-02,-7.043720876320941215e+01
7.306066666666666985e+09,-1.045517453150068832e-02,-7.044908689597586715e+01
7.306133333333333015e+09,-1.869112037145725935e-02,-7.048245713565127346e+01
7.306200000000000000e+09,-2.151459946264822065e-02,-7.051041490857791416e+01
7.306266666666666985e+09,-1.120343682856628220e-03,-7.051515494663391337e+01
7.306333333333333015e+09,-2.877639743148563412e-02,-7.056794529421797790e+01
7.306400000000000000e+09,-1.067780833240306038e-02,-7.057498099895468613e+01
7.306466666666666985e+09,-2.342550343207960850e-02,-7.061286298789015348e+01
7.306533333333333015e+09,-6.065373454688938182e-03,-7.062063715174819833e+01
7.306600000000000000e+09,-2.614960641052732626e-02,-7.066585567853982752e+01
7.306666666666666985e+09,-2.194981459562939108e-02,-7.068679018056037933e+01
7.306733333333333015e+09,-1.552314477585525765e-02,-7.070549780457605493e+01
7.306800000000000000e+09,-2.344995064603949686e-02,-7.073855890428202997e+01
7.306866666666666985e+09,-3.811206684288492852e-02,-7.077835531431465199e+01
7.306933333333333015e+09,-2.322436272311279026e-02,-7.078860190403032959e+01
7.307000000000000000e+09,-3.080963644622158881e-02,-7.082132147158922919e+01
7.307066666666666985e+09,-1.893980907148318238e-02,-7.083458593804992631e+01
7.307133333333333015e+09,-2.941402371901347124e-02,-7.087019444653290634e+01
7.307200000000000000e+09,-1.591352019114822269e-02,-7.088182823684083189e+01
7.307266666666666985e+09,-3.396768744318023892e-02,-7.092501669792864050e+01
7.307333333333333015e+09,-4.365029557258992554e-02,-7.095983359989349992e+01
7.307400000000000000e+09,-1.957315329600817222e-02,-7.096089075145270897e+01
7.307466666666666985e+09,-3.109347468891598965e-02,-7.099754536668106653e+01
7.307533333333333015e+09,-1.284393620846913109e-02,-7.100443012203606941e+01
7.307600000000000000e+09,-1.686478548523950849e-02,-7.103358526514861637e+01
7.307666666666666985e+09,-8.293116391357102657e-03,-7.105014788989052477e+01
7.307733333333333015e+09,-3.131487645551089827e-02,-7.109830394379012830e+01
7.307800000000000000e+09,-1.157666812198954176e-02,-7.110370002929238353e+01
7.307866666666666985e+09,-4.281675712837795800e-02,-7.116007441213456275e+01
7.307933333333333015e+09,-6.592546379195596273e-03,-7.114898449522048907e+01
7.308000000000000000e+09,-8.107129831657289287e-03,-7.117563337250872735e+01
7.308066666666666985e+09,-3.543512197275333619e-02,-7.122809565848561419e+01
7.308133333333333015e+09,-2.418814488524390072e-02,-7.124198297523355450e+01
7.308200000000000000e+09,-4.227196415624234760e-02,-7.128520108834032953e+01
7.308266666666666985e+09,1.879477036462162687e-02,-7.124926864765525636e+01
7.308333333333333015e+09,-2.126859077259268815e-02,-7.131446630262757935e+01
7.308400000000000000e+09,-2.509841125484513213e-02,-7.134343041694562260e+01
7.308466666666666985e+09,6.191216842140079279e-03,-7.133727508268442818e+01
7.308533333333333015e+09,-1.084438320282288259e-02,-7.137944497656482667e+01
7.308600000000000000e+09,-1.971538288395890959e-02,-7.141345027008175350e+01
7.308666666666666985e+09,1.626600965025204459e-03,-7.141724258006856019e+01
7.308733333333333015e+09,-3.125057071828507560e-02,-7.147525404558697915e+01
7.308800000000000000e+09,-2.503582978737028952e-02,-7.149417359849184095e+01
7.308866666666666985e+09,1.709013088215272091e-02,-7.147718193165810874e+01
7.308933333333333015e+09,-1.733831071950930891e-02,-7.153674466709522051e+01
7.309000000000000000e+09,-1.384910039820397287e-02,-7.155838975060969176e+01
7.309066666666666985e+09,-2.080382325642915475e-02,-7.159047876730370774e+01
7.309133333333333015e+09,7.310854640891761846e-03,-7.158749838324149550e+01
7.309200000000000000e+09,-3.276842878221941646e-03,-7.162322037459640001e+01
7.309266666666666985e+09,-1.646402996571794120e-02,-7.166154185551967259e+01
7.309333333333333015e+09,-4.174526591739891046e-02,-7.171195738530680330e+01
7.309400000000000000e+09,-4.234372820093312839e-02,-7.173769014142612832e+01
7.309466666666666985e+09,5.121690546445734071e-04,-7.171996853800632721e+01
7.309533333333333015e+09,5.682307279315068627e-03,-7.173993269361710645e+01
7.309600000000000000e+09,-2.148823537481803214e-03,-7.177289811826935306e+01
7.309666666666666985e+09,1.686470697656261564e-02,-7.177901888159109944e+01
7.309733333333333015e+09,-2.781384186368995870e-02,-7.184883172426680176e+01
7.309800000000000000e+09,-6.588393950622162265e-03,-7.185274057018951055e+01
7.309866666666666985e+09,-2.339258727258197723e-02,-7.189467905734724695e+01
7.309933333333333015e+09,-1.063671168240887255e-02,-7.190705747559253780e+01
7.310000000000000000e+09,-2.405243303779514008e-02,-7.194560749078335959e+01
7.310066666666666985e+09,-1.026713409999047144e-03,-7.194771606499135430e+01
7.310133333333333015e+09,-1.434553765015778026e-02,-7.198616918306696277e+01
7.310200000000000000e+09,-3.652271416044072794e-03,-7.200061021066862565e+01
7.310266666666666985e+09,1.773384237992559065e-02,-7.200435839070844679e+01
7.310333333333333015e+09,-2.329422543894565933e-02,-7.207052075236276778e+01
7.310400000000000000e+09,-3.602654714084962961e-02,-7.210838736790012149e+01
7.310466666666666985e+09,-1.910765283530224679e-02,-7.211660276743036491e+01
7.310533333333333015e+09,-3.878559321691454898e-03,-7.212650796775218964e+01
7.310600000000000000e+09,1.997382532380242992e-03,-7.214576631973390874e+01
7.310666666666666985e+09,-3.705448534986999221e-03,-7.217660344463706679e+01
7.310733333333333015e+09,-4.081488885624651175e-02,-7.223884717879376183e+01
7.310800000000000000e+09,-2.111166272666764598e-02,-7.224427824649997376e+01
7.310866666666666985e+09,-1.007860955408546033e-02,-7.225837948716284131e+01
7.310933333333333015e+09,-5.379075019504853117e-03,-7.227881424646369624e+01
7.311000000000000000e+09,-6.195246268632104147e-03,-7.230476471154861429e+01
7.311066666666666985e+09,-7.040179236653898442e-03,-7.233074393835242688e+01
7.311133333333333015e+09,-2.284442183884038968e-02,-7.237168247479004890e+01
7.311200000000000000e+09,-2.023422663268092947e-02,-7.239420657341968024e+01
7.311266666666666985e+09,7.539187658821333571e-03,-7.239156745296362772e+01
7.311333333333333015e+09,-1.175582421971910208e-02,-7.243599675867761789e+01
7.311400000000000000e+09,-8.881847728332559200e-03,-7.245825707602202215e+01
7.311466666666666985e+09,-9.912526301803836759e-03,-7.248442204843127001e+01
7.311533333333333015e+09,-3.033430912876156071e-02,-7.252997812509367748e+01
7.311600000000000000e+09,-4.381328139454865322e-02,-7.256859139119525537e+01
7.311666666666666985e+09,2.178719426945008308e-02,-7.252812520936703322e+01
7.311733333333333015e+09,-2.480156845552983214e-02,-7.259984826592713603e+01
7.311800000000000000e+09,3.806567222937928818e-03,-7.259637442408444485e+01
7.311866666666666985e+09,-1.439333594348113365e-02,-7.263970862108664051e+01
7.311933333333333015e+09,-1.972279326014358958e-02,-7.267017237223876691e+01
7.312000000000000000e+09,-1.513813228997662463e-02,-7.269072200510437654e+01
7.312066666666666985e+09,5.994380306304947226e-03,-7.269472378634387155e+01
7.312133333333333015e+09,-1.386519719537204764e-02,-7.273971765768067144e+01
7.312200000000000000e+09,5.521093484958328190e-03,-7.274546566083611765e+01
7.312266666666666985e+09,-2.636193596755731505e-02,-7.280248298412442409e+01
7.312333333333333015e+09,-1.378790595038026368e-02,-7.281504324794269678e+01
7.312400000000000000e+09,6.693511998975054667e-03,-7.281969612382911805e+01
7.312466666666666985e+09,-1.919567171621849866e-02,-7.287071960138010240e+01
7.312533333333333015e+09,-3.817914870694494311e-03,-7.288047613836968708e+01
7.312600000000000000e+09,-1.939864533859747553e-02,-7.292119116267336665e+01
7.312666666666666985e+09,-3.520329136009081594e-03,-7.293044714030656905e+01
7.312733333333333015e+09,-9.763565645826588479e-03,-7.296182467065183630e+01
7.312800000000000000e+09,-8.181194885409581730e-03,-7.298537659372719588e+01
7.312866666666666985e+09,-2.582271248782319617e-02,-7.302815240516540030e+01
7.312933333333333015e+09,-2.275050059168393091e-03,-7.302973903657185417e+01
7.313000000000000000e+09,-3.286153731329477523e-02,-7.308545981766177135e+01
7.313066666666666985e+09,8.137673530427491642e-03,-7.306959490065383989e+01
7.313133333333333015e+09,-2.301006618674250603e-02,-7.312587693420644541e+01
7.313200000000000000e+09,-9.545482465881605094e-03,-7.313754664432137531e+01
7.313266666666666985e+09,-2.354203803746202084e-02,-7.317667749372874653e+01
7.313333333333333015e+09,1.510586233180788440e-03,-7.317675916329321240e+01
7.313400000000000000e+09,-2.487258606440434505e-02,-7.322827662942658833e+01
7.313466666666666985e+09,-6.363450108821666618e-03,-7.323490178730678224e+01
7.313533333333333015e+09,2.001378764897765450e-02,-7.323365884338443266e+01
7.313600000000000000e+09,-3.355032772935828689e-02,-7.331235725259855940e+01
7.313666666666666985e+09,-2.345297945066704415e-02,-7.332739419815564474e+01
7.313733333333333015e+09,-6.166130824880156069e-03,-7.333524164336530760e+01
7.313800000000000000e+09,-8.802633240520663094e-03,-7.336301243961639784e+01
7.313866666666666985e+09,7.411405683271254929e-03,-7.337193269452838251e+01
7.313933333333333015e+09,-8.301534915702291073e-03,-7.341277992896282001e+01
7.314000000000000000e+09,-4.796207044904576833e-03,-7.343440889492779888e+01
7.314066666666666985e+09,-2.607058450473687117e-02,-7.348081756622340777e+01
7.314133333333333015e+09,-1.223747288490528717e-02,-7.349211874843904013e+01
7.314200000000000000e+09,-7.169188266388459851e-03,-7.351218475765595883e+01
7.314266666666666985e+09,-2.954415368634499828e-02,-7.355969401691169196e+01
7.314333333333333015e+09,-4.225601311551940853e-02,-7.359754017017633032e+01
7.314400000000000000e+09,-5.785483179352013394e-03,-7.358620393407593951e+01
7.314466666666666985e+09,-4.235135830199965312e-02,-7.364790410303436374e+01
7.314533333333333015e+09,-1.846769269508286015e-02,-7.364915473126291090e+01
7.314600000000000000e+09,-4.284164833171644204e-02,-7.369866298073532107e+01
7.314666666666666985e+09,-2.218521234634351913e-02,-7.370314083858539789e+01
7.314733333333333015e+09,-1.927178357875902748e-02,-7.372536170365326313e+01
7.314800000000000000e+09,-1.448485663928522627e-02,-7.374570907054956592e+01
7.314866666666666985e+09,-1.457512276310524157e-02,-7.377093363050917674e+01
7.314933333333333015e+09,-2.172914680240012331e-02,-7.380322194838392136e+01
7.315000000000000000e+09,-4.763519470563437608e-02,-7.385426229012293220e+01
7.315066666666666985e+09,-1.675540655980967131e-04,-7.383192894331835987e+01
7.315133333333333015e+09,4.507517641627600824e-03,-7.385238816544656970e+01
7.315200000000000000e+09,-2.142277062129949172e-02,-7.390345274754528759e+01
7.315266666666666985e+09,-2.117614449464610971e-02,-7.392834041525442501e+01
7.315333333333333015e+09,-4.396221144541812009e-02,-7.397626077604063255e+01
7.315400000000000000e+09,-2.904464885949664676e-02,-7.398647750729050188e+01
7.315466666666666985e+09,-5.594443747757793517e-02,-7.403851158974403290e+01
7.315533333333333015e+09,-3.301206553217639339e-02,-7.404071351163408110e+01
7.315600000000000000e+09,-5.418141769681028563e-03,-7.403825388170737654e+01
7.315666666666666985e+09,-4.040045995598973150e-02,-7.409837049372946183e+01
7.315733333333333015e+09,-3.792470122654378883e-02,-7.412102902883546562e+01
7.315800000000000000e+09,-1.679569108051737203e-02,-7.412503431252523001e+01
7.315866666666666985e+09,-2.681335724035704970e-02,-7.416018627252084627e+01
7.315933333333333015e+09,-2.589408993229369571e-02,-7.418440129904789160e+01
7.316000000000000000e+09,-1.038065058175163813e-02,-7.419402215353314034e+01
7.316066666666666985e+09,-2.256117410649949306e-02,-7.423133697089366478e+01
7.316133333333333015e+09,-2.738318261236827311e-02,-7.426129327323498330e+01
7.316200000000000000e+09,-1.181420043531034025e-02,-7.427085858489371617e+01
7.316266666666666985e+09,-3.787356660636476136e-02,-7.432205224490054718e+01
7.316333333333333015e+09,-1.917152819956413623e-02,-7.432848450032886944e+01
7.316400000000000000e+09,-2.815196065127167913e-02,-7.436259922661635358e+01
7.316466666666666985e+09,-1.081733048614808013e-02,-7.437039889028700657e+01
7.316533333333333015e+09,-1.465027999375934087e-02,-7.439936613363008178e+01
7.316600000000000000e+09,-3.557271090271285630e-02,-7.444542285837481188e+01
7.316666666666666985e+09,-6.218575264381343004e-02,-7.449717019395168904e+01
7.316733333333333015e+09,-3.881125121942829992e-02,-7.449892998636242680e+01
7.316800000000000000e+09,-3.262746624513113147e-02,-7.451788049522390622e+01
7.316866666666666985e+09,-3.782894177844298156e-02,-7.454821626459300887e+01
7.316933333333333015e+09,-3.086725102309628710e-02,-7.456638886767311192e+01
7.317000000000000000e+09,-1.189460191193347782e-02,-7.457255051239772570e+01
7.317066666666666985e+09,-2.638142770571505480e-02,-7.461217163202729807e+01
7.317133333333333015e+09,-2.222348789084094278e-02,-7.463314798604753264e+01
7.317200000000000000e+09,-4.061870853729487862e-02,-7.467667750052977738e+01
7.317266666666666985e+09,-2.537389670327172553e-02,-7.468656698253154502e+01
7.317333333333333015e+09,-2.207801063551073639e-02,-7.470840539029921956e+01
7.317400000000000000e+09,-4.892636633732649898e-02,-7.476038803983682612e+01
7.317466666666666985e+09,-4.346657869317027689e-02,-7.478006254602846070e+01
7.317533333333333015e+09,-3.345788503240498812e-02,-7.479518814620313094e+01
7.317600000000000000e+09,-6.575816020010449847e-02,-7.485262271520628019e+01
7.317666666666666985e+09,-5.763941471481359713e-02,-7.486963826355678009e+01
7.317733333333333015e+09,-6.622669782701962049e-02,-7.490335984050442164e+01
7.317800000000000000e+09,-1.988758774211873970e-02,-7.488215502425531156e+01
7.317866666666666985e+09,-3.652436137492998114e-02,-7.492392609172391360e+01
7.317933333333333015e+09,-4.539712665842898787e-02,-7.495793315084284814e+01
7.318000000000000000e+09,-2.453849869900182057e-02,-7.496220881671888492e+01
7.318066666666666985e+09,-4.155463958211669251e-02,-7.500435925143777638e+01
7.318133333333333015e+09,-4.727494343171656510e-03,-7.499266640003428108e+01
7.318200000000000000e+09,-3.944640735851123736e-02,-7.505251960688541146e+01
7.318266666666666985e+09,-3.958294118173455445e-02,-7.507779043454441137e+01
7.318333333333333015e+09,-2.580952895534949221e-02,-7.508915131615347605e+01
7.318400000000000000e+09,-3.821893803116438448e-02,-7.512669501906474068e+01
7.318466666666666985e+09,-3.535391686891387053e-02,-7.514896429173826675e+01
7.318533333333333015e+09,-3.538691900268986501e-02,-7.517413158770750670e+01
7.318600000000000000e+09,-4.185286941124388704e-02,-7.520573183195183731e+01
7.318666666666666985e+09,-2.371914685411979917e-02,-7.521273240323048981e+01
7.318733333333333015e+09,-2.585458524499983923e-02,-7.524000213545683380e+01
7.318800000000000000e+09,-1.385225332225559214e-02,-7.525313409736986614e+01
7.318866666666666985e+09,-5.523812007857031858e-02,-7.531965425796163061e+01
7.318933333333333015e+09,-5.317075520110847719e-02,-7.534272118691961850e+01
7.319000000000000000e+09,-2.782792148528301368e-02,-7.534251264703956963e+01
7.319066666666666985e+09,-5.265363891247432093e-02,-7.539247265830255174e+01
7.319133333333333015e+09,-2.967723783231690504e-02,-7.539463055105784406e+01
7.319200000000000000e+09,-3.805991945111486530e-02,-7.542814752651241861e+01
7.319266666666666985e+09,-2.038112182225404467e-02,-7.543560302271900753e+01
7.319333333333333015e+09,-6.627156014438639886e-02,-7.550662775487658962e+01
7.319400000000000000e+09,-5.868578449643280237e-02,-7.552417627306441261e+01
7.319466666666666985e+09,-4.341992239592684655e-02,-7.553404470479969746e+01
7.319533333333333015e+09,-4.553378743709401988e-02,-7.556129286367631437e+01
7.319600000000000000e+09,-4.730508837408820000e-02,-7.558819845844908514e+01
7.319666666666666985e+09,-3.906075758638394291e-02,-7.560508842149684483e+01
7.319733333333333015e+09,-5.350497570766776789e-02,-7.564466693345356418e+01
7.319800000000000000e+09,-2.660694409887298661e-02,-7.564290319568056020e+01
7.319866666666666985e+09,-6.909890671565221965e-02,-7.571052945213313023e+01
7.319933333333333015e+09,-6.490567719889384080e-02,-7.573147051645180738e+01
7.320000000000000000e+09,-2.633386457621611498e-02,-7.571803299766492046e+01
7.320066666666666985e+09,-4.444755443137182738e-02,-7.576128098135586697e+01
7.320133333333333015e+09,-5.255802292340661097e-02,-7.579452574368301043e+01
7.320200000000000000e+09,-4.758369627910497002e-02,-7.581468571087449959e+01
7.320266666666666985e+09,-4.524634780528913325e-02,-7.583748265623646034e+01
7.320333333333333015e+09,-3.357805236989008790e-02,-7.585094865463651104e+01
7.320400000000000000e+09,-4.757592917293607115e-02,-7.589008082527534782e+01
7.320466666666666985e+09,-1.263287476882624105e-02,-7.588027206470701458e+01
7.320533333333333015e+09,-4.917773373571776574e-02,-7.594195121750902899e+01
7.320600000000000000e+09,-4.020938164545384552e-02,-7.595811715925454166e+01
7.320666666666666985e+09,-3.618531128869051372e-02,-7.597922738273355492e+01
7.320733333333333015e+09,-5.969375251918052072e-02,-7.602787011779950888e+01
7.320800000000000000e+09,-6.129545758004439904e-02,-7.605460611669614934e+01
7.320866666666666985e+09,-5.980297337137585600e-02,-7.607824792632325739e+01
7.320933333333333015e+09,-2.773727199459585790e-02,-7.607131651878160028e+01
7.321000000000000000e+09,-6.025589921577534369e-02,-7.612896943983855635e+01
7.321066666666666985e+09,-4.531374349517136579e-02,-7.613916157795372897e+01
7.321133333333333015e+09,-3.648201815556717520e-02,-7.615546414644958872e+01
7.321200000000000000e+09,-3.744235713514854069e-02,-7.618155877926494668e+01
7.321266666666666985e+09,-6.875209043410279719e-02,-7.623800280639967752e+01
7.321333333333333015e+09,-5.702284659507483866e-02,-7.625140785639577246e+01
7.321400000000000000e+09,-3.896770179989061944e-02,-7.625848700543636483e+01
7.321466666666666985e+09,-6.281713828001045385e-02,-7.630747073575227546e+01
7.321533333333333015e+09,-4.671548704125427776e-02,-7.631650337834896902e+01
7.321600000000000000e+09,-3.233988683678035159e-02,-7.632726207198027168e+01
7.321666666666666985e+09,-6.540490822342803767e-02,-7.638546138720271017e+01
7.321733333333333015e+09,-3.070950196972432877e-02,-7.637590027478445620e+01
7.321800000000000000e+09,-6.207347798418538787e-02,-7.643239854463436700e+01
7.321866666666666985e+09,-4.113956616188829685e-02,-7.643659892664786071e+01
7.321933333333333015e+09,-4.615614129873790716e-02,-7.646674979562014585e+01
7.322000000000000000e+09,-3.657883286676621992e-02,-7.648230678102396496e+01
7.322066666666666985e+09,-3.736606359547067768e-02,-7.650822830558846022e+01
7.322133333333333015e+09,-6.090830014250059321e-02,-7.655690483597092566e+01
7.322200000000000000e+09,-3.743953262700472351e-02,-7.655857036229089374e+01
7.322266666666666985e+09,-5.009136019670279438e-02,-7.659635648369636840e+01
7.322333333333333015e+09,-4.713191835485019965e-02,-7.661853133568996554e+01
7.322400000000000000e+09,-5.225177177588591348e-02,-7.664878548294679206e+01
7.322466666666666985e+09,-7.320970397670123475e-02,-7.669487770898338397e+01
7.322533333333333015e+09,-2.440243634698902042e-02,-7.667120473518912149e+01
7.322600000000000000e+09,-6.081698734367080306e-02,-7.673275358002159408e+01
7.322666666666666985e+09,-4.889516343544642041e-02,-7.674596604994880522e+01
7.322733333333333015e+09,-4.775077491333945545e-02,-7.676995595526214800e+01
7.322800000000000000e+09,-5.381001968967780158e-02,-7.680114949387427714e+01
7.322866666666666985e+09,-5.188262030421242343e-02,-7.682435638832458835e+01
7.322933333333333015e+09,-5.021344709696506925e-02,-7.684782150895279074e+01
7.323000000000000000e+09,-2.193740392682741458e-02,-7.684467975961844388e+01
7.323066666666666985e+09,-5.312054880134553514e-02,-7.690099719832839753e+01
7.323133333333333015e+09,-7.386246500612969612e-02,-7.694687340836864564e+01
7.323200000000000000e+09,-4.786769515099820183e-02,-7.694601293234929074e+01
7.323266666666666985e+09,-6.476647795356882398e-02,-7.698804600898763795e+01
7.323333333333333015e+09,-3.936027630845728709e-02,-7.698777410117799036e+01
7.323400000000000000e+09,-4.599337484538068566e-02,-7.701954149355069035e+01
7.323466666666666985e+09,-3.918018345268592384e-02,-7.703786259599344532e+01
7.323533333333333015e+09,-4.689812868974740923e-02,-7.707071483506595655e+01
7.323600000000000000e+09,-7.806530748871409742e-02,-7.712701630770069983e+01
7.323666666666666985e+09,-4.299561825871478504e-02,-7.711708091230649131e+01
7.323733333333333015e+09,-2.731663037909015657e-02,-7.712653621826231642e+01
7.323800000000000000e+09,-2.764900979106243994e-02,-7.715200289151006530e+01
7.323866666666666985e+09,-5.011286538369574828e-02,-7.719960104093848940e+01
7.323933333333333015e+09,-4.164242743080137643e-02,-7.721626489682070371e+01
7.324000000000000000e+09,-2.901195089636132707e-02,-7.722876871412205446e+01
7.324066666666666985e+09,-4.620717279925656840e-02,-7.727109822986074050e+01
7.324133333333333015e+09,-2.312726188343106060e-02,-7.727315261278035052e+01
7.324200000000000000e+09,-8.543610010156044154e-02,-7.736059574483427070e+01
7.324266666666666985e+09,-7.327786690089510557e-02,-7.737357180546939617e+01
7.324333333333333015e+09,-5.190653295255742705e-02,-7.737733476535615296e+01
7.324400000000000000e+09,-3.436115996980504406e-02,-7.738492368620919137e+01
7.324466666666666985e+09,-4.886958846043398808e-02,-7.742456640853561112e+01
7.324533333333333015e+09,-4.320153412788840797e-02,-7.744403264803850107e+01
7.324600000000000000e+09,-5.525225291503943481e-02,-7.748121766066144289e+01
7.324666666666666985e+09,-4.714785952990041551e-02,-7.749824756111209467e+01
7.324733333333333015e+09,-5.710541051887219055e-02,-7.753333940593617513e+01
7.324800000000000000e+09,-6.845225443885283312e-02,-7.756982054369194657e+01
7.324866666666666985e+09,-5.064623901864706568e-02,-7.757714882210751739e+01
7.324933333333333015e+09,-1.432064286909451312e-02,-7.756595751979341458e+01
7.325000000000000000e+09,-5.154464568903449617e-02,-7.762831581644914536e+01
