# freq_Hz, amplitude_dBm
7.125000000000000000e+09,-9.333543141769217755e+01
7.125095000000000000e+09,-9.303017643836892603e+01
7.125190000000000000e+09,-9.343042188450800722e+01
7.125285000000000000e+09,-9.325204559447767849e+01
7.125380000000000000e+09,-9.305419472074697751e+01
7.125475000000000000e+09,-9.327711368836047257e+01
7.125570000000000000e+09,-9.326301769590588719e+01
7.125665000000000000e+09,-9.341684219333760097e+01
7.125760000000000000e+09,-9.307701525501468609e+01
7.125855000000000000e+09,-9.299778315696386244e+01
7.125950000000000000e+09,-9.331416818069570240e+01
7.126045000000000000e+09,-9.347957490167780747e+01
7.126140000000000000e+09,-9.319237843587089287e+01
7.126235000000000000e+09,-9.319729145145313964e+01
7.126330000000000000e+09,-9.287839638579220036e+01
7.126425000000000000e+09,-9.338015334289605107e+01
7.126520000000000000e+09,-9.327874172329948976e+01
7.126615000000000000e+09,-9.306783298722038467e+01
7.126710000000000000e+09,-9.321287571458651655e+01
7.126805000000000000e+09,-9.324676570937120346e+01
7.126900000000000000e+09,-9.327729424073834252e+01
7.126995000000000000e+09,-9.319977350019790663e+01
7.127090000000000000e+09,-9.329115643900458110e+01
7.127185000000000000e+09,-9.304406389382334908e+01
7.127280000000000000e+09,-9.329414572903732505e+01
7.127375000000000000e+09,-9.357082254032910384e+01
7.127470000000000000e+09,-9.329172280886237445e+01
7.127565000000000000e+09,-9.328502741515191587e+01
7.127660000000000000e+09,-9.314051411251995205e+01
7.127755000000000000e+09,-9.312360152853895556e+01
7.127850000000000000e+09,-9.314807013610464992e+01
7.127945000000000000e+09,-9.355254425543014918e+01
7.128040000000000000e+09,-9.303093113974766482e+01
7.128135000000000000e+09,-9.333215499566507845e+01
7.128230000000000000e+09,-9.355644248726308376e+01
7.128325000000000000e+09,-9.336254232156881017e+01
7.128420000000000000e+09,-9.337719687778702848e+01
7.128515000000000000e+09,-9.303195410302987511e+01
7.128610000000000000e+09,-9.332407122104413588e+01
7.128705000000000000e+09,-9.300342716930447295e+01
7.128800000000000000e+09,-9.331716190316485893e+01
7.128895000000000000e+09,-9.298360345963411078e+01
7.128990000000000000e+09,-9.333504902410014381e+01
7.129085000000000000e+09,-9.340112540515333706e+01
7.129180000000000000e+09,-9.319821473280509849e+01
7.129275000000000000e+09,-9.322042801752245111e+01
7.129370000000000000e+09,-9.324651626593274045e+01
7.129465000000000000e+09,-9.301494322050162111e+01
7.129560000000000000e+09,-9.329689407697131287e+01
7.129655000000000000e+09,-9.327073212426768123e+01
7.129750000000000000e+09,-9.314274796276693280e+01
7.129845000000000000e+09,-9.314682230102361871e+01
7.129940000000000000e+09,-9.337529778359953525e+01
7.130035000000000000e+09,-9.307298883577955451e+01
7.130130000000000000e+09,-9.335010278759901325e+01
7.130225000000000000e+09,-9.368697328300410732e+01
7.130320000000000000e+09,-9.322307200803835769e+01
7.130415000000000000e+09,-9.339891814415948090e+01
7.130510000000000000e+09,-9.356079318925696953e+01
7.130605000000000000e+09,-9.294708974657227429e+01
7.130700000000000000e+09,-9.361919691582775727e+01
7.130795000000000000e+09,-9.319332424194649889e+01
7.130890000000000000e+09,-9.288588796866991970e+01
7.130985000000000000e+09,-9.324322986933051993e+01
7.131080000000000000e+09,-9.348703327822246933e+01
7.131175000000000000e+09,-9.314832328439229059e+01
7.131270000000000000e+09,-9.291727628648516202e+01
7.131365000000000000e+09,-9.330729189007666946e+01
7.131460000000000000e+09,-9.329282386007390926e+01
7.131555000000000000e+09,-9.329635276742537542e+01
7.131650000000000000e+09,-9.299163579940922375e+01
7.131745000000000000e+09,-9.331944525389188527e+01
7.131840000000000000e+09,-9.317754221168721074e+01
7.131935000000000000e+09,-9.330543069187989147e+01
7.132030000000000000e+09,-9.344186911130678652e+01
7.132125000000000000e+09,-9.294358399311957442e+01
7.132220000000000000e+09,-9.333538079509706620e+01
7.132315000000000000e+09,-9.322366276750426550e+01
7.132410000000000000e+09,-9.315220634666295041e+01
7.132505000000000000e+09,-9.306077253615336531e+01
7.132600000000000000e+09,-9.334443063060929546e+01
7.132695000000000000e+09,-9.328851179296313489e+01
7.132790000000000000e+09,-9.348031594755138940e+01
7.132885000000000000e+09,-9.303455761018224734e+01
7.132980000000000000e+09,-9.314022260179086743e+01
7.133075000000000000e+09,-9.332519580345503130e+01
7.133170000000000000e+09,-9.312257522546431687e+01
7.133265000000000000e+09,-9.340213348036479601e+01
7.133360000000000000e+09,-9.325545979001644525e+01
7.133455000000000000e+09,-9.342178536328981409e+01
7.133550000000000000e+09,-9.344964659433166787e+01
7.133645000000000000e+09,-9.336755895214493250e+01
7.133740000000000000e+09,-9.321809609314669842e+01
7.133835000000000000e+09,-9.289745866849864342e+01
7.133930000000000000e+09,-9.300994526561390785e+01
7.134025000000000000e+09,-9.287588924548330738e+01
7.134120000000000000e+09,-9.335281320359918311e+01
7.134215000000000000e+09,-9.265319902810102803e+01
7.134310000000000000e+09,-9.335690128395363274e+01
7.134405000000000000e+09,-9.319506886993151795e+01
7.134500000000000000e+09,-9.336411066732762265e+01
7.134595000000000000e+09,-9.308313121237624443e+01
7.134690000000000000e+09,-9.302612295096298567e+01
7.134785000000000000e+09,-9.311710481632765379e+01
7.134880000000000000e+09,-9.315384742468148715e+01
7.134975000000000000e+09,-9.302609805326760295e+01
7.135070000000000000e+09,-9.308581470593180995e+01
7.135165000000000000e+09,-9.307099773372630125e+01
7.135260000000000000e+09,-9.316142030074428249e+01
7.135355000000000000e+09,-9.337803350122717916e+01
7.135450000000000000e+09,-9.307381617491273573e+01
7.135545000000000000e+09,-9.308871643991102474e+01
7.135640000000000000e+09,-9.280904437748729663e+01
7.135735000000000000e+09,-9.318906040006696401e+01
7.135830000000000000e+09,-9.319325706257774300e+01
7.135925000000000000e+09,-9.328081321585185037e+01
7.136020000000000000e+09,-9.310275711015017919e+01
7.136115000000000000e+09,-9.338622491177248719e+01
7.136210000000000000e+09,-9.311166728964397521e+01
7.136305000000000000e+09,-9.286154689367185711e+01
7.136400000000000000e+09,-9.329873819457311868e+01
7.136495000000000000e+09,-9.317922382309633633e+01
7.136590000000000000e+09,-9.319881007036585174e+01
7.136685000000000000e+09,-9.315406359374476608e+01
7.136780000000000000e+09,-9.300853331011140313e+01
7.136875000000000000e+09,-9.322482075022418258e+01
7.136970000000000000e+09,-9.280056231918642595e+01
7.137065000000000000e+09,-9.315502758833453356e+01
7.137160000000000000e+09,-9.299200136771951009e+01
7.137255000000000000e+09,-9.305722340609133880e+01
7.137350000000000000e+09,-9.307354628859303602e+01
7.137445000000000000e+09,-9.298284338295437124e+01
7.137540000000000000e+09,-9.319425643183259922e+01
7.137635000000000000e+09,-9.301360325044340982e+01
7.137730000000000000e+09,-9.297796283367320314e+01
7.137825000000000000e+09,-9.317042193986276288e+01
7.137920000000000000e+09,-9.279335441642427895e+01
7.138015000000000000e+09,-9.314428716324032109e+01
7.138110000000000000e+09,-9.311852086058742373e+01
7.138205000000000000e+09,-9.319052217197562982e+01
7.138300000000000000e+09,-9.318486904746441724e+01
7.138395000000000000e+09,-9.300179675654783296e+01
7.138490000000000000e+09,-9.308058768310078790e+01
7.138585000000000000e+09,-9.310101947937708644e+01
7.138680000000000000e+09,-9.306657518968783904e+01
7.138775000000000000e+09,-9.308031525797150607e+01
7.138870000000000000e+09,-9.300368997294660289e+01
7.138965000000000000e+09,-9.311938339156100142e+01
7.139060000000000000e+09,-9.303333501658620719e+01
7.139155000000000000e+09,-9.323640632323863997e+01
7.139250000000000000e+09,-9.288568109436388909e+01
7.139345000000000000e+09,-9.303255799541324222e+01
7.139440000000000000e+09,-9.302467084199874137e+01
7.139535000000000000e+09,-9.286737122774260911e+01
7.139630000000000000e+09,-9.333702639170257953e+01
7.139725000000000000e+09,-9.292558261448475321e+01
7.139820000000000000e+09,-9.340636062580762200e+01
7.139915000000000000e+09,-9.301901013568328835e+01
7.140010000000000000e+09,-9.288829068249043530e+01
7.140105000000000000e+09,-9.343836126622315419e+01
7.140200000000000000e+09,-9.307636117073739968e+01
7.140295000000000000e+09,-9.316902059331161468e+01
7.140390000000000000e+09,-9.302118043311834583e+01
7.140485000000000000e+09,-9.292461884671807582e+01
7.140580000000000000e+09,-9.298315468898685765e+01
7.140675000000000000e+09,-9.336515080943203770e+01
7.140770000000000000e+09,-9.306222438559034060e+01
7.140865000000000000e+09,-9.341394878171895755e+01
7.140960000000000000e+09,-9.321879518351762783e+01
7.141055000000000000e+09,-9.295474078765104764e+01
7.141150000000000000e+09,-9.321894279285935170e+01
7.141245000000000000e+09,-9.299777213182079549e+01
7.141340000000000000e+09,-9.317840932691963474e+01
7.141435000000000000e+09,-9.311830479257309889e+01
7.141530000000000000e+09,-9.320435576452305781e+01
7.141625000000000000e+09,-9.318513588473662423e+01
7.141720000000000000e+09,-9.315280141812193904e+01
7.141815000000000000e+09,-9.303747087358848944e+01
7.141910000000000000e+09,-9.325310285886058637e+01
7.142005000000000000e+09,-9.316973497135074922e+01
7.142100000000000000e+09,-9.341904751724928246e+01
7.142195000000000000e+09,-9.300069318085473924e+01
7.142290000000000000e+09,-9.316946369843449816e+01
7.142385000000000000e+09,-9.299954684310201003e+01
7.142480000000000000e+09,-9.302473435710331273e+01
7.142575000000000000e+09,-9.266980016205999959e+01
7.142670000000000000e+09,-9.326392311046018335e+01
7.142765000000000000e+09,-9.338103800161421475e+01
7.142860000000000000e+09,-9.312785638194284843e+01
7.142955000000000000e+09,-9.324932949753831224e+01
7.143050000000000000e+09,-9.330662865072403633e+01
7.143145000000000000e+09,-9.313664226659335554e+01
7.143240000000000000e+09,-9.300115989955303064e+01
7.143335000000000000e+09,-9.303869876312491272e+01
7.143430000000000000e+09,-9.311371775623945268e+01
7.143525000000000000e+09,-9.320357244717122569e+01
7.143620000000000000e+09,-9.288485938813587950e+01
7.143715000000000000e+09,-9.321383391243739425e+01
7.143810000000000000e+09,-9.287554448715845012e+01
7.143905000000000000e+09,-9.284262270484470037e+01
7.144000000000000000e+09,-9.318654582263563668e+01
7.144095000000000000e+09,-9.313304466631737455e+01
7.144190000000000000e+09,-9.300691142498777708e+01
7.144285000000000000e+09,-9.347139763764178610e+01
7.144380000000000000e+09,-9.339343515026834552e+01
7.144475000000000000e+09,-9.304200992086370547e+01
7.144570000000000000e+09,-9.318276375057435246e+01
7.144665000000000000e+09,-9.296205617069313121e+01
7.144760000000000000e+09,-9.310596979400216355e+01
7.144855000000000000e+09,-9.293675108541887653e+01
7.144950000000000000e+09,-9.311073083645749193e+01
7.145045000000000000e+09,-9.296826295625116643e+01
7.145140000000000000e+09,-9.305345933645519096e+01
7.145235000000000000e+09,-9.313906956741197973e+01
7.145330000000000000e+09,-9.300092306858505253e+01
7.145425000000000000e+09,-9.314074706637809697e+01
7.145520000000000000e+09,-9.285250582676002296e+01
7.145615000000000000e+09,-9.315009886385816174e+01
7.145710000000000000e+09,-9.289197214895807519e+01
7.145805000000000000e+09,-9.340493228363695266e+01
7.145900000000000000e+09,-9.281965018757210828e+01
7.145995000000000000e+09,-9.294792907720545827e+01
7.146090000000000000e+09,-9.321412542933597933e+01
7.146185000000000000e+09,-9.315593647802693056e+01
7.146280000000000000e+09,-9.320534563291158747e+01
7.146375000000000000e+09,-9.318668800542418751e+01
7.146470000000000000e+09,-9.329003350666768313e+01
7.146565000000000000e+09,-9.301327735970076560e+01
7.146660000000000000e+09,-9.351798535234391352e+01
7.146755000000000000e+09,-9.276968403775376260e+01
7.146850000000000000e+09,-9.314201778826559064e+01
7.146945000000000000e+09,-9.331629058967121182e+01
7.147040000000000000e+09,-9.324637945080209533e+01
7.147135000000000000e+09,-9.324857791173289456e+01
7.147230000000000000e+09,-9.346731602271979966e+01
7.147325000000000000e+09,-9.290830421929649674e+01
7.147420000000000000e+09,-9.312368063000900520e+01
7.147515000000000000e+09,-9.302809675431913661e+01
7.147610000000000000e+09,-9.298385443405267381e+01
7.147705000000000000e+09,-9.317852213694848729e+01
7.147800000000000000e+09,-9.306916562769694679e+01
7.147895000000000000e+09,-9.310854059642650782e+01
7.147990000000000000e+09,-9.324411072125133160e+01
7.148085000000000000e+09,-9.322077372417444963e+01
7.148180000000000000e+09,-9.359130145602479445e+01
7.148275000000000000e+09,-9.328425332221252120e+01
7.148370000000000000e+09,-9.338746445552592945e+01
7.148465000000000000e+09,-9.356303726232594897e+01
7.148560000000000000e+09,-9.385027309807638574e+01
7.148655000000000000e+09,-9.486719293521210261e+01
7.148750000000000000e+09,-9.482904374281424964e+01
7.148845000000000000e+09,-9.698022712381393262e+01
7.148940000000000000e+09,-9.422996371082348332e+01
7.149035000000000000e+09,-9.337302564266487082e+01
7.149130000000000000e+09,-9.340870826234764479e+01
7.149225000000000000e+09,-9.344156686011238833e+01
7.149320000000000000e+09,-9.285622787842117987e+01
7.149415000000000000e+09,-9.268746483495741018e+01
7.149510000000000000e+09,-9.293041414126336974e+01
7.149605000000000000e+09,-9.302809205083882205e+01
7.149700000000000000e+09,-9.288590621000251701e+01
7.149795000000000000e+09,-9.319176612098780765e+01
7.149890000000000000e+09,-9.288920129723847197e+01
7.149985000000000000e+09,-9.331372348751797574e+01
7.150080000000000000e+09,-9.302754366729209323e+01
7.150175000000000000e+09,-9.315886483732519707e+01
7.150270000000000000e+09,-9.297140715429949864e+01
7.150365000000000000e+09,-9.302257796175231874e+01
7.150460000000000000e+09,-9.330549922230827065e+01
7.150555000000000000e+09,-9.279846391774584902e+01
7.150650000000000000e+09,-9.287148391963575023e+01
7.150745000000000000e+09,-9.272427227645501091e+01
7.150840000000000000e+09,-9.292130515544194225e+01
7.150935000000000000e+09,-9.289365823145246281e+01
7.151030000000000000e+09,-9.352753231429092295e+01
7.151125000000000000e+09,-9.316420636212527029e+01
7.151220000000000000e+09,-9.305955058933882640e+01
7.151315000000000000e+09,-9.315596094974694097e+01
7.151410000000000000e+09,-9.282294307397123134e+01
7.151505000000000000e+09,-9.322389526642766100e+01
7.151600000000000000e+09,-9.304868199695786757e+01
7.151695000000000000e+09,-9.322865087862916766e+01
7.151790000000000000e+09,-9.313753142527311013e+01
7.151885000000000000e+09,-9.294179087968792885e+01
7.151980000000000000e+09,-9.293327453346692835e+01
7.152075000000000000e+09,-9.290099095445543753e+01
7.152170000000000000e+09,-9.293442867466269774e+01
7.152265000000000000e+09,-9.286182623321118967e+01
7.152360000000000000e+09,-9.297894355438282332e+01
7.152455000000000000e+09,-9.303703215618740785e+01
7.152550000000000000e+09,-9.298869381095074971e+01
7.152645000000000000e+09,-9.282344227271352111e+01
7.152740000000000000e+09,-9.331628178258142725e+01
7.152835000000000000e+09,-9.295120339671554177e+01
7.152930000000000000e+09,-9.312391427979592606e+01
7.153025000000000000e+09,-9.305415795168764248e+01
7.153120000000000000e+09,-9.328699959835310551e+01
7.153215000000000000e+09,-9.298597178376395789e+01
7.153310000000000000e+09,-9.310101230211679990e+01
7.153405000000000000e+09,-9.277834633483622895e+01
7.153500000000000000e+09,-9.300411193787743969e+01
7.153595000000000000e+09,-9.286605692400969758e+01
7.153690000000000000e+09,-9.305078358653780413e+01
7.153785000000000000e+09,-9.308714860501162036e+01
7.153880000000000000e+09,-9.301189513038062273e+01
7.153975000000000000e+09,-9.300258777080847494e+01
7.154070000000000000e+09,-9.300197837468259365e+01
7.154165000000000000e+09,-9.309783920700991189e+01
7.154260000000000000e+09,-9.312179735053859986e+01
7.154355000000000000e+09,-9.279636941530385741e+01
7.154450000000000000e+09,-9.292090935879497238e+01
7.154545000000000000e+09,-9.324151604638551305e+01
7.154640000000000000e+09,-9.310440036854606660e+01
7.154735000000000000e+09,-9.308486343317760259e+01
7.154830000000000000e+09,-9.303313233476256983e+01
7.154925000000000000e+09,-9.297004976970649182e+01
7.155020000000000000e+09,-9.315024836759712912e+01
7.155115000000000000e+09,-9.315459325467114127e+01
7.155210000000000000e+09,-9.316891830337797842e+01
7.155305000000000000e+09,-9.328455251894993694e+01
7.155400000000000000e+09,-9.315418060523036559e+01
7.155495000000000000e+09,-9.276951635191480250e+01
7.155590000000000000e+09,-9.293458643684311937e+01
7.155685000000000000e+09,-9.315544085109671357e+01
7.155780000000000000e+09,-9.288086638411945728e+01
7.155875000000000000e+09,-9.296190036896317110e+01
7.155970000000000000e+09,-9.332624612289885135e+01
7.156065000000000000e+09,-9.288883067874478172e+01
7.156160000000000000e+09,-9.306033227381215056e+01
7.156255000000000000e+09,-9.299667445170024394e+01
7.156350000000000000e+09,-9.321275204315485041e+01
7.156445000000000000e+09,-9.326464498652717339e+01
7.156540000000000000e+09,-9.314387122088399451e+01
7.156635000000000000e+09,-9.298608108558596541e+01
7.156730000000000000e+09,-9.288696356693941425e+01
7.156825000000000000e+09,-9.307893885705139780e+01
7.156920000000000000e+09,-9.311728463170265968e+01
7.157015000000000000e+09,-9.311161304456243215e+01
7.157110000000000000e+09,-9.293177280062749901e+01
7.157205000000000000e+09,-9.327831439153278836e+01
7.157300000000000000e+09,-9.293997770706701544e+01
7.157395000000000000e+09,-9.332318522087122403e+01
7.157490000000000000e+09,-9.280545760427438040e+01
7.157585000000000000e+09,-9.305019048829798578e+01
7.157680000000000000e+09,-9.335392456259199889e+01
7.157775000000000000e+09,-9.312181991722481200e+01
7.157870000000000000e+09,-9.278521473498351213e+01
7.157965000000000000e+09,-9.342332757815528055e+01
7.158060000000000000e+09,-9.312220474324999486e+01
7.158155000000000000e+09,-9.302500937396166591e+01
7.158250000000000000e+09,-9.332521872399368590e+01
7.158345000000000000e+09,-9.319493786191513607e+01
7.158440000000000000e+09,-9.314949760069234230e+01
7.158535000000000000e+09,-9.318771409268947536e+01
7.158630000000000000e+09,-9.324298936805271865e+01
7.158725000000000000e+09,-9.297480964286347671e+01
7.158820000000000000e+09,-9.321959935124078811e+01
7.158915000000000000e+09,-9.305724639725232805e+01
7.159010000000000000e+09,-9.330614918016784998e+01
7.159105000000000000e+09,-9.289696308250435663e+01
7.159200000000000000e+09,-9.279835658183777980e+01
7.159295000000000000e+09,-9.329504049813026256e+01
7.159390000000000000e+09,-9.289755484048656342e+01
7.159485000000000000e+09,-9.329731568430656807e+01
7.159580000000000000e+09,-9.331118224954997231e+01
7.159675000000000000e+09,-9.320583353293345397e+01
7.159770000000000000e+09,-9.293969633671915176e+01
7.159865000000000000e+09,-9.310288255732203311e+01
7.159960000000000000e+09,-9.311013025492852080e+01
7.160055000000000000e+09,-9.298273079976674182e+01
7.160150000000000000e+09,-9.301287817121175294e+01
7.160245000000000000e+09,-9.273920333918070469e+01
7.160340000000000000e+09,-9.322125738359687830e+01
7.160435000000000000e+09,-9.314661054251621408e+01
7.160530000000000000e+09,-9.327577571337862139e+01
7.160625000000000000e+09,-9.312740223808935980e+01
7.160720000000000000e+09,-9.319496362893713126e+01
7.160815000000000000e+09,-9.323110861576853381e+01
7.160910000000000000e+09,-9.301196744526335181e+01
7.161005000000000000e+09,-9.310969820095507998e+01
7.161100000000000000e+09,-9.323911027733299761e+01
7.161195000000000000e+09,-9.289816352821526380e+01
7.161290000000000000e+09,-9.318632003093804883e+01
7.161385000000000000e+09,-9.316842327456191697e+01
7.161480000000000000e+09,-9.328443495828759069e+01
7.161575000000000000e+09,-9.332183316122596750e+01
7.161670000000000000e+09,-9.303464141084350558e+01
7.161765000000000000e+09,-9.320023036880256484e+01
7.161860000000000000e+09,-9.318773169523637989e+01
7.161955000000000000e+09,-9.316436028118580737e+01
7.162050000000000000e+09,-9.311481493321535652e+01
7.162145000000000000e+09,-9.296434899405349483e+01
7.162240000000000000e+09,-9.342701744720436352e+01
7.162335000000000000e+09,-9.309585143589987410e+01
7.162430000000000000e+09,-9.323590409687727742e+01
7.162525000000000000e+09,-9.313745895193987678e+01
7.162620000000000000e+09,-9.318044473938365968e+01
7.162715000000000000e+09,-9.321255901025133994e+01
7.162810000000000000e+09,-9.338623080562042844e+01
7.162905000000000000e+09,-9.330114196839284091e+01
7.163000000000000000e+09,-9.284439876237392753e+01
7.163095000000000000e+09,-9.323874777352421006e+01
7.163190000000000000e+09,-9.339079734972401070e+01
7.163285000000000000e+09,-9.357227047163860334e+01
7.163380000000000000e+09,-9.343918984387042315e+01
7.163475000000000000e+09,-9.317435589971545085e+01
7.163570000000000000e+09,-9.300010095006416577e+01
7.163665000000000000e+09,-9.327704085301365922e+01
7.163760000000000000e+09,-9.332118697245476824e+01
7.163855000000000000e+09,-9.307110347021495045e+01
7.163950000000000000e+09,-9.330013461708605860e+01
7.164045000000000000e+09,-9.302866002364412168e+01
7.164140000000000000e+09,-9.344909297300048934e+01
7.164235000000000000e+09,-9.311993990087243844e+01
7.164330000000000000e+09,-9.316978440602323985e+01
7.164425000000000000e+09,-9.363053929580841839e+01
7.164520000000000000e+09,-9.303596298177312462e+01
7.164615000000000000e+09,-9.321438435640992282e+01
7.164710000000000000e+09,-9.300385893798805625e+01
7.164805000000000000e+09,-9.293202292989295188e+01
7.164900000000000000e+09,-9.328874631555846975e+01
7.164995000000000000e+09,-9.309142981464505340e+01
7.165090000000000000e+09,-9.328533341143163682e+01
7.165185000000000000e+09,-9.328619812517101195e+01
7.165280000000000000e+09,-9.352538400048544531e+01
7.165375000000000000e+09,-9.346768543070595570e+01
7.165470000000000000e+09,-9.325452413045664457e+01
7.165565000000000000e+09,-9.339659692621580689e+01
7.165660000000000000e+09,-9.309978692164831671e+01
7.165755000000000000e+09,-9.330488610997407761e+01
7.165850000000000000e+09,-9.311675290975060193e+01
7.165945000000000000e+09,-9.316967493039875592e+01
7.166040000000000000e+09,-9.326958887631832340e+01
7.166135000000000000e+09,-9.309312553850736549e+01
7.166230000000000000e+09,-9.292396339575105912e+01
7.166325000000000000e+09,-9.318427896886332462e+01
7.166420000000000000e+09,-9.306995124928789664e+01
7.166515000000000000e+09,-9.302927229218275329e+01
7.166610000000000000e+09,-9.293923796799161607e+01
7.166705000000000000e+09,-9.312990012438734766e+01
7.166800000000000000e+09,-9.319851871087968220e+01
7.166895000000000000e+09,-9.323168747036515924e+01
7.166990000000000000e+09,-9.296607334354747820e+01
7.167085000000000000e+09,-9.326536618927086408e+01
7.167180000000000000e+09,-9.321129647195279233e+01
7.167275000000000000e+09,-9.326084002525166738e+01
7.167370000000000000e+09,-9.326728891871766791e+01
7.167465000000000000e+09,-9.336896688110752507e+01
7.167560000000000000e+09,-9.288456153812525429e+01
7.167655000000000000e+09,-9.308437795707747853e+01
7.167750000000000000e+09,-9.312612383409542360e+01
7.167845000000000000e+09,-9.304063970908237025e+01
7.167940000000000000e+09,-9.318603554294665514e+01
7.168035000000000000e+09,-9.317250165506649751e+01
7.168130000000000000e+09,-9.319708414702198240e+01
7.168225000000000000e+09,-9.289941246612536929e+01
7.168320000000000000e+09,-9.319395024124914073e+01
7.168415000000000000e+09,-9.340642091053517504e+01
7.168510000000000000e+09,-9.326890934274159406e+01
7.168605000000000000e+09,-9.313181134346280032e+01
7.168700000000000000e+09,-9.290500337297996225e+01
7.168795000000000000e+09,-9.303517120120004336e+01
7.168890000000000000e+09,-9.298359643406118380e+01
7.168985000000000000e+09,-9.312723816616244221e+01
7.169080000000000000e+09,-9.322475134842093780e+01
7.169175000000000000e+09,-9.278152546323811123e+01
7.169270000000000000e+09,-9.319651478467095274e+01
7.169365000000000000e+09,-9.328741058547052489e+01
7.169460000000000000e+09,-9.323551015325635660e+01
7.169555000000000000e+09,-9.333200303402881559e+01
7.169650000000000000e+09,-9.285856402228547779e+01
7.169745000000000000e+09,-9.311227060158323354e+01
7.169840000000000000e+09,-9.322394064145008485e+01
7.169935000000000000e+09,-9.322258530251330910e+01
7.170030000000000000e+09,-9.303746510162348216e+01
7.170125000000000000e+09,-9.317569262244603578e+01
7.170220000000000000e+09,-9.331062907067844492e+01
7.170315000000000000e+09,-9.312196992250332528e+01
7.170410000000000000e+09,-9.272754287083515123e+01
7.170505000000000000e+09,-9.327319838730288382e+01
7.170600000000000000e+09,-9.315254147735957702e+01
7.170695000000000000e+09,-9.323476986928886845e+01
7.170790000000000000e+09,-9.304118660892066828e+01
7.170885000000000000e+09,-9.300380190898586363e+01
7.170980000000000000e+09,-9.303259647042932556e+01
7.171075000000000000e+09,-9.305728040864705974e+01
7.171170000000000000e+09,-9.316763885244330368e+01
7.171265000000000000e+09,-9.326107477759565256e+01
7.171360000000000000e+09,-9.310398507375015242e+01
7.171455000000000000e+09,-9.314420349374218233e+01
7.171550000000000000e+09,-9.306364959486261057e+01
7.171645000000000000e+09,-9.323497689623343376e+01
7.171740000000000000e+09,-9.270012191229605492e+01
7.171835000000000000e+09,-9.305243749056006664e+01
7.171930000000000000e+09,-9.315976719769709291e+01
7.172025000000000000e+09,-9.309113618813040603e+01
7.172120000000000000e+09,-9.284602091521053069e+01
7.172215000000000000e+09,-9.326632916164298592e+01
7.172310000000000000e+09,-9.301902864253077041e+01
7.172405000000000000e+09,-9.315514611897330610e+01
7.172500000000000000e+09,-9.308391835008416137e+01
7.172595000000000000e+09,-9.312286732606807504e+01
7.172690000000000000e+09,-9.315096457218189130e+01
7.172785000000000000e+09,-9.286031759307630296e+01
7.172880000000000000e+09,-9.322182028493450900e+01
7.172975000000000000e+09,-9.334739387095095253e+01
7.173070000000000000e+09,-9.319996170799186075e+01
7.173165000000000000e+09,-9.312543734652619776e+01
7.173260000000000000e+09,-9.325839623783605248e+01
7.173355000000000000e+09,-9.305213326268668084e+01
7.173450000000000000e+09,-9.317609335317898456e+01
7.173545000000000000e+09,-9.306340919177414150e+01
7.173640000000000000e+09,-9.306421795371123551e+01
7.173735000000000000e+09,-9.306500328971375779e+01
7.173830000000000000e+09,-9.305864356648410762e+01
7.173925000000000000e+09,-9.282545444734640228e+01
7.174020000000000000e+09,-9.293405477060923658e+01
7.174115000000000000e+09,-9.311580778180790219e+01
7.174210000000000000e+09,-9.313175416731345990e+01
7.174305000000000000e+09,-9.290048090701731098e+01
7.174400000000000000e+09,-9.284288440591409142e+01
7.174495000000000000e+09,-9.309113835104953694e+01
7.174590000000000000e+09,-9.325663296393854296e+01
7.174685000000000000e+09,-9.316333746206689170e+01
7.174780000000000000e+09,-9.345001888700799952e+01
7.174875000000000000e+09,-9.319815005277051512e+01
7.174970000000000000e+09,-9.326755466247151105e+01
7.175065000000000000e+09,-9.312171724255966865e+01
7.175160000000000000e+09,-9.300471389308306414e+01
7.175255000000000000e+09,-9.327231550828223305e+01
7.175350000000000000e+09,-9.299971781826161532e+01
7.175445000000000000e+09,-9.299488851665630307e+01
7.175540000000000000e+09,-9.314116711437536367e+01
7.175635000000000000e+09,-9.355833545691417896e+01
7.175730000000000000e+09,-9.283321554443230639e+01
7.175825000000000000e+09,-9.335048670432610152e+01
7.175920000000000000e+09,-9.291661744063978290e+01
7.176015000000000000e+09,-9.303922026064221029e+01
7.176110000000000000e+09,-9.318493110312982708e+01
7.176205000000000000e+09,-9.296973748320588982e+01
7.176300000000000000e+09,-9.309996113393097517e+01
7.176395000000000000e+09,-9.306981244160505184e+01
7.176490000000000000e+09,-9.306220520758415660e+01
7.176585000000000000e+09,-9.314200163271985389e+01
7.176680000000000000e+09,-9.302039366107823071e+01
7.176775000000000000e+09,-9.280814232772615924e+01
7.176870000000000000e+09,-9.311299724368572583e+01
7.176965000000000000e+09,-9.314284290040254177e+01
7.177060000000000000e+09,-9.295129868441142662e+01
7.177155000000000000e+09,-9.313561522903590628e+01
7.177250000000000000e+09,-9.313456447367920532e+01
7.177345000000000000e+09,-9.328862740770993867e+01
7.177440000000000000e+09,-9.302417472942168786e+01
7.177535000000000000e+09,-9.309903558203730256e+01
7.177630000000000000e+09,-9.313517539769462417e+01
7.177725000000000000e+09,-9.298388391655558394e+01
7.177820000000000000e+09,-9.320460719854473552e+01
7.177915000000000000e+09,-9.296052367711391184e+01
7.178010000000000000e+09,-9.315100053317470952e+01
7.178105000000000000e+09,-9.316740827495823396e+01
7.178200000000000000e+09,-9.309642409530107443e+01
7.178295000000000000e+09,-9.315105466239835152e+01
7.178390000000000000e+09,-9.326136434311408152e+01
7.178485000000000000e+09,-9.330773466225633683e+01
7.178580000000000000e+09,-9.280491553422875484e+01
7.178675000000000000e+09,-9.319029989747299680e+01
7.178770000000000000e+09,-9.320646424741754288e+01
7.178865000000000000e+09,-9.324935501121373704e+01
7.178960000000000000e+09,-9.307945470072411354e+01
7.179055000000000000e+09,-9.323418635245664632e+01
7.179150000000000000e+09,-9.292730455547186352e+01
7.179245000000000000e+09,-9.331481775194062322e+01
7.179340000000000000e+09,-9.316697227606213971e+01
7.179435000000000000e+09,-9.307185979807684362e+01
7.179530000000000000e+09,-9.312412585951192057e+01
7.179625000000000000e+09,-9.305554491064646072e+01
7.179720000000000000e+09,-9.326234700124143728e+01
7.179815000000000000e+09,-9.317234707180946884e+01
7.179910000000000000e+09,-9.309681117729343214e+01
7.180005000000000000e+09,-9.325330318513992722e+01
7.180100000000000000e+09,-9.305928899008108601e+01
7.180195000000000000e+09,-9.309751243113913688e+01
7.180290000000000000e+09,-9.301692786602401952e+01
7.180385000000000000e+09,-9.301086250467315608e+01
7.180480000000000000e+09,-9.311667439234130939e+01
7.180575000000000000e+09,-9.334554123920472080e+01
7.180670000000000000e+09,-9.378600004808374990e+01
7.180765000000000000e+09,-9.372100395352899227e+01
7.180860000000000000e+09,-9.383438212512031384e+01
7.180955000000000000e+09,-9.419344698391567761e+01
7.181050000000000000e+09,-9.423544234115354357e+01
7.181145000000000000e+09,-9.474805509223034505e+01
7.181240000000000000e+09,-9.816662329320472224e+01
7.181335000000000000e+09,-9.679721655781682443e+01
7.181430000000000000e+09,-9.388400255559136554e+01
7.181525000000000000e+09,-9.379115330496611591e+01
7.181620000000000000e+09,-9.332787613542579663e+01
7.181715000000000000e+09,-9.340135067806741631e+01
7.181810000000000000e+09,-9.348981231137582881e+01
7.181905000000000000e+09,-9.319694936188518852e+01
7.182000000000000000e+09,-9.306908157285916161e+01
7.182095000000000000e+09,-9.313551706992207357e+01
7.182190000000000000e+09,-9.357863959037962331e+01
7.182285000000000000e+09,-9.346888947626949573e+01
7.182380000000000000e+09,-9.342366996563424664e+01
7.182475000000000000e+09,-9.323001792318220282e+01
7.182570000000000000e+09,-9.303216084458311741e+01
7.182665000000000000e+09,-9.307991623381434465e+01
7.182760000000000000e+09,-9.313862139352202973e+01
7.182855000000000000e+09,-9.322844381287393389e+01
7.182950000000000000e+09,-9.365046923476130303e+01
7.183045000000000000e+09,-9.292551988583790035e+01
7.183140000000000000e+09,-9.332648381179038211e+01
7.183235000000000000e+09,-9.319994457143590694e+01
7.183330000000000000e+09,-9.339581613763095902e+01
7.183425000000000000e+09,-9.319861228648809970e+01
7.183520000000000000e+09,-9.321595840169976555e+01
7.183615000000000000e+09,-9.333789331284668833e+01
7.183710000000000000e+09,-9.347270103191802093e+01
7.183805000000000000e+09,-9.303517291693167124e+01
7.183900000000000000e+09,-9.338722817640868357e+01
7.183995000000000000e+09,-9.329671009973510820e+01
7.184090000000000000e+09,-9.363193099116355711e+01
7.184185000000000000e+09,-9.332666275557265578e+01
7.184280000000000000e+09,-9.321678097799426155e+01
7.184375000000000000e+09,-9.340620991898718728e+01
7.184470000000000000e+09,-9.328530197482908193e+01
7.184565000000000000e+09,-9.327501859662298500e+01
7.184660000000000000e+09,-9.343102042914573246e+01
7.184755000000000000e+09,-9.328122158307836287e+01
7.184850000000000000e+09,-9.314615461683713704e+01
7.184945000000000000e+09,-9.332508030827310108e+01
7.185040000000000000e+09,-9.313221787795862383e+01
7.185135000000000000e+09,-9.326410080236691158e+01
7.185230000000000000e+09,-9.334036923503862226e+01
7.185325000000000000e+09,-9.329804066845626664e+01
7.185420000000000000e+09,-9.344428732113152591e+01
7.185515000000000000e+09,-9.323789991691448620e+01
7.185610000000000000e+09,-9.314528391249560002e+01
7.185705000000000000e+09,-9.323988776597828121e+01
7.185800000000000000e+09,-9.331968614992692324e+01
7.185895000000000000e+09,-9.332816927424927655e+01
7.185990000000000000e+09,-9.341778188984116582e+01
7.186085000000000000e+09,-9.327442094461511601e+01
7.186180000000000000e+09,-9.318577834570695018e+01
7.186275000000000000e+09,-9.316815511274286621e+01
7.186370000000000000e+09,-9.331312982836486469e+01
7.186465000000000000e+09,-9.311972617632406468e+01
7.186560000000000000e+09,-9.319982856116253345e+01
7.186655000000000000e+09,-9.317679821777923621e+01
7.186750000000000000e+09,-9.355927222544781330e+01
7.186845000000000000e+09,-9.345260962631468260e+01
7.186940000000000000e+09,-9.341107310380118633e+01
7.187035000000000000e+09,-9.350675440703555807e+01
7.187130000000000000e+09,-9.303980081556409232e+01
7.187225000000000000e+09,-9.360442607213458643e+01
7.187320000000000000e+09,-9.359858293916245486e+01
7.187415000000000000e+09,-9.345573990853202417e+01
7.187510000000000000e+09,-9.338620459201509050e+01
7.187605000000000000e+09,-9.358478900085020769e+01
7.187700000000000000e+09,-9.334394947092616235e+01
7.187795000000000000e+09,-9.348002768600201762e+01
7.187890000000000000e+09,-9.328565026215045464e+01
7.187985000000000000e+09,-9.346939827301483206e+01
7.188080000000000000e+09,-9.353458520926595554e+01
7.188175000000000000e+09,-9.316143823107780975e+01
7.188270000000000000e+09,-9.341492727656643069e+01
7.188365000000000000e+09,-9.312332850245354621e+01
7.188460000000000000e+09,-9.331664198777764341e+01
7.188555000000000000e+09,-9.360031611225430481e+01
7.188650000000000000e+09,-9.336347564419624234e+01
7.188745000000000000e+09,-9.342200075574032780e+01
7.188840000000000000e+09,-9.350796877707226429e+01
7.188935000000000000e+09,-9.359956852292931728e+01
7.189030000000000000e+09,-9.326726357979934789e+01
7.189125000000000000e+09,-9.381305895809482820e+01
7.189220000000000000e+09,-9.365001226345117402e+01
7.189315000000000000e+09,-9.325888909160090634e+01
7.189410000000000000e+09,-9.321929472462990418e+01
7.189505000000000000e+09,-9.359118907791665265e+01
7.189600000000000000e+09,-9.341772460644916976e+01
7.189695000000000000e+09,-9.330707144495981709e+01
7.189790000000000000e+09,-9.357064323726592647e+01
7.189885000000000000e+09,-9.358102584593387974e+01
7.189980000000000000e+09,-9.349288355812419127e+01
7.190075000000000000e+09,-9.341009267567781649e+01
7.190170000000000000e+09,-9.338122427946706239e+01
7.190265000000000000e+09,-9.344642090262018996e+01
7.190360000000000000e+09,-9.318982554899520210e+01
7.190455000000000000e+09,-9.350583874195473300e+01
7.190550000000000000e+09,-9.341335035079333693e+01
7.190645000000000000e+09,-9.324214505417971566e+01
7.190740000000000000e+09,-9.334745175292229646e+01
7.190835000000000000e+09,-9.355735410169199895e+01
7.190930000000000000e+09,-9.350157407394291909e+01
7.191025000000000000e+09,-9.342289565641760873e+01
7.191120000000000000e+09,-9.336482550612359432e+01
7.191215000000000000e+09,-9.326764275954722905e+01
7.191310000000000000e+09,-9.335738443420645183e+01
7.191405000000000000e+09,-9.335592658759136953e+01
7.191500000000000000e+09,-9.388031907606610105e+01
7.191595000000000000e+09,-9.350723131436980395e+01
7.191690000000000000e+09,-9.358258844836888102e+01
7.191785000000000000e+09,-9.333082661857586970e+01
7.191880000000000000e+09,-9.347338381875103153e+01
7.191975000000000000e+09,-9.329065762863051248e+01
7.192070000000000000e+09,-9.348702566713856754e+01
7.192165000000000000e+09,-9.342063005020519029e+01
7.192260000000000000e+09,-9.335340004332397257e+01
7.192355000000000000e+09,-9.351194939484236102e+01
7.192450000000000000e+09,-9.344644266501748575e+01
7.192545000000000000e+09,-9.303250144807142874e+01
7.192640000000000000e+09,-9.354114903894242161e+01
7.192735000000000000e+09,-9.346228144213066003e+01
7.192830000000000000e+09,-9.343992537380749752e+01
7.192925000000000000e+09,-9.322328823008965060e+01
7.193020000000000000e+09,-9.351247727709113633e+01
7.193115000000000000e+09,-9.333574833339841348e+01
7.193210000000000000e+09,-9.353291800782611176e+01
7.193305000000000000e+09,-9.337760544049532996e+01
7.193400000000000000e+09,-9.345788574214977018e+01
7.193495000000000000e+09,-9.365031198743875507e+01
7.193590000000000000e+09,-9.349057007965483024e+01
7.193685000000000000e+09,-9.356270794482250608e+01
7.193780000000000000e+09,-9.333264710358329808e+01
7.193875000000000000e+09,-9.340949849460901078e+01
7.193970000000000000e+09,-9.320983040642558137e+01
7.194065000000000000e+09,-9.361518124403075092e+01
7.194160000000000000e+09,-9.333117811274094322e+01
7.194255000000000000e+09,-9.335460888915527278e+01
7.194350000000000000e+09,-9.339256879070796913e+01
7.194445000000000000e+09,-9.351283651110728101e+01
7.194540000000000000e+09,-9.333883283182314017e+01
7.194635000000000000e+09,-9.374614348332613645e+01
7.194730000000000000e+09,-9.334442737427889369e+01
7.194825000000000000e+09,-9.321653219848266758e+01
7.194920000000000000e+09,-9.354522455607174436e+01
7.195015000000000000e+09,-9.343508877357116660e+01
7.195110000000000000e+09,-9.356221859727341439e+01
7.195205000000000000e+09,-9.325196021095379706e+01
7.195300000000000000e+09,-9.359646597069917107e+01
7.195395000000000000e+09,-9.352260856679453127e+01
7.195490000000000000e+09,-9.372551602706508334e+01
7.195585000000000000e+09,-9.347982782192922002e+01
7.195680000000000000e+09,-9.340516421357574472e+01
7.195775000000000000e+09,-9.332410892829769011e+01
7.195870000000000000e+09,-9.334594066733997408e+01
7.195965000000000000e+09,-9.347771036031426206e+01
7.196060000000000000e+09,-9.327962660253203353e+01
7.196155000000000000e+09,-9.354489299738874308e+01
7.196250000000000000e+09,-9.331529929099818332e+01
7.196345000000000000e+09,-9.363710492047529499e+01
7.196440000000000000e+09,-9.352784966711413972e+01
7.196535000000000000e+09,-9.343872258743182613e+01
7.196630000000000000e+09,-9.383310244021792812e+01
7.196725000000000000e+09,-9.347520143789266456e+01
7.196820000000000000e+09,-9.338672266667717281e+01
7.196915000000000000e+09,-9.360718318640752500e+01
7.197010000000000000e+09,-9.332750811673390956e+01
7.197105000000000000e+09,-9.376305718593970084e+01
7.197200000000000000e+09,-9.319433985756231209e+01
7.197295000000000000e+09,-9.323365128539575153e+01
7.197390000000000000e+09,-9.322647652281362696e+01
7.197485000000000000e+09,-9.366817441215269469e+01
7.197580000000000000e+09,-9.359190114959122297e+01
7.197675000000000000e+09,-9.334447680169742512e+01
7.197770000000000000e+09,-9.346671404161040186e+01
7.197865000000000000e+09,-9.367366844016282812e+01
7.197960000000000000e+09,-9.356705490623136257e+01
7.198055000000000000e+09,-9.340199914633758738e+01
7.198150000000000000e+09,-9.341523919841029056e+01
7.198245000000000000e+09,-9.357646570478257786e+01
7.198340000000000000e+09,-9.357322951998821736e+01
7.198435000000000000e+09,-9.347935464464775634e+01
7.198530000000000000e+09,-9.362090640583163292e+01
7.198625000000000000e+09,-9.385187004055831039e+01
7.198720000000000000e+09,-9.364692305675882267e+01
7.198815000000000000e+09,-9.377422323879250143e+01
7.198910000000000000e+09,-9.343255135438077730e+01
7.199005000000000000e+09,-9.347821696522794355e+01
7.199100000000000000e+09,-9.341076611289784637e+01
7.199195000000000000e+09,-9.335095406123275552e+01
7.199290000000000000e+09,-9.373568772547662320e+01
7.199385000000000000e+09,-9.363151092249914598e+01
7.199480000000000000e+09,-9.338813722107680348e+01
7.199575000000000000e+09,-9.340639982978730416e+01
7.199670000000000000e+09,-9.353831245707294784e+01
7.199765000000000000e+09,-9.356641605491151381e+01
7.199860000000000000e+09,-9.377827741796053829e+01
7.199955000000000000e+09,-9.346818640734626626e+01
7.200050000000000000e+09,-9.348693045564732529e+01
7.200145000000000000e+09,-9.341375115500400739e+01
7.200240000000000000e+09,-9.358559570826221830e+01
7.200335000000000000e+09,-9.347867362040786077e+01
7.200430000000000000e+09,-9.343903706169899692e+01
7.200525000000000000e+09,-9.367112468294743621e+01
7.200620000000000000e+09,-9.355690977510317907e+01
7.200715000000000000e+09,-9.385767074142478350e+01
7.200810000000000000e+09,-9.368467833356706365e+01
7.200905000000000000e+09,-9.350287701957768149e+01
7.201000000000000000e+09,-9.344925605670968594e+01
7.201095000000000000e+09,-9.334624215206105191e+01
7.201190000000000000e+09,-9.347604097472633100e+01
7.201285000000000000e+09,-9.351854546477993324e+01
7.201380000000000000e+09,-9.342499015119955175e+01
7.201475000000000000e+09,-9.329773430293022329e+01
7.201570000000000000e+09,-9.364115774199767372e+01
7.201665000000000000e+09,-9.349731555864565280e+01
7.201760000000000000e+09,-9.348517059578730937e+01
7.201855000000000000e+09,-9.333857678249077594e+01
7.201950000000000000e+09,-9.356102749975612198e+01
7.202045000000000000e+09,-9.346036422858608717e+01
7.202140000000000000e+09,-9.345032091836350219e+01
7.202235000000000000e+09,-9.340800107605552682e+01
7.202330000000000000e+09,-9.355353524481793670e+01
7.202425000000000000e+09,-9.332410127345930562e+01
7.202520000000000000e+09,-9.343203158492133298e+01
7.202615000000000000e+09,-9.345477497486272966e+01
7.202710000000000000e+09,-9.369990481837425023e+01
7.202805000000000000e+09,-9.335695619974683268e+01
7.202900000000000000e+09,-9.358031870748901326e+01
7.202995000000000000e+09,-9.364335590953325550e+01
7.203090000000000000e+09,-9.344962925362025885e+01
7.203185000000000000e+09,-9.337111610470692824e+01
7.203280000000000000e+09,-9.356432247449370720e+01
7.203375000000000000e+09,-9.365161103789644415e+01
7.203470000000000000e+09,-9.355107654527685668e+01
7.203565000000000000e+09,-9.378118641457591309e+01
7.203660000000000000e+09,-9.368516868461755109e+01
7.203755000000000000e+09,-9.322923917450881959e+01
7.203850000000000000e+09,-9.351947447534666935e+01
7.203945000000000000e+09,-9.344493141160617711e+01
7.204040000000000000e+09,-9.343078370494551166e+01
7.204135000000000000e+09,-9.313687802369068436e+01
7.204230000000000000e+09,-9.373483148098830497e+01
7.204325000000000000e+09,-9.359209264601790323e+01
7.204420000000000000e+09,-9.353255301793431897e+01
7.204515000000000000e+09,-9.324667520833115475e+01
7.204610000000000000e+09,-9.344234435300025154e+01
7.204705000000000000e+09,-9.385775995128335580e+01
7.204800000000000000e+09,-9.342580455502826453e+01
7.204895000000000000e+09,-9.347948013019733082e+01
7.204990000000000000e+09,-9.355862688138941508e+01
7.205085000000000000e+09,-9.356439672234117211e+01
7.205180000000000000e+09,-9.335328591043617052e+01
7.205275000000000000e+09,-9.368181904464698562e+01
7.205370000000000000e+09,-9.357057691389159970e+01
7.205465000000000000e+09,-9.336264189897887888e+01
7.205560000000000000e+09,-9.373641383904657687e+01
7.205655000000000000e+09,-9.398008871480479343e+01
7.205750000000000000e+09,-9.406945521631732277e+01
7.205845000000000000e+09,-9.421221454204695078e+01
7.205940000000000000e+09,-9.434914538981922760e+01
7.206035000000000000e+09,-9.402066228952097049e+01
7.206130000000000000e+09,-9.469297523209050382e+01
7.206225000000000000e+09,-9.466436787916302364e+01
7.206320000000000000e+09,-9.615936054809094458e+01
7.206415000000000000e+09,-1.007731824454581471e+02
7.206510000000000000e+09,-9.602623419153907491e+01
7.206605000000000000e+09,-9.427884940726217167e+01
7.206700000000000000e+09,-9.395021597379049183e+01
7.206795000000000000e+09,-9.378098145752505843e+01
7.206890000000000000e+09,-9.381314135733018134e+01
7.206985000000000000e+09,-9.362369807460746074e+01
7.207080000000000000e+09,-9.356520487094967109e+01
7.207175000000000000e+09,-9.354822170666767533e+01
7.207270000000000000e+09,-9.367295718527503823e+01
7.207365000000000000e+09,-9.334807839835340815e+01
7.207460000000000000e+09,-9.361993449899836151e+01
7.207555000000000000e+09,-9.356026584446502170e+01
7.207650000000000000e+09,-9.375003255558331716e+01
7.207745000000000000e+09,-9.365022606933443683e+01
7.207840000000000000e+09,-9.319903668278713837e+01
7.207935000000000000e+09,-9.372861179486949368e+01
7.208030000000000000e+09,-9.353501383619446585e+01
7.208125000000000000e+09,-9.350548643855701414e+01
7.208220000000000000e+09,-9.363422285275767365e+01
7.208315000000000000e+09,-9.346741723100348054e+01
7.208410000000000000e+09,-9.360363556695327247e+01
7.208505000000000000e+09,-9.352475613746619842e+01
7.208600000000000000e+09,-9.354513121416891863e+01
7.208695000000000000e+09,-9.332029554566950935e+01
7.208790000000000000e+09,-9.384596350992241298e+01
7.208885000000000000e+09,-9.370589880031816676e+01
7.208980000000000000e+09,-9.369047664940445941e+01
7.209075000000000000e+09,-9.333028912536465782e+01
7.209170000000000000e+09,-9.390751234742219822e+01
7.209265000000000000e+09,-9.373361219694622548e+01
7.209360000000000000e+09,-9.330988800466668920e+01
7.209455000000000000e+09,-9.349816919820966632e+01
7.209550000000000000e+09,-9.356028241244393939e+01
7.209645000000000000e+09,-9.374234613732727439e+01
7.209740000000000000e+09,-9.364950544497452256e+01
7.209835000000000000e+09,-9.382161012196591798e+01
7.209930000000000000e+09,-9.349312466196448668e+01
7.210025000000000000e+09,-9.334500859759677382e+01
7.210120000000000000e+09,-9.364338753109153402e+01
7.210215000000000000e+09,-9.336655675916128416e+01
7.210310000000000000e+09,-9.366868764895781396e+01
7.210405000000000000e+09,-9.343032716042509378e+01
7.210500000000000000e+09,-9.344068648295069579e+01
7.210595000000000000e+09,-9.359826622843743849e+01
7.210690000000000000e+09,-9.361726577804759586e+01
7.210785000000000000e+09,-9.354565772315837080e+01
7.210880000000000000e+09,-9.353877764403173956e+01
7.210975000000000000e+09,-9.357524157629535466e+01
7.211070000000000000e+09,-9.340632477524637522e+01
7.211165000000000000e+09,-9.374485345159763483e+01
7.211260000000000000e+09,-9.379654447182292643e+01
7.211355000000000000e+09,-9.367383253381730412e+01
7.211450000000000000e+09,-9.368815471142849560e+01
7.211545000000000000e+09,-9.362832049457540506e+01
7.211640000000000000e+09,-9.376444107497312075e+01
7.211735000000000000e+09,-9.335653166973584405e+01
7.211830000000000000e+09,-9.373846865418838092e+01
7.211925000000000000e+09,-9.333573801780309509e+01
7.212020000000000000e+09,-9.352543590125470985e+01
7.212115000000000000e+09,-9.363533393591980314e+01
7.212210000000000000e+09,-9.345175280435695697e+01
7.212305000000000000e+09,-9.375669969482537169e+01
7.212400000000000000e+09,-9.366014751900738133e+01
7.212495000000000000e+09,-9.367831479569915132e+01
7.212590000000000000e+09,-9.355096733898596995e+01
7.212685000000000000e+09,-9.367648332187465599e+01
7.212780000000000000e+09,-9.356097848001277839e+01
7.212875000000000000e+09,-9.366590423067813731e+01
7.212970000000000000e+09,-9.345354952900848389e+01
7.213065000000000000e+09,-9.347081612027841402e+01
7.213160000000000000e+09,-9.374311140227577255e+01
7.213255000000000000e+09,-9.376567897641919558e+01
7.213350000000000000e+09,-9.361724941291093671e+01
7.213445000000000000e+09,-9.330492483465094722e+01
7.213540000000000000e+09,-9.365211117372864180e+01
7.213635000000000000e+09,-9.354858542747102490e+01
7.213730000000000000e+09,-9.339458944174951682e+01
7.213825000000000000e+09,-9.338158617118642724e+01
7.213920000000000000e+09,-9.354374310659895286e+01
7.214015000000000000e+09,-9.379375162519542641e+01
7.214110000000000000e+09,-9.365666953534213235e+01
7.214205000000000000e+09,-9.337737514383380244e+01
7.214300000000000000e+09,-9.363051644967694642e+01
7.214395000000000000e+09,-9.355405976037749838e+01
7.214490000000000000e+09,-9.372967347413820960e+01
7.214585000000000000e+09,-9.343783244643864805e+01
7.214680000000000000e+09,-9.330881342052290961e+01
7.214775000000000000e+09,-9.371548387524556745e+01
7.214870000000000000e+09,-9.367744843156692980e+01
7.214965000000000000e+09,-9.322423163998941220e+01
7.215060000000000000e+09,-9.330104714071252658e+01
7.215155000000000000e+09,-9.349898502716520454e+01
7.215250000000000000e+09,-9.349753783626840686e+01
7.215345000000000000e+09,-9.380067552384397800e+01
7.215440000000000000e+09,-9.350621654491723689e+01
7.215535000000000000e+09,-9.386856484316516003e+01
7.215630000000000000e+09,-9.367015141028409175e+01
7.215725000000000000e+09,-9.363121308057102965e+01
7.215820000000000000e+09,-9.376225761340563736e+01
7.215915000000000000e+09,-9.368270111463986893e+01
7.216010000000000000e+09,-9.378119174306971217e+01
7.216105000000000000e+09,-9.360706953128203622e+01
7.216200000000000000e+09,-9.376583347122593182e+01
7.216295000000000000e+09,-9.367455946014830204e+01
7.216390000000000000e+09,-9.375398736642839026e+01
7.216485000000000000e+09,-9.340734651991105864e+01
7.216580000000000000e+09,-9.349890362284682510e+01
7.216675000000000000e+09,-9.318621925669160078e+01
7.216770000000000000e+09,-9.350926701516668516e+01
7.216865000000000000e+09,-9.363723269817708683e+01
7.216960000000000000e+09,-9.367579787202515718e+01
7.217055000000000000e+09,-9.351116007363431493e+01
7.217150000000000000e+09,-9.329710453053147035e+01
7.217245000000000000e+09,-9.350664354689237712e+01
7.217340000000000000e+09,-9.375569828697732078e+01
7.217435000000000000e+09,-9.357545372035227160e+01
7.217530000000000000e+09,-9.357643574089784977e+01
7.217625000000000000e+09,-9.349742141174135668e+01
7.217720000000000000e+09,-9.338264957199199046e+01
7.217815000000000000e+09,-9.366884756970505066e+01
7.217910000000000000e+09,-9.355626064566817490e+01
7.218005000000000000e+09,-9.388942898541711202e+01
7.218100000000000000e+09,-9.366875332341287219e+01
7.218195000000000000e+09,-9.356267609248618555e+01
7.218290000000000000e+09,-9.370193352913238982e+01
7.218385000000000000e+09,-9.349337519754875814e+01
7.218480000000000000e+09,-9.380075309871402567e+01
7.218575000000000000e+09,-9.343336739969748805e+01
7.218670000000000000e+09,-9.340811726196514542e+01
7.218765000000000000e+09,-9.367333627741260216e+01
7.218860000000000000e+09,-9.343209805934745305e+01
7.218955000000000000e+09,-9.375460214046515262e+01
7.219050000000000000e+09,-9.338856097270030432e+01
7.219145000000000000e+09,-9.359642671863228713e+01
7.219240000000000000e+09,-9.343949398678654461e+01
7.219335000000000000e+09,-9.388393675421224316e+01
7.219430000000000000e+09,-9.359153899519057518e+01
7.219525000000000000e+09,-9.373327578012526828e+01
7.219620000000000000e+09,-9.371281578566852488e+01
7.219715000000000000e+09,-9.359387647522454756e+01
7.219810000000000000e+09,-9.350280401178565626e+01
7.219905000000000000e+09,-9.337329365125539482e+01
7.220000000000000000e+09,-9.388343536061003647e+01
7.220095000000000000e+09,-9.360735662269007662e+01
7.220190000000000000e+09,-9.376906445015366387e+01
7.220285000000000000e+09,-9.352146026737287343e+01
7.220380000000000000e+09,-9.363118650315610125e+01
7.220475000000000000e+09,-9.372365019880582793e+01
7.220570000000000000e+09,-9.354838052234420331e+01
7.220665000000000000e+09,-9.355235389409970992e+01
7.220760000000000000e+09,-9.379653795813302963e+01
7.220855000000000000e+09,-9.392061147447986968e+01
7.220950000000000000e+09,-9.376779808250770998e+01
7.221045000000000000e+09,-9.356417436935404908e+01
7.221140000000000000e+09,-9.375200738754216445e+01
7.221235000000000000e+09,-9.356530844050716667e+01
7.221330000000000000e+09,-9.359435704370679332e+01
7.221425000000000000e+09,-9.401880596540921431e+01
7.221520000000000000e+09,-9.373139605930531104e+01
7.221615000000000000e+09,-9.372386991090557729e+01
7.221710000000000000e+09,-9.376440674373709783e+01
7.221805000000000000e+09,-9.364518550591921553e+01
7.221900000000000000e+09,-9.358298232604735745e+01
7.221995000000000000e+09,-9.365881104933463064e+01
7.222090000000000000e+09,-9.374417750441111252e+01
7.222185000000000000e+09,-9.355342064949992675e+01
7.222280000000000000e+09,-9.388143464837939689e+01
7.222375000000000000e+09,-9.355012305689402297e+01
7.222470000000000000e+09,-9.377606929029914795e+01
7.222565000000000000e+09,-9.352015877350743267e+01
7.222660000000000000e+09,-9.354404910327119183e+01
7.222755000000000000e+09,-9.363092316707576401e+01
7.222850000000000000e+09,-9.381954104129701477e+01
7.222945000000000000e+09,-9.389643566760722138e+01
7.223040000000000000e+09,-9.375650608300774991e+01
7.223135000000000000e+09,-9.339495575384567871e+01
7.223230000000000000e+09,-9.370620160507770890e+01
7.223325000000000000e+09,-9.370539075820934727e+01
7.223420000000000000e+09,-9.331316342496177185e+01
7.223515000000000000e+09,-9.363856142715354736e+01
7.223610000000000000e+09,-9.373069918751936314e+01
7.223705000000000000e+09,-9.372010855759747017e+01
7.223800000000000000e+09,-9.365869635071334187e+01
7.223895000000000000e+09,-9.345331768168085773e+01
7.223990000000000000e+09,-9.374262128142886752e+01
7.224085000000000000e+09,-9.407973614451493916e+01
7.224180000000000000e+09,-9.373906322341893826e+01
7.224275000000000000e+09,-9.374304729236042988e+01
7.224370000000000000e+09,-9.378824816274661202e+01
7.224465000000000000e+09,-9.377795347916713808e+01
7.224560000000000000e+09,-9.391018440006995149e+01
7.224655000000000000e+09,-9.378129640151428248e+01
7.224750000000000000e+09,-9.380478885305296899e+01
7.224845000000000000e+09,-9.341678279588353462e+01
7.224940000000000000e+09,-9.350903361279129911e+01
7.225035000000000000e+09,-9.378651315191739002e+01
7.225130000000000000e+09,-9.364864909170086094e+01
7.225225000000000000e+09,-9.387729825793657312e+01
7.225320000000000000e+09,-9.363776942937022341e+01
7.225415000000000000e+09,-9.354309866880988977e+01
7.225510000000000000e+09,-9.335500027377594279e+01
7.225605000000000000e+09,-9.335224141345750581e+01
7.225700000000000000e+09,-9.363430555581902581e+01
7.225795000000000000e+09,-9.360902559260999567e+01
7.225890000000000000e+09,-9.391271985010280332e+01
7.225985000000000000e+09,-9.347499824436503957e+01
7.226080000000000000e+09,-9.344739533385897801e+01
7.226175000000000000e+09,-9.349392511672317596e+01
7.226270000000000000e+09,-9.384236744621354376e+01
7.226365000000000000e+09,-9.358413090161818104e+01
7.226460000000000000e+09,-9.378497868478515898e+01
7.226555000000000000e+09,-9.359384095897868860e+01
7.226650000000000000e+09,-9.374153513079374989e+01
7.226745000000000000e+09,-9.367589853856478044e+01
7.226840000000000000e+09,-9.367870181261658047e+01
7.226935000000000000e+09,-9.353647622160360697e+01
7.227030000000000000e+09,-9.345867802665181046e+01
7.227125000000000000e+09,-9.336434321009738824e+01
7.227220000000000000e+09,-9.363333409127186258e+01
7.227315000000000000e+09,-9.360530128319527421e+01
7.227410000000000000e+09,-9.399003891105232356e+01
7.227505000000000000e+09,-9.373299036666574580e+01
7.227600000000000000e+09,-9.336514285989198925e+01
7.227695000000000000e+09,-9.395746819123972671e+01
7.227790000000000000e+09,-9.364662024599351753e+01
7.227885000000000000e+09,-9.349351904016641868e+01
7.227980000000000000e+09,-9.364557230194293425e+01
7.228075000000000000e+09,-9.378773493661677207e+01
7.228170000000000000e+09,-9.344248189332239463e+01
7.228265000000000000e+09,-9.364528935380326402e+01
7.228360000000000000e+09,-9.362270665795369951e+01
7.228455000000000000e+09,-9.356240666766814229e+01
7.228550000000000000e+09,-9.376828991334707553e+01
7.228645000000000000e+09,-9.344288748768232722e+01
7.228740000000000000e+09,-9.366177496328299412e+01
7.228835000000000000e+09,-9.354881530271562440e+01
7.228930000000000000e+09,-9.362464945326624388e+01
7.229025000000000000e+09,-9.354823555883837116e+01
7.229120000000000000e+09,-9.353196255859201358e+01
7.229215000000000000e+09,-9.353902699788973507e+01
7.229310000000000000e+09,-9.379643477111125094e+01
7.229405000000000000e+09,-9.362108972424003639e+01
7.229500000000000000e+09,-9.378187697904500908e+01
7.229595000000000000e+09,-9.385811319476181325e+01
7.229690000000000000e+09,-9.386552291105046208e+01
7.229785000000000000e+09,-9.409402923585764711e+01
7.229880000000000000e+09,-9.404856684263373268e+01
7.229975000000000000e+09,-9.475463710614121737e+01
7.230070000000000000e+09,-9.516028323268677980e+01
7.230165000000000000e+09,-9.629531868452306753e+01
7.230260000000000000e+09,-1.024788362341199104e+02
7.230355000000000000e+09,-9.670125014193212110e+01
7.230450000000000000e+09,-9.452504259640784312e+01
7.230545000000000000e+09,-9.428997665417116991e+01
7.230640000000000000e+09,-9.385417176892758562e+01
7.230735000000000000e+09,-9.395418074465489156e+01
7.230830000000000000e+09,-9.390680058882753656e+01
7.230925000000000000e+09,-9.375292339080517934e+01
7.231020000000000000e+09,-9.369456765630957307e+01
7.231115000000000000e+09,-9.382720915356104285e+01
7.231210000000000000e+09,-9.376345070880952903e+01
7.231305000000000000e+09,-9.379728521225015925e+01
7.231400000000000000e+09,-9.390529353788437561e+01
7.231495000000000000e+09,-9.357141712617982421e+01
7.231590000000000000e+09,-9.359891978967692694e+01
7.231685000000000000e+09,-9.347794287145299563e+01
7.231780000000000000e+09,-9.370218275406210751e+01
7.231875000000000000e+09,-9.363459893794804145e+01
7.231970000000000000e+09,-9.376827439109591467e+01
7.232065000000000000e+09,-9.385383267798438567e+01
7.232160000000000000e+09,-9.332965025024350325e+01
7.232255000000000000e+09,-9.373000162315162243e+01
7.232350000000000000e+09,-9.354735442332055584e+01
7.232445000000000000e+09,-9.337036147630820437e+01
7.232540000000000000e+09,-9.346618882542696838e+01
7.232635000000000000e+09,-9.387001178758934827e+01
7.232730000000000000e+09,-9.357776556852599015e+01
7.232825000000000000e+09,-9.377102421303433744e+01
7.232920000000000000e+09,-9.367092007138330700e+01
7.233015000000000000e+09,-9.334349549155264469e+01
7.233110000000000000e+09,-9.359142149483446360e+01
7.233205000000000000e+09,-9.346526379142139263e+01
7.233300000000000000e+09,-9.336797139743922003e+01
7.233395000000000000e+09,-9.350380699251685712e+01
7.233490000000000000e+09,-9.340594790811059056e+01
7.233585000000000000e+09,-9.350553145378529507e+01
7.233680000000000000e+09,-9.369517647101505986e+01
7.233775000000000000e+09,-9.366737906008644643e+01
7.233870000000000000e+09,-9.362833320309384533e+01
7.233965000000000000e+09,-9.362621379334420624e+01
7.234060000000000000e+09,-9.371877079327155968e+01
7.234155000000000000e+09,-9.368417394472453452e+01
7.234250000000000000e+09,-9.379676272397007608e+01
7.234345000000000000e+09,-9.363390500447776787e+01
7.234440000000000000e+09,-9.373670224401949724e+01
7.234535000000000000e+09,-9.358886003752212446e+01
7.234630000000000000e+09,-9.376752379297131768e+01
7.234725000000000000e+09,-9.375172655898323626e+01
7.234820000000000000e+09,-9.356327123459082884e+01
7.234915000000000000e+09,-9.360266856673270297e+01
7.235010000000000000e+09,-9.383829720981702849e+01
7.235105000000000000e+09,-9.375824836810718921e+01
7.235200000000000000e+09,-9.367834794817214572e+01
7.235295000000000000e+09,-9.367565190900478456e+01
7.235390000000000000e+09,-9.372107418499388132e+01
7.235485000000000000e+09,-9.320618511118878757e+01
7.235580000000000000e+09,-9.375586300692150132e+01
7.235675000000000000e+09,-9.382195242978896488e+01
7.235770000000000000e+09,-9.375142337538726167e+01
7.235865000000000000e+09,-9.364179837775226645e+01
7.235960000000000000e+09,-9.363457206178290448e+01
7.236055000000000000e+09,-9.334017657684933056e+01
7.236150000000000000e+09,-9.343556331330708531e+01
7.236245000000000000e+09,-9.348350388307927972e+01
7.236340000000000000e+09,-9.379657672147915548e+01
7.236435000000000000e+09,-9.376301512529070692e+01
7.236530000000000000e+09,-9.340999066213512947e+01
7.236625000000000000e+09,-9.387268533335010545e+01
7.236720000000000000e+09,-9.345357611905620843e+01
7.236815000000000000e+09,-9.357301211991955370e+01
7.236910000000000000e+09,-9.364251310213475676e+01
7.237005000000000000e+09,-9.378135382092597183e+01
7.237100000000000000e+09,-9.329388572275347258e+01
7.237195000000000000e+09,-9.342719850500522227e+01
7.237290000000000000e+09,-9.371244693025988681e+01
7.237385000000000000e+09,-9.363709772935258968e+01
7.237480000000000000e+09,-9.374506470855011742e+01
7.237575000000000000e+09,-9.393938362109098250e+01
7.237670000000000000e+09,-9.370781130149651972e+01
7.237765000000000000e+09,-9.368828752100959889e+01
7.237860000000000000e+09,-9.382472941171317871e+01
7.237955000000000000e+09,-9.326518278173587362e+01
7.238050000000000000e+09,-9.356648721766330823e+01
7.238145000000000000e+09,-9.365586300770189609e+01
7.238240000000000000e+09,-9.316833423295437910e+01
7.238335000000000000e+09,-9.393227613734626402e+01
7.238430000000000000e+09,-9.381698983837046057e+01
7.238525000000000000e+09,-9.345702076119823687e+01
7.238620000000000000e+09,-9.326239092309164391e+01
7.238715000000000000e+09,-9.344086071099881963e+01
7.238810000000000000e+09,-9.369668212069470314e+01
7.238905000000000000e+09,-9.360358411250854260e+01
7.239000000000000000e+09,-9.356117760443849818e+01
7.239095000000000000e+09,-9.367960645234651906e+01
7.239190000000000000e+09,-9.336794423688951383e+01
7.239285000000000000e+09,-9.358823802321964536e+01
7.239380000000000000e+09,-9.346773953017657277e+01
7.239475000000000000e+09,-9.353587766992851016e+01
7.239570000000000000e+09,-9.356658955018660606e+01
7.239665000000000000e+09,-9.350432202703638040e+01
7.239760000000000000e+09,-9.387570634641703293e+01
7.239855000000000000e+09,-9.358439501217586098e+01
7.239950000000000000e+09,-9.376258526684060257e+01
7.240045000000000000e+09,-9.360963209844067023e+01
7.240140000000000000e+09,-9.354885799303629312e+01
7.240235000000000000e+09,-9.373510639290370250e+01
7.240330000000000000e+09,-9.325607885219348248e+01
7.240425000000000000e+09,-9.391676220526522911e+01
7.240520000000000000e+09,-9.329951767559039411e+01
7.240615000000000000e+09,-9.365262735023978280e+01
7.240710000000000000e+09,-9.349689954177675588e+01
7.240805000000000000e+09,-9.346321990839444993e+01
7.240900000000000000e+09,-9.357696563008977364e+01
7.240995000000000000e+09,-9.345882543237345885e+01
7.241090000000000000e+09,-9.348591628347153915e+01
7.241185000000000000e+09,-9.356188930326764819e+01
7.241280000000000000e+09,-9.373519710883515188e+01
7.241375000000000000e+09,-9.353194477573667598e+01
7.241470000000000000e+09,-9.368176705964239659e+01
7.241565000000000000e+09,-9.358442060950756058e+01
7.241660000000000000e+09,-9.380783787190667056e+01
7.241755000000000000e+09,-9.388847191591479202e+01
7.241850000000000000e+09,-9.353244323355036727e+01
7.241945000000000000e+09,-9.358535520327168911e+01
7.242040000000000000e+09,-9.333330967988652560e+01
7.242135000000000000e+09,-9.340828485212713872e+01
7.242230000000000000e+09,-9.377878282596572035e+01
7.242325000000000000e+09,-9.363802075667754821e+01
7.242420000000000000e+09,-9.364901056310009153e+01
7.242515000000000000e+09,-9.360772825612770021e+01
7.242610000000000000e+09,-9.382606702707420254e+01
7.242705000000000000e+09,-9.358520512507124067e+01
7.242800000000000000e+09,-9.350469532354628655e+01
7.242895000000000000e+09,-9.343387978859134080e+01
7.242990000000000000e+09,-9.384170404733738735e+01
7.243085000000000000e+09,-9.323537174212486889e+01
7.243180000000000000e+09,-9.339269964859286688e+01
7.243275000000000000e+09,-9.386128336135095651e+01
7.243370000000000000e+09,-9.372057100912175542e+01
7.243465000000000000e+09,-9.349357735423302529e+01
7.243560000000000000e+09,-9.367911994743013793e+01
7.243655000000000000e+09,-9.353506223368307815e+01
7.243750000000000000e+09,-9.377255318879291224e+01
7.243845000000000000e+09,-9.335972191028304223e+01
7.243940000000000000e+09,-9.343536471471722393e+01
7.244035000000000000e+09,-9.341200181987804285e+01
7.244130000000000000e+09,-9.383219159668692555e+01
7.244225000000000000e+09,-9.367606956536590701e+01
7.244320000000000000e+09,-9.327521699123808219e+01
7.244415000000000000e+09,-9.396574666745608795e+01
7.244510000000000000e+09,-9.328803095685871938e+01
7.244605000000000000e+09,-9.321734992658420538e+01
7.244700000000000000e+09,-9.364073707386884848e+01
7.244795000000000000e+09,-9.326618353991923982e+01
7.244890000000000000e+09,-9.368680210808673792e+01
7.244985000000000000e+09,-9.385709008075586723e+01
7.245080000000000000e+09,-9.363865671602221141e+01
7.245175000000000000e+09,-9.385908533591340586e+01
7.245270000000000000e+09,-9.343211979324662764e+01
7.245365000000000000e+09,-9.345033858071489874e+01
7.245460000000000000e+09,-9.341911790905783164e+01
7.245555000000000000e+09,-9.363015363101673927e+01
7.245650000000000000e+09,-9.361013916551615921e+01
7.245745000000000000e+09,-9.370026509651663105e+01
7.245840000000000000e+09,-9.343029089784543828e+01
7.245935000000000000e+09,-9.366278692080236112e+01
7.246030000000000000e+09,-9.363936536758959051e+01
7.246125000000000000e+09,-9.322522830651203662e+01
7.246220000000000000e+09,-9.327074584300744675e+01
7.246315000000000000e+09,-9.364345152666400907e+01
7.246410000000000000e+09,-9.368405172570278694e+01
7.246505000000000000e+09,-9.370766864308887989e+01
7.246600000000000000e+09,-9.354989414538322023e+01
7.246695000000000000e+09,-9.348791503393569258e+01
7.246790000000000000e+09,-9.344105739859773507e+01
7.246885000000000000e+09,-9.347961315896804990e+01
7.246980000000000000e+09,-9.340257270967603631e+01
7.247075000000000000e+09,-9.357345865980953192e+01
7.247170000000000000e+09,-9.359573474007865457e+01
7.247265000000000000e+09,-9.361155817165428061e+01
7.247360000000000000e+09,-9.377133948441242239e+01
7.247455000000000000e+09,-9.372962368868635963e+01
7.247550000000000000e+09,-9.355487221418570698e+01
7.247645000000000000e+09,-9.352847910443459511e+01
7.247740000000000000e+09,-9.357507634594198009e+01
7.247835000000000000e+09,-9.401907173405112417e+01
7.247930000000000000e+09,-9.366727987028565394e+01
7.248025000000000000e+09,-9.346092793651729380e+01
7.248120000000000000e+09,-9.346861387320075210e+01
7.248215000000000000e+09,-9.332635319755702596e+01
7.248310000000000000e+09,-9.343731506414685839e+01
7.248405000000000000e+09,-9.356891608590109399e+01
7.248500000000000000e+09,-9.361439023882697086e+01
7.248595000000000000e+09,-9.372390983065250225e+01
7.248690000000000000e+09,-9.348104792773511917e+01
7.248785000000000000e+09,-9.353173999567269448e+01
7.248880000000000000e+09,-9.361307155417441095e+01
7.248975000000000000e+09,-9.369758737057324538e+01
7.249070000000000000e+09,-9.335819983346723916e+01
7.249165000000000000e+09,-9.341873898275008514e+01
7.249260000000000000e+09,-9.349462273349413977e+01
7.249355000000000000e+09,-9.372023753847784633e+01
7.249450000000000000e+09,-9.357938131443661689e+01
7.249545000000000000e+09,-9.357697564180841709e+01
7.249640000000000000e+09,-9.361459230137059251e+01
7.249735000000000000e+09,-9.345772730623758662e+01
7.249830000000000000e+09,-9.373724017249509188e+01
7.249925000000000000e+09,-9.370271940711974423e+01
7.250020000000000000e+09,-9.354330066228342844e+01
7.250115000000000000e+09,-9.350214755699418845e+01
7.250210000000000000e+09,-9.349966453693318158e+01
7.250305000000000000e+09,-9.380232726636123175e+01
7.250400000000000000e+09,-9.368571033096208112e+01
7.250495000000000000e+09,-9.368423947584366829e+01
7.250590000000000000e+09,-9.365931951312843751e+01
7.250685000000000000e+09,-9.360805458045119565e+01
7.250780000000000000e+09,-9.354361189233785012e+01
7.250875000000000000e+09,-9.346259956675082492e+01
7.250970000000000000e+09,-9.389186921663514340e+01
7.251065000000000000e+09,-9.309440058606364232e+01
7.251160000000000000e+09,-9.357581297199004666e+01
7.251255000000000000e+09,-9.355137581646111755e+01
7.251350000000000000e+09,-9.362063589825582710e+01
7.251445000000000000e+09,-9.347571949757369225e+01
7.251540000000000000e+09,-9.396996870154097792e+01
7.251635000000000000e+09,-9.339289834930134759e+01
7.251730000000000000e+09,-9.334373790328770326e+01
7.251825000000000000e+09,-9.363885790025926781e+01
7.251920000000000000e+09,-9.353011295416834514e+01
7.252015000000000000e+09,-9.357925637620252246e+01
7.252110000000000000e+09,-9.366024828365428334e+01
7.252205000000000000e+09,-9.368120528158289062e+01
7.252300000000000000e+09,-9.410516393377123734e+01
7.252395000000000000e+09,-9.354700448492246778e+01
7.252490000000000000e+09,-9.353552516823909002e+01
7.252585000000000000e+09,-9.359267549999847802e+01
7.252680000000000000e+09,-9.356602249603197663e+01
7.252775000000000000e+09,-9.343312363400626452e+01
7.252870000000000000e+09,-9.358604200201543222e+01
7.252965000000000000e+09,-9.361344143471156087e+01
7.253060000000000000e+09,-9.377873374265547568e+01
7.253155000000000000e+09,-9.364016852487777953e+01
7.253250000000000000e+09,-9.396328609848598035e+01
7.253345000000000000e+09,-9.371416262687759513e+01
7.253440000000000000e+09,-9.378683448040492010e+01
7.253535000000000000e+09,-9.357486029025056951e+01
7.253630000000000000e+09,-9.362841796544002193e+01
7.253725000000000000e+09,-9.412715240080187584e+01
7.253820000000000000e+09,-9.353349265690788172e+01
7.253915000000000000e+09,-9.373873403130787096e+01
7.254010000000000000e+09,-9.363386659772082510e+01
7.254105000000000000e+09,-9.390943086535355633e+01
7.254200000000000000e+09,-9.382032271492553832e+01
7.254295000000000000e+09,-9.329001134676238394e+01
7.254390000000000000e+09,-9.391537353049928072e+01
7.254485000000000000e+09,-9.363899414846933666e+01
7.254580000000000000e+09,-9.386477197123291205e+01
7.254675000000000000e+09,-9.359989831574966956e+01
7.254770000000000000e+09,-9.347186975738352999e+01
7.254865000000000000e+09,-9.373218164783108364e+01
7.254960000000000000e+09,-9.405104156377018398e+01
7.255055000000000000e+09,-9.374608465640099553e+01
7.255150000000000000e+09,-9.370544803220661834e+01
7.255245000000000000e+09,-9.376981400404795863e+01
7.255340000000000000e+09,-9.366368092476562879e+01
7.255435000000000000e+09,-9.408671051883956693e+01
7.255530000000000000e+09,-9.331836688689952553e+01
7.255625000000000000e+09,-9.373762596729298480e+01
7.255720000000000000e+09,-9.378439130244697708e+01
7.255815000000000000e+09,-9.376115626387192492e+01
7.255910000000000000e+09,-9.417174952915344477e+01
7.256005000000000000e+09,-9.381358542098408293e+01
7.256100000000000000e+09,-9.368262813202187544e+01
7.256195000000000000e+09,-9.359410329959531794e+01
7.256290000000000000e+09,-9.361116104169295227e+01
7.256385000000000000e+09,-9.363092430407229472e+01
7.256480000000000000e+09,-9.360653942566398200e+01
7.256575000000000000e+09,-9.375002229721724234e+01
7.256670000000000000e+09,-9.358251614546441033e+01
7.256765000000000000e+09,-9.382731497415127819e+01
7.256860000000000000e+09,-9.368166629852781568e+01
7.256955000000000000e+09,-9.401766753398219123e+01
7.257050000000000000e+09,-9.349735956536045478e+01
7.257145000000000000e+09,-9.356044226589267510e+01
7.257240000000000000e+09,-9.376543655889832962e+01
7.257335000000000000e+09,-9.362265864670897031e+01
7.257430000000000000e+09,-9.359372688605145640e+01
7.257525000000000000e+09,-9.350792227109820942e+01
7.257620000000000000e+09,-9.364262938997251240e+01
7.257715000000000000e+09,-9.383103581832827444e+01
7.257810000000000000e+09,-9.359024044826470856e+01
7.257905000000000000e+09,-9.365526475475340362e+01
7.258000000000000000e+09,-9.382679855073737940e+01
7.258095000000000000e+09,-9.367423959063717120e+01
7.258190000000000000e+09,-9.379104287681961694e+01
7.258285000000000000e+09,-9.357144700478322363e+01
7.258380000000000000e+09,-9.364947011290028911e+01
7.258475000000000000e+09,-9.355175362272785833e+01
7.258570000000000000e+09,-9.377868422913793722e+01
7.258665000000000000e+09,-9.367408774501235769e+01
7.258760000000000000e+09,-9.339743587036993233e+01
7.258855000000000000e+09,-9.373143460580847375e+01
7.258950000000000000e+09,-9.365019302666431145e+01
7.259045000000000000e+09,-9.386007682194991730e+01
7.259140000000000000e+09,-9.359301075403163850e+01
7.259235000000000000e+09,-9.380310653821624101e+01
7.259330000000000000e+09,-9.388649845541452521e+01
7.259425000000000000e+09,-9.385703926979741141e+01
7.259520000000000000e+09,-9.396358745122427081e+01
7.259615000000000000e+09,-9.353329743620787440e+01
7.259710000000000000e+09,-9.376659558284222840e+01
7.259805000000000000e+09,-9.384603578604001939e+01
7.259900000000000000e+09,-9.382565855022704682e+01
7.259995000000000000e+09,-9.375070527068659487e+01
7.260090000000000000e+09,-9.349884334879919834e+01
7.260185000000000000e+09,-9.369749069572600320e+01
7.260280000000000000e+09,-9.382353806166341315e+01
7.260375000000000000e+09,-9.375269072258225833e+01
7.260470000000000000e+09,-9.378493950426431525e+01
7.260565000000000000e+09,-9.403325213833844032e+01
7.260660000000000000e+09,-9.372148153758124067e+01
7.260755000000000000e+09,-9.368771319320524071e+01
7.260850000000000000e+09,-9.357954449258421903e+01
7.260945000000000000e+09,-9.393252387164480410e+01
7.261040000000000000e+09,-9.406254427993401634e+01
7.261135000000000000e+09,-9.362541594722146954e+01
7.261230000000000000e+09,-9.372356854845617136e+01
7.261325000000000000e+09,-9.382720068291780535e+01
7.261420000000000000e+09,-9.384198891353068461e+01
7.261515000000000000e+09,-9.412462015372324231e+01
7.261610000000000000e+09,-9.396007239506278097e+01
7.261705000000000000e+09,-9.530899245200151881e+01
7.261800000000000000e+09,-9.627100891965315554e+01
7.261895000000000000e+09,-9.664999115288841836e+01
7.261990000000000000e+09,-1.012630335405831090e+02
7.262085000000000000e+09,-9.887390010138093999e+01
7.262180000000000000e+09,-9.500380380352183352e+01
7.262275000000000000e+09,-9.432603263870262822e+01
7.262370000000000000e+09,-9.366170094461455164e+01
7.262465000000000000e+09,-9.416474444539146305e+01
7.262560000000000000e+09,-9.385792948029198612e+01
7.262655000000000000e+09,-9.401411542253178766e+01
7.262750000000000000e+09,-9.420370384300991873e+01
7.262845000000000000e+09,-9.353246235735235814e+01
7.262940000000000000e+09,-9.400302360556099757e+01
7.263035000000000000e+09,-9.369988225586511987e+01
7.263130000000000000e+09,-9.384765970402510504e+01
7.263225000000000000e+09,-9.382767146165795680e+01
7.263320000000000000e+09,-9.370685874576457763e+01
7.263415000000000000e+09,-9.378870471471694259e+01
7.263510000000000000e+09,-9.368347292322636122e+01
7.263605000000000000e+09,-9.381531410227603374e+01
7.263700000000000000e+09,-9.366733743176651217e+01
7.263795000000000000e+09,-9.370673305806280950e+01
7.263890000000000000e+09,-9.387670876110463780e+01
7.263985000000000000e+09,-9.402913690141387804e+01
7.264080000000000000e+09,-9.377656695554244948e+01
7.264175000000000000e+09,-9.376805518985844401e+01
7.264270000000000000e+09,-9.364709097043906638e+01
7.264365000000000000e+09,-9.353242871797553448e+01
7.264460000000000000e+09,-9.408346086281508747e+01
7.264555000000000000e+09,-9.406243673057282706e+01
7.264650000000000000e+09,-9.381010575243615790e+01
7.264745000000000000e+09,-9.361841940648444904e+01
7.264840000000000000e+09,-9.370427982725863103e+01
7.264935000000000000e+09,-9.376035852332333320e+01
7.265030000000000000e+09,-9.358142806489050258e+01
7.265125000000000000e+09,-9.348614494309310885e+01
7.265220000000000000e+09,-9.381502342180161236e+01
7.265315000000000000e+09,-9.367426908114013884e+01
7.265410000000000000e+09,-9.358980464364854868e+01
7.265505000000000000e+09,-9.376471806416765276e+01
7.265600000000000000e+09,-9.368343354129451939e+01
7.265695000000000000e+09,-9.384989979794028159e+01
7.265790000000000000e+09,-9.354235499555416311e+01
7.265885000000000000e+09,-9.368503639203836997e+01
7.265980000000000000e+09,-9.374875615211506386e+01
7.266075000000000000e+09,-9.365569674723741400e+01
7.266170000000000000e+09,-9.380138732185102413e+01
7.266265000000000000e+09,-9.388179146648732853e+01
7.266360000000000000e+09,-9.370490348804102609e+01
7.266455000000000000e+09,-9.378220337868083334e+01
7.266550000000000000e+09,-9.403539413083422005e+01
7.266645000000000000e+09,-9.387000066398698550e+01
7.266740000000000000e+09,-9.358068997383961118e+01
7.266835000000000000e+09,-9.404587759025260141e+01
7.266930000000000000e+09,-9.343819688532286705e+01
7.267025000000000000e+09,-9.376610235261237847e+01
7.267120000000000000e+09,-9.374764439921328574e+01
7.267215000000000000e+09,-9.385215455676352292e+01
7.267310000000000000e+09,-9.363837411200408667e+01
7.267405000000000000e+09,-9.377186022488415063e+01
7.267500000000000000e+09,-9.375891181751896397e+01
7.267595000000000000e+09,-9.357827165792872393e+01
7.267690000000000000e+09,-9.347820656348739021e+01
7.267785000000000000e+09,-9.386530956254185298e+01
7.267880000000000000e+09,-9.343709130825936882e+01
7.267975000000000000e+09,-9.405361647216835763e+01
7.268070000000000000e+09,-9.394701699802027406e+01
7.268165000000000000e+09,-9.352307842396642457e+01
7.268260000000000000e+09,-9.365151427649456650e+01
7.268355000000000000e+09,-9.355211582998751396e+01
7.268450000000000000e+09,-9.370371669598506514e+01
7.268545000000000000e+09,-9.353116173070472428e+01
7.268640000000000000e+09,-9.378230175676191038e+01
7.268735000000000000e+09,-9.353673819928945932e+01
7.268830000000000000e+09,-9.374861547767544323e+01
7.268925000000000000e+09,-9.371032356987483070e+01
7.269020000000000000e+09,-9.340055233381551147e+01
7.269115000000000000e+09,-9.400426815282605730e+01
7.269210000000000000e+09,-9.379757309243143482e+01
7.269305000000000000e+09,-9.344701593259998162e+01
7.269400000000000000e+09,-9.364973279730980948e+01
7.269495000000000000e+09,-9.361623015365616141e+01
7.269590000000000000e+09,-9.409157668802808416e+01
7.269685000000000000e+09,-9.360258600144257457e+01
7.269780000000000000e+09,-9.373390435761064055e+01
7.269875000000000000e+09,-9.356923240169061273e+01
7.269970000000000000e+09,-9.377783634883628849e+01
7.270065000000000000e+09,-9.392424099349561573e+01
7.270160000000000000e+09,-9.386049456795235812e+01
7.270255000000000000e+09,-9.362517868717512215e+01
7.270350000000000000e+09,-9.358368059872843503e+01
7.270445000000000000e+09,-9.359889481599772409e+01
7.270540000000000000e+09,-9.382231262166675378e+01
7.270635000000000000e+09,-9.356720829138791373e+01
7.270730000000000000e+09,-9.332503517659910131e+01
7.270825000000000000e+09,-9.385057978296019598e+01
7.270920000000000000e+09,-9.390236312816458053e+01
7.271015000000000000e+09,-9.357591843259383779e+01
7.271110000000000000e+09,-9.367328211419999207e+01
7.271205000000000000e+09,-9.365508975496113919e+01
7.271300000000000000e+09,-9.392576128765620069e+01
7.271395000000000000e+09,-9.382204055821148359e+01
7.271490000000000000e+09,-9.355707923654981073e+01
7.271585000000000000e+09,-9.363565637551400300e+01
7.271680000000000000e+09,-9.392293540674049268e+01
7.271775000000000000e+09,-9.363424623054865492e+01
7.271870000000000000e+09,-9.368302129591720018e+01
7.271965000000000000e+09,-9.379632985141498125e+01
7.272060000000000000e+09,-9.373872220009714340e+01
7.272155000000000000e+09,-9.387101667763633372e+01
7.272250000000000000e+09,-9.380244604933615449e+01
7.272345000000000000e+09,-9.354245718090488992e+01
7.272440000000000000e+09,-9.390077257670063204e+01
7.272535000000000000e+09,-9.373428337647112585e+01
7.272630000000000000e+09,-9.365778890559205649e+01
7.272725000000000000e+09,-9.368660898250297464e+01
7.272820000000000000e+09,-9.394112428202582521e+01
7.272915000000000000e+09,-9.402404332886314364e+01
7.273010000000000000e+09,-9.397346473499167985e+01
7.273105000000000000e+09,-9.397493548894097160e+01
7.273200000000000000e+09,-9.383868628094035103e+01
7.273295000000000000e+09,-9.384147337212456819e+01
7.273390000000000000e+09,-9.400530558684408788e+01
7.273485000000000000e+09,-9.366786784486230033e+01
7.273580000000000000e+09,-9.398840512147558002e+01
7.273675000000000000e+09,-9.381092400672606857e+01
7.273770000000000000e+09,-9.382458168206645155e+01
7.273865000000000000e+09,-9.400963540699052601e+01
7.273960000000000000e+09,-9.393692012542760494e+01
7.274055000000000000e+09,-9.377806636980552923e+01
7.274150000000000000e+09,-9.383470166349454189e+01
7.274245000000000000e+09,-9.386801190188378996e+01
7.274340000000000000e+09,-9.423199770193640745e+01
7.274435000000000000e+09,-9.363098998457621747e+01
7.274530000000000000e+09,-9.377306291704411478e+01
7.274625000000000000e+09,-9.407974697035577094e+01
7.274720000000000000e+09,-9.402039723698683815e+01
7.274815000000000000e+09,-9.353295939379064805e+01
7.274910000000000000e+09,-9.388129333088363637e+01
7.275005000000000000e+09,-9.390151204510317484e+01
7.275100000000000000e+09,-9.356747453819428983e+01
7.275195000000000000e+09,-9.398046098691136763e+01
7.275290000000000000e+09,-9.392142828020821810e+01
7.275385000000000000e+09,-9.391959161782799015e+01
7.275480000000000000e+09,-9.391621328093202692e+01
7.275575000000000000e+09,-9.376855043488285446e+01
7.275670000000000000e+09,-9.385823372420003352e+01
7.275765000000000000e+09,-9.365810694188914454e+01
7.275860000000000000e+09,-9.396305503406901494e+01
7.275955000000000000e+09,-9.381467671822194632e+01
7.276050000000000000e+09,-9.388160808371205235e+01
7.276145000000000000e+09,-9.386437076322886242e+01
7.276240000000000000e+09,-9.368846519064659617e+01
7.276335000000000000e+09,-9.409490055645355255e+01
7.276430000000000000e+09,-9.356904816668020430e+01
7.276525000000000000e+09,-9.375596071657872699e+01
7.276620000000000000e+09,-9.392894665724627146e+01
7.276715000000000000e+09,-9.386441608687923122e+01
7.276810000000000000e+09,-9.399998475970370748e+01
7.276905000000000000e+09,-9.390276108805790045e+01
7.277000000000000000e+09,-9.402546643404599536e+01
7.277095000000000000e+09,-9.401571222498063207e+01
7.277190000000000000e+09,-9.410336047522639547e+01
7.277285000000000000e+09,-9.398956012809178162e+01
7.277380000000000000e+09,-9.443298746421334044e+01
7.277475000000000000e+09,-9.407859880148936327e+01
7.277570000000000000e+09,-9.432689030833029165e+01
7.277665000000000000e+09,-9.387691700454027455e+01
7.277760000000000000e+09,-9.427574165047639099e+01
7.277855000000000000e+09,-9.422715589171932038e+01
7.277950000000000000e+09,-9.416421756493218709e+01
7.278045000000000000e+09,-9.380159705884918253e+01
7.278140000000000000e+09,-9.399284487239040686e+01
7.278235000000000000e+09,-9.416080251777617605e+01
7.278330000000000000e+09,-9.376783329254772070e+01
7.278425000000000000e+09,-9.398834449033211058e+01
7.278520000000000000e+09,-9.398438384374658483e+01
7.278615000000000000e+09,-9.399441532458270387e+01
7.278710000000000000e+09,-9.438256345698063399e+01
7.278805000000000000e+09,-9.378214372504609742e+01
7.278900000000000000e+09,-9.391730903051617929e+01
7.278995000000000000e+09,-9.413406188986171230e+01
7.279090000000000000e+09,-9.420047798939513939e+01
7.279185000000000000e+09,-9.390141634045947683e+01
7.279280000000000000e+09,-9.427529433131674352e+01
7.279375000000000000e+09,-9.448949110256491224e+01
7.279470000000000000e+09,-9.382330513947593431e+01
7.279565000000000000e+09,-9.396323941886585374e+01
7.279660000000000000e+09,-9.386625065833919734e+01
7.279755000000000000e+09,-9.431813097659832579e+01
7.279850000000000000e+09,-9.395339208628031713e+01
7.279945000000000000e+09,-9.405316844646623053e+01
7.280040000000000000e+09,-9.396967212170255834e+01
7.280135000000000000e+09,-9.397212995747574382e+01
7.280230000000000000e+09,-9.406775311092158631e+01
7.280325000000000000e+09,-9.430280792060032979e+01
7.280420000000000000e+09,-9.397934289908981498e+01
7.280515000000000000e+09,-9.449104020346678112e+01
7.280610000000000000e+09,-9.423295013615438620e+01
7.280705000000000000e+09,-9.411274286634964881e+01
7.280800000000000000e+09,-9.451638795643404478e+01
7.280895000000000000e+09,-9.411842774649664989e+01
7.280990000000000000e+09,-9.401592368423752077e+01
7.281085000000000000e+09,-9.399653477922115030e+01
7.281180000000000000e+09,-9.405910102378156523e+01
7.281275000000000000e+09,-9.409798981992081224e+01
7.281370000000000000e+09,-9.377919868969075878e+01
7.281465000000000000e+09,-9.386192626425096819e+01
7.281560000000000000e+09,-9.412807515298396766e+01
7.281655000000000000e+09,-9.413246665090090914e+01
7.281750000000000000e+09,-9.408403989378483345e+01
7.281845000000000000e+09,-9.437764942709166860e+01
7.281940000000000000e+09,-9.383626630551572134e+01
7.282035000000000000e+09,-9.399479722337716225e+01
7.282130000000000000e+09,-9.425450576130361924e+01
7.282225000000000000e+09,-9.420854434351385009e+01
7.282320000000000000e+09,-9.404721185939779105e+01
7.282415000000000000e+09,-9.412998727024603340e+01
7.282510000000000000e+09,-9.457482569328570321e+01
7.282605000000000000e+09,-9.403347474771457826e+01
7.282700000000000000e+09,-9.411186859152566342e+01
7.282795000000000000e+09,-9.414318963673379415e+01
7.282890000000000000e+09,-9.391159228606713327e+01
7.282985000000000000e+09,-9.386995636365199402e+01
7.283080000000000000e+09,-9.428285040223785529e+01
7.283175000000000000e+09,-9.386819553592125942e+01
7.283270000000000000e+09,-9.408315902115118945e+01
7.283365000000000000e+09,-9.401778558748864612e+01
7.283460000000000000e+09,-9.408168204944533386e+01
7.283555000000000000e+09,-9.385317142051147243e+01
7.283650000000000000e+09,-9.394547713510706899e+01
7.283745000000000000e+09,-9.419343052640201108e+01
7.283840000000000000e+09,-9.405780022882032654e+01
7.283935000000000000e+09,-9.393554033879730980e+01
7.284030000000000000e+09,-9.400543239813622165e+01
7.284125000000000000e+09,-9.405458672688943977e+01
7.284220000000000000e+09,-9.412349723772143761e+01
7.284315000000000000e+09,-9.399806402685798901e+01
7.284410000000000000e+09,-9.381757674053591245e+01
7.284505000000000000e+09,-9.401088101917702033e+01
7.284600000000000000e+09,-9.407377744714102619e+01
7.284695000000000000e+09,-9.424958181052505779e+01
7.284790000000000000e+09,-9.384340009125651250e+01
7.284885000000000000e+09,-9.416919944106356866e+01
7.284980000000000000e+09,-9.418269816166403530e+01
7.285075000000000000e+09,-9.425915130913432449e+01
7.285170000000000000e+09,-9.442165165929515069e+01
7.285265000000000000e+09,-9.419216376560024173e+01
7.285360000000000000e+09,-9.385125622822036462e+01
7.285455000000000000e+09,-9.431680345949874322e+01
7.285550000000000000e+09,-9.442780910991939436e+01
7.285645000000000000e+09,-9.424224779724795553e+01
7.285740000000000000e+09,-9.408239164343713412e+01
7.285835000000000000e+09,-9.395312505307416018e+01
7.285930000000000000e+09,-9.413540905597463393e+01
7.286025000000000000e+09,-9.424952849964464008e+01
7.286120000000000000e+09,-9.386963265924499922e+01
7.286215000000000000e+09,-9.382925918736535209e+01
7.286310000000000000e+09,-9.412313492832042527e+01
7.286405000000000000e+09,-9.387215752329252894e+01
7.286500000000000000e+09,-9.399689113576066291e+01
7.286595000000000000e+09,-9.378795328986747393e+01
7.286690000000000000e+09,-9.443030426936873312e+01
7.286785000000000000e+09,-9.394655451128555512e+01
7.286880000000000000e+09,-9.387688957813963953e+01
7.286975000000000000e+09,-9.396811273016484733e+01
7.287070000000000000e+09,-9.414380756673514838e+01
7.287165000000000000e+09,-9.414630785626306420e+01
7.287260000000000000e+09,-9.388725251119282689e+01
7.287355000000000000e+09,-9.445050783573876174e+01
7.287450000000000000e+09,-9.405312210969012199e+01
7.287545000000000000e+09,-9.372455420266426529e+01
7.287640000000000000e+09,-9.406629895511537143e+01
7.287735000000000000e+09,-9.424785521524452747e+01
7.287830000000000000e+09,-9.437935473418664856e+01
7.287925000000000000e+09,-9.396565344693911470e+01
7.288020000000000000e+09,-9.385578373269444796e+01
7.288115000000000000e+09,-9.398356396581753813e+01
7.288210000000000000e+09,-9.418011609475159673e+01
7.288305000000000000e+09,-9.402085617092252789e+01
7.288400000000000000e+09,-9.407569839700468606e+01
7.288495000000000000e+09,-9.426894784046019993e+01
7.288590000000000000e+09,-9.414872111007012734e+01
7.288685000000000000e+09,-9.406051531718107128e+01
7.288780000000000000e+09,-9.434503768959271497e+01
7.288875000000000000e+09,-9.425466658606646320e+01
7.288970000000000000e+09,-9.385703916971644389e+01
7.289065000000000000e+09,-9.376457148518110785e+01
7.289160000000000000e+09,-9.402731255611999472e+01
7.289255000000000000e+09,-9.411212333631291926e+01
7.289350000000000000e+09,-9.426765995137489540e+01
7.289445000000000000e+09,-9.406056684566480897e+01
7.289540000000000000e+09,-9.414222570792355782e+01
7.289635000000000000e+09,-9.412951772909710257e+01
7.289730000000000000e+09,-9.432403962678664300e+01
7.289825000000000000e+09,-9.423151605518745555e+01
7.289920000000000000e+09,-9.481479246247465653e+01
7.290015000000000000e+09,-9.468997256004058727e+01
7.290110000000000000e+09,-9.518484432827699493e+01
7.290205000000000000e+09,-9.610816837206269270e+01
7.290300000000000000e+09,-9.627251191963273413e+01
7.290395000000000000e+09,-9.938867509476816053e+01
7.290490000000000000e+09,-1.027624261479028576e+02
7.290585000000000000e+09,-9.710130646785910358e+01
7.290680000000000000e+09,-9.504094355822728346e+01
7.290775000000000000e+09,-9.503856919632173117e+01
7.290870000000000000e+09,-9.410949852466460186e+01
7.290965000000000000e+09,-9.457710016828775679e+01
7.291060000000000000e+09,-9.431204245147215204e+01
7.291155000000000000e+09,-9.414391191172532558e+01
7.291250000000000000e+09,-9.403520085006149998e+01
7.291345000000000000e+09,-9.439589521890604829e+01
7.291440000000000000e+09,-9.404058637179224434e+01
7.291535000000000000e+09,-9.408000527030088733e+01
7.291630000000000000e+09,-9.422294069455654153e+01
7.291725000000000000e+09,-9.426225161672378761e+01
7.291820000000000000e+09,-9.429032757476063864e+01
7.291915000000000000e+09,-9.437063132013230415e+01
7.292010000000000000e+09,-9.417524472469581553e+01
7.292105000000000000e+09,-9.420436545666271400e+01
7.292200000000000000e+09,-9.426461684676702646e+01
7.292295000000000000e+09,-9.429763023947589318e+01
7.292390000000000000e+09,-9.422113961931417236e+01
7.292485000000000000e+09,-9.433270343797558155e+01
7.292580000000000000e+09,-9.442400254282148353e+01
7.292675000000000000e+09,-9.425327352174545581e+01
7.292770000000000000e+09,-9.403497944036666922e+01
7.292865000000000000e+09,-9.387226360090777177e+01
7.292960000000000000e+09,-9.436137147636485167e+01
7.293055000000000000e+09,-9.417274593213706169e+01
7.293150000000000000e+09,-9.409264468312352392e+01
7.293245000000000000e+09,-9.443858107424279069e+01
7.293340000000000000e+09,-9.446119790876159072e+01
7.293435000000000000e+09,-9.425192214286126102e+01
7.293530000000000000e+09,-9.435768930509678398e+01
7.293625000000000000e+09,-9.424841079879900008e+01
7.293720000000000000e+09,-9.424356969906882853e+01
7.293815000000000000e+09,-9.412390813926000988e+01
7.293910000000000000e+09,-9.458000970780638283e+01
7.294005000000000000e+09,-9.414806512423238871e+01
7.294100000000000000e+09,-9.404683590421208805e+01
7.294195000000000000e+09,-9.402473594608804319e+01
7.294290000000000000e+09,-9.427995898253905693e+01
7.294385000000000000e+09,-9.427307772563828792e+01
7.294480000000000000e+09,-9.432603501870985951e+01
7.294575000000000000e+09,-9.384547291565993987e+01
7.294670000000000000e+09,-9.394204124960161550e+01
7.294765000000000000e+09,-9.414178397485079586e+01
7.294860000000000000e+09,-9.408259039884947583e+01
7.294955000000000000e+09,-9.434561426099799064e+01
7.295050000000000000e+09,-9.405211787992934092e+01
7.295145000000000000e+09,-9.453183831717169028e+01
7.295240000000000000e+09,-9.422106604540921637e+01
7.295335000000000000e+09,-9.425754456676190784e+01
7.295430000000000000e+09,-9.429356925662604283e+01
7.295525000000000000e+09,-9.413114207490772856e+01
7.295620000000000000e+09,-9.435130264095967334e+01
7.295715000000000000e+09,-9.431281820165361296e+01
7.295810000000000000e+09,-9.436130876407611368e+01
7.295905000000000000e+09,-9.446069585406611679e+01
7.296000000000000000e+09,-9.436125823424453074e+01
7.296095000000000000e+09,-9.414143235820600353e+01
7.296190000000000000e+09,-9.431626973436348749e+01
7.296285000000000000e+09,-9.409203344264510349e+01
7.296380000000000000e+09,-9.427897840046185252e+01
7.296475000000000000e+09,-9.450430672562355028e+01
7.296570000000000000e+09,-9.424156075286924761e+01
7.296665000000000000e+09,-9.412987801932945331e+01
7.296760000000000000e+09,-9.424622727205218098e+01
7.296855000000000000e+09,-9.424184336791975625e+01
7.296950000000000000e+09,-9.400091462930197395e+01
7.297045000000000000e+09,-9.446463157096113150e+01
7.297140000000000000e+09,-9.445573749099011707e+01
7.297235000000000000e+09,-9.465305959762999066e+01
7.297330000000000000e+09,-9.459308298555097849e+01
7.297425000000000000e+09,-9.450052263211459547e+01
7.297520000000000000e+09,-9.460014276973487313e+01
7.297615000000000000e+09,-9.434463390618330436e+01
7.297710000000000000e+09,-9.439822006501151463e+01
7.297805000000000000e+09,-9.435456669159628973e+01
7.297900000000000000e+09,-9.448790797246068962e+01
7.297995000000000000e+09,-9.448071530884776337e+01
7.298090000000000000e+09,-9.462681088096444171e+01
7.298185000000000000e+09,-9.460800926526432875e+01
7.298280000000000000e+09,-9.461953959448415219e+01
7.298375000000000000e+09,-9.446001988771951119e+01
7.298470000000000000e+09,-9.453381964955022454e+01
7.298565000000000000e+09,-9.448680081087388771e+01
7.298660000000000000e+09,-9.448813757336318986e+01
7.298755000000000000e+09,-9.433602789450279147e+01
7.298850000000000000e+09,-9.480481480488835189e+01
7.298945000000000000e+09,-9.434121153182962871e+01
7.299040000000000000e+09,-9.450637337186702780e+01
7.299135000000000000e+09,-9.434241361697837647e+01
7.299230000000000000e+09,-9.451293641072300034e+01
7.299325000000000000e+09,-9.466561653350801464e+01
7.299420000000000000e+09,-9.434556863245683189e+01
7.299515000000000000e+09,-9.452342973400682524e+01
7.299610000000000000e+09,-9.454188944113897719e+01
7.299705000000000000e+09,-9.464089213871645256e+01
7.299800000000000000e+09,-9.490455243055183132e+01
7.299895000000000000e+09,-9.455903027203113709e+01
7.299990000000000000e+09,-9.450768365085272649e+01
7.300085000000000000e+09,-9.448248388962467459e+01
7.300180000000000000e+09,-9.450287669790048994e+01
7.300275000000000000e+09,-9.475949544345537845e+01
7.300370000000000000e+09,-9.429040668052553542e+01
7.300465000000000000e+09,-9.447006430101156127e+01
7.300560000000000000e+09,-9.474386241028682321e+01
7.300655000000000000e+09,-9.445123497468486562e+01
7.300750000000000000e+09,-9.447678058969495396e+01
7.300845000000000000e+09,-9.436358362266544475e+01
7.300940000000000000e+09,-9.471068347268752063e+01
7.301035000000000000e+09,-9.449270667540004354e+01
7.301130000000000000e+09,-9.431512598220750476e+01
7.301225000000000000e+09,-9.457308049397495608e+01
7.301320000000000000e+09,-9.466616810259623094e+01
7.301415000000000000e+09,-9.453856212809726856e+01
7.301510000000000000e+09,-9.451887020032356190e+01
7.301605000000000000e+09,-9.432953659912695343e+01
7.301700000000000000e+09,-9.476069781578175366e+01
7.301795000000000000e+09,-9.457082991930818139e+01
7.301890000000000000e+09,-9.468618010696286547e+01
7.301985000000000000e+09,-9.443470925252290726e+01
7.302080000000000000e+09,-9.428245879385497119e+01
7.302175000000000000e+09,-9.447160288846119158e+01
7.302270000000000000e+09,-9.481787034991046426e+01
7.302365000000000000e+09,-9.467772654181261771e+01
7.302460000000000000e+09,-9.452098257084342947e+01
7.302555000000000000e+09,-9.468952661160767548e+01
7.302650000000000000e+09,-9.485033417853128412e+01
7.302745000000000000e+09,-9.450344521255713914e+01
7.302840000000000000e+09,-9.450670582235164829e+01
7.302935000000000000e+09,-9.491513062829818637e+01
7.303030000000000000e+09,-9.465995189199767879e+01
7.303125000000000000e+09,-9.441552098033056950e+01
7.303220000000000000e+09,-9.481907070580683694e+01
7.303315000000000000e+09,-9.430585942351493145e+01
7.303410000000000000e+09,-9.438683345345909004e+01
7.303505000000000000e+09,-9.462564150077513148e+01
7.303600000000000000e+09,-9.477629732265594953e+01
7.303695000000000000e+09,-9.460222702367582315e+01
7.303790000000000000e+09,-9.432714739473381371e+01
7.303885000000000000e+09,-9.426192770989467817e+01
7.303980000000000000e+09,-9.456539078830543588e+01
7.304075000000000000e+09,-9.464650926572110734e+01
7.304170000000000000e+09,-9.435299622969094457e+01
7.304265000000000000e+09,-9.469301731895822627e+01
7.304360000000000000e+09,-9.461556389409628309e+01
7.304455000000000000e+09,-9.459498921502948576e+01
7.304550000000000000e+09,-9.467920601703525563e+01
7.304645000000000000e+09,-9.450263125087083438e+01
7.304740000000000000e+09,-9.474142549286767689e+01
7.304835000000000000e+09,-9.465959307701194803e+01
7.304930000000000000e+09,-9.480273346282535840e+01
7.305025000000000000e+09,-9.452344956443111812e+01
7.305120000000000000e+09,-9.449960382164283601e+01
7.305215000000000000e+09,-9.456261375533360081e+01
7.305310000000000000e+09,-9.436510489750743602e+01
7.305405000000000000e+09,-9.452481827209911103e+01
7.305500000000000000e+09,-9.459366179391307128e+01
7.305595000000000000e+09,-9.470754566384792383e+01
7.305690000000000000e+09,-9.476532015336377412e+01
7.305785000000000000e+09,-9.481948947838725417e+01
7.305880000000000000e+09,-9.470739648976251601e+01
7.305975000000000000e+09,-9.451433709937320771e+01
7.306070000000000000e+09,-9.446029624651632162e+01
7.306165000000000000e+09,-9.479463099809458981e+01
7.306260000000000000e+09,-9.471438814982869303e+01
7.306355000000000000e+09,-9.439762828227559055e+01
7.306450000000000000e+09,-9.481139984068234128e+01
7.306545000000000000e+09,-9.461255420293383622e+01
7.306640000000000000e+09,-9.470466412755067154e+01
7.306735000000000000e+09,-9.459607809807538104e+01
7.306830000000000000e+09,-9.511859502686773737e+01
7.306925000000000000e+09,-9.466296092881827917e+01
7.307020000000000000e+09,-9.493843364648883210e+01
7.307115000000000000e+09,-9.429040782865610026e+01
7.307210000000000000e+09,-9.453180131299431821e+01
7.307305000000000000e+09,-9.465739231911130958e+01
7.307400000000000000e+09,-9.462001929533214195e+01
7.307495000000000000e+09,-9.475633744335105746e+01
7.307590000000000000e+09,-9.456678542085731465e+01
7.307685000000000000e+09,-9.460071935606580951e+01
7.307780000000000000e+09,-9.478252669900903982e+01
7.307875000000000000e+09,-9.456286415109440213e+01
7.307970000000000000e+09,-9.482277518373622627e+01
7.308065000000000000e+09,-9.479148372648575105e+01
7.308160000000000000e+09,-9.491872690777144328e+01
7.308255000000000000e+09,-9.474065344072221251e+01
7.308350000000000000e+09,-9.452176527811619167e+01
7.308445000000000000e+09,-9.471596421224136009e+01
7.308540000000000000e+09,-9.449602956901388495e+01
7.308635000000000000e+09,-9.500737839453913125e+01
7.308730000000000000e+09,-9.481677277338654619e+01
7.308825000000000000e+09,-9.467819594350859802e+01
7.308920000000000000e+09,-9.481370806159206666e+01
7.309015000000000000e+09,-9.465305140684986895e+01
7.309110000000000000e+09,-9.493540664679156293e+01
7.309205000000000000e+09,-9.480797792031663107e+01
7.309300000000000000e+09,-9.495156173385490206e+01
7.309395000000000000e+09,-9.475623623844279564e+01
7.309490000000000000e+09,-9.483493412126550481e+01
7.309585000000000000e+09,-9.439252106407485599e+01
7.309680000000000000e+09,-9.486810464968654344e+01
7.309775000000000000e+09,-9.483720860575468237e+01
7.309870000000000000e+09,-9.472567969463267445e+01
7.309965000000000000e+09,-9.481259798826441454e+01
7.310060000000000000e+09,-9.460697277436199215e+01
7.310155000000000000e+09,-9.488753617896088599e+01
7.310250000000000000e+09,-9.470722988770349104e+01
7.310345000000000000e+09,-9.475494726436704696e+01
7.310440000000000000e+09,-9.445568256530508222e+01
7.310535000000000000e+09,-9.480097369083216563e+01
7.310630000000000000e+09,-9.469475766251100879e+01
7.310725000000000000e+09,-9.474458104793933444e+01
7.310820000000000000e+09,-9.453040509347380294e+01
7.310915000000000000e+09,-9.457882491130627045e+01
7.311010000000000000e+09,-9.481310893049000299e+01
7.311105000000000000e+09,-9.477339243503635657e+01
7.311200000000000000e+09,-9.498541126350913544e+01
7.311295000000000000e+09,-9.446154207528510938e+01
7.311390000000000000e+09,-9.475723913924997532e+01
7.311485000000000000e+09,-9.461237379229642386e+01
7.311580000000000000e+09,-9.445445656113925281e+01
7.311675000000000000e+09,-9.496215747798692064e+01
7.311770000000000000e+09,-9.459118734030795395e+01
7.311865000000000000e+09,-9.480229977155273957e+01
7.311960000000000000e+09,-9.481245710611727873e+01
7.312055000000000000e+09,-9.477454346352070047e+01
7.312150000000000000e+09,-9.502090093576359209e+01
7.312245000000000000e+09,-9.475395844337563744e+01
7.312340000000000000e+09,-9.450830999453964409e+01
7.312435000000000000e+09,-9.494932774792306418e+01
7.312530000000000000e+09,-9.485938533941290984e+01
7.312625000000000000e+09,-9.465428228065057681e+01
7.312720000000000000e+09,-9.493122577678732910e+01
7.312815000000000000e+09,-9.466886658800422083e+01
7.312910000000000000e+09,-9.462547149245573053e+01
7.313005000000000000e+09,-9.465062579675787902e+01
7.313100000000000000e+09,-9.503344956386823128e+01
7.313195000000000000e+09,-9.499392790518328411e+01
7.313290000000000000e+09,-9.471286129394373177e+01
7.313385000000000000e+09,-9.450688881375998562e+01
7.313480000000000000e+09,-9.452192821172832282e+01
7.313575000000000000e+09,-9.466715416975910102e+01
7.313670000000000000e+09,-9.482859903327229745e+01
7.313765000000000000e+09,-9.513831782568962581e+01
7.313860000000000000e+09,-9.485735144312833711e+01
7.313955000000000000e+09,-9.483429682468801047e+01
7.314050000000000000e+09,-9.479991677799732486e+01
7.314145000000000000e+09,-9.489760682738490516e+01
7.314240000000000000e+09,-9.468740362771316654e+01
7.314335000000000000e+09,-9.503643864398216579e+01
7.314430000000000000e+09,-9.460927035469417490e+01
7.314525000000000000e+09,-9.460704914781337038e+01
7.314620000000000000e+09,-9.485138915327848963e+01
7.314715000000000000e+09,-9.490747977866612928e+01
7.314810000000000000e+09,-9.460327095113515838e+01
7.314905000000000000e+09,-9.489970178592815842e+01
7.315000000000000000e+09,-9.477281287121896014e+01
