# freq_Hz, amplitude_dBm
7.125000000000000000e+09,-9.335104198209604931e+01
7.125095000000000000e+09,-9.319907359551416448e+01
7.125190000000000000e+09,-9.304283433884315002e+01
7.125285000000000000e+09,-9.313680702581879700e+01
7.125380000000000000e+09,-9.310856276356011563e+01
7.125475000000000000e+09,-9.301542499361460159e+01
7.125570000000000000e+09,-9.325527536896750291e+01
7.125665000000000000e+09,-9.318564122613690870e+01
7.125760000000000000e+09,-9.313903710979177220e+01
7.125855000000000000e+09,-9.297599020775713541e+01
7.125950000000000000e+09,-9.284607048031035959e+01
7.126045000000000000e+09,-9.304388975923531291e+01
7.126140000000000000e+09,-9.300851798574285567e+01
7.126235000000000000e+09,-9.308435899314142148e+01
7.126330000000000000e+09,-9.321803394009688759e+01
7.126425000000000000e+09,-9.297054713040856200e+01
7.126520000000000000e+09,-9.316154567490114857e+01
7.126615000000000000e+09,-9.322708212931277671e+01
7.126710000000000000e+09,-9.291083754735240063e+01
7.126805000000000000e+09,-9.313427202585373266e+01
7.126900000000000000e+09,-9.319063979283848198e+01
7.126995000000000000e+09,-9.345162751414542868e+01
7.127090000000000000e+09,-9.299330937419072995e+01
7.127185000000000000e+09,-9.327581921789536068e+01
7.127280000000000000e+09,-9.306404769761427076e+01
7.127375000000000000e+09,-9.326478302876586213e+01
7.127470000000000000e+09,-9.299250436015918808e+01
7.127565000000000000e+09,-9.307131984997391783e+01
7.127660000000000000e+09,-9.313635091244564990e+01
7.127755000000000000e+09,-9.323715682062638166e+01
7.127850000000000000e+09,-9.354642958465989011e+01
7.127945000000000000e+09,-9.311337055317181921e+01
7.128040000000000000e+09,-9.309594939474794728e+01
7.128135000000000000e+09,-9.334195919532420760e+01
7.128230000000000000e+09,-9.322221896893182702e+01
7.128325000000000000e+09,-9.309560070651849628e+01
7.128420000000000000e+09,-9.308659989648150201e+01
7.128515000000000000e+09,-9.315693754679568883e+01
7.128610000000000000e+09,-9.306430853474238063e+01
7.128705000000000000e+09,-9.335000634552261545e+01
7.128800000000000000e+09,-9.299209339033942001e+01
7.128895000000000000e+09,-9.304954136762611938e+01
7.128990000000000000e+09,-9.293075147372374545e+01
7.129085000000000000e+09,-9.323536161882196893e+01
7.129180000000000000e+09,-9.298414164197596676e+01
7.129275000000000000e+09,-9.312132525093778668e+01
7.129370000000000000e+09,-9.347956656286540067e+01
7.129465000000000000e+09,-9.337749654814906819e+01
7.129560000000000000e+09,-9.310904066704488002e+01
7.129655000000000000e+09,-9.324981618267014483e+01
7.129750000000000000e+09,-9.281540827638941948e+01
7.129845000000000000e+09,-9.320066718184931176e+01
7.129940000000000000e+09,-9.313696044101861560e+01
7.130035000000000000e+09,-9.333193746319066975e+01
7.130130000000000000e+09,-9.302597547862049510e+01
7.130225000000000000e+09,-9.304565106496171722e+01
7.130320000000000000e+09,-9.310452290667903696e+01
7.130415000000000000e+09,-9.306176267153941239e+01
7.130510000000000000e+09,-9.290463247117281753e+01
7.130605000000000000e+09,-9.317883122376548499e+01
7.130700000000000000e+09,-9.308861903066011223e+01
7.130795000000000000e+09,-9.329208396333216058e+01
7.130890000000000000e+09,-9.319939943685193384e+01
7.130985000000000000e+09,-9.312382021054675363e+01
7.131080000000000000e+09,-9.307655556346311698e+01
7.131175000000000000e+09,-9.317721458017604164e+01
7.131270000000000000e+09,-9.301437472417535446e+01
7.131365000000000000e+09,-9.334159409432072607e+01
7.131460000000000000e+09,-9.311505310593831553e+01
7.131555000000000000e+09,-9.294355001319070197e+01
7.131650000000000000e+09,-9.324291501355601497e+01
7.131745000000000000e+09,-9.283795324082905154e+01
7.131840000000000000e+09,-9.289022667744865203e+01
7.131935000000000000e+09,-9.312134517108614773e+01
7.132030000000000000e+09,-9.314642133345938646e+01
7.132125000000000000e+09,-9.331899568426470637e+01
7.132220000000000000e+09,-9.284163362529049834e+01
7.132315000000000000e+09,-9.300787733075709696e+01
7.132410000000000000e+09,-9.308192602375848423e+01
7.132505000000000000e+09,-9.323603102036445023e+01
7.132600000000000000e+09,-9.288657472974394125e+01
7.132695000000000000e+09,-9.314513305610347516e+01
7.132790000000000000e+09,-9.279289001925516800e+01
7.132885000000000000e+09,-9.302327697047978461e+01
7.132980000000000000e+09,-9.328410975284695894e+01
7.133075000000000000e+09,-9.356050833291561730e+01
7.133170000000000000e+09,-9.300140926333780556e+01
7.133265000000000000e+09,-9.285672761203221626e+01
7.133360000000000000e+09,-9.302468400725365427e+01
7.133455000000000000e+09,-9.267645961647798458e+01
7.133550000000000000e+09,-9.334666628293061308e+01
7.133645000000000000e+09,-9.307896325758315470e+01
7.133740000000000000e+09,-9.348275560133726003e+01
7.133835000000000000e+09,-9.293596562006725037e+01
7.133930000000000000e+09,-9.318281697084751158e+01
7.134025000000000000e+09,-9.283837357704840088e+01
7.134120000000000000e+09,-9.287831095785153934e+01
7.134215000000000000e+09,-9.308099391477590245e+01
7.134310000000000000e+09,-9.312883904115517453e+01
7.134405000000000000e+09,-9.319223242803852258e+01
7.134500000000000000e+09,-9.282626079991518964e+01
7.134595000000000000e+09,-9.331849585256324531e+01
7.134690000000000000e+09,-9.301748768583708227e+01
7.134785000000000000e+09,-9.315955033027194077e+01
7.134880000000000000e+09,-9.302462745724272963e+01
7.134975000000000000e+09,-9.288069617252574517e+01
7.135070000000000000e+09,-9.309950285886290544e+01
7.135165000000000000e+09,-9.288541148282638460e+01
7.135260000000000000e+09,-9.291493784234008046e+01
7.135355000000000000e+09,-9.302444178043232625e+01
7.135450000000000000e+09,-9.271006566157032580e+01
7.135545000000000000e+09,-9.315677550267345453e+01
7.135640000000000000e+09,-9.296872200582434687e+01
7.135735000000000000e+09,-9.281857641000814851e+01
7.135830000000000000e+09,-9.312810471376761257e+01
7.135925000000000000e+09,-9.295271842279748853e+01
7.136020000000000000e+09,-9.308262921576334747e+01
7.136115000000000000e+09,-9.301648017444409788e+01
7.136210000000000000e+09,-9.298373471935840939e+01
7.136305000000000000e+09,-9.286905388527442540e+01
7.136400000000000000e+09,-9.306128339536742544e+01
7.136495000000000000e+09,-9.316201104225464746e+01
7.136590000000000000e+09,-9.299841226818745099e+01
7.136685000000000000e+09,-9.306086564876736134e+01
7.136780000000000000e+09,-9.289461867097004699e+01
7.136875000000000000e+09,-9.297577348659807228e+01
7.136970000000000000e+09,-9.299974043352850117e+01
7.137065000000000000e+09,-9.278637928811431834e+01
7.137160000000000000e+09,-9.290435456477808884e+01
7.137255000000000000e+09,-9.281051307284121776e+01
7.137350000000000000e+09,-9.289925479098982919e+01
7.137445000000000000e+09,-9.310177247089994523e+01
7.137540000000000000e+09,-9.296894779643780282e+01
7.137635000000000000e+09,-9.276681526273704037e+01
7.137730000000000000e+09,-9.294007935005933518e+01
7.137825000000000000e+09,-9.287149857525912466e+01
7.137920000000000000e+09,-9.322034381221999411e+01
7.138015000000000000e+09,-9.303094148074256964e+01
7.138110000000000000e+09,-9.265382099446200925e+01
7.138205000000000000e+09,-9.284268270188240990e+01
7.138300000000000000e+09,-9.302197197992654765e+01
7.138395000000000000e+09,-9.311007199203413620e+01
7.138490000000000000e+09,-9.307274148879470488e+01
7.138585000000000000e+09,-9.296346239273852063e+01
7.138680000000000000e+09,-9.286660405491224424e+01
7.138775000000000000e+09,-9.321035132531376632e+01
7.138870000000000000e+09,-9.298697733471334459e+01
7.138965000000000000e+09,-9.303828325316763426e+01
7.139060000000000000e+09,-9.291970018418379595e+01
7.139155000000000000e+09,-9.273905500382949185e+01
7.139250000000000000e+09,-9.299404823520028174e+01
7.139345000000000000e+09,-9.290955692344624595e+01
7.139440000000000000e+09,-9.321747050066734630e+01
7.139535000000000000e+09,-9.298700020577371106e+01
7.139630000000000000e+09,-9.299157886903351766e+01
7.139725000000000000e+09,-9.305713594208326356e+01
7.139820000000000000e+09,-9.312383968148823499e+01
7.139915000000000000e+09,-9.289491807285946834e+01
7.140010000000000000e+09,-9.324229609181928424e+01
7.140105000000000000e+09,-9.324556604675420601e+01
7.140200000000000000e+09,-9.307775800188031212e+01
7.140295000000000000e+09,-9.277775094905157971e+01
7.140390000000000000e+09,-9.291206435918590500e+01
7.140485000000000000e+09,-9.268666111618205150e+01
7.140580000000000000e+09,-9.312876958719118647e+01
7.140675000000000000e+09,-9.284405435262817718e+01
7.140770000000000000e+09,-9.280461489717779955e+01
7.140865000000000000e+09,-9.293868925463118558e+01
7.140960000000000000e+09,-9.298524843434378795e+01
7.141055000000000000e+09,-9.287493932741159597e+01
7.141150000000000000e+09,-9.289983420103087042e+01
7.141245000000000000e+09,-9.300126162526362350e+01
7.141340000000000000e+09,-9.302144067439704145e+01
7.141435000000000000e+09,-9.264616170277888330e+01
7.141530000000000000e+09,-9.274125942980870718e+01
7.141625000000000000e+09,-9.289327069988387109e+01
7.141720000000000000e+09,-9.294497652073178529e+01
7.141815000000000000e+09,-9.287551819279990184e+01
7.141910000000000000e+09,-9.295082413905478802e+01
7.142005000000000000e+09,-9.333072096043964905e+01
7.142100000000000000e+09,-9.295498767266506945e+01
7.142195000000000000e+09,-9.299189813735483767e+01
7.142290000000000000e+09,-9.309692531529651660e+01
7.142385000000000000e+09,-9.303178923622084540e+01
7.142480000000000000e+09,-9.321950495290130334e+01
7.142575000000000000e+09,-9.279349400575040363e+01
7.142670000000000000e+09,-9.311198210885504523e+01
7.142765000000000000e+09,-9.293090733502833700e+01
7.142860000000000000e+09,-9.296380943282039766e+01
7.142955000000000000e+09,-9.312865532341569974e+01
7.143050000000000000e+09,-9.297734473942766442e+01
7.143145000000000000e+09,-9.307615144653561856e+01
7.143240000000000000e+09,-9.293284400797233502e+01
7.143335000000000000e+09,-9.271699516669517038e+01
7.143430000000000000e+09,-9.300640296630359671e+01
7.143525000000000000e+09,-9.300476426536991426e+01
7.143620000000000000e+09,-9.285464966817474419e+01
7.143715000000000000e+09,-9.272562035862962659e+01
7.143810000000000000e+09,-9.301526249503574206e+01
7.143905000000000000e+09,-9.334985810175882648e+01
7.144000000000000000e+09,-9.297334794344358500e+01
7.144095000000000000e+09,-9.272259625696935359e+01
7.144190000000000000e+09,-9.296920305758747816e+01
7.144285000000000000e+09,-9.307522782595013666e+01
7.144380000000000000e+09,-9.284996893533900675e+01
7.144475000000000000e+09,-9.282151735723559227e+01
7.144570000000000000e+09,-9.303716123005327177e+01
7.144665000000000000e+09,-9.287126032639405082e+01
7.144760000000000000e+09,-9.288578916001766572e+01
7.144855000000000000e+09,-9.303456046676754454e+01
7.144950000000000000e+09,-9.291166517032985439e+01
7.145045000000000000e+09,-9.300492899864396179e+01
7.145140000000000000e+09,-9.301398624670788706e+01
7.145235000000000000e+09,-9.308663639517851607e+01
7.145330000000000000e+09,-9.294877764028353795e+01
7.145425000000000000e+09,-9.276343494094851394e+01
7.145520000000000000e+09,-9.319532821260709454e+01
7.145615000000000000e+09,-9.243010100978878540e+01
7.145710000000000000e+09,-9.293870293658768844e+01
7.145805000000000000e+09,-9.309316771373158872e+01
7.145900000000000000e+09,-9.282727095490714930e+01
7.145995000000000000e+09,-9.306482448019440312e+01
7.146090000000000000e+09,-9.273156445833083694e+01
7.146185000000000000e+09,-9.320073972868905798e+01
7.146280000000000000e+09,-9.265720620677208785e+01
7.146375000000000000e+09,-9.301461039491273652e+01
7.146470000000000000e+09,-9.295377117004127854e+01
7.146565000000000000e+09,-9.298741485118911498e+01
7.146660000000000000e+09,-9.306291946647533564e+01
7.146755000000000000e+09,-9.300690738326485985e+01
7.146850000000000000e+09,-9.278984835725339053e+01
7.146945000000000000e+09,-9.284964295622719987e+01
7.147040000000000000e+09,-9.272095506522839514e+01
7.147135000000000000e+09,-9.268707523785501223e+01
7.147230000000000000e+09,-9.304720858305708475e+01
7.147325000000000000e+09,-9.269339141422179296e+01
7.147420000000000000e+09,-9.249928189981247328e+01
7.147515000000000000e+09,-9.285141817625445526e+01
7.147610000000000000e+09,-9.316967338478602301e+01
7.147705000000000000e+09,-9.308652244456743574e+01
7.147800000000000000e+09,-9.279349171182154521e+01
7.147895000000000000e+09,-9.296236892097128646e+01
7.147990000000000000e+09,-9.312989721435342005e+01
7.148085000000000000e+09,-9.330118135511236233e+01
7.148180000000000000e+09,-9.334482095446773542e+01
7.148275000000000000e+09,-9.319923590222813914e+01
7.148370000000000000e+09,-9.346222509594633721e+01
7.148465000000000000e+09,-9.354432887807890040e+01
7.148560000000000000e+09,-9.391981373764292584e+01
7.148655000000000000e+09,-9.379196914304267807e+01
7.148750000000000000e+09,-9.493306421876812351e+01
7.148845000000000000e+09,-9.741795079167560800e+01
7.148940000000000000e+09,-9.455848419916976866e+01
7.149035000000000000e+09,-9.299275581406308788e+01
7.149130000000000000e+09,-9.288225074853542651e+01
7.149225000000000000e+09,-9.288474100673619205e+01
7.149320000000000000e+09,-9.289201790090443467e+01
7.149415000000000000e+09,-9.269606959253708567e+01
7.149510000000000000e+09,-9.292091497435377789e+01
7.149605000000000000e+09,-9.276314940827346334e+01
7.149700000000000000e+09,-9.307158863418496253e+01
7.149795000000000000e+09,-9.281412002107859394e+01
7.149890000000000000e+09,-9.271616753452852322e+01
7.149985000000000000e+09,-9.294147213659275053e+01
7.150080000000000000e+09,-9.311854980167015583e+01
7.150175000000000000e+09,-9.289331111285159182e+01
7.150270000000000000e+09,-9.305560612372659079e+01
7.150365000000000000e+09,-9.298558487808844575e+01
7.150460000000000000e+09,-9.271528369895091259e+01
7.150555000000000000e+09,-9.292779144989425788e+01
7.150650000000000000e+09,-9.297119332934060765e+01
7.150745000000000000e+09,-9.305033150955003407e+01
7.150840000000000000e+09,-9.285982063501506900e+01
7.150935000000000000e+09,-9.323064663376533190e+01
7.151030000000000000e+09,-9.310294450567120350e+01
7.151125000000000000e+09,-9.298399180794743302e+01
7.151220000000000000e+09,-9.267426216388734872e+01
7.151315000000000000e+09,-9.289033723894544892e+01
7.151410000000000000e+09,-9.308510992332601575e+01
7.151505000000000000e+09,-9.276050331809111071e+01
7.151600000000000000e+09,-9.280132143873515815e+01
7.151695000000000000e+09,-9.264896026186039535e+01
7.151790000000000000e+09,-9.288192335911321607e+01
7.151885000000000000e+09,-9.310070866553070346e+01
7.151980000000000000e+09,-9.281052208953522609e+01
7.152075000000000000e+09,-9.317575604248743559e+01
7.152170000000000000e+09,-9.268800571422360690e+01
7.152265000000000000e+09,-9.311844347843080527e+01
7.152360000000000000e+09,-9.269485561665915441e+01
7.152455000000000000e+09,-9.284377425463299005e+01
7.152550000000000000e+09,-9.279803454879173330e+01
7.152645000000000000e+09,-9.299081166894086437e+01
7.152740000000000000e+09,-9.281550388461707257e+01
7.152835000000000000e+09,-9.327031358937665573e+01
7.152930000000000000e+09,-9.288441880311827958e+01
7.153025000000000000e+09,-9.258752301899207282e+01
7.153120000000000000e+09,-9.318368552056126930e+01
7.153215000000000000e+09,-9.293158440514241647e+01
7.153310000000000000e+09,-9.308305999222802996e+01
7.153405000000000000e+09,-9.304336723818974519e+01
7.153500000000000000e+09,-9.301149553100279377e+01
7.153595000000000000e+09,-9.322470507283556174e+01
7.153690000000000000e+09,-9.270344154104647316e+01
7.153785000000000000e+09,-9.293307609387910873e+01
7.153880000000000000e+09,-9.261764015977672670e+01
7.153975000000000000e+09,-9.264104147281312862e+01
7.154070000000000000e+09,-9.282004694283143920e+01
7.154165000000000000e+09,-9.297620076515782728e+01
7.154260000000000000e+09,-9.289989971289284654e+01
7.154355000000000000e+09,-9.305164347609606068e+01
7.154450000000000000e+09,-9.314062776614763095e+01
7.154545000000000000e+09,-9.297947032069019713e+01
7.154640000000000000e+09,-9.286647705024300592e+01
7.154735000000000000e+09,-9.313650884376684758e+01
7.154830000000000000e+09,-9.286898688164450277e+01
7.154925000000000000e+09,-9.292559110783795973e+01
7.155020000000000000e+09,-9.281720114326643056e+01
7.155115000000000000e+09,-9.266845936996054434e+01
7.155210000000000000e+09,-9.295873246170592097e+01
7.155305000000000000e+09,-9.294756962242986731e+01
7.155400000000000000e+09,-9.311078572622054139e+01
7.155495000000000000e+09,-9.308330981865194076e+01
7.155590000000000000e+09,-9.297084174126311495e+01
7.155685000000000000e+09,-9.291736323982560464e+01
7.155780000000000000e+09,-9.292348612230398430e+01
7.155875000000000000e+09,-9.288963393909239130e+01
7.155970000000000000e+09,-9.274784448790515512e+01
7.156065000000000000e+09,-9.296142447398244713e+01
7.156160000000000000e+09,-9.301570280049679695e+01
7.156255000000000000e+09,-9.291674978938574725e+01
7.156350000000000000e+09,-9.283615215468877579e+01
7.156445000000000000e+09,-9.312849570919702558e+01
7.156540000000000000e+09,-9.288865606405198605e+01
7.156635000000000000e+09,-9.304563060902651728e+01
7.156730000000000000e+09,-9.310872521500496646e+01
7.156825000000000000e+09,-9.278790031591539389e+01
7.156920000000000000e+09,-9.297827611209258691e+01
7.157015000000000000e+09,-9.340553092806992197e+01
7.157110000000000000e+09,-9.286990089781659208e+01
7.157205000000000000e+09,-9.303159531427118623e+01
7.157300000000000000e+09,-9.308539308083138053e+01
7.157395000000000000e+09,-9.306707624276765500e+01
7.157490000000000000e+09,-9.301310565261883312e+01
7.157585000000000000e+09,-9.261373169752178569e+01
7.157680000000000000e+09,-9.319459372661239627e+01
7.157775000000000000e+09,-9.309989201297867112e+01
7.157870000000000000e+09,-9.304399550466237656e+01
7.157965000000000000e+09,-9.284025558641803855e+01
7.158060000000000000e+09,-9.293732395985924200e+01
7.158155000000000000e+09,-9.301122477599921012e+01
7.158250000000000000e+09,-9.316660814847678296e+01
7.158345000000000000e+09,-9.311064355016816307e+01
7.158440000000000000e+09,-9.281803697235551454e+01
7.158535000000000000e+09,-9.290157295395083281e+01
7.158630000000000000e+09,-9.278147005665246638e+01
7.158725000000000000e+09,-9.311344854380752167e+01
7.158820000000000000e+09,-9.322036121020248345e+01
7.158915000000000000e+09,-9.284098390630452968e+01
7.159010000000000000e+09,-9.304825577677260640e+01
7.159105000000000000e+09,-9.291750919374591433e+01
7.159200000000000000e+09,-9.307544257662868858e+01
7.159295000000000000e+09,-9.321816413798651979e+01
7.159390000000000000e+09,-9.313282929534358345e+01
7.159485000000000000e+09,-9.331057092703638034e+01
7.159580000000000000e+09,-9.291784440519927557e+01
7.159675000000000000e+09,-9.307186300030365089e+01
7.159770000000000000e+09,-9.303332510269930822e+01
7.159865000000000000e+09,-9.301279610580840540e+01
7.159960000000000000e+09,-9.289079238560553620e+01
7.160055000000000000e+09,-9.295097702099332082e+01
7.160150000000000000e+09,-9.311598451827508427e+01
7.160245000000000000e+09,-9.324247149778365440e+01
7.160340000000000000e+09,-9.313370666379513807e+01
7.160435000000000000e+09,-9.282372552250546960e+01
7.160530000000000000e+09,-9.303222407425718643e+01
7.160625000000000000e+09,-9.304025337189966649e+01
7.160720000000000000e+09,-9.308594973408145279e+01
7.160815000000000000e+09,-9.309176118217116880e+01
7.160910000000000000e+09,-9.315689064770964478e+01
7.161005000000000000e+09,-9.278013995188780427e+01
7.161100000000000000e+09,-9.284434881998217293e+01
7.161195000000000000e+09,-9.300455573841702517e+01
7.161290000000000000e+09,-9.299721426195198148e+01
7.161385000000000000e+09,-9.304807204452734481e+01
7.161480000000000000e+09,-9.277735517921468045e+01
7.161575000000000000e+09,-9.262907902920771619e+01
7.161670000000000000e+09,-9.310152769198282385e+01
7.161765000000000000e+09,-9.295398276573592966e+01
7.161860000000000000e+09,-9.306002248345023986e+01
7.161955000000000000e+09,-9.306376459858665839e+01
7.162050000000000000e+09,-9.286168435373130592e+01
7.162145000000000000e+09,-9.284169453651617232e+01
7.162240000000000000e+09,-9.309929070514748162e+01
7.162335000000000000e+09,-9.327019318776997636e+01
7.162430000000000000e+09,-9.311890629854389090e+01
7.162525000000000000e+09,-9.315115593121392124e+01
7.162620000000000000e+09,-9.305154401505360795e+01
7.162715000000000000e+09,-9.307716654851348892e+01
7.162810000000000000e+09,-9.312690458539913152e+01
7.162905000000000000e+09,-9.290039388576485635e+01
7.163000000000000000e+09,-9.319590375730345500e+01
7.163095000000000000e+09,-9.325023292489142079e+01
7.163190000000000000e+09,-9.299425421064196939e+01
7.163285000000000000e+09,-9.298198373431674213e+01
7.163380000000000000e+09,-9.306958856493018573e+01
7.163475000000000000e+09,-9.339048710754744320e+01
7.163570000000000000e+09,-9.276530679298102200e+01
7.163665000000000000e+09,-9.307735500364304926e+01
7.163760000000000000e+09,-9.304819730665033717e+01
7.163855000000000000e+09,-9.309792304821536391e+01
7.163950000000000000e+09,-9.301334957346546162e+01
7.164045000000000000e+09,-9.296434402197911595e+01
7.164140000000000000e+09,-9.322843811023298599e+01
7.164235000000000000e+09,-9.312475564736745071e+01
7.164330000000000000e+09,-9.325347988401364319e+01
7.164425000000000000e+09,-9.313223609241504164e+01
7.164520000000000000e+09,-9.310481842338403169e+01
7.164615000000000000e+09,-9.323437843353026722e+01
7.164710000000000000e+09,-9.327377241173593347e+01
7.164805000000000000e+09,-9.318529304011889280e+01
7.164900000000000000e+09,-9.281314661243033015e+01
7.164995000000000000e+09,-9.350187802738717835e+01
7.165090000000000000e+09,-9.277534743169530884e+01
7.165185000000000000e+09,-9.296826789239190703e+01
7.165280000000000000e+09,-9.316900671312255611e+01
7.165375000000000000e+09,-9.294190554423389017e+01
7.165470000000000000e+09,-9.320506177877193466e+01
7.165565000000000000e+09,-9.295767382137458412e+01
7.165660000000000000e+09,-9.320077133681709824e+01
7.165755000000000000e+09,-9.340223253144392856e+01
7.165850000000000000e+09,-9.316020927509676142e+01
7.165945000000000000e+09,-9.295597365029939851e+01
7.166040000000000000e+09,-9.318171082118345794e+01
7.166135000000000000e+09,-9.293964344395909905e+01
7.166230000000000000e+09,-9.289863036032345178e+01
7.166325000000000000e+09,-9.303823818886827723e+01
7.166420000000000000e+09,-9.324437737746421817e+01
7.166515000000000000e+09,-9.319360273547765416e+01
7.166610000000000000e+09,-9.289400250341650178e+01
7.166705000000000000e+09,-9.315780582558112144e+01
7.166800000000000000e+09,-9.294148041564029938e+01
7.166895000000000000e+09,-9.321594067185991150e+01
7.166990000000000000e+09,-9.306549531757234206e+01
7.167085000000000000e+09,-9.270405071472450231e+01
7.167180000000000000e+09,-9.330544106208508026e+01
7.167275000000000000e+09,-9.313719570547300464e+01
7.167370000000000000e+09,-9.304359872594089609e+01
7.167465000000000000e+09,-9.314591001453577235e+01
7.167560000000000000e+09,-9.315712858453451872e+01
7.167655000000000000e+09,-9.301555339455349269e+01
7.167750000000000000e+09,-9.318081218307560221e+01
7.167845000000000000e+09,-9.319589776688458471e+01
7.167940000000000000e+09,-9.339343354353874815e+01
7.168035000000000000e+09,-9.296085439412023277e+01
7.168130000000000000e+09,-9.295700043708761484e+01
7.168225000000000000e+09,-9.309454897994088185e+01
7.168320000000000000e+09,-9.297487195131905935e+01
7.168415000000000000e+09,-9.304122397290747415e+01
7.168510000000000000e+09,-9.317983697177281499e+01
7.168605000000000000e+09,-9.276203326485260447e+01
7.168700000000000000e+09,-9.313384116088576548e+01
7.168795000000000000e+09,-9.334071292609790760e+01
7.168890000000000000e+09,-9.325491469627849028e+01
7.168985000000000000e+09,-9.287060365897234249e+01
7.169080000000000000e+09,-9.308682788215868698e+01
7.169175000000000000e+09,-9.317610676905120215e+01
7.169270000000000000e+09,-9.306905897939864758e+01
7.169365000000000000e+09,-9.295768839436711062e+01
7.169460000000000000e+09,-9.293216692645162880e+01
7.169555000000000000e+09,-9.316903883824696209e+01
7.169650000000000000e+09,-9.282287271165731113e+01
7.169745000000000000e+09,-9.302313976427443265e+01
7.169840000000000000e+09,-9.351312928800167867e+01
7.169935000000000000e+09,-9.348200204126595736e+01
7.170030000000000000e+09,-9.319528050880224157e+01
7.170125000000000000e+09,-9.311532742514822303e+01
7.170220000000000000e+09,-9.281859759459486270e+01
7.170315000000000000e+09,-9.268882863567382913e+01
7.170410000000000000e+09,-9.265535612109935926e+01
7.170505000000000000e+09,-9.307722538340159701e+01
7.170600000000000000e+09,-9.333296518792481322e+01
7.170695000000000000e+09,-9.295975051107539855e+01
7.170790000000000000e+09,-9.294824173162220404e+01
7.170885000000000000e+09,-9.291698959020870063e+01
7.170980000000000000e+09,-9.311769692848517366e+01
7.171075000000000000e+09,-9.295227113865870194e+01
7.171170000000000000e+09,-9.302350000802142915e+01
7.171265000000000000e+09,-9.313680032296402089e+01
7.171360000000000000e+09,-9.330154168023918260e+01
7.171455000000000000e+09,-9.319037309685285209e+01
7.171550000000000000e+09,-9.288333305275818930e+01
7.171645000000000000e+09,-9.295346712288532842e+01
7.171740000000000000e+09,-9.308824336004057898e+01
7.171835000000000000e+09,-9.296139406854683784e+01
7.171930000000000000e+09,-9.317548527253157431e+01
7.172025000000000000e+09,-9.294337435806039593e+01
7.172120000000000000e+09,-9.313661558292432119e+01
7.172215000000000000e+09,-9.310661753189552314e+01
7.172310000000000000e+09,-9.299874072120690016e+01
7.172405000000000000e+09,-9.307278007572682554e+01
7.172500000000000000e+09,-9.305523288050123654e+01
7.172595000000000000e+09,-9.326347726075753997e+01
7.172690000000000000e+09,-9.275014875171291351e+01
7.172785000000000000e+09,-9.285027549240923861e+01
7.172880000000000000e+09,-9.314064728360746415e+01
7.172975000000000000e+09,-9.281334526482527281e+01
7.173070000000000000e+09,-9.269868634778275407e+01
7.173165000000000000e+09,-9.303926402477090107e+01
7.173260000000000000e+09,-9.288328783975815384e+01
7.173355000000000000e+09,-9.289830349551395727e+01
7.173450000000000000e+09,-9.285812836422840633e+01
7.173545000000000000e+09,-9.287690457698752766e+01
7.173640000000000000e+09,-9.286492059903642371e+01
7.173735000000000000e+09,-9.316512534696153125e+01
7.173830000000000000e+09,-9.313601802710026334e+01
7.173925000000000000e+09,-9.303659593570365871e+01
7.174020000000000000e+09,-9.287084157099785386e+01
7.174115000000000000e+09,-9.292127640528825339e+01
7.174210000000000000e+09,-9.272649367721405156e+01
7.174305000000000000e+09,-9.298151966349443853e+01
7.174400000000000000e+09,-9.280400623212103994e+01
7.174495000000000000e+09,-9.305868454030772341e+01
7.174590000000000000e+09,-9.295978344042134722e+01
7.174685000000000000e+09,-9.311734032960745822e+01
7.174780000000000000e+09,-9.275178067446708496e+01
7.174875000000000000e+09,-9.309337413231344271e+01
7.174970000000000000e+09,-9.294686039750287421e+01
7.175065000000000000e+09,-9.313362871053668357e+01
7.175160000000000000e+09,-9.295066833669767448e+01
7.175255000000000000e+09,-9.282273076788312949e+01
7.175350000000000000e+09,-9.269608806936000178e+01
7.175445000000000000e+09,-9.321871667612779788e+01
7.175540000000000000e+09,-9.298913528413777385e+01
7.175635000000000000e+09,-9.306035986333813526e+01
7.175730000000000000e+09,-9.306835186742846133e+01
7.175825000000000000e+09,-9.295729662204159638e+01
7.175920000000000000e+09,-9.281857899798470157e+01
7.176015000000000000e+09,-9.277495975034338471e+01
7.176110000000000000e+09,-9.298579002112654734e+01
7.176205000000000000e+09,-9.302358021792400677e+01
7.176300000000000000e+09,-9.313715129704831952e+01
7.176395000000000000e+09,-9.319283968861761025e+01
7.176490000000000000e+09,-9.310815550372245752e+01
7.176585000000000000e+09,-9.302102815775586464e+01
7.176680000000000000e+09,-9.328335572898444639e+01
7.176775000000000000e+09,-9.303417630591860643e+01
7.176870000000000000e+09,-9.295556105384223144e+01
7.176965000000000000e+09,-9.283974890547145264e+01
7.177060000000000000e+09,-9.284961599659519038e+01
7.177155000000000000e+09,-9.314880669238013411e+01
7.177250000000000000e+09,-9.275402488856023808e+01
7.177345000000000000e+09,-9.302214714501326398e+01
7.177440000000000000e+09,-9.304490883028381631e+01
7.177535000000000000e+09,-9.326447269429472442e+01
7.177630000000000000e+09,-9.302847914397831630e+01
7.177725000000000000e+09,-9.323576052151436500e+01
7.177820000000000000e+09,-9.308440252920000546e+01
7.177915000000000000e+09,-9.310707231525996974e+01
7.178010000000000000e+09,-9.289309400593589316e+01
7.178105000000000000e+09,-9.284939903863028121e+01
7.178200000000000000e+09,-9.279004681590544124e+01
7.178295000000000000e+09,-9.288660887614909711e+01
7.178390000000000000e+09,-9.314869659973395244e+01
7.178485000000000000e+09,-9.313994486777416171e+01
7.178580000000000000e+09,-9.272376225595644428e+01
7.178675000000000000e+09,-9.275200792274426931e+01
7.178770000000000000e+09,-9.294573727954769993e+01
7.178865000000000000e+09,-9.310700191723286423e+01
7.178960000000000000e+09,-9.309147864145047890e+01
7.179055000000000000e+09,-9.297957481831717530e+01
7.179150000000000000e+09,-9.277638259805374332e+01
7.179245000000000000e+09,-9.315225590222810581e+01
7.179340000000000000e+09,-9.318882709936471542e+01
7.179435000000000000e+09,-9.288654129442801377e+01
7.179530000000000000e+09,-9.304240905952569562e+01
7.179625000000000000e+09,-9.296516061567390921e+01
7.179720000000000000e+09,-9.325735496922705181e+01
7.179815000000000000e+09,-9.320061081678900905e+01
7.179910000000000000e+09,-9.309970842229606092e+01
7.180005000000000000e+09,-9.290287898358258190e+01
7.180100000000000000e+09,-9.316106305743684857e+01
7.180195000000000000e+09,-9.317537486377391076e+01
7.180290000000000000e+09,-9.324497689066907924e+01
7.180385000000000000e+09,-9.308219137958040790e+01
7.180480000000000000e+09,-9.288656128446945104e+01
7.180575000000000000e+09,-9.312707121162374335e+01
7.180670000000000000e+09,-9.327055740887061575e+01
7.180765000000000000e+09,-9.324145558192029171e+01
7.180860000000000000e+09,-9.371905904494451534e+01
7.180955000000000000e+09,-9.372253659618495192e+01
7.181050000000000000e+09,-9.446221113527030866e+01
7.181145000000000000e+09,-9.444176065168024081e+01
7.181240000000000000e+09,-9.609384350743910375e+01
7.181335000000000000e+09,-9.682872223968736591e+01
7.181430000000000000e+09,-9.413565777956834779e+01
7.181525000000000000e+09,-9.362446505161103971e+01
7.181620000000000000e+09,-9.326045721071609762e+01
7.181715000000000000e+09,-9.324253569193032831e+01
7.181810000000000000e+09,-9.323629804696884094e+01
7.181905000000000000e+09,-9.332284604501566605e+01
7.182000000000000000e+09,-9.338944356252716261e+01
7.182095000000000000e+09,-9.321424879600684221e+01
7.182190000000000000e+09,-9.330349539065051090e+01
7.182285000000000000e+09,-9.303059741714034203e+01
7.182380000000000000e+09,-9.350163227490887152e+01
7.182475000000000000e+09,-9.302419066641598988e+01
7.182570000000000000e+09,-9.333478851388940711e+01
7.182665000000000000e+09,-9.317784027112151080e+01
7.182760000000000000e+09,-9.328632691699725399e+01
7.182855000000000000e+09,-9.339030352668135038e+01
7.182950000000000000e+09,-9.314239215302438879e+01
7.183045000000000000e+09,-9.323804596406586143e+01
7.183140000000000000e+09,-9.333068070229032287e+01
7.183235000000000000e+09,-9.297181486169529308e+01
7.183330000000000000e+09,-9.304679413405054333e+01
7.183425000000000000e+09,-9.320901351813867564e+01
7.183520000000000000e+09,-9.340113839286503605e+01
7.183615000000000000e+09,-9.309249054573922422e+01
7.183710000000000000e+09,-9.326752659907262455e+01
7.183805000000000000e+09,-9.358668169083601640e+01
7.183900000000000000e+09,-9.323899930888062215e+01
7.183995000000000000e+09,-9.331561798420716514e+01
7.184090000000000000e+09,-9.336785184221214706e+01
7.184185000000000000e+09,-9.314356568779192003e+01
7.184280000000000000e+09,-9.348445072904556241e+01
7.184375000000000000e+09,-9.326178040542760073e+01
7.184470000000000000e+09,-9.309419903871170732e+01
7.184565000000000000e+09,-9.314222947948616138e+01
7.184660000000000000e+09,-9.349149511312062089e+01
7.184755000000000000e+09,-9.312999396076023118e+01
7.184850000000000000e+09,-9.332319896098354661e+01
7.184945000000000000e+09,-9.325704236148393989e+01
7.185040000000000000e+09,-9.334619144091249154e+01
7.185135000000000000e+09,-9.304058792066500416e+01
7.185230000000000000e+09,-9.340645898144644832e+01
7.185325000000000000e+09,-9.321325990138689122e+01
7.185420000000000000e+09,-9.337797642930723896e+01
7.185515000000000000e+09,-9.310497607241705964e+01
7.185610000000000000e+09,-9.313203414491111687e+01
7.185705000000000000e+09,-9.319073500283039380e+01
7.185800000000000000e+09,-9.351209824110044622e+01
7.185895000000000000e+09,-9.349526697527261376e+01
7.185990000000000000e+09,-9.338962316231956606e+01
7.186085000000000000e+09,-9.338184736237730021e+01
7.186180000000000000e+09,-9.363257079444687747e+01
7.186275000000000000e+09,-9.325152227047414044e+01
7.186370000000000000e+09,-9.331142202076590308e+01
7.186465000000000000e+09,-9.328913518928362691e+01
7.186560000000000000e+09,-9.324509009727172781e+01
7.186655000000000000e+09,-9.342344526162196416e+01
7.186750000000000000e+09,-9.334694533611254030e+01
7.186845000000000000e+09,-9.318608469855317367e+01
7.186940000000000000e+09,-9.316849677879631031e+01
7.187035000000000000e+09,-9.337250854310659065e+01
7.187130000000000000e+09,-9.319001208194279684e+01
7.187225000000000000e+09,-9.314053367028529351e+01
7.187320000000000000e+09,-9.329233366151848372e+01
7.187415000000000000e+09,-9.311439309410096143e+01
7.187510000000000000e+09,-9.332763258327341305e+01
7.187605000000000000e+09,-9.345152263175714324e+01
7.187700000000000000e+09,-9.315340160069359854e+01
7.187795000000000000e+09,-9.331229250175560708e+01
7.187890000000000000e+09,-9.361888671056470912e+01
7.187985000000000000e+09,-9.325446468825481361e+01
7.188080000000000000e+09,-9.346979754534015683e+01
7.188175000000000000e+09,-9.323000802515515772e+01
7.188270000000000000e+09,-9.335684215026952870e+01
7.188365000000000000e+09,-9.343702497101904214e+01
7.188460000000000000e+09,-9.350005385261886204e+01
7.188555000000000000e+09,-9.333513468329159934e+01
7.188650000000000000e+09,-9.326014175234726622e+01
7.188745000000000000e+09,-9.321882037365112694e+01
7.188840000000000000e+09,-9.333172091664501124e+01
7.188935000000000000e+09,-9.344718366842613477e+01
7.189030000000000000e+09,-9.324374179794695294e+01
7.189125000000000000e+09,-9.334866184678699597e+01
7.189220000000000000e+09,-9.313139511408536464e+01
7.189315000000000000e+09,-9.326159969598748489e+01
7.189410000000000000e+09,-9.328984504730138383e+01
7.189505000000000000e+09,-9.322443843243706851e+01
7.189600000000000000e+09,-9.317587514351173184e+01
7.189695000000000000e+09,-9.359573166321348481e+01
7.189790000000000000e+09,-9.342474285244199450e+01
7.189885000000000000e+09,-9.333100515427288713e+01
7.189980000000000000e+09,-9.325135259221707429e+01
7.190075000000000000e+09,-9.337595618958603438e+01
7.190170000000000000e+09,-9.334081164963154720e+01
7.190265000000000000e+09,-9.316161836115178119e+01
7.190360000000000000e+09,-9.351306483462452945e+01
7.190455000000000000e+09,-9.314462685264119557e+01
7.190550000000000000e+09,-9.319004841769137215e+01
7.190645000000000000e+09,-9.319573198098862576e+01
7.190740000000000000e+09,-9.314538801941827728e+01
7.190835000000000000e+09,-9.334251825245127066e+01
7.190930000000000000e+09,-9.344645476074651924e+01
7.191025000000000000e+09,-9.310991923153410710e+01
7.191120000000000000e+09,-9.330165950361595151e+01
7.191215000000000000e+09,-9.342851065357140783e+01
7.191310000000000000e+09,-9.340203824605934813e+01
7.191405000000000000e+09,-9.337547730491679943e+01
7.191500000000000000e+09,-9.317367096845507035e+01
7.191595000000000000e+09,-9.327121870935425818e+01
7.191690000000000000e+09,-9.363222916883175628e+01
7.191785000000000000e+09,-9.314686178468703304e+01
7.191880000000000000e+09,-9.336737707467300140e+01
7.191975000000000000e+09,-9.323972898162836032e+01
7.192070000000000000e+09,-9.323324642947883945e+01
7.192165000000000000e+09,-9.352217325525239744e+01
7.192260000000000000e+09,-9.324046592837134995e+01
7.192355000000000000e+09,-9.344713213592784484e+01
7.192450000000000000e+09,-9.350455024291048289e+01
7.192545000000000000e+09,-9.338029946400021686e+01
7.192640000000000000e+09,-9.353855517599637892e+01
7.192735000000000000e+09,-9.333255179401686519e+01
7.192830000000000000e+09,-9.336173939406404543e+01
7.192925000000000000e+09,-9.337185109643330350e+01
7.193020000000000000e+09,-9.356976750570801471e+01
7.193115000000000000e+09,-9.314469197309267656e+01
7.193210000000000000e+09,-9.333854208788197582e+01
7.193305000000000000e+09,-9.303334846547303982e+01
7.193400000000000000e+09,-9.310276667659684335e+01
7.193495000000000000e+09,-9.334834287232935424e+01
7.193590000000000000e+09,-9.345606677086746572e+01
7.193685000000000000e+09,-9.338420966943843382e+01
7.193780000000000000e+09,-9.316460707343956926e+01
7.193875000000000000e+09,-9.335307409443771576e+01
7.193970000000000000e+09,-9.325501979916322171e+01
7.194065000000000000e+09,-9.334817176597773880e+01
7.194160000000000000e+09,-9.339360754415702104e+01
7.194255000000000000e+09,-9.329124316807505579e+01
7.194350000000000000e+09,-9.350209066403104430e+01
7.194445000000000000e+09,-9.333855398472984177e+01
7.194540000000000000e+09,-9.350956967572761869e+01
7.194635000000000000e+09,-9.335192210708670757e+01
7.194730000000000000e+09,-9.340794771087145421e+01
7.194825000000000000e+09,-9.337427719083363797e+01
7.194920000000000000e+09,-9.343401752575539376e+01
7.195015000000000000e+09,-9.368393067820898068e+01
7.195110000000000000e+09,-9.324098386859317600e+01
7.195205000000000000e+09,-9.325083019779505378e+01
7.195300000000000000e+09,-9.332807767837735469e+01
7.195395000000000000e+09,-9.319095024440471775e+01
7.195490000000000000e+09,-9.343224235597884331e+01
7.195585000000000000e+09,-9.318063246912630859e+01
7.195680000000000000e+09,-9.353202502791609163e+01
7.195775000000000000e+09,-9.328736974355473421e+01
7.195870000000000000e+09,-9.360549432416270577e+01
7.195965000000000000e+09,-9.344726195439925220e+01
7.196060000000000000e+09,-9.335756707356907214e+01
7.196155000000000000e+09,-9.336080465765157044e+01
7.196250000000000000e+09,-9.307522019877139030e+01
7.196345000000000000e+09,-9.345670430597805023e+01
7.196440000000000000e+09,-9.332054924444166488e+01
7.196535000000000000e+09,-9.298363681671622771e+01
7.196630000000000000e+09,-9.339415195165261707e+01
7.196725000000000000e+09,-9.342252320392917397e+01
7.196820000000000000e+09,-9.315415976332064929e+01
7.196915000000000000e+09,-9.335464322000076720e+01
7.197010000000000000e+09,-9.370831947431915410e+01
7.197105000000000000e+09,-9.341525336386064282e+01
7.197200000000000000e+09,-9.344396322987590509e+01
7.197295000000000000e+09,-9.346517453389473928e+01
7.197390000000000000e+09,-9.312409480977920850e+01
7.197485000000000000e+09,-9.344912817606271460e+01
7.197580000000000000e+09,-9.346329183761173454e+01
7.197675000000000000e+09,-9.322190247734083357e+01
7.197770000000000000e+09,-9.352214509470371695e+01
7.197865000000000000e+09,-9.331628564761183497e+01
7.197960000000000000e+09,-9.336157295952108370e+01
7.198055000000000000e+09,-9.364922107515832295e+01
7.198150000000000000e+09,-9.313269142130620537e+01
7.198245000000000000e+09,-9.301062857115005045e+01
7.198340000000000000e+09,-9.343788741874649872e+01
7.198435000000000000e+09,-9.331116519249414409e+01
7.198530000000000000e+09,-9.335931780322619034e+01
7.198625000000000000e+09,-9.349644956374095273e+01
7.198720000000000000e+09,-9.323256256267428910e+01
7.198815000000000000e+09,-9.355105205278374569e+01
7.198910000000000000e+09,-9.300126306435403478e+01
7.199005000000000000e+09,-9.331262705136308000e+01
7.199100000000000000e+09,-9.332552917861001163e+01
7.199195000000000000e+09,-9.327406358730151226e+01
7.199290000000000000e+09,-9.333530933260215079e+01
7.199385000000000000e+09,-9.364317835121936184e+01
7.199480000000000000e+09,-9.357090098004235301e+01
7.199575000000000000e+09,-9.339711481555593764e+01
7.199670000000000000e+09,-9.325715985682128917e+01
7.199765000000000000e+09,-9.323887194279382129e+01
7.199860000000000000e+09,-9.351583962211499568e+01
7.199955000000000000e+09,-9.338014348416263033e+01
7.200050000000000000e+09,-9.353843822950048548e+01
7.200145000000000000e+09,-9.325238842737995526e+01
7.200240000000000000e+09,-9.360996131981320900e+01
7.200335000000000000e+09,-9.349877687906149504e+01
7.200430000000000000e+09,-9.323493394798633460e+01
7.200525000000000000e+09,-9.302385858471539848e+01
7.200620000000000000e+09,-9.354455934939596773e+01
7.200715000000000000e+09,-9.313258175741594869e+01
7.200810000000000000e+09,-9.349844886809252387e+01
7.200905000000000000e+09,-9.330711027072257480e+01
7.201000000000000000e+09,-9.328771231783915141e+01
7.201095000000000000e+09,-9.363729272223424971e+01
7.201190000000000000e+09,-9.338439522618840272e+01
7.201285000000000000e+09,-9.348639835314708080e+01
7.201380000000000000e+09,-9.350261430484680147e+01
7.201475000000000000e+09,-9.352089287460175626e+01
7.201570000000000000e+09,-9.319781761952543775e+01
7.201665000000000000e+09,-9.333385731480231584e+01
7.201760000000000000e+09,-9.364650538076800501e+01
7.201855000000000000e+09,-9.339373820432572870e+01
7.201950000000000000e+09,-9.356359320228150978e+01
7.202045000000000000e+09,-9.338876080046520656e+01
7.202140000000000000e+09,-9.334940749331138932e+01
7.202235000000000000e+09,-9.344959114144893420e+01
7.202330000000000000e+09,-9.342552018410800940e+01
7.202425000000000000e+09,-9.311065406002363432e+01
7.202520000000000000e+09,-9.328501158532610305e+01
7.202615000000000000e+09,-9.312710323752949648e+01
7.202710000000000000e+09,-9.327836525897033937e+01
7.202805000000000000e+09,-9.326248794232022021e+01
7.202900000000000000e+09,-9.346236140729413933e+01
7.202995000000000000e+09,-9.322996803720448611e+01
7.203090000000000000e+09,-9.312888071657425826e+01
7.203185000000000000e+09,-9.332049205880053933e+01
7.203280000000000000e+09,-9.340985442179186293e+01
7.203375000000000000e+09,-9.378304061459192553e+01
7.203470000000000000e+09,-9.337900551151585660e+01
7.203565000000000000e+09,-9.340716794392082534e+01
7.203660000000000000e+09,-9.338822151576107444e+01
7.203755000000000000e+09,-9.350637281814624657e+01
7.203850000000000000e+09,-9.348940311076916032e+01
7.203945000000000000e+09,-9.339875419764658204e+01
7.204040000000000000e+09,-9.331402745431496726e+01
7.204135000000000000e+09,-9.337820074542895554e+01
7.204230000000000000e+09,-9.330305209082376905e+01
7.204325000000000000e+09,-9.332699668361615863e+01
7.204420000000000000e+09,-9.329030930607552818e+01
7.204515000000000000e+09,-9.321137899211665001e+01
7.204610000000000000e+09,-9.351640358400072728e+01
7.204705000000000000e+09,-9.339756316361801680e+01
7.204800000000000000e+09,-9.347865049711822394e+01
7.204895000000000000e+09,-9.358470257603491405e+01
7.204990000000000000e+09,-9.340292751340442123e+01
7.205085000000000000e+09,-9.349007146291576476e+01
7.205180000000000000e+09,-9.341674936656718842e+01
7.205275000000000000e+09,-9.334347640001878688e+01
7.205370000000000000e+09,-9.351753575505655647e+01
7.205465000000000000e+09,-9.362839714768874444e+01
7.205560000000000000e+09,-9.351228603046713772e+01
7.205655000000000000e+09,-9.349865426045091965e+01
7.205750000000000000e+09,-9.331697121176283360e+01
7.205845000000000000e+09,-9.387409205471823270e+01
7.205940000000000000e+09,-9.376043430143440105e+01
7.206035000000000000e+09,-9.375325719164926852e+01
7.206130000000000000e+09,-9.423444639579101079e+01
7.206225000000000000e+09,-9.490861452082504002e+01
7.206320000000000000e+09,-9.554183236398571921e+01
7.206415000000000000e+09,-1.004192049593079474e+02
7.206510000000000000e+09,-9.542670986962740187e+01
7.206605000000000000e+09,-9.417865107435537197e+01
7.206700000000000000e+09,-9.381905811136887507e+01
7.206795000000000000e+09,-9.384370208054791362e+01
7.206890000000000000e+09,-9.357878306944314772e+01
7.206985000000000000e+09,-9.361849267780421258e+01
7.207080000000000000e+09,-9.359990331988137768e+01
7.207175000000000000e+09,-9.346494853404547598e+01
7.207270000000000000e+09,-9.357538508692573487e+01
7.207365000000000000e+09,-9.372002934722770817e+01
7.207460000000000000e+09,-9.339477058441181612e+01
7.207555000000000000e+09,-9.343566243125306414e+01
7.207650000000000000e+09,-9.340263276528264669e+01
7.207745000000000000e+09,-9.350995727398139934e+01
7.207840000000000000e+09,-9.324667820981041189e+01
7.207935000000000000e+09,-9.357840539051025530e+01
7.208030000000000000e+09,-9.365848398674998521e+01
7.208125000000000000e+09,-9.345838476593453947e+01
7.208220000000000000e+09,-9.330631576213347955e+01
7.208315000000000000e+09,-9.351123144615330318e+01
7.208410000000000000e+09,-9.359691330828184164e+01
7.208505000000000000e+09,-9.391882086752902126e+01
7.208600000000000000e+09,-9.334722250626795415e+01
7.208695000000000000e+09,-9.341856670285633868e+01
7.208790000000000000e+09,-9.329320445967351816e+01
7.208885000000000000e+09,-9.369021558766691271e+01
7.208980000000000000e+09,-9.325344597069374686e+01
7.209075000000000000e+09,-9.343320790151324218e+01
7.209170000000000000e+09,-9.343447949419591225e+01
7.209265000000000000e+09,-9.357390692258871923e+01
7.209360000000000000e+09,-9.319276420441040898e+01
7.209455000000000000e+09,-9.336660591334916148e+01
7.209550000000000000e+09,-9.355569361780374038e+01
7.209645000000000000e+09,-9.347951112042213140e+01
7.209740000000000000e+09,-9.361306327871795929e+01
7.209835000000000000e+09,-9.339495612754431875e+01
7.209930000000000000e+09,-9.355488526241954617e+01
7.210025000000000000e+09,-9.328563849648148221e+01
7.210120000000000000e+09,-9.334670403455669430e+01
7.210215000000000000e+09,-9.335236517328991113e+01
7.210310000000000000e+09,-9.352198136499522718e+01
7.210405000000000000e+09,-9.374986340362329429e+01
7.210500000000000000e+09,-9.375945245368325232e+01
7.210595000000000000e+09,-9.336676846397126894e+01
7.210690000000000000e+09,-9.334913209820770419e+01
7.210785000000000000e+09,-9.362961618340035841e+01
7.210880000000000000e+09,-9.348890181608561534e+01
7.210975000000000000e+09,-9.357553639758680220e+01
7.211070000000000000e+09,-9.364878926629643274e+01
7.211165000000000000e+09,-9.332854597629864202e+01
7.211260000000000000e+09,-9.346748256834510471e+01
7.211355000000000000e+09,-9.360919246924687798e+01
7.211450000000000000e+09,-9.338682736345889168e+01
7.211545000000000000e+09,-9.360206369211404365e+01
7.211640000000000000e+09,-9.324130417440125029e+01
7.211735000000000000e+09,-9.337460973972457623e+01
7.211830000000000000e+09,-9.323061341563035853e+01
7.211925000000000000e+09,-9.333601737589063418e+01
7.212020000000000000e+09,-9.346795080446821657e+01
7.212115000000000000e+09,-9.325141982942923846e+01
7.212210000000000000e+09,-9.339768233760051430e+01
7.212305000000000000e+09,-9.329590878896306094e+01
7.212400000000000000e+09,-9.346944802947460573e+01
7.212495000000000000e+09,-9.343501940263732308e+01
7.212590000000000000e+09,-9.336862309459677078e+01
7.212685000000000000e+09,-9.349541009376231671e+01
7.212780000000000000e+09,-9.359738348963597332e+01
7.212875000000000000e+09,-9.333518891323069511e+01
7.212970000000000000e+09,-9.354231168288546883e+01
7.213065000000000000e+09,-9.367623829947137892e+01
7.213160000000000000e+09,-9.339666641957462900e+01
7.213255000000000000e+09,-9.342841747128963448e+01
7.213350000000000000e+09,-9.340387160769935804e+01
7.213445000000000000e+09,-9.351285945554349155e+01
7.213540000000000000e+09,-9.325774508537726604e+01
7.213635000000000000e+09,-9.356043040158846225e+01
7.213730000000000000e+09,-9.352341107545662169e+01
7.213825000000000000e+09,-9.349295491037274530e+01
7.213920000000000000e+09,-9.333116514645627149e+01
7.214015000000000000e+09,-9.346041266745173459e+01
7.214110000000000000e+09,-9.353757578013913587e+01
7.214205000000000000e+09,-9.341616210436848178e+01
7.214300000000000000e+09,-9.345426189179127618e+01
7.214395000000000000e+09,-9.323714714173360107e+01
7.214490000000000000e+09,-9.326957779580170893e+01
7.214585000000000000e+09,-9.356748169603109488e+01
7.214680000000000000e+09,-9.329615962244596972e+01
7.214775000000000000e+09,-9.345036958719406073e+01
7.214870000000000000e+09,-9.365092174468472308e+01
7.214965000000000000e+09,-9.347140454563233902e+01
7.215060000000000000e+09,-9.345681227454116424e+01
7.215155000000000000e+09,-9.333223045633357629e+01
7.215250000000000000e+09,-9.343806065208794109e+01
7.215345000000000000e+09,-9.338730771013700860e+01
7.215440000000000000e+09,-9.350332682338452628e+01
7.215535000000000000e+09,-9.363629228154732687e+01
7.215630000000000000e+09,-9.361519795271787814e+01
7.215725000000000000e+09,-9.339831528352513601e+01
7.215820000000000000e+09,-9.365266867769634018e+01
7.215915000000000000e+09,-9.358183976115115854e+01
7.216010000000000000e+09,-9.366868317926103771e+01
7.216105000000000000e+09,-9.342987722785213123e+01
7.216200000000000000e+09,-9.352633457446054877e+01
7.216295000000000000e+09,-9.333026225626474570e+01
7.216390000000000000e+09,-9.351317160620638447e+01
7.216485000000000000e+09,-9.381602569615067466e+01
7.216580000000000000e+09,-9.396938721592468369e+01
7.216675000000000000e+09,-9.349046664777415572e+01
7.216770000000000000e+09,-9.362327961972252410e+01
7.216865000000000000e+09,-9.357188262137125889e+01
7.216960000000000000e+09,-9.367875790071552444e+01
7.217055000000000000e+09,-9.333497984435835804e+01
7.217150000000000000e+09,-9.356866423293902812e+01
7.217245000000000000e+09,-9.347318568782733905e+01
7.217340000000000000e+09,-9.333626447493824685e+01
7.217435000000000000e+09,-9.366492100906576468e+01
7.217530000000000000e+09,-9.366826866125732920e+01
7.217625000000000000e+09,-9.339982195875430193e+01
7.217720000000000000e+09,-9.361849554475003288e+01
7.217815000000000000e+09,-9.339497667856149121e+01
7.217910000000000000e+09,-9.359901334887796054e+01
7.218005000000000000e+09,-9.365538547308467798e+01
7.218100000000000000e+09,-9.353313672762284625e+01
7.218195000000000000e+09,-9.349168808063254232e+01
7.218290000000000000e+09,-9.348524998804364827e+01
7.218385000000000000e+09,-9.369694406836777034e+01
7.218480000000000000e+09,-9.331472946647434696e+01
7.218575000000000000e+09,-9.364520744293352550e+01
7.218670000000000000e+09,-9.344772613955694851e+01
7.218765000000000000e+09,-9.365762383137317215e+01
7.218860000000000000e+09,-9.345800984550746193e+01
7.218955000000000000e+09,-9.366167640284808726e+01
7.219050000000000000e+09,-9.315220442160187986e+01
7.219145000000000000e+09,-9.372387815440995951e+01
7.219240000000000000e+09,-9.369551702849690855e+01
7.219335000000000000e+09,-9.340235410211579392e+01
7.219430000000000000e+09,-9.368314640272157590e+01
7.219525000000000000e+09,-9.345265964818581494e+01
7.219620000000000000e+09,-9.361331432491118676e+01
7.219715000000000000e+09,-9.348370379455948864e+01
7.219810000000000000e+09,-9.348219660792331354e+01
7.219905000000000000e+09,-9.349777579440980446e+01
7.220000000000000000e+09,-9.348462305960744345e+01
7.220095000000000000e+09,-9.412578063679075058e+01
7.220190000000000000e+09,-9.350114153902175929e+01
7.220285000000000000e+09,-9.335511874016265210e+01
7.220380000000000000e+09,-9.373902367286260073e+01
7.220475000000000000e+09,-9.355212897295206176e+01
7.220570000000000000e+09,-9.339244356644086054e+01
7.220665000000000000e+09,-9.358969972459749442e+01
7.220760000000000000e+09,-9.386019391992171279e+01
7.220855000000000000e+09,-9.371889547508835960e+01
7.220950000000000000e+09,-9.354206144288392011e+01
7.221045000000000000e+09,-9.365017281526044712e+01
7.221140000000000000e+09,-9.376973445976462074e+01
7.221235000000000000e+09,-9.375029667358575125e+01
7.221330000000000000e+09,-9.373054490546178386e+01
7.221425000000000000e+09,-9.332652559634679790e+01
7.221520000000000000e+09,-9.354575632898800563e+01
7.221615000000000000e+09,-9.372338745749271993e+01
7.221710000000000000e+09,-9.368946957547788656e+01
7.221805000000000000e+09,-9.354473428879410335e+01
7.221900000000000000e+09,-9.357312241234450312e+01
7.221995000000000000e+09,-9.357160422833754865e+01
7.222090000000000000e+09,-9.339542953321765140e+01
7.222185000000000000e+09,-9.354096506582524739e+01
7.222280000000000000e+09,-9.333093494251029654e+01
7.222375000000000000e+09,-9.379631709467190603e+01
7.222470000000000000e+09,-9.379168101203838148e+01
7.222565000000000000e+09,-9.370248959051892257e+01
7.222660000000000000e+09,-9.350269080103561237e+01
7.222755000000000000e+09,-9.335175480921526514e+01
7.222850000000000000e+09,-9.345479987224044294e+01
7.222945000000000000e+09,-9.369569246985631139e+01
7.223040000000000000e+09,-9.370294658581941860e+01
7.223135000000000000e+09,-9.357804915827020409e+01
7.223230000000000000e+09,-9.362166513010882340e+01
7.223325000000000000e+09,-9.393497503486509004e+01
7.223420000000000000e+09,-9.342341235207199190e+01
7.223515000000000000e+09,-9.331155142793542723e+01
7.223610000000000000e+09,-9.381648413302526990e+01
7.223705000000000000e+09,-9.359433915374600588e+01
7.223800000000000000e+09,-9.340212692766894520e+01
7.223895000000000000e+09,-9.347158421009693541e+01
7.223990000000000000e+09,-9.345586583033619377e+01
7.224085000000000000e+09,-9.375223221514048078e+01
7.224180000000000000e+09,-9.331889436593827725e+01
7.224275000000000000e+09,-9.330738885386017500e+01
7.224370000000000000e+09,-9.373380916427865372e+01
7.224465000000000000e+09,-9.365666112718811576e+01
7.224560000000000000e+09,-9.386278718301437607e+01
7.224655000000000000e+09,-9.359401018320906473e+01
7.224750000000000000e+09,-9.336941883746362691e+01
7.224845000000000000e+09,-9.384611184935921813e+01
7.224940000000000000e+09,-9.359323423737662040e+01
7.225035000000000000e+09,-9.347897909626377100e+01
7.225130000000000000e+09,-9.348404855016669046e+01
7.225225000000000000e+09,-9.353621448661853321e+01
7.225320000000000000e+09,-9.368417187184354589e+01
7.225415000000000000e+09,-9.357172761131738525e+01
7.225510000000000000e+09,-9.355969168687762760e+01
7.225605000000000000e+09,-9.367484362441844326e+01
7.225700000000000000e+09,-9.363597945669901890e+01
7.225795000000000000e+09,-9.361005539167172174e+01
7.225890000000000000e+09,-9.348790962257479009e+01
7.225985000000000000e+09,-9.347909960357480941e+01
7.226080000000000000e+09,-9.343219051964345567e+01
7.226175000000000000e+09,-9.339144131195830312e+01
7.226270000000000000e+09,-9.369603964007409047e+01
7.226365000000000000e+09,-9.343585655424283232e+01
7.226460000000000000e+09,-9.353226043170501214e+01
7.226555000000000000e+09,-9.338214928940558934e+01
7.226650000000000000e+09,-9.362041370001604434e+01
7.226745000000000000e+09,-9.355614419641199220e+01
7.226840000000000000e+09,-9.362776349077557825e+01
7.226935000000000000e+09,-9.365238992286938924e+01
7.227030000000000000e+09,-9.355025573915754933e+01
7.227125000000000000e+09,-9.371904592407435075e+01
7.227220000000000000e+09,-9.354529262107519116e+01
7.227315000000000000e+09,-9.361679720379214587e+01
7.227410000000000000e+09,-9.329877530684217390e+01
7.227505000000000000e+09,-9.338179138735084450e+01
7.227600000000000000e+09,-9.352530352348587428e+01
7.227695000000000000e+09,-9.355767321087267874e+01
7.227790000000000000e+09,-9.340312603868406427e+01
7.227885000000000000e+09,-9.343821498024945527e+01
7.227980000000000000e+09,-9.366752424639868480e+01
7.228075000000000000e+09,-9.344854005256111407e+01
7.228170000000000000e+09,-9.352043038568851330e+01
7.228265000000000000e+09,-9.365882859580993625e+01
7.228360000000000000e+09,-9.350784490765563817e+01
7.228455000000000000e+09,-9.355545096491796642e+01
7.228550000000000000e+09,-9.363629800149574578e+01
7.228645000000000000e+09,-9.353167081941195704e+01
7.228740000000000000e+09,-9.358961312328538895e+01
7.228835000000000000e+09,-9.327248649173861850e+01
7.228930000000000000e+09,-9.375636152841298099e+01
7.229025000000000000e+09,-9.361366774071953500e+01
7.229120000000000000e+09,-9.333893993378615050e+01
7.229215000000000000e+09,-9.350768468803860856e+01
7.229310000000000000e+09,-9.368854215878208436e+01
7.229405000000000000e+09,-9.365651278858351247e+01
7.229500000000000000e+09,-9.353918823547239469e+01
7.229595000000000000e+09,-9.356021289447794231e+01
7.229690000000000000e+09,-9.361057909473237260e+01
7.229785000000000000e+09,-9.405071584051668765e+01
7.229880000000000000e+09,-9.381747915419806816e+01
7.229975000000000000e+09,-9.474802830715285040e+01
7.230070000000000000e+09,-9.482963857119047191e+01
7.230165000000000000e+09,-9.609473577123131349e+01
7.230260000000000000e+09,-1.017901953915307445e+02
7.230355000000000000e+09,-9.636950873441296039e+01
7.230450000000000000e+09,-9.433960392412919305e+01
7.230545000000000000e+09,-9.411192084841073324e+01
7.230640000000000000e+09,-9.370451316729104008e+01
7.230735000000000000e+09,-9.391276358926064916e+01
7.230830000000000000e+09,-9.369778293082667631e+01
7.230925000000000000e+09,-9.365834176146785239e+01
7.231020000000000000e+09,-9.360634141492391791e+01
7.231115000000000000e+09,-9.363638099458604813e+01
7.231210000000000000e+09,-9.350204202387593000e+01
7.231305000000000000e+09,-9.365867972931667396e+01
7.231400000000000000e+09,-9.338510325113246324e+01
7.231495000000000000e+09,-9.371714204197972720e+01
7.231590000000000000e+09,-9.349710387604227435e+01
7.231685000000000000e+09,-9.356666279384340612e+01
7.231780000000000000e+09,-9.369653432019143224e+01
7.231875000000000000e+09,-9.361259917958014398e+01
7.231970000000000000e+09,-9.362813326927762603e+01
7.232065000000000000e+09,-9.374130028021428984e+01
7.232160000000000000e+09,-9.352705229019136368e+01
7.232255000000000000e+09,-9.365375004320219432e+01
7.232350000000000000e+09,-9.357234915828192356e+01
7.232445000000000000e+09,-9.338952064290972999e+01
7.232540000000000000e+09,-9.334557796088218140e+01
7.232635000000000000e+09,-9.342777021267781379e+01
7.232730000000000000e+09,-9.336229270541051051e+01
7.232825000000000000e+09,-9.366737048672072774e+01
7.232920000000000000e+09,-9.362397356723133157e+01
7.233015000000000000e+09,-9.359054895274704222e+01
7.233110000000000000e+09,-9.373906348532887023e+01
7.233205000000000000e+09,-9.373409619676010607e+01
7.233300000000000000e+09,-9.355754648968564879e+01
7.233395000000000000e+09,-9.350776972200847581e+01
7.233490000000000000e+09,-9.353492821876150742e+01
7.233585000000000000e+09,-9.359795067088759879e+01
7.233680000000000000e+09,-9.351720198636510872e+01
7.233775000000000000e+09,-9.347039694809355126e+01
7.233870000000000000e+09,-9.330944778447084786e+01
7.233965000000000000e+09,-9.351865711880742538e+01
7.234060000000000000e+09,-9.344232026692989734e+01
7.234155000000000000e+09,-9.350045460589015534e+01
7.234250000000000000e+09,-9.332839482878983972e+01
7.234345000000000000e+09,-9.370055545937378838e+01
7.234440000000000000e+09,-9.336697030366244121e+01
7.234535000000000000e+09,-9.321842157466413425e+01
7.234630000000000000e+09,-9.374555369269499749e+01
7.234725000000000000e+09,-9.363661120554242245e+01
7.234820000000000000e+09,-9.342221635384706246e+01
7.234915000000000000e+09,-9.352017805209733581e+01
7.235010000000000000e+09,-9.362265963925906931e+01
7.235105000000000000e+09,-9.337451284772994597e+01
7.235200000000000000e+09,-9.362834179537598800e+01
7.235295000000000000e+09,-9.360559192321348121e+01
7.235390000000000000e+09,-9.349375999911030988e+01
7.235485000000000000e+09,-9.358436313366154025e+01
7.235580000000000000e+09,-9.342006095111521802e+01
7.235675000000000000e+09,-9.345876036894051708e+01
7.235770000000000000e+09,-9.353327913972384522e+01
7.235865000000000000e+09,-9.367410394388289774e+01
7.235960000000000000e+09,-9.349021583716864825e+01
7.236055000000000000e+09,-9.347776827405738231e+01
7.236150000000000000e+09,-9.359120592015018758e+01
7.236245000000000000e+09,-9.330896488690277124e+01
7.236340000000000000e+09,-9.355583020274487183e+01
7.236435000000000000e+09,-9.337542960705437167e+01
7.236530000000000000e+09,-9.328172359173377970e+01
7.236625000000000000e+09,-9.353826297224385655e+01
7.236720000000000000e+09,-9.352171234146135248e+01
7.236815000000000000e+09,-9.368548516029916584e+01
7.236910000000000000e+09,-9.352766372785339399e+01
7.237005000000000000e+09,-9.334491440000090279e+01
7.237100000000000000e+09,-9.380282816199256501e+01
7.237195000000000000e+09,-9.354214988559169797e+01
7.237290000000000000e+09,-9.391350462763071505e+01
7.237385000000000000e+09,-9.341651922431098853e+01
7.237480000000000000e+09,-9.374626743052593270e+01
7.237575000000000000e+09,-9.378417410375597285e+01
7.237670000000000000e+09,-9.362159756491779206e+01
7.237765000000000000e+09,-9.350408329808919916e+01
7.237860000000000000e+09,-9.372218385184223166e+01
7.237955000000000000e+09,-9.358799199624115772e+01
7.238050000000000000e+09,-9.334146646212926157e+01
7.238145000000000000e+09,-9.337303980299375894e+01
7.238240000000000000e+09,-9.353038581957551401e+01
7.238335000000000000e+09,-9.346025602507806695e+01
7.238430000000000000e+09,-9.349623844823632624e+01
7.238525000000000000e+09,-9.389333254019548747e+01
7.238620000000000000e+09,-9.359537004238788427e+01
7.238715000000000000e+09,-9.354699666096585986e+01
7.238810000000000000e+09,-9.392892094793113245e+01
7.238905000000000000e+09,-9.351287593977536972e+01
7.239000000000000000e+09,-9.352370445571952473e+01
7.239095000000000000e+09,-9.377397007524558603e+01
7.239190000000000000e+09,-9.374969981275846465e+01
7.239285000000000000e+09,-9.369224659405551847e+01
7.239380000000000000e+09,-9.342285592781701098e+01
7.239475000000000000e+09,-9.349501888785613346e+01
7.239570000000000000e+09,-9.374996175929049969e+01
7.239665000000000000e+09,-9.360313155769105720e+01
7.239760000000000000e+09,-9.367995613849254255e+01
7.239855000000000000e+09,-9.369272833584561511e+01
7.239950000000000000e+09,-9.373340986544208420e+01
7.240045000000000000e+09,-9.343322804187216946e+01
7.240140000000000000e+09,-9.343633945837402166e+01
7.240235000000000000e+09,-9.342080493894647475e+01
7.240330000000000000e+09,-9.350090210972066984e+01
7.240425000000000000e+09,-9.353571488741081907e+01
7.240520000000000000e+09,-9.368183145069752982e+01
7.240615000000000000e+09,-9.336929425821324458e+01
7.240710000000000000e+09,-9.397626468373807995e+01
7.240805000000000000e+09,-9.360796828138427372e+01
7.240900000000000000e+09,-9.353266967618920091e+01
7.240995000000000000e+09,-9.348014177704827432e+01
7.241090000000000000e+09,-9.352478799493951556e+01
7.241185000000000000e+09,-9.338287532132369506e+01
7.241280000000000000e+09,-9.337424083589637291e+01
7.241375000000000000e+09,-9.374473965031731382e+01
7.241470000000000000e+09,-9.386964534513057856e+01
7.241565000000000000e+09,-9.360732210298571943e+01
7.241660000000000000e+09,-9.372023496838529866e+01
7.241755000000000000e+09,-9.369976305490146729e+01
7.241850000000000000e+09,-9.369919329656853790e+01
7.241945000000000000e+09,-9.372902210790128663e+01
7.242040000000000000e+09,-9.360652827012719968e+01
7.242135000000000000e+09,-9.378575952502713164e+01
7.242230000000000000e+09,-9.328133429762161200e+01
7.242325000000000000e+09,-9.341362881706604071e+01
7.242420000000000000e+09,-9.345988246865429971e+01
7.242515000000000000e+09,-9.359388887592908191e+01
7.242610000000000000e+09,-9.342702130099007718e+01
7.242705000000000000e+09,-9.332892609187888411e+01
7.242800000000000000e+09,-9.355408064787880562e+01
7.242895000000000000e+09,-9.331918811304184658e+01
7.242990000000000000e+09,-9.370403293574699433e+01
7.243085000000000000e+09,-9.368856670054874769e+01
7.243180000000000000e+09,-9.318791102781496249e+01
7.243275000000000000e+09,-9.364091496965038175e+01
7.243370000000000000e+09,-9.347064815305168395e+01
7.243465000000000000e+09,-9.346224575195398643e+01
7.243560000000000000e+09,-9.347743789470271736e+01
7.243655000000000000e+09,-9.312729075763110131e+01
7.243750000000000000e+09,-9.350405896081795731e+01
7.243845000000000000e+09,-9.321919237934434932e+01
7.243940000000000000e+09,-9.337674398218327099e+01
7.244035000000000000e+09,-9.313707939881133768e+01
7.244130000000000000e+09,-9.315436266218344485e+01
7.244225000000000000e+09,-9.378437083777529892e+01
7.244320000000000000e+09,-9.365973350834929079e+01
7.244415000000000000e+09,-9.363714397699224889e+01
7.244510000000000000e+09,-9.372784141783517953e+01
7.244605000000000000e+09,-9.355413832074989955e+01
7.244700000000000000e+09,-9.333389667604069473e+01
7.244795000000000000e+09,-9.335631953106685899e+01
7.244890000000000000e+09,-9.333330737495920459e+01
7.244985000000000000e+09,-9.357620645189379616e+01
7.245080000000000000e+09,-9.342965982911465517e+01
7.245175000000000000e+09,-9.315705191145708852e+01
7.245270000000000000e+09,-9.356901450181621271e+01
7.245365000000000000e+09,-9.335281815635183023e+01
7.245460000000000000e+09,-9.323471954751370561e+01
7.245555000000000000e+09,-9.331251824039196663e+01
7.245650000000000000e+09,-9.345532427738376668e+01
7.245745000000000000e+09,-9.330319958642229494e+01
7.245840000000000000e+09,-9.359307463246790348e+01
7.245935000000000000e+09,-9.349024866931063116e+01
7.246030000000000000e+09,-9.331867388160210908e+01
7.246125000000000000e+09,-9.320185560441754546e+01
7.246220000000000000e+09,-9.349724653124758333e+01
7.246315000000000000e+09,-9.364704787193770130e+01
7.246410000000000000e+09,-9.373175498061283406e+01
7.246505000000000000e+09,-9.372811778271741900e+01
7.246600000000000000e+09,-9.356275933513956033e+01
7.246695000000000000e+09,-9.347975767454281026e+01
7.246790000000000000e+09,-9.330845612547986434e+01
7.246885000000000000e+09,-9.358294240431776245e+01
7.246980000000000000e+09,-9.356292890695571884e+01
7.247075000000000000e+09,-9.337149085736314191e+01
7.247170000000000000e+09,-9.314487777775755717e+01
7.247265000000000000e+09,-9.360968227276829623e+01
7.247360000000000000e+09,-9.322972300173519500e+01
7.247455000000000000e+09,-9.326699692278042164e+01
7.247550000000000000e+09,-9.354828668064618569e+01
7.247645000000000000e+09,-9.347393110180142628e+01
7.247740000000000000e+09,-9.347014602937412064e+01
7.247835000000000000e+09,-9.367788500488700265e+01
7.247930000000000000e+09,-9.348676823888297349e+01
7.248025000000000000e+09,-9.333524939048096769e+01
7.248120000000000000e+09,-9.359456111013653867e+01
7.248215000000000000e+09,-9.348539100384483902e+01
7.248310000000000000e+09,-9.367338867830747517e+01
7.248405000000000000e+09,-9.343427489708369649e+01
7.248500000000000000e+09,-9.322664806678717753e+01
7.248595000000000000e+09,-9.339156398177416918e+01
7.248690000000000000e+09,-9.347961677342675557e+01
7.248785000000000000e+09,-9.376759276315007696e+01
7.248880000000000000e+09,-9.370028933679172667e+01
7.248975000000000000e+09,-9.350630452191579423e+01
7.249070000000000000e+09,-9.355873078603700321e+01
7.249165000000000000e+09,-9.327195251744002746e+01
7.249260000000000000e+09,-9.343229925399378999e+01
7.249355000000000000e+09,-9.343202461340536047e+01
7.249450000000000000e+09,-9.369267036241673452e+01
7.249545000000000000e+09,-9.359501188771382374e+01
7.249640000000000000e+09,-9.377090782492773258e+01
7.249735000000000000e+09,-9.348232636522325834e+01
7.249830000000000000e+09,-9.352452780508279773e+01
7.249925000000000000e+09,-9.294354311571966321e+01
7.250020000000000000e+09,-9.357575153848333116e+01
7.250115000000000000e+09,-9.337259551014712144e+01
7.250210000000000000e+09,-9.367781467469248469e+01
7.250305000000000000e+09,-9.353568279614907510e+01
7.250400000000000000e+09,-9.344307663821484766e+01
7.250495000000000000e+09,-9.318894625883109484e+01
7.250590000000000000e+09,-9.324965700425237003e+01
7.250685000000000000e+09,-9.359318134054868210e+01
7.250780000000000000e+09,-9.371486672431494469e+01
7.250875000000000000e+09,-9.345815003001158061e+01
7.250970000000000000e+09,-9.357636665589126324e+01
7.251065000000000000e+09,-9.352737587104329009e+01
7.251160000000000000e+09,-9.351379389408097609e+01
7.251255000000000000e+09,-9.325407931353643676e+01
7.251350000000000000e+09,-9.361173899039224011e+01
7.251445000000000000e+09,-9.379902343213663585e+01
7.251540000000000000e+09,-9.343133962648921909e+01
7.251635000000000000e+09,-9.353636454300621494e+01
7.251730000000000000e+09,-9.329300342329185014e+01
7.251825000000000000e+09,-9.344723590715685191e+01
7.251920000000000000e+09,-9.353476059173337376e+01
7.252015000000000000e+09,-9.330599827863170503e+01
7.252110000000000000e+09,-9.371478771308034084e+01
7.252205000000000000e+09,-9.355290038769290106e+01
7.252300000000000000e+09,-9.375952103428112139e+01
7.252395000000000000e+09,-9.366793604671592277e+01
7.252490000000000000e+09,-9.345184678594574734e+01
7.252585000000000000e+09,-9.329395013916118273e+01
7.252680000000000000e+09,-9.392159785296728103e+01
7.252775000000000000e+09,-9.371520839734176889e+01
7.252870000000000000e+09,-9.342925237262147675e+01
7.252965000000000000e+09,-9.348891269877056232e+01
7.253060000000000000e+09,-9.369932074225168606e+01
7.253155000000000000e+09,-9.370365496411368156e+01
7.253250000000000000e+09,-9.366162670034233884e+01
7.253345000000000000e+09,-9.368864699851094713e+01
7.253440000000000000e+09,-9.375314930216717357e+01
7.253535000000000000e+09,-9.391653312823680722e+01
7.253630000000000000e+09,-9.367914397696601725e+01
7.253725000000000000e+09,-9.366566212486567622e+01
7.253820000000000000e+09,-9.348724219404937230e+01
7.253915000000000000e+09,-9.338644974870298654e+01
7.254010000000000000e+09,-9.348639124585369586e+01
7.254105000000000000e+09,-9.356520634632376243e+01
7.254200000000000000e+09,-9.348385998770496030e+01
7.254295000000000000e+09,-9.352652811517447162e+01
7.254390000000000000e+09,-9.371610312809772836e+01
7.254485000000000000e+09,-9.372374150782079028e+01
7.254580000000000000e+09,-9.342383663652101689e+01
7.254675000000000000e+09,-9.339954996665613862e+01
7.254770000000000000e+09,-9.354442464462147200e+01
7.254865000000000000e+09,-9.357171482452503142e+01
7.254960000000000000e+09,-9.361524731591650550e+01
7.255055000000000000e+09,-9.372888690816489543e+01
7.255150000000000000e+09,-9.345131669261020591e+01
7.255245000000000000e+09,-9.358772509978044241e+01
7.255340000000000000e+09,-9.328764508730230887e+01
7.255435000000000000e+09,-9.365480964031873157e+01
7.255530000000000000e+09,-9.359667650596642829e+01
7.255625000000000000e+09,-9.320783126954735565e+01
7.255720000000000000e+09,-9.347372100194691313e+01
7.255815000000000000e+09,-9.373083386606909073e+01
7.255910000000000000e+09,-9.372859280266530391e+01
7.256005000000000000e+09,-9.377512016324091348e+01
7.256100000000000000e+09,-9.350756867078277423e+01
7.256195000000000000e+09,-9.374798076677599568e+01
7.256290000000000000e+09,-9.347528109452028389e+01
7.256385000000000000e+09,-9.332206262999457635e+01
7.256480000000000000e+09,-9.357079555938506132e+01
7.256575000000000000e+09,-9.343375526606229187e+01
7.256670000000000000e+09,-9.359047698358082812e+01
7.256765000000000000e+09,-9.342621107783416790e+01
7.256860000000000000e+09,-9.373933857582642304e+01
7.256955000000000000e+09,-9.339528637071880723e+01
7.257050000000000000e+09,-9.350481765333043427e+01
7.257145000000000000e+09,-9.340251565273649703e+01
7.257240000000000000e+09,-9.366691341661145032e+01
7.257335000000000000e+09,-9.363217910690011081e+01
7.257430000000000000e+09,-9.340969263030950742e+01
7.257525000000000000e+09,-9.368647784684249302e+01
7.257620000000000000e+09,-9.352578106300600780e+01
7.257715000000000000e+09,-9.374430116082882591e+01
7.257810000000000000e+09,-9.381192852081163380e+01
7.257905000000000000e+09,-9.375834581947459867e+01
7.258000000000000000e+09,-9.364257785249618848e+01
7.258095000000000000e+09,-9.374912863908328120e+01
7.258190000000000000e+09,-9.339280613800796971e+01
7.258285000000000000e+09,-9.368440300908184781e+01
7.258380000000000000e+09,-9.363225987440208087e+01
7.258475000000000000e+09,-9.360888907163075601e+01
7.258570000000000000e+09,-9.326973438741325140e+01
7.258665000000000000e+09,-9.363684828717043729e+01
7.258760000000000000e+09,-9.351150907075997054e+01
7.258855000000000000e+09,-9.346098187537278079e+01
7.258950000000000000e+09,-9.396640722592761108e+01
7.259045000000000000e+09,-9.375215454525987013e+01
7.259140000000000000e+09,-9.366778692022171526e+01
7.259235000000000000e+09,-9.360000293705645902e+01
7.259330000000000000e+09,-9.391076896754398717e+01
7.259425000000000000e+09,-9.374657495431176812e+01
7.259520000000000000e+09,-9.364614201255527348e+01
7.259615000000000000e+09,-9.356721237714374695e+01
7.259710000000000000e+09,-9.365063042838312413e+01
7.259805000000000000e+09,-9.352359085310621367e+01
7.259900000000000000e+09,-9.385421758816454485e+01
7.259995000000000000e+09,-9.378519419999042839e+01
7.260090000000000000e+09,-9.363458712288617392e+01
7.260185000000000000e+09,-9.366613847954661765e+01
7.260280000000000000e+09,-9.390956609311135139e+01
7.260375000000000000e+09,-9.342278726049147508e+01
7.260470000000000000e+09,-9.329842738453262996e+01
7.260565000000000000e+09,-9.367766831532128435e+01
7.260660000000000000e+09,-9.363589353180088892e+01
7.260755000000000000e+09,-9.370473894999906861e+01
7.260850000000000000e+09,-9.338804152556039639e+01
7.260945000000000000e+09,-9.370960726832959153e+01
7.261040000000000000e+09,-9.365975207876607556e+01
7.261135000000000000e+09,-9.378860206536067778e+01
7.261230000000000000e+09,-9.370502080547134938e+01
7.261325000000000000e+09,-9.379105594448596150e+01
7.261420000000000000e+09,-9.398948013585177819e+01
7.261515000000000000e+09,-9.415661649753543827e+01
7.261610000000000000e+09,-9.417798999205237465e+01
7.261705000000000000e+09,-9.491377202912153166e+01
7.261800000000000000e+09,-9.516177216041440090e+01
7.261895000000000000e+09,-9.558220823433637747e+01
7.261990000000000000e+09,-1.013222439017977194e+02
7.262085000000000000e+09,-9.782957711763431519e+01
7.262180000000000000e+09,-9.496556350807438207e+01
7.262275000000000000e+09,-9.454537444553722025e+01
7.262370000000000000e+09,-9.415439761838882760e+01
7.262465000000000000e+09,-9.394692391265124343e+01
7.262560000000000000e+09,-9.363370587674501166e+01
7.262655000000000000e+09,-9.397242781143395973e+01
7.262750000000000000e+09,-9.397371219808356102e+01
7.262845000000000000e+09,-9.400490504281162885e+01
7.262940000000000000e+09,-9.373164185981829633e+01
7.263035000000000000e+09,-9.331523134918975870e+01
7.263130000000000000e+09,-9.351865701370455497e+01
7.263225000000000000e+09,-9.340859788158724086e+01
7.263320000000000000e+09,-9.369398581389614833e+01
7.263415000000000000e+09,-9.369199264567933483e+01
7.263510000000000000e+09,-9.381112187183988738e+01
7.263605000000000000e+09,-9.402363199935764726e+01
7.263700000000000000e+09,-9.396401030602112314e+01
7.263795000000000000e+09,-9.330345283956219760e+01
7.263890000000000000e+09,-9.379061602521542795e+01
7.263985000000000000e+09,-9.362163619142802418e+01
7.264080000000000000e+09,-9.387895037795031783e+01
7.264175000000000000e+09,-9.402407026670380219e+01
7.264270000000000000e+09,-9.342927012352561178e+01
7.264365000000000000e+09,-9.382309127022281814e+01
7.264460000000000000e+09,-9.367482908155540144e+01
7.264555000000000000e+09,-9.358275543238897853e+01
7.264650000000000000e+09,-9.364908096036778318e+01
7.264745000000000000e+09,-9.375710069630699195e+01
7.264840000000000000e+09,-9.346627958749866139e+01
7.264935000000000000e+09,-9.351392705552908069e+01
7.265030000000000000e+09,-9.323702042453989236e+01
7.265125000000000000e+09,-9.351691039371007719e+01
7.265220000000000000e+09,-9.352447573848097306e+01
7.265315000000000000e+09,-9.359657349367752488e+01
7.265410000000000000e+09,-9.342368784269373805e+01
7.265505000000000000e+09,-9.363429156985789348e+01
7.265600000000000000e+09,-9.362549412022858064e+01
7.265695000000000000e+09,-9.331073345194110402e+01
7.265790000000000000e+09,-9.361101996873513542e+01
7.265885000000000000e+09,-9.353433327676390263e+01
7.265980000000000000e+09,-9.378908582080077849e+01
7.266075000000000000e+09,-9.354658515249765571e+01
7.266170000000000000e+09,-9.375115057519931838e+01
7.266265000000000000e+09,-9.425890708196398293e+01
7.266360000000000000e+09,-9.373108696644905535e+01
7.266455000000000000e+09,-9.383788542053903825e+01
7.266550000000000000e+09,-9.361476536274780358e+01
7.266645000000000000e+09,-9.357751748193011565e+01
7.266740000000000000e+09,-9.359377835920466282e+01
7.266835000000000000e+09,-9.349015141331521761e+01
7.266930000000000000e+09,-9.335017924839405623e+01
7.267025000000000000e+09,-9.359757239823822772e+01
7.267120000000000000e+09,-9.313282954768071420e+01
7.267215000000000000e+09,-9.381864227311817217e+01
7.267310000000000000e+09,-9.341286490546585242e+01
7.267405000000000000e+09,-9.348691371612821399e+01
7.267500000000000000e+09,-9.348121648411860463e+01
7.267595000000000000e+09,-9.371008483209037365e+01
7.267690000000000000e+09,-9.374853339496986848e+01
7.267785000000000000e+09,-9.378867063072721066e+01
7.267880000000000000e+09,-9.394263851159145418e+01
7.267975000000000000e+09,-9.338907831831220108e+01
7.268070000000000000e+09,-9.350462819264029690e+01
7.268165000000000000e+09,-9.363425380700569178e+01
7.268260000000000000e+09,-9.373802625625201301e+01
7.268355000000000000e+09,-9.367264792039763677e+01
7.268450000000000000e+09,-9.350012500056527642e+01
7.268545000000000000e+09,-9.357792124330445915e+01
7.268640000000000000e+09,-9.399221836965477905e+01
7.268735000000000000e+09,-9.369395276054918043e+01
7.268830000000000000e+09,-9.348297372411012418e+01
7.268925000000000000e+09,-9.385537484952294562e+01
7.269020000000000000e+09,-9.357710523284734450e+01
7.269115000000000000e+09,-9.343449702965958181e+01
7.269210000000000000e+09,-9.397107349059338333e+01
7.269305000000000000e+09,-9.371931142401606962e+01
7.269400000000000000e+09,-9.344486144893883761e+01
7.269495000000000000e+09,-9.364391710770860300e+01
7.269590000000000000e+09,-9.396100159280207720e+01
7.269685000000000000e+09,-9.375839085444590637e+01
7.269780000000000000e+09,-9.363474719030031679e+01
7.269875000000000000e+09,-9.354201344998854495e+01
7.269970000000000000e+09,-9.342472574264276375e+01
7.270065000000000000e+09,-9.394537415381508083e+01
7.270160000000000000e+09,-9.339620883655976513e+01
7.270255000000000000e+09,-9.389617914498457196e+01
7.270350000000000000e+09,-9.391102401786761789e+01
7.270445000000000000e+09,-9.347107926065197603e+01
7.270540000000000000e+09,-9.346817298703913934e+01
7.270635000000000000e+09,-9.356858366104694369e+01
7.270730000000000000e+09,-9.355231182935705192e+01
7.270825000000000000e+09,-9.362682132770289911e+01
7.270920000000000000e+09,-9.371284297817973652e+01
7.271015000000000000e+09,-9.348334176531054140e+01
7.271110000000000000e+09,-9.368206241622729635e+01
7.271205000000000000e+09,-9.398277570647756818e+01
7.271300000000000000e+09,-9.374139102684392810e+01
7.271395000000000000e+09,-9.353533106593273772e+01
7.271490000000000000e+09,-9.352490330336728164e+01
7.271585000000000000e+09,-9.378809924059132186e+01
7.271680000000000000e+09,-9.373062824819685090e+01
7.271775000000000000e+09,-9.353579441237813796e+01
7.271870000000000000e+09,-9.347878640552690399e+01
7.271965000000000000e+09,-9.370821688312352649e+01
7.272060000000000000e+09,-9.429151726608652950e+01
7.272155000000000000e+09,-9.358427241551801501e+01
7.272250000000000000e+09,-9.384063629315414801e+01
7.272345000000000000e+09,-9.397707923506536076e+01
7.272440000000000000e+09,-9.366422826250108358e+01
7.272535000000000000e+09,-9.348864663561487021e+01
7.272630000000000000e+09,-9.375883899801573307e+01
7.272725000000000000e+09,-9.379954532560142866e+01
7.272820000000000000e+09,-9.360489923541049961e+01
7.272915000000000000e+09,-9.385573412173991414e+01
7.273010000000000000e+09,-9.343858381038798200e+01
7.273105000000000000e+09,-9.373090000169722202e+01
7.273200000000000000e+09,-9.388986327977114854e+01
7.273295000000000000e+09,-9.373734721766408029e+01
7.273390000000000000e+09,-9.368353707955481013e+01
7.273485000000000000e+09,-9.395525978713217796e+01
7.273580000000000000e+09,-9.378702013363971446e+01
7.273675000000000000e+09,-9.380474476309485965e+01
7.273770000000000000e+09,-9.360126097987455296e+01
7.273865000000000000e+09,-9.391466990197933740e+01
7.273960000000000000e+09,-9.344268702480052013e+01
7.274055000000000000e+09,-9.364525933710517336e+01
7.274150000000000000e+09,-9.376986377128642403e+01
7.274245000000000000e+09,-9.425858691450594051e+01
7.274340000000000000e+09,-9.417315009436528328e+01
7.274435000000000000e+09,-9.376816637350026440e+01
7.274530000000000000e+09,-9.381666083523600719e+01
7.274625000000000000e+09,-9.361237238085661261e+01
7.274720000000000000e+09,-9.376096251612375454e+01
7.274815000000000000e+09,-9.340494993898576581e+01
7.274910000000000000e+09,-9.380603543153605983e+01
7.275005000000000000e+09,-9.372480083948758534e+01
7.275100000000000000e+09,-9.412246860295522310e+01
7.275195000000000000e+09,-9.400598750457166375e+01
7.275290000000000000e+09,-9.371633813447465400e+01
7.275385000000000000e+09,-9.399201850336238806e+01
7.275480000000000000e+09,-9.401254311052797163e+01
7.275575000000000000e+09,-9.367498150380684763e+01
7.275670000000000000e+09,-9.369889655825963359e+01
7.275765000000000000e+09,-9.377427179241121280e+01
7.275860000000000000e+09,-9.379379911949655479e+01
7.275955000000000000e+09,-9.368107046845702257e+01
7.276050000000000000e+09,-9.385334672395076439e+01
7.276145000000000000e+09,-9.374772143438441674e+01
7.276240000000000000e+09,-9.365497030437610704e+01
7.276335000000000000e+09,-9.353293918487422332e+01
7.276430000000000000e+09,-9.411804615375876892e+01
7.276525000000000000e+09,-9.380744231478536221e+01
7.276620000000000000e+09,-9.415493278426042423e+01
7.276715000000000000e+09,-9.385196126347051404e+01
7.276810000000000000e+09,-9.382085786248326542e+01
7.276905000000000000e+09,-9.388385323129321591e+01
7.277000000000000000e+09,-9.408194353971236978e+01
7.277095000000000000e+09,-9.376011504402383423e+01
7.277190000000000000e+09,-9.404819783167206992e+01
7.277285000000000000e+09,-9.357457426060122430e+01
7.277380000000000000e+09,-9.380882114374342962e+01
7.277475000000000000e+09,-9.399387514847629177e+01
7.277570000000000000e+09,-9.438481581446937696e+01
7.277665000000000000e+09,-9.394448931419886151e+01
7.277760000000000000e+09,-9.417046480674316911e+01
7.277855000000000000e+09,-9.407538009223237907e+01
7.277950000000000000e+09,-9.396792519627886975e+01
7.278045000000000000e+09,-9.357092661647884313e+01
7.278140000000000000e+09,-9.369639103263223490e+01
7.278235000000000000e+09,-9.391445943675651620e+01
7.278330000000000000e+09,-9.377137036454769259e+01
7.278425000000000000e+09,-9.389953465748098438e+01
7.278520000000000000e+09,-9.399170034457912948e+01
7.278615000000000000e+09,-9.376648470996312312e+01
7.278710000000000000e+09,-9.376917605969805436e+01
7.278805000000000000e+09,-9.370509189511980708e+01
7.278900000000000000e+09,-9.369094608186338746e+01
7.278995000000000000e+09,-9.367444332807241381e+01
7.279090000000000000e+09,-9.393154754120472205e+01
7.279185000000000000e+09,-9.380933580683102946e+01
7.279280000000000000e+09,-9.384532907102334320e+01
7.279375000000000000e+09,-9.384720854158285874e+01
7.279470000000000000e+09,-9.448260206036570708e+01
7.279565000000000000e+09,-9.419113808669619914e+01
7.279660000000000000e+09,-9.396974633476928318e+01
7.279755000000000000e+09,-9.395196522759502500e+01
7.279850000000000000e+09,-9.401264018496648589e+01
7.279945000000000000e+09,-9.399931839821252311e+01
7.280040000000000000e+09,-9.392252359509743087e+01
7.280135000000000000e+09,-9.381703024193605245e+01
7.280230000000000000e+09,-9.383853884220677344e+01
7.280325000000000000e+09,-9.401871174230942074e+01
7.280420000000000000e+09,-9.413342342918569727e+01
7.280515000000000000e+09,-9.399066932716813483e+01
7.280610000000000000e+09,-9.409013810446906234e+01
7.280705000000000000e+09,-9.410867061495125085e+01
7.280800000000000000e+09,-9.385464176511105450e+01
7.280895000000000000e+09,-9.429125984122447335e+01
7.280990000000000000e+09,-9.403762948038392722e+01
7.281085000000000000e+09,-9.412012616326288139e+01
7.281180000000000000e+09,-9.431497440923314457e+01
7.281275000000000000e+09,-9.410085935049289674e+01
7.281370000000000000e+09,-9.393291801270855501e+01
7.281465000000000000e+09,-9.427403297181029984e+01
7.281560000000000000e+09,-9.386657410400974300e+01
7.281655000000000000e+09,-9.416520565581394919e+01
7.281750000000000000e+09,-9.377186411543009115e+01
7.281845000000000000e+09,-9.394115042583891295e+01
7.281940000000000000e+09,-9.403298960104919502e+01
7.282035000000000000e+09,-9.398203789324234947e+01
7.282130000000000000e+09,-9.367725660893688655e+01
7.282225000000000000e+09,-9.412529616668723520e+01
7.282320000000000000e+09,-9.393679250543114279e+01
7.282415000000000000e+09,-9.369234532794561687e+01
7.282510000000000000e+09,-9.401117114631558991e+01
7.282605000000000000e+09,-9.386840084884622115e+01
7.282700000000000000e+09,-9.417183643443158303e+01
7.282795000000000000e+09,-9.395469126984929176e+01
7.282890000000000000e+09,-9.385464450897677580e+01
7.282985000000000000e+09,-9.407231326711807640e+01
7.283080000000000000e+09,-9.399299053067730370e+01
7.283175000000000000e+09,-9.371470553152248328e+01
7.283270000000000000e+09,-9.362592323065683786e+01
7.283365000000000000e+09,-9.414979573177521388e+01
7.283460000000000000e+09,-9.376330924361937491e+01
7.283555000000000000e+09,-9.387529676512457399e+01
7.283650000000000000e+09,-9.411350041298469193e+01
7.283745000000000000e+09,-9.392715249851265469e+01
7.283840000000000000e+09,-9.423118871608832592e+01
7.283935000000000000e+09,-9.368232239442963305e+01
7.284030000000000000e+09,-9.416863834731508121e+01
7.284125000000000000e+09,-9.388481081746029133e+01
7.284220000000000000e+09,-9.383043224493417256e+01
7.284315000000000000e+09,-9.395878023498590892e+01
7.284410000000000000e+09,-9.395376199775766679e+01
7.284505000000000000e+09,-9.400989354404103437e+01
7.284600000000000000e+09,-9.404687177393297759e+01
7.284695000000000000e+09,-9.423123652928134675e+01
7.284790000000000000e+09,-9.413784624657205313e+01
7.284885000000000000e+09,-9.390992909305226988e+01
7.284980000000000000e+09,-9.401518421758871114e+01
7.285075000000000000e+09,-9.466391893500002652e+01
7.285170000000000000e+09,-9.367855948261987464e+01
7.285265000000000000e+09,-9.382430415075728547e+01
7.285360000000000000e+09,-9.387738214730714503e+01
7.285455000000000000e+09,-9.389579628546334789e+01
7.285550000000000000e+09,-9.392979315180257061e+01
7.285645000000000000e+09,-9.369505990878714385e+01
7.285740000000000000e+09,-9.393616630838300807e+01
7.285835000000000000e+09,-9.387489358916414517e+01
7.285930000000000000e+09,-9.391218328591139652e+01
7.286025000000000000e+09,-9.369768720949826957e+01
7.286120000000000000e+09,-9.405039606825391729e+01
7.286215000000000000e+09,-9.402029792413328835e+01
7.286310000000000000e+09,-9.376327076146039019e+01
7.286405000000000000e+09,-9.415283787155922823e+01
7.286500000000000000e+09,-9.382751207084817224e+01
7.286595000000000000e+09,-9.381762495013207115e+01
7.286690000000000000e+09,-9.390299713033721218e+01
7.286785000000000000e+09,-9.404675446949894990e+01
7.286880000000000000e+09,-9.366042137377830556e+01
7.286975000000000000e+09,-9.391233577512208797e+01
7.287070000000000000e+09,-9.408038602055989941e+01
7.287165000000000000e+09,-9.381810405166076805e+01
7.287260000000000000e+09,-9.412222253259174920e+01
7.287355000000000000e+09,-9.391040754914729405e+01
7.287450000000000000e+09,-9.385473481307579391e+01
7.287545000000000000e+09,-9.420761462886727600e+01
7.287640000000000000e+09,-9.386159939694695709e+01
7.287735000000000000e+09,-9.395419219160288549e+01
7.287830000000000000e+09,-9.380481595325235844e+01
7.287925000000000000e+09,-9.406330649871108562e+01
7.288020000000000000e+09,-9.422157113331078904e+01
7.288115000000000000e+09,-9.403545487855905094e+01
7.288210000000000000e+09,-9.377422647637715158e+01
7.288305000000000000e+09,-9.382937205505291445e+01
7.288400000000000000e+09,-9.387525215520538779e+01
7.288495000000000000e+09,-9.415970831658043494e+01
7.288590000000000000e+09,-9.393115584678807295e+01
7.288685000000000000e+09,-9.390330206606550689e+01
7.288780000000000000e+09,-9.389611527560836635e+01
7.288875000000000000e+09,-9.359981526486575376e+01
7.288970000000000000e+09,-9.408711584602559697e+01
7.289065000000000000e+09,-9.389841312290158726e+01
7.289160000000000000e+09,-9.383241428612350887e+01
7.289255000000000000e+09,-9.431752585012041834e+01
7.289350000000000000e+09,-9.413887479300045413e+01
7.289445000000000000e+09,-9.388228428716118401e+01
7.289540000000000000e+09,-9.411604554763133024e+01
7.289635000000000000e+09,-9.402051453509292855e+01
7.289730000000000000e+09,-9.437199338826098938e+01
7.289825000000000000e+09,-9.437751284625612413e+01
7.289920000000000000e+09,-9.408099361108045855e+01
7.290015000000000000e+09,-9.446108059427096748e+01
7.290110000000000000e+09,-9.489512821371222628e+01
7.290205000000000000e+09,-9.536715223815546949e+01
7.290300000000000000e+09,-9.587249928315969782e+01
7.290395000000000000e+09,-9.852613388629785618e+01
7.290490000000000000e+09,-1.033125137957631665e+02
7.290585000000000000e+09,-9.704203118936108297e+01
7.290680000000000000e+09,-9.494806898829460806e+01
7.290775000000000000e+09,-9.455313758070178665e+01
7.290870000000000000e+09,-9.459513738010397788e+01
7.290965000000000000e+09,-9.434492735247309270e+01
7.291060000000000000e+09,-9.397003728949667334e+01
7.291155000000000000e+09,-9.404498202758526304e+01
7.291250000000000000e+09,-9.417344726305438485e+01
7.291345000000000000e+09,-9.420456082095982708e+01
7.291440000000000000e+09,-9.402337482009170344e+01
7.291535000000000000e+09,-9.426637999319687822e+01
7.291630000000000000e+09,-9.403545022656275876e+01
7.291725000000000000e+09,-9.400194989828227676e+01
7.291820000000000000e+09,-9.415022713627149642e+01
7.291915000000000000e+09,-9.406076002596840624e+01
7.292010000000000000e+09,-9.412135857539455230e+01
7.292105000000000000e+09,-9.409665673426223975e+01
7.292200000000000000e+09,-9.402007657901560833e+01
7.292295000000000000e+09,-9.412077743012201836e+01
7.292390000000000000e+09,-9.399019261136422188e+01
7.292485000000000000e+09,-9.395477344237689010e+01
7.292580000000000000e+09,-9.403224779761396235e+01
7.292675000000000000e+09,-9.405635097812087508e+01
7.292770000000000000e+09,-9.410390175927348366e+01
7.292865000000000000e+09,-9.409056050545453331e+01
7.292960000000000000e+09,-9.412249557307860925e+01
7.293055000000000000e+09,-9.389585294710479957e+01
7.293150000000000000e+09,-9.404613408235555028e+01
7.293245000000000000e+09,-9.413698051361585328e+01
7.293340000000000000e+09,-9.434104245317683990e+01
7.293435000000000000e+09,-9.422191825592645387e+01
7.293530000000000000e+09,-9.401049835395072307e+01
7.293625000000000000e+09,-9.388856521174055558e+01
7.293720000000000000e+09,-9.414063182023851084e+01
7.293815000000000000e+09,-9.423524920179471565e+01
7.293910000000000000e+09,-9.445594715021245236e+01
7.294005000000000000e+09,-9.395392190701585378e+01
7.294100000000000000e+09,-9.406952200585922697e+01
7.294195000000000000e+09,-9.395393189957907509e+01
7.294290000000000000e+09,-9.387415013597492930e+01
7.294385000000000000e+09,-9.400052212667876006e+01
7.294480000000000000e+09,-9.411603723828109480e+01
7.294575000000000000e+09,-9.387601003901747276e+01
7.294670000000000000e+09,-9.412556306830873609e+01
7.294765000000000000e+09,-9.390204757220146803e+01
7.294860000000000000e+09,-9.391698701932506310e+01
7.294955000000000000e+09,-9.411291197664091612e+01
7.295050000000000000e+09,-9.445826351389121101e+01
7.295145000000000000e+09,-9.383221976770683170e+01
7.295240000000000000e+09,-9.411447859585463505e+01
7.295335000000000000e+09,-9.442086414951491236e+01
7.295430000000000000e+09,-9.424148612991260165e+01
7.295525000000000000e+09,-9.432693596866695884e+01
7.295620000000000000e+09,-9.433702436095472876e+01
7.295715000000000000e+09,-9.413945417917739178e+01
7.295810000000000000e+09,-9.404582786999409905e+01
7.295905000000000000e+09,-9.412491354022868961e+01
7.296000000000000000e+09,-9.413783125033026522e+01
7.296095000000000000e+09,-9.448198329466802647e+01
7.296190000000000000e+09,-9.383938644210820712e+01
7.296285000000000000e+09,-9.414846634530132974e+01
7.296380000000000000e+09,-9.438049970810496347e+01
7.296475000000000000e+09,-9.427035551332522800e+01
7.296570000000000000e+09,-9.423726426447706217e+01
7.296665000000000000e+09,-9.419459920332100467e+01
7.296760000000000000e+09,-9.406372279802972969e+01
7.296855000000000000e+09,-9.432889384338827199e+01
7.296950000000000000e+09,-9.386368434696765917e+01
7.297045000000000000e+09,-9.419642305541674432e+01
7.297140000000000000e+09,-9.431034880018839317e+01
7.297235000000000000e+09,-9.408757655898267558e+01
7.297330000000000000e+09,-9.415923404184471224e+01
7.297425000000000000e+09,-9.426246263747258070e+01
7.297520000000000000e+09,-9.415559145435508981e+01
7.297615000000000000e+09,-9.442677969565545482e+01
7.297710000000000000e+09,-9.438812430382186847e+01
7.297805000000000000e+09,-9.434934042044568514e+01
7.297900000000000000e+09,-9.428004290925778719e+01
7.297995000000000000e+09,-9.412484734357190064e+01
7.298090000000000000e+09,-9.440213366743171264e+01
7.298185000000000000e+09,-9.401436603419202243e+01
7.298280000000000000e+09,-9.465554608051510854e+01
7.298375000000000000e+09,-9.431607319495807928e+01
7.298470000000000000e+09,-9.460193526450521517e+01
7.298565000000000000e+09,-9.434129609317919574e+01
7.298660000000000000e+09,-9.436766544782885546e+01
7.298755000000000000e+09,-9.437372738130478922e+01
7.298850000000000000e+09,-9.442905885011481359e+01
7.298945000000000000e+09,-9.423581444188775436e+01
7.299040000000000000e+09,-9.416978892793081002e+01
7.299135000000000000e+09,-9.464032688235744217e+01
7.299230000000000000e+09,-9.455215093185753972e+01
7.299325000000000000e+09,-9.442907277920758702e+01
7.299420000000000000e+09,-9.450064129737255314e+01
7.299515000000000000e+09,-9.447596795620363253e+01
7.299610000000000000e+09,-9.462505919129576171e+01
7.299705000000000000e+09,-9.445602793098200323e+01
7.299800000000000000e+09,-9.425435431765660610e+01
7.299895000000000000e+09,-9.464934096385255202e+01
7.299990000000000000e+09,-9.424951964509247659e+01
7.300085000000000000e+09,-9.429410056466971923e+01
7.300180000000000000e+09,-9.414424545246586717e+01
7.300275000000000000e+09,-9.473292063693278919e+01
7.300370000000000000e+09,-9.431461627437614936e+01
7.300465000000000000e+09,-9.450621548275954353e+01
7.300560000000000000e+09,-9.449781022893429849e+01
7.300655000000000000e+09,-9.478864276483830054e+01
7.300750000000000000e+09,-9.436308428214655919e+01
7.300845000000000000e+09,-9.438343949930568044e+01
7.300940000000000000e+09,-9.447452001459267024e+01
7.301035000000000000e+09,-9.443809968051976966e+01
7.301130000000000000e+09,-9.459349846150539065e+01
7.301225000000000000e+09,-9.409545355036270564e+01
7.301320000000000000e+09,-9.408008881106826493e+01
7.301415000000000000e+09,-9.437077261130198735e+01
7.301510000000000000e+09,-9.410910621432948631e+01
7.301605000000000000e+09,-9.426859904777457189e+01
7.301700000000000000e+09,-9.447403825217918438e+01
7.301795000000000000e+09,-9.443607511630430906e+01
7.301890000000000000e+09,-9.452006749479652115e+01
7.301985000000000000e+09,-9.450203008112873704e+01
7.302080000000000000e+09,-9.469956888780588145e+01
7.302175000000000000e+09,-9.456529108583285392e+01
7.302270000000000000e+09,-9.448881221704192512e+01
7.302365000000000000e+09,-9.454823062699405511e+01
7.302460000000000000e+09,-9.432956575070365091e+01
7.302555000000000000e+09,-9.456960290346768261e+01
7.302650000000000000e+09,-9.448405284136546811e+01
7.302745000000000000e+09,-9.465281545067196589e+01
7.302840000000000000e+09,-9.448165192994838435e+01
7.302935000000000000e+09,-9.453795895603846589e+01
7.303030000000000000e+09,-9.430591087287423591e+01
7.303125000000000000e+09,-9.491499765915821740e+01
7.303220000000000000e+09,-9.443910766513519661e+01
7.303315000000000000e+09,-9.458643387269839309e+01
7.303410000000000000e+09,-9.464832422701667269e+01
7.303505000000000000e+09,-9.428392499292633033e+01
7.303600000000000000e+09,-9.434779180050284708e+01
7.303695000000000000e+09,-9.456025970065877573e+01
7.303790000000000000e+09,-9.459815744138882110e+01
7.303885000000000000e+09,-9.462206614360091805e+01
7.303980000000000000e+09,-9.471243538821167363e+01
7.304075000000000000e+09,-9.462281341114547217e+01
7.304170000000000000e+09,-9.452945020292136746e+01
7.304265000000000000e+09,-9.448292796295021390e+01
7.304360000000000000e+09,-9.445988638536232429e+01
7.304455000000000000e+09,-9.427195307085332843e+01
7.304550000000000000e+09,-9.480096382727126070e+01
7.304645000000000000e+09,-9.410315641414777588e+01
7.304740000000000000e+09,-9.448953986866649757e+01
7.304835000000000000e+09,-9.462544525069506562e+01
7.304930000000000000e+09,-9.478369834570716534e+01
7.305025000000000000e+09,-9.469153167736330090e+01
7.305120000000000000e+09,-9.471365490249867491e+01
7.305215000000000000e+09,-9.448372220205256156e+01
7.305310000000000000e+09,-9.454763482751766901e+01
7.305405000000000000e+09,-9.452940771546714416e+01
7.305500000000000000e+09,-9.447206829360767699e+01
7.305595000000000000e+09,-9.444474300847771531e+01
7.305690000000000000e+09,-9.467528988507451970e+01
7.305785000000000000e+09,-9.446439868234588744e+01
7.305880000000000000e+09,-9.449787743220386460e+01
7.305975000000000000e+09,-9.472562826665956948e+01
7.306070000000000000e+09,-9.444138431632626407e+01
7.306165000000000000e+09,-9.466911284637019719e+01
7.306260000000000000e+09,-9.467510951077582604e+01
7.306355000000000000e+09,-9.462567270412728249e+01
7.306450000000000000e+09,-9.436338063675130172e+01
7.306545000000000000e+09,-9.467007948615234625e+01
7.306640000000000000e+09,-9.483782337868993295e+01
7.306735000000000000e+09,-9.485958831410678727e+01
7.306830000000000000e+09,-9.445907423960761662e+01
7.306925000000000000e+09,-9.484749642645789436e+01
7.307020000000000000e+09,-9.480386561515206267e+01
7.307115000000000000e+09,-9.464088388670765539e+01
7.307210000000000000e+09,-9.438978522194670973e+01
7.307305000000000000e+09,-9.454289674613208661e+01
7.307400000000000000e+09,-9.456842078095696991e+01
7.307495000000000000e+09,-9.449615596413966045e+01
7.307590000000000000e+09,-9.464826578209576269e+01
7.307685000000000000e+09,-9.450736166240835701e+01
7.307780000000000000e+09,-9.441981796961334794e+01
7.307875000000000000e+09,-9.440805403162207199e+01
7.307970000000000000e+09,-9.477872122913038311e+01
7.308065000000000000e+09,-9.477706152771293091e+01
7.308160000000000000e+09,-9.462271219285831592e+01
7.308255000000000000e+09,-9.463534304971391009e+01
7.308350000000000000e+09,-9.444824347129559783e+01
7.308445000000000000e+09,-9.451667876944688373e+01
7.308540000000000000e+09,-9.460116790999643399e+01
7.308635000000000000e+09,-9.473849194596252232e+01
7.308730000000000000e+09,-9.454105606882357904e+01
7.308825000000000000e+09,-9.449607682481305915e+01
7.308920000000000000e+09,-9.478240016444860316e+01
7.309015000000000000e+09,-9.483775036881907283e+01
7.309110000000000000e+09,-9.456193379523570286e+01
7.309205000000000000e+09,-9.470760382717767811e+01
7.309300000000000000e+09,-9.456674223508899502e+01
7.309395000000000000e+09,-9.469683027604040149e+01
7.309490000000000000e+09,-9.449019043438545395e+01
7.309585000000000000e+09,-9.462186818401248445e+01
7.309680000000000000e+09,-9.474899005610835445e+01
7.309775000000000000e+09,-9.459300472964316953e+01
7.309870000000000000e+09,-9.481804379032196550e+01
7.309965000000000000e+09,-9.450025991167686357e+01
7.310060000000000000e+09,-9.478900250654280057e+01
7.310155000000000000e+09,-9.471830408727745976e+01
7.310250000000000000e+09,-9.481202924662517262e+01
7.310345000000000000e+09,-9.449028816371335893e+01
7.310440000000000000e+09,-9.452969500764142197e+01
7.310535000000000000e+09,-9.453892147916876354e+01
7.310630000000000000e+09,-9.454189600946182281e+01
7.310725000000000000e+09,-9.477966348348749648e+01
7.310820000000000000e+09,-9.464484536214038712e+01
7.310915000000000000e+09,-9.449432791081947869e+01
7.311010000000000000e+09,-9.448285920477643174e+01
7.311105000000000000e+09,-9.463608865278149551e+01
7.311200000000000000e+09,-9.454930913836253126e+01
7.311295000000000000e+09,-9.512226204887136305e+01
7.311390000000000000e+09,-9.467307906860888522e+01
7.311485000000000000e+09,-9.472979377390183231e+01
7.311580000000000000e+09,-9.463136363293543241e+01
7.311675000000000000e+09,-9.469862621745635067e+01
7.311770000000000000e+09,-9.457321062946489576e+01
7.311865000000000000e+09,-9.488011874985537020e+01
7.311960000000000000e+09,-9.483143849369270129e+01
7.312055000000000000e+09,-9.457348482425695124e+01
7.312150000000000000e+09,-9.454545315418690166e+01
7.312245000000000000e+09,-9.483920254197357735e+01
7.312340000000000000e+09,-9.440241249434163251e+01
7.312435000000000000e+09,-9.468725384101955456e+01
7.312530000000000000e+09,-9.457596850292350155e+01
7.312625000000000000e+09,-9.465849639325347198e+01
7.312720000000000000e+09,-9.481336157814082810e+01
7.312815000000000000e+09,-9.458252834203986481e+01
7.312910000000000000e+09,-9.496847862848451882e+01
7.313005000000000000e+09,-9.500258497258349166e+01
7.313100000000000000e+09,-9.458705635849193527e+01
7.313195000000000000e+09,-9.450876747949510559e+01
7.313290000000000000e+09,-9.462558198199438664e+01
7.313385000000000000e+09,-9.483646020539660526e+01
7.313480000000000000e+09,-9.494559902204716195e+01
7.313575000000000000e+09,-9.460834278416683674e+01
7.313670000000000000e+09,-9.476216943066413023e+01
7.313765000000000000e+09,-9.520369874250094711e+01
7.313860000000000000e+09,-9.461653822497886779e+01
7.313955000000000000e+09,-9.455337249965937474e+01
7.314050000000000000e+09,-9.465101269652771521e+01
7.314145000000000000e+09,-9.434158045097305489e+01
7.314240000000000000e+09,-9.486869224637223397e+01
7.314335000000000000e+09,-9.459897943114548013e+01
7.314430000000000000e+09,-9.427899715880066367e+01
7.314525000000000000e+09,-9.437248708230652028e+01
7.314620000000000000e+09,-9.495058307084673288e+01
7.314715000000000000e+09,-9.468630614949022117e+01
7.314810000000000000e+09,-9.471062306694740585e+01
7.314905000000000000e+09,-9.442130403976301523e+01
7.315000000000000000e+09,-9.460264255321246196e+01
