# freq_Hz, amplitude_dBm
# # measure_total_dBm=-10.000000
6.750000000000000000e+09,-6.672680539736292360e+01
6.750150000000000000e+09,-6.671259732300812573e+01
6.750300000000000000e+09,-6.671945647919569922e+01
6.750450000000000000e+09,-6.672027758548681220e+01
6.750600000000000000e+09,-6.673202026408486631e+01
6.750750000000000000e+09,-6.673208004863090537e+01
6.750900000000000000e+09,-6.672932989135335902e+01
6.751050000000000000e+09,-6.674010966716708992e+01
6.751200000000000000e+09,-6.673465090704115710e+01
6.751350000000000000e+09,-6.674042131727173910e+01
6.751500000000000000e+09,-6.674042409389168995e+01
6.751650000000000000e+09,-6.674126692940390626e+01
6.751800000000000000e+09,-6.674352530404965478e+01
6.751950000000000000e+09,-6.673667736958908847e+01
6.752100000000000000e+09,-6.673526305126777913e+01
6.752250000000000000e+09,-6.673489953633576022e+01
6.752400000000000000e+09,-6.672688725612685801e+01
6.752550000000000000e+09,-6.672175032174396847e+01
6.752700000000000000e+09,-6.672074076986049818e+01
6.752850000000000000e+09,-6.671288860827381484e+01
6.753000000000000000e+09,-6.670415434336699434e+01
6.753150000000000000e+09,-6.669499708306693719e+01
6.753300000000000000e+09,-6.668801261075178388e+01
6.753450000000000000e+09,-6.667594743596531259e+01
6.753600000000000000e+09,-6.667298772004181728e+01
6.753750000000000000e+09,-6.666055095057838287e+01
6.753900000000000000e+09,-6.665056782626963638e+01
6.754050000000000000e+09,-6.663809735633591913e+01
6.754200000000000000e+09,-6.663104687314955754e+01
6.754350000000000000e+09,-6.661319865415930508e+01
6.754500000000000000e+09,-6.660651036004655623e+01
6.754650000000000000e+09,-6.659245430781574271e+01
6.754800000000000000e+09,-6.657939928918601424e+01
6.754950000000000000e+09,-6.656681718959387695e+01
6.755100000000000000e+09,-6.655286866313967664e+01
6.755250000000000000e+09,-6.653909563442257991e+01
6.755400000000000000e+09,-6.652691179257081444e+01
6.755550000000000000e+09,-6.651180187765235985e+01
6.755700000000000000e+09,-6.649561265410197564e+01
6.755850000000000000e+09,-6.647546694128934064e+01
6.756000000000000000e+09,-6.646230355305524995e+01
6.756150000000000000e+09,-6.644212252522481776e+01
6.756300000000000000e+09,-6.643525847999549683e+01
6.756450000000000000e+09,-6.641727880150141061e+01
6.756600000000000000e+09,-6.639907944485861435e+01
6.756750000000000000e+09,-6.638636369882483734e+01
6.756900000000000000e+09,-6.636725797141291139e+01
6.757050000000000000e+09,-6.635279132049797113e+01
6.757200000000000000e+09,-6.633814682535738427e+01
6.757350000000000000e+09,-6.631847568121769143e+01
6.757500000000000000e+09,-6.630262854635950021e+01
6.757650000000000000e+09,-6.627624729400174886e+01
6.757800000000000000e+09,-6.626334877491379416e+01
6.757950000000000000e+09,-6.624575568843182793e+01
6.758100000000000000e+09,-6.622736575498655043e+01
6.758250000000000000e+09,-6.620991455505047441e+01
6.758400000000000000e+09,-6.618565471854185489e+01
6.758550000000000000e+09,-6.616417681883370960e+01
6.758700000000000000e+09,-6.614753339000431254e+01
6.758850000000000000e+09,-6.613452347026945688e+01
6.759000000000000000e+09,-6.611220597089013040e+01
6.759150000000000000e+09,-6.609225069171542088e+01
6.759300000000000000e+09,-6.607299536532249817e+01
6.759450000000000000e+09,-6.604741342864799947e+01
6.759600000000000000e+09,-6.603513559375842590e+01
6.759750000000000000e+09,-6.601634308812631957e+01
6.759900000000000000e+09,-6.599524780184231076e+01
6.760050000000000000e+09,-6.598100611772679258e+01
6.760200000000000000e+09,-6.595955651457714453e+01
6.760350000000000000e+09,-6.594442399983370251e+01
6.760500000000000000e+09,-6.592552775361136241e+01
6.760650000000000000e+09,-6.590825417713426759e+01
6.760800000000000000e+09,-6.589026536229695807e+01
6.760950000000000000e+09,-6.587322754479083642e+01
6.761100000000000000e+09,-6.585896921741594667e+01
6.761250000000000000e+09,-6.583760851132569769e+01
6.761400000000000000e+09,-6.582533273940077834e+01
6.761550000000000000e+09,-6.581021875588459125e+01
6.761700000000000000e+09,-6.578952289707922318e+01
6.761850000000000000e+09,-6.577678252193904029e+01
6.762000000000000000e+09,-6.576498255047728492e+01
6.762150000000000000e+09,-6.574466141132138830e+01
6.762300000000000000e+09,-6.572893323559509327e+01
6.762450000000000000e+09,-6.572121274819267001e+01
6.762600000000000000e+09,-6.570779061747073513e+01
6.762750000000000000e+09,-6.569539777638726719e+01
6.762900000000000000e+09,-6.568367256185986491e+01
6.763050000000000000e+09,-6.567191427872606369e+01
6.763200000000000000e+09,-6.566124217453109679e+01
6.763350000000000000e+09,-6.565285216267029966e+01
6.763500000000000000e+09,-6.563733772740813777e+01
6.763650000000000000e+09,-6.562939507424252383e+01
6.763800000000000000e+09,-6.561529490146807575e+01
6.763950000000000000e+09,-6.560924535099047716e+01
6.764100000000000000e+09,-6.560287807412908023e+01
6.764250000000000000e+09,-6.559449555716165037e+01
6.764400000000000000e+09,-6.558330703085489688e+01
6.764550000000000000e+09,-6.558348134693446241e+01
6.764700000000000000e+09,-6.557128448005245502e+01
6.764850000000000000e+09,-6.556517378396830509e+01
6.765000000000000000e+09,-6.556054750260445019e+01
6.765150000000000000e+09,-6.555794074782464520e+01
6.765300000000000000e+09,-6.555386294953007109e+01
6.765450000000000000e+09,-6.555626191448268969e+01
6.765600000000000000e+09,-6.555198374969050690e+01
6.765750000000000000e+09,-6.555129977066840752e+01
6.765900000000000000e+09,-6.555502410276433523e+01
6.766050000000000000e+09,-6.554740169241061665e+01
6.766200000000000000e+09,-6.555474161643776654e+01
6.766350000000000000e+09,-6.555389527326970267e+01
6.766500000000000000e+09,-6.555772783536515647e+01
6.766650000000000000e+09,-6.555548297789303547e+01
6.766800000000000000e+09,-6.556482937385715104e+01
6.766950000000000000e+09,-6.557172923431487277e+01
6.767100000000000000e+09,-6.557386690678590924e+01
6.767250000000000000e+09,-6.557378466628544800e+01
6.767400000000000000e+09,-6.558411782213732977e+01
6.767550000000000000e+09,-6.558929828402743567e+01
6.767700000000000000e+09,-6.559391708641447849e+01
6.767850000000000000e+09,-6.560331324177990098e+01
6.768000000000000000e+09,-6.560972048701636083e+01
6.768150000000000000e+09,-6.562065804639259170e+01
6.768300000000000000e+09,-6.562896016082828510e+01
6.768450000000000000e+09,-6.563725321212703534e+01
6.768600000000000000e+09,-6.564638249828470862e+01
6.768750000000000000e+09,-6.565368437765340559e+01
6.768900000000000000e+09,-6.566530026935409126e+01
6.769050000000000000e+09,-6.567687235772380916e+01
6.769200000000000000e+09,-6.569404372495645816e+01
6.769350000000000000e+09,-6.569900248763357808e+01
6.769500000000000000e+09,-6.571337812316825477e+01
6.769650000000000000e+09,-6.572824557982985993e+01
6.769800000000000000e+09,-6.574521852757899865e+01
6.769950000000000000e+09,-6.575711955496666405e+01
6.770100000000000000e+09,-6.576815228927482337e+01
6.770250000000000000e+09,-6.578268915360189339e+01
6.770400000000000000e+09,-6.579486243846783111e+01
6.770550000000000000e+09,-6.580946130535411953e+01
6.770700000000000000e+09,-6.582667231475983272e+01
6.770850000000000000e+09,-6.584161846549703512e+01
6.771000000000000000e+09,-6.586167227411601743e+01
6.771150000000000000e+09,-6.587404567531240218e+01
6.771300000000000000e+09,-6.589594064179767940e+01
6.771450000000000000e+09,-6.591044475587614215e+01
6.771600000000000000e+09,-6.592484609470207602e+01
6.771750000000000000e+09,-6.594311557092527210e+01
6.771900000000000000e+09,-6.596434401821896643e+01
6.772050000000000000e+09,-6.597872971392386887e+01
6.772200000000000000e+09,-6.599810205516776307e+01
6.772350000000000000e+09,-6.601587209974650250e+01
6.772500000000000000e+09,-6.604093765739091282e+01
6.772650000000000000e+09,-6.606197171380389932e+01
6.772800000000000000e+09,-6.608377759254136663e+01
6.772950000000000000e+09,-6.611134953253068147e+01
6.773100000000000000e+09,-6.613480094859914971e+01
6.773250000000000000e+09,-6.615640608743828466e+01
6.773400000000000000e+09,-6.618502677250737065e+01
6.773550000000000000e+09,-6.622897710793695580e+01
6.773700000000000000e+09,-6.626495136492914639e+01
6.773850000000000000e+09,-6.633548731685203848e+01
6.774000000000000000e+09,-6.643354256513180189e+01
6.774150000000000000e+09,-6.657553851189764771e+01
6.774300000000000000e+09,-6.674747461597804943e+01
6.774450000000000000e+09,-6.693553451422884848e+01
6.774600000000000000e+09,-6.724297141353306984e+01
6.774750000000000000e+09,-6.776035308209087304e+01
6.774900000000000000e+09,-6.876013668609731155e+01
6.775050000000000000e+09,-7.096398742291709993e+01
6.775200000000000000e+09,-7.832261730579685377e+01
6.775350000000000000e+09,-8.137131716160749306e+01
6.775500000000000000e+09,-7.166306234520797602e+01
6.775650000000000000e+09,-6.886287665054017282e+01
6.775800000000000000e+09,-6.773640319289670231e+01
6.775950000000000000e+09,-6.723473407305638716e+01
6.776100000000000000e+09,-6.700580484317602270e+01
6.776250000000000000e+09,-6.687611560870708161e+01
6.776400000000000000e+09,-6.678270003188352177e+01
6.776550000000000000e+09,-6.672115259845597279e+01
6.776700000000000000e+09,-6.669149681407489538e+01
6.776850000000000000e+09,-6.667745871767274934e+01
6.777000000000000000e+09,-6.667050809455624005e+01
6.777150000000000000e+09,-6.666035469607105313e+01
6.777300000000000000e+09,-6.665003841763849834e+01
6.777450000000000000e+09,-6.664012520411263552e+01
6.777600000000000000e+09,-6.664144107114063331e+01
6.777750000000000000e+09,-6.664785610891306078e+01
6.777900000000000000e+09,-6.664440165390878690e+01
6.778050000000000000e+09,-6.665119608979989607e+01
6.778200000000000000e+09,-6.665416586245859776e+01
6.778350000000000000e+09,-6.665879333131961459e+01
6.778500000000000000e+09,-6.666904139367750304e+01
6.778650000000000000e+09,-6.667363780202860823e+01
6.778800000000000000e+09,-6.667383981164104512e+01
6.778950000000000000e+09,-6.668835821948319165e+01
6.779100000000000000e+09,-6.668480606268195743e+01
6.779250000000000000e+09,-6.669283492982852124e+01
6.779400000000000000e+09,-6.669775291820860730e+01
6.779550000000000000e+09,-6.670339328149181313e+01
6.779700000000000000e+09,-6.671522157717426182e+01
6.779850000000000000e+09,-6.671766970702495314e+01
6.780000000000000000e+09,-6.673361275310003293e+01
6.780150000000000000e+09,-6.675017776030860261e+01
6.780300000000000000e+09,-6.675765019543733558e+01
6.780450000000000000e+09,-6.676242226683436343e+01
6.780600000000000000e+09,-6.676635211024643013e+01
6.780750000000000000e+09,-6.677066353200112303e+01
6.780900000000000000e+09,-6.676684878789944833e+01
6.781050000000000000e+09,-6.676955816240665342e+01
6.781200000000000000e+09,-6.677797677879945581e+01
6.781350000000000000e+09,-6.677739967643658758e+01
6.781500000000000000e+09,-6.678233705352349148e+01
6.781650000000000000e+09,-6.678943151326465966e+01
6.781800000000000000e+09,-6.678604104761555504e+01
6.781950000000000000e+09,-6.678314108452011055e+01
6.782100000000000000e+09,-6.678574521988606705e+01
6.782250000000000000e+09,-6.678213892535080731e+01
6.782400000000000000e+09,-6.679007666182981495e+01
6.782550000000000000e+09,-6.678328272491982887e+01
6.782700000000000000e+09,-6.678824691393533897e+01
6.782850000000000000e+09,-6.678518969586451703e+01
6.783000000000000000e+09,-6.678033220949063775e+01
6.783150000000000000e+09,-6.678496344042041244e+01
6.783300000000000000e+09,-6.678221013613033108e+01
6.783450000000000000e+09,-6.677586765990571394e+01
6.783600000000000000e+09,-6.678236737532168377e+01
6.783750000000000000e+09,-6.677038387785177065e+01
6.783900000000000000e+09,-6.676819325445953268e+01
6.784050000000000000e+09,-6.675773270991805930e+01
6.784200000000000000e+09,-6.675694788531211543e+01
6.784350000000000000e+09,-6.674946667474665674e+01
6.784500000000000000e+09,-6.674489363291982613e+01
6.784650000000000000e+09,-6.674632560356725719e+01
6.784800000000000000e+09,-6.673344286371217038e+01
6.784950000000000000e+09,-6.673702525066613589e+01
6.785100000000000000e+09,-6.673020897640802218e+01
6.785250000000000000e+09,-6.672064643153181862e+01
6.785400000000000000e+09,-6.671480956842106025e+01
6.785550000000000000e+09,-6.670607418656737764e+01
6.785700000000000000e+09,-6.669932925835300352e+01
6.785850000000000000e+09,-6.669354605643937361e+01
6.786000000000000000e+09,-6.668945563437031865e+01
6.786150000000000000e+09,-6.667471878603359414e+01
6.786300000000000000e+09,-6.666460430925398839e+01
6.786450000000000000e+09,-6.666018191343484034e+01
6.786600000000000000e+09,-6.664296294481624727e+01
6.786750000000000000e+09,-6.664131420976217157e+01
6.786900000000000000e+09,-6.663238866154438256e+01
6.787050000000000000e+09,-6.661399404923218981e+01
6.787200000000000000e+09,-6.661095710566691253e+01
6.787350000000000000e+09,-6.660106185778273868e+01
6.787500000000000000e+09,-6.658879188658930559e+01
6.787650000000000000e+09,-6.657229940662735146e+01
6.787800000000000000e+09,-6.656387873340692352e+01
6.787950000000000000e+09,-6.655239055971682660e+01
6.788100000000000000e+09,-6.654213879487753047e+01
6.788250000000000000e+09,-6.653257586731344020e+01
6.788400000000000000e+09,-6.651978630253402969e+01
6.788550000000000000e+09,-6.650510604473876697e+01
6.788700000000000000e+09,-6.649400536056431577e+01
6.788850000000000000e+09,-6.648573364286230003e+01
6.789000000000000000e+09,-6.646756881135733863e+01
6.789150000000000000e+09,-6.645362409879790278e+01
6.789300000000000000e+09,-6.644520088413206338e+01
6.789450000000000000e+09,-6.643232274200150300e+01
6.789600000000000000e+09,-6.641663305046772336e+01
6.789750000000000000e+09,-6.640667304712707164e+01
6.789900000000000000e+09,-6.639072639251735097e+01
6.790050000000000000e+09,-6.638142191937161840e+01
6.790200000000000000e+09,-6.637110422756217076e+01
6.790350000000000000e+09,-6.635488225843624832e+01
6.790500000000000000e+09,-6.634224958597039290e+01
6.790650000000000000e+09,-6.633134507870036600e+01
6.790800000000000000e+09,-6.632339894301961181e+01
6.790950000000000000e+09,-6.630962404735358007e+01
6.791100000000000000e+09,-6.629959310122580973e+01
6.791250000000000000e+09,-6.629101225534698472e+01
6.791400000000000000e+09,-6.628121228213927907e+01
6.791550000000000000e+09,-6.627272350901192510e+01
6.791700000000000000e+09,-6.625878787714337648e+01
6.791850000000000000e+09,-6.625562803670030121e+01
6.792000000000000000e+09,-6.624104488949222969e+01
6.792150000000000000e+09,-6.623109594132439781e+01
6.792300000000000000e+09,-6.622439996454608035e+01
6.792450000000000000e+09,-6.621694213376115101e+01
6.792600000000000000e+09,-6.621150111840555041e+01
6.792750000000000000e+09,-6.620196020587178509e+01
6.792900000000000000e+09,-6.619170379557023409e+01
6.793050000000000000e+09,-6.619010941865538200e+01
6.793200000000000000e+09,-6.618012991181805660e+01
6.793350000000000000e+09,-6.617068495866529076e+01
6.793500000000000000e+09,-6.616713352006709670e+01
6.793650000000000000e+09,-6.615966479828475144e+01
6.793800000000000000e+09,-6.615648597373026973e+01
6.793950000000000000e+09,-6.615310081781915130e+01
6.794100000000000000e+09,-6.614645898341731822e+01
6.794250000000000000e+09,-6.614085175718281562e+01
6.794400000000000000e+09,-6.614478581460703310e+01
6.794550000000000000e+09,-6.614182940871232574e+01
6.794700000000000000e+09,-6.613243378549168483e+01
6.794850000000000000e+09,-6.613146917370849565e+01
6.795000000000000000e+09,-6.613359904585834670e+01
6.795150000000000000e+09,-6.613110374738268149e+01
6.795300000000000000e+09,-6.612768907791988227e+01
6.795450000000000000e+09,-6.612887983231445332e+01
6.795600000000000000e+09,-6.613231206486867109e+01
6.795750000000000000e+09,-6.613318795857102828e+01
6.795900000000000000e+09,-6.613448149929637054e+01
6.796050000000000000e+09,-6.613150835536170291e+01
6.796200000000000000e+09,-6.613232250477847174e+01
6.796350000000000000e+09,-6.613231036924673845e+01
6.796500000000000000e+09,-6.613299837737963571e+01
6.796650000000000000e+09,-6.613382169637530694e+01
6.796800000000000000e+09,-6.613879811182121671e+01
6.796950000000000000e+09,-6.614142019170095921e+01
6.797100000000000000e+09,-6.615071684096336924e+01
6.797250000000000000e+09,-6.615549699882372181e+01
6.797400000000000000e+09,-6.615773768041704272e+01
6.797550000000000000e+09,-6.615912306655069131e+01
6.797700000000000000e+09,-6.617209102417095323e+01
6.797850000000000000e+09,-6.617619250823197774e+01
6.798000000000000000e+09,-6.618726161104464722e+01
6.798150000000000000e+09,-6.618548700705096621e+01
6.798300000000000000e+09,-6.619286149611477299e+01
6.798450000000000000e+09,-6.620203085636266849e+01
6.798600000000000000e+09,-6.620866511815199829e+01
6.798750000000000000e+09,-6.621664191980143244e+01
6.798900000000000000e+09,-6.621947642918036081e+01
6.799050000000000000e+09,-6.623300814127570391e+01
6.799200000000000000e+09,-6.624491681287680933e+01
6.799350000000000000e+09,-6.625338483724675598e+01
6.799500000000000000e+09,-6.626239079310724378e+01
6.799650000000000000e+09,-6.626407546178306518e+01
6.799800000000000000e+09,-6.628166075742215924e+01
6.799950000000000000e+09,-6.628967593735119124e+01
6.800100000000000000e+09,-6.630320621160835515e+01
6.800250000000000000e+09,-6.631289627077846660e+01
6.800400000000000000e+09,-6.632598267832646854e+01
6.800550000000000000e+09,-6.633548064199355565e+01
6.800700000000000000e+09,-6.634597402060509808e+01
6.800850000000000000e+09,-6.636148483390299191e+01
6.801000000000000000e+09,-6.636471196682539642e+01
6.801150000000000000e+09,-6.637958126520445035e+01
6.801300000000000000e+09,-6.639092107299777012e+01
6.801450000000000000e+09,-6.639986270820537584e+01
6.801600000000000000e+09,-6.641193950915240407e+01
6.801750000000000000e+09,-6.642254723008991846e+01
6.801900000000000000e+09,-6.643355254460034587e+01
6.802050000000000000e+09,-6.644608151383373240e+01
6.802200000000000000e+09,-6.646170753079157123e+01
6.802350000000000000e+09,-6.646649929330260420e+01
6.802500000000000000e+09,-6.647550962975806499e+01
6.802650000000000000e+09,-6.648980276549342250e+01
6.802800000000000000e+09,-6.650592098390579565e+01
6.802950000000000000e+09,-6.651821239944425201e+01
6.803100000000000000e+09,-6.652345156539854543e+01
6.803250000000000000e+09,-6.653791640190372902e+01
6.803400000000000000e+09,-6.654672123612743917e+01
6.803550000000000000e+09,-6.655758469553923362e+01
6.803700000000000000e+09,-6.657566585496901723e+01
6.803850000000000000e+09,-6.658711604741442613e+01
6.804000000000000000e+09,-6.661271718247090234e+01
6.804150000000000000e+09,-6.662475239979877983e+01
6.804300000000000000e+09,-6.664458298448276707e+01
6.804450000000000000e+09,-6.665568005576265875e+01
6.804600000000000000e+09,-6.666725287684737111e+01
6.804750000000000000e+09,-6.667367296257415887e+01
6.804900000000000000e+09,-6.669367228582808593e+01
6.805050000000000000e+09,-6.669998009097309932e+01
6.805200000000000000e+09,-6.671175604578446894e+01
6.805350000000000000e+09,-6.672683297946581149e+01
6.805500000000000000e+09,-6.675478976745597492e+01
6.805650000000000000e+09,-6.681177659466752061e+01
6.805800000000000000e+09,-6.688084240567089012e+01
6.805950000000000000e+09,-6.696738408588760194e+01
6.806100000000000000e+09,-6.707899912692886346e+01
6.806250000000000000e+09,-6.724537627836822651e+01
6.806400000000000000e+09,-6.739299160593903082e+01
6.806550000000000000e+09,-6.768736457016687780e+01
6.806700000000000000e+09,-6.822325486218475987e+01
6.806850000000000000e+09,-6.892171432571916512e+01
6.807000000000000000e+09,-7.019012506102255600e+01
6.807150000000000000e+09,-7.284441807469647756e+01
6.807300000000000000e+09,-8.070565102622461495e+01
6.807450000000000000e+09,-7.895184777838798595e+01
6.807600000000000000e+09,-7.092254020637584233e+01
6.807750000000000000e+09,-6.825810137652231901e+01
6.807900000000000000e+09,-6.724785154397297049e+01
6.808050000000000000e+09,-6.685414547668700891e+01
6.808200000000000000e+09,-6.669269717604656478e+01
6.808350000000000000e+09,-6.660016714469770704e+01
6.808500000000000000e+09,-6.655244186395987072e+01
6.808650000000000000e+09,-6.652187729568460384e+01
6.808800000000000000e+09,-6.651032395332545377e+01
6.808950000000000000e+09,-6.650109526360654399e+01
6.809100000000000000e+09,-6.649989156855598083e+01
6.809250000000000000e+09,-6.649581141314470756e+01
6.809400000000000000e+09,-6.649004226276673535e+01
6.809550000000000000e+09,-6.649911430223387754e+01
6.809700000000000000e+09,-6.649916735384314848e+01
6.809850000000000000e+09,-6.649854973584524487e+01
6.810000000000000000e+09,-6.650192613435126532e+01
6.810150000000000000e+09,-6.649136118148132368e+01
6.810300000000000000e+09,-6.649543724037611980e+01
6.810450000000000000e+09,-6.648899513335838662e+01
6.810600000000000000e+09,-6.648770310736446731e+01
6.810750000000000000e+09,-6.649012987269611585e+01
6.810900000000000000e+09,-6.648817473903949349e+01
6.811050000000000000e+09,-6.648567657227651750e+01
6.811200000000000000e+09,-6.648900842810594725e+01
6.811350000000000000e+09,-6.649260623644899226e+01
6.811500000000000000e+09,-6.649557947648850131e+01
6.811650000000000000e+09,-6.649567590451908927e+01
6.811800000000000000e+09,-6.648753314384370583e+01
6.811950000000000000e+09,-6.648485742725375758e+01
6.812100000000000000e+09,-6.648128018232321779e+01
6.812250000000000000e+09,-6.647006014118798589e+01
6.812400000000000000e+09,-6.645920174108648837e+01
6.812550000000000000e+09,-6.645882834758657509e+01
6.812700000000000000e+09,-6.645694696268468249e+01
6.812850000000000000e+09,-6.646048367860441886e+01
6.813000000000000000e+09,-6.645343618110874218e+01
6.813150000000000000e+09,-6.645898518082634610e+01
6.813300000000000000e+09,-6.645611965098792950e+01
6.813450000000000000e+09,-6.645815854668288125e+01
6.813600000000000000e+09,-6.645535737095509887e+01
6.813750000000000000e+09,-6.645754434602322647e+01
6.813900000000000000e+09,-6.645180752874351526e+01
6.814050000000000000e+09,-6.645334060590907654e+01
6.814200000000000000e+09,-6.644803094595728510e+01
6.814350000000000000e+09,-6.644557986085621337e+01
6.814500000000000000e+09,-6.644821202764271106e+01
6.814650000000000000e+09,-6.644170697577314399e+01
6.814800000000000000e+09,-6.643914818041356796e+01
6.814950000000000000e+09,-6.644274798416203964e+01
6.815100000000000000e+09,-6.643861358002661177e+01
6.815250000000000000e+09,-6.643940851040090934e+01
6.815400000000000000e+09,-6.643465570356062244e+01
6.815550000000000000e+09,-6.643453345820037725e+01
6.815700000000000000e+09,-6.643478213865633109e+01
6.815850000000000000e+09,-6.643384732471815823e+01
6.816000000000000000e+09,-6.642864336064805286e+01
6.816150000000000000e+09,-6.642374250874982522e+01
6.816300000000000000e+09,-6.642431236854602616e+01
6.816450000000000000e+09,-6.642146973414460831e+01
6.816600000000000000e+09,-6.642318537579113524e+01
6.816750000000000000e+09,-6.641979523127596963e+01
6.816900000000000000e+09,-6.641613711650326479e+01
6.817050000000000000e+09,-6.641635700941291987e+01
6.817200000000000000e+09,-6.641236583314909581e+01
6.817350000000000000e+09,-6.641319160743714178e+01
6.817500000000000000e+09,-6.640453062487796387e+01
6.817650000000000000e+09,-6.640986177078913499e+01
6.817800000000000000e+09,-6.640812765745609170e+01
6.817950000000000000e+09,-6.640712430091244300e+01
6.818100000000000000e+09,-6.640174212281489474e+01
6.818250000000000000e+09,-6.640343263323273959e+01
6.818400000000000000e+09,-6.640508978735068979e+01
6.818550000000000000e+09,-6.640344803114001593e+01
6.818700000000000000e+09,-6.640256532098905495e+01
6.818850000000000000e+09,-6.640475022302344144e+01
6.819000000000000000e+09,-6.640707576027014625e+01
6.819150000000000000e+09,-6.640015860352332311e+01
6.819300000000000000e+09,-6.640895952279119285e+01
6.819450000000000000e+09,-6.641322598770064189e+01
6.819600000000000000e+09,-6.640948252932129492e+01
6.819750000000000000e+09,-6.640753266775605823e+01
6.819900000000000000e+09,-6.641513963746530180e+01
6.820050000000000000e+09,-6.641545302677450024e+01
6.820200000000000000e+09,-6.642128308028307515e+01
6.820350000000000000e+09,-6.642264422134621782e+01
6.820500000000000000e+09,-6.642382632571731449e+01
6.820650000000000000e+09,-6.641987405320779203e+01
6.820800000000000000e+09,-6.642948744295269137e+01
6.820950000000000000e+09,-6.642820594154675007e+01
6.821100000000000000e+09,-6.643482991884057753e+01
6.821250000000000000e+09,-6.644435454669329033e+01
6.821400000000000000e+09,-6.644159901585155126e+01
6.821550000000000000e+09,-6.644448577667726852e+01
6.821700000000000000e+09,-6.645309291725109802e+01
6.821850000000000000e+09,-6.645520044291227180e+01
6.822000000000000000e+09,-6.645844958670990366e+01
6.822150000000000000e+09,-6.646153702607816172e+01
6.822300000000000000e+09,-6.647089340166543536e+01
6.822450000000000000e+09,-6.647324522347093989e+01
6.822600000000000000e+09,-6.647988250395528098e+01
6.822750000000000000e+09,-6.647827145714451547e+01
6.822900000000000000e+09,-6.648424722167739276e+01
6.823050000000000000e+09,-6.648997937426740634e+01
6.823200000000000000e+09,-6.649643166356869983e+01
6.823350000000000000e+09,-6.650600661600334718e+01
6.823500000000000000e+09,-6.650340621643968575e+01
6.823650000000000000e+09,-6.651454215647218859e+01
6.823800000000000000e+09,-6.651727663669589674e+01
6.823950000000000000e+09,-6.652283842581624640e+01
6.824100000000000000e+09,-6.653175074925712806e+01
6.824250000000000000e+09,-6.653004715934402213e+01
6.824400000000000000e+09,-6.653975170960377739e+01
6.824550000000000000e+09,-6.654712771536948424e+01
6.824700000000000000e+09,-6.655196067342276933e+01
6.824850000000000000e+09,-6.655639097573531160e+01
6.825000000000000000e+09,-6.656112639653355245e+01
6.825150000000000000e+09,-6.657123325315730256e+01
6.825300000000000000e+09,-6.657775036013988768e+01
6.825450000000000000e+09,-6.658394855987756955e+01
6.825600000000000000e+09,-6.658978286226533783e+01
6.825750000000000000e+09,-6.660079429500642334e+01
6.825900000000000000e+09,-6.660432875805572905e+01
6.826050000000000000e+09,-6.661242493820465427e+01
6.826200000000000000e+09,-6.661706512705718808e+01
6.826350000000000000e+09,-6.662573755812924503e+01
6.826500000000000000e+09,-6.662620424283463194e+01
6.826650000000000000e+09,-6.663777878681992206e+01
6.826800000000000000e+09,-6.664256982322112322e+01
6.826950000000000000e+09,-6.664664298728635572e+01
6.827100000000000000e+09,-6.665529239613620405e+01
6.827250000000000000e+09,-6.666333304001818760e+01
6.827400000000000000e+09,-6.667406506964886148e+01
6.827550000000000000e+09,-6.667863417256602077e+01
6.827700000000000000e+09,-6.668099106186572556e+01
6.827850000000000000e+09,-6.669050655489506596e+01
6.828000000000000000e+09,-6.669820652525088178e+01
6.828150000000000000e+09,-6.670698594108701229e+01
6.828300000000000000e+09,-6.671576853417951725e+01
6.828450000000000000e+09,-6.671671584327653193e+01
6.828600000000000000e+09,-6.672706824818546067e+01
6.828750000000000000e+09,-6.674017687425575218e+01
6.828900000000000000e+09,-6.674888028119524108e+01
6.829050000000000000e+09,-6.675127188300645287e+01
6.829200000000000000e+09,-6.675818513227295625e+01
6.829350000000000000e+09,-6.675854290793141388e+01
6.829500000000000000e+09,-6.676302463556056921e+01
6.829650000000000000e+09,-6.676671027844346895e+01
6.829800000000000000e+09,-6.677799974118475745e+01
6.829950000000000000e+09,-6.678208466244574026e+01
6.830100000000000000e+09,-6.678559979704871807e+01
6.830250000000000000e+09,-6.679194819241673997e+01
6.830400000000000000e+09,-6.679626863952680083e+01
6.830550000000000000e+09,-6.680273307515690817e+01
6.830700000000000000e+09,-6.680817393988556319e+01
6.830850000000000000e+09,-6.680932535324106425e+01
6.831000000000000000e+09,-6.681926797368467419e+01
6.831150000000000000e+09,-6.682186210903999779e+01
6.831300000000000000e+09,-6.682431385871542773e+01
6.831450000000000000e+09,-6.683499019883832659e+01
6.831600000000000000e+09,-6.683752367077936185e+01
6.831750000000000000e+09,-6.684370227029342004e+01
6.831900000000000000e+09,-6.684343229747481985e+01
6.832050000000000000e+09,-6.684661182113441669e+01
6.832200000000000000e+09,-6.685178996531664097e+01
6.832350000000000000e+09,-6.685797902482985933e+01
6.832500000000000000e+09,-6.686008463939953117e+01
6.832650000000000000e+09,-6.685563776708897876e+01
6.832800000000000000e+09,-6.686255185796815681e+01
6.832950000000000000e+09,-6.686912501401531017e+01
6.833100000000000000e+09,-6.687141972758948327e+01
6.833250000000000000e+09,-6.687215142127334389e+01
6.833400000000000000e+09,-6.687358510398971134e+01
6.833550000000000000e+09,-6.687969731189957656e+01
6.833700000000000000e+09,-6.688074970929173446e+01
6.833850000000000000e+09,-6.687621807972786314e+01
6.834000000000000000e+09,-6.688676379424437357e+01
6.834150000000000000e+09,-6.687964964091149511e+01
6.834300000000000000e+09,-6.688485245533287582e+01
6.834450000000000000e+09,-6.688536953858078959e+01
6.834600000000000000e+09,-6.688813234649298067e+01
6.834750000000000000e+09,-6.688955307668960870e+01
6.834900000000000000e+09,-6.688280551012437058e+01
6.835050000000000000e+09,-6.688383580173240262e+01
6.835200000000000000e+09,-6.688403715610829181e+01
6.835350000000000000e+09,-6.688285225672753143e+01
6.835500000000000000e+09,-6.688329444315718320e+01
6.835650000000000000e+09,-6.688232423781190050e+01
6.835800000000000000e+09,-6.687920397924526128e+01
6.835950000000000000e+09,-6.688409746769326603e+01
6.836100000000000000e+09,-6.688485712692016705e+01
6.836250000000000000e+09,-6.688484234985723731e+01
6.836400000000000000e+09,-6.687514967025211376e+01
6.836550000000000000e+09,-6.687995646052384302e+01
6.836700000000000000e+09,-6.687320992508344375e+01
6.836850000000000000e+09,-6.687568603806485612e+01
6.837000000000000000e+09,-6.687463839977149860e+01
6.837150000000000000e+09,-6.686975553790776416e+01
6.837300000000000000e+09,-6.686461713761046610e+01
6.837450000000000000e+09,-6.687068337595219703e+01
6.837600000000000000e+09,-6.686199984874480151e+01
6.837750000000000000e+09,-6.686235379411199631e+01
6.837900000000000000e+09,-6.685913869964893763e+01
6.838050000000000000e+09,-6.685734353938406116e+01
6.838200000000000000e+09,-6.685240548646450520e+01
6.838350000000000000e+09,-6.685182742706118120e+01
6.838500000000000000e+09,-6.684618402939710791e+01
6.838650000000000000e+09,-6.685306442072609912e+01
6.838800000000000000e+09,-6.684675793233407148e+01
6.838950000000000000e+09,-6.685038620179727786e+01
6.839100000000000000e+09,-6.685561825237367373e+01
6.839250000000000000e+09,-6.686054355263642890e+01
6.839400000000000000e+09,-6.687094392088933148e+01
6.839550000000000000e+09,-6.690378133626975909e+01
6.839700000000000000e+09,-6.691604427401327371e+01
6.839850000000000000e+09,-6.702099132067377241e+01
6.840000000000000000e+09,-6.724385497255103417e+01
6.840150000000000000e+09,-6.751057004262156624e+01
6.840300000000000000e+09,-6.784180770763269663e+01
6.840450000000000000e+09,-6.838920158680654993e+01
6.840600000000000000e+09,-6.923475068027497059e+01
6.840750000000000000e+09,-7.100191274325578661e+01
6.840900000000000000e+09,-7.512500907833610597e+01
6.841050000000000000e+09,-9.893810400358121626e+01
6.841200000000000000e+09,-7.481865664865972576e+01
6.841350000000000000e+09,-7.006789438599561493e+01
6.841500000000000000e+09,-6.829175745364392469e+01
6.841650000000000000e+09,-6.750828186961845745e+01
6.841800000000000000e+09,-6.715246417148119917e+01
6.841950000000000000e+09,-6.696339159629155802e+01
6.842100000000000000e+09,-6.684458716146581025e+01
6.842250000000000000e+09,-6.674771437876110269e+01
6.842400000000000000e+09,-6.668667766980439637e+01
6.842550000000000000e+09,-6.664583818686990924e+01
6.842700000000000000e+09,-6.661219719073115186e+01
6.842850000000000000e+09,-6.658100792120276878e+01
6.843000000000000000e+09,-6.655476118735950308e+01
6.843150000000000000e+09,-6.654093817832814750e+01
6.843300000000000000e+09,-6.651424713990016357e+01
6.843450000000000000e+09,-6.650956188830309657e+01
6.843600000000000000e+09,-6.649095864778587384e+01
6.843750000000000000e+09,-6.648324761172682429e+01
6.843900000000000000e+09,-6.646370386778994543e+01
6.844050000000000000e+09,-6.645680114015597439e+01
6.844200000000000000e+09,-6.645345606242916858e+01
6.844350000000000000e+09,-6.644618911118534754e+01
6.844500000000000000e+09,-6.643329058123268283e+01
6.844650000000000000e+09,-6.642458457581473397e+01
6.844800000000000000e+09,-6.642531207627344259e+01
6.844950000000000000e+09,-6.641569744637186545e+01
6.845100000000000000e+09,-6.641219964960869504e+01
6.845250000000000000e+09,-6.641412611777190023e+01
6.845400000000000000e+09,-6.640976785382791547e+01
6.845550000000000000e+09,-6.640956916021590928e+01
6.845700000000000000e+09,-6.641133556299004681e+01
6.845850000000000000e+09,-6.640219900223482341e+01
6.846000000000000000e+09,-6.641225480094684031e+01
6.846150000000000000e+09,-6.641060963707307963e+01
6.846300000000000000e+09,-6.640986541408925348e+01
6.846450000000000000e+09,-6.640715527702417376e+01
6.846600000000000000e+09,-6.640803592459489835e+01
6.846750000000000000e+09,-6.641773015977580030e+01
6.846900000000000000e+09,-6.642401327859522553e+01
6.847050000000000000e+09,-6.641768087018635924e+01
6.847200000000000000e+09,-6.642392738636193883e+01
6.847350000000000000e+09,-6.643136769823055943e+01
6.847500000000000000e+09,-6.643697444267725416e+01
6.847650000000000000e+09,-6.644050077099758767e+01
6.847800000000000000e+09,-6.644566154008570891e+01
6.847950000000000000e+09,-6.645397157249820452e+01
6.848100000000000000e+09,-6.646233873713089224e+01
6.848250000000000000e+09,-6.646788788241174473e+01
6.848400000000000000e+09,-6.648280048953053267e+01
6.848550000000000000e+09,-6.648615149129145152e+01
6.848700000000000000e+09,-6.649609113334869903e+01
6.848850000000000000e+09,-6.651419975618266278e+01
6.849000000000000000e+09,-6.652476388323121625e+01
6.849150000000000000e+09,-6.653876515096843036e+01
6.849300000000000000e+09,-6.654688200681874832e+01
6.849450000000000000e+09,-6.656635356241690715e+01
6.849600000000000000e+09,-6.657012238571736873e+01
6.849750000000000000e+09,-6.658773604009262215e+01
6.849900000000000000e+09,-6.661027920971575611e+01
6.850050000000000000e+09,-6.661784177053782230e+01
6.850200000000000000e+09,-6.663686128745632686e+01
6.850350000000000000e+09,-6.665536845514212416e+01
6.850500000000000000e+09,-6.667054806619889007e+01
6.850650000000000000e+09,-6.668130009728616869e+01
6.850800000000000000e+09,-6.669922305918279903e+01
6.850950000000000000e+09,-6.672640882930545558e+01
6.851100000000000000e+09,-6.673791847190366866e+01
6.851250000000000000e+09,-6.675419818232671787e+01
6.851400000000000000e+09,-6.677632048687483746e+01
6.851550000000000000e+09,-6.679591471034329686e+01
6.851700000000000000e+09,-6.681204960131847770e+01
6.851850000000000000e+09,-6.683679908605526521e+01
6.852000000000000000e+09,-6.684949010622099763e+01
6.852150000000000000e+09,-6.686946296222100727e+01
6.852300000000000000e+09,-6.689377644630891950e+01
6.852450000000000000e+09,-6.691316749894647842e+01
6.852600000000000000e+09,-6.693053421071310538e+01
6.852750000000000000e+09,-6.695600779708698269e+01
6.852900000000000000e+09,-6.697319902604662900e+01
6.853050000000000000e+09,-6.699583042337673078e+01
6.853200000000000000e+09,-6.702217139194496554e+01
6.853350000000000000e+09,-6.703340027663081457e+01
6.853500000000000000e+09,-6.706021429828355451e+01
6.853650000000000000e+09,-6.708344523506102064e+01
6.853800000000000000e+09,-6.709863265142161026e+01
6.853950000000000000e+09,-6.712361390627347646e+01
6.854100000000000000e+09,-6.715107983071209219e+01
6.854250000000000000e+09,-6.716796857274120214e+01
6.854400000000000000e+09,-6.718936371448263856e+01
6.854550000000000000e+09,-6.721041921732529545e+01
6.854700000000000000e+09,-6.723458921581283221e+01
6.854850000000000000e+09,-6.726484658873573608e+01
6.855000000000000000e+09,-6.728363351256405167e+01
6.855150000000000000e+09,-6.730223380080194318e+01
6.855300000000000000e+09,-6.732706313183220459e+01
6.855450000000000000e+09,-6.734640710812438158e+01
6.855600000000000000e+09,-6.737020297044686856e+01
6.855750000000000000e+09,-6.739062140861720707e+01
6.855900000000000000e+09,-6.741150353382620608e+01
6.856050000000000000e+09,-6.743053260462036747e+01
6.856200000000000000e+09,-6.745513715796114695e+01
6.856350000000000000e+09,-6.747327409647911622e+01
6.856500000000000000e+09,-6.749988645128793507e+01
6.856650000000000000e+09,-6.752047032208614041e+01
6.856800000000000000e+09,-6.753575890970475371e+01
6.856950000000000000e+09,-6.756044559073851019e+01
6.857100000000000000e+09,-6.757221472784040373e+01
6.857250000000000000e+09,-6.759210487988993066e+01
6.857400000000000000e+09,-6.760888405923276423e+01
6.857550000000000000e+09,-6.762534348459185196e+01
6.857700000000000000e+09,-6.764704541736901433e+01
6.857850000000000000e+09,-6.765680795050363372e+01
6.858000000000000000e+09,-6.767560761845940931e+01
6.858150000000000000e+09,-6.768958368074872567e+01
6.858300000000000000e+09,-6.770038741135867610e+01
6.858450000000000000e+09,-6.771932993970354175e+01
6.858600000000000000e+09,-6.773088122450380411e+01
6.858750000000000000e+09,-6.773971718723475988e+01
6.858900000000000000e+09,-6.775087705619122858e+01
6.859050000000000000e+09,-6.776753813875173194e+01
6.859200000000000000e+09,-6.778144102930041015e+01
6.859350000000000000e+09,-6.778810106544864311e+01
6.859500000000000000e+09,-6.780212436857073044e+01
6.859650000000000000e+09,-6.781729321470315597e+01
6.859800000000000000e+09,-6.782134911065608662e+01
6.859950000000000000e+09,-6.782691527815127586e+01
6.860100000000000000e+09,-6.784121688060159272e+01
6.860250000000000000e+09,-6.784517171101492750e+01
6.860400000000000000e+09,-6.784730759706124559e+01
6.860550000000000000e+09,-6.785702613476304634e+01
6.860700000000000000e+09,-6.785560440026944207e+01
6.860850000000000000e+09,-6.786871376603559725e+01
6.861000000000000000e+09,-6.786635710403534461e+01
6.861150000000000000e+09,-6.787372321982596191e+01
6.861300000000000000e+09,-6.787621179486939127e+01
6.861450000000000000e+09,-6.788324257574595322e+01
6.861600000000000000e+09,-6.787414958013931710e+01
6.861750000000000000e+09,-6.787974928588140244e+01
6.861900000000000000e+09,-6.788159696782847163e+01
6.862050000000000000e+09,-6.787091646259385413e+01
6.862200000000000000e+09,-6.787959831370649511e+01
6.862350000000000000e+09,-6.787585445494291037e+01
6.862500000000000000e+09,-6.787018395562557771e+01
6.862650000000000000e+09,-6.786284049909872351e+01
6.862800000000000000e+09,-6.786245948016807006e+01
6.862950000000000000e+09,-6.784996666437623958e+01
6.863100000000000000e+09,-6.784128603013574832e+01
6.863250000000000000e+09,-6.783696538402780618e+01
6.863400000000000000e+09,-6.782799071448096129e+01
6.863550000000000000e+09,-6.781123038231966405e+01
6.863700000000000000e+09,-6.781003887588047974e+01
6.863850000000000000e+09,-6.778928683743023953e+01
6.864000000000000000e+09,-6.779166100392869510e+01
6.864150000000000000e+09,-6.776713261507822494e+01
6.864300000000000000e+09,-6.775936607059811934e+01
6.864450000000000000e+09,-6.774219682289407274e+01
6.864600000000000000e+09,-6.771946169532816384e+01
6.864750000000000000e+09,-6.771573054181693863e+01
6.864900000000000000e+09,-6.769006326330853085e+01
6.865050000000000000e+09,-6.766660634785395700e+01
6.865200000000000000e+09,-6.765489174614853596e+01
6.865350000000000000e+09,-6.763706034140494694e+01
6.865500000000000000e+09,-6.762230039701015016e+01
6.865650000000000000e+09,-6.758927728478299457e+01
6.865800000000000000e+09,-6.756433748727033617e+01
6.865950000000000000e+09,-6.754056133068354484e+01
6.866100000000000000e+09,-6.751400207537916742e+01
6.866250000000000000e+09,-6.747833656889289955e+01
6.866400000000000000e+09,-6.744338554801699104e+01
6.866550000000000000e+09,-6.741722169094698813e+01
6.866700000000000000e+09,-6.736309866114815748e+01
6.866850000000000000e+09,-6.730567634077472405e+01
6.867000000000000000e+09,-6.721814273161992048e+01
6.867150000000000000e+09,-6.707517951014813207e+01
6.867300000000000000e+09,-6.683168337327504105e+01
6.867450000000000000e+09,-6.719555994710648861e+01
6.867600000000000000e+09,-7.124912479597121262e+01
6.867750000000000000e+09,-9.219068800467523772e+01
6.867900000000000000e+09,-7.619362383419979778e+01
6.868050000000000000e+09,-7.260403744253824243e+01
6.868200000000000000e+09,-7.103223220404633764e+01
6.868350000000000000e+09,-7.016684298454585189e+01
6.868500000000000000e+09,-6.961593896473631560e+01
6.868650000000000000e+09,-6.929495887407111354e+01
6.868800000000000000e+09,-6.901194184482800154e+01
6.868950000000000000e+09,-6.884962459432337312e+01
6.869100000000000000e+09,-6.872279468099854682e+01
6.869250000000000000e+09,-6.859407627989500611e+01
6.869400000000000000e+09,-6.848416882084204360e+01
6.869550000000000000e+09,-6.843501475959689628e+01
6.869700000000000000e+09,-6.834321666348759550e+01
6.869850000000000000e+09,-6.830026687171667277e+01
6.870000000000000000e+09,-6.822597695128267503e+01
6.870150000000000000e+09,-6.819460288418233063e+01
6.870300000000000000e+09,-6.818012833295357211e+01
6.870450000000000000e+09,-6.815429989017721368e+01
6.870600000000000000e+09,-6.806948825518776403e+01
6.870750000000000000e+09,-6.804711848555358245e+01
6.870900000000000000e+09,-6.803293985497677454e+01
6.871050000000000000e+09,-6.802406049370131313e+01
6.871200000000000000e+09,-6.801588793624625850e+01
6.871350000000000000e+09,-6.800057452255887824e+01
6.871500000000000000e+09,-6.796632154763499045e+01
6.871650000000000000e+09,-6.798725976265087922e+01
6.871800000000000000e+09,-6.797512531084252885e+01
6.871950000000000000e+09,-6.792464332474307298e+01
6.872100000000000000e+09,-6.786022257456329498e+01
6.872250000000000000e+09,-6.781183330014860644e+01
6.872400000000000000e+09,-6.777402896359211582e+01
6.872550000000000000e+09,-6.775179923896378398e+01
6.872700000000000000e+09,-6.772385835787336816e+01
6.872850000000000000e+09,-6.769521946803126866e+01
6.873000000000000000e+09,-6.766118805734636510e+01
6.873150000000000000e+09,-6.762592544936266847e+01
6.873300000000000000e+09,-6.760870958975112899e+01
6.873450000000000000e+09,-6.758358064497284090e+01
6.873600000000000000e+09,-6.756135102666615921e+01
6.873750000000000000e+09,-6.753188673957825472e+01
6.873900000000000000e+09,-6.751389763057628102e+01
6.874050000000000000e+09,-6.749722340485652694e+01
6.874200000000000000e+09,-6.747817949895578238e+01
6.874350000000000000e+09,-6.746440901396503875e+01
6.874500000000000000e+09,-6.744712618398094151e+01
6.874650000000000000e+09,-6.743582356589323012e+01
6.874800000000000000e+09,-6.742454756946527539e+01
6.874950000000000000e+09,-6.740908219919315059e+01
6.875100000000000000e+09,-6.739670306283385059e+01
6.875250000000000000e+09,-6.738776015573961331e+01
6.875400000000000000e+09,-6.738215489222643839e+01
6.875550000000000000e+09,-6.736491343634615703e+01
6.875700000000000000e+09,-6.735981292704610723e+01
6.875850000000000000e+09,-6.736049581589742274e+01
6.876000000000000000e+09,-6.735448243763957521e+01
6.876150000000000000e+09,-6.735569494870995300e+01
6.876300000000000000e+09,-6.734974735201069507e+01
6.876450000000000000e+09,-6.735102134874350099e+01
6.876600000000000000e+09,-6.735693860567498348e+01
6.876750000000000000e+09,-6.735443802041358197e+01
6.876900000000000000e+09,-6.735723317767212848e+01
6.877050000000000000e+09,-6.735922411669911014e+01
6.877200000000000000e+09,-6.736356050710941190e+01
6.877350000000000000e+09,-6.736954906487696348e+01
6.877500000000000000e+09,-6.737896836814874746e+01
6.877650000000000000e+09,-6.738856729100368170e+01
6.877800000000000000e+09,-6.739327748144282282e+01
6.877950000000000000e+09,-6.741231713957212435e+01
6.878100000000000000e+09,-6.742218636726798309e+01
6.878250000000000000e+09,-6.743558470826492623e+01
6.878400000000000000e+09,-6.744958725415420986e+01
6.878550000000000000e+09,-6.746166278084609758e+01
6.878700000000000000e+09,-6.748581526103421879e+01
6.878850000000000000e+09,-6.749098808331663690e+01
6.879000000000000000e+09,-6.751132422360356600e+01
6.879150000000000000e+09,-6.753620108265431554e+01
6.879300000000000000e+09,-6.755425064973762517e+01
6.879450000000000000e+09,-6.757419178340202848e+01
6.879600000000000000e+09,-6.759266937201424241e+01
6.879750000000000000e+09,-6.761152148075977664e+01
6.879900000000000000e+09,-6.763413699454144989e+01
6.880050000000000000e+09,-6.765731292066365654e+01
6.880200000000000000e+09,-6.769068550763252290e+01
6.880350000000000000e+09,-6.770739668152843649e+01
6.880500000000000000e+09,-6.773129668028676065e+01
6.880650000000000000e+09,-6.776598461613943414e+01
6.880800000000000000e+09,-6.778752442966654712e+01
6.880950000000000000e+09,-6.781684247277928534e+01
6.881100000000000000e+09,-6.784015823279122515e+01
6.881250000000000000e+09,-6.786382532244903132e+01
6.881400000000000000e+09,-6.790115126865080697e+01
6.881550000000000000e+09,-6.792668080108909123e+01
6.881700000000000000e+09,-6.794928971526698547e+01
6.881850000000000000e+09,-6.798136043688788277e+01
6.882000000000000000e+09,-6.801759757729959688e+01
6.882150000000000000e+09,-6.804452748273131135e+01
6.882300000000000000e+09,-6.807058144013736012e+01
6.882450000000000000e+09,-6.809801650844286769e+01
6.882600000000000000e+09,-6.813199950693226015e+01
6.882750000000000000e+09,-6.816333117384539264e+01
6.882900000000000000e+09,-6.818940503462788172e+01
6.883050000000000000e+09,-6.821870138963635100e+01
6.883200000000000000e+09,-6.824554247878350566e+01
6.883350000000000000e+09,-6.827983575269023220e+01
6.883500000000000000e+09,-6.831167567107063121e+01
6.883650000000000000e+09,-6.833756986715451376e+01
6.883800000000000000e+09,-6.836942140723063233e+01
6.883950000000000000e+09,-6.840569341919297131e+01
6.884100000000000000e+09,-6.842172822298371671e+01
6.884250000000000000e+09,-6.845741160895478572e+01
6.884400000000000000e+09,-6.848992691870743954e+01
6.884550000000000000e+09,-6.852277997753722616e+01
6.884700000000000000e+09,-6.854136875089369596e+01
6.884850000000000000e+09,-6.857920805552342358e+01
6.885000000000000000e+09,-6.860245380712052565e+01
6.885150000000000000e+09,-6.862750669968835382e+01
6.885300000000000000e+09,-6.866156452686990974e+01
6.885450000000000000e+09,-6.868800364649963797e+01
6.885600000000000000e+09,-6.871538429899970879e+01
6.885750000000000000e+09,-6.874097985291558643e+01
6.885900000000000000e+09,-6.877193204583589647e+01
6.886050000000000000e+09,-6.879514901061358501e+01
6.886200000000000000e+09,-6.883148003011093863e+01
6.886350000000000000e+09,-6.885355949411389531e+01
6.886500000000000000e+09,-6.887469862299164447e+01
6.886650000000000000e+09,-6.891203247166441770e+01
6.886800000000000000e+09,-6.893787002616689108e+01
6.886950000000000000e+09,-6.896635916367054620e+01
6.887100000000000000e+09,-6.898584195833039701e+01
6.887250000000000000e+09,-6.900851894335804104e+01
6.887400000000000000e+09,-6.902729150986894524e+01
6.887550000000000000e+09,-6.905294725946406231e+01
6.887700000000000000e+09,-6.907251114642120626e+01
6.887850000000000000e+09,-6.909168130137159380e+01
6.888000000000000000e+09,-6.912068996472788740e+01
6.888150000000000000e+09,-6.913640355977042873e+01
6.888300000000000000e+09,-6.915462410069781640e+01
6.888450000000000000e+09,-6.917641666587344673e+01
6.888600000000000000e+09,-6.919266088835151152e+01
6.888750000000000000e+09,-6.921080270731626172e+01
6.888900000000000000e+09,-6.922804130941986500e+01
6.889050000000000000e+09,-6.924829789970988259e+01
6.889200000000000000e+09,-6.926474908629823801e+01
6.889350000000000000e+09,-6.927398469545615001e+01
6.889500000000000000e+09,-6.928714479581128671e+01
6.889650000000000000e+09,-6.929798166232347967e+01
6.889800000000000000e+09,-6.932557898426748011e+01
6.889950000000000000e+09,-6.933810851533746700e+01
6.890100000000000000e+09,-6.934014887000164151e+01
6.890250000000000000e+09,-6.935495360825876787e+01
6.890400000000000000e+09,-6.936687773667914314e+01
6.890550000000000000e+09,-6.938543343541803665e+01
6.890700000000000000e+09,-6.939151440429094464e+01
6.890850000000000000e+09,-6.939478282202505000e+01
6.891000000000000000e+09,-6.940634559519992308e+01
6.891150000000000000e+09,-6.941755681884121998e+01
6.891300000000000000e+09,-6.941819596023611894e+01
6.891450000000000000e+09,-6.942910575244290783e+01
6.891600000000000000e+09,-6.943476522526857764e+01
6.891750000000000000e+09,-6.943603455772985455e+01
6.891900000000000000e+09,-6.944051436249256426e+01
6.892050000000000000e+09,-6.944555580380496451e+01
6.892200000000000000e+09,-6.944775332767972031e+01
6.892350000000000000e+09,-6.944161292600927027e+01
6.892500000000000000e+09,-6.944441131056285599e+01
6.892650000000000000e+09,-6.944887363519929124e+01
6.892800000000000000e+09,-6.945000078545206179e+01
6.892950000000000000e+09,-6.944269119531273304e+01
6.893100000000000000e+09,-6.943566774001963893e+01
6.893250000000000000e+09,-6.943320459934804489e+01
6.893400000000000000e+09,-6.942493003751268077e+01
6.893550000000000000e+09,-6.942309137031514865e+01
6.893700000000000000e+09,-6.941565581954668573e+01
6.893850000000000000e+09,-6.940414683122980932e+01
6.894000000000000000e+09,-6.940266207789555608e+01
6.894150000000000000e+09,-6.939135041829065642e+01
6.894300000000000000e+09,-6.937922567435431631e+01
6.894450000000000000e+09,-6.937191944251372888e+01
6.894600000000000000e+09,-6.935546959978285031e+01
6.894750000000000000e+09,-6.933933656141518043e+01
6.894900000000000000e+09,-6.932191515579336283e+01
6.895050000000000000e+09,-6.930488463420273604e+01
6.895200000000000000e+09,-6.928562508358658079e+01
6.895350000000000000e+09,-6.927369634472677262e+01
6.895500000000000000e+09,-6.925134228243837242e+01
6.895650000000000000e+09,-6.922440575075580682e+01
6.895800000000000000e+09,-6.920219387511033915e+01
6.895950000000000000e+09,-6.918151467408434030e+01
6.896100000000000000e+09,-6.914777674669910823e+01
6.896250000000000000e+09,-6.912141454153534426e+01
6.896400000000000000e+09,-6.908652514760950680e+01
6.896550000000000000e+09,-6.904265297108275945e+01
6.896700000000000000e+09,-6.902020854862956867e+01
6.896850000000000000e+09,-6.896502444037236046e+01
6.897000000000000000e+09,-6.892404014127028233e+01
6.897150000000000000e+09,-6.886935754421743638e+01
6.897300000000000000e+09,-6.882777567697887378e+01
6.897450000000000000e+09,-6.882738319361709500e+01
6.897600000000000000e+09,-6.904765678294523923e+01
6.897750000000000000e+09,-6.987947134497703416e+01
6.897900000000000000e+09,-7.373843374761003133e+01
6.898050000000000000e+09,-8.651849069606356579e+01
6.898200000000000000e+09,-8.035968186528242541e+01
6.898350000000000000e+09,-7.560622998502299197e+01
6.898500000000000000e+09,-7.343078166051179778e+01
6.898650000000000000e+09,-7.225769194412588092e+01
6.898800000000000000e+09,-7.162822219694845671e+01
6.898950000000000000e+09,-7.113889793709670073e+01
6.899100000000000000e+09,-7.080047633874377766e+01
6.899250000000000000e+09,-7.056450952522918385e+01
6.899400000000000000e+09,-7.034306369391515545e+01
6.899550000000000000e+09,-7.017164639079074107e+01
6.899700000000000000e+09,-7.004574041407403229e+01
6.899850000000000000e+09,-6.993081994213571306e+01
6.900000000000000000e+09,-6.984412986326104544e+01
6.900150000000000000e+09,-6.973724232022918557e+01
6.900300000000000000e+09,-6.963079416584659498e+01
6.900450000000000000e+09,-6.955866575683742781e+01
6.900600000000000000e+09,-6.949433322672361157e+01
6.900750000000000000e+09,-6.944777612466874928e+01
6.900900000000000000e+09,-6.937246789826740212e+01
6.901050000000000000e+09,-6.933316807498152912e+01
6.901200000000000000e+09,-6.927310321703615159e+01
6.901350000000000000e+09,-6.923854204694579551e+01
6.901500000000000000e+09,-6.918584719516231019e+01
6.901650000000000000e+09,-6.919809788468302258e+01
6.901800000000000000e+09,-6.923999349071168297e+01
6.901950000000000000e+09,-6.928243974728401611e+01
6.902100000000000000e+09,-6.927966653216459747e+01
6.902250000000000000e+09,-6.928180267059596531e+01
6.902400000000000000e+09,-6.917034907856819359e+01
6.902550000000000000e+09,-6.907675580878719757e+01
6.902700000000000000e+09,-6.899574458660204357e+01
6.902850000000000000e+09,-6.892674780616361829e+01
6.903000000000000000e+09,-6.889586245595864966e+01
6.903150000000000000e+09,-6.886031581868145679e+01
6.903300000000000000e+09,-6.881467234696825130e+01
6.903450000000000000e+09,-6.878644082538134796e+01
6.903600000000000000e+09,-6.874048293471105353e+01
6.903750000000000000e+09,-6.869351145611099696e+01
6.903900000000000000e+09,-6.865258851460978917e+01
6.904050000000000000e+09,-6.859784256695371596e+01
6.904200000000000000e+09,-6.855238244679303250e+01
6.904350000000000000e+09,-6.851764015032080124e+01
6.904500000000000000e+09,-6.847887513416048932e+01
6.904650000000000000e+09,-6.843958261609353144e+01
6.904800000000000000e+09,-6.841363445418062383e+01
6.904950000000000000e+09,-6.837645705642290750e+01
6.905100000000000000e+09,-6.834400609442232621e+01
6.905250000000000000e+09,-6.831213804935948986e+01
6.905400000000000000e+09,-6.828962207582387123e+01
6.905550000000000000e+09,-6.826985227871647055e+01
6.905700000000000000e+09,-6.824252501221037903e+01
6.905850000000000000e+09,-6.822366939549303311e+01
6.906000000000000000e+09,-6.820717351675091322e+01
6.906150000000000000e+09,-6.818820137767582423e+01
6.906300000000000000e+09,-6.817181005291925544e+01
6.906450000000000000e+09,-6.815171661332155395e+01
6.906600000000000000e+09,-6.814342041300746189e+01
6.906750000000000000e+09,-6.813689629986363627e+01
6.906900000000000000e+09,-6.812593898153909322e+01
6.907050000000000000e+09,-6.812005918503649582e+01
6.907200000000000000e+09,-6.811874815520621951e+01
6.907350000000000000e+09,-6.810772118261751018e+01
6.907500000000000000e+09,-6.810662495506190339e+01
6.907650000000000000e+09,-6.811136163794739673e+01
6.907800000000000000e+09,-6.811312173688821758e+01
6.907950000000000000e+09,-6.811216356740878553e+01
6.908100000000000000e+09,-6.812104125825703704e+01
6.908250000000000000e+09,-6.812342437507867032e+01
6.908400000000000000e+09,-6.813230506924888630e+01
6.908550000000000000e+09,-6.813629362595479222e+01
6.908700000000000000e+09,-6.814502608744683698e+01
6.908850000000000000e+09,-6.815235713959468455e+01
6.909000000000000000e+09,-6.816528869446921135e+01
6.909150000000000000e+09,-6.818315145005782085e+01
6.909300000000000000e+09,-6.820182680167687295e+01
6.909450000000000000e+09,-6.821344044823183594e+01
6.909600000000000000e+09,-6.822837180918125455e+01
6.909750000000000000e+09,-6.825447510109455607e+01
6.909900000000000000e+09,-6.826588654093353625e+01
6.910050000000000000e+09,-6.828630054899099378e+01
6.910200000000000000e+09,-6.831659487844189016e+01
6.910350000000000000e+09,-6.833995944382637333e+01
6.910500000000000000e+09,-6.836804996481629360e+01
6.910650000000000000e+09,-6.838939723976277207e+01
6.910800000000000000e+09,-6.841300832853106328e+01
6.910950000000000000e+09,-6.843818846020025148e+01
6.911100000000000000e+09,-6.846894930155049508e+01
6.911250000000000000e+09,-6.850038084126309457e+01
6.911400000000000000e+09,-6.852699126512895589e+01
6.911550000000000000e+09,-6.855529708719274140e+01
6.911700000000000000e+09,-6.858443001746280743e+01
6.911850000000000000e+09,-6.860431146648340928e+01
6.912000000000000000e+09,-6.863568319230297732e+01
6.912150000000000000e+09,-6.867322330060966351e+01
6.912300000000000000e+09,-6.869670061425458130e+01
6.912450000000000000e+09,-6.872769793941466787e+01
6.912600000000000000e+09,-6.876013528463191449e+01
6.912750000000000000e+09,-6.879054320552923230e+01
6.912900000000000000e+09,-6.882244979067907309e+01
6.913050000000000000e+09,-6.885866992085310301e+01
6.913200000000000000e+09,-6.889282711421887484e+01
6.913350000000000000e+09,-6.892552974873879634e+01
6.913500000000000000e+09,-6.895574652711454178e+01
6.913650000000000000e+09,-6.898937607698405827e+01
6.913800000000000000e+09,-6.902381627886140336e+01
6.913950000000000000e+09,-6.905591581502204690e+01
6.914100000000000000e+09,-6.909647587997017126e+01
6.914250000000000000e+09,-6.912536320032774029e+01
6.914400000000000000e+09,-6.915510777964721001e+01
6.914550000000000000e+09,-6.919111297782498582e+01
6.914700000000000000e+09,-6.921988950156435294e+01
6.914850000000000000e+09,-6.925093605414296860e+01
6.915000000000000000e+09,-6.927985805578236977e+01
6.915150000000000000e+09,-6.931507473371409844e+01
6.915300000000000000e+09,-6.935228296870610620e+01
6.915450000000000000e+09,-6.938879258182878118e+01
6.915600000000000000e+09,-6.941916045471840846e+01
6.915750000000000000e+09,-6.944218647876130035e+01
6.915900000000000000e+09,-6.947091205275202697e+01
6.916050000000000000e+09,-6.950194984241409202e+01
6.916200000000000000e+09,-6.953594521642331472e+01
6.916350000000000000e+09,-6.956163059089521994e+01
6.916500000000000000e+09,-6.959036742977767176e+01
6.916650000000000000e+09,-6.961111855301973605e+01
6.916800000000000000e+09,-6.964351506684501203e+01
6.916950000000000000e+09,-6.967332773801759060e+01
6.917100000000000000e+09,-6.969183287917599046e+01
6.917250000000000000e+09,-6.971895646648012246e+01
6.917400000000000000e+09,-6.974034036959675120e+01
6.917550000000000000e+09,-6.976277688384359976e+01
6.917700000000000000e+09,-6.978896515555243241e+01
6.917850000000000000e+09,-6.980720647100390863e+01
6.918000000000000000e+09,-6.982841974766509452e+01
6.918150000000000000e+09,-6.984902926472052798e+01
6.918300000000000000e+09,-6.986875339796209516e+01
6.918450000000000000e+09,-6.988875656666773750e+01
6.918600000000000000e+09,-6.990625823838909980e+01
6.918750000000000000e+09,-6.992994911947340597e+01
6.918900000000000000e+09,-6.994945217711334351e+01
6.919050000000000000e+09,-6.996578159481023818e+01
6.919200000000000000e+09,-6.997597756121672319e+01
6.919350000000000000e+09,-6.999879139136990602e+01
6.919500000000000000e+09,-7.001149604856419728e+01
6.919650000000000000e+09,-7.001968840903460034e+01
6.919800000000000000e+09,-7.002744863516835494e+01
6.919950000000000000e+09,-7.003636699660258103e+01
6.920100000000000000e+09,-7.004625700351280670e+01
6.920250000000000000e+09,-7.005815866019101179e+01
6.920400000000000000e+09,-7.007257288763609893e+01
6.920550000000000000e+09,-7.008238938252225125e+01
6.920700000000000000e+09,-7.009323612346359766e+01
6.920850000000000000e+09,-7.010212636630087957e+01
6.921000000000000000e+09,-7.011198002858881750e+01
6.921150000000000000e+09,-7.011084797633286314e+01
6.921300000000000000e+09,-7.012091361212807783e+01
6.921450000000000000e+09,-7.013085406472319505e+01
6.921600000000000000e+09,-7.012883862921314915e+01
6.921750000000000000e+09,-7.013152288179119864e+01
6.921900000000000000e+09,-7.013577478257276709e+01
6.922050000000000000e+09,-7.014142511981648909e+01
6.922200000000000000e+09,-7.014465459834339356e+01
6.922350000000000000e+09,-7.014079643559543342e+01
6.922500000000000000e+09,-7.012792646644510342e+01
6.922650000000000000e+09,-7.013699834942525513e+01
6.922800000000000000e+09,-7.012979424743713253e+01
6.922950000000000000e+09,-7.013637729772628404e+01
6.923100000000000000e+09,-7.012578946240491007e+01
6.923250000000000000e+09,-7.012164346907580637e+01
6.923400000000000000e+09,-7.012050658156948657e+01
6.923550000000000000e+09,-7.010622132216357727e+01
6.923700000000000000e+09,-7.010307230145529900e+01
6.923850000000000000e+09,-7.009996687155427253e+01
6.924000000000000000e+09,-7.008725935682440422e+01
6.924150000000000000e+09,-7.008147021397138587e+01
6.924300000000000000e+09,-7.006245913075075293e+01
6.924450000000000000e+09,-7.006480368972323447e+01
6.924600000000000000e+09,-7.004666670611767643e+01
6.924750000000000000e+09,-7.003311385537695344e+01
6.924900000000000000e+09,-7.002261975219508372e+01
6.925050000000000000e+09,-6.999374616660671222e+01
6.925200000000000000e+09,-6.998612583478499971e+01
6.925350000000000000e+09,-6.997515503205275422e+01
6.925500000000000000e+09,-6.994623043643807137e+01
6.925650000000000000e+09,-6.993840640194578384e+01
6.925800000000000000e+09,-6.991215122728971210e+01
6.925950000000000000e+09,-6.989256872805241017e+01
6.926100000000000000e+09,-6.987480206558102225e+01
6.926250000000000000e+09,-6.985300070566682962e+01
6.926400000000000000e+09,-6.982278525422140092e+01
6.926550000000000000e+09,-6.981419550555295928e+01
6.926700000000000000e+09,-6.979012613901196005e+01
6.926850000000000000e+09,-6.976331448324687301e+01
6.927000000000000000e+09,-6.972956425598746932e+01
6.927150000000000000e+09,-6.970611553433985819e+01
6.927300000000000000e+09,-6.968081147909450124e+01
6.927450000000000000e+09,-6.965043683106240735e+01
6.927600000000000000e+09,-6.961431506232673883e+01
6.927750000000000000e+09,-6.958689598229926787e+01
6.927900000000000000e+09,-6.956632911825342092e+01
6.928050000000000000e+09,-6.952138213278894341e+01
6.928200000000000000e+09,-6.949631158526970864e+01
6.928350000000000000e+09,-6.945834722560873331e+01
6.928500000000000000e+09,-6.942157074296916619e+01
6.928650000000000000e+09,-6.938507041437706846e+01
6.928800000000000000e+09,-6.935686958245648270e+01
6.928950000000000000e+09,-6.931077366312094057e+01
6.929100000000000000e+09,-6.928010873327632169e+01
6.929250000000000000e+09,-6.924809454614624826e+01
6.929400000000000000e+09,-6.925953583197254204e+01
6.929550000000000000e+09,-6.953987761835293213e+01
6.929700000000000000e+09,-7.029451240670483969e+01
6.929850000000000000e+09,-7.157034740989939792e+01
6.930000000000000000e+09,-7.450587781691550049e+01
6.930150000000000000e+09,-8.204014149884261542e+01
6.930300000000000000e+09,-8.725837837914710349e+01
6.930450000000000000e+09,-7.720405569377305710e+01
6.930600000000000000e+09,-7.418307126541178320e+01
6.930750000000000000e+09,-7.268381646858125578e+01
6.930900000000000000e+09,-7.185235838321518997e+01
6.931050000000000000e+09,-7.125926122683461017e+01
6.931200000000000000e+09,-7.084136773454977742e+01
6.931350000000000000e+09,-7.053058236908226775e+01
6.931500000000000000e+09,-7.032765568653459809e+01
6.931650000000000000e+09,-7.012691488330116840e+01
6.931800000000000000e+09,-6.994046071001341147e+01
6.931950000000000000e+09,-6.982211692642187018e+01
6.932100000000000000e+09,-6.970808087333841740e+01
6.932250000000000000e+09,-6.961312249651696504e+01
6.932400000000000000e+09,-6.955239453035801489e+01
6.932550000000000000e+09,-6.956447423244939898e+01
6.932700000000000000e+09,-6.940339012665133112e+01
6.932850000000000000e+09,-6.933560591678764240e+01
6.933000000000000000e+09,-6.930475185242127623e+01
6.933150000000000000e+09,-6.918917534687464865e+01
6.933300000000000000e+09,-6.904200111453336319e+01
6.933450000000000000e+09,-6.903144824597451645e+01
6.933600000000000000e+09,-6.899237386896744795e+01
6.933750000000000000e+09,-6.889080308326282420e+01
6.933900000000000000e+09,-6.884439696009356169e+01
6.934050000000000000e+09,-6.879275783445348225e+01
6.934200000000000000e+09,-6.881294815162077327e+01
6.934350000000000000e+09,-6.880368598282434789e+01
6.934500000000000000e+09,-6.873607581615826234e+01
6.934650000000000000e+09,-6.865097808988421946e+01
6.934800000000000000e+09,-6.858220969341513751e+01
6.934950000000000000e+09,-6.854452082881256558e+01
6.935100000000000000e+09,-6.850420998567156516e+01
6.935250000000000000e+09,-6.844432767108506255e+01
6.935400000000000000e+09,-6.840296160744543386e+01
6.935550000000000000e+09,-6.835919918532137274e+01
6.935700000000000000e+09,-6.831670928128718856e+01
6.935850000000000000e+09,-6.826827849620472932e+01
6.936000000000000000e+09,-6.822930087447900860e+01
6.936150000000000000e+09,-6.818581466833217064e+01
6.936300000000000000e+09,-6.814649464758196018e+01
6.936450000000000000e+09,-6.810432221570547995e+01
6.936600000000000000e+09,-6.806965093428806313e+01
6.936750000000000000e+09,-6.803692287206615674e+01
6.936900000000000000e+09,-6.800525781812764592e+01
6.937050000000000000e+09,-6.798000879404264651e+01
6.937200000000000000e+09,-6.795088923481243626e+01
6.937350000000000000e+09,-6.791974483018677233e+01
6.937500000000000000e+09,-6.790298500110306179e+01
6.937650000000000000e+09,-6.787735849106260844e+01
6.937800000000000000e+09,-6.786083214559110388e+01
6.937950000000000000e+09,-6.784273537314830094e+01
6.938100000000000000e+09,-6.782812142707213354e+01
6.938250000000000000e+09,-6.780818559192395867e+01
6.938400000000000000e+09,-6.779834712405008190e+01
6.938550000000000000e+09,-6.778650557735693383e+01
6.938700000000000000e+09,-6.778081369251276556e+01
6.938850000000000000e+09,-6.777178348933945529e+01
6.939000000000000000e+09,-6.776491808377622306e+01
6.939150000000000000e+09,-6.776628572217713042e+01
6.939300000000000000e+09,-6.775536737508579677e+01
6.939450000000000000e+09,-6.775834332444770780e+01
6.939600000000000000e+09,-6.775478259246040125e+01
6.939750000000000000e+09,-6.775686319696143300e+01
6.939900000000000000e+09,-6.776792259570078159e+01
6.940050000000000000e+09,-6.776898309764311534e+01
6.940200000000000000e+09,-6.777705840207323718e+01
6.940350000000000000e+09,-6.778201454560419847e+01
6.940500000000000000e+09,-6.780307510586213482e+01
6.940650000000000000e+09,-6.780686169153152321e+01
6.940800000000000000e+09,-6.782643602992054355e+01
6.940950000000000000e+09,-6.784177820205960074e+01
6.941100000000000000e+09,-6.785855216228139852e+01
6.941250000000000000e+09,-6.787051078752114108e+01
6.941400000000000000e+09,-6.789243134656243228e+01
6.941550000000000000e+09,-6.791331163468771592e+01
6.941700000000000000e+09,-6.793505815853481522e+01
6.941850000000000000e+09,-6.795784412854146694e+01
6.942000000000000000e+09,-6.798783941373901030e+01
6.942150000000000000e+09,-6.801270239329465994e+01
6.942300000000000000e+09,-6.803757073166592306e+01
6.942450000000000000e+09,-6.807183762824281814e+01
6.942600000000000000e+09,-6.808837081673745217e+01
6.942750000000000000e+09,-6.812769977168903779e+01
6.942900000000000000e+09,-6.815353278613957855e+01
6.943050000000000000e+09,-6.819013369038988515e+01
6.943200000000000000e+09,-6.821889949727155056e+01
6.943350000000000000e+09,-6.825373847360769730e+01
6.943500000000000000e+09,-6.828737842626968302e+01
6.943650000000000000e+09,-6.831897990143367849e+01
6.943800000000000000e+09,-6.834816835548335234e+01
6.943950000000000000e+09,-6.838515375352554315e+01
6.944100000000000000e+09,-6.841628975421767223e+01
6.944250000000000000e+09,-6.844998415742391273e+01
6.944400000000000000e+09,-6.848883560139066162e+01
6.944550000000000000e+09,-6.852391225101658279e+01
6.944700000000000000e+09,-6.855479586234305600e+01
6.944850000000000000e+09,-6.858908218046973104e+01
6.945000000000000000e+09,-6.864028288650837339e+01
6.945150000000000000e+09,-6.866882073210430804e+01
6.945300000000000000e+09,-6.870361987458301201e+01
6.945450000000000000e+09,-6.874628230198996448e+01
6.945600000000000000e+09,-6.877346560078619575e+01
6.945750000000000000e+09,-6.881330824340179220e+01
6.945900000000000000e+09,-6.884795970833860679e+01
6.946050000000000000e+09,-6.888602029427843831e+01
6.946200000000000000e+09,-6.892216025299914861e+01
6.946350000000000000e+09,-6.896298395452657815e+01
6.946500000000000000e+09,-6.898791878967909952e+01
6.946650000000000000e+09,-6.903158578571864723e+01
6.946800000000000000e+09,-6.906192552228684178e+01
6.946950000000000000e+09,-6.909824110693652699e+01
6.947100000000000000e+09,-6.912918417944777616e+01
6.947250000000000000e+09,-6.916271749503204092e+01
6.947400000000000000e+09,-6.919960724998931312e+01
6.947550000000000000e+09,-6.923410789300328361e+01
6.947700000000000000e+09,-6.926686969310587472e+01
6.947850000000000000e+09,-6.930417162034598277e+01
6.948000000000000000e+09,-6.933594572324862781e+01
6.948150000000000000e+09,-6.936983748317732079e+01
6.948300000000000000e+09,-6.939934640171286162e+01
6.948450000000000000e+09,-6.943052526508925837e+01
6.948600000000000000e+09,-6.945914031849076764e+01
6.948750000000000000e+09,-6.949602827386713955e+01
6.948900000000000000e+09,-6.952565200999414685e+01
6.949050000000000000e+09,-6.954467378373243491e+01
6.949200000000000000e+09,-6.957965105331629729e+01
6.949350000000000000e+09,-6.959892425483612044e+01
6.949500000000000000e+09,-6.962736726883225913e+01
6.949650000000000000e+09,-6.964671266456390697e+01
6.949800000000000000e+09,-6.967118629487447379e+01
6.949950000000000000e+09,-6.969321819777378835e+01
6.950100000000000000e+09,-6.970880808594664302e+01
6.950250000000000000e+09,-6.973706202006920307e+01
6.950400000000000000e+09,-6.975587121377562028e+01
6.950550000000000000e+09,-6.977901763071041330e+01
6.950700000000000000e+09,-6.978025700238976015e+01
6.950850000000000000e+09,-6.979691399490226900e+01
6.951000000000000000e+09,-6.981829691962238371e+01
6.951150000000000000e+09,-6.982839549537592916e+01
6.951300000000000000e+09,-6.984421800852545914e+01
6.951450000000000000e+09,-6.985528461323191607e+01
6.951600000000000000e+09,-6.985205114063138865e+01
6.951750000000000000e+09,-6.985342543659879766e+01
6.951900000000000000e+09,-6.986943608190139798e+01
6.952050000000000000e+09,-6.988091627847217069e+01
6.952200000000000000e+09,-6.988388239156654436e+01
6.952350000000000000e+09,-6.988543364518176304e+01
6.952500000000000000e+09,-6.988685769594188457e+01
6.952650000000000000e+09,-6.989096256761327197e+01
6.952800000000000000e+09,-6.989131164983407984e+01
6.952950000000000000e+09,-6.989201533025776314e+01
6.953100000000000000e+09,-6.989005703711103479e+01
6.953250000000000000e+09,-6.988663970929971470e+01
6.953400000000000000e+09,-6.988376087406959414e+01
6.953550000000000000e+09,-6.988495713879656535e+01
6.953700000000000000e+09,-6.987873536376365280e+01
6.953850000000000000e+09,-6.987786974330943224e+01
6.954000000000000000e+09,-6.986737142895576369e+01
6.954150000000000000e+09,-6.986216626891997805e+01
6.954300000000000000e+09,-6.984938195253883464e+01
6.954450000000000000e+09,-6.985384594420396809e+01
6.954600000000000000e+09,-6.984169316348263123e+01
6.954750000000000000e+09,-6.982568972313544009e+01
6.954900000000000000e+09,-6.980555157404532451e+01
6.955050000000000000e+09,-6.978821948656839425e+01
6.955200000000000000e+09,-6.978182946926838781e+01
6.955350000000000000e+09,-6.976851531114289173e+01
6.955500000000000000e+09,-6.975193135126532695e+01
6.955650000000000000e+09,-6.972803364970579310e+01
6.955800000000000000e+09,-6.970853414189696196e+01
6.955950000000000000e+09,-6.968996836993204624e+01
6.956100000000000000e+09,-6.967182200583437179e+01
6.956250000000000000e+09,-6.964968213861025959e+01
6.956400000000000000e+09,-6.963565669132651692e+01
6.956550000000000000e+09,-6.959879824241228619e+01
6.956700000000000000e+09,-6.958278678960849106e+01
6.956850000000000000e+09,-6.956221811447254311e+01
6.957000000000000000e+09,-6.953965567932856118e+01
6.957150000000000000e+09,-6.950013770131042179e+01
6.957300000000000000e+09,-6.947536880920122826e+01
6.957450000000000000e+09,-6.945345378191618124e+01
6.957600000000000000e+09,-6.941543895395616914e+01
6.957750000000000000e+09,-6.939789419930006886e+01
6.957900000000000000e+09,-6.935664707874649082e+01
6.958050000000000000e+09,-6.932306511709627728e+01
6.958200000000000000e+09,-6.929769905788818107e+01
6.958350000000000000e+09,-6.926325959590246839e+01
6.958500000000000000e+09,-6.922385270736066332e+01
6.958650000000000000e+09,-6.919230569599415048e+01
6.958800000000000000e+09,-6.915656394001352680e+01
6.958950000000000000e+09,-6.913207949454366030e+01
6.959100000000000000e+09,-6.908691927008426603e+01
6.959250000000000000e+09,-6.904899209483266986e+01
6.959400000000000000e+09,-6.899894576355249853e+01
6.959550000000000000e+09,-6.897015450996651964e+01
6.959700000000000000e+09,-6.892721094886461231e+01
6.959850000000000000e+09,-6.888582841175038141e+01
6.960000000000000000e+09,-6.883598438579957701e+01
6.960150000000000000e+09,-6.879298684274394304e+01
6.960300000000000000e+09,-6.874089909976460433e+01
6.960450000000000000e+09,-6.870755484118492973e+01
6.960600000000000000e+09,-6.866199613241437305e+01
6.960750000000000000e+09,-6.860443688545706209e+01
6.960900000000000000e+09,-6.856226750840068007e+01
6.961050000000000000e+09,-6.851284706173761663e+01
6.961200000000000000e+09,-6.846892916538570262e+01
6.961350000000000000e+09,-6.841107758263829908e+01
6.961500000000000000e+09,-6.836078649811115326e+01
6.961650000000000000e+09,-6.830028606007944347e+01
6.961800000000000000e+09,-6.825533216293032979e+01
6.961950000000000000e+09,-6.819418219979644391e+01
6.962100000000000000e+09,-6.816723742323651436e+01
6.962250000000000000e+09,-6.820550955351069433e+01
6.962400000000000000e+09,-6.838675243571788087e+01
6.962550000000000000e+09,-6.917347211911744864e+01
6.962700000000000000e+09,-7.198370883325169700e+01
6.962850000000000000e+09,-8.111954195212734930e+01
6.963000000000000000e+09,-8.239354222810975159e+01
6.963150000000000000e+09,-7.484383780263280528e+01
6.963300000000000000e+09,-7.239073287803957157e+01
6.963450000000000000e+09,-7.117626991182117990e+01
6.963600000000000000e+09,-7.042476423358829152e+01
6.963750000000000000e+09,-6.995768833255499430e+01
6.963900000000000000e+09,-6.961236303442811391e+01
6.964050000000000000e+09,-6.936427308339274589e+01
6.964200000000000000e+09,-6.916464339352721424e+01
6.964350000000000000e+09,-6.900086877240126171e+01
6.964500000000000000e+09,-6.884263270114918498e+01
6.964650000000000000e+09,-6.872759402975087539e+01
6.964800000000000000e+09,-6.866327723145188600e+01
6.964950000000000000e+09,-6.854363860138769837e+01
6.965100000000000000e+09,-6.848292478485853962e+01
6.965250000000000000e+09,-6.840167425684815328e+01
6.965400000000000000e+09,-6.830762332722420638e+01
6.965550000000000000e+09,-6.823482002872458452e+01
6.965700000000000000e+09,-6.817994325406283451e+01
6.965850000000000000e+09,-6.818935198969023759e+01
6.966000000000000000e+09,-6.803361549815255671e+01
6.966150000000000000e+09,-6.793725098440245347e+01
6.966300000000000000e+09,-6.789753853891301105e+01
6.966450000000000000e+09,-6.792877763501407173e+01
6.966600000000000000e+09,-6.782858244732084074e+01
6.966750000000000000e+09,-6.774948985404229518e+01
6.966900000000000000e+09,-6.771285191684013682e+01
6.967050000000000000e+09,-6.767536991945752334e+01
6.967200000000000000e+09,-6.764443241958031194e+01
6.967350000000000000e+09,-6.766740722363316252e+01
6.967500000000000000e+09,-6.766100919377664979e+01
6.967650000000000000e+09,-6.763546705751269883e+01
6.967800000000000000e+09,-6.762296366734982200e+01
6.967950000000000000e+09,-6.760412390449221220e+01
6.968100000000000000e+09,-6.757754933210314618e+01
6.968250000000000000e+09,-6.755144047281132202e+01
6.968400000000000000e+09,-6.751403935343827811e+01
6.968550000000000000e+09,-6.749283068627663340e+01
6.968700000000000000e+09,-6.746046549157769334e+01
6.968850000000000000e+09,-6.743512433992877675e+01
6.969000000000000000e+09,-6.741820687828844427e+01
6.969150000000000000e+09,-6.739679265564043931e+01
6.969300000000000000e+09,-6.737162697723007909e+01
6.969450000000000000e+09,-6.736401790880492513e+01
6.969600000000000000e+09,-6.734981549777418763e+01
6.969750000000000000e+09,-6.734025907771248853e+01
6.969900000000000000e+09,-6.732749075175880193e+01
6.970050000000000000e+09,-6.731929197815161103e+01
6.970200000000000000e+09,-6.731820645535320580e+01
6.970350000000000000e+09,-6.731362152000262711e+01
6.970500000000000000e+09,-6.731274270673752369e+01
6.970650000000000000e+09,-6.731873542806822286e+01
6.970800000000000000e+09,-6.732074309588131200e+01
6.970950000000000000e+09,-6.732204986210406616e+01
6.971100000000000000e+09,-6.732828420650454859e+01
6.971250000000000000e+09,-6.733375353554227161e+01
6.971400000000000000e+09,-6.734018061903198316e+01
6.971550000000000000e+09,-6.735758698333968653e+01
6.971700000000000000e+09,-6.736607420364212828e+01
6.971850000000000000e+09,-6.738174563226974101e+01
6.972000000000000000e+09,-6.740187454673349521e+01
6.972150000000000000e+09,-6.741106112165000752e+01
6.972300000000000000e+09,-6.742985382087347546e+01
6.972450000000000000e+09,-6.745119371917729723e+01
6.972600000000000000e+09,-6.746604487534580130e+01
6.972750000000000000e+09,-6.749080208732340225e+01
6.972900000000000000e+09,-6.751294210535674267e+01
6.973050000000000000e+09,-6.753655100163319958e+01
6.973200000000000000e+09,-6.756818368511856931e+01
6.973350000000000000e+09,-6.759253721941460924e+01
6.973500000000000000e+09,-6.762241423009882624e+01
6.973650000000000000e+09,-6.764914752461382363e+01
6.973800000000000000e+09,-6.767612454938149824e+01
6.973950000000000000e+09,-6.770743246543817406e+01
6.974100000000000000e+09,-6.773941283678186664e+01
6.974250000000000000e+09,-6.776638399590784445e+01
6.974400000000000000e+09,-6.780795150423278983e+01
6.974550000000000000e+09,-6.783079554133496458e+01
6.974700000000000000e+09,-6.786625167708508855e+01
6.974850000000000000e+09,-6.790020387863890505e+01
6.975000000000000000e+09,-6.793320604228412662e+01
6.975150000000000000e+09,-6.796690425563241433e+01
6.975300000000000000e+09,-6.799803950000459452e+01
6.975450000000000000e+09,-6.803145102865995852e+01
6.975600000000000000e+09,-6.807370491723978034e+01
6.975750000000000000e+09,-6.809953389601449203e+01
6.975900000000000000e+09,-6.813606849665590914e+01
6.976050000000000000e+09,-6.816730377433229648e+01
6.976200000000000000e+09,-6.820626521458191860e+01
6.976350000000000000e+09,-6.824445483519244249e+01
6.976500000000000000e+09,-6.827835153462758910e+01
6.976650000000000000e+09,-6.831038474222228274e+01
6.976800000000000000e+09,-6.835486904843628508e+01
6.976950000000000000e+09,-6.838878757328413371e+01
6.977100000000000000e+09,-6.842323561812807498e+01
6.977250000000000000e+09,-6.845636158216412070e+01
6.977400000000000000e+09,-6.848587271549982347e+01
6.977550000000000000e+09,-6.852290844301286654e+01
6.977700000000000000e+09,-6.856000631312787164e+01
6.977850000000000000e+09,-6.859159706692074110e+01
6.978000000000000000e+09,-6.862287035517661593e+01
6.978150000000000000e+09,-6.865832169250394657e+01
6.978300000000000000e+09,-6.868720424621534448e+01
6.978450000000000000e+09,-6.871900795209296575e+01
6.978600000000000000e+09,-6.875704360761497469e+01
6.978750000000000000e+09,-6.878391407234229860e+01
6.978900000000000000e+09,-6.881630155867127030e+01
6.979050000000000000e+09,-6.884824730637157586e+01
6.979200000000000000e+09,-6.887270401290932398e+01
6.979350000000000000e+09,-6.890201276024066601e+01
6.979500000000000000e+09,-6.893444466439940754e+01
6.979650000000000000e+09,-6.896328248349269074e+01
6.979800000000000000e+09,-6.899231012577189404e+01
6.979950000000000000e+09,-6.901892904811839458e+01
6.980100000000000000e+09,-6.904345037094934412e+01
6.980250000000000000e+09,-6.906919572028351695e+01
6.980400000000000000e+09,-6.908774349727552533e+01
6.980550000000000000e+09,-6.912176207588821342e+01
6.980700000000000000e+09,-6.914652947054820231e+01
6.980850000000000000e+09,-6.916865132025903051e+01
6.981000000000000000e+09,-6.918233626526843238e+01
6.981150000000000000e+09,-6.920652683425873875e+01
6.981300000000000000e+09,-6.922451845583739782e+01
6.981450000000000000e+09,-6.925049902415264569e+01
6.981600000000000000e+09,-6.926363010701069811e+01
6.981750000000000000e+09,-6.928617417941393342e+01
6.981900000000000000e+09,-6.931161537138811468e+01
6.982050000000000000e+09,-6.932429824186827716e+01
6.982200000000000000e+09,-6.934015820185500445e+01
6.982350000000000000e+09,-6.936120290661708054e+01
6.982500000000000000e+09,-6.937634346290444398e+01
6.982650000000000000e+09,-6.939085202859929780e+01
6.982800000000000000e+09,-6.940452716851390846e+01
6.982950000000000000e+09,-6.941593603204873375e+01
6.983100000000000000e+09,-6.942751343626433425e+01
6.983250000000000000e+09,-6.943366031460159604e+01
6.983400000000000000e+09,-6.944760152121962449e+01
6.983550000000000000e+09,-6.946023231600190684e+01
6.983700000000000000e+09,-6.947212053813252908e+01
6.983850000000000000e+09,-6.947708036602023185e+01
6.984000000000000000e+09,-6.947856415348847747e+01
6.984150000000000000e+09,-6.948510938943881854e+01
6.984300000000000000e+09,-6.949185982945728313e+01
6.984450000000000000e+09,-6.949788966922396583e+01
6.984600000000000000e+09,-6.949574777022110084e+01
6.984750000000000000e+09,-6.949552413783965221e+01
6.984900000000000000e+09,-6.950008491977989422e+01
6.985050000000000000e+09,-6.949913521116781112e+01
6.985200000000000000e+09,-6.950389195960178768e+01
6.985350000000000000e+09,-6.949670922361636372e+01
6.985500000000000000e+09,-6.949763444364751308e+01
6.985650000000000000e+09,-6.949255769905684588e+01
6.985800000000000000e+09,-6.949040206117129514e+01
6.985950000000000000e+09,-6.947679329736169507e+01
6.986100000000000000e+09,-6.947973906848085335e+01
6.986250000000000000e+09,-6.947167861854795490e+01
6.986400000000000000e+09,-6.946087654967860203e+01
6.986550000000000000e+09,-6.944156156561413695e+01
6.986700000000000000e+09,-6.943185537630670012e+01
6.986850000000000000e+09,-6.942575651044782603e+01
6.987000000000000000e+09,-6.941959842455545981e+01
6.987150000000000000e+09,-6.940153980847907178e+01
6.987300000000000000e+09,-6.938817632305106997e+01
6.987450000000000000e+09,-6.937023551500705310e+01
6.987600000000000000e+09,-6.935397537677934565e+01
6.987750000000000000e+09,-6.933312752946308422e+01
6.987900000000000000e+09,-6.931263764239102443e+01
6.988050000000000000e+09,-6.929569765190127839e+01
6.988200000000000000e+09,-6.927799363433121016e+01
6.988350000000000000e+09,-6.925435210206485692e+01
6.988500000000000000e+09,-6.922996606567114952e+01
6.988650000000000000e+09,-6.921326339554171625e+01
6.988800000000000000e+09,-6.918537030197967397e+01
6.988950000000000000e+09,-6.915669576313005962e+01
6.989100000000000000e+09,-6.913307097385457212e+01
6.989250000000000000e+09,-6.911075310622273093e+01
6.989400000000000000e+09,-6.908688188574679145e+01
6.989550000000000000e+09,-6.906031630080020989e+01
6.989700000000000000e+09,-6.903581384696623502e+01
6.989850000000000000e+09,-6.900966890794907727e+01
6.990000000000000000e+09,-6.898084678799607161e+01
6.990150000000000000e+09,-6.895452906090223166e+01
6.990300000000000000e+09,-6.891849549219051596e+01
6.990450000000000000e+09,-6.888732236476882065e+01
6.990600000000000000e+09,-6.885461739756567567e+01
6.990750000000000000e+09,-6.882579572681433433e+01
6.990900000000000000e+09,-6.879485031370165871e+01
6.991050000000000000e+09,-6.875723410187346474e+01
6.991200000000000000e+09,-6.872280209755986391e+01
6.991350000000000000e+09,-6.868895933396622411e+01
6.991500000000000000e+09,-6.865872021979599538e+01
6.991650000000000000e+09,-6.861905228909483867e+01
6.991800000000000000e+09,-6.858546514043021602e+01
6.991950000000000000e+09,-6.854800730548629417e+01
6.992100000000000000e+09,-6.850097175149890916e+01
6.992250000000000000e+09,-6.847752815200399823e+01
6.992400000000000000e+09,-6.843114438295646096e+01
6.992550000000000000e+09,-6.839707618242438514e+01
6.992700000000000000e+09,-6.835784902648615002e+01
6.992850000000000000e+09,-6.832297997253894550e+01
6.993000000000000000e+09,-6.828144118960766207e+01
6.993150000000000000e+09,-6.824177764342078945e+01
6.993300000000000000e+09,-6.820251591289550674e+01
6.993450000000000000e+09,-6.816574753197775749e+01
6.993600000000000000e+09,-6.812190696999616080e+01
6.993750000000000000e+09,-6.808562797542964518e+01
6.993900000000000000e+09,-6.804147830526898133e+01
6.994050000000000000e+09,-6.799883478790279412e+01
6.994200000000000000e+09,-6.796915803390828614e+01
6.994350000000000000e+09,-6.791878079320224515e+01
6.994500000000000000e+09,-6.787782674947068529e+01
6.994650000000000000e+09,-6.784012981805429376e+01
6.994800000000000000e+09,-6.779761414283690613e+01
6.994950000000000000e+09,-6.775201540066353800e+01
6.995100000000000000e+09,-6.771388882785055330e+01
6.995250000000000000e+09,-6.767716940919054025e+01
6.995400000000000000e+09,-6.763337132143929864e+01
6.995550000000000000e+09,-6.759503314549967001e+01
6.995700000000000000e+09,-6.756014416848802284e+01
6.995850000000000000e+09,-6.751530499106506511e+01
6.996000000000000000e+09,-6.748158425198488430e+01
6.996150000000000000e+09,-6.744650539834799474e+01
6.996300000000000000e+09,-6.741057450832587961e+01
6.996450000000000000e+09,-6.736766640522132832e+01
6.996600000000000000e+09,-6.733117135494791228e+01
6.996750000000000000e+09,-6.729278891708047183e+01
6.996900000000000000e+09,-6.726787753229476152e+01
6.997050000000000000e+09,-6.723126794577397902e+01
6.997200000000000000e+09,-6.719251818864003667e+01
6.997350000000000000e+09,-6.715883082948919025e+01
6.997500000000000000e+09,-6.712339833933403099e+01
6.997650000000000000e+09,-6.709389670729945010e+01
6.997800000000000000e+09,-6.706595079480885602e+01
6.997950000000000000e+09,-6.703362515786268716e+01
6.998100000000000000e+09,-6.701190768838043255e+01
6.998250000000000000e+09,-6.698223696317634790e+01
6.998400000000000000e+09,-6.695632950465082445e+01
6.998550000000000000e+09,-6.694030699750933877e+01
6.998700000000000000e+09,-6.693506260770463712e+01
6.998850000000000000e+09,-6.692462257617479793e+01
6.999000000000000000e+09,-6.694086349641362688e+01
6.999150000000000000e+09,-6.696492712938410818e+01
6.999300000000000000e+09,-6.700637165695931685e+01
6.999450000000000000e+09,-6.711289861057009887e+01
6.999600000000000000e+09,-6.731066037275921587e+01
6.999750000000000000e+09,-6.768298208385571968e+01
6.999900000000000000e+09,-6.853308148711423087e+01
7.000050000000000000e+09,-7.033866961555555974e+01
7.000200000000000000e+09,-7.518916452126117633e+01
7.000350000000000000e+09,-1.018419018596035528e+02
7.000500000000000000e+09,-7.586449728003131554e+01
7.000650000000000000e+09,-7.145534256839867737e+01
7.000800000000000000e+09,-6.967604222154369609e+01
7.000950000000000000e+09,-6.883654991722097805e+01
7.001100000000000000e+09,-6.837536620320754821e+01
7.001250000000000000e+09,-6.808184398999256359e+01
7.001400000000000000e+09,-6.784660062244978462e+01
7.001550000000000000e+09,-6.769257806663247834e+01
7.001700000000000000e+09,-6.757501272122637204e+01
7.001850000000000000e+09,-6.750680927282368771e+01
7.002000000000000000e+09,-6.746432648597631498e+01
7.002150000000000000e+09,-6.742992834962285542e+01
7.002300000000000000e+09,-6.738391024764983683e+01
7.002450000000000000e+09,-6.735826116962849142e+01
7.002600000000000000e+09,-6.735120109338330963e+01
7.002750000000000000e+09,-6.732586901964161541e+01
7.002900000000000000e+09,-6.730488364250459199e+01
7.003050000000000000e+09,-6.730136303896414063e+01
7.003200000000000000e+09,-6.732549706039664272e+01
7.003350000000000000e+09,-6.733566665100227056e+01
7.003500000000000000e+09,-6.733607746381758830e+01
7.003650000000000000e+09,-6.735165341556354690e+01
7.003800000000000000e+09,-6.738857491643608455e+01
7.003950000000000000e+09,-6.732662109341711698e+01
7.004100000000000000e+09,-6.734545518534625330e+01
7.004250000000000000e+09,-6.737037629282755802e+01
7.004400000000000000e+09,-6.740734338784754698e+01
7.004550000000000000e+09,-6.742571450883355055e+01
7.004700000000000000e+09,-6.744666597706817868e+01
7.004850000000000000e+09,-6.747906771355648914e+01
7.005000000000000000e+09,-6.750846357485070826e+01
7.005150000000000000e+09,-6.753145025222394793e+01
7.005300000000000000e+09,-6.756241607489663181e+01
7.005450000000000000e+09,-6.760178458451619576e+01
7.005600000000000000e+09,-6.762691198975538498e+01
7.005750000000000000e+09,-6.764187319535938059e+01
7.005900000000000000e+09,-6.766665370749703357e+01
7.006050000000000000e+09,-6.769384029886838050e+01
7.006200000000000000e+09,-6.771278122451229819e+01
7.006350000000000000e+09,-6.774864375979304043e+01
7.006500000000000000e+09,-6.777023463132984205e+01
7.006650000000000000e+09,-6.779296360925515330e+01
7.006800000000000000e+09,-6.781280038473465765e+01
7.006950000000000000e+09,-6.783884679540143736e+01
7.007100000000000000e+09,-6.785203429968279920e+01
7.007250000000000000e+09,-6.787736445522308770e+01
7.007400000000000000e+09,-6.790548890603430721e+01
7.007550000000000000e+09,-6.792064691871782145e+01
7.007700000000000000e+09,-6.794823448835199997e+01
7.007850000000000000e+09,-6.797155191994787060e+01
7.008000000000000000e+09,-6.799150679531410901e+01
7.008150000000000000e+09,-6.801725341308441841e+01
7.008300000000000000e+09,-6.804299321722825766e+01
7.008450000000000000e+09,-6.805539374791302976e+01
7.008600000000000000e+09,-6.808337302851406037e+01
7.008750000000000000e+09,-6.810185924747179342e+01
7.008900000000000000e+09,-6.812152200544862524e+01
7.009050000000000000e+09,-6.813976147401888284e+01
7.009200000000000000e+09,-6.815367076608849572e+01
7.009350000000000000e+09,-6.817274153228653688e+01
7.009500000000000000e+09,-6.819402032715798612e+01
7.009650000000000000e+09,-6.821249757029922023e+01
7.009800000000000000e+09,-6.822812248020187553e+01
7.009950000000000000e+09,-6.824638555565604747e+01
7.010100000000000000e+09,-6.826393119289620870e+01
7.010250000000000000e+09,-6.827285781314947144e+01
7.010400000000000000e+09,-6.828866295108409190e+01
7.010550000000000000e+09,-6.830169542878867617e+01
7.010700000000000000e+09,-6.832318800840485551e+01
7.010850000000000000e+09,-6.833795521453518518e+01
7.011000000000000000e+09,-6.834736103863694723e+01
7.011150000000000000e+09,-6.836835233738291606e+01
7.011300000000000000e+09,-6.838244572343725736e+01
7.011450000000000000e+09,-6.838832087404125559e+01
7.011600000000000000e+09,-6.840799794643571374e+01
7.011750000000000000e+09,-6.842134442321864185e+01
7.011900000000000000e+09,-6.842982524499772978e+01
7.012050000000000000e+09,-6.843260434599227438e+01
7.012200000000000000e+09,-6.844164800983878649e+01
7.012350000000000000e+09,-6.845225349191778719e+01
7.012500000000000000e+09,-6.846293493945169928e+01
7.012650000000000000e+09,-6.846942369622604474e+01
7.012800000000000000e+09,-6.848361505933814897e+01
7.012950000000000000e+09,-6.848247832370591937e+01
7.013100000000000000e+09,-6.849003383025247160e+01
7.013250000000000000e+09,-6.849781526447324609e+01
7.013400000000000000e+09,-6.850246384999867644e+01
7.013550000000000000e+09,-6.850964649425745279e+01
7.013700000000000000e+09,-6.850721032681394718e+01
7.013850000000000000e+09,-6.850888347086819863e+01
7.014000000000000000e+09,-6.850274626509008158e+01
7.014150000000000000e+09,-6.851221368500119979e+01
7.014300000000000000e+09,-6.851275167168610380e+01
7.014450000000000000e+09,-6.850774789637196704e+01
7.014600000000000000e+09,-6.850890634495476661e+01
7.014750000000000000e+09,-6.851112418665618975e+01
7.014900000000000000e+09,-6.851207510526293731e+01
7.015050000000000000e+09,-6.850320309851633738e+01
7.015200000000000000e+09,-6.850299961901924917e+01
7.015350000000000000e+09,-6.850260251781186582e+01
7.015500000000000000e+09,-6.849970733286325242e+01
7.015650000000000000e+09,-6.849967314956114706e+01
7.015800000000000000e+09,-6.849668637952281358e+01
7.015950000000000000e+09,-6.849309490923404553e+01
7.016100000000000000e+09,-6.848541131400351389e+01
7.016250000000000000e+09,-6.847678154803558925e+01
7.016400000000000000e+09,-6.847004994412911572e+01
7.016550000000000000e+09,-6.846531414162360818e+01
7.016700000000000000e+09,-6.845449892664692015e+01
7.016850000000000000e+09,-6.844440113584241203e+01
7.017000000000000000e+09,-6.843148322067401068e+01
7.017150000000000000e+09,-6.842784136066501333e+01
7.017300000000000000e+09,-6.841240031409449784e+01
7.017450000000000000e+09,-6.840462428952777429e+01
7.017600000000000000e+09,-6.839608921145342890e+01
7.017750000000000000e+09,-6.837744942673509740e+01
7.017900000000000000e+09,-6.836856519349046835e+01
7.018050000000000000e+09,-6.834738770903472016e+01
7.018200000000000000e+09,-6.833689178118866892e+01
7.018350000000000000e+09,-6.831875157332878246e+01
7.018500000000000000e+09,-6.830805667027993877e+01
7.018650000000000000e+09,-6.828320595459346976e+01
7.018800000000000000e+09,-6.826523912068489608e+01
7.018950000000000000e+09,-6.824780896257676943e+01
7.019100000000000000e+09,-6.822714128779938392e+01
7.019250000000000000e+09,-6.821064745807169061e+01
7.019400000000000000e+09,-6.819094084016403201e+01
7.019550000000000000e+09,-6.818124692712461865e+01
7.019700000000000000e+09,-6.815395790136659571e+01
7.019850000000000000e+09,-6.813798766027366582e+01
7.020000000000000000e+09,-6.810848572293778602e+01
7.020150000000000000e+09,-6.809177454556669318e+01
7.020300000000000000e+09,-6.807220898026596956e+01
7.020450000000000000e+09,-6.804804257251348076e+01
7.020600000000000000e+09,-6.802292084386689908e+01
7.020750000000000000e+09,-6.799808278317435395e+01
7.020900000000000000e+09,-6.797524406348100001e+01
7.021050000000000000e+09,-6.795259613241925933e+01
7.021200000000000000e+09,-6.791678716903416557e+01
7.021350000000000000e+09,-6.789957029482778239e+01
7.021500000000000000e+09,-6.787359101143123041e+01
7.021650000000000000e+09,-6.784541774250254775e+01
7.021800000000000000e+09,-6.781328874202989709e+01
7.021950000000000000e+09,-6.778923664990304587e+01
7.022100000000000000e+09,-6.775651568089075738e+01
7.022250000000000000e+09,-6.771903233005970435e+01
7.022400000000000000e+09,-6.769202998064876908e+01
7.022550000000000000e+09,-6.766452100777334522e+01
7.022700000000000000e+09,-6.763838170210915735e+01
7.022850000000000000e+09,-6.759713865316899728e+01
7.023000000000000000e+09,-6.756894591651321491e+01
7.023150000000000000e+09,-6.753389950562552713e+01
7.023300000000000000e+09,-6.750613700993551447e+01
7.023450000000000000e+09,-6.746997561579765090e+01
7.023600000000000000e+09,-6.743491587914319041e+01
7.023750000000000000e+09,-6.740298262214027147e+01
7.023900000000000000e+09,-6.737130307254979300e+01
7.024050000000000000e+09,-6.733359124664426076e+01
7.024200000000000000e+09,-6.730060367304591296e+01
7.024350000000000000e+09,-6.726836311059899742e+01
7.024500000000000000e+09,-6.722845975703000931e+01
7.024650000000000000e+09,-6.719619832298040762e+01
7.024800000000000000e+09,-6.715124283353928547e+01
7.024950000000000000e+09,-6.711696849887380267e+01
7.025100000000000000e+09,-6.707995325130012532e+01
7.025250000000000000e+09,-6.704243503402915394e+01
7.025400000000000000e+09,-6.701247691058513567e+01
7.025550000000000000e+09,-6.697346677104046364e+01
7.025700000000000000e+09,-6.694587170015188349e+01
7.025850000000000000e+09,-6.690427108529912914e+01
7.026000000000000000e+09,-6.687645954825903516e+01
7.026150000000000000e+09,-6.685752308468765648e+01
7.026300000000000000e+09,-6.685155994244942690e+01
7.026450000000000000e+09,-6.692472376142890766e+01
7.026600000000000000e+09,-6.704539910796955837e+01
7.026750000000000000e+09,-6.719923491547737626e+01
7.026900000000000000e+09,-6.741726666022969994e+01
7.027050000000000000e+09,-6.788772337724081751e+01
7.027200000000000000e+09,-6.883871323675600706e+01
7.027350000000000000e+09,-7.124449392784154611e+01
7.027500000000000000e+09,-7.931760535010864999e+01
7.027650000000000000e+09,-8.146264604986440361e+01
7.027800000000000000e+09,-7.238793400070382233e+01
7.027950000000000000e+09,-6.972706140947624931e+01
7.028100000000000000e+09,-6.836714438679089767e+01
7.028250000000000000e+09,-6.776161059944540455e+01
7.028400000000000000e+09,-6.741146077066012765e+01
7.028550000000000000e+09,-6.715983380123549296e+01
7.028700000000000000e+09,-6.699550343641006123e+01
7.028850000000000000e+09,-6.685662563443274564e+01
7.029000000000000000e+09,-6.673853615570176601e+01
7.029150000000000000e+09,-6.665598268208586319e+01
7.029300000000000000e+09,-6.657598065674559962e+01
7.029450000000000000e+09,-6.650158444626066512e+01
7.029600000000000000e+09,-6.644267686707851794e+01
7.029750000000000000e+09,-6.638755541490228040e+01
7.029900000000000000e+09,-6.634614144284651616e+01
7.030050000000000000e+09,-6.631071134472276185e+01
7.030200000000000000e+09,-6.626937255958789308e+01
7.030350000000000000e+09,-6.622766944441460168e+01
7.030500000000000000e+09,-6.619685732609833906e+01
7.030650000000000000e+09,-6.617843276069974934e+01
7.030800000000000000e+09,-6.614673837821142399e+01
7.030950000000000000e+09,-6.612346963967017643e+01
7.031100000000000000e+09,-6.608752404831798799e+01
7.031250000000000000e+09,-6.606005422026959195e+01
7.031400000000000000e+09,-6.604607604140780097e+01
7.031550000000000000e+09,-6.602455642652104473e+01
7.031700000000000000e+09,-6.600872995304730750e+01
7.031850000000000000e+09,-6.600139117431395164e+01
7.032000000000000000e+09,-6.599373301287090499e+01
7.032150000000000000e+09,-6.599608288395394595e+01
7.032300000000000000e+09,-6.600988768320802080e+01
7.032450000000000000e+09,-6.597530570906619118e+01
7.032600000000000000e+09,-6.594726768636209613e+01
7.032750000000000000e+09,-6.593014119752230329e+01
7.032900000000000000e+09,-6.592031125866202501e+01
7.033050000000000000e+09,-6.591110641339787435e+01
7.033200000000000000e+09,-6.591157648594051466e+01
7.033350000000000000e+09,-6.592393189779799911e+01
7.033500000000000000e+09,-6.594119528014634568e+01
7.033650000000000000e+09,-6.594149383761049421e+01
7.033800000000000000e+09,-6.593253093484656802e+01
7.033950000000000000e+09,-6.593207023570874981e+01
7.034100000000000000e+09,-6.592464301608170274e+01
7.034250000000000000e+09,-6.592448954172284914e+01
7.034400000000000000e+09,-6.592271681628416502e+01
7.034550000000000000e+09,-6.592477032296153538e+01
7.034700000000000000e+09,-6.592460569013118743e+01
7.034850000000000000e+09,-6.592132088042994553e+01
7.035000000000000000e+09,-6.592687012755905585e+01
7.035150000000000000e+09,-6.592326141831574660e+01
7.035300000000000000e+09,-6.593108562501980430e+01
7.035450000000000000e+09,-6.593348563648960692e+01
7.035600000000000000e+09,-6.594239474153657454e+01
7.035750000000000000e+09,-6.594110638014943504e+01
7.035900000000000000e+09,-6.595009764034489308e+01
7.036050000000000000e+09,-6.595688726925271794e+01
7.036200000000000000e+09,-6.595724644948775506e+01
7.036350000000000000e+09,-6.596997323767476473e+01
7.036500000000000000e+09,-6.597540492249591182e+01
7.036650000000000000e+09,-6.597945960776723950e+01
7.036800000000000000e+09,-6.599172177550664742e+01
7.036950000000000000e+09,-6.600257924577141466e+01
7.037100000000000000e+09,-6.600910597594754847e+01
7.037250000000000000e+09,-6.601984955550403811e+01
7.037400000000000000e+09,-6.602568879667616386e+01
7.037550000000000000e+09,-6.604180314845972077e+01
7.037700000000000000e+09,-6.605208708257060835e+01
7.037850000000000000e+09,-6.606057923219830741e+01
7.038000000000000000e+09,-6.607140291523987230e+01
7.038150000000000000e+09,-6.608149033567880792e+01
7.038300000000000000e+09,-6.609417279113768018e+01
7.038450000000000000e+09,-6.610778765798315249e+01
7.038600000000000000e+09,-6.611809854854921298e+01
7.038750000000000000e+09,-6.613002552045475113e+01
7.038900000000000000e+09,-6.614141443135375198e+01
7.039050000000000000e+09,-6.615311763629254926e+01
7.039200000000000000e+09,-6.616056084382725544e+01
7.039350000000000000e+09,-6.617541584380174413e+01
7.039500000000000000e+09,-6.618498291522590193e+01
7.039650000000000000e+09,-6.619708228845915698e+01
7.039800000000000000e+09,-6.620710966989206270e+01
7.039950000000000000e+09,-6.621644042309148404e+01
7.040100000000000000e+09,-6.622555219465407106e+01
7.040250000000000000e+09,-6.624005800815842804e+01
7.040400000000000000e+09,-6.624799634633565404e+01
7.040550000000000000e+09,-6.625467566897138738e+01
7.040700000000000000e+09,-6.626182140365763473e+01
7.040850000000000000e+09,-6.627229846522531886e+01
7.041000000000000000e+09,-6.628729555241032756e+01
7.041150000000000000e+09,-6.629485487459484716e+01
7.041300000000000000e+09,-6.630225344587414327e+01
7.041450000000000000e+09,-6.630865065418626614e+01
7.041600000000000000e+09,-6.631921283302064296e+01
7.041750000000000000e+09,-6.631955916216186608e+01
7.041900000000000000e+09,-6.633025631067158656e+01
7.042050000000000000e+09,-6.633662703487557621e+01
7.042200000000000000e+09,-6.634429668134082192e+01
7.042350000000000000e+09,-6.634948117674974810e+01
7.042500000000000000e+09,-6.635201815720719765e+01
7.042650000000000000e+09,-6.635681072757695631e+01
7.042800000000000000e+09,-6.635805845813058568e+01
7.042950000000000000e+09,-6.636716539711167684e+01
7.043100000000000000e+09,-6.636998060151098855e+01
7.043250000000000000e+09,-6.637500533555592597e+01
7.043400000000000000e+09,-6.637178995922516833e+01
7.043550000000000000e+09,-6.637632461573929277e+01
7.043700000000000000e+09,-6.637628163815419668e+01
7.043850000000000000e+09,-6.637717414512782454e+01
7.044000000000000000e+09,-6.637776197293422342e+01
7.044150000000000000e+09,-6.638021792728393677e+01
7.044300000000000000e+09,-6.637389595891285410e+01
7.044450000000000000e+09,-6.637438384187164786e+01
7.044600000000000000e+09,-6.637655209220376662e+01
7.044750000000000000e+09,-6.637553707966371519e+01
7.044900000000000000e+09,-6.636703937638576178e+01
7.045050000000000000e+09,-6.636510904607119699e+01
7.045200000000000000e+09,-6.636278613855961339e+01
7.045350000000000000e+09,-6.635990464017643831e+01
7.045500000000000000e+09,-6.635624140747134447e+01
7.045650000000000000e+09,-6.634607138412623328e+01
7.045800000000000000e+09,-6.634320481035530293e+01
7.045950000000000000e+09,-6.633487645617502437e+01
7.046100000000000000e+09,-6.633339230457687563e+01
7.046250000000000000e+09,-6.631922966259159580e+01
7.046400000000000000e+09,-6.631029233684660085e+01
7.046550000000000000e+09,-6.630643484901328577e+01
7.046700000000000000e+09,-6.629065092101205892e+01
7.046850000000000000e+09,-6.627315741668357418e+01
7.047000000000000000e+09,-6.626936360906674395e+01
7.047150000000000000e+09,-6.625262304287065263e+01
7.047300000000000000e+09,-6.623818647306713103e+01
7.047450000000000000e+09,-6.622581918879798479e+01
7.047600000000000000e+09,-6.621548101109236484e+01
7.047750000000000000e+09,-6.620573310326396665e+01
7.047900000000000000e+09,-6.618830606603663114e+01
7.048050000000000000e+09,-6.617293272307955476e+01
7.048200000000000000e+09,-6.615631704506591859e+01
7.048350000000000000e+09,-6.614115171721010711e+01
7.048500000000000000e+09,-6.612242129185035822e+01
7.048650000000000000e+09,-6.610865660208752104e+01
7.048800000000000000e+09,-6.609132790230859200e+01
7.048950000000000000e+09,-6.607352672971838103e+01
7.049100000000000000e+09,-6.605618144023098637e+01
7.049250000000000000e+09,-6.603621111754998196e+01
7.049400000000000000e+09,-6.602146504946419725e+01
7.049550000000000000e+09,-6.599757443180423877e+01
7.049700000000000000e+09,-6.597289568493044953e+01
7.049850000000000000e+09,-6.595556990724284674e+01
7.050000000000000000e+09,-6.593877989414849594e+01
