# freq_Hz, amplitude_dBm
7.125000000000000000e+09,-9.000693023565460749e+01
7.125065000000000000e+09,-8.988513024495914294e+01
7.125130000000000000e+09,-9.012266824312801816e+01
7.125195000000000000e+09,-8.989852543551684505e+01
7.125260000000000000e+09,-8.986134285364587981e+01
7.125325000000000000e+09,-9.004574004138089549e+01
7.125390000000000000e+09,-8.995345734937251336e+01
7.125455000000000000e+09,-8.998968975248556035e+01
7.125520000000000000e+09,-8.997801384173526174e+01
7.125585000000000000e+09,-9.000677758427839592e+01
7.125650000000000000e+09,-8.996364118612233085e+01
7.125715000000000000e+09,-8.982137020184083553e+01
7.125780000000000000e+09,-8.986055607786477140e+01
7.125845000000000000e+09,-8.989805754891736456e+01
7.125910000000000000e+09,-9.003430109645290713e+01
7.125975000000000000e+09,-8.996475234026243584e+01
7.126040000000000000e+09,-9.008174820864921628e+01
7.126105000000000000e+09,-9.007161473902397120e+01
7.126170000000000000e+09,-8.997744008084985978e+01
7.126235000000000000e+09,-9.014353523955320213e+01
7.126300000000000000e+09,-8.995292806686897791e+01
7.126365000000000000e+09,-8.979584859354807236e+01
7.126430000000000000e+09,-9.010095230458472315e+01
7.126495000000000000e+09,-9.010320690741720284e+01
7.126560000000000000e+09,-8.971005815170373410e+01
7.126625000000000000e+09,-9.006327746229651154e+01
7.126690000000000000e+09,-8.995155139527230403e+01
7.126755000000000000e+09,-8.980438804998220803e+01
7.126820000000000000e+09,-8.979672447737293339e+01
7.126885000000000000e+09,-9.005111627820532760e+01
7.126950000000000000e+09,-8.984789103858956594e+01
7.127015000000000000e+09,-9.005128886428647661e+01
7.127080000000000000e+09,-8.993035068547700916e+01
7.127145000000000000e+09,-8.985152544113468309e+01
7.127210000000000000e+09,-9.021110584877425254e+01
7.127275000000000000e+09,-8.982968434937930624e+01
7.127340000000000000e+09,-9.006962429729364317e+01
7.127405000000000000e+09,-8.987879514306291640e+01
7.127470000000000000e+09,-9.010117886493019057e+01
7.127535000000000000e+09,-8.998550138043803770e+01
7.127600000000000000e+09,-8.996484645358604837e+01
7.127665000000000000e+09,-8.997668956910480631e+01
7.127730000000000000e+09,-9.008892393591663961e+01
7.127795000000000000e+09,-8.987730011338305758e+01
7.127860000000000000e+09,-8.991319538187349281e+01
7.127925000000000000e+09,-8.979981640130230858e+01
7.127990000000000000e+09,-8.997879658709172190e+01
7.128055000000000000e+09,-8.997665256950973856e+01
7.128120000000000000e+09,-8.998575535285664273e+01
7.128185000000000000e+09,-8.992041712557211497e+01
7.128250000000000000e+09,-9.000447365110446185e+01
7.128315000000000000e+09,-9.007814413872891635e+01
7.128380000000000000e+09,-8.978663673535288581e+01
7.128445000000000000e+09,-8.984973537063885374e+01
7.128510000000000000e+09,-8.990148568840217536e+01
7.128575000000000000e+09,-8.994707356050837177e+01
7.128640000000000000e+09,-8.994118348192313306e+01
7.128705000000000000e+09,-8.969521044208173066e+01
7.128770000000000000e+09,-9.004887929411097502e+01
7.128835000000000000e+09,-8.981794667848291169e+01
7.128900000000000000e+09,-9.008869123535600920e+01
7.128965000000000000e+09,-8.997083404566127740e+01
7.129030000000000000e+09,-8.986345787144090025e+01
7.129095000000000000e+09,-8.984411078239392623e+01
7.129160000000000000e+09,-8.992958016478802108e+01
7.129225000000000000e+09,-8.984934602995168973e+01
7.129290000000000000e+09,-9.000212575681015892e+01
7.129355000000000000e+09,-9.008628105542538833e+01
7.129420000000000000e+09,-8.983082317619314949e+01
7.129485000000000000e+09,-9.004832044376591682e+01
7.129550000000000000e+09,-8.989445348124189650e+01
7.129615000000000000e+09,-8.978837250176775342e+01
7.129680000000000000e+09,-8.992211802037058987e+01
7.129745000000000000e+09,-8.992724977583215207e+01
7.129810000000000000e+09,-8.994360873848057736e+01
7.129875000000000000e+09,-8.987443786724412575e+01
7.129940000000000000e+09,-8.983018850746489647e+01
7.130005000000000000e+09,-9.004858536176882922e+01
7.130070000000000000e+09,-8.967318330062362008e+01
7.130135000000000000e+09,-8.989561927929207741e+01
7.130200000000000000e+09,-8.983841588318685467e+01
7.130265000000000000e+09,-8.975265961461900588e+01
7.130330000000000000e+09,-8.997565085681014807e+01
7.130395000000000000e+09,-9.014351004793569189e+01
7.130460000000000000e+09,-9.004510348797694519e+01
7.130525000000000000e+09,-8.996552204812857667e+01
7.130590000000000000e+09,-8.976784501443796671e+01
7.130655000000000000e+09,-8.969551823535196888e+01
7.130720000000000000e+09,-8.992985834173606463e+01
7.130785000000000000e+09,-8.984905768271083559e+01
7.130850000000000000e+09,-8.986354490557054930e+01
7.130915000000000000e+09,-8.982623054364151471e+01
7.130980000000000000e+09,-8.973213146066524359e+01
7.131045000000000000e+09,-8.980135362395374443e+01
7.131110000000000000e+09,-8.986462345570456023e+01
7.131175000000000000e+09,-8.989090279497600022e+01
7.131240000000000000e+09,-8.982457656845960514e+01
7.131305000000000000e+09,-8.997418409743660561e+01
7.131370000000000000e+09,-8.986592625363269349e+01
7.131435000000000000e+09,-9.020546801195402509e+01
7.131500000000000000e+09,-8.968048175545888512e+01
7.131565000000000000e+09,-8.988697919787091450e+01
7.131630000000000000e+09,-8.987977542013021548e+01
7.131695000000000000e+09,-8.989566723881918620e+01
7.131760000000000000e+09,-8.980040591528775451e+01
7.131825000000000000e+09,-9.001469117846761492e+01
7.131890000000000000e+09,-8.973995641857909789e+01
7.131955000000000000e+09,-8.966368496875482208e+01
7.132020000000000000e+09,-8.974486395501672575e+01
7.132085000000000000e+09,-9.001761235739024869e+01
7.132150000000000000e+09,-8.974886870985579890e+01
7.132215000000000000e+09,-8.964961335810966148e+01
7.132280000000000000e+09,-9.000113287927604233e+01
7.132345000000000000e+09,-8.981003407014642903e+01
7.132410000000000000e+09,-8.978415253540379126e+01
7.132475000000000000e+09,-8.994044381591299953e+01
7.132540000000000000e+09,-8.999622642424087360e+01
7.132605000000000000e+09,-8.983883377703631368e+01
7.132670000000000000e+09,-8.992885565738232856e+01
7.132735000000000000e+09,-8.992244410997176374e+01
7.132800000000000000e+09,-9.000189969554168101e+01
7.132865000000000000e+09,-8.994149818785086836e+01
7.132930000000000000e+09,-8.974372353941794245e+01
7.132995000000000000e+09,-8.986393373215479130e+01
7.133060000000000000e+09,-9.001863647995739370e+01
7.133125000000000000e+09,-8.984475492229775284e+01
7.133190000000000000e+09,-8.998135685407420681e+01
7.133255000000000000e+09,-9.001727492018181920e+01
7.133320000000000000e+09,-8.971811776014872919e+01
7.133385000000000000e+09,-9.007982566824635740e+01
7.133450000000000000e+09,-8.975323280857938357e+01
7.133515000000000000e+09,-8.975260277364283468e+01
7.133580000000000000e+09,-8.992627147890546269e+01
7.133645000000000000e+09,-8.999613516752341980e+01
7.133710000000000000e+09,-8.978222793312824024e+01
7.133775000000000000e+09,-8.967262940701219520e+01
7.133840000000000000e+09,-8.970043233941851213e+01
7.133905000000000000e+09,-8.997467093517491321e+01
7.133970000000000000e+09,-8.986164812219007558e+01
7.134035000000000000e+09,-8.990431653720665395e+01
7.134100000000000000e+09,-8.982235294710429230e+01
7.134165000000000000e+09,-8.974317017911680239e+01
7.134230000000000000e+09,-8.990781306453493471e+01
7.134295000000000000e+09,-8.985237174049052555e+01
7.134360000000000000e+09,-8.995097299596336882e+01
7.134425000000000000e+09,-8.984996176461612549e+01
7.134490000000000000e+09,-8.985219705661236844e+01
7.134555000000000000e+09,-8.984274477218748700e+01
7.134620000000000000e+09,-8.976710697376245207e+01
7.134685000000000000e+09,-8.998501251205055951e+01
7.134750000000000000e+09,-8.994442632540840066e+01
7.134815000000000000e+09,-8.987835226108849440e+01
7.134880000000000000e+09,-8.976761128315983740e+01
7.134945000000000000e+09,-8.985722684161244445e+01
7.135010000000000000e+09,-8.981116483923133842e+01
7.135075000000000000e+09,-8.984845560191450886e+01
7.135140000000000000e+09,-8.963814259611623925e+01
7.135205000000000000e+09,-8.957618238694949753e+01
7.135270000000000000e+09,-8.978052437171629663e+01
7.135335000000000000e+09,-8.974218171689872747e+01
7.135400000000000000e+09,-8.994717030509957567e+01
7.135465000000000000e+09,-8.992527177448931752e+01
7.135530000000000000e+09,-8.988730341414795078e+01
7.135595000000000000e+09,-8.989557757697482998e+01
7.135660000000000000e+09,-8.972884250982403387e+01
7.135725000000000000e+09,-8.974555264430313173e+01
7.135790000000000000e+09,-8.989942527230617486e+01
7.135855000000000000e+09,-8.970748789511122823e+01
7.135920000000000000e+09,-8.975028064667797878e+01
7.135985000000000000e+09,-8.990795016165810694e+01
7.136050000000000000e+09,-8.982056252449673650e+01
7.136115000000000000e+09,-8.998932514429412777e+01
7.136180000000000000e+09,-8.982019730850555561e+01
7.136245000000000000e+09,-8.978868795337388065e+01
7.136310000000000000e+09,-8.990036733014272841e+01
7.136375000000000000e+09,-8.980678734680179787e+01
7.136440000000000000e+09,-8.985473023381149460e+01
7.136505000000000000e+09,-8.962024665505100529e+01
7.136570000000000000e+09,-9.001735234414228159e+01
7.136635000000000000e+09,-8.978913812893071622e+01
7.136700000000000000e+09,-8.980562938607783963e+01
7.136765000000000000e+09,-8.978068196934449929e+01
7.136830000000000000e+09,-8.983992931663360082e+01
7.136895000000000000e+09,-8.982735775403614298e+01
7.136960000000000000e+09,-8.969090606693605139e+01
7.137025000000000000e+09,-8.982406209107445250e+01
7.137090000000000000e+09,-8.983593771087035407e+01
7.137155000000000000e+09,-8.985274292744604452e+01
7.137220000000000000e+09,-8.984702084551956602e+01
7.137285000000000000e+09,-8.982631125074115630e+01
7.137350000000000000e+09,-8.965168235995982116e+01
7.137415000000000000e+09,-8.984678141742099911e+01
7.137480000000000000e+09,-8.993079653738924151e+01
7.137545000000000000e+09,-8.964641719709860013e+01
7.137610000000000000e+09,-9.001884406091372171e+01
7.137675000000000000e+09,-8.976829092896566920e+01
7.137740000000000000e+09,-8.973043957251869074e+01
7.137805000000000000e+09,-8.991106345717375348e+01
7.137870000000000000e+09,-8.988157359836685600e+01
7.137935000000000000e+09,-8.972887376621265787e+01
7.138000000000000000e+09,-8.978145480720829141e+01
7.138065000000000000e+09,-8.971131422865126126e+01
7.138130000000000000e+09,-8.992309869449719884e+01
7.138195000000000000e+09,-8.980532776279547136e+01
7.138260000000000000e+09,-9.001937178539407114e+01
7.138325000000000000e+09,-8.990081542161773598e+01
7.138390000000000000e+09,-8.993102706659678347e+01
7.138455000000000000e+09,-9.001812476847359790e+01
7.138520000000000000e+09,-8.973224221296533187e+01
7.138585000000000000e+09,-8.992008564405747961e+01
7.138650000000000000e+09,-9.003666107621221215e+01
7.138715000000000000e+09,-8.977659828509314366e+01
7.138780000000000000e+09,-8.986698094039299178e+01
7.138845000000000000e+09,-8.980108373340458172e+01
7.138910000000000000e+09,-8.989024899248798306e+01
7.138975000000000000e+09,-8.974518183331993271e+01
7.139040000000000000e+09,-8.963401122574560986e+01
7.139105000000000000e+09,-8.998706128138600491e+01
7.139170000000000000e+09,-8.985944319873775044e+01
7.139235000000000000e+09,-8.981562563614674843e+01
7.139300000000000000e+09,-8.998694779255642118e+01
7.139365000000000000e+09,-8.979807330455564340e+01
7.139430000000000000e+09,-8.974781896367233003e+01
7.139495000000000000e+09,-8.972033468450378280e+01
7.139560000000000000e+09,-8.993949361005719823e+01
7.139625000000000000e+09,-8.992323852943184193e+01
7.139690000000000000e+09,-8.987926697999769488e+01
7.139755000000000000e+09,-8.982037316995041465e+01
7.139820000000000000e+09,-8.974370365189267318e+01
7.139885000000000000e+09,-8.997908399910923549e+01
7.139950000000000000e+09,-8.977784468950977725e+01
7.140015000000000000e+09,-8.991193617883511990e+01
7.140080000000000000e+09,-8.995216696611571194e+01
7.140145000000000000e+09,-8.975862212778883986e+01
7.140210000000000000e+09,-8.999897181121328060e+01
7.140275000000000000e+09,-8.953509506538948415e+01
7.140340000000000000e+09,-8.980786489941468176e+01
7.140405000000000000e+09,-8.986800174985994261e+01
7.140470000000000000e+09,-8.962219912595053017e+01
7.140535000000000000e+09,-8.988780500510019067e+01
7.140600000000000000e+09,-8.976589007007261500e+01
7.140665000000000000e+09,-8.977451507633078620e+01
7.140730000000000000e+09,-8.995170413965007583e+01
7.140795000000000000e+09,-8.984584170488572852e+01
7.140860000000000000e+09,-8.971724894458601796e+01
7.140925000000000000e+09,-8.979982484661449860e+01
7.140990000000000000e+09,-8.975816800663871220e+01
7.141055000000000000e+09,-8.978749183487639129e+01
7.141120000000000000e+09,-8.993197019594546759e+01
7.141185000000000000e+09,-8.987699536812242229e+01
7.141250000000000000e+09,-8.980331118892800646e+01
7.141315000000000000e+09,-8.959919935575614147e+01
7.141380000000000000e+09,-8.962441779648783324e+01
7.141445000000000000e+09,-8.992527301385990768e+01
7.141510000000000000e+09,-9.011758281802093506e+01
7.141575000000000000e+09,-8.985213967475503694e+01
7.141640000000000000e+09,-8.972376554679053129e+01
7.141705000000000000e+09,-8.994413728466319924e+01
7.141770000000000000e+09,-8.991523238876213497e+01
7.141835000000000000e+09,-8.969611867769187086e+01
7.141900000000000000e+09,-8.997754965817196648e+01
7.141965000000000000e+09,-8.984553204929311221e+01
7.142030000000000000e+09,-8.979634926769627157e+01
7.142095000000000000e+09,-8.977317526712822371e+01
7.142160000000000000e+09,-8.995669379388891684e+01
7.142225000000000000e+09,-8.985270836823593754e+01
7.142290000000000000e+09,-8.979171952778443710e+01
7.142355000000000000e+09,-8.976452291558425145e+01
7.142420000000000000e+09,-8.980826578328334620e+01
7.142485000000000000e+09,-8.985382582100646687e+01
7.142550000000000000e+09,-9.003815439945699950e+01
7.142615000000000000e+09,-8.982075249324815047e+01
7.142680000000000000e+09,-8.987072519012487248e+01
7.142745000000000000e+09,-8.985215841857309726e+01
7.142810000000000000e+09,-8.999583354653991307e+01
7.142875000000000000e+09,-8.986115653685627080e+01
7.142940000000000000e+09,-8.975516516341683371e+01
7.143005000000000000e+09,-8.976998301952157533e+01
7.143070000000000000e+09,-8.989198287916792651e+01
7.143135000000000000e+09,-8.981568523039831575e+01
7.143200000000000000e+09,-8.977626489146149424e+01
7.143265000000000000e+09,-8.992833551019045046e+01
7.143330000000000000e+09,-9.000383908668183608e+01
7.143395000000000000e+09,-8.978196690942651514e+01
7.143460000000000000e+09,-9.012442794754517195e+01
7.143525000000000000e+09,-9.004016983469922764e+01
7.143590000000000000e+09,-8.979420517129833001e+01
7.143655000000000000e+09,-8.994085333492186862e+01
7.143720000000000000e+09,-8.978602476375559149e+01
7.143785000000000000e+09,-8.977278667094161335e+01
7.143850000000000000e+09,-8.999217414214598421e+01
7.143915000000000000e+09,-8.998821874294883116e+01
7.143980000000000000e+09,-8.997105308969005932e+01
7.144045000000000000e+09,-8.975177007859572598e+01
7.144110000000000000e+09,-8.968776648210416624e+01
7.144175000000000000e+09,-8.987789039406871439e+01
7.144240000000000000e+09,-8.980534998101808242e+01
7.144305000000000000e+09,-8.990784370159718719e+01
7.144370000000000000e+09,-8.997923230273724471e+01
7.144435000000000000e+09,-8.987537005366698395e+01
7.144500000000000000e+09,-8.997786658459632747e+01
7.144565000000000000e+09,-8.985852609964422300e+01
7.144630000000000000e+09,-8.976700780859678730e+01
7.144695000000000000e+09,-8.986142987733664711e+01
7.144760000000000000e+09,-8.981959984175017553e+01
7.144825000000000000e+09,-9.001784845741431695e+01
7.144890000000000000e+09,-8.993862771583116000e+01
7.144955000000000000e+09,-9.010262977115486649e+01
7.145020000000000000e+09,-8.974674980503417032e+01
7.145085000000000000e+09,-8.982347769320556097e+01
7.145150000000000000e+09,-8.992471887958940613e+01
7.145215000000000000e+09,-8.983985868005633790e+01
7.145280000000000000e+09,-8.976132209110397753e+01
7.145345000000000000e+09,-8.985306776157599984e+01
7.145410000000000000e+09,-8.987986251016604911e+01
7.145475000000000000e+09,-8.987975548505005463e+01
7.145540000000000000e+09,-8.973888690461842543e+01
7.145605000000000000e+09,-8.994139944658273578e+01
7.145670000000000000e+09,-8.963397118947514741e+01
7.145735000000000000e+09,-8.962567713738525299e+01
7.145800000000000000e+09,-8.977156498032103116e+01
7.145865000000000000e+09,-8.953504632197137880e+01
7.145930000000000000e+09,-8.977300496750102354e+01
7.145995000000000000e+09,-8.982990453791158814e+01
7.146060000000000000e+09,-8.975334055617501861e+01
7.146125000000000000e+09,-8.966683216313393245e+01
7.146190000000000000e+09,-8.999673124188916518e+01
7.146255000000000000e+09,-8.981112124340697278e+01
7.146320000000000000e+09,-8.992519900607389616e+01
7.146385000000000000e+09,-8.960034438533216417e+01
7.146450000000000000e+09,-8.972610983198130441e+01
7.146515000000000000e+09,-8.977884615593558237e+01
7.146580000000000000e+09,-8.975994942475037419e+01
7.146645000000000000e+09,-8.966992419180904506e+01
7.146710000000000000e+09,-8.970106890302784564e+01
7.146775000000000000e+09,-8.973296495443067045e+01
7.146840000000000000e+09,-8.979625024031092551e+01
7.146905000000000000e+09,-8.979036272338902336e+01
7.146970000000000000e+09,-8.977226041935688272e+01
7.147035000000000000e+09,-8.983303365650641581e+01
7.147100000000000000e+09,-8.979058057820721217e+01
7.147165000000000000e+09,-8.973695289512200191e+01
7.147230000000000000e+09,-8.977092774529091912e+01
7.147295000000000000e+09,-8.982766767159459675e+01
7.147360000000000000e+09,-8.968771109163297695e+01
7.147425000000000000e+09,-8.972792508087721330e+01
7.147490000000000000e+09,-8.980551320198188137e+01
7.147555000000000000e+09,-8.991624731165330786e+01
7.147620000000000000e+09,-8.985308945127027869e+01
7.147685000000000000e+09,-8.988084028932891556e+01
7.147750000000000000e+09,-8.978930336137079848e+01
7.147815000000000000e+09,-8.992823271874554791e+01
7.147880000000000000e+09,-8.981627694219952218e+01
7.147945000000000000e+09,-8.989642735974015864e+01
7.148010000000000000e+09,-9.002882700209113409e+01
7.148075000000000000e+09,-9.003545692622067520e+01
7.148140000000000000e+09,-9.033881116492563024e+01
7.148205000000000000e+09,-9.009932976468266475e+01
7.148270000000000000e+09,-9.039057283544116217e+01
7.148335000000000000e+09,-9.014482094043708571e+01
7.148400000000000000e+09,-9.010483391348863336e+01
7.148465000000000000e+09,-9.035139956579226350e+01
7.148530000000000000e+09,-9.064279548085580984e+01
7.148595000000000000e+09,-9.075857421158607963e+01
7.148660000000000000e+09,-9.094338981581930170e+01
7.148725000000000000e+09,-9.132010834426046131e+01
7.148790000000000000e+09,-9.282586304428360791e+01
7.148855000000000000e+09,-9.256598523949799073e+01
7.148920000000000000e+09,-9.069755174048239610e+01
7.148985000000000000e+09,-9.011911307110673874e+01
7.149050000000000000e+09,-8.989957058180343097e+01
7.149115000000000000e+09,-8.980709574247978821e+01
7.149180000000000000e+09,-8.980282819425477214e+01
7.149245000000000000e+09,-8.991132245906044318e+01
7.149310000000000000e+09,-8.980372561364846717e+01
7.149375000000000000e+09,-8.993623447480874233e+01
7.149440000000000000e+09,-8.990198502880750198e+01
7.149505000000000000e+09,-8.971683985472147072e+01
7.149570000000000000e+09,-8.967744706981150671e+01
7.149635000000000000e+09,-8.972753843529523010e+01
7.149700000000000000e+09,-8.979377025769336740e+01
7.149765000000000000e+09,-8.973669502411826215e+01
7.149830000000000000e+09,-8.958676078844712265e+01
7.149895000000000000e+09,-8.985370334552101212e+01
7.149960000000000000e+09,-8.987894286502445595e+01
7.150025000000000000e+09,-8.985769871573678813e+01
7.150090000000000000e+09,-8.967910135842026875e+01
7.150155000000000000e+09,-8.999033072345670803e+01
7.150220000000000000e+09,-8.993318669616294869e+01
7.150285000000000000e+09,-8.977800830714164704e+01
7.150350000000000000e+09,-8.957034898130498846e+01
7.150415000000000000e+09,-8.978501483490393298e+01
7.150480000000000000e+09,-8.988343340775506363e+01
7.150545000000000000e+09,-8.991176730418814600e+01
7.150610000000000000e+09,-8.971510155523645835e+01
7.150675000000000000e+09,-8.993505863576601200e+01
7.150740000000000000e+09,-8.981715487251912577e+01
7.150805000000000000e+09,-8.961196292672495645e+01
7.150870000000000000e+09,-8.994890454371828525e+01
7.150935000000000000e+09,-8.973989744692637771e+01
7.151000000000000000e+09,-8.985316178385610897e+01
7.151065000000000000e+09,-8.967761853912253400e+01
7.151130000000000000e+09,-8.981867191744348133e+01
7.151195000000000000e+09,-8.972114151248526071e+01
7.151260000000000000e+09,-8.969685686666170454e+01
7.151325000000000000e+09,-8.989727706131716900e+01
7.151390000000000000e+09,-8.968018451387789014e+01
7.151455000000000000e+09,-8.965074145554677898e+01
7.151520000000000000e+09,-8.973218718609102496e+01
7.151585000000000000e+09,-8.956197092277150773e+01
7.151650000000000000e+09,-8.959089315232148465e+01
7.151715000000000000e+09,-8.957586966023676212e+01
7.151780000000000000e+09,-8.968789669804039022e+01
7.151845000000000000e+09,-8.985165390231722427e+01
7.151910000000000000e+09,-8.983402232312437263e+01
7.151975000000000000e+09,-8.982510362714563712e+01
7.152040000000000000e+09,-8.967897220674588254e+01
7.152105000000000000e+09,-8.968369060548616289e+01
7.152170000000000000e+09,-8.968608574220196772e+01
7.152235000000000000e+09,-8.963756040458616781e+01
7.152300000000000000e+09,-8.986806040510691673e+01
7.152365000000000000e+09,-8.980276920852710987e+01
7.152430000000000000e+09,-8.981685892792243919e+01
7.152495000000000000e+09,-8.987833286997478410e+01
7.152560000000000000e+09,-8.969723511160295004e+01
7.152625000000000000e+09,-8.974975732533246742e+01
7.152690000000000000e+09,-8.989495723595597099e+01
7.152755000000000000e+09,-8.992300242263516452e+01
7.152820000000000000e+09,-8.976287853170803999e+01
7.152885000000000000e+09,-8.962321695585742987e+01
7.152950000000000000e+09,-8.967795666997956516e+01
7.153015000000000000e+09,-8.987466371774135609e+01
7.153080000000000000e+09,-8.993683530006148885e+01
7.153145000000000000e+09,-8.969172391106015141e+01
7.153210000000000000e+09,-8.976304927047928572e+01
7.153275000000000000e+09,-8.977134158791062646e+01
7.153340000000000000e+09,-8.987431482524023352e+01
7.153405000000000000e+09,-8.959717109535601764e+01
7.153470000000000000e+09,-8.971462775059217165e+01
7.153535000000000000e+09,-8.982557725725084197e+01
7.153600000000000000e+09,-8.969003984181789235e+01
7.153665000000000000e+09,-8.981549868306649387e+01
7.153730000000000000e+09,-8.974742721055309858e+01
7.153795000000000000e+09,-8.973719746731788405e+01
7.153860000000000000e+09,-8.991758189088099584e+01
7.153925000000000000e+09,-8.979560771498287863e+01
7.153990000000000000e+09,-8.973939377062892220e+01
7.154055000000000000e+09,-8.970218283252557967e+01
7.154120000000000000e+09,-8.982098227460879514e+01
7.154185000000000000e+09,-8.969004268166408167e+01
7.154250000000000000e+09,-8.986868812132540540e+01
7.154315000000000000e+09,-8.967277431621221240e+01
7.154380000000000000e+09,-8.978893646589776267e+01
7.154445000000000000e+09,-8.991176316505377031e+01
7.154510000000000000e+09,-8.983687622802278838e+01
7.154575000000000000e+09,-8.984041260711997268e+01
7.154640000000000000e+09,-8.967531469300115532e+01
7.154705000000000000e+09,-8.963096081541912952e+01
7.154770000000000000e+09,-8.957978242131329694e+01
7.154835000000000000e+09,-8.983707282484596135e+01
7.154900000000000000e+09,-8.996715137500274295e+01
7.154965000000000000e+09,-8.971820408131959823e+01
7.155030000000000000e+09,-8.985240347195892241e+01
7.155095000000000000e+09,-8.983826998538872033e+01
7.155160000000000000e+09,-8.968489081547869546e+01
7.155225000000000000e+09,-8.980163671751131460e+01
7.155290000000000000e+09,-8.987074230074922809e+01
7.155355000000000000e+09,-8.992609785664961919e+01
7.155420000000000000e+09,-8.983279011981927908e+01
7.155485000000000000e+09,-8.965468457693177129e+01
7.155550000000000000e+09,-8.970229828908058778e+01
7.155615000000000000e+09,-8.967669426371111285e+01
7.155680000000000000e+09,-8.976676856065692789e+01
7.155745000000000000e+09,-8.962484005266119880e+01
7.155810000000000000e+09,-8.984260071014169569e+01
7.155875000000000000e+09,-8.940341424078881971e+01
7.155940000000000000e+09,-8.968758336071761050e+01
7.156005000000000000e+09,-8.984057297718797486e+01
7.156070000000000000e+09,-8.981928919022502100e+01
7.156135000000000000e+09,-8.984509256206089844e+01
7.156200000000000000e+09,-8.988319819663007593e+01
7.156265000000000000e+09,-9.003632014871780598e+01
7.156330000000000000e+09,-8.981369337866527758e+01
7.156395000000000000e+09,-8.979889041760014834e+01
7.156460000000000000e+09,-8.970972513590091069e+01
7.156525000000000000e+09,-8.966175145969778271e+01
7.156590000000000000e+09,-8.972082811342767172e+01
7.156655000000000000e+09,-8.983554428295451544e+01
7.156720000000000000e+09,-8.975620616251629258e+01
7.156785000000000000e+09,-8.976805782102417197e+01
7.156850000000000000e+09,-8.985960479433424553e+01
7.156915000000000000e+09,-8.976084313190283126e+01
7.156980000000000000e+09,-8.970633106290983960e+01
7.157045000000000000e+09,-8.957767013314862936e+01
7.157110000000000000e+09,-8.967524845329008087e+01
7.157175000000000000e+09,-8.981477764429060073e+01
7.157240000000000000e+09,-8.972909067640185299e+01
7.157305000000000000e+09,-8.983748156462921486e+01
7.157370000000000000e+09,-8.985318241518709215e+01
7.157435000000000000e+09,-8.986831200687245769e+01
7.157500000000000000e+09,-8.975785535408522264e+01
7.157565000000000000e+09,-8.976522927421790143e+01
7.157630000000000000e+09,-8.981651944283127875e+01
7.157695000000000000e+09,-8.984593913389099384e+01
7.157760000000000000e+09,-8.996759967050897444e+01
7.157825000000000000e+09,-8.975991693872305177e+01
7.157890000000000000e+09,-8.960963402624864216e+01
7.157955000000000000e+09,-8.971153713179786848e+01
7.158020000000000000e+09,-8.971600298181714095e+01
7.158085000000000000e+09,-8.993364290248335635e+01
7.158150000000000000e+09,-8.970089368316644141e+01
7.158215000000000000e+09,-8.985903932878642308e+01
7.158280000000000000e+09,-8.970916651496550287e+01
7.158345000000000000e+09,-8.967073130518423341e+01
7.158410000000000000e+09,-8.984483525870447806e+01
7.158475000000000000e+09,-8.991203767898248600e+01
7.158540000000000000e+09,-8.994377612455026849e+01
7.158605000000000000e+09,-8.989688523223239258e+01
7.158670000000000000e+09,-8.983250187936920383e+01
7.158735000000000000e+09,-8.984968674612154871e+01
7.158800000000000000e+09,-8.987409634680489035e+01
7.158865000000000000e+09,-8.980479217853277873e+01
7.158930000000000000e+09,-8.976060518249893505e+01
7.158995000000000000e+09,-8.982223344989859015e+01
7.159060000000000000e+09,-8.984332991223162423e+01
7.159125000000000000e+09,-8.975591283078730953e+01
7.159190000000000000e+09,-8.984799400365383804e+01
7.159255000000000000e+09,-8.976102635639105642e+01
7.159320000000000000e+09,-8.987197902305267405e+01
7.159385000000000000e+09,-8.990967875275953247e+01
7.159450000000000000e+09,-8.993862271992190927e+01
7.159515000000000000e+09,-8.978764984619155598e+01
7.159580000000000000e+09,-8.985790805908415280e+01
7.159645000000000000e+09,-8.984814966790185053e+01
7.159710000000000000e+09,-8.975933018738297164e+01
7.159775000000000000e+09,-8.991598526221989118e+01
7.159840000000000000e+09,-8.987240703520498641e+01
7.159905000000000000e+09,-8.982385240931580483e+01
7.159970000000000000e+09,-8.994958200082011501e+01
7.160035000000000000e+09,-8.996742048546288117e+01
7.160100000000000000e+09,-9.000612475404187762e+01
7.160165000000000000e+09,-8.992909824749455083e+01
7.160230000000000000e+09,-8.990286868115686048e+01
7.160295000000000000e+09,-8.969454202079003835e+01
7.160360000000000000e+09,-8.979314652600251634e+01
7.160425000000000000e+09,-8.993771112484313335e+01
7.160490000000000000e+09,-9.002706349687571219e+01
7.160555000000000000e+09,-8.987825850359341473e+01
7.160620000000000000e+09,-8.984038897326760775e+01
7.160685000000000000e+09,-8.981083115245485260e+01
7.160750000000000000e+09,-8.985014044223460417e+01
7.160815000000000000e+09,-8.991262358990026371e+01
7.160880000000000000e+09,-8.994963329370580141e+01
7.160945000000000000e+09,-8.976999428137386872e+01
7.161010000000000000e+09,-8.993029441854746153e+01
7.161075000000000000e+09,-8.975568009746815790e+01
7.161140000000000000e+09,-8.980068411636794679e+01
7.161205000000000000e+09,-8.981532572110262436e+01
7.161270000000000000e+09,-8.987903383618498765e+01
7.161335000000000000e+09,-8.993694541278158283e+01
7.161400000000000000e+09,-8.983611557299511219e+01
7.161465000000000000e+09,-9.004244950079058185e+01
7.161530000000000000e+09,-8.986461083752101331e+01
7.161595000000000000e+09,-8.980339162426727739e+01
7.161660000000000000e+09,-8.997523814231485062e+01
7.161725000000000000e+09,-8.984180575839509686e+01
7.161790000000000000e+09,-8.977240434107294220e+01
7.161855000000000000e+09,-8.998794778929465110e+01
7.161920000000000000e+09,-9.015265625491548462e+01
7.161985000000000000e+09,-8.989138177108503669e+01
7.162050000000000000e+09,-9.009195271968204111e+01
7.162115000000000000e+09,-8.980402938092092313e+01
7.162180000000000000e+09,-8.999688024953677257e+01
7.162245000000000000e+09,-8.990932743802133587e+01
7.162310000000000000e+09,-8.966765745849932046e+01
7.162375000000000000e+09,-9.016511741179341755e+01
7.162440000000000000e+09,-8.998271292888638584e+01
7.162505000000000000e+09,-8.989375134541748480e+01
7.162570000000000000e+09,-8.995360015331823433e+01
7.162635000000000000e+09,-9.015907808954624159e+01
7.162700000000000000e+09,-9.006588465691990564e+01
7.162765000000000000e+09,-9.004855837473827762e+01
7.162830000000000000e+09,-9.002332901668526688e+01
7.162895000000000000e+09,-8.973166769651740537e+01
7.162960000000000000e+09,-8.997075343370978828e+01
7.163025000000000000e+09,-8.967034423094396800e+01
7.163090000000000000e+09,-9.010295529312570295e+01
7.163155000000000000e+09,-9.005065540545821534e+01
7.163220000000000000e+09,-8.998148396223081136e+01
7.163285000000000000e+09,-8.999373358328870154e+01
7.163350000000000000e+09,-8.992659442859404351e+01
7.163415000000000000e+09,-9.003717002487633181e+01
7.163480000000000000e+09,-9.007550873733664787e+01
7.163545000000000000e+09,-9.008431130487194594e+01
7.163610000000000000e+09,-8.992977352848264161e+01
7.163675000000000000e+09,-9.002363731295361049e+01
7.163740000000000000e+09,-8.998206223360577383e+01
7.163805000000000000e+09,-8.986684402611231803e+01
7.163870000000000000e+09,-9.007452381740981195e+01
7.163935000000000000e+09,-9.012728407692853239e+01
7.164000000000000000e+09,-8.978504837307346520e+01
7.164065000000000000e+09,-8.990829986583275968e+01
7.164130000000000000e+09,-8.988287497922317471e+01
7.164195000000000000e+09,-8.986682896599852199e+01
7.164260000000000000e+09,-9.004025110319324199e+01
7.164325000000000000e+09,-8.991381293486534787e+01
7.164390000000000000e+09,-8.999022963741906267e+01
7.164455000000000000e+09,-9.007043374682618264e+01
7.164520000000000000e+09,-8.984860474529340024e+01
7.164585000000000000e+09,-9.001258923074578888e+01
7.164650000000000000e+09,-8.994649200221347485e+01
7.164715000000000000e+09,-9.012337530398698959e+01
7.164780000000000000e+09,-8.981179154356367178e+01
7.164845000000000000e+09,-9.011700468764311722e+01
7.164910000000000000e+09,-8.993217793327411869e+01
7.164975000000000000e+09,-8.991889319205614584e+01
7.165040000000000000e+09,-8.985467747232937086e+01
7.165105000000000000e+09,-9.003127235564716102e+01
7.165170000000000000e+09,-8.991580855634184388e+01
7.165235000000000000e+09,-9.016552917718981064e+01
7.165300000000000000e+09,-8.993366895571622877e+01
7.165365000000000000e+09,-8.982839208160713440e+01
7.165430000000000000e+09,-9.003389734561224600e+01
7.165495000000000000e+09,-8.998107610285239844e+01
7.165560000000000000e+09,-8.993428147070420664e+01
7.165625000000000000e+09,-9.006357959204530061e+01
7.165690000000000000e+09,-8.989691569186177844e+01
7.165755000000000000e+09,-9.003689089032867798e+01
7.165820000000000000e+09,-8.998810985326534251e+01
7.165885000000000000e+09,-9.002856825375224048e+01
7.165950000000000000e+09,-9.002735883512019655e+01
7.166015000000000000e+09,-8.996195913984557535e+01
7.166080000000000000e+09,-9.016016278724421795e+01
7.166145000000000000e+09,-9.002852565440605304e+01
7.166210000000000000e+09,-8.997955840879282619e+01
7.166275000000000000e+09,-8.994087346588673881e+01
7.166340000000000000e+09,-8.994780290867906558e+01
7.166405000000000000e+09,-8.989301508188871992e+01
7.166470000000000000e+09,-9.007107475122560913e+01
7.166535000000000000e+09,-8.996914472963437959e+01
7.166600000000000000e+09,-8.960642784121093030e+01
7.166665000000000000e+09,-9.001900150238142828e+01
7.166730000000000000e+09,-9.019880081548157591e+01
7.166795000000000000e+09,-8.995657965612386420e+01
7.166860000000000000e+09,-8.991454786458962189e+01
7.166925000000000000e+09,-8.978373581633729827e+01
7.166990000000000000e+09,-9.001650082670862218e+01
7.167055000000000000e+09,-8.981820324475613404e+01
7.167120000000000000e+09,-8.999250868939391523e+01
7.167185000000000000e+09,-8.996762549725343661e+01
7.167250000000000000e+09,-8.990150825016331737e+01
7.167315000000000000e+09,-9.005336880848147985e+01
7.167380000000000000e+09,-8.964478159222701947e+01
7.167445000000000000e+09,-9.004713288871742805e+01
7.167510000000000000e+09,-9.006889595180980734e+01
7.167575000000000000e+09,-9.010062558291872392e+01
7.167640000000000000e+09,-8.995492833231134000e+01
7.167705000000000000e+09,-9.014062499590934863e+01
7.167770000000000000e+09,-8.985961455279054633e+01
7.167835000000000000e+09,-8.993222987408572067e+01
7.167900000000000000e+09,-8.998097299831194107e+01
7.167965000000000000e+09,-9.022371929640414123e+01
7.168030000000000000e+09,-9.007180619574278069e+01
7.168095000000000000e+09,-9.004440421982251053e+01
7.168160000000000000e+09,-8.994453263697951684e+01
7.168225000000000000e+09,-8.998988584506192012e+01
7.168290000000000000e+09,-9.000192460563583552e+01
7.168355000000000000e+09,-9.017806444860212878e+01
7.168420000000000000e+09,-9.000578038133201630e+01
7.168485000000000000e+09,-9.014461402107301069e+01
7.168550000000000000e+09,-8.985609436954214857e+01
7.168615000000000000e+09,-9.000748334614948476e+01
7.168680000000000000e+09,-8.995050377588862034e+01
7.168745000000000000e+09,-9.013105267801930154e+01
7.168810000000000000e+09,-9.001848220781674570e+01
7.168875000000000000e+09,-9.004860892336870393e+01
7.168940000000000000e+09,-9.005387563708966070e+01
7.169005000000000000e+09,-8.986549920674684699e+01
7.169070000000000000e+09,-8.996220614976050456e+01
7.169135000000000000e+09,-9.014373668477432489e+01
7.169200000000000000e+09,-8.992416640010887363e+01
7.169265000000000000e+09,-8.991333075290279453e+01
7.169330000000000000e+09,-8.989206453590563228e+01
7.169395000000000000e+09,-8.992428950858953840e+01
7.169460000000000000e+09,-8.984479431116641024e+01
7.169525000000000000e+09,-8.986161309881430270e+01
7.169590000000000000e+09,-9.013049437080015025e+01
7.169655000000000000e+09,-8.991548168725682899e+01
7.169720000000000000e+09,-8.998027650854353965e+01
7.169785000000000000e+09,-8.997251983529977792e+01
7.169850000000000000e+09,-9.010131273896872983e+01
7.169915000000000000e+09,-9.009895972640086370e+01
7.169980000000000000e+09,-9.006445965166332712e+01
7.170045000000000000e+09,-8.969579160608353163e+01
7.170110000000000000e+09,-8.996387196971240030e+01
7.170175000000000000e+09,-9.007717036939025945e+01
7.170240000000000000e+09,-9.020045009389727397e+01
7.170305000000000000e+09,-8.993925165891261031e+01
7.170370000000000000e+09,-9.011782522160200415e+01
7.170435000000000000e+09,-9.015232756503405653e+01
7.170500000000000000e+09,-9.014816080355575423e+01
7.170565000000000000e+09,-8.984979052910529163e+01
7.170630000000000000e+09,-9.006331158824990268e+01
7.170695000000000000e+09,-9.002475119690082295e+01
7.170760000000000000e+09,-9.008428601410136594e+01
7.170825000000000000e+09,-9.021492252310929416e+01
7.170890000000000000e+09,-8.995254834167296565e+01
7.170955000000000000e+09,-9.001048016938071328e+01
7.171020000000000000e+09,-9.003460590716117906e+01
7.171085000000000000e+09,-8.999972618895576204e+01
7.171150000000000000e+09,-8.996178001135903912e+01
7.171215000000000000e+09,-9.016349580827312593e+01
7.171280000000000000e+09,-8.990849157786723822e+01
7.171345000000000000e+09,-9.001523717937041624e+01
7.171410000000000000e+09,-9.000554330856884633e+01
7.171475000000000000e+09,-9.000562082443201462e+01
7.171540000000000000e+09,-8.999961799867917023e+01
7.171605000000000000e+09,-8.998119294914884847e+01
7.171670000000000000e+09,-9.013284136356676868e+01
7.171735000000000000e+09,-9.011039380812266586e+01
7.171800000000000000e+09,-8.997427130708240384e+01
7.171865000000000000e+09,-8.989861784756988072e+01
7.171930000000000000e+09,-9.002888884623493482e+01
7.171995000000000000e+09,-9.001922589283191201e+01
7.172060000000000000e+09,-9.013596138360354360e+01
7.172125000000000000e+09,-9.004716630111899178e+01
7.172190000000000000e+09,-8.994914468893097137e+01
7.172255000000000000e+09,-9.010941832033066134e+01
7.172320000000000000e+09,-8.997227272246148289e+01
7.172385000000000000e+09,-9.015148645424542906e+01
7.172450000000000000e+09,-8.991451132892004239e+01
7.172515000000000000e+09,-8.997905655646668777e+01
7.172580000000000000e+09,-9.015480810662032241e+01
7.172645000000000000e+09,-9.006442576322822902e+01
7.172710000000000000e+09,-9.014560187521196610e+01
7.172775000000000000e+09,-9.001363224944576302e+01
7.172840000000000000e+09,-8.993129857083737022e+01
7.172905000000000000e+09,-8.996216542165453234e+01
7.172970000000000000e+09,-8.992602232830964226e+01
7.173035000000000000e+09,-9.003768546879291534e+01
7.173100000000000000e+09,-8.992504101293143037e+01
7.173165000000000000e+09,-8.987651179231816911e+01
7.173230000000000000e+09,-8.980144077676575876e+01
7.173295000000000000e+09,-8.996094419545968890e+01
7.173360000000000000e+09,-9.007752472140455779e+01
7.173425000000000000e+09,-8.998141879548290945e+01
7.173490000000000000e+09,-8.994127792818106570e+01
7.173555000000000000e+09,-9.005530403932375805e+01
7.173620000000000000e+09,-8.995869985442215011e+01
7.173685000000000000e+09,-9.006209254204185299e+01
7.173750000000000000e+09,-9.017876725660981663e+01
7.173815000000000000e+09,-9.000193482905693543e+01
7.173880000000000000e+09,-9.003048640077884102e+01
7.173945000000000000e+09,-9.003511782347186454e+01
7.174010000000000000e+09,-8.983963922191531992e+01
7.174075000000000000e+09,-9.005665548882303995e+01
7.174140000000000000e+09,-9.008285265604543213e+01
7.174205000000000000e+09,-9.007438580658413230e+01
7.174270000000000000e+09,-8.987935137715167855e+01
7.174335000000000000e+09,-8.992255822914087560e+01
7.174400000000000000e+09,-8.998897067675754613e+01
7.174465000000000000e+09,-8.996314488667790954e+01
7.174530000000000000e+09,-8.998992533577941799e+01
7.174595000000000000e+09,-9.014211475110104743e+01
7.174660000000000000e+09,-9.001699097470351774e+01
7.174725000000000000e+09,-8.999339527349816592e+01
7.174790000000000000e+09,-8.999286317781226785e+01
7.174855000000000000e+09,-9.001264689465273250e+01
7.174920000000000000e+09,-9.010350158883531435e+01
7.174985000000000000e+09,-9.000952872796491988e+01
7.175050000000000000e+09,-8.981633092172209842e+01
7.175115000000000000e+09,-8.995530880014796082e+01
7.175180000000000000e+09,-9.015168805934709439e+01
7.175245000000000000e+09,-8.997990824850803904e+01
7.175310000000000000e+09,-8.998825485405066615e+01
7.175375000000000000e+09,-9.008491044274950355e+01
7.175440000000000000e+09,-8.993919352720915583e+01
7.175505000000000000e+09,-9.007252497498998878e+01
7.175570000000000000e+09,-8.999133806417984260e+01
7.175635000000000000e+09,-8.994854284880639739e+01
7.175700000000000000e+09,-9.000444839374586081e+01
7.175765000000000000e+09,-8.999634932124328657e+01
7.175830000000000000e+09,-9.011141888562745805e+01
7.175895000000000000e+09,-8.990409314570528920e+01
7.175960000000000000e+09,-9.003291778835753689e+01
7.176025000000000000e+09,-9.003422114531534248e+01
7.176090000000000000e+09,-9.012126576662268462e+01
7.176155000000000000e+09,-8.997803715614625730e+01
7.176220000000000000e+09,-9.003077198170680617e+01
7.176285000000000000e+09,-9.024191029948360665e+01
7.176350000000000000e+09,-8.993378638436504957e+01
7.176415000000000000e+09,-9.012158539992410056e+01
7.176480000000000000e+09,-8.987941612693958859e+01
7.176545000000000000e+09,-8.991622584081490288e+01
7.176610000000000000e+09,-9.009145609987572811e+01
7.176675000000000000e+09,-9.010909935847917041e+01
7.176740000000000000e+09,-9.009628551635069016e+01
7.176805000000000000e+09,-9.013239196962845767e+01
7.176870000000000000e+09,-9.008111460910606638e+01
7.176935000000000000e+09,-9.004038309500991488e+01
7.177000000000000000e+09,-9.003167487066006913e+01
7.177065000000000000e+09,-9.010096184551683507e+01
7.177130000000000000e+09,-8.999179321898763817e+01
7.177195000000000000e+09,-9.004370936644365031e+01
7.177260000000000000e+09,-8.991709942660044419e+01
7.177325000000000000e+09,-9.004867374708305761e+01
7.177390000000000000e+09,-9.002591576156606834e+01
7.177455000000000000e+09,-9.004319732631357454e+01
7.177520000000000000e+09,-9.009928336684723149e+01
7.177585000000000000e+09,-9.000918088919000581e+01
7.177650000000000000e+09,-9.007664077577929618e+01
7.177715000000000000e+09,-9.015300547454585001e+01
7.177780000000000000e+09,-9.024826898835847544e+01
7.177845000000000000e+09,-9.004002454832189528e+01
7.177910000000000000e+09,-8.987130414571660708e+01
7.177975000000000000e+09,-9.012887922489312587e+01
7.178040000000000000e+09,-9.000751383563367369e+01
7.178105000000000000e+09,-8.995309198158830100e+01
7.178170000000000000e+09,-9.003042628969288330e+01
7.178235000000000000e+09,-9.018243876227793976e+01
7.178300000000000000e+09,-9.016487464825405596e+01
7.178365000000000000e+09,-9.032584923307481972e+01
7.178430000000000000e+09,-8.994829547266317604e+01
7.178495000000000000e+09,-9.006472241367839615e+01
7.178560000000000000e+09,-9.017224520120329601e+01
7.178625000000000000e+09,-9.018999326463740829e+01
7.178690000000000000e+09,-9.003692905735977092e+01
7.178755000000000000e+09,-9.007294840524244250e+01
7.178820000000000000e+09,-9.020855639197682763e+01
7.178885000000000000e+09,-8.999787126142351212e+01
7.178950000000000000e+09,-9.019150053979942072e+01
7.179015000000000000e+09,-9.009522802367813199e+01
7.179080000000000000e+09,-9.020394138385185556e+01
7.179145000000000000e+09,-9.018247821744381554e+01
7.179210000000000000e+09,-8.985074080632597315e+01
7.179275000000000000e+09,-8.995531762436301904e+01
7.179340000000000000e+09,-9.007699763389473446e+01
7.179405000000000000e+09,-9.007514268751245368e+01
7.179470000000000000e+09,-9.007310712424936128e+01
7.179535000000000000e+09,-9.016714751621873347e+01
7.179600000000000000e+09,-9.004423630913478860e+01
7.179665000000000000e+09,-9.014897206038332911e+01
7.179730000000000000e+09,-9.019596294411064719e+01
7.179795000000000000e+09,-9.008538095918312649e+01
7.179860000000000000e+09,-9.016938046398666984e+01
7.179925000000000000e+09,-9.014849790627197024e+01
7.179990000000000000e+09,-9.017907901130098480e+01
7.180055000000000000e+09,-9.010799807966789388e+01
7.180120000000000000e+09,-9.001683537711299721e+01
7.180185000000000000e+09,-9.006702204261856082e+01
7.180250000000000000e+09,-8.999396300911756441e+01
7.180315000000000000e+09,-9.003516726955025717e+01
7.180380000000000000e+09,-9.021383404308028275e+01
7.180445000000000000e+09,-9.018598719169474975e+01
7.180510000000000000e+09,-9.034892889251028691e+01
7.180575000000000000e+09,-9.022309733610734384e+01
7.180640000000000000e+09,-9.034321121937810517e+01
7.180705000000000000e+09,-9.047274081659132605e+01
7.180770000000000000e+09,-9.048737081418516937e+01
7.180835000000000000e+09,-9.046005567155839344e+01
7.180900000000000000e+09,-9.057127232477682810e+01
7.180965000000000000e+09,-9.056405307851946418e+01
7.181030000000000000e+09,-9.103653719210825557e+01
7.181095000000000000e+09,-9.130374072915097372e+01
7.181160000000000000e+09,-9.151576556847061283e+01
7.181225000000000000e+09,-9.295258424896513816e+01
7.181290000000000000e+09,-9.580634354102900829e+01
7.181355000000000000e+09,-9.192440111736104313e+01
7.181420000000000000e+09,-9.093489968246583999e+01
7.181485000000000000e+09,-9.062378214342797378e+01
7.181550000000000000e+09,-9.047107767227237218e+01
7.181615000000000000e+09,-9.036897560924677464e+01
7.181680000000000000e+09,-9.012994423939014155e+01
7.181745000000000000e+09,-9.028989831719647441e+01
7.181810000000000000e+09,-9.058035363080364277e+01
7.181875000000000000e+09,-9.029738019488101486e+01
7.181940000000000000e+09,-9.023866172844466860e+01
7.182005000000000000e+09,-9.034720342325735487e+01
7.182070000000000000e+09,-9.026399736596087564e+01
7.182135000000000000e+09,-9.030919930791921502e+01
7.182200000000000000e+09,-9.028172219062489035e+01
7.182265000000000000e+09,-9.038844719976336251e+01
7.182330000000000000e+09,-9.024967805394148002e+01
7.182395000000000000e+09,-9.033798692641461514e+01
7.182460000000000000e+09,-9.015461365648411629e+01
7.182525000000000000e+09,-9.010529340771657303e+01
7.182590000000000000e+09,-9.021698561289451845e+01
7.182655000000000000e+09,-9.046221372242098369e+01
7.182720000000000000e+09,-9.013806580071928920e+01
7.182785000000000000e+09,-9.019507698836369514e+01
7.182850000000000000e+09,-9.003983748046920255e+01
7.182915000000000000e+09,-9.023997885751683157e+01
7.182980000000000000e+09,-9.023672238431471726e+01
7.183045000000000000e+09,-9.020536781837606100e+01
7.183110000000000000e+09,-9.019836807290329261e+01
7.183175000000000000e+09,-9.017151966504607685e+01
7.183240000000000000e+09,-9.026835511409092305e+01
7.183305000000000000e+09,-9.013355999965511955e+01
7.183370000000000000e+09,-9.034453829062024965e+01
7.183435000000000000e+09,-9.024449791239108265e+01
7.183500000000000000e+09,-9.019318660693718925e+01
7.183565000000000000e+09,-9.026827955892295563e+01
7.183630000000000000e+09,-9.037916164622154724e+01
7.183695000000000000e+09,-9.030678654189451038e+01
7.183760000000000000e+09,-9.031749440038295518e+01
7.183825000000000000e+09,-9.033541690671506785e+01
7.183890000000000000e+09,-9.034887081251804375e+01
7.183955000000000000e+09,-9.009735586030302557e+01
7.184020000000000000e+09,-9.032455659479367682e+01
7.184085000000000000e+09,-9.010734972603016502e+01
7.184150000000000000e+09,-9.035298920697626102e+01
7.184215000000000000e+09,-9.025226996364919785e+01
7.184280000000000000e+09,-9.027386347677006029e+01
7.184345000000000000e+09,-9.026237084909062958e+01
7.184410000000000000e+09,-9.057929804411998020e+01
7.184475000000000000e+09,-9.030738119294240107e+01
7.184540000000000000e+09,-9.034289001675242048e+01
7.184605000000000000e+09,-9.049440903144753179e+01
7.184670000000000000e+09,-9.018240843050742228e+01
7.184735000000000000e+09,-9.029828472031020681e+01
7.184800000000000000e+09,-9.051826507704900848e+01
7.184865000000000000e+09,-9.052261663273904446e+01
7.184930000000000000e+09,-9.020961728851632699e+01
7.184995000000000000e+09,-9.019843733783231698e+01
7.185060000000000000e+09,-9.033494307630354569e+01
7.185125000000000000e+09,-9.038903685596920923e+01
7.185190000000000000e+09,-9.025339838366028289e+01
7.185255000000000000e+09,-9.044885107799828461e+01
7.185320000000000000e+09,-9.020088298527939230e+01
7.185385000000000000e+09,-9.032958596633557136e+01
7.185450000000000000e+09,-9.040198570619494944e+01
7.185515000000000000e+09,-9.027315985665919129e+01
7.185580000000000000e+09,-9.024470430824828782e+01
7.185645000000000000e+09,-9.034375416193965691e+01
7.185710000000000000e+09,-9.027391623650072461e+01
7.185775000000000000e+09,-9.022333943465858397e+01
7.185840000000000000e+09,-9.040723004577968425e+01
7.185905000000000000e+09,-9.020938536418478293e+01
7.185970000000000000e+09,-9.033121449918489532e+01
7.186035000000000000e+09,-9.040522737795761543e+01
7.186100000000000000e+09,-9.034972376231485214e+01
7.186165000000000000e+09,-9.031451958695741666e+01
7.186230000000000000e+09,-9.038710605825109212e+01
7.186295000000000000e+09,-9.039933252531434960e+01
7.186360000000000000e+09,-9.021721597793806779e+01
7.186425000000000000e+09,-9.040101369743622683e+01
7.186490000000000000e+09,-9.057521035296772993e+01
7.186555000000000000e+09,-9.033429689149309638e+01
7.186620000000000000e+09,-9.038758073932137904e+01
7.186685000000000000e+09,-9.031413571763117432e+01
7.186750000000000000e+09,-9.040834232034364959e+01
7.186815000000000000e+09,-9.034146912522693640e+01
7.186880000000000000e+09,-9.037039817425591082e+01
7.186945000000000000e+09,-9.034198487686687429e+01
7.187010000000000000e+09,-9.037132481756250968e+01
7.187075000000000000e+09,-9.042938269048545408e+01
7.187140000000000000e+09,-9.029797418296965361e+01
7.187205000000000000e+09,-9.021411656549085478e+01
7.187270000000000000e+09,-9.038001316604740509e+01
7.187335000000000000e+09,-9.035609572644784748e+01
7.187400000000000000e+09,-9.038501431895296889e+01
7.187465000000000000e+09,-9.031319331334498202e+01
7.187530000000000000e+09,-9.042944361098324180e+01
7.187595000000000000e+09,-9.036486397243088220e+01
7.187660000000000000e+09,-9.032587399873861500e+01
7.187725000000000000e+09,-9.034786727698002551e+01
7.187790000000000000e+09,-9.061224828924846975e+01
7.187855000000000000e+09,-9.041939169710457236e+01
7.187920000000000000e+09,-9.040264112905234128e+01
7.187985000000000000e+09,-9.041966847695363185e+01
7.188050000000000000e+09,-9.033663140848793205e+01
7.188115000000000000e+09,-9.033421473182704631e+01
7.188180000000000000e+09,-9.055102991868936613e+01
7.188245000000000000e+09,-9.031902368330153763e+01
7.188310000000000000e+09,-9.044412570930090567e+01
7.188375000000000000e+09,-9.043340752019315687e+01
7.188440000000000000e+09,-9.063106300191422804e+01
7.188505000000000000e+09,-9.049310583877421266e+01
7.188570000000000000e+09,-9.021847900077580107e+01
7.188635000000000000e+09,-9.038365623398118487e+01
7.188700000000000000e+09,-9.026696433428671185e+01
7.188765000000000000e+09,-9.047055581050207707e+01
7.188830000000000000e+09,-9.041886438699825135e+01
7.188895000000000000e+09,-9.042922350892283134e+01
7.188960000000000000e+09,-9.055392140582651450e+01
7.189025000000000000e+09,-9.040928342426934705e+01
7.189090000000000000e+09,-9.051246566391895954e+01
7.189155000000000000e+09,-9.044820815083618015e+01
7.189220000000000000e+09,-9.045336082891076046e+01
7.189285000000000000e+09,-9.020299010524777827e+01
7.189350000000000000e+09,-9.042911955835268145e+01
7.189415000000000000e+09,-9.043197036413016576e+01
7.189480000000000000e+09,-9.034162777959458879e+01
7.189545000000000000e+09,-9.052001657116139199e+01
7.189610000000000000e+09,-9.023592759231073046e+01
7.189675000000000000e+09,-9.041393357780543738e+01
7.189740000000000000e+09,-9.028358958891709563e+01
7.189805000000000000e+09,-9.033410280723396113e+01
7.189870000000000000e+09,-9.039163772365481009e+01
7.189935000000000000e+09,-9.033148280391716867e+01
7.190000000000000000e+09,-9.043770878532130553e+01
7.190065000000000000e+09,-9.047278892959495522e+01
7.190130000000000000e+09,-9.031399131782802669e+01
7.190195000000000000e+09,-9.036470307647000766e+01
7.190260000000000000e+09,-9.038324345585820652e+01
7.190325000000000000e+09,-9.046839080891669482e+01
7.190390000000000000e+09,-9.067847888923766675e+01
7.190455000000000000e+09,-9.058392163834886901e+01
7.190520000000000000e+09,-9.043480140210837703e+01
7.190585000000000000e+09,-9.054701146214463847e+01
7.190650000000000000e+09,-9.031726919561201328e+01
7.190715000000000000e+09,-9.049719155328222087e+01
7.190780000000000000e+09,-9.046521264466277046e+01
7.190845000000000000e+09,-9.045154006516064271e+01
7.190910000000000000e+09,-9.021758634310208436e+01
7.190975000000000000e+09,-9.043961757140428404e+01
7.191040000000000000e+09,-9.046598997806967191e+01
7.191105000000000000e+09,-9.023452055718097142e+01
7.191170000000000000e+09,-9.039206912438444874e+01
7.191235000000000000e+09,-9.053932024529957800e+01
7.191300000000000000e+09,-9.029929711353869948e+01
7.191365000000000000e+09,-9.057599398371669963e+01
7.191430000000000000e+09,-9.050565427448401579e+01
7.191495000000000000e+09,-9.040728448928246053e+01
7.191560000000000000e+09,-9.033866954086025203e+01
7.191625000000000000e+09,-9.035440139328420628e+01
7.191690000000000000e+09,-9.034109923837335998e+01
7.191755000000000000e+09,-9.037316254347707911e+01
7.191820000000000000e+09,-9.042999945428816488e+01
7.191885000000000000e+09,-9.044213048874711092e+01
7.191950000000000000e+09,-9.051174844641954564e+01
7.192015000000000000e+09,-9.076194845239530196e+01
7.192080000000000000e+09,-9.063422573505739877e+01
7.192145000000000000e+09,-9.043685105508868105e+01
7.192210000000000000e+09,-9.032189337303479704e+01
7.192275000000000000e+09,-9.042702914387288615e+01
7.192340000000000000e+09,-9.037808117423034560e+01
7.192405000000000000e+09,-9.034673625537912756e+01
7.192470000000000000e+09,-9.065641198260998124e+01
7.192535000000000000e+09,-9.039940213846806216e+01
7.192600000000000000e+09,-9.056819382346814962e+01
7.192665000000000000e+09,-9.050112656858438243e+01
7.192730000000000000e+09,-9.053622027419194751e+01
7.192795000000000000e+09,-9.064990350725237533e+01
7.192860000000000000e+09,-9.038212933347207922e+01
7.192925000000000000e+09,-9.040252152337279767e+01
7.192990000000000000e+09,-9.042506041651756732e+01
7.193055000000000000e+09,-9.040863382347910715e+01
7.193120000000000000e+09,-9.038292505105273733e+01
7.193185000000000000e+09,-9.045806848330045113e+01
7.193250000000000000e+09,-9.057654993402582022e+01
7.193315000000000000e+09,-9.056693163774843924e+01
7.193380000000000000e+09,-9.043498812311860036e+01
7.193445000000000000e+09,-9.037667630928409324e+01
7.193510000000000000e+09,-9.060546968360782216e+01
7.193575000000000000e+09,-9.029340586019542059e+01
7.193640000000000000e+09,-9.044074178045988788e+01
7.193705000000000000e+09,-9.061646151706318619e+01
7.193770000000000000e+09,-9.038261284836138998e+01
7.193835000000000000e+09,-9.062705442501483333e+01
7.193900000000000000e+09,-9.067599657148606696e+01
7.193965000000000000e+09,-9.028858439276021386e+01
7.194030000000000000e+09,-9.050853786869501505e+01
7.194095000000000000e+09,-9.065707987322441852e+01
7.194160000000000000e+09,-9.046742904558065845e+01
7.194225000000000000e+09,-9.054171212426366822e+01
7.194290000000000000e+09,-9.064043100257450192e+01
7.194355000000000000e+09,-9.058435346286171352e+01
7.194420000000000000e+09,-9.066297786222891375e+01
7.194485000000000000e+09,-9.039551478499521409e+01
7.194550000000000000e+09,-9.059291001874547078e+01
7.194615000000000000e+09,-9.051633075633796466e+01
7.194680000000000000e+09,-9.028075950651023618e+01
7.194745000000000000e+09,-9.056420416005464347e+01
7.194810000000000000e+09,-9.062518441841929473e+01
7.194875000000000000e+09,-9.047391793933417148e+01
7.194940000000000000e+09,-9.061779167077858688e+01
7.195005000000000000e+09,-9.046979687159561934e+01
7.195070000000000000e+09,-9.050411607607692588e+01
7.195135000000000000e+09,-9.061810945156052810e+01
7.195200000000000000e+09,-9.036867829643423988e+01
7.195265000000000000e+09,-9.078679285783059072e+01
7.195330000000000000e+09,-9.055150914871055079e+01
7.195395000000000000e+09,-9.053157754211844122e+01
7.195460000000000000e+09,-9.067066462012013517e+01
7.195525000000000000e+09,-9.053364310955450378e+01
7.195590000000000000e+09,-9.049693719382418067e+01
7.195655000000000000e+09,-9.071648229874283231e+01
7.195720000000000000e+09,-9.082158336857800407e+01
7.195785000000000000e+09,-9.054805590728959430e+01
7.195850000000000000e+09,-9.049196347303288235e+01
7.195915000000000000e+09,-9.072047708086918760e+01
7.195980000000000000e+09,-9.054179089570104111e+01
7.196045000000000000e+09,-9.049455409753946356e+01
7.196110000000000000e+09,-9.065534831826019513e+01
7.196175000000000000e+09,-9.067307553006928345e+01
7.196240000000000000e+09,-9.049258470124917153e+01
7.196305000000000000e+09,-9.054437663736555919e+01
7.196370000000000000e+09,-9.046194038850680386e+01
7.196435000000000000e+09,-9.077141986025458209e+01
7.196500000000000000e+09,-9.050339652492972675e+01
7.196565000000000000e+09,-9.053230296604185412e+01
7.196630000000000000e+09,-9.056830776638545899e+01
7.196695000000000000e+09,-9.058524527152600569e+01
7.196760000000000000e+09,-9.047632228989824910e+01
7.196825000000000000e+09,-9.039941746220038965e+01
7.196890000000000000e+09,-9.060640735400576773e+01
7.196955000000000000e+09,-9.060208338256660454e+01
7.197020000000000000e+09,-9.052067639512564767e+01
7.197085000000000000e+09,-9.062244476844050212e+01
7.197150000000000000e+09,-9.060280226525745206e+01
7.197215000000000000e+09,-9.053088291355278727e+01
7.197280000000000000e+09,-9.064702815428941562e+01
7.197345000000000000e+09,-9.078385669334116415e+01
7.197410000000000000e+09,-9.067128450264013395e+01
7.197475000000000000e+09,-9.061868574309201563e+01
7.197540000000000000e+09,-9.058050940722678490e+01
7.197605000000000000e+09,-9.070535977921585413e+01
7.197670000000000000e+09,-9.058525445041082946e+01
7.197735000000000000e+09,-9.063427081441184896e+01
7.197800000000000000e+09,-9.060162924976928878e+01
7.197865000000000000e+09,-9.064926167535432455e+01
7.197930000000000000e+09,-9.061431308055715306e+01
7.197995000000000000e+09,-9.061741918974986731e+01
7.198060000000000000e+09,-9.055674529735037481e+01
7.198125000000000000e+09,-9.075039657792370917e+01
7.198190000000000000e+09,-9.081704249127108142e+01
7.198255000000000000e+09,-9.090427491023051232e+01
7.198320000000000000e+09,-9.073086697843081083e+01
7.198385000000000000e+09,-9.056441758905953066e+01
7.198450000000000000e+09,-9.055572566629068376e+01
7.198515000000000000e+09,-9.062291258238779790e+01
7.198580000000000000e+09,-9.061705414504096723e+01
7.198645000000000000e+09,-9.062650562941441024e+01
7.198710000000000000e+09,-9.059308891601611435e+01
7.198775000000000000e+09,-9.078142005186572305e+01
7.198840000000000000e+09,-9.064903923937197305e+01
7.198905000000000000e+09,-9.073697962495118929e+01
7.198970000000000000e+09,-9.059919399036844823e+01
7.199035000000000000e+09,-9.062113668719058523e+01
7.199100000000000000e+09,-9.061977866663490033e+01
7.199165000000000000e+09,-9.074926610278454575e+01
7.199230000000000000e+09,-9.058113651680474732e+01
7.199295000000000000e+09,-9.075628962221790630e+01
7.199360000000000000e+09,-9.072243520528348881e+01
7.199425000000000000e+09,-9.065693667856109528e+01
7.199490000000000000e+09,-9.069073144272850584e+01
7.199555000000000000e+09,-9.070256872315454189e+01
7.199620000000000000e+09,-9.063099260607333463e+01
7.199685000000000000e+09,-9.065011404568963371e+01
7.199750000000000000e+09,-9.076327166490322895e+01
7.199815000000000000e+09,-9.050510103512471005e+01
7.199880000000000000e+09,-9.071257633725387848e+01
7.199945000000000000e+09,-9.063976428989762724e+01
7.200010000000000000e+09,-9.059715809669505404e+01
7.200075000000000000e+09,-9.059600665343654669e+01
7.200140000000000000e+09,-9.081623033917550458e+01
7.200205000000000000e+09,-9.049405410996715204e+01
7.200270000000000000e+09,-9.087027218003784412e+01
7.200335000000000000e+09,-9.071198772233114482e+01
7.200400000000000000e+09,-9.064810678813884692e+01
7.200465000000000000e+09,-9.073521073677110849e+01
7.200530000000000000e+09,-9.086671591126491876e+01
7.200595000000000000e+09,-9.080276290856335208e+01
7.200660000000000000e+09,-9.086381374958233437e+01
7.200725000000000000e+09,-9.064409631354558883e+01
7.200790000000000000e+09,-9.058505103501558153e+01
7.200855000000000000e+09,-9.054868091299493926e+01
7.200920000000000000e+09,-9.067406810047796739e+01
7.200985000000000000e+09,-9.061153585837331548e+01
7.201050000000000000e+09,-9.067181404272423606e+01
7.201115000000000000e+09,-9.070830890341002828e+01
7.201180000000000000e+09,-9.083204398707547966e+01
7.201245000000000000e+09,-9.065607389432136642e+01
7.201310000000000000e+09,-9.089952630930851285e+01
7.201375000000000000e+09,-9.079703700113634568e+01
7.201440000000000000e+09,-9.067660458868465412e+01
7.201505000000000000e+09,-9.069696948701091799e+01
7.201570000000000000e+09,-9.058667267055993477e+01
7.201635000000000000e+09,-9.062206769311865173e+01
7.201700000000000000e+09,-9.076127457249322106e+01
7.201765000000000000e+09,-9.089118054303838790e+01
7.201830000000000000e+09,-9.072444257861972972e+01
7.201895000000000000e+09,-9.089429969933961218e+01
7.201960000000000000e+09,-9.065323631279247252e+01
7.202025000000000000e+09,-9.081238323157683112e+01
7.202090000000000000e+09,-9.074555083878831852e+01
7.202155000000000000e+09,-9.060638351507896004e+01
7.202220000000000000e+09,-9.080859732468815082e+01
7.202285000000000000e+09,-9.066779096462910559e+01
7.202350000000000000e+09,-9.092627872014003287e+01
7.202415000000000000e+09,-9.066529229054253847e+01
7.202480000000000000e+09,-9.087917707931288192e+01
7.202545000000000000e+09,-9.075219228648116143e+01
7.202610000000000000e+09,-9.074435420581080791e+01
7.202675000000000000e+09,-9.097932775638120972e+01
7.202740000000000000e+09,-9.094173690056001647e+01
7.202805000000000000e+09,-9.065431516998729933e+01
7.202870000000000000e+09,-9.080105514434627878e+01
7.202935000000000000e+09,-9.076279692390406240e+01
7.203000000000000000e+09,-9.073820179547659848e+01
7.203065000000000000e+09,-9.065763264969164936e+01
7.203130000000000000e+09,-9.088286132339700885e+01
7.203195000000000000e+09,-9.089188666418208129e+01
7.203260000000000000e+09,-9.072996271244228694e+01
7.203325000000000000e+09,-9.062080361355812386e+01
7.203390000000000000e+09,-9.080538580831820639e+01
7.203455000000000000e+09,-9.065488534257703179e+01
7.203520000000000000e+09,-9.062331420671679894e+01
7.203585000000000000e+09,-9.096332048086564726e+01
7.203650000000000000e+09,-9.097616661568424945e+01
7.203715000000000000e+09,-9.080218549797862693e+01
7.203780000000000000e+09,-9.087144478664984604e+01
7.203845000000000000e+09,-9.073933701442823008e+01
7.203910000000000000e+09,-9.064348236084137511e+01
7.203975000000000000e+09,-9.063779376432330537e+01
7.204040000000000000e+09,-9.083987675747940216e+01
7.204105000000000000e+09,-9.077134904743681432e+01
7.204170000000000000e+09,-9.084519468816539245e+01
7.204235000000000000e+09,-9.083813818676964047e+01
7.204300000000000000e+09,-9.089972141499049485e+01
7.204365000000000000e+09,-9.078548018478828396e+01
7.204430000000000000e+09,-9.072869352352471140e+01
7.204495000000000000e+09,-9.096226205584791558e+01
7.204560000000000000e+09,-9.079476252289276772e+01
7.204625000000000000e+09,-9.070358498784351298e+01
7.204690000000000000e+09,-9.078038116050541362e+01
7.204755000000000000e+09,-9.061618495385553729e+01
7.204820000000000000e+09,-9.083095817319870946e+01
7.204885000000000000e+09,-9.074786613737911978e+01
7.204950000000000000e+09,-9.090277241893511473e+01
7.205015000000000000e+09,-9.103025809185395190e+01
7.205080000000000000e+09,-9.083986503184256378e+01
7.205145000000000000e+09,-9.077440631649687930e+01
7.205210000000000000e+09,-9.095401710522592964e+01
7.205275000000000000e+09,-9.065158713764029130e+01
7.205340000000000000e+09,-9.078433130817515462e+01
7.205405000000000000e+09,-9.093351095958531971e+01
7.205470000000000000e+09,-9.080672542045165585e+01
7.205535000000000000e+09,-9.076164937526385756e+01
7.205600000000000000e+09,-9.070411968823768234e+01
7.205665000000000000e+09,-9.118904653808203875e+01
7.205730000000000000e+09,-9.103476903509994145e+01
7.205795000000000000e+09,-9.150115030489038759e+01
7.205860000000000000e+09,-9.147312336473561345e+01
7.205925000000000000e+09,-9.153068636308836403e+01
7.205990000000000000e+09,-9.130265797372143766e+01
7.206055000000000000e+09,-9.147600024253074480e+01
7.206120000000000000e+09,-9.173026987372992380e+01
7.206185000000000000e+09,-9.187116270874611246e+01
7.206250000000000000e+09,-9.216768662952352997e+01
7.206315000000000000e+09,-9.291568332288029808e+01
7.206380000000000000e+09,-9.636287871704348618e+01
7.206445000000000000e+09,-9.532290587225764966e+01
7.206510000000000000e+09,-9.247956452476400102e+01
7.206575000000000000e+09,-9.155934339342653061e+01
7.206640000000000000e+09,-9.134334315610547606e+01
7.206705000000000000e+09,-9.105787858687170910e+01
7.206770000000000000e+09,-9.101657671720872145e+01
7.206835000000000000e+09,-9.132340927918848195e+01
7.206900000000000000e+09,-9.102637001405139472e+01
7.206965000000000000e+09,-9.103142322670292685e+01
7.207030000000000000e+09,-9.102751860434526066e+01
7.207095000000000000e+09,-9.093359490972059689e+01
7.207160000000000000e+09,-9.098490479345295512e+01
7.207225000000000000e+09,-9.094486251480893202e+01
7.207290000000000000e+09,-9.093756487433772406e+01
7.207355000000000000e+09,-9.085146325559669833e+01
7.207420000000000000e+09,-9.094949091460850354e+01
7.207485000000000000e+09,-9.073897672978574747e+01
7.207550000000000000e+09,-9.097974864047964161e+01
7.207615000000000000e+09,-9.098186516639262322e+01
7.207680000000000000e+09,-9.109196914798511102e+01
7.207745000000000000e+09,-9.092436655840950266e+01
7.207810000000000000e+09,-9.085965869022315644e+01
7.207875000000000000e+09,-9.095490179007026654e+01
7.207940000000000000e+09,-9.108656826730106104e+01
7.208005000000000000e+09,-9.084722803511490952e+01
7.208070000000000000e+09,-9.079897316778824745e+01
7.208135000000000000e+09,-9.093364929040203037e+01
7.208200000000000000e+09,-9.087375423422327003e+01
7.208265000000000000e+09,-9.093126511740742046e+01
7.208330000000000000e+09,-9.082226208116298949e+01
7.208395000000000000e+09,-9.091074373726942781e+01
7.208460000000000000e+09,-9.062935331067430411e+01
7.208525000000000000e+09,-9.092987095967100686e+01
7.208590000000000000e+09,-9.093906803465583266e+01
7.208655000000000000e+09,-9.078532522135219551e+01
7.208720000000000000e+09,-9.092018128716301817e+01
7.208785000000000000e+09,-9.093127970478504096e+01
7.208850000000000000e+09,-9.108500952620437374e+01
7.208915000000000000e+09,-9.107989455302821113e+01
7.208980000000000000e+09,-9.106061489710293699e+01
7.209045000000000000e+09,-9.076657222924835366e+01
7.209110000000000000e+09,-9.089751031024513850e+01
7.209175000000000000e+09,-9.081895442677256369e+01
7.209240000000000000e+09,-9.074225975723095416e+01
7.209305000000000000e+09,-9.089093449080230869e+01
7.209370000000000000e+09,-9.109393743685075151e+01
7.209435000000000000e+09,-9.088127886952925394e+01
7.209500000000000000e+09,-9.088962207418511241e+01
7.209565000000000000e+09,-9.096045468753735008e+01
7.209630000000000000e+09,-9.085254199950526299e+01
7.209695000000000000e+09,-9.107083627975883644e+01
7.209760000000000000e+09,-9.097730234488852830e+01
7.209825000000000000e+09,-9.097033886042973450e+01
7.209890000000000000e+09,-9.091868671698156845e+01
7.209955000000000000e+09,-9.072061194405704043e+01
7.210020000000000000e+09,-9.096821215108721503e+01
7.210085000000000000e+09,-9.104067123605416612e+01
7.210150000000000000e+09,-9.067033273197303345e+01
7.210215000000000000e+09,-9.069534519880147627e+01
7.210280000000000000e+09,-9.113092007976408127e+01
7.210345000000000000e+09,-9.107807755257580595e+01
7.210410000000000000e+09,-9.111789465020832779e+01
7.210475000000000000e+09,-9.085822957971726055e+01
7.210540000000000000e+09,-9.104555026376736748e+01
7.210605000000000000e+09,-9.081735940574228039e+01
7.210670000000000000e+09,-9.080843831118093590e+01
7.210735000000000000e+09,-9.105421474691716810e+01
7.210800000000000000e+09,-9.098483987316453181e+01
7.210865000000000000e+09,-9.086214995819577211e+01
7.210930000000000000e+09,-9.092546899337088462e+01
7.210995000000000000e+09,-9.090841396554692722e+01
7.211060000000000000e+09,-9.101163584552865871e+01
7.211125000000000000e+09,-9.077327516778821348e+01
7.211190000000000000e+09,-9.101378656134980361e+01
7.211255000000000000e+09,-9.077717699176899657e+01
7.211320000000000000e+09,-9.091628450293444530e+01
7.211385000000000000e+09,-9.105400799771450693e+01
7.211450000000000000e+09,-9.065461756520930692e+01
7.211515000000000000e+09,-9.104348710168649461e+01
7.211580000000000000e+09,-9.080605255874216653e+01
7.211645000000000000e+09,-9.084515435597026567e+01
7.211710000000000000e+09,-9.096158263843011582e+01
7.211775000000000000e+09,-9.082372368892806946e+01
7.211840000000000000e+09,-9.081554641846308584e+01
7.211905000000000000e+09,-9.084254508392328376e+01
7.211970000000000000e+09,-9.105741715571021189e+01
7.212035000000000000e+09,-9.084812332355434705e+01
7.212100000000000000e+09,-9.093234871093457627e+01
7.212165000000000000e+09,-9.082226112715780175e+01
7.212230000000000000e+09,-9.108746471651885201e+01
7.212295000000000000e+09,-9.094631296179053948e+01
7.212360000000000000e+09,-9.101919394438489519e+01
7.212425000000000000e+09,-9.095659382555359684e+01
7.212490000000000000e+09,-9.078119454736962268e+01
7.212555000000000000e+09,-9.089763382342178488e+01
7.212620000000000000e+09,-9.089560387275520270e+01
7.212685000000000000e+09,-9.102027283804908109e+01
7.212750000000000000e+09,-9.120300640139136306e+01
7.212815000000000000e+09,-9.098271277624421316e+01
7.212880000000000000e+09,-9.077082425353636097e+01
7.212945000000000000e+09,-9.101502581340420761e+01
7.213010000000000000e+09,-9.079103265377301568e+01
7.213075000000000000e+09,-9.097293969509857448e+01
7.213140000000000000e+09,-9.083801115084226296e+01
7.213205000000000000e+09,-9.083031191156644013e+01
7.213270000000000000e+09,-9.085705969553836781e+01
7.213335000000000000e+09,-9.091850551519200963e+01
7.213400000000000000e+09,-9.088187973405723596e+01
7.213465000000000000e+09,-9.107188203622192191e+01
7.213530000000000000e+09,-9.099611224129321840e+01
7.213595000000000000e+09,-9.091060604383734756e+01
7.213660000000000000e+09,-9.090098728555767593e+01
7.213725000000000000e+09,-9.104587753722287857e+01
7.213790000000000000e+09,-9.101696627973322506e+01
7.213855000000000000e+09,-9.113914082860338794e+01
7.213920000000000000e+09,-9.088572326938951562e+01
7.213985000000000000e+09,-9.091012039212816376e+01
7.214050000000000000e+09,-9.086813405267712085e+01
7.214115000000000000e+09,-9.101545491357535411e+01
7.214180000000000000e+09,-9.125772889633898899e+01
7.214245000000000000e+09,-9.104405204380603323e+01
7.214310000000000000e+09,-9.116881608472201037e+01
7.214375000000000000e+09,-9.093401769322808548e+01
7.214440000000000000e+09,-9.099689528190052101e+01
7.214505000000000000e+09,-9.106823896713973454e+01
7.214570000000000000e+09,-9.107993359823132096e+01
7.214635000000000000e+09,-9.106848461405347450e+01
7.214700000000000000e+09,-9.119935669528109656e+01
7.214765000000000000e+09,-9.104828093365424024e+01
7.214830000000000000e+09,-9.119816133264798452e+01
7.214895000000000000e+09,-9.095391060047676035e+01
7.214960000000000000e+09,-9.120587765398394708e+01
7.215025000000000000e+09,-9.111331244068905733e+01
7.215090000000000000e+09,-9.106679636765602481e+01
7.215155000000000000e+09,-9.099476053063764880e+01
7.215220000000000000e+09,-9.109029953707576510e+01
7.215285000000000000e+09,-9.096560065359150826e+01
7.215350000000000000e+09,-9.092419897538641749e+01
7.215415000000000000e+09,-9.113030450915884728e+01
7.215480000000000000e+09,-9.106418716801289293e+01
7.215545000000000000e+09,-9.101744304945279396e+01
7.215610000000000000e+09,-9.108099639307498308e+01
7.215675000000000000e+09,-9.117497801464439533e+01
7.215740000000000000e+09,-9.118385175964910161e+01
7.215805000000000000e+09,-9.120603852399823097e+01
7.215870000000000000e+09,-9.110109611861980738e+01
7.215935000000000000e+09,-9.106151120325611714e+01
7.216000000000000000e+09,-9.115188490245357400e+01
7.216065000000000000e+09,-9.085372907098415851e+01
7.216130000000000000e+09,-9.107473183699335095e+01
7.216195000000000000e+09,-9.133060675693442931e+01
7.216260000000000000e+09,-9.108940138612197757e+01
7.216325000000000000e+09,-9.119653217173666349e+01
7.216390000000000000e+09,-9.108346075269705011e+01
7.216455000000000000e+09,-9.113113774299520742e+01
7.216520000000000000e+09,-9.107852389513907099e+01
7.216585000000000000e+09,-9.117198621599885655e+01
7.216650000000000000e+09,-9.110703131136273214e+01
7.216715000000000000e+09,-9.105187037345403667e+01
7.216780000000000000e+09,-9.120491359618013405e+01
7.216845000000000000e+09,-9.090597698154697071e+01
7.216910000000000000e+09,-9.113391904417187561e+01
7.216975000000000000e+09,-9.096890662422551088e+01
7.217040000000000000e+09,-9.099173893856685424e+01
7.217105000000000000e+09,-9.083203205059555785e+01
7.217170000000000000e+09,-9.095683014720677306e+01
7.217235000000000000e+09,-9.088306090407884597e+01
7.217300000000000000e+09,-9.111570809131707449e+01
7.217365000000000000e+09,-9.109563382497358930e+01
7.217430000000000000e+09,-9.104736903121661840e+01
7.217495000000000000e+09,-9.121258408529642736e+01
7.217560000000000000e+09,-9.125492087006475117e+01
7.217625000000000000e+09,-9.116782181999013801e+01
7.217690000000000000e+09,-9.106210839129481371e+01
7.217755000000000000e+09,-9.100942076834408567e+01
7.217820000000000000e+09,-9.117495609731120965e+01
7.217885000000000000e+09,-9.103360137207315006e+01
7.217950000000000000e+09,-9.119444761695149282e+01
7.218015000000000000e+09,-9.110857928406061035e+01
7.218080000000000000e+09,-9.119665107642933322e+01
7.218145000000000000e+09,-9.090332957919233081e+01
7.218210000000000000e+09,-9.110987829840303220e+01
7.218275000000000000e+09,-9.120439358802443053e+01
7.218340000000000000e+09,-9.112705587526008344e+01
7.218405000000000000e+09,-9.117474981118279231e+01
7.218470000000000000e+09,-9.104141282216119180e+01
7.218535000000000000e+09,-9.127400392552726771e+01
7.218600000000000000e+09,-9.092127163501208997e+01
7.218665000000000000e+09,-9.097989818804806816e+01
7.218730000000000000e+09,-9.115408287067842252e+01
7.218795000000000000e+09,-9.138204332367719473e+01
7.218860000000000000e+09,-9.107335775472625983e+01
7.218925000000000000e+09,-9.118435900421795282e+01
7.218990000000000000e+09,-9.127206639143329880e+01
7.219055000000000000e+09,-9.100075978907793228e+01
7.219120000000000000e+09,-9.099282395090062892e+01
7.219185000000000000e+09,-9.128581541458642334e+01
7.219250000000000000e+09,-9.121671439037515938e+01
7.219315000000000000e+09,-9.116824781051622040e+01
7.219380000000000000e+09,-9.108423441533389564e+01
7.219445000000000000e+09,-9.106265564517858024e+01
7.219510000000000000e+09,-9.136000124518061227e+01
7.219575000000000000e+09,-9.119654754291035204e+01
7.219640000000000000e+09,-9.134206661569272967e+01
7.219705000000000000e+09,-9.150649575568188254e+01
7.219770000000000000e+09,-9.122683144778845588e+01
7.219835000000000000e+09,-9.114999138455189609e+01
7.219900000000000000e+09,-9.122146549075264943e+01
7.219965000000000000e+09,-9.121582712504496726e+01
7.220030000000000000e+09,-9.115790356417848272e+01
7.220095000000000000e+09,-9.116981993410952612e+01
7.220160000000000000e+09,-9.150619633734487479e+01
7.220225000000000000e+09,-9.114497648624785597e+01
7.220290000000000000e+09,-9.124774727360181714e+01
7.220355000000000000e+09,-9.134208051357994407e+01
7.220420000000000000e+09,-9.118424503350919963e+01
7.220485000000000000e+09,-9.127392676665951399e+01
7.220550000000000000e+09,-9.124043490871022755e+01
7.220615000000000000e+09,-9.136731405725329580e+01
7.220680000000000000e+09,-9.115788328022435394e+01
7.220745000000000000e+09,-9.140674605619128101e+01
7.220810000000000000e+09,-9.133422989993687224e+01
7.220875000000000000e+09,-9.131701975372422453e+01
7.220940000000000000e+09,-9.111453325582813534e+01
7.221005000000000000e+09,-9.115653359035312064e+01
7.221070000000000000e+09,-9.130407707766003966e+01
7.221135000000000000e+09,-9.110830637151315159e+01
7.221200000000000000e+09,-9.102590781807344911e+01
7.221265000000000000e+09,-9.109859076419641610e+01
7.221330000000000000e+09,-9.116611835135270780e+01
7.221395000000000000e+09,-9.113404701998098290e+01
7.221460000000000000e+09,-9.113561133053558194e+01
7.221525000000000000e+09,-9.118254662981104275e+01
7.221590000000000000e+09,-9.116821798708110691e+01
7.221655000000000000e+09,-9.130069871138212534e+01
7.221720000000000000e+09,-9.111537974791148997e+01
7.221785000000000000e+09,-9.107063443721315821e+01
7.221850000000000000e+09,-9.114086659942658741e+01
7.221915000000000000e+09,-9.106632991661840038e+01
7.221980000000000000e+09,-9.120127706803918954e+01
7.222045000000000000e+09,-9.104500537174340025e+01
7.222110000000000000e+09,-9.133745366544485478e+01
7.222175000000000000e+09,-9.125318436754932350e+01
7.222240000000000000e+09,-9.113126961900030665e+01
7.222305000000000000e+09,-9.115853562836875312e+01
7.222370000000000000e+09,-9.112247093870877279e+01
7.222435000000000000e+09,-9.128109338172500031e+01
7.222500000000000000e+09,-9.122429021205209665e+01
7.222565000000000000e+09,-9.132129433642866445e+01
7.222630000000000000e+09,-9.138830183694352627e+01
7.222695000000000000e+09,-9.130304016869740735e+01
7.222760000000000000e+09,-9.133268518384460322e+01
7.222825000000000000e+09,-9.139558047524532469e+01
7.222890000000000000e+09,-9.130021867791120371e+01
7.222955000000000000e+09,-9.117700520306293299e+01
7.223020000000000000e+09,-9.103117390646860940e+01
7.223085000000000000e+09,-9.141733293436826102e+01
7.223150000000000000e+09,-9.137295717846454579e+01
7.223215000000000000e+09,-9.118667139363950014e+01
7.223280000000000000e+09,-9.114214412432033896e+01
7.223345000000000000e+09,-9.131818671490557904e+01
7.223410000000000000e+09,-9.124281736125622899e+01
7.223475000000000000e+09,-9.114872211345067399e+01
7.223540000000000000e+09,-9.141156382822229887e+01
7.223605000000000000e+09,-9.147544857514770911e+01
7.223670000000000000e+09,-9.124276978803911220e+01
7.223735000000000000e+09,-9.135237993681224111e+01
7.223800000000000000e+09,-9.128277713992565623e+01
7.223865000000000000e+09,-9.122436831223703280e+01
7.223930000000000000e+09,-9.146948004464101700e+01
7.223995000000000000e+09,-9.119738593801260151e+01
7.224060000000000000e+09,-9.095965228586486262e+01
7.224125000000000000e+09,-9.139980186957095043e+01
7.224190000000000000e+09,-9.131288543958353898e+01
7.224255000000000000e+09,-9.120268705177835500e+01
7.224320000000000000e+09,-9.136371237929250810e+01
7.224385000000000000e+09,-9.170445401676579422e+01
7.224450000000000000e+09,-9.120317857065961675e+01
7.224515000000000000e+09,-9.137067976341319309e+01
7.224580000000000000e+09,-9.132595261298931177e+01
7.224645000000000000e+09,-9.118409493524868026e+01
7.224710000000000000e+09,-9.159205589278279547e+01
7.224775000000000000e+09,-9.111079114209054808e+01
7.224840000000000000e+09,-9.116756759756269446e+01
7.224905000000000000e+09,-9.120598029752738967e+01
7.224970000000000000e+09,-9.120081216431918847e+01
7.225035000000000000e+09,-9.144526557767476049e+01
7.225100000000000000e+09,-9.121585924033759341e+01
7.225165000000000000e+09,-9.132004962705789808e+01
7.225230000000000000e+09,-9.133271395355409084e+01
7.225295000000000000e+09,-9.140592112568144501e+01
7.225360000000000000e+09,-9.132560003906280599e+01
7.225425000000000000e+09,-9.143083774002980135e+01
7.225490000000000000e+09,-9.127540459613244650e+01
7.225555000000000000e+09,-9.126520555880547647e+01
7.225620000000000000e+09,-9.163681042279009148e+01
7.225685000000000000e+09,-9.137148824665415248e+01
7.225750000000000000e+09,-9.119800991137621793e+01
7.225815000000000000e+09,-9.121251662093671086e+01
7.225880000000000000e+09,-9.117396593612903644e+01
7.225945000000000000e+09,-9.115758741384394170e+01
7.226010000000000000e+09,-9.124681125543334304e+01
7.226075000000000000e+09,-9.099892089316894328e+01
7.226140000000000000e+09,-9.129105426026656289e+01
7.226205000000000000e+09,-9.138987585476243680e+01
7.226270000000000000e+09,-9.122650177291029649e+01
7.226335000000000000e+09,-9.129601176594759693e+01
7.226400000000000000e+09,-9.136125380025708864e+01
7.226465000000000000e+09,-9.115903159921877830e+01
7.226530000000000000e+09,-9.123698560234223010e+01
7.226595000000000000e+09,-9.117993332412800100e+01
7.226660000000000000e+09,-9.146204192018365120e+01
7.226725000000000000e+09,-9.153341100638391481e+01
7.226790000000000000e+09,-9.129625765104370316e+01
7.226855000000000000e+09,-9.128616704025415629e+01
7.226920000000000000e+09,-9.138030580521372315e+01
7.226985000000000000e+09,-9.128655690159119729e+01
7.227050000000000000e+09,-9.142389309057442404e+01
7.227115000000000000e+09,-9.143039187059558515e+01
7.227180000000000000e+09,-9.146818289068019681e+01
7.227245000000000000e+09,-9.117872841917552762e+01
7.227310000000000000e+09,-9.145138814009733608e+01
7.227375000000000000e+09,-9.123035206667530872e+01
7.227440000000000000e+09,-9.120303913311897759e+01
7.227505000000000000e+09,-9.122673132354348979e+01
7.227570000000000000e+09,-9.138083885154331654e+01
7.227635000000000000e+09,-9.139367149253303069e+01
7.227700000000000000e+09,-9.138453001338524473e+01
7.227765000000000000e+09,-9.136654767225505225e+01
7.227830000000000000e+09,-9.144558037217726110e+01
7.227895000000000000e+09,-9.123533582390977870e+01
7.227960000000000000e+09,-9.139059977060375672e+01
7.228025000000000000e+09,-9.131319037123188309e+01
7.228090000000000000e+09,-9.124516656551804772e+01
7.228155000000000000e+09,-9.133147356179235032e+01
7.228220000000000000e+09,-9.120710060774663930e+01
7.228285000000000000e+09,-9.165528841782483482e+01
7.228350000000000000e+09,-9.129677060157654012e+01
7.228415000000000000e+09,-9.147565588131087111e+01
7.228480000000000000e+09,-9.139805325356725518e+01
7.228545000000000000e+09,-9.133546004177600253e+01
7.228610000000000000e+09,-9.125111392370307328e+01
7.228675000000000000e+09,-9.134778727023017098e+01
7.228740000000000000e+09,-9.134289976399426791e+01
7.228805000000000000e+09,-9.140408593816390237e+01
7.228870000000000000e+09,-9.145493637068094017e+01
7.228935000000000000e+09,-9.143635216593193604e+01
7.229000000000000000e+09,-9.135651610776491793e+01
7.229065000000000000e+09,-9.144709576604978452e+01
7.229130000000000000e+09,-9.138009876658327357e+01
7.229195000000000000e+09,-9.140808928320892335e+01
7.229260000000000000e+09,-9.141567316697265255e+01
7.229325000000000000e+09,-9.113885244141364694e+01
7.229390000000000000e+09,-9.143316065175282858e+01
7.229455000000000000e+09,-9.153775471425862520e+01
7.229520000000000000e+09,-9.166172297881755071e+01
7.229585000000000000e+09,-9.153223575668792478e+01
7.229650000000000000e+09,-9.164143694915524918e+01
7.229715000000000000e+09,-9.169825875613702237e+01
7.229780000000000000e+09,-9.153041796084833948e+01
7.229845000000000000e+09,-9.196499666337102497e+01
7.229910000000000000e+09,-9.195214796696369319e+01
7.229975000000000000e+09,-9.228273151988364020e+01
7.230040000000000000e+09,-9.278887628529818699e+01
7.230105000000000000e+09,-9.303135715716329912e+01
7.230170000000000000e+09,-9.435700546827133905e+01
7.230235000000000000e+09,-9.890380835719057018e+01
7.230300000000000000e+09,-9.628345949834451289e+01
7.230365000000000000e+09,-9.326628269826565543e+01
7.230430000000000000e+09,-9.240122139317884375e+01
7.230495000000000000e+09,-9.188614364139147028e+01
7.230560000000000000e+09,-9.165952202474592525e+01
7.230625000000000000e+09,-9.152770896134002498e+01
7.230690000000000000e+09,-9.160304585297581070e+01
7.230755000000000000e+09,-9.162456992245552101e+01
7.230820000000000000e+09,-9.156196673079298876e+01
7.230885000000000000e+09,-9.149020436253150024e+01
7.230950000000000000e+09,-9.171999178362210614e+01
7.231015000000000000e+09,-9.133258722995599044e+01
7.231080000000000000e+09,-9.171922631995570896e+01
7.231145000000000000e+09,-9.134314861902262805e+01
7.231210000000000000e+09,-9.158840713245071186e+01
7.231275000000000000e+09,-9.144819809554411449e+01
7.231340000000000000e+09,-9.155128690333623354e+01
7.231405000000000000e+09,-9.140943278835649721e+01
7.231470000000000000e+09,-9.160813589398810564e+01
7.231535000000000000e+09,-9.159500187527784476e+01
7.231600000000000000e+09,-9.140005863941054542e+01
7.231665000000000000e+09,-9.142930542258623916e+01
7.231730000000000000e+09,-9.144198221656652947e+01
7.231795000000000000e+09,-9.148142381392611355e+01
7.231860000000000000e+09,-9.151233900118205611e+01
7.231925000000000000e+09,-9.138975359268236787e+01
7.231990000000000000e+09,-9.146812478668842061e+01
7.232055000000000000e+09,-9.142265431714318424e+01
7.232120000000000000e+09,-9.147401419219417562e+01
7.232185000000000000e+09,-9.144695981287576103e+01
7.232250000000000000e+09,-9.150491033087986636e+01
7.232315000000000000e+09,-9.142839615546726861e+01
7.232380000000000000e+09,-9.134271477206516465e+01
7.232445000000000000e+09,-9.150636487655559392e+01
7.232510000000000000e+09,-9.174215980512556712e+01
7.232575000000000000e+09,-9.155838999755818008e+01
7.232640000000000000e+09,-9.132613750633360894e+01
7.232705000000000000e+09,-9.148612556875875157e+01
7.232770000000000000e+09,-9.145552604413347808e+01
7.232835000000000000e+09,-9.129910860665900429e+01
7.232900000000000000e+09,-9.154945228209891184e+01
7.232965000000000000e+09,-9.171426348922946659e+01
7.233030000000000000e+09,-9.142831620250603919e+01
7.233095000000000000e+09,-9.130937447579198363e+01
7.233160000000000000e+09,-9.159921698184606953e+01
7.233225000000000000e+09,-9.163427373971913426e+01
7.233290000000000000e+09,-9.138037952979198053e+01
7.233355000000000000e+09,-9.146365805006523431e+01
7.233420000000000000e+09,-9.149861665987712911e+01
7.233485000000000000e+09,-9.150851038983283559e+01
7.233550000000000000e+09,-9.155316617840372828e+01
7.233615000000000000e+09,-9.132903649511142419e+01
7.233680000000000000e+09,-9.169246872383739344e+01
7.233745000000000000e+09,-9.180512912936708858e+01
7.233810000000000000e+09,-9.162318344337870712e+01
7.233875000000000000e+09,-9.164605591616547997e+01
7.233940000000000000e+09,-9.134846709298813039e+01
7.234005000000000000e+09,-9.169155192187355397e+01
7.234070000000000000e+09,-9.144265977308052129e+01
7.234135000000000000e+09,-9.135181333924481351e+01
7.234200000000000000e+09,-9.120347261814026751e+01
7.234265000000000000e+09,-9.171619770767678403e+01
7.234330000000000000e+09,-9.138786685874691784e+01
7.234395000000000000e+09,-9.156954087276076848e+01
7.234460000000000000e+09,-9.133412762660458384e+01
7.234525000000000000e+09,-9.158097980102490965e+01
7.234590000000000000e+09,-9.165752362662367148e+01
7.234655000000000000e+09,-9.172568658147645237e+01
7.234720000000000000e+09,-9.150304178831937918e+01
7.234785000000000000e+09,-9.164392719367899076e+01
7.234850000000000000e+09,-9.150269439886797329e+01
7.234915000000000000e+09,-9.156515002777111079e+01
7.234980000000000000e+09,-9.147617638358542536e+01
7.235045000000000000e+09,-9.167612182035207979e+01
7.235110000000000000e+09,-9.141371439020420553e+01
7.235175000000000000e+09,-9.155723329598060900e+01
7.235240000000000000e+09,-9.137416844094079238e+01
7.235305000000000000e+09,-9.169087426553628006e+01
7.235370000000000000e+09,-9.169542445927289975e+01
7.235435000000000000e+09,-9.176108479706178400e+01
7.235500000000000000e+09,-9.165840136800161986e+01
7.235565000000000000e+09,-9.165731239987843537e+01
7.235630000000000000e+09,-9.147168699996166197e+01
7.235695000000000000e+09,-9.162433309705063778e+01
7.235760000000000000e+09,-9.137621741175988177e+01
7.235825000000000000e+09,-9.141379740415564470e+01
7.235890000000000000e+09,-9.180046956129504565e+01
7.235955000000000000e+09,-9.154100315177123548e+01
7.236020000000000000e+09,-9.169392380905001971e+01
7.236085000000000000e+09,-9.175321407123811923e+01
7.236150000000000000e+09,-9.139267729476742375e+01
7.236215000000000000e+09,-9.182270685251293685e+01
7.236280000000000000e+09,-9.159661898918344036e+01
7.236345000000000000e+09,-9.136890010295543618e+01
7.236410000000000000e+09,-9.153577702902681779e+01
7.236475000000000000e+09,-9.125171595654501289e+01
7.236540000000000000e+09,-9.123904020775020740e+01
7.236605000000000000e+09,-9.150806178156128112e+01
7.236670000000000000e+09,-9.163859659316923967e+01
7.236735000000000000e+09,-9.163161864475306118e+01
7.236800000000000000e+09,-9.170070618703866216e+01
7.236865000000000000e+09,-9.154261847178581490e+01
7.236930000000000000e+09,-9.166681588311868722e+01
7.236995000000000000e+09,-9.150961351619261563e+01
7.237060000000000000e+09,-9.157023197680162241e+01
7.237125000000000000e+09,-9.149055743868089507e+01
7.237190000000000000e+09,-9.164054835318394510e+01
7.237255000000000000e+09,-9.167395979457359090e+01
7.237320000000000000e+09,-9.142394818906929288e+01
7.237385000000000000e+09,-9.164833293677830284e+01
7.237450000000000000e+09,-9.154328446068339531e+01
7.237515000000000000e+09,-9.164341452684068656e+01
7.237580000000000000e+09,-9.166936595855167980e+01
7.237645000000000000e+09,-9.142583191950762966e+01
7.237710000000000000e+09,-9.150374352478556261e+01
7.237775000000000000e+09,-9.143150223360299833e+01
7.237840000000000000e+09,-9.161272143509620491e+01
7.237905000000000000e+09,-9.159255860046771147e+01
7.237970000000000000e+09,-9.194343498527797465e+01
7.238035000000000000e+09,-9.168523514735666424e+01
7.238100000000000000e+09,-9.138548531670609520e+01
7.238165000000000000e+09,-9.154581156826370147e+01
7.238230000000000000e+09,-9.168783984441533619e+01
7.238295000000000000e+09,-9.173518548410933704e+01
7.238360000000000000e+09,-9.161515716609586946e+01
7.238425000000000000e+09,-9.157653587630589698e+01
7.238490000000000000e+09,-9.182433384707442769e+01
7.238555000000000000e+09,-9.180735086782223675e+01
7.238620000000000000e+09,-9.164252672428199276e+01
7.238685000000000000e+09,-9.145809278822098065e+01
7.238750000000000000e+09,-9.161310460187257831e+01
7.238815000000000000e+09,-9.156666926411644170e+01
7.238880000000000000e+09,-9.159811792176996903e+01
7.238945000000000000e+09,-9.178156029227616841e+01
7.239010000000000000e+09,-9.139948446035296570e+01
7.239075000000000000e+09,-9.153217625682310654e+01
7.239140000000000000e+09,-9.172840890957462534e+01
7.239205000000000000e+09,-9.152385536456627335e+01
7.239270000000000000e+09,-9.158391070500030651e+01
7.239335000000000000e+09,-9.137793453068900362e+01
7.239400000000000000e+09,-9.129483880308922039e+01
7.239465000000000000e+09,-9.161479630071636393e+01
7.239530000000000000e+09,-9.159077906240064237e+01
7.239595000000000000e+09,-9.163273655169274434e+01
7.239660000000000000e+09,-9.171534071075144823e+01
7.239725000000000000e+09,-9.178127628229060520e+01
7.239790000000000000e+09,-9.143628329544044675e+01
7.239855000000000000e+09,-9.153737127080957237e+01
7.239920000000000000e+09,-9.161614355225721340e+01
7.239985000000000000e+09,-9.133800398565045953e+01
7.240050000000000000e+09,-9.156525748758342331e+01
7.240115000000000000e+09,-9.172965691073072492e+01
7.240180000000000000e+09,-9.154795455549387384e+01
7.240245000000000000e+09,-9.170437963766785572e+01
7.240310000000000000e+09,-9.153726547208006536e+01
7.240375000000000000e+09,-9.166201273314293019e+01
7.240440000000000000e+09,-9.167648691671308825e+01
7.240505000000000000e+09,-9.157474609885211692e+01
7.240570000000000000e+09,-9.164895194499860054e+01
7.240635000000000000e+09,-9.161891621960623411e+01
7.240700000000000000e+09,-9.156814753800335893e+01
7.240765000000000000e+09,-9.184181856002646782e+01
7.240830000000000000e+09,-9.186894922203794067e+01
7.240895000000000000e+09,-9.148522180033225482e+01
7.240960000000000000e+09,-9.170030425217038328e+01
7.241025000000000000e+09,-9.169411376718394990e+01
7.241090000000000000e+09,-9.151494013130968597e+01
7.241155000000000000e+09,-9.156029928951453201e+01
7.241220000000000000e+09,-9.163598671226486658e+01
7.241285000000000000e+09,-9.150937042754208051e+01
7.241350000000000000e+09,-9.200368649579522184e+01
7.241415000000000000e+09,-9.167105270851685361e+01
7.241480000000000000e+09,-9.154505032553274191e+01
7.241545000000000000e+09,-9.168226919710480161e+01
7.241610000000000000e+09,-9.169675545489292290e+01
7.241675000000000000e+09,-9.157267614303016501e+01
7.241740000000000000e+09,-9.161025315347495734e+01
7.241805000000000000e+09,-9.161719896981026068e+01
7.241870000000000000e+09,-9.170995688286737391e+01
7.241935000000000000e+09,-9.171721075081259755e+01
7.242000000000000000e+09,-9.160788750693994587e+01
7.242065000000000000e+09,-9.175818297595861850e+01
7.242130000000000000e+09,-9.162958054480441206e+01
7.242195000000000000e+09,-9.172297964344741672e+01
7.242260000000000000e+09,-9.173979609321948203e+01
7.242325000000000000e+09,-9.165340669469497925e+01
7.242390000000000000e+09,-9.166602458797351005e+01
7.242455000000000000e+09,-9.179864565527374509e+01
7.242520000000000000e+09,-9.149919252581851481e+01
7.242585000000000000e+09,-9.151710393279165601e+01
7.242650000000000000e+09,-9.134789954924141853e+01
7.242715000000000000e+09,-9.185533244872344483e+01
7.242780000000000000e+09,-9.126109508541156856e+01
7.242845000000000000e+09,-9.184630097810233451e+01
7.242910000000000000e+09,-9.178885175701151411e+01
7.242975000000000000e+09,-9.175238944352854276e+01
7.243040000000000000e+09,-9.174356355231601867e+01
7.243105000000000000e+09,-9.131600510353975153e+01
7.243170000000000000e+09,-9.179562453962921609e+01
7.243235000000000000e+09,-9.153962395206883684e+01
7.243300000000000000e+09,-9.165961996046901561e+01
7.243365000000000000e+09,-9.173425473736696745e+01
7.243430000000000000e+09,-9.149339499031984246e+01
7.243495000000000000e+09,-9.136505360884881100e+01
7.243560000000000000e+09,-9.175628673975816696e+01
7.243625000000000000e+09,-9.155625527131309127e+01
7.243690000000000000e+09,-9.197467536152927892e+01
7.243755000000000000e+09,-9.160133397752689177e+01
7.243820000000000000e+09,-9.153684101554297570e+01
7.243885000000000000e+09,-9.152918499486287374e+01
7.243950000000000000e+09,-9.172402476823580741e+01
7.244015000000000000e+09,-9.175571322235227001e+01
7.244080000000000000e+09,-9.169991268205821200e+01
7.244145000000000000e+09,-9.155519065540039492e+01
7.244210000000000000e+09,-9.163459615450067020e+01
7.244275000000000000e+09,-9.138429444830595116e+01
7.244340000000000000e+09,-9.162552343500877328e+01
7.244405000000000000e+09,-9.149068512580825541e+01
7.244470000000000000e+09,-9.173455665244738100e+01
7.244535000000000000e+09,-9.153318570831075363e+01
7.244600000000000000e+09,-9.152937746843647915e+01
7.244665000000000000e+09,-9.165013573328485563e+01
7.244730000000000000e+09,-9.153170817483071176e+01
7.244795000000000000e+09,-9.143625812054014546e+01
7.244860000000000000e+09,-9.197126793956107349e+01
7.244925000000000000e+09,-9.173260408291733370e+01
7.244990000000000000e+09,-9.133132284838262649e+01
7.245055000000000000e+09,-9.171399708544777241e+01
7.245120000000000000e+09,-9.176813860087655428e+01
7.245185000000000000e+09,-9.169951367647742302e+01
7.245250000000000000e+09,-9.153827572727576012e+01
7.245315000000000000e+09,-9.157389473714117401e+01
7.245380000000000000e+09,-9.178949304183538516e+01
7.245445000000000000e+09,-9.161200813325534398e+01
7.245510000000000000e+09,-9.147884363113048778e+01
7.245575000000000000e+09,-9.175903554005680007e+01
7.245640000000000000e+09,-9.141804016492892515e+01
7.245705000000000000e+09,-9.138556092277568155e+01
7.245770000000000000e+09,-9.152745139800128982e+01
7.245835000000000000e+09,-9.165886488078264449e+01
7.245900000000000000e+09,-9.145436198845339959e+01
7.245965000000000000e+09,-9.177590452715449487e+01
7.246030000000000000e+09,-9.162211219249797978e+01
7.246095000000000000e+09,-9.152351641582087893e+01
7.246160000000000000e+09,-9.156821672989747185e+01
7.246225000000000000e+09,-9.174133117108138435e+01
7.246290000000000000e+09,-9.162725685393878905e+01
7.246355000000000000e+09,-9.147557124238437609e+01
7.246420000000000000e+09,-9.155263501166388096e+01
7.246485000000000000e+09,-9.152221689009608951e+01
7.246550000000000000e+09,-9.149098807325532334e+01
7.246615000000000000e+09,-9.159031432642173343e+01
7.246680000000000000e+09,-9.158113950626416511e+01
7.246745000000000000e+09,-9.171874913341021340e+01
7.246810000000000000e+09,-9.185767510900065247e+01
7.246875000000000000e+09,-9.178753851738812841e+01
7.246940000000000000e+09,-9.167928124709455062e+01
7.247005000000000000e+09,-9.159990417307837163e+01
7.247070000000000000e+09,-9.193264153783795223e+01
7.247135000000000000e+09,-9.173231625870988637e+01
7.247200000000000000e+09,-9.152859582211304712e+01
7.247265000000000000e+09,-9.172269597560352850e+01
7.247330000000000000e+09,-9.166035815485385285e+01
7.247395000000000000e+09,-9.194836902131612533e+01
7.247460000000000000e+09,-9.152333183267657546e+01
7.247525000000000000e+09,-9.175457551590291416e+01
7.247590000000000000e+09,-9.186559464490193250e+01
7.247655000000000000e+09,-9.152161389897128174e+01
7.247720000000000000e+09,-9.182277586761446742e+01
7.247785000000000000e+09,-9.172227944769690566e+01
7.247850000000000000e+09,-9.180958124739365189e+01
7.247915000000000000e+09,-9.175625006685754670e+01
7.247980000000000000e+09,-9.176607411307563211e+01
7.248045000000000000e+09,-9.165346666923224461e+01
7.248110000000000000e+09,-9.163261538492504599e+01
7.248175000000000000e+09,-9.169712260730500475e+01
7.248240000000000000e+09,-9.134519332702311090e+01
7.248305000000000000e+09,-9.169781620386797272e+01
7.248370000000000000e+09,-9.185384135670551586e+01
7.248435000000000000e+09,-9.186048334517812464e+01
7.248500000000000000e+09,-9.189447780735008564e+01
7.248565000000000000e+09,-9.164570321049114909e+01
7.248630000000000000e+09,-9.152811236853510479e+01
7.248695000000000000e+09,-9.183521696752654861e+01
7.248760000000000000e+09,-9.183340990244779789e+01
7.248825000000000000e+09,-9.159037288512126906e+01
7.248890000000000000e+09,-9.185297703264899383e+01
7.248955000000000000e+09,-9.175711389672173368e+01
7.249020000000000000e+09,-9.184127599325962876e+01
7.249085000000000000e+09,-9.175068904525646474e+01
7.249150000000000000e+09,-9.179199728484374532e+01
7.249215000000000000e+09,-9.215757219402404132e+01
7.249280000000000000e+09,-9.176751702856830661e+01
7.249345000000000000e+09,-9.177105009939593572e+01
7.249410000000000000e+09,-9.187675591276361331e+01
7.249475000000000000e+09,-9.176338978231405008e+01
7.249540000000000000e+09,-9.168771209393172228e+01
7.249605000000000000e+09,-9.183021865588611377e+01
7.249670000000000000e+09,-9.183499604803783711e+01
7.249735000000000000e+09,-9.173179047312750356e+01
7.249800000000000000e+09,-9.171266981579086064e+01
7.249865000000000000e+09,-9.179898419316964464e+01
7.249930000000000000e+09,-9.176619815381961587e+01
7.249995000000000000e+09,-9.189298338308262259e+01
7.250060000000000000e+09,-9.169784291254445918e+01
7.250125000000000000e+09,-9.156980427088325314e+01
7.250190000000000000e+09,-9.179854660364063079e+01
7.250255000000000000e+09,-9.202774809064516148e+01
7.250320000000000000e+09,-9.165326533198833658e+01
7.250385000000000000e+09,-9.170973420520893171e+01
7.250450000000000000e+09,-9.202130011596175052e+01
7.250515000000000000e+09,-9.181588878260997433e+01
7.250580000000000000e+09,-9.165455543944572980e+01
7.250645000000000000e+09,-9.159551483136475269e+01
7.250710000000000000e+09,-9.194447854805136444e+01
7.250775000000000000e+09,-9.183561425186368865e+01
7.250840000000000000e+09,-9.168699504626387409e+01
7.250905000000000000e+09,-9.186010240522367098e+01
7.250970000000000000e+09,-9.176801165996852205e+01
7.251035000000000000e+09,-9.190506409482415506e+01
7.251100000000000000e+09,-9.174357718517541116e+01
7.251165000000000000e+09,-9.168619104615972049e+01
7.251230000000000000e+09,-9.198790100320391616e+01
7.251295000000000000e+09,-9.173505551883275189e+01
7.251360000000000000e+09,-9.194512503135126735e+01
7.251425000000000000e+09,-9.162549673935940575e+01
7.251490000000000000e+09,-9.181743771177244184e+01
7.251555000000000000e+09,-9.192591921132944321e+01
7.251620000000000000e+09,-9.173647884354633675e+01
7.251685000000000000e+09,-9.180219128603457079e+01
7.251750000000000000e+09,-9.175699491441547195e+01
7.251815000000000000e+09,-9.163935179323262048e+01
7.251880000000000000e+09,-9.172549742760367053e+01
7.251945000000000000e+09,-9.177804423117123633e+01
7.252010000000000000e+09,-9.174634059992314405e+01
7.252075000000000000e+09,-9.202934587503204966e+01
7.252140000000000000e+09,-9.172394705313482177e+01
7.252205000000000000e+09,-9.186113760466624001e+01
7.252270000000000000e+09,-9.183973491238292297e+01
7.252335000000000000e+09,-9.170531280294298426e+01
7.252400000000000000e+09,-9.176563147912341378e+01
7.252465000000000000e+09,-9.158926537422448177e+01
7.252530000000000000e+09,-9.177782910434561359e+01
7.252595000000000000e+09,-9.152675973955929578e+01
7.252660000000000000e+09,-9.203514926016444520e+01
7.252725000000000000e+09,-9.180390222683396928e+01
7.252790000000000000e+09,-9.182439919169570430e+01
7.252855000000000000e+09,-9.185250465096230243e+01
7.252920000000000000e+09,-9.192034448755195797e+01
7.252985000000000000e+09,-9.190352140659183533e+01
7.253050000000000000e+09,-9.185222329570039790e+01
7.253115000000000000e+09,-9.197228896008191157e+01
7.253180000000000000e+09,-9.164921576408060844e+01
7.253245000000000000e+09,-9.193207091139528586e+01
7.253310000000000000e+09,-9.182600988585519985e+01
7.253375000000000000e+09,-9.179279515806331347e+01
7.253440000000000000e+09,-9.195700052730303753e+01
7.253505000000000000e+09,-9.149371350334439512e+01
7.253570000000000000e+09,-9.193346680783916725e+01
7.253635000000000000e+09,-9.189602587899820207e+01
7.253700000000000000e+09,-9.200953682252051635e+01
7.253765000000000000e+09,-9.191774007106955935e+01
7.253830000000000000e+09,-9.185269002122082327e+01
7.253895000000000000e+09,-9.206396382896436137e+01
7.253960000000000000e+09,-9.178271930292952163e+01
7.254025000000000000e+09,-9.188579406646243797e+01
7.254090000000000000e+09,-9.180765420411108835e+01
7.254155000000000000e+09,-9.180020141521589494e+01
7.254220000000000000e+09,-9.187564405255768918e+01
7.254285000000000000e+09,-9.207998832192782857e+01
7.254350000000000000e+09,-9.226855055367218483e+01
7.254415000000000000e+09,-9.208935475582842400e+01
7.254480000000000000e+09,-9.215155629084968325e+01
7.254545000000000000e+09,-9.205063311965463413e+01
7.254610000000000000e+09,-9.181658828311780951e+01
7.254675000000000000e+09,-9.195616975450811026e+01
7.254740000000000000e+09,-9.199238062923845405e+01
7.254805000000000000e+09,-9.200013424328851386e+01
7.254870000000000000e+09,-9.198701328360691321e+01
7.254935000000000000e+09,-9.223424222860583654e+01
7.255000000000000000e+09,-9.176828015292284135e+01
7.255065000000000000e+09,-9.202042224804564796e+01
7.255130000000000000e+09,-9.192980024950671236e+01
7.255195000000000000e+09,-9.208227328712636961e+01
7.255260000000000000e+09,-9.219064162563253717e+01
7.255325000000000000e+09,-9.211399782456653895e+01
7.255390000000000000e+09,-9.179976766579854086e+01
7.255455000000000000e+09,-9.211990311535670628e+01
7.255520000000000000e+09,-9.221906364560362590e+01
7.255585000000000000e+09,-9.197284567405054645e+01
7.255650000000000000e+09,-9.206360068672651664e+01
7.255715000000000000e+09,-9.190580574371857381e+01
7.255780000000000000e+09,-9.200092426509303323e+01
7.255845000000000000e+09,-9.186538594511895894e+01
7.255910000000000000e+09,-9.193808293130229004e+01
7.255975000000000000e+09,-9.191109518341436058e+01
7.256040000000000000e+09,-9.207523836350630120e+01
7.256105000000000000e+09,-9.176780866820362803e+01
7.256170000000000000e+09,-9.206210596403325042e+01
7.256235000000000000e+09,-9.201392540019503485e+01
7.256300000000000000e+09,-9.187972578973972304e+01
7.256365000000000000e+09,-9.193288213986613755e+01
7.256430000000000000e+09,-9.203668576934923351e+01
7.256495000000000000e+09,-9.192717143289965520e+01
7.256560000000000000e+09,-9.193533233163458362e+01
7.256625000000000000e+09,-9.185598243524374595e+01
7.256690000000000000e+09,-9.230996761628819058e+01
7.256755000000000000e+09,-9.194937441865035055e+01
7.256820000000000000e+09,-9.169649803451554249e+01
7.256885000000000000e+09,-9.218291296642048849e+01
7.256950000000000000e+09,-9.172470904752721310e+01
7.257015000000000000e+09,-9.196273969361092782e+01
7.257080000000000000e+09,-9.204181894202127978e+01
7.257145000000000000e+09,-9.171317093010961230e+01
7.257210000000000000e+09,-9.173891997105283735e+01
7.257275000000000000e+09,-9.218459654010679571e+01
7.257340000000000000e+09,-9.207917966008226074e+01
7.257405000000000000e+09,-9.208166609486843868e+01
7.257470000000000000e+09,-9.221731975661552383e+01
7.257535000000000000e+09,-9.189744408146766830e+01
7.257600000000000000e+09,-9.208363760523491237e+01
7.257665000000000000e+09,-9.209721766908768359e+01
7.257730000000000000e+09,-9.190970389674700414e+01
7.257795000000000000e+09,-9.236275993978952670e+01
7.257860000000000000e+09,-9.191580421523595135e+01
7.257925000000000000e+09,-9.193755187592061873e+01
7.257990000000000000e+09,-9.187419181524481360e+01
7.258055000000000000e+09,-9.194816314670151769e+01
7.258120000000000000e+09,-9.184027384493947466e+01
7.258185000000000000e+09,-9.205186047903411861e+01
7.258250000000000000e+09,-9.197204537737997043e+01
7.258315000000000000e+09,-9.208650424659501255e+01
7.258380000000000000e+09,-9.210963515804951385e+01
7.258445000000000000e+09,-9.216775450146477056e+01
7.258510000000000000e+09,-9.234734482453535520e+01
7.258575000000000000e+09,-9.221693470089952882e+01
7.258640000000000000e+09,-9.211635319659662002e+01
7.258705000000000000e+09,-9.240712971212795424e+01
7.258770000000000000e+09,-9.199752187688574168e+01
7.258835000000000000e+09,-9.225451302963760725e+01
7.258900000000000000e+09,-9.193712383905784691e+01
7.258965000000000000e+09,-9.206351364654551617e+01
7.259030000000000000e+09,-9.199208497362329240e+01
7.259095000000000000e+09,-9.197125033429925622e+01
7.259160000000000000e+09,-9.191182496646142397e+01
7.259225000000000000e+09,-9.199075751544725676e+01
7.259290000000000000e+09,-9.220625706542384137e+01
7.259355000000000000e+09,-9.189787295837783176e+01
7.259420000000000000e+09,-9.217280530429846408e+01
7.259485000000000000e+09,-9.196400630663038100e+01
7.259550000000000000e+09,-9.217042165165027257e+01
7.259615000000000000e+09,-9.199525975552192847e+01
7.259680000000000000e+09,-9.233849673192081298e+01
7.259745000000000000e+09,-9.237174098311086823e+01
7.259810000000000000e+09,-9.210306701038274468e+01
7.259875000000000000e+09,-9.210869302185034257e+01
7.259940000000000000e+09,-9.187754357371007075e+01
7.260005000000000000e+09,-9.215561657870108547e+01
7.260070000000000000e+09,-9.203172704551289485e+01
7.260135000000000000e+09,-9.192914286912382238e+01
7.260200000000000000e+09,-9.213924364810392831e+01
7.260265000000000000e+09,-9.206035016985686070e+01
7.260330000000000000e+09,-9.241408961634411412e+01
7.260395000000000000e+09,-9.238390928516373890e+01
7.260460000000000000e+09,-9.198385804936359023e+01
7.260525000000000000e+09,-9.195782980606790602e+01
7.260590000000000000e+09,-9.191941242923397226e+01
7.260655000000000000e+09,-9.203772305391635200e+01
7.260720000000000000e+09,-9.220225726562014756e+01
7.260785000000000000e+09,-9.230464402474005681e+01
7.260850000000000000e+09,-9.226985281367038283e+01
7.260915000000000000e+09,-9.212985676345226693e+01
7.260980000000000000e+09,-9.212288919085268901e+01
7.261045000000000000e+09,-9.218913791972491367e+01
7.261110000000000000e+09,-9.219916631225117953e+01
7.261175000000000000e+09,-9.220490121604400713e+01
7.261240000000000000e+09,-9.219511317280441176e+01
7.261305000000000000e+09,-9.209819255703197882e+01
7.261370000000000000e+09,-9.223104816122052796e+01
7.261435000000000000e+09,-9.221613192555417982e+01
7.261500000000000000e+09,-9.274758101176146852e+01
7.261565000000000000e+09,-9.242846090576668416e+01
7.261630000000000000e+09,-9.247406734087607560e+01
7.261695000000000000e+09,-9.335913407978276268e+01
7.261760000000000000e+09,-9.392714875035238720e+01
7.261825000000000000e+09,-9.388958545704281278e+01
7.261890000000000000e+09,-9.471226728727360467e+01
7.261955000000000000e+09,-9.767116606204851337e+01
7.262020000000000000e+09,-1.003111689574330114e+02
7.262085000000000000e+09,-9.526615627297741185e+01
7.262150000000000000e+09,-9.381910583301115025e+01
7.262215000000000000e+09,-9.319634312108109953e+01
7.262280000000000000e+09,-9.292473612656723958e+01
7.262345000000000000e+09,-9.255548926211713479e+01
7.262410000000000000e+09,-9.235487503550642430e+01
7.262475000000000000e+09,-9.246205373555685014e+01
7.262540000000000000e+09,-9.236257248300582035e+01
7.262605000000000000e+09,-9.210456391043808821e+01
7.262670000000000000e+09,-9.228198830392085483e+01
7.262735000000000000e+09,-9.219587499382700457e+01
7.262800000000000000e+09,-9.222652634209748612e+01
7.262865000000000000e+09,-9.237841825124890249e+01
7.262930000000000000e+09,-9.227140617084890550e+01
7.262995000000000000e+09,-9.217930938664926543e+01
7.263060000000000000e+09,-9.232991520318728362e+01
7.263125000000000000e+09,-9.232580970315380853e+01
7.263190000000000000e+09,-9.214039737757212833e+01
7.263255000000000000e+09,-9.212230367421221899e+01
7.263320000000000000e+09,-9.227565485163573555e+01
7.263385000000000000e+09,-9.228775147522354416e+01
7.263450000000000000e+09,-9.265168770122811281e+01
7.263515000000000000e+09,-9.198936104202310560e+01
7.263580000000000000e+09,-9.208154082121379247e+01
7.263645000000000000e+09,-9.220223624906569171e+01
7.263710000000000000e+09,-9.198158065116552962e+01
7.263775000000000000e+09,-9.221216546648722101e+01
7.263840000000000000e+09,-9.232136699803790236e+01
7.263905000000000000e+09,-9.229501719931238313e+01
7.263970000000000000e+09,-9.214254474660556582e+01
7.264035000000000000e+09,-9.229620210427154348e+01
7.264100000000000000e+09,-9.250213939556152809e+01
7.264165000000000000e+09,-9.214829432736840431e+01
7.264230000000000000e+09,-9.217312641619740532e+01
7.264295000000000000e+09,-9.230562799970171284e+01
7.264360000000000000e+09,-9.208690302473459610e+01
7.264425000000000000e+09,-9.216405762931513834e+01
7.264490000000000000e+09,-9.214877124534331188e+01
7.264555000000000000e+09,-9.205697481179021224e+01
7.264620000000000000e+09,-9.208679098298155452e+01
7.264685000000000000e+09,-9.196332700143067029e+01
7.264750000000000000e+09,-9.225663456153030495e+01
7.264815000000000000e+09,-9.231191775700132496e+01
7.264880000000000000e+09,-9.213387747976960895e+01
7.264945000000000000e+09,-9.226400687382322019e+01
7.265010000000000000e+09,-9.256468008274579518e+01
7.265075000000000000e+09,-9.235995353279726316e+01
7.265140000000000000e+09,-9.237873886995660655e+01
7.265205000000000000e+09,-9.229807056411601707e+01
7.265270000000000000e+09,-9.228197476629574680e+01
7.265335000000000000e+09,-9.223345611895979346e+01
7.265400000000000000e+09,-9.237437077998924906e+01
7.265465000000000000e+09,-9.217248920463629247e+01
7.265530000000000000e+09,-9.202782304455431017e+01
7.265595000000000000e+09,-9.221050151051967703e+01
7.265660000000000000e+09,-9.208229157601033421e+01
7.265725000000000000e+09,-9.234410982669794521e+01
7.265790000000000000e+09,-9.225325431039269120e+01
7.265855000000000000e+09,-9.225302568465913566e+01
7.265920000000000000e+09,-9.267473282689044822e+01
7.265985000000000000e+09,-9.199905910358545214e+01
7.266050000000000000e+09,-9.217773980787696075e+01
7.266115000000000000e+09,-9.233471373462562326e+01
7.266180000000000000e+09,-9.207240849834056462e+01
7.266245000000000000e+09,-9.220277847330254417e+01
7.266310000000000000e+09,-9.213518106513753025e+01
7.266375000000000000e+09,-9.196472838354915780e+01
7.266440000000000000e+09,-9.211904944337774737e+01
7.266505000000000000e+09,-9.217829987222913246e+01
7.266570000000000000e+09,-9.224843821740802241e+01
7.266635000000000000e+09,-9.223233794779650907e+01
7.266700000000000000e+09,-9.225322735810479458e+01
7.266765000000000000e+09,-9.214155407481827353e+01
7.266830000000000000e+09,-9.231269955294686724e+01
7.266895000000000000e+09,-9.240895166738766875e+01
7.266960000000000000e+09,-9.246657686265864129e+01
7.267025000000000000e+09,-9.219429616042376097e+01
7.267090000000000000e+09,-9.230798425026421228e+01
7.267155000000000000e+09,-9.252619609823261726e+01
7.267220000000000000e+09,-9.220347585014665981e+01
7.267285000000000000e+09,-9.245315298370374535e+01
7.267350000000000000e+09,-9.226902966301881293e+01
7.267415000000000000e+09,-9.230817075481988354e+01
7.267480000000000000e+09,-9.219904193739594689e+01
7.267545000000000000e+09,-9.226649899472191407e+01
7.267610000000000000e+09,-9.222258912622044136e+01
7.267675000000000000e+09,-9.230230804373252340e+01
7.267740000000000000e+09,-9.250632226380704992e+01
7.267805000000000000e+09,-9.197257487578461621e+01
7.267870000000000000e+09,-9.239237136759774671e+01
7.267935000000000000e+09,-9.208834588345462180e+01
7.268000000000000000e+09,-9.200842064200686821e+01
7.268065000000000000e+09,-9.219187123014408769e+01
7.268130000000000000e+09,-9.225095735733447100e+01
7.268195000000000000e+09,-9.206597357860616171e+01
7.268260000000000000e+09,-9.204001291031235610e+01
7.268325000000000000e+09,-9.185926980028169453e+01
7.268390000000000000e+09,-9.227177340438001352e+01
7.268455000000000000e+09,-9.204411412629015388e+01
7.268520000000000000e+09,-9.220332833949137807e+01
7.268585000000000000e+09,-9.241437758478471665e+01
7.268650000000000000e+09,-9.220272728552708941e+01
7.268715000000000000e+09,-9.210197558869639067e+01
7.268780000000000000e+09,-9.219974300626307695e+01
7.268845000000000000e+09,-9.243979289347657868e+01
7.268910000000000000e+09,-9.218589423017662909e+01
7.268975000000000000e+09,-9.207510308054146719e+01
7.269040000000000000e+09,-9.215429431665667437e+01
7.269105000000000000e+09,-9.222791974992715325e+01
7.269170000000000000e+09,-9.216698166507855206e+01
7.269235000000000000e+09,-9.229306170962775013e+01
7.269300000000000000e+09,-9.204692349492972880e+01
7.269365000000000000e+09,-9.257467315871316771e+01
7.269430000000000000e+09,-9.222371364195669230e+01
7.269495000000000000e+09,-9.228264352948905014e+01
7.269560000000000000e+09,-9.232175628048932481e+01
7.269625000000000000e+09,-9.205857460086005517e+01
7.269690000000000000e+09,-9.221389222874924485e+01
7.269755000000000000e+09,-9.255339217777560634e+01
7.269820000000000000e+09,-9.240952475090223572e+01
7.269885000000000000e+09,-9.227013018074451622e+01
7.269950000000000000e+09,-9.209959732216888995e+01
7.270015000000000000e+09,-9.223826472659551712e+01
7.270080000000000000e+09,-9.234080780759799723e+01
7.270145000000000000e+09,-9.217772226960033777e+01
7.270210000000000000e+09,-9.223036310257714376e+01
7.270275000000000000e+09,-9.217737194590466743e+01
7.270340000000000000e+09,-9.217020679416741302e+01
7.270405000000000000e+09,-9.235650239591711852e+01
7.270470000000000000e+09,-9.223728278490673915e+01
7.270535000000000000e+09,-9.223800576869061274e+01
7.270600000000000000e+09,-9.226340334369706397e+01
7.270665000000000000e+09,-9.254230830331616175e+01
7.270730000000000000e+09,-9.258126630060870355e+01
7.270795000000000000e+09,-9.208456139427158860e+01
7.270860000000000000e+09,-9.210714719292471386e+01
7.270925000000000000e+09,-9.224579832029242255e+01
7.270990000000000000e+09,-9.227036631712667258e+01
7.271055000000000000e+09,-9.221883036481096951e+01
7.271120000000000000e+09,-9.221335316177240315e+01
7.271185000000000000e+09,-9.229895220938949763e+01
7.271250000000000000e+09,-9.214865834865614147e+01
7.271315000000000000e+09,-9.238643741877837101e+01
7.271380000000000000e+09,-9.236811437793764412e+01
7.271445000000000000e+09,-9.248951192656971898e+01
7.271510000000000000e+09,-9.229391031268166046e+01
7.271575000000000000e+09,-9.218941745585351555e+01
7.271640000000000000e+09,-9.246109617262980862e+01
7.271705000000000000e+09,-9.233281395698878669e+01
7.271770000000000000e+09,-9.232089686644805226e+01
7.271835000000000000e+09,-9.245271109993529990e+01
7.271900000000000000e+09,-9.249635428546227445e+01
7.271965000000000000e+09,-9.214093883676717667e+01
7.272030000000000000e+09,-9.231491727388637969e+01
7.272095000000000000e+09,-9.233683102277734633e+01
7.272160000000000000e+09,-9.203398002619330498e+01
7.272225000000000000e+09,-9.241279906958376955e+01
7.272290000000000000e+09,-9.211319342131946541e+01
7.272355000000000000e+09,-9.235058650061256458e+01
7.272420000000000000e+09,-9.238525142438105320e+01
7.272485000000000000e+09,-9.248728340668770898e+01
7.272550000000000000e+09,-9.236176973981136484e+01
7.272615000000000000e+09,-9.231695072953306180e+01
7.272680000000000000e+09,-9.240411148106639416e+01
7.272745000000000000e+09,-9.224158510882256223e+01
7.272810000000000000e+09,-9.238937849348702969e+01
7.272875000000000000e+09,-9.254381041659203788e+01
7.272940000000000000e+09,-9.216725436381624093e+01
7.273005000000000000e+09,-9.266490286047100255e+01
7.273070000000000000e+09,-9.227466290176026575e+01
7.273135000000000000e+09,-9.242017608821312535e+01
7.273200000000000000e+09,-9.225336464950751747e+01
7.273265000000000000e+09,-9.226847400770495256e+01
7.273330000000000000e+09,-9.255818625659394172e+01
7.273395000000000000e+09,-9.230479017973743794e+01
7.273460000000000000e+09,-9.236960723914164362e+01
7.273525000000000000e+09,-9.229886509606049572e+01
7.273590000000000000e+09,-9.225332071502528208e+01
7.273655000000000000e+09,-9.256099022777264906e+01
7.273720000000000000e+09,-9.257513354502003722e+01
7.273785000000000000e+09,-9.252828357788182245e+01
7.273850000000000000e+09,-9.230644238522437206e+01
7.273915000000000000e+09,-9.216850768811704597e+01
7.273980000000000000e+09,-9.220753865033314867e+01
7.274045000000000000e+09,-9.241728025370380806e+01
7.274110000000000000e+09,-9.250451777754690852e+01
7.274175000000000000e+09,-9.236948434734301827e+01
7.274240000000000000e+09,-9.272714840326781882e+01
7.274305000000000000e+09,-9.243805827463263824e+01
7.274370000000000000e+09,-9.231740391417699243e+01
7.274435000000000000e+09,-9.244974678804123869e+01
7.274500000000000000e+09,-9.257864864559539342e+01
7.274565000000000000e+09,-9.266335757304932486e+01
7.274630000000000000e+09,-9.223579644192599858e+01
7.274695000000000000e+09,-9.286407798576792061e+01
7.274760000000000000e+09,-9.249104107648180673e+01
7.274825000000000000e+09,-9.263468739111590367e+01
7.274890000000000000e+09,-9.230703196565011126e+01
7.274955000000000000e+09,-9.253793536333220970e+01
7.275020000000000000e+09,-9.264470809244379268e+01
7.275085000000000000e+09,-9.230813489963009033e+01
7.275150000000000000e+09,-9.237309658297920123e+01
7.275215000000000000e+09,-9.242099954479155599e+01
7.275280000000000000e+09,-9.280739151491005146e+01
7.275345000000000000e+09,-9.228169940976810892e+01
7.275410000000000000e+09,-9.238897529930540031e+01
7.275475000000000000e+09,-9.238629082266022863e+01
7.275540000000000000e+09,-9.235474279292270694e+01
7.275605000000000000e+09,-9.249954895646327202e+01
7.275670000000000000e+09,-9.249710076548706184e+01
7.275735000000000000e+09,-9.254481084387805367e+01
7.275800000000000000e+09,-9.248859854977980888e+01
7.275865000000000000e+09,-9.236373187152743469e+01
7.275930000000000000e+09,-9.255837598961437607e+01
7.275995000000000000e+09,-9.250389896196435302e+01
7.276060000000000000e+09,-9.233235242905055884e+01
7.276125000000000000e+09,-9.237389844195342903e+01
7.276190000000000000e+09,-9.243192296326340340e+01
7.276255000000000000e+09,-9.242864328470423629e+01
7.276320000000000000e+09,-9.278426247776395996e+01
7.276385000000000000e+09,-9.248918502490039373e+01
7.276450000000000000e+09,-9.247419400867052275e+01
7.276515000000000000e+09,-9.231103654020992622e+01
7.276580000000000000e+09,-9.272299459729475757e+01
7.276645000000000000e+09,-9.268288431476860012e+01
7.276710000000000000e+09,-9.260750383369656902e+01
7.276775000000000000e+09,-9.278438767927528374e+01
7.276840000000000000e+09,-9.252387336415809216e+01
7.276905000000000000e+09,-9.243181542713929844e+01
7.276970000000000000e+09,-9.264750907377313638e+01
7.277035000000000000e+09,-9.283162459077595940e+01
7.277100000000000000e+09,-9.272535994639358137e+01
7.277165000000000000e+09,-9.258384161465654927e+01
7.277230000000000000e+09,-9.248211109121152163e+01
7.277295000000000000e+09,-9.281645443521398420e+01
7.277360000000000000e+09,-9.252476674905382481e+01
7.277425000000000000e+09,-9.255124848401946736e+01
7.277490000000000000e+09,-9.285661861558772046e+01
7.277555000000000000e+09,-9.237281948671085274e+01
7.277620000000000000e+09,-9.279385503141537583e+01
7.277685000000000000e+09,-9.286108698784036619e+01
7.277750000000000000e+09,-9.239466983731175276e+01
7.277815000000000000e+09,-9.256352147280851739e+01
7.277880000000000000e+09,-9.252857726087773926e+01
7.277945000000000000e+09,-9.254834326585037729e+01
7.278010000000000000e+09,-9.278291228440082250e+01
7.278075000000000000e+09,-9.242627262530308485e+01
7.278140000000000000e+09,-9.282958456953988957e+01
7.278205000000000000e+09,-9.257683624859444649e+01
7.278270000000000000e+09,-9.241057715822631735e+01
7.278335000000000000e+09,-9.281726659582676575e+01
7.278400000000000000e+09,-9.244425446802459589e+01
7.278465000000000000e+09,-9.246336566820993141e+01
7.278530000000000000e+09,-9.237255367236838310e+01
7.278595000000000000e+09,-9.265988426780023701e+01
7.278660000000000000e+09,-9.278140534293714836e+01
7.278725000000000000e+09,-9.278233522736013583e+01
7.278790000000000000e+09,-9.242067047185685169e+01
7.278855000000000000e+09,-9.266436498728920412e+01
7.278920000000000000e+09,-9.261237337162853578e+01
7.278985000000000000e+09,-9.248798621332707626e+01
7.279050000000000000e+09,-9.250045024154594842e+01
7.279115000000000000e+09,-9.298496208786268369e+01
7.279180000000000000e+09,-9.257411760077093277e+01
7.279245000000000000e+09,-9.271626459786457986e+01
7.279310000000000000e+09,-9.277104386597132191e+01
7.279375000000000000e+09,-9.259181393011674288e+01
7.279440000000000000e+09,-9.253722335729413828e+01
7.279505000000000000e+09,-9.265254190097722642e+01
7.279570000000000000e+09,-9.275440659788941389e+01
7.279635000000000000e+09,-9.267406301493303999e+01
7.279700000000000000e+09,-9.261062193349434324e+01
7.279765000000000000e+09,-9.276412454191034840e+01
7.279830000000000000e+09,-9.279716062027080170e+01
7.279895000000000000e+09,-9.264675162366052064e+01
7.279960000000000000e+09,-9.264856135707515250e+01
7.280025000000000000e+09,-9.266455663789912478e+01
7.280090000000000000e+09,-9.245617521287805118e+01
7.280155000000000000e+09,-9.258341260769675785e+01
7.280220000000000000e+09,-9.258784520478445756e+01
7.280285000000000000e+09,-9.271620617281669752e+01
7.280350000000000000e+09,-9.257517518667400225e+01
7.280415000000000000e+09,-9.302976363752364364e+01
7.280480000000000000e+09,-9.284276369895979997e+01
7.280545000000000000e+09,-9.284369689572777418e+01
7.280610000000000000e+09,-9.276085156707901547e+01
7.280675000000000000e+09,-9.260146240330701062e+01
7.280740000000000000e+09,-9.270577360499913766e+01
7.280805000000000000e+09,-9.254217927130159183e+01
7.280870000000000000e+09,-9.284201995570444410e+01
7.280935000000000000e+09,-9.275422660652800744e+01
7.281000000000000000e+09,-9.284704105085678805e+01
7.281065000000000000e+09,-9.275235563186207344e+01
7.281130000000000000e+09,-9.274852480914069019e+01
7.281195000000000000e+09,-9.279502629181031637e+01
7.281260000000000000e+09,-9.285392924171100049e+01
7.281325000000000000e+09,-9.277112005516246995e+01
7.281390000000000000e+09,-9.261936067391631866e+01
7.281455000000000000e+09,-9.292702763789830556e+01
7.281520000000000000e+09,-9.246772599137273119e+01
7.281585000000000000e+09,-9.290230735613579327e+01
7.281650000000000000e+09,-9.243418597686590488e+01
7.281715000000000000e+09,-9.266085519004037963e+01
7.281780000000000000e+09,-9.261000094362545099e+01
7.281845000000000000e+09,-9.265008738826571744e+01
7.281910000000000000e+09,-9.264210508032319069e+01
7.281975000000000000e+09,-9.284520087331185323e+01
7.282040000000000000e+09,-9.287019565387626585e+01
7.282105000000000000e+09,-9.284132145522124802e+01
7.282170000000000000e+09,-9.275913446055356815e+01
7.282235000000000000e+09,-9.276908937745372441e+01
7.282300000000000000e+09,-9.278328283604952276e+01
7.282365000000000000e+09,-9.285268748273979611e+01
7.282430000000000000e+09,-9.285361109424712822e+01
7.282495000000000000e+09,-9.259023067798111128e+01
7.282560000000000000e+09,-9.294727201039073350e+01
7.282625000000000000e+09,-9.253735726329878730e+01
7.282690000000000000e+09,-9.291305460083043499e+01
7.282755000000000000e+09,-9.296748777573989742e+01
7.282820000000000000e+09,-9.247443888073335927e+01
7.282885000000000000e+09,-9.271412346232766311e+01
7.282950000000000000e+09,-9.259437101689988481e+01
7.283015000000000000e+09,-9.269497995330272033e+01
7.283080000000000000e+09,-9.309627472721317076e+01
7.283145000000000000e+09,-9.279104026169056851e+01
7.283210000000000000e+09,-9.281395578800463397e+01
7.283275000000000000e+09,-9.286905274029565760e+01
7.283340000000000000e+09,-9.282265619733180984e+01
7.283405000000000000e+09,-9.274514762808202306e+01
7.283470000000000000e+09,-9.280387784627924930e+01
7.283535000000000000e+09,-9.323034910181831947e+01
7.283600000000000000e+09,-9.263308001643302703e+01
7.283665000000000000e+09,-9.259280004697883726e+01
7.283730000000000000e+09,-9.264609458151774390e+01
7.283795000000000000e+09,-9.282497808283716267e+01
7.283860000000000000e+09,-9.283045856326724277e+01
7.283925000000000000e+09,-9.283744662518061830e+01
7.283990000000000000e+09,-9.232968937999743275e+01
7.284055000000000000e+09,-9.298846970487943508e+01
7.284120000000000000e+09,-9.301699031480490021e+01
7.284185000000000000e+09,-9.280904029884842998e+01
7.284250000000000000e+09,-9.274571663537250288e+01
7.284315000000000000e+09,-9.275464925833077245e+01
7.284380000000000000e+09,-9.267673915317789124e+01
7.284445000000000000e+09,-9.278562636380308959e+01
7.284510000000000000e+09,-9.285315176488850852e+01
7.284575000000000000e+09,-9.288133001272966283e+01
7.284640000000000000e+09,-9.258585968339546923e+01
7.284705000000000000e+09,-9.292108655572521059e+01
7.284770000000000000e+09,-9.281349354667131024e+01
7.284835000000000000e+09,-9.268375896679692971e+01
7.284900000000000000e+09,-9.245550007809353588e+01
7.284965000000000000e+09,-9.284714075919383447e+01
7.285030000000000000e+09,-9.289887824411852080e+01
7.285095000000000000e+09,-9.286969490130964289e+01
7.285160000000000000e+09,-9.263667672669470221e+01
7.285225000000000000e+09,-9.299666932564518618e+01
7.285290000000000000e+09,-9.252386853152530932e+01
7.285355000000000000e+09,-9.278159125323594481e+01
7.285420000000000000e+09,-9.259033854926158824e+01
7.285485000000000000e+09,-9.323807359059367172e+01
7.285550000000000000e+09,-9.279935881624481908e+01
7.285615000000000000e+09,-9.287700729006600397e+01
7.285680000000000000e+09,-9.298546609677821095e+01
7.285745000000000000e+09,-9.273243225290430303e+01
7.285810000000000000e+09,-9.267419751766517777e+01
7.285875000000000000e+09,-9.286836407944321081e+01
7.285940000000000000e+09,-9.283192411362503549e+01
7.286005000000000000e+09,-9.287214061199648540e+01
7.286070000000000000e+09,-9.272257929418029221e+01
7.286135000000000000e+09,-9.271387379060519152e+01
7.286200000000000000e+09,-9.263996044255915763e+01
7.286265000000000000e+09,-9.306513007976526808e+01
7.286330000000000000e+09,-9.259413519426951211e+01
7.286395000000000000e+09,-9.309684057271611834e+01
7.286460000000000000e+09,-9.289652659757223319e+01
7.286525000000000000e+09,-9.285289508445039530e+01
7.286590000000000000e+09,-9.287280150315326921e+01
7.286655000000000000e+09,-9.282703939776021684e+01
7.286720000000000000e+09,-9.273475776944880522e+01
7.286785000000000000e+09,-9.270840082248868441e+01
7.286850000000000000e+09,-9.287159759110028290e+01
7.286915000000000000e+09,-9.292104847441837023e+01
7.286980000000000000e+09,-9.297378531288090642e+01
7.287045000000000000e+09,-9.271361331596665423e+01
7.287110000000000000e+09,-9.290203286204194910e+01
7.287175000000000000e+09,-9.274726517032340212e+01
7.287240000000000000e+09,-9.260792520769749103e+01
7.287305000000000000e+09,-9.263684495295132137e+01
7.287370000000000000e+09,-9.264806758991711888e+01
7.287435000000000000e+09,-9.292196699284463079e+01
7.287500000000000000e+09,-9.270659388593387007e+01
7.287565000000000000e+09,-9.271939006073213818e+01
7.287630000000000000e+09,-9.277031358835648689e+01
7.287695000000000000e+09,-9.311867684132079148e+01
7.287760000000000000e+09,-9.274762432153183056e+01
7.287825000000000000e+09,-9.261369817112324654e+01
7.287890000000000000e+09,-9.253896383395837688e+01
7.287955000000000000e+09,-9.269002507814322200e+01
7.288020000000000000e+09,-9.284806227838080872e+01
7.288085000000000000e+09,-9.272440832439124847e+01
7.288150000000000000e+09,-9.273894556118882804e+01
7.288215000000000000e+09,-9.271791344283190028e+01
7.288280000000000000e+09,-9.279879580911291725e+01
7.288345000000000000e+09,-9.264820922124610547e+01
7.288410000000000000e+09,-9.276874115281584920e+01
7.288475000000000000e+09,-9.305408324280358556e+01
7.288540000000000000e+09,-9.286264966006500288e+01
7.288605000000000000e+09,-9.273086058979757240e+01
7.288670000000000000e+09,-9.268071970612049881e+01
7.288735000000000000e+09,-9.265435925407780360e+01
7.288800000000000000e+09,-9.297083034545843816e+01
7.288865000000000000e+09,-9.295542586036296484e+01
7.288930000000000000e+09,-9.269403462127479543e+01
7.288995000000000000e+09,-9.287102297037037602e+01
7.289060000000000000e+09,-9.281384437743184890e+01
7.289125000000000000e+09,-9.273163705001232415e+01
7.289190000000000000e+09,-9.307438363669737669e+01
7.289255000000000000e+09,-9.298974159954637742e+01
7.289320000000000000e+09,-9.301246524877674915e+01
7.289385000000000000e+09,-9.287132647927259654e+01
7.289450000000000000e+09,-9.309203962673430510e+01
7.289515000000000000e+09,-9.304315292880842492e+01
7.289580000000000000e+09,-9.308091243869036191e+01
7.289645000000000000e+09,-9.304013763345126620e+01
7.289710000000000000e+09,-9.283397005001933167e+01
7.289775000000000000e+09,-9.311446941297293733e+01
7.289840000000000000e+09,-9.288554991298455832e+01
7.289905000000000000e+09,-9.325419047210081658e+01
7.289970000000000000e+09,-9.315644267802329637e+01
7.290035000000000000e+09,-9.342954598015653289e+01
7.290100000000000000e+09,-9.356574599710120310e+01
7.290165000000000000e+09,-9.400034288988345565e+01
7.290230000000000000e+09,-9.410002596841535194e+01
7.290295000000000000e+09,-9.503930648867408593e+01
7.290360000000000000e+09,-9.650110289714895373e+01
7.290425000000000000e+09,-1.000956746824919605e+02
7.290490000000000000e+09,-1.003473456535591879e+02
7.290555000000000000e+09,-9.609210919366047676e+01
7.290620000000000000e+09,-9.491896760874722361e+01
7.290685000000000000e+09,-9.405462494670659623e+01
7.290750000000000000e+09,-9.355073871067767755e+01
7.290815000000000000e+09,-9.334932829577408597e+01
7.290880000000000000e+09,-9.334161336278697263e+01
7.290945000000000000e+09,-9.313893327986369286e+01
7.291010000000000000e+09,-9.336508295415922021e+01
7.291075000000000000e+09,-9.297923114746879492e+01
7.291140000000000000e+09,-9.302727445029444198e+01
7.291205000000000000e+09,-9.344242809204907019e+01
7.291270000000000000e+09,-9.307533718993448701e+01
7.291335000000000000e+09,-9.287560113323330313e+01
7.291400000000000000e+09,-9.348206188478283707e+01
7.291465000000000000e+09,-9.316411699371590771e+01
7.291530000000000000e+09,-9.321512732310216620e+01
7.291595000000000000e+09,-9.301847606531978840e+01
7.291660000000000000e+09,-9.304361364801223999e+01
7.291725000000000000e+09,-9.268836058253123156e+01
7.291790000000000000e+09,-9.307361521861908216e+01
7.291855000000000000e+09,-9.295675226084981091e+01
7.291920000000000000e+09,-9.274582857143562364e+01
7.291985000000000000e+09,-9.310000030374047242e+01
7.292050000000000000e+09,-9.296480234040041069e+01
7.292115000000000000e+09,-9.292448906243453166e+01
7.292180000000000000e+09,-9.295012916366573563e+01
7.292245000000000000e+09,-9.295594018361413191e+01
7.292310000000000000e+09,-9.297053801761742875e+01
7.292375000000000000e+09,-9.295936276406946774e+01
7.292440000000000000e+09,-9.298030366878619191e+01
7.292505000000000000e+09,-9.299397982177828226e+01
7.292570000000000000e+09,-9.281053810228178236e+01
7.292635000000000000e+09,-9.287906519263927407e+01
7.292700000000000000e+09,-9.280247195179322262e+01
7.292765000000000000e+09,-9.313613365910549646e+01
7.292830000000000000e+09,-9.293140821531667939e+01
7.292895000000000000e+09,-9.284084475019182037e+01
7.292960000000000000e+09,-9.339843827606701154e+01
7.293025000000000000e+09,-9.304214621826174891e+01
7.293090000000000000e+09,-9.308617048440808617e+01
7.293155000000000000e+09,-9.284391419598114226e+01
7.293220000000000000e+09,-9.314327472533379648e+01
7.293285000000000000e+09,-9.313593193495876221e+01
7.293350000000000000e+09,-9.295492506032405799e+01
7.293415000000000000e+09,-9.297311120780622673e+01
7.293480000000000000e+09,-9.291458515006503660e+01
7.293545000000000000e+09,-9.271145935451117737e+01
7.293610000000000000e+09,-9.330363463481327813e+01
7.293675000000000000e+09,-9.310408545593051599e+01
7.293740000000000000e+09,-9.326044390771892267e+01
7.293805000000000000e+09,-9.302405908054511485e+01
7.293870000000000000e+09,-9.277533632112637463e+01
7.293935000000000000e+09,-9.280491056845963271e+01
7.294000000000000000e+09,-9.290513434992655561e+01
7.294065000000000000e+09,-9.335544420391228471e+01
7.294130000000000000e+09,-9.304763397242894030e+01
7.294195000000000000e+09,-9.337103288145655711e+01
7.294260000000000000e+09,-9.317317031085914891e+01
7.294325000000000000e+09,-9.301707931290886222e+01
7.294390000000000000e+09,-9.298087793614800489e+01
7.294455000000000000e+09,-9.292118119931458864e+01
7.294520000000000000e+09,-9.298855962667354902e+01
7.294585000000000000e+09,-9.309404144806677550e+01
7.294650000000000000e+09,-9.313922848992781667e+01
7.294715000000000000e+09,-9.309754031472016322e+01
7.294780000000000000e+09,-9.316757911284241800e+01
7.294845000000000000e+09,-9.286598364093143232e+01
7.294910000000000000e+09,-9.319399819260243589e+01
7.294975000000000000e+09,-9.293901657836812547e+01
7.295040000000000000e+09,-9.308510628177518242e+01
7.295105000000000000e+09,-9.332115523626357856e+01
7.295170000000000000e+09,-9.291109756285584353e+01
7.295235000000000000e+09,-9.302706154372842207e+01
7.295300000000000000e+09,-9.257141582331824736e+01
7.295365000000000000e+09,-9.317846341857936920e+01
7.295430000000000000e+09,-9.287246292819985172e+01
7.295495000000000000e+09,-9.289355428657384550e+01
7.295560000000000000e+09,-9.308284822721293494e+01
7.295625000000000000e+09,-9.327586275574100227e+01
7.295690000000000000e+09,-9.330240316362295516e+01
7.295755000000000000e+09,-9.301721882788083917e+01
7.295820000000000000e+09,-9.318461854704585789e+01
7.295885000000000000e+09,-9.292155064635946360e+01
7.295950000000000000e+09,-9.320629674121514086e+01
7.296015000000000000e+09,-9.328521708175713911e+01
7.296080000000000000e+09,-9.330124145149366655e+01
7.296145000000000000e+09,-9.338584083650239620e+01
7.296210000000000000e+09,-9.324024496131482920e+01
7.296275000000000000e+09,-9.317677938060313636e+01
7.296340000000000000e+09,-9.310121575392989257e+01
7.296405000000000000e+09,-9.315413106424350076e+01
7.296470000000000000e+09,-9.308678177761920836e+01
7.296535000000000000e+09,-9.328250498089992959e+01
7.296600000000000000e+09,-9.287330636392798056e+01
7.296665000000000000e+09,-9.307606710981485776e+01
7.296730000000000000e+09,-9.315682739704782023e+01
7.296795000000000000e+09,-9.309635765762760684e+01
7.296860000000000000e+09,-9.299801396252313168e+01
7.296925000000000000e+09,-9.310961236395691287e+01
7.296990000000000000e+09,-9.287562638617816901e+01
7.297055000000000000e+09,-9.281912037278124217e+01
7.297120000000000000e+09,-9.321814773717341041e+01
7.297185000000000000e+09,-9.315315212577735338e+01
7.297250000000000000e+09,-9.323610091547359957e+01
7.297315000000000000e+09,-9.325107063816551545e+01
7.297380000000000000e+09,-9.286018049472556868e+01
7.297445000000000000e+09,-9.323396450489867959e+01
7.297510000000000000e+09,-9.284959046619181322e+01
7.297575000000000000e+09,-9.324973340063708349e+01
7.297640000000000000e+09,-9.313954995650672686e+01
7.297705000000000000e+09,-9.337060073514116709e+01
7.297770000000000000e+09,-9.325171799340095902e+01
7.297835000000000000e+09,-9.323109426318970350e+01
7.297900000000000000e+09,-9.294459306027903267e+01
7.297965000000000000e+09,-9.332269929982197709e+01
7.298030000000000000e+09,-9.338589515956240916e+01
7.298095000000000000e+09,-9.317974358971829929e+01
7.298160000000000000e+09,-9.334634443266217829e+01
7.298225000000000000e+09,-9.327460775633949197e+01
7.298290000000000000e+09,-9.317598159461383034e+01
7.298355000000000000e+09,-9.310709056295195296e+01
7.298420000000000000e+09,-9.329484813645164820e+01
7.298485000000000000e+09,-9.321119099579641443e+01
7.298550000000000000e+09,-9.318252786534333154e+01
7.298615000000000000e+09,-9.299875728834237520e+01
7.298680000000000000e+09,-9.333398287432510188e+01
7.298745000000000000e+09,-9.344823288958336605e+01
7.298810000000000000e+09,-9.311671608539766964e+01
7.298875000000000000e+09,-9.326154480411847203e+01
7.298940000000000000e+09,-9.325438417799833246e+01
7.299005000000000000e+09,-9.343580427712515757e+01
7.299070000000000000e+09,-9.334816395531595390e+01
7.299135000000000000e+09,-9.302362567534967752e+01
7.299200000000000000e+09,-9.316142416381725866e+01
7.299265000000000000e+09,-9.322135239400108730e+01
7.299330000000000000e+09,-9.310852647884898659e+01
7.299395000000000000e+09,-9.323743783705037913e+01
7.299460000000000000e+09,-9.345366785118777386e+01
7.299525000000000000e+09,-9.343913537181148854e+01
7.299590000000000000e+09,-9.315856203893426368e+01
7.299655000000000000e+09,-9.339130590862558279e+01
7.299720000000000000e+09,-9.312337964390054879e+01
7.299785000000000000e+09,-9.337784981992358269e+01
7.299850000000000000e+09,-9.330788849052062517e+01
7.299915000000000000e+09,-9.318969392261504936e+01
7.299980000000000000e+09,-9.334880413517805664e+01
7.300045000000000000e+09,-9.340137192082806905e+01
7.300110000000000000e+09,-9.309580156907787796e+01
7.300175000000000000e+09,-9.316838627604030876e+01
7.300240000000000000e+09,-9.321090980829009709e+01
7.300305000000000000e+09,-9.316819549269516187e+01
7.300370000000000000e+09,-9.326507945724696924e+01
7.300435000000000000e+09,-9.314519206592636635e+01
7.300500000000000000e+09,-9.323765526787474300e+01
7.300565000000000000e+09,-9.323221732382563687e+01
7.300630000000000000e+09,-9.334427779142188797e+01
7.300695000000000000e+09,-9.317029559944734274e+01
7.300760000000000000e+09,-9.314034430855375035e+01
7.300825000000000000e+09,-9.339324042746471832e+01
7.300890000000000000e+09,-9.336923779324627048e+01
7.300955000000000000e+09,-9.323992225547365820e+01
7.301020000000000000e+09,-9.321656313360179524e+01
7.301085000000000000e+09,-9.308755029062703557e+01
7.301150000000000000e+09,-9.317020190159631454e+01
7.301215000000000000e+09,-9.345948463258483230e+01
7.301280000000000000e+09,-9.317161845580700685e+01
7.301345000000000000e+09,-9.318038201674428933e+01
7.301410000000000000e+09,-9.339245573299211856e+01
7.301475000000000000e+09,-9.318915922543014574e+01
7.301540000000000000e+09,-9.344868463042004691e+01
7.301605000000000000e+09,-9.348151087700091466e+01
7.301670000000000000e+09,-9.325936531922663164e+01
7.301735000000000000e+09,-9.325262137474844337e+01
7.301800000000000000e+09,-9.321012350008885505e+01
7.301865000000000000e+09,-9.305443785771609555e+01
7.301930000000000000e+09,-9.328788474067212633e+01
7.301995000000000000e+09,-9.319912165465996168e+01
7.302060000000000000e+09,-9.347347367081741254e+01
7.302125000000000000e+09,-9.316973815772975342e+01
7.302190000000000000e+09,-9.285906404669836434e+01
7.302255000000000000e+09,-9.334628796263561412e+01
7.302320000000000000e+09,-9.349436307821503078e+01
7.302385000000000000e+09,-9.335148916794894092e+01
7.302450000000000000e+09,-9.343480076836095805e+01
7.302515000000000000e+09,-9.360120327155459563e+01
7.302580000000000000e+09,-9.328889286574323592e+01
7.302645000000000000e+09,-9.311649116806093218e+01
7.302710000000000000e+09,-9.341824226309248047e+01
7.302775000000000000e+09,-9.319070032998730824e+01
7.302840000000000000e+09,-9.309016859817766942e+01
7.302905000000000000e+09,-9.314246499000658730e+01
7.302970000000000000e+09,-9.334609301653414093e+01
7.303035000000000000e+09,-9.334689903738018302e+01
7.303100000000000000e+09,-9.317856008307096261e+01
7.303165000000000000e+09,-9.333721708273955642e+01
7.303230000000000000e+09,-9.329295259659483008e+01
7.303295000000000000e+09,-9.332522277676267208e+01
7.303360000000000000e+09,-9.344493717676880351e+01
7.303425000000000000e+09,-9.312650863758133823e+01
7.303490000000000000e+09,-9.328529031973243946e+01
7.303555000000000000e+09,-9.321166585439254959e+01
7.303620000000000000e+09,-9.325716096631364849e+01
7.303685000000000000e+09,-9.341313085829305862e+01
7.303750000000000000e+09,-9.326908818431593318e+01
7.303815000000000000e+09,-9.332707965003562833e+01
7.303880000000000000e+09,-9.336356473441381354e+01
7.303945000000000000e+09,-9.308312287329265189e+01
7.304010000000000000e+09,-9.326642651278569929e+01
7.304075000000000000e+09,-9.334386339484839823e+01
7.304140000000000000e+09,-9.341523407791272859e+01
7.304205000000000000e+09,-9.319414473096556151e+01
7.304270000000000000e+09,-9.331875988890647022e+01
7.304335000000000000e+09,-9.320830711032189697e+01
7.304400000000000000e+09,-9.319162358193536022e+01
7.304465000000000000e+09,-9.312931634923697288e+01
7.304530000000000000e+09,-9.334649263807689579e+01
7.304595000000000000e+09,-9.329864323235145207e+01
7.304660000000000000e+09,-9.326977105195922491e+01
7.304725000000000000e+09,-9.334367421948994092e+01
7.304790000000000000e+09,-9.339365994066400845e+01
7.304855000000000000e+09,-9.310712503315586730e+01
7.304920000000000000e+09,-9.344402293719727481e+01
7.304985000000000000e+09,-9.347129599504535236e+01
7.305050000000000000e+09,-9.313791312357322738e+01
7.305115000000000000e+09,-9.309782641815695570e+01
7.305180000000000000e+09,-9.314161451427173688e+01
7.305245000000000000e+09,-9.336019614169978809e+01
7.305310000000000000e+09,-9.346616481752468530e+01
7.305375000000000000e+09,-9.339917304948022547e+01
7.305440000000000000e+09,-9.350614541939822288e+01
7.305505000000000000e+09,-9.317946226300105650e+01
7.305570000000000000e+09,-9.338753688830718147e+01
7.305635000000000000e+09,-9.341784357693643415e+01
7.305700000000000000e+09,-9.330576413435420591e+01
7.305765000000000000e+09,-9.334017496186206131e+01
7.305830000000000000e+09,-9.323179168985706156e+01
7.305895000000000000e+09,-9.351547031263832821e+01
7.305960000000000000e+09,-9.346552665531734760e+01
7.306025000000000000e+09,-9.330106844919322384e+01
7.306090000000000000e+09,-9.337093865604327902e+01
7.306155000000000000e+09,-9.336765796891694436e+01
7.306220000000000000e+09,-9.332372453985429672e+01
7.306285000000000000e+09,-9.350418708373621257e+01
7.306350000000000000e+09,-9.327988901616969031e+01
7.306415000000000000e+09,-9.328747718885639983e+01
7.306480000000000000e+09,-9.316564783650385095e+01
7.306545000000000000e+09,-9.342655023939377656e+01
7.306610000000000000e+09,-9.322292207407167552e+01
7.306675000000000000e+09,-9.332907577985425007e+01
7.306740000000000000e+09,-9.334353228027458727e+01
7.306805000000000000e+09,-9.314874150236997252e+01
7.306870000000000000e+09,-9.310552824614867973e+01
7.306935000000000000e+09,-9.331827574717775065e+01
7.307000000000000000e+09,-9.327406648953029844e+01
7.307065000000000000e+09,-9.347368309549203502e+01
7.307130000000000000e+09,-9.339747612176557823e+01
7.307195000000000000e+09,-9.320660473256454281e+01
7.307260000000000000e+09,-9.320890723394013833e+01
7.307325000000000000e+09,-9.348946362571147972e+01
7.307390000000000000e+09,-9.342584021422581486e+01
7.307455000000000000e+09,-9.339780360303333850e+01
7.307520000000000000e+09,-9.340260494363161570e+01
7.307585000000000000e+09,-9.293653109441508775e+01
7.307650000000000000e+09,-9.339115107005029870e+01
7.307715000000000000e+09,-9.328847124946383929e+01
7.307780000000000000e+09,-9.318529828496571099e+01
7.307845000000000000e+09,-9.347443281754769373e+01
7.307910000000000000e+09,-9.362579611973418992e+01
7.307975000000000000e+09,-9.337593532835259680e+01
7.308040000000000000e+09,-9.307096750253464279e+01
7.308105000000000000e+09,-9.312727862569411741e+01
7.308170000000000000e+09,-9.322444603480411729e+01
7.308235000000000000e+09,-9.326421124422439846e+01
7.308300000000000000e+09,-9.348123810944085221e+01
7.308365000000000000e+09,-9.321089586047635578e+01
7.308430000000000000e+09,-9.332067047500737544e+01
7.308495000000000000e+09,-9.325023627217862554e+01
7.308560000000000000e+09,-9.319725063159587819e+01
7.308625000000000000e+09,-9.339919593804654596e+01
7.308690000000000000e+09,-9.337783434287595696e+01
7.308755000000000000e+09,-9.333247892954386771e+01
7.308820000000000000e+09,-9.336378630332720263e+01
7.308885000000000000e+09,-9.320461971572808579e+01
7.308950000000000000e+09,-9.317093367210760846e+01
7.309015000000000000e+09,-9.350113279418050638e+01
7.309080000000000000e+09,-9.323967461925001032e+01
7.309145000000000000e+09,-9.311973138120997362e+01
7.309210000000000000e+09,-9.344079175797496362e+01
7.309275000000000000e+09,-9.333478071346573302e+01
7.309340000000000000e+09,-9.321241345067178941e+01
7.309405000000000000e+09,-9.331080920128246703e+01
7.309470000000000000e+09,-9.333727283966739208e+01
7.309535000000000000e+09,-9.340459151947899841e+01
7.309600000000000000e+09,-9.327099365733479885e+01
7.309665000000000000e+09,-9.325429231180662271e+01
7.309730000000000000e+09,-9.344925602204872916e+01
7.309795000000000000e+09,-9.316979614621007499e+01
7.309860000000000000e+09,-9.321348902372058376e+01
7.309925000000000000e+09,-9.329738200635063095e+01
7.309990000000000000e+09,-9.338783173056866360e+01
7.310055000000000000e+09,-9.337090378472265684e+01
7.310120000000000000e+09,-9.348889139197990517e+01
7.310185000000000000e+09,-9.335365359912262306e+01
7.310250000000000000e+09,-9.344330495510824619e+01
7.310315000000000000e+09,-9.334480170190303738e+01
7.310380000000000000e+09,-9.313157714593833703e+01
7.310445000000000000e+09,-9.323160371442148175e+01
7.310510000000000000e+09,-9.339998417805936981e+01
7.310575000000000000e+09,-9.320040891738592848e+01
7.310640000000000000e+09,-9.326131536538177613e+01
7.310705000000000000e+09,-9.350457495926555396e+01
7.310770000000000000e+09,-9.323571482192583915e+01
7.310835000000000000e+09,-9.321012733781122961e+01
7.310900000000000000e+09,-9.318097240191333697e+01
7.310965000000000000e+09,-9.353931249684978866e+01
7.311030000000000000e+09,-9.334580214080966698e+01
7.311095000000000000e+09,-9.317616170668924269e+01
7.311160000000000000e+09,-9.341967920244599100e+01
7.311225000000000000e+09,-9.320767690600332855e+01
7.311290000000000000e+09,-9.329189819889442958e+01
7.311355000000000000e+09,-9.354625733742236093e+01
7.311420000000000000e+09,-9.325957835014497732e+01
7.311485000000000000e+09,-9.320912610548218424e+01
7.311550000000000000e+09,-9.326683495697980675e+01
7.311615000000000000e+09,-9.322859520131041222e+01
7.311680000000000000e+09,-9.343236941357818637e+01
7.311745000000000000e+09,-9.320706977964223938e+01
7.311810000000000000e+09,-9.315855098232431430e+01
7.311875000000000000e+09,-9.336123598714542027e+01
7.311940000000000000e+09,-9.332847838381782424e+01
7.312005000000000000e+09,-9.349089286999449655e+01
7.312070000000000000e+09,-9.354062536517619719e+01
7.312135000000000000e+09,-9.317896173657234726e+01
7.312200000000000000e+09,-9.352333221334548341e+01
7.312265000000000000e+09,-9.334022431149199406e+01
7.312330000000000000e+09,-9.324135946589088064e+01
7.312395000000000000e+09,-9.316148049924875352e+01
7.312460000000000000e+09,-9.320821032610629686e+01
7.312525000000000000e+09,-9.325757584005559409e+01
7.312590000000000000e+09,-9.337310842656464160e+01
7.312655000000000000e+09,-9.340103245425981981e+01
7.312720000000000000e+09,-9.315858846506067437e+01
7.312785000000000000e+09,-9.332257957904813850e+01
7.312850000000000000e+09,-9.353765227503967594e+01
7.312915000000000000e+09,-9.332685906917639329e+01
7.312980000000000000e+09,-9.310540404617542265e+01
7.313045000000000000e+09,-9.317996427648090219e+01
7.313110000000000000e+09,-9.316540906568788216e+01
7.313175000000000000e+09,-9.318693647102954003e+01
7.313240000000000000e+09,-9.333234561049317790e+01
7.313305000000000000e+09,-9.327532701255856296e+01
7.313370000000000000e+09,-9.339767426041346710e+01
7.313435000000000000e+09,-9.349514249713715230e+01
7.313500000000000000e+09,-9.323197274793839995e+01
7.313565000000000000e+09,-9.296642617273285225e+01
7.313630000000000000e+09,-9.356092242282869620e+01
7.313695000000000000e+09,-9.348298573235808817e+01
7.313760000000000000e+09,-9.318567998736268976e+01
7.313825000000000000e+09,-9.318816829250675937e+01
7.313890000000000000e+09,-9.339904152985144492e+01
7.313955000000000000e+09,-9.333193728848712567e+01
7.314020000000000000e+09,-9.333440056145354902e+01
7.314085000000000000e+09,-9.331762984001878181e+01
7.314150000000000000e+09,-9.328155026492913748e+01
7.314215000000000000e+09,-9.338107387097048218e+01
7.314280000000000000e+09,-9.329209979894702087e+01
7.314345000000000000e+09,-9.340067012641560495e+01
7.314410000000000000e+09,-9.339660921792233239e+01
7.314475000000000000e+09,-9.321682665425458936e+01
7.314540000000000000e+09,-9.322786829821920662e+01
7.314605000000000000e+09,-9.326808356634333563e+01
7.314670000000000000e+09,-9.332064091972760878e+01
7.314735000000000000e+09,-9.341531036251717524e+01
7.314800000000000000e+09,-9.341251537529024063e+01
7.314865000000000000e+09,-9.321814985103907247e+01
7.314930000000000000e+09,-9.343021175054605010e+01
7.314995000000000000e+09,-9.328149522678712913e+01
7.315060000000000000e+09,-9.317183712009052954e+01
7.315125000000000000e+09,-9.324855296356709289e+01
7.315190000000000000e+09,-9.313995008457007430e+01
7.315255000000000000e+09,-9.335462784671442193e+01
7.315320000000000000e+09,-9.314785405561238463e+01
7.315385000000000000e+09,-9.319847182131923091e+01
7.315450000000000000e+09,-9.305770622400090986e+01
7.315515000000000000e+09,-9.330786387711145835e+01
7.315580000000000000e+09,-9.334540949072203375e+01
7.315645000000000000e+09,-9.319959151825655397e+01
7.315710000000000000e+09,-9.344231247873366897e+01
7.315775000000000000e+09,-9.349976390315663366e+01
7.315840000000000000e+09,-9.338308986714800142e+01
7.315905000000000000e+09,-9.339800594385272348e+01
7.315970000000000000e+09,-9.328817193589142676e+01
7.316035000000000000e+09,-9.349495415988357649e+01
7.316100000000000000e+09,-9.326335471926853415e+01
7.316165000000000000e+09,-9.321782668657758109e+01
7.316230000000000000e+09,-9.339388774774454305e+01
7.316295000000000000e+09,-9.315174235023341964e+01
7.316360000000000000e+09,-9.342635944597989806e+01
7.316425000000000000e+09,-9.315937418423177974e+01
7.316490000000000000e+09,-9.336332921182359712e+01
7.316555000000000000e+09,-9.313652214845302524e+01
7.316620000000000000e+09,-9.331075526242705109e+01
7.316685000000000000e+09,-9.346695855217933513e+01
7.316750000000000000e+09,-9.329440263404063671e+01
7.316815000000000000e+09,-9.336332387121741760e+01
7.316880000000000000e+09,-9.326638423317861282e+01
7.316945000000000000e+09,-9.348773802095188046e+01
7.317010000000000000e+09,-9.340962964167414384e+01
7.317075000000000000e+09,-9.341493945174346436e+01
7.317140000000000000e+09,-9.307205890618567423e+01
7.317205000000000000e+09,-9.315553824196868504e+01
7.317270000000000000e+09,-9.344850157032267646e+01
7.317335000000000000e+09,-9.340079675933387193e+01
7.317400000000000000e+09,-9.342577453307184498e+01
7.317465000000000000e+09,-9.329369590849648830e+01
7.317530000000000000e+09,-9.349807472881212789e+01
7.317595000000000000e+09,-9.331004714705555614e+01
7.317660000000000000e+09,-9.331532779409221234e+01
7.317725000000000000e+09,-9.314103712145396230e+01
7.317790000000000000e+09,-9.358382615506013735e+01
7.317855000000000000e+09,-9.322974376416523512e+01
7.317920000000000000e+09,-9.340294093666828701e+01
7.317985000000000000e+09,-9.346365381015357343e+01
7.318050000000000000e+09,-9.352805523969841772e+01
7.318115000000000000e+09,-9.340952862457913852e+01
7.318180000000000000e+09,-9.323052417293459371e+01
7.318245000000000000e+09,-9.347060264368280968e+01
7.318310000000000000e+09,-9.347958880689786554e+01
7.318375000000000000e+09,-9.332086359324321734e+01
7.318440000000000000e+09,-9.355110052779272678e+01
7.318505000000000000e+09,-9.350509795257093515e+01
7.318570000000000000e+09,-9.341551315686649559e+01
7.318635000000000000e+09,-9.349717868925773701e+01
7.318700000000000000e+09,-9.356633505592475331e+01
7.318765000000000000e+09,-9.329061062517939718e+01
7.318830000000000000e+09,-9.318563484010239506e+01
7.318895000000000000e+09,-9.333309704030909870e+01
7.318960000000000000e+09,-9.337430490857374821e+01
7.319025000000000000e+09,-9.337784226316625791e+01
7.319090000000000000e+09,-9.364416557563154697e+01
7.319155000000000000e+09,-9.344056126208832325e+01
7.319220000000000000e+09,-9.322370345924299784e+01
7.319285000000000000e+09,-9.335360720829184800e+01
7.319350000000000000e+09,-9.332112272515269069e+01
7.319415000000000000e+09,-9.341195999845722042e+01
7.319480000000000000e+09,-9.333245808015888656e+01
7.319545000000000000e+09,-9.345021251537750118e+01
7.319610000000000000e+09,-9.356459553357439063e+01
7.319675000000000000e+09,-9.358451698084650161e+01
7.319740000000000000e+09,-9.311570669122826871e+01
7.319805000000000000e+09,-9.332115390952738210e+01
7.319870000000000000e+09,-9.322964521364794166e+01
7.319935000000000000e+09,-9.348870102308632113e+01
7.320000000000000000e+09,-9.338525988945464462e+01
