# freq_Hz, phase_rad_detrended, phase_rad
7.125000000000000000e+09,8.225910020301574477e-02,-2.267481496826621257e+00
7.125063333333333015e+09,1.158930118117464936e-01,-2.257712161072010115e+00
7.125126666666666985e+09,6.618763806598693122e-02,-2.331282110671896390e+00
7.125190000000000000e+09,9.134948411709720162e-02,-2.329984840474905727e+00
7.125253333333333015e+09,7.286230238291846462e-02,-2.372336598063211177e+00
7.125316666666666985e+09,-1.458724625203799974e-03,-2.470522200925787004e+00
7.125380000000000000e+09,5.636825077294949082e-02,-2.436559801381419366e+00
7.125443333333333015e+09,-4.739947165951363672e-02,-2.564192099668009206e+00
7.125506666666666985e+09,5.962204983384955526e-02,-2.481035154029099576e+00
7.125570000000000000e+09,4.903169345204094753e-02,-2.515490086264700942e+00
7.125633333333333015e+09,1.420063168028531386e-01,-2.446380038768008358e+00
7.125696666666666985e+09,-9.437279982605240036e-03,-2.621688211407927405e+00
7.125760000000000000e+09,2.800272507871071070e-02,-2.608112782200397106e+00
7.125823333333333015e+09,6.555210645173259465e-02,-2.594427976681494830e+00
7.125886666666666985e+09,5.914146026140398860e-02,-2.624703198726284104e+00
7.125950000000000000e+09,1.306075432787965340e-01,-2.577101691562677210e+00
7.126013333333333015e+09,3.231732838576428790e-02,-2.699256482309836169e+00
7.126076666666666985e+09,2.058613880804838203e-02,-2.734852247742005638e+00
7.126140000000000000e+09,5.010960278365672593e-02,-2.729193359620524006e+00
7.126203333333333015e+09,1.074480672370796697e-01,-2.695719471020886715e+00
7.126266666666666985e+09,9.932898922854604962e-02,-2.727703124883873897e+00
7.126330000000000000e+09,4.902444677028761078e-02,-2.801872243196259049e+00
7.126393333333333015e+09,5.841564278075228600e-02,-2.816345623039580026e+00
7.126456666666666985e+09,7.159706635996210267e-02,-2.827028775314830877e+00
7.126520000000000000e+09,4.469035744431781865e-02,-2.877800060084594769e+00
7.126583333333333015e+09,1.367751497032738683e-01,-2.809579843679424371e+00
7.126646666666666985e+09,9.226147668727424644e-03,-2.960993421568431483e+00
7.126710000000000000e+09,1.291701267523492902e-01,-2.864914018338929225e+00
7.126773333333333015e+09,2.491634105421747236e-02,-2.993032379891187755e+00
7.126836666666666985e+09,5.963678057621635276e-02,-2.982176516223308482e+00
7.126900000000000000e+09,1.267434964645279827e-01,-2.938934376189123565e+00
7.126963333333333015e+09,1.709466376832668999e-03,-3.087832982130938486e+00
7.127026666666666985e+09,2.664419780100191204e-02,-3.086762826560888850e+00
7.127090000000000000e+09,5.176075001758206895e-02,-3.085510850198435406e+00
7.127153333333333015e+09,8.854707844855846943e-02,-3.072589097621578613e+00
7.127216666666666985e+09,9.989849673727135837e-02,-3.085102255187326392e+00
7.127280000000000000e+09,4.202225010072613287e-03,-3.204663102768310790e+00
7.127343333333333015e+09,-2.845699877472629424e-02,-3.261186902407229304e+00
7.127406666666666985e+09,5.620133752480560574e-02,-3.200393141962158072e+00
7.127470000000000000e+09,8.444668155764167849e-02,-3.196012373783107652e+00
7.127533333333333015e+09,9.833148927507684434e-02,-3.205992141919799199e+00
7.127596666666666985e+09,5.529707432839980896e-03,-3.322658499616489625e+00
7.127660000000000000e+09,1.068622048513678813e-01,-3.245190578051754482e+00
7.127723333333333015e+09,5.709104550794297239e-02,-3.318826313249298998e+00
7.127786666666666985e+09,1.251612176844774105e-01,-3.274620716927225228e+00
7.127850000000000000e+09,7.732423328531501383e-02,-3.346322277180173277e+00
7.127913333333333015e+09,7.943254647441655436e-02,-3.368078539845191344e+00
7.127976666666666985e+09,4.238653130250336076e-02,-3.428989130871565205e+00
7.128040000000000000e+09,-1.902545619591577974e-03,-3.497142783647779751e+00
7.128103333333333015e+09,1.022017388202458577e-01,-3.416903075061727968e+00
7.128166666666666985e+09,8.108795861102580105e-02,-3.461881431125408692e+00
7.128230000000000000e+09,1.891306545292836816e-02,-3.547920900137625733e+00
7.128293333333333015e+09,7.955048835520361905e-02,-3.511148053089143239e+00
7.128356666666666985e+09,1.185788916746113308e-01,-3.495984225624189090e+00
7.128420000000000000e+09,2.216642217172992702e-02,-3.616261270981197207e+00
7.128483333333333015e+09,9.191228953384333877e-02,-3.570379979472869447e+00
7.128546666666666985e+09,1.421247598599144624e-01,-3.544032085001258991e+00
7.128610000000000000e+09,4.139342763494013866e-02,-3.668627993080352923e+00
7.128673333333333015e+09,-3.496268765097099163e-02,-3.768848684220383660e+00
7.128736666666666985e+09,4.401593448959806310e-02,-3.713734637933941318e+00
7.128800000000000000e+09,5.695267277042681542e-02,-3.724662475507232173e+00
7.128863333333333015e+09,8.628493332178654995e-02,-3.719194790809999152e+00
7.128926666666666985e+09,1.013569722224434422e-01,-3.727987327763461867e+00
7.128990000000000000e+09,8.335509052388268003e-02,-3.769853785316142236e+00
7.129053333333333015e+09,1.814816059454229524e-01,-3.695591845748728677e+00
7.129116666666666985e+09,7.138215671883507696e-02,-3.829555870829436159e+00
7.129180000000000000e+09,9.046537192267667393e-03,-3.915756066210130282e+00
7.129243333333333015e+09,5.709291319151166277e-02,-3.891574266065005894e+00
7.129306666666666985e+09,1.520259453093864010e-03,-3.971011495657884360e+00
7.129370000000000000e+09,8.578363852689863123e-02,-3.910612692437865245e+00
7.129433333333333015e+09,1.357522128868042799e-01,-3.884508693932079204e+00
7.129496666666666985e+09,4.878912444641425594e-02,-3.995336358226929896e+00
7.129560000000000000e+09,1.119254302755470221e-01,-3.956064628251582782e+00
7.129623333333333015e+09,1.192567837140501297e-02,-4.079928956009851504e+00
7.129686666666666985e+09,1.019480469185189975e-01,-4.013771163317191082e+00
7.129750000000000000e+09,2.183376299535755294e-02,-4.117750023094138179e+00
7.129813333333333015e+09,5.099610533834031401e-02,-4.112452256605282130e+00
7.129876666666666985e+09,1.314876139594058913e-01,-4.055825323838670116e+00
7.129940000000000000e+09,1.231311053799188926e-02,-4.198864403114210830e+00
7.130003333333333015e+09,1.175686775482045476e-01,-4.117473411957783824e+00
7.130066666666666985e+09,6.306217389938417739e-03,-4.252600447970510622e+00
7.130130000000000000e+09,5.356387215600655338e-02,-4.229207369058562094e+00
7.130193333333333015e+09,7.539878850414005740e-02,-4.231237028564214242e+00
7.130256666666666985e+09,4.515332487830381325e-02,-4.285347068044511154e+00
7.130320000000000000e+09,-9.486117959095707874e-03,-4.363851086736030283e+00
7.130383333333333015e+09,8.890538454924268308e-04,-4.377340490785234906e+00
7.130446666666666985e+09,9.446916384343140294e-02,-4.307624956641749492e+00
7.130510000000000000e+09,7.658883817721928722e-02,-4.349369858162088320e+00
7.130573333333333015e+09,1.755008119698331370e-02,-4.432273190996443901e+00
7.130636666666666985e+09,3.944043637384275769e-02,-4.434247411673704065e+00
7.130700000000000000e+09,8.975608489498565490e-02,-4.407796339006687880e+00
7.130763333333333015e+09,1.006112785139468002e-01,-4.420805721241846342e+00
7.130826666666666985e+09,7.606488584021686705e-02,-4.469216689769702988e+00
7.130890000000000000e+09,6.036324859913300145e-02,-4.508782902864906461e+00
7.130953333333333015e+09,1.073636448742973926e-01,-4.485647082443861677e+00
7.131016666666666985e+09,1.013055861299729798e-01,-4.515569717042312803e+00
7.131080000000000000e+09,1.468944970598560218e-01,-4.493845381966549368e+00
7.131143333333333015e+09,4.211157369693463437e-02,-4.622492881183597468e+00
7.131206666666666985e+09,1.460456704854884435e-02,-4.673864463686436821e+00
7.131270000000000000e+09,6.708959501524791591e-02,-4.645244011573530507e+00
7.131333333333333015e+09,1.703812405915439143e-01,-4.565816941851354116e+00
7.131396666666666985e+09,2.570271709977323127e-02,-4.734360041197578362e+00
7.131460000000000000e+09,1.208021297036694364e-01,-4.663125204447474914e+00
7.131523333333333015e+09,-8.427619410317266357e-02,-4.892068104108436621e+00
7.131586666666666985e+09,3.875198207443730780e-02,-4.792904503785287318e+00
7.131650000000000000e+09,3.482670802705101210e-02,-4.820694353686459266e+00
7.131713333333333015e+09,1.434427519420733432e-01,-4.735942885625556542e+00
7.131776666666666985e+09,4.413726486953528649e-02,-4.859112948552555267e+00
7.131840000000000000e+09,5.026996967582242348e-03,-4.922087792308627918e+00
7.131903333333333015e+09,5.253739097012211090e-02,-4.898441974159880807e+00
7.131966666666666985e+09,2.777720510440673252e-04,-4.974566168933412413e+00
7.132030000000000000e+09,6.046145607399289190e-02,-4.938247060764590302e+00
7.132093333333333015e+09,-1.289731139580574393e-02,-5.035470404088174590e+00
7.132156666666666985e+09,6.901023050247268031e-02,-4.977427438044349728e+00
7.132220000000000000e+09,3.654394519551562581e-02,-5.033758299205433495e+00
7.132283333333333015e+09,4.759451162072991792e-04,-5.093690875138527474e+00
7.132346666666666985e+09,1.789426826351316890e-01,-4.939088713474063752e+00
7.132410000000000000e+09,5.697284534658475508e-02,-5.084923126616730293e+00
7.132473333333333015e+09,7.652339958504938977e-02,-5.089237148232392371e+00
7.132536666666666985e+09,7.738297343090394520e-03,-5.181886826328470974e+00
7.132600000000000000e+09,-2.510439011140430665e-02,-5.238594089637085283e+00
7.132663333333333015e+09,4.938596895788904817e-02,-5.187968306421918641e+00
7.132726666666666985e+09,1.087058404920036025e-01,-5.152513010741923694e+00
7.132790000000000000e+09,9.745657824607967257e-02,-5.187626848841974336e+00
7.132853333333333015e+09,1.732564907806306564e-01,-5.135691512161542960e+00
7.132916666666666985e+09,7.645853265993807213e-02,-5.256354046136355151e+00
7.132980000000000000e+09,1.110797248590209563e-01,-5.245597429791398980e+00
7.133043333333333015e+09,1.167044490547493041e-01,-5.263837281449790240e+00
7.133106666666666985e+09,4.021999163863299032e-02,-5.364186314720367221e+00
7.133170000000000000e+09,1.115152610050014204e-01,-5.316755621207784444e+00
7.133233333333333015e+09,9.821062403614888581e-02,-5.353924834030763691e+00
7.133296666666666985e+09,8.615113290997644668e-02,-5.389848901011389692e+00
7.133360000000000000e+09,-1.978445241385440312e-02,-5.519649062189006195e+00
7.133423333333333015e+09,4.652328884218892568e-02,-5.477205896787089578e+00
7.133486666666666985e+09,1.149169917512260497e-02,-5.536102062308609462e+00
7.133550000000000000e+09,-1.878119617603424274e-03,-5.573336456955128249e+00
7.133613333333333015e+09,1.454588405816421570e-01,-5.449864072610002275e+00
7.133676666666666985e+09,5.721304644163449638e-02,-5.561974442604470603e+00
7.133740000000000000e+09,9.607391112909269282e-02,-5.546978153771132014e+00
7.133803333333333015e+09,6.393662487450146870e-02,-5.602980015879508890e+00
7.133866666666666985e+09,9.705678816303553447e-02,-5.593724428445435493e+00
7.133930000000000000e+09,7.796845210543423832e-02,-5.636677340357156396e+00
7.133993333333333015e+09,1.633821572915596931e-01,-5.575128211024823699e+00
7.134056666666666985e+09,6.000945125460077634e-02,-5.702365492916236178e+00
7.134120000000000000e+09,3.746516237356800616e-02,-5.748774357651388556e+00
7.134183333333333015e+09,-1.272776376077988658e-02,-5.822831859639529206e+00
7.134246666666666985e+09,1.106096124644864176e-01,-5.723359059268716464e+00
7.134310000000000000e+09,2.624710710214728238e-02,-5.831586140485182312e+00
7.134373333333333015e+09,7.463040241753660098e-02,-5.807067421023912601e+00
7.134436666666666985e+09,1.489141678157537285e-01,-5.756648231479822186e+00
7.134500000000000000e+09,4.797374733820269910e-02,-5.881453227811492823e+00
7.134563333333333015e+09,1.315926664950364255e-01,-5.821698884508778704e+00
7.134626666666666985e+09,5.405171905391803477e-03,-5.971750954952550039e+00
7.134690000000000000e+09,1.715908251013598118e-02,-5.983861620201925469e+00
7.134753333333333015e+09,1.768878183764677203e-02,-6.007196496728541391e+00
7.134816666666666985e+09,-2.203316464781313044e-02,-6.070783019068120900e+00
7.134880000000000000e+09,1.025738299050864555e-01,-5.970040600369340922e+00
7.134943333333333015e+09,1.708988546414289544e-01,-5.925580151487125136e+00
7.135006666666666985e+09,3.262554893290747771e-03,-6.117081027089716905e+00
7.135070000000000000e+09,1.245487586445488404e-01,-6.019659399192251570e+00
7.135133333333333015e+09,5.904826422994347013e-02,-6.109024469460976547e+00
7.135196666666666985e+09,1.783666769000280539e-02,-6.174100641855374327e+00
7.135260000000000000e+09,5.208831074858721877e-02,-6.163713574650579119e+00
7.135323333333333015e+09,2.461559717051642338e-02,-6.215050864082773074e+00
7.135386666666666985e+09,1.232630987392191457e-02,-6.251204727233824698e+00
7.135450000000000000e+09,9.562168889830946483e-02,-6.191773924063222800e+00
7.135513333333333015e+09,5.525220292943533451e-02,-6.256007985886220091e+00
7.135576666666666985e+09,5.400523393781586634e-02,-6.281119530732296674e+00
7.135640000000000000e+09,7.639684328290918813e-02,-6.282592497241326512e+00
7.135703333333333015e+09,3.128788023569128995e-02,-6.351566036142333616e+00
7.135766666666666985e+09,6.860565364448145687e-02,-6.338112838588000564e+00
7.135830000000000000e+09,6.232394746246239237e-02,-6.368259120624142788e+00
7.135893333333333015e+09,-8.796181081726750506e-03,-6.463243825022117584e+00
7.135956666666666985e+09,8.681938764594043789e-02,-6.391492832148907510e+00
7.136020000000000000e+09,2.359322812843522854e-02,-6.478583567520535880e+00
7.136083333333333015e+09,2.082674796990424682e-02,-6.505214623532856066e+00
7.136146666666666985e+09,1.024990229422577670e-01,-6.447406924414959661e+00
7.136210000000000000e+09,3.428677116449918572e-02,-6.539483752046841403e+00
7.136273333333333015e+09,-9.139816858604987715e-03,-6.606774915923731228e+00
7.136336666666666985e+09,-4.395652225497315158e-04,-6.621939240142133087e+00
7.136400000000000000e+09,-7.366511198404701588e-03,-6.652730761972111218e+00
7.136463333333333015e+09,4.800054928882335759e-02,-6.621228277339006318e+00
7.136526666666666985e+09,-2.998918338007339202e-02,-6.723082585862026228e+00
7.136590000000000000e+09,-6.470596349506063660e-02,-6.781663941831136633e+00
7.136653333333333015e+09,1.420257095341925790e-01,-6.598796844656006577e+00
7.136716666666666985e+09,7.922697655424837393e-02,-6.685460153490070390e+00
7.136780000000000000e+09,5.790830955132442170e-02,-6.730643396347117502e+00
7.136843333333333015e+09,7.566170432365737497e-02,-6.736754577428907709e+00
7.136906666666666985e+09,4.481916555231002519e-02,-6.791461692054712174e+00
7.136970000000000000e+09,-4.784029716399018639e-02,-6.907985730624801590e+00
7.137033333333333015e+09,3.471857804014000237e-02,-6.849291431274794562e+00
7.137096666666666985e+09,6.639238708637584807e-02,-6.841482198083015831e+00
7.137160000000000000e+09,1.454788755643336984e-01,-6.786260285458843633e+00
7.137223333333333015e+09,6.452895824877646902e-02,-6.891074778628524022e+00
7.137286666666666985e+09,6.635750950198016085e-02,-6.913110803229777446e+00
7.137350000000000000e+09,-4.285773280025928500e-02,-7.046190621385806097e+00
7.137413333333333015e+09,3.189196872762956048e-02,-6.995305495712040411e+00
7.137476666666666985e+09,4.031446089077839190e-02,-7.010747579403348695e+00
7.137540000000000000e+09,4.229645865530606841e-02,-7.032630157492940626e+00
7.137603333333333015e+09,-2.227769072471641465e-02,-7.121068882726752314e+00
7.137666666666666985e+09,2.410903066591529864e-02,-7.098546737190577716e+00
7.137730000000000000e+09,8.972753830154633903e-02,-7.056792805409069835e+00
7.137793333333333015e+09,6.422927001614819886e-02,-7.106155649548257180e+00
7.137856666666666985e+09,1.158326796171493811e-02,-7.182666227457147556e+00
7.137920000000000000e+09,1.553865771725959632e-02,-7.202575413555722506e+00
7.137983333333333015e+09,-2.068681231147451172e-02,-7.262665459438245819e+00
7.138046666666666985e+09,1.250084855628026403e-01,-7.140834737418425782e+00
7.138110000000000000e+09,5.018723310452699593e-02,-7.239520565730824586e+00
7.138173333333333015e+09,7.880649690718222189e-02,-7.234765877781958565e+00
7.138236666666666985e+09,1.666777031862753944e-01,-7.170759247357322508e+00
7.138300000000000000e+09,9.669404537008841061e-02,-7.264607481027629099e+00
7.138363333333333015e+09,7.237460622155378331e-02,-7.312791496030286886e+00
7.138426666666666985e+09,1.640767869577626215e-01,-7.244953891148201208e+00
7.138490000000000000e+09,2.029621330562925152e-02,-7.412599040654457738e+00
7.138553333333333015e+09,5.175774069382743647e-02,-7.405002089120382713e+00
7.138616666666666985e+09,5.050495504604768371e-02,-7.430119450622285626e+00
7.138680000000000000e+09,2.499875948157370686e-02,-7.479490222040879210e+00
7.138743333333333015e+09,1.912693721700087224e-02,-7.509226620159575205e+00
7.138806666666666985e+09,7.000626380786201253e-02,-7.482211869423171180e+00
7.138870000000000000e+09,9.538627874340388502e-02,-7.480696430341418512e+00
7.138933333333333015e+09,-4.097205479007737239e-02,-7.640919339729022930e+00
7.138996666666666985e+09,-1.073615080976431102e-02,-7.634548011603166984e+00
7.139060000000000000e+09,1.899185111872725429e-02,-7.628684585528461071e+00
7.139123333333333015e+09,5.373808303694893596e-02,-7.617802929464362549e+00
7.139186666666666985e+09,5.331226576470449174e-03,-7.690074361779298151e+00
7.139250000000000000e+09,-5.262952938846154893e-03,-7.724533117148403960e+00
7.139313333333333015e+09,2.588935630514654918e-03,-7.740545804433166310e+00
7.139376666666666985e+09,-1.778720308743153566e-02,-7.784786519005569616e+00
7.139440000000000000e+09,1.932440818776193225e-02,-7.771539483584161800e+00
7.139503333333333015e+09,9.372425631534131441e-02,-7.721004211310705578e+00
7.139566666666666985e+09,-2.136197773504378006e-03,-7.840729241254008386e+00
7.139630000000000000e+09,-2.851531234937532133e-03,-7.865309150569564700e+00
7.139693333333333015e+09,-7.187899417765208909e-03,-7.893510094606181582e+00
7.139756666666666985e+09,1.811774984103919905e-02,-7.892069021201834289e+00
7.139820000000000000e+09,6.007959009375340997e-03,-7.928043387887621307e+00
7.139883333333333015e+09,1.143943109321750029e-01,-7.843521611818607298e+00
7.139946666666666985e+09,2.529861662186050353e-02,-7.956481881983378912e+00
7.140010000000000000e+09,2.300983924343658060e-02,-7.982635235215925995e+00
7.140073333333333015e+09,8.348204820115512348e-02,-7.946027602111996657e+00
7.140136666666666985e+09,3.119117133013737941e-02,-8.022183054837471516e+00
7.140200000000000000e+09,-5.247643608150553973e-04,-8.077763566382547111e+00
7.140263333333333015e+09,6.222341709256973274e-02,-8.038879960783281931e+00
7.140326666666666985e+09,1.991381014007878036e-01,-7.925829852329187020e+00
7.140390000000000000e+09,1.507353933488859710e-01,-7.998097136235212012e+00
7.140453333333333015e+09,5.862265070636141218e-03,-8.166834840367585002e+00
7.140516666666666985e+09,-3.714696307230980210e-04,-8.196933150923067402e+00
7.140580000000000000e+09,1.242453234274343288e-01,-8.096180933719033135e+00
7.140643333333333015e+09,5.172740378118412252e-02,-8.192563429219402948e+00
7.140706666666666985e+09,7.926325840892900487e-02,-8.188892150446115181e+00
7.140770000000000000e+09,7.120227314347893355e-02,-8.220817711565354458e+00
7.140833333333333015e+09,9.972042269011893723e-02,-8.216164137872837614e+00
7.140896666666666985e+09,-2.038921582414765510e-02,-8.360138352241561321e+00
7.140960000000000000e+09,1.553564786045669166e-02,-8.348078064410746180e+00
7.141023333333333015e+09,4.241834205200589736e-02,-8.345059946073316581e+00
7.141086666666666985e+09,1.445025234799857117e-02,-8.396892611631781023e+00
7.141150000000000000e+09,1.842804750947735215e-02,-8.416779392324091447e+00
7.141213333333333015e+09,-5.871227946920853924e-03,-8.464943243634612813e+00
7.141276666666666985e+09,8.118152075535078893e-02,-8.401755070786798285e+00
7.141340000000000000e+09,3.059694195003714867e-02,-8.476204225445901130e+00
7.141403333333333015e+09,-5.583684510845898785e-04,-8.531224111701142476e+00
7.141466666666666985e+09,3.888148589240358888e-03,-8.550642170515274643e+00
7.141530000000000000e+09,1.473746800209241314e-02,-8.563657426956545748e+00
7.141593333333333015e+09,6.727935860556932823e-02,-8.534980112206858038e+00
7.141656666666666985e+09,6.024936134888747574e-02,-8.565874685317997006e+00
7.141720000000000000e+09,4.814721618254758084e-02,-8.601841406338460061e+00
7.141783333333333015e+09,3.112998132892386138e-02,-8.642723217045869433e+00
7.141846666666666985e+09,1.060071806164728514e-01,-8.591710593612777558e+00
7.141910000000000000e+09,5.607518142900502767e-03,-8.715974831940473067e+00
7.141973333333333015e+09,4.047937413990787547e-02,-8.704967551797254899e+00
7.142036666666666985e+09,3.611366724633491287e-02,-8.733197834545284977e+00
7.142100000000000000e+09,4.336280721230423296e-02,-8.749813270433438817e+00
7.142163333333333015e+09,2.569774559785109602e-02,-8.791342907902015114e+00
7.142226666666666985e+09,2.341709747284426157e-03,-8.838563519606701391e+00
7.142290000000000000e+09,9.726394152722761532e-02,-8.767505863680881362e+00
7.142353333333333015e+09,-6.218541942441646597e-03,-8.894852923004673784e+00
7.142416666666666985e+09,-3.851969930144427678e-02,-8.951018656217799574e+00
7.142480000000000000e+09,1.968640444497005149e-02,-8.916677128325508406e+00
7.142543333333333015e+09,4.761115613751520925e-02,-8.912616952487086408e+00
7.142606666666666985e+09,-5.706594616963478472e-02,-9.041158630648356009e+00
7.142670000000000000e+09,7.968045820988578498e-02,-8.928276802122958600e+00
7.142733333333333015e+09,-2.503470319064859950e-02,-9.056856539377616144e+00
7.142796666666666985e+09,7.549073163166752920e-02,-8.980195680409757131e+00
7.142860000000000000e+09,1.386149311416176033e-01,-8.940936056753596262e+00
7.142923333333333015e+09,-1.169570313065193545e-03,-9.104585134062402219e+00
7.142986666666666985e+09,3.109967837378846411e-02,-9.096180461230005676e+00
7.143050000000000000e+09,3.609957309633848865e-02,-9.115045142361241304e+00
7.143113333333333015e+09,1.152538353974339458e-01,-9.059755455914269007e+00
7.143176666666666985e+09,4.420720601243388614e-02,-9.154666661153726182e+00
7.143240000000000000e+09,-7.527000827177765530e-02,-9.298008451291726928e+00
7.143303333333333015e+09,6.293053409518911678e-02,-9.183672484778883316e+00
7.143366666666666985e+09,3.327742945883116477e-02,-9.237190165269698383e+00
7.143430000000000000e+09,1.630569868531317468e-02,-9.278026471897339533e+00
7.143493333333333015e+09,6.537612133088899213e-03,-9.311659134303349461e+00
7.143556666666666985e+09,-8.671349625538837813e-03,-9.350732671916434313e+00
7.143620000000000000e+09,6.332522508822613361e-02,-9.302600673056792502e+00
7.143683333333333015e+09,4.590068192960927718e-03,-9.385200405805846913e+00
7.143746666666666985e+09,1.456401634863127015e-01,-9.268014886366952254e+00
7.143810000000000000e+09,1.543657639117057556e-02,-9.422083049316217540e+00
7.143873333333333015e+09,-1.184651415516135842e-02,-9.473230715716335126e+00
7.143936666666666985e+09,2.936557217550905818e-02,-9.455883205240121825e+00
7.144000000000000000e+09,-3.138877839881715204e-02,-9.540502131668571195e+00
7.144063333333333015e+09,5.598914566013846184e-02,-9.476988783463738741e+00
7.144126666666666985e+09,-2.254420176223526084e-02,-9.579386706740235624e+00
7.144190000000000000e+09,9.208650482293023742e-03,-9.571498430349830500e+00
7.144253333333333015e+09,-7.713870199682304474e-02,-9.681710358683066175e+00
7.144316666666666985e+09,1.185559698025251407e-01,-9.509880262737841150e+00
7.144380000000000000e+09,5.080596186858521435e-02,-9.601494846525904237e+00
7.144443333333333015e+09,1.095491237767785009e-01,-9.566616260471834110e+00
7.144506666666666985e+09,1.822603705110381611e-02,-9.681803923051631955e+00
7.144570000000000000e+09,3.252790333286270652e-02,-9.691366632623996225e+00
7.144633333333333015e+09,3.901304675217076579e-02,-9.708746065058807773e+00
7.144696666666666985e+09,7.251003278981293931e-02,-9.699113654875622714e+00
7.144760000000000000e+09,-3.731976185122931611e-02,-9.832808025370454175e+00
7.144823333333333015e+09,-7.611886031413028775e-02,-9.895471699687478306e+00
7.144886666666666985e+09,5.444570198923770477e-02,-9.788771713238567429e+00
7.144950000000000000e+09,6.298324488273543409e-02,-9.804098746198858905e+00
7.145013333333333015e+09,5.529793342038047399e-02,-9.835648633515333472e+00
7.145076666666666985e+09,-1.280117979621380186e-01,-1.004282294075230908e+01
7.145140000000000000e+09,-4.173198763289143187e-02,-9.980407706276851698e+00
7.145203333333333015e+09,9.578617835843772355e-02,-9.866754116139645703e+00
7.145266666666666985e+09,9.652560522627950945e-02,-9.889879265126261032e+00
7.145330000000000000e+09,-7.026091806002021656e-02,-1.008053036426668392e+01
7.145393333333333015e+09,2.915739822718776963e-02,-1.000497662383326158e+01
7.145456666666666985e+09,-1.118238992716058533e-02,-1.006918098784206705e+01
7.145520000000000000e+09,-5.402182662308518957e-02,-1.013588500039211482e+01
7.145583333333333015e+09,2.777733241727275981e-02,-1.007795041720554607e+01
7.145646666666666985e+09,7.549800044930243814e-02,-1.005409432502797351e+01
7.145710000000000000e+09,-4.398674389738488344e-02,-1.019744364522878399e+01
7.145773333333333015e+09,1.165417263839074735e-02,-1.016566730454679401e+01
7.145836666666666985e+09,3.865963628790325401e-03,-1.019732008941085155e+01
7.145900000000000000e+09,6.234491865995295257e-02,-1.016270571023381208e+01
7.145963333333333015e+09,1.254148036520419396e-02,-1.023637372438268400e+01
7.146026666666666985e+09,-2.684668758439201497e-03,-1.027546444936045056e+01
7.146090000000000000e+09,-2.302958139068778110e-02,-1.031967393784682230e+01
7.146153333333333015e+09,3.504195431776224723e-02,-1.028546697799249543e+01
7.146216666666666985e+09,9.025158267522570554e-02,-1.025412192548915158e+01
7.146280000000000000e+09,1.277041706366333074e-03,-1.036696104231213411e+01
7.146343333333333015e+09,4.665313100244361522e-02,-1.034544952887017999e+01
7.146406666666666985e+09,-2.467983926091932290e-02,-1.044064707498766609e+01
7.146470000000000000e+09,-6.979493905497236028e-03,-1.044681130548636716e+01
7.146533333333333015e+09,-5.824065287888835485e-02,-1.052193704031388144e+01
7.146596666666666985e+09,-5.952800708175232103e-02,-1.054708897037120252e+01
7.146660000000000000e+09,1.896915498587681270e-02,-1.049245638415735904e+01
7.146723333333333015e+09,-3.095267893616338029e-02,-1.056624279393352239e+01
7.146786666666666985e+09,6.738223470985715835e-02,-1.049177245614195897e+01
7.146850000000000000e+09,-3.534760420232174738e-02,-1.061836687090792708e+01
7.146913333333333015e+09,-3.072765124427689898e-02,-1.063761149380400539e+01
7.146976666666666985e+09,-5.433391637904172455e-02,-1.068508233479322733e+01
7.147040000000000000e+09,-3.954453775903132851e-02,-1.069415753202700259e+01
7.147103333333333015e+09,8.771999187838908085e-02,-1.059075757824370534e+01
7.147166666666666985e+09,3.874182919640389855e-02,-1.066360031678014764e+01
7.147230000000000000e+09,-5.647095844349081517e-03,-1.073185381767502378e+01
7.147293333333333015e+09,-5.952353777213659214e-02,-1.080959483545660049e+01
7.147356666666666985e+09,2.344288223192236842e-02,-1.075049299130699865e+01
7.147420000000000000e+09,7.882128425556800266e-03,-1.078991832096748382e+01
7.147483333333333015e+09,-2.102023020899679295e-02,-1.084268525545582662e+01
7.147546666666666985e+09,-1.165661463964582367e-01,-1.096209574749774518e+01
7.147610000000000000e+09,-4.665852701982409201e-02,-1.091605270397523419e+01
7.147673333333333015e+09,1.102018235724777639e-02,-1.088223857045195153e+01
7.147736666666666985e+09,-6.953136039910923216e-02,-1.098665468906276566e+01
7.147800000000000000e+09,-8.424822078920435331e-02,-1.102523612530698038e+01
7.147863333333333015e+09,-1.365598774634158019e-02,-1.097850846811824077e+01
7.147926666666666985e+09,-5.565166366832663414e-02,-1.104436871989434898e+01
7.147990000000000000e+09,-8.297281168874270918e-02,-1.109555444376888822e+01
7.148053333333333015e+09,-8.631965617431802684e-02,-1.112276586410858670e+01
7.148116666666666985e+09,-1.012150318108222535e-01,-1.116152581559921408e+01
7.148180000000000000e+09,-1.815834189511953412e-01,-1.126575877859370678e+01
7.148243333333333015e+09,-1.631626545870634715e-01,-1.127120259008369807e+01
7.148306666666666985e+09,-1.073518530676462746e-01,-1.123925636441840403e+01
7.148370000000000000e+09,-7.801963156440905323e-02,-1.123378871876928997e+01
7.148433333333333015e+09,-9.469580020259016351e-02,-1.127432946326159424e+01
7.148496666666666985e+09,-2.200838086671907945e-01,-1.142358204758065199e+01
7.148560000000000000e+09,-1.850114489845271493e-01,-1.141237426375177400e+01
7.148623333333333015e+09,-7.615428502942300781e-02,-1.132738167565079301e+01
7.148686666666666985e+09,-1.907295516472018448e-01,-1.146582151812302897e+01
7.148750000000000000e+09,-1.221923243163924866e-01,-1.142114886664600881e+01
7.148813333333333015e+09,5.701139367833363281e-02,-1.126580972450540585e+01
7.148876666666666985e+09,3.407865839857997514e-01,-1.100589911005239685e+01
7.148940000000000000e+09,1.877054082929099366e-01,-1.118284486159907232e+01
7.149003333333333015e+09,3.068121052052337205e-01,-1.108760274054087169e+01
7.149066666666666985e+09,2.189077927616196462e-01,-1.119937162883894288e+01
7.149130000000000000e+09,2.039287425224447503e-01,-1.123821525493224094e+01
7.149193333333333015e+09,1.668769470658162390e-01,-1.129913162624265865e+01
7.149256666666666985e+09,8.864134856735006451e-02,-1.140123180059558194e+01
7.149320000000000000e+09,2.449234714073877939e-01,-1.126881425360966738e+01
7.149383333333333015e+09,1.121273738056327574e-01,-1.142547492706520806e+01
7.149446666666666985e+09,2.946431589868225842e-02,-1.153200256082661568e+01
7.149510000000000000e+09,5.100756974653108955e-02,-1.153432388283289001e+01
7.149573333333333015e+09,9.026434117852666361e-02,-1.151893168725468364e+01
7.149636666666666985e+09,7.742757524701282534e-02,-1.155563302904065459e+01
7.149700000000000000e+09,4.197996641646639659e-02,-1.161494521372532418e+01
7.149763333333333015e+09,5.695673687399427365e-02,-1.162383301912158196e+01
7.149826666666666985e+09,9.788346056842556209e-02,-1.160677087128160778e+01
7.149890000000000000e+09,6.544437055936924708e-02,-1.166307453714478726e+01
7.149953333333333015e+09,1.074901196477338061e-01,-1.164489336391054586e+01
7.150016666666666985e+09,-2.859183386109087621e-02,-1.180483989327349370e+01
7.150080000000000000e+09,1.301494689533733151e-02,-1.178709768837118865e+01
7.150143333333333015e+09,1.542605974491273457e-02,-1.180855115137573286e+01
7.150206666666666985e+09,2.201055939685581109e-02,-1.182583122757791294e+01
7.150270000000000000e+09,1.300359493362908125e-01,-1.174167041349260110e+01
7.150333333333333015e+09,1.187538754449448675e-01,-1.177681706323807020e+01
7.150396666666666985e+09,1.747594387159292495e-01,-1.174467607582154294e+01
7.150460000000000000e+09,1.358252421498811202e-01,-1.180747484824138027e+01
7.150523333333333015e+09,4.563324200826990307e-02,-1.192153142423711110e+01
7.150586666666666985e+09,8.677618599856806725e-02,-1.190425305610127360e+01
7.150650000000000000e+09,1.022254836505727127e-01,-1.191266833430305461e+01
7.150713333333333015e+09,9.991735758756803421e-02,-1.193884103622018245e+01
7.150776666666666985e+09,2.276948815238277746e-02,-1.203985348150982482e+01
7.150840000000000000e+09,1.025474390150193926e-02,-1.207623280161449486e+01
7.150903333333333015e+09,5.054822595012176123e-02,-1.205980389541999465e+01
7.150966666666666985e+09,4.390927422486790022e-02,-1.209030742299970917e+01
7.151030000000000000e+09,7.553453719022584778e-02,-1.208254673588847083e+01
7.151093333333333015e+09,2.836487932079556629e-02,-1.215358096961169032e+01
7.151156666666666985e+09,8.324235698118620519e-02,-1.212256806780575680e+01
7.151220000000000000e+09,6.279320011930877854e-02,-1.216688180052175738e+01
7.151283333333333015e+09,-3.065286689666812947e-02,-1.228419244339151994e+01
7.151346666666666985e+09,5.488314234120394985e-02,-1.222252101000810853e+01
7.151410000000000000e+09,2.114949520299376218e-01,-1.208977377617349447e+01
7.151473333333333015e+09,-4.527059960723178733e-02,-1.237040390366445308e+01
7.151536666666666985e+09,1.005583258241138367e-02,-1.233894204732926703e+01
7.151600000000000000e+09,1.394020228438961340e-01,-1.223346043292190544e+01
7.151663333333333015e+09,2.919798487613078919e-02,-1.236752904674345999e+01
7.151726666666666985e+09,5.846100004976761966e-03,-1.241474550746907113e+01
7.151790000000000000e+09,9.504802602366879682e-02,-1.234940815730449870e+01
7.151853333333333015e+09,4.055155384708797328e-02,-1.242776920533520268e+01
7.151916666666666985e+09,-1.472160236725272853e-02,-1.250690693740366655e+01
7.151980000000000000e+09,7.165375245907767976e-02,-1.244439615843145930e+01
7.152043333333333015e+09,8.645395950676437735e-02,-1.245346052723789576e+01
7.152106666666666985e+09,3.971323152687489255e-02,-1.252406583107190841e+01
7.152170000000000000e+09,1.245827872075988552e-01,-1.246306085124530405e+01
7.152233333333333015e+09,2.300594588825788378e-02,-1.258850226841876818e+01
7.152296666666666985e+09,-3.403503532995344472e-03,-1.263877629369447853e+01
7.152360000000000000e+09,2.081987491354375663e-02,-1.263841749110172863e+01
7.152423333333333015e+09,-1.435249136122251912e-03,-1.268453719100551780e+01
7.152486666666666985e+09,5.868265557073826244e-02,-1.264828386215311440e+01
7.152550000000000000e+09,-8.653250033948012288e-03,-1.273948434361158633e+01
7.152613333333333015e+09,-3.207641673623129464e-02,-1.278677208616799277e+01
7.152676666666666985e+09,5.918222812421447543e-02,-1.271937801716200411e+01
7.152740000000000000e+09,2.849431025469328915e-02,-1.277393051088531450e+01
7.152803333333333015e+09,8.075050190271682027e-02,-1.274553889509141413e+01
7.152866666666666985e+09,9.512379014220684326e-02,-1.275503018270638123e+01
7.152930000000000000e+09,8.055716093677212086e-02,-1.279346138776560160e+01
7.152993333333333015e+09,8.458886836768719775e-02,-1.281329425618880968e+01
7.153056666666666985e+09,-4.700617205844537239e-02,-1.296875387246939937e+01
7.153120000000000000e+09,6.128190016402967899e-02,-1.288433037610104748e+01
7.153183333333333015e+09,7.340197114951330093e-02,-1.289607488096935306e+01
7.153246666666666985e+09,8.671223069538491757e-02,-1.290662919727793856e+01
7.153310000000000000e+09,1.117568609670982482e-02,-1.300603031773073681e+01
7.153373333333333015e+09,5.289174679995412021e-02,-1.298817883288127817e+01
7.153436666666666985e+09,1.841500668933804263e-02,-1.304652014884635136e+01
7.153500000000000000e+09,1.303002076832875389e-01,-1.295849952370652503e+01
7.153563333333333015e+09,9.690858680621516896e-02,-1.301575572043738660e+01
7.153626666666666985e+09,4.021140805401124396e-02,-1.309631747504404764e+01
7.153690000000000000e+09,-5.622927083479467569e-02,-1.321662272978697672e+01
7.153753333333333015e+09,5.847637079622103329e-03,-1.317841039772667955e+01
7.153816666666666985e+09,1.393284193390798009e-03,-1.320672932646703401e+01
7.153880000000000000e+09,4.684316395769982933e-02,-1.318514402255684814e+01
7.153943333333333015e+09,-2.516998071717146956e-02,-1.328102174308584260e+01
7.154006666666666985e+09,3.260413437046949525e-02,-1.324711220385232480e+01
7.154070000000000000e+09,8.617994623033276014e-02,-1.321740096784658469e+01
7.154133333333333015e+09,7.316728824002183273e-02,-1.325427820169101523e+01
7.154196666666666985e+09,-3.067445961664105880e-02,-1.338198452540213523e+01
7.154260000000000000e+09,1.219214130193115864e-01,-1.325325322861997179e+01
7.154323333333333015e+09,-1.348349010501692646e-02,-1.341252270759842347e+01
7.154386666666666985e+09,5.804495259287101305e-02,-1.336485884075499264e+01
7.154450000000000000e+09,1.054009269312938812e-01,-1.334136744227035898e+01
7.154513333333333015e+09,3.607377584516768820e-02,-1.343455916921060478e+01
7.154576666666666985e+09,-6.659121050890526305e-02,-1.356108873141913485e+01
7.154640000000000000e+09,2.299863595208506695e-03,-1.351606223316881028e+01
7.154703333333333015e+09,3.477603179045019033e-02,-1.350745064082769176e+01
7.154766666666666985e+09,1.008200906495915206e-02,-1.355600923940763991e+01
7.154830000000000000e+09,1.104914122498641404e-01,-1.347946441207652413e+01
7.154893333333333015e+09,1.200857866118809625e-02,-1.360181182151931978e+01
7.154956666666666985e+09,5.053702763997591774e-02,-1.358714794839498907e+01
7.155020000000000000e+09,-2.114661184542754313e-02,-1.368269616373451569e+01
7.155083333333333015e+09,9.200989114782842648e-03,-1.367621313862809451e+01
7.155146666666666985e+09,-7.180345950249744646e-03,-1.371645904954758421e+01
7.155210000000000000e+09,4.534005831907350625e-02,-1.368780322113238412e+01
7.155273333333333015e+09,-5.394771023565958501e-02,-1.381095556554090287e+01
7.155336666666666985e+09,3.395434811462116897e-02,-1.374691808304507923e+01
7.155400000000000000e+09,-4.970081765756972914e-03,-1.380970708877958053e+01
7.155463333333333015e+09,-4.991253257899685991e-02,-1.387851411544660962e+01
7.155526666666666985e+09,8.475840886907803906e-02,-1.376770774985299184e+01
7.155590000000000000e+09,7.177317163364271835e-02,-1.380455756294255032e+01
7.155653333333333015e+09,-7.537822267218174943e-02,-1.397557353310249795e+01
7.155716666666666985e+09,7.306956557249222328e-03,-1.391675292972718658e+01
7.155780000000000000e+09,6.379985357866857498e-02,-1.388412460855989039e+01
7.155843333333333015e+09,2.479400229162997960e-02,-1.394699503570105215e+01
7.155906666666666985e+09,-2.825565434721966085e-02,-1.402390926819402495e+01
7.155970000000000000e+09,-1.602247624514063773e-02,-1.403554066594606908e+01
7.156033333333333015e+09,2.909414089636008782e-02,-1.401428862465869152e+01
7.156096666666666985e+09,3.225169670111860398e-02,-1.403499564470805261e+01
7.156160000000000000e+09,-5.460499291667986199e-02,-1.414571691017997424e+01
7.156223333333333015e+09,1.074946683655042534e-02,-1.410422702628086711e+01
7.156286666666666985e+09,1.182803783031545208e-01,-1.402056069066872013e+01
7.156350000000000000e+09,5.382400221095551274e-02,-1.410888164261470834e+01
7.156413333333333015e+09,-2.417977878556598625e-02,-1.421074999946535300e+01
7.156476666666666985e+09,3.163291743584650817e-02,-1.417880187909839762e+01
7.156540000000000000e+09,4.000588930493798046e-02,-1.419429348308309180e+01
7.156603333333333015e+09,-1.643023695219625324e-03,-1.425980697193737257e+01
7.156666666666666985e+09,-2.064041664590199332e-02,-1.430266894074251205e+01
7.156730000000000000e+09,7.014520736137086487e-02,-1.423574789258902840e+01
7.156793333333333015e+09,1.055429280380746349e-01,-1.422421474776644779e+01
7.156856666666666985e+09,1.025477377928893929e-01,-1.425107451386609014e+01
7.156920000000000000e+09,8.236612277368848822e-02,-1.429512070473941066e+01
7.156983333333333015e+09,1.067172196280097296e-02,-1.439067968140408738e+01
7.157046666666666985e+09,-8.546774625457942420e-03,-1.443376275384680341e+01
7.157110000000000000e+09,8.986400732061028407e-03,-1.444009415434340760e+01
7.157173333333333015e+09,-3.098691063134140222e-02,-1.450393204156059923e+01
7.157236666666666985e+09,-4.523243130583942673e-02,-1.454204213808955437e+01
7.157300000000000000e+09,-2.145654320745293830e-02,-1.454213082584528749e+01
7.157363333333333015e+09,3.265548132102757961e-02,-1.451188337717059618e+01
7.157426666666666985e+09,5.866397155471148039e-02,-1.450973946279136939e+01
7.157490000000000000e+09,1.173188517911682993e-01,-1.447494915840903573e+01
7.157553333333333015e+09,-7.913637915315696603e-02,-1.469526896520748416e+01
7.157616666666666985e+09,7.431026197737544692e-02,-1.456568689993107490e+01
7.157680000000000000e+09,8.641406008019103524e-03,-1.465522033175455086e+01
7.157743333333333015e+09,-1.849674126361833260e-02,-1.470622305488031145e+01
7.157806666666666985e+09,-5.678108948317550642e-02,-1.476837197895399179e+01
7.157870000000000000e+09,4.383030533804266327e-02,-1.469162515998689678e+01
7.157933333333333015e+09,-2.582286427651503402e-02,-1.478514290545557763e+01
7.157996666666666985e+09,2.194505330509599617e-02,-1.476123956372808976e+01
7.158060000000000000e+09,1.095133589145049768e-01,-1.469753583397280394e+01
7.158123333333333015e+09,-3.978833706488060784e-02,-1.487070210580630913e+01
7.158186666666666985e+09,-3.225321958866622651e-02,-1.488703156418455187e+01
7.158250000000000000e+09,1.902712301040310194e-02,-1.485961579743927174e+01
7.158313333333333015e+09,5.571674763362288729e-02,-1.484679074867017512e+01
7.158376666666666985e+09,-3.807561198453868201e-02,-1.496444768414279380e+01
7.158440000000000000e+09,3.998704399607255766e-02,-1.491024960401597177e+01
7.158503333333333015e+09,5.491871575690510099e-02,-1.491918250810925883e+01
7.158566666666666985e+09,8.904521970262280206e-02,-1.490892058001799825e+01
7.158630000000000000e+09,3.831151417739420140e-02,-1.498351886139701605e+01
7.158693333333333015e+09,1.209200707927848839e-02,-1.503360294434925493e+01
7.158756666666666985e+09,2.637728707375686099e-02,-1.504318224020923367e+01
7.158820000000000000e+09,1.844325512656119770e-02,-1.507498084801055249e+01
7.158883333333333015e+09,-6.507850484130628388e-02,-1.518236718383220563e+01
7.158946666666666985e+09,4.365584160817448378e-03,-1.513678767068453901e+01
7.159010000000000000e+09,5.047966517333790648e-02,-1.511453816552614171e+01
7.159073333333333015e+09,1.181749508195188980e-01,-1.507070745573374992e+01
7.159136666666666985e+09,7.088998005587576756e-02,-1.514185700235185017e+01
7.159200000000000000e+09,5.992089178937831662e-02,-1.517669066647247078e+01
7.159263333333333015e+09,-2.418784824634023778e-02,-1.528466398236197499e+01
7.159326666666666985e+09,-3.619205969190986139e-02,-1.532053276966200173e+01
7.159390000000000000e+09,4.063859712767126098e-03,-1.530414142611144790e+01
7.159453333333333015e+09,5.671321484116731426e-02,-1.527535664683717087e+01
7.159516666666666985e+09,4.734031357260626294e-02,-1.530859412395985508e+01
7.159580000000000000e+09,8.514301441587335262e-02,-1.529465599897071115e+01
7.159643333333333015e+09,-1.143747103034797874e-02,-1.541510106027105564e+01
7.159706666666666985e+09,1.145860672531178182e-01,-1.531294209784170945e+01
7.159770000000000000e+09,-1.953441019083967944e-02,-1.547092715113979011e+01
7.159833333333333015e+09,-9.010195221001993104e-04,-1.547615833632517379e+01
7.159896666666666985e+09,1.144639321581202296e-01,-1.538465796049907652e+01
7.159960000000000000e+09,6.507291451219288092e-02,-1.545791355399912703e+01
7.160023333333333015e+09,4.823005958146175942e-02,-1.549862098478398131e+01
7.160086666666666985e+09,8.090073230736116727e-02,-1.548981488791253902e+01
7.160150000000000000e+09,3.702673677413415021e-02,-1.555755345929955169e+01
7.160213333333333015e+09,1.530858941164225939e-02,-1.560313618251616674e+01
7.160276666666666985e+09,3.950796551152180314e-02,-1.560280138227074431e+01
7.160340000000000000e+09,6.908559612072373568e-02,-1.559708832751533159e+01
7.160403333333333015e+09,4.047502508064404481e-02,-1.564956347440953444e+01
7.160466666666666985e+09,-1.194123420700066163e-02,-1.572584430955163626e+01
7.160530000000000000e+09,7.942815948837100848e-02,-1.565833949171005024e+01
7.160593333333333015e+09,-1.596595274449441604e-02,-1.577759817979703882e+01
7.160656666666666985e+09,-1.018463369745727931e-01,-1.588734313988157432e+01
7.160720000000000000e+09,-2.126570839797814472e-02,-1.583062708715910283e+01
7.160783333333333015e+09,2.710457875938843131e-02,-1.580612137585552546e+01
7.160846666666666985e+09,9.394279579959707860e-02,-1.576314773466977393e+01
7.160910000000000000e+09,-4.796643466498728969e-02,-1.592892154098847790e+01
7.160973333333333015e+09,3.065576224975963271e-02,-1.587416391992752018e+01
7.161036666666666985e+09,6.903171623433657089e-02,-1.585965254179740036e+01
7.161100000000000000e+09,2.726626553320521396e-02,-1.592528256835265488e+01
7.161163333333333015e+09,8.144310282093591979e-02,-1.589497030691871338e+01
7.161226666666666985e+09,-1.092580947974752803e-02,-1.601120379507385394e+01
7.161290000000000000e+09,-1.846390497945904485e-02,-1.604260646642768506e+01
7.161353333333333015e+09,4.395480941781215733e-02,-1.600405232788420307e+01
7.161416666666666985e+09,-1.092972177098765485e-01,-1.618116893086634889e+01
7.161480000000000000e+09,1.487832489930696056e-02,-1.608085796411128854e+01
7.161543333333333015e+09,8.688226786098951493e-02,-1.603271859700372914e+01
7.161606666666666985e+09,1.084287108602310923e-02,-1.613262256963281871e+01
7.161670000000000000e+09,2.465948021390573786e-02,-1.614267053635905569e+01
7.161733333333333015e+09,1.003595675682795729e-01,-1.609083502485880501e+01
7.161796666666666985e+09,6.083739648969554992e-02,-1.615422177179151220e+01
7.161860000000000000e+09,6.420332586619181825e-02,-1.617472041826913909e+01
7.161923333333333015e+09,-6.875603921856310308e-02,-1.633154435920801717e+01
7.161986666666666985e+09,-1.894390727463601820e-02,-1.630559680311854720e+01
7.162050000000000000e+09,5.685495085843683682e-02,-1.625366252083926000e+01
7.162113333333333015e+09,-3.056293965020273617e-03,-1.633743834151684027e+01
7.162176666666666985e+09,3.396868713517875449e-02,-1.632427793627109835e+01
7.162240000000000000e+09,2.984849697993041673e-02,-1.635226270228013590e+01
7.162303333333333015e+09,5.712158965219060747e-02,-1.634885418546199887e+01
7.162366666666666985e+09,6.796381784116078961e-02,-1.636187653312748580e+01
7.162430000000000000e+09,-4.636122373661066831e-03,-1.645834104919609331e+01
7.162493333333333015e+09,-5.348666231956755723e-02,-1.653105616499612296e+01
7.162556666666666985e+09,-5.590554171134698436e-02,-1.655733962024235950e+01
7.162620000000000000e+09,2.775322294349180652e-02,-1.649754543144164387e+01
7.162683333333333015e+09,1.576331511744655245e-02,-1.653339991512147833e+01
7.162746666666666985e+09,7.704690046775652945e-03,-1.656532311604660634e+01
7.162810000000000000e+09,6.159443413001852718e-02,-1.653529794781748663e+01
7.162873333333333015e+09,-1.366969473913570710e-03,-1.662212392727520438e+01
7.162936666666666985e+09,7.247440920581738055e-02,-1.657214712444993054e+01
7.163000000000000000e+09,7.059109447222766676e-03,-1.666142700006264832e+01
7.163063333333333015e+09,-2.006967482602206587e-02,-1.671242036018968236e+01
7.163126666666666985e+09,-1.579633648008282876e-02,-1.673201159769820023e+01
7.163190000000000000e+09,-1.061350668989291535e-02,-1.675069334376213348e+01
7.163253333333333015e+09,-6.040003872154642295e-02,-1.682434445164757264e+01
7.163316666666666985e+09,5.373387034374843552e-02,-1.673407511843673490e+01
7.163380000000000000e+09,2.347968793763044459e-02,-1.678819387669697605e+01
7.163443333333333015e+09,5.570496928380563872e-02,-1.677983317120492401e+01
7.163506666666666985e+09,-1.585587659054255028e-02,-1.687525859293339536e+01
7.163570000000000000e+09,-4.315386148348920869e-02,-1.692642115368046518e+01
7.163633333333333015e+09,-3.892345746277570129e-02,-1.694605532551387128e+01
7.163696666666666985e+09,1.320896358046752539e-02,-1.691778748032475121e+01
7.163760000000000000e+09,7.650661806961878142e-02,-1.687835440168972312e+01
7.163823333333333015e+09,-7.391266941619178965e-02,-1.705263826502965685e+01
7.163886666666666985e+09,2.751907153315613641e-02,-1.697507109993476604e+01
7.163950000000000000e+09,-9.452960212467331758e-03,-1.703590770753417871e+01
7.164013333333333015e+09,-4.589570979314316901e-02,-1.709621503296897416e+01
7.164076666666666985e+09,-3.993319038135467736e-02,-1.711411708941164278e+01
7.164140000000000000e+09,5.322339813575283074e-02,-1.704482507674832448e+01
7.164203333333333015e+09,-6.806760765787345235e-02,-1.718998065839607392e+01
7.164266666666666985e+09,4.750705902208096632e-02,-1.709827056757057662e+01
7.164330000000000000e+09,-3.364702811675002181e-02,-1.720328923056319681e+01
7.164393333333333015e+09,-1.185728315953582523e-01,-1.731207960989592465e+01
7.164456666666666985e+09,3.082509391468590820e-03,-1.721428884476355492e+01
7.164520000000000000e+09,-3.312717180037338949e-03,-1.724454864718918401e+01
7.164583333333333015e+09,-1.398801820376718297e-01,-1.740498068790060771e+01
7.164646666666666985e+09,-5.505855931820846649e-02,-1.734402364103560146e+01
7.164710000000000000e+09,7.396223742416552227e-02,-1.723886742014735063e+01
7.164773333333333015e+09,4.198759613128899559e-02,-1.729470663729401281e+01
7.164836666666666985e+09,4.176016152717210161e-02,-1.731879864775259037e+01
7.164900000000000000e+09,-3.321873133926445121e-02,-1.741764211647314653e+01
7.164963333333333015e+09,-4.949315956853794773e-02,-1.745778112055620923e+01
7.165026666666666985e+09,3.644814804987106527e-02,-1.739570438879225733e+01
7.165090000000000000e+09,-1.101936469794750906e-02,-1.746703647739419907e+01
7.165153333333333015e+09,-5.120765215434985862e-02,-1.753108934070438707e+01
7.165216666666666985e+09,1.254181606446280739e-02,-1.749120444834003507e+01
7.165280000000000000e+09,-1.462275204364260617e-03,-1.752907311546298175e+01
7.165343333333333015e+09,-4.979321738139930176e-02,-1.760126863349413995e+01
7.165406666666666985e+09,-9.544314248053353822e-04,-1.757629442339166914e+01
7.165470000000000000e+09,1.310778215904306876e-02,-1.758609678566194390e+01
7.165533333333333015e+09,-4.702502500013494569e-02,-1.767009416867524507e+01
7.165596666666666985e+09,-4.971470758287210856e-02,-1.769664842711210540e+01
7.165660000000000000e+09,2.298369705285452369e-02,-1.764781459833049837e+01
7.165723333333333015e+09,2.933275546446978410e-02,-1.766533011577300627e+01
7.165786666666666985e+09,4.508349092027685856e-03,-1.771401909799990548e+01
7.165850000000000000e+09,-3.023432376390644549e-02,-1.777262634670962882e+01
7.165913333333333015e+09,5.280047117137343093e-02,-1.771345612762847210e+01
7.165976666666666985e+09,4.075248557669297611e-02,-1.774936868907760967e+01
7.166040000000000000e+09,-4.854545855047476266e-02,-1.786253120905856306e+01
7.166103333333333015e+09,-2.977548328253121213e-02,-1.786762580964474267e+01
7.166166666666666985e+09,2.911984295623071262e-02,-1.783259505926043786e+01
7.166230000000000000e+09,4.962184363446198176e-02,-1.783595763443599580e+01
7.166293333333333015e+09,5.846885551472169595e-02,-1.785097519840985925e+01
7.166356666666666985e+09,2.600431953419857223e-02,-1.790730431024483948e+01
7.166420000000000000e+09,-4.615955502683632972e-02,-1.800333276065966004e+01
7.166483333333333015e+09,7.022661716678868515e-03,-1.797401511977026800e+01
7.166546666666666985e+09,-5.924584094854168370e-02,-1.806414819828994567e+01
7.166610000000000000e+09,-2.996559231727857764e-02,-1.805873252551280572e+01
7.166673333333333015e+09,4.867957660077593118e-02,-1.800395193244854042e+01
7.166736666666666985e+09,2.316177572291522324e-02,-1.805333430918085824e+01
7.166800000000000000e+09,-4.537877191781092279e-02,-1.814573943267570755e+01
7.166863333333333015e+09,3.469503826175213135e-02,-1.808953019834993015e+01
7.166926666666666985e+09,3.711019388798320051e-02,-1.811097961857815619e+01
7.166990000000000000e+09,2.196861063344002218e-02,-1.814998577768682253e+01
7.167053333333333015e+09,9.987136798683593497e-02,-1.809594759618721582e+01
7.167116666666666985e+09,3.735777970389619895e-02,-1.818232576032461267e+01
7.167180000000000000e+09,7.161993353329521028e-02,-1.817192818234933682e+01
7.167243333333333015e+09,9.582366481178539175e-02,-1.817158902692496625e+01
7.167306666666666985e+09,7.828948387863832181e-02,-1.821298778371223648e+01
7.167370000000000000e+09,6.051239293672239228e-02,-1.825462945050827557e+01
7.167433333333333015e+09,-5.229804431858653402e-02,-1.839130446361770765e+01
7.167496666666666985e+09,-5.300334619131064073e-02,-1.841587434134455492e+01
7.167560000000000000e+09,1.088507338825941417e-01,-1.827788483712477330e+01
7.167623333333333015e+09,-5.711649400552687439e-02,-1.846771664086701392e+01
7.167686666666666985e+09,-9.028196033941782161e-03,-1.844349291874988594e+01
7.167750000000000000e+09,4.114321764697237427e-02,-1.841718608092276099e+01
7.167813333333333015e+09,1.983562852897691187e-02,-1.846235824589487962e+01
7.167876666666666985e+09,3.164127422093443442e-02,-1.847441717605737921e+01
7.167940000000000000e+09,8.006357005119468795e-02,-1.844985945608090816e+01
7.168003333333333015e+09,-4.492540802582567494e-02,-1.859871301001204813e+01
7.168066666666666985e+09,6.806879394949305606e-02,-1.850958338389118651e+01
7.168130000000000000e+09,-5.078097631035305426e-02,-1.865229773000482183e+01
7.168193333333333015e+09,-5.611586949623159626e-03,-1.863099291649821510e+01
7.168256666666666985e+09,7.229620627656174747e-02,-1.857694969912648730e+01
7.168320000000000000e+09,2.195717173600897354e-02,-1.865115330952082928e+01
7.168383333333333015e+09,-2.456813402600133145e-02,-1.872154319113695919e+01
7.168446666666666985e+09,3.922154018541945675e-02,-1.868161809277999552e+01
7.168510000000000000e+09,-3.678087390820294900e-02,-1.878148508272774109e+01
7.168573333333333015e+09,2.362350764051512897e-02,-1.874494527703281221e+01
7.168636666666666985e+09,7.069456070614421606e-02,-1.872173879982164024e+01
7.168700000000000000e+09,4.379464109211639311e-02,-1.877250329528979123e+01
7.168763333333333015e+09,2.898760857869930874e-02,-1.881117490365699396e+01
7.168826666666666985e+09,-8.645917725170448875e-02,-1.895048626534185487e+01
7.168890000000000000e+09,-1.387572960112848364e-02,-1.890176739354540203e+01
7.168953333333333015e+09,-1.689808096294598272e-03,-1.891344604789435735e+01
7.169016666666666985e+09,-1.159516921912029375e-01,-1.905157250784372280e+01
7.169080000000000000e+09,2.333148642446047916e-03,-1.895715224286419698e+01
7.169143333333333015e+09,-4.368624230040296652e-02,-1.902703620966116915e+01
7.169206666666666985e+09,-6.566203418588401064e-02,-1.907287657740076980e+01
7.169270000000000000e+09,1.301672050838931227e-02,-1.901806239856061964e+01
7.169333333333333015e+09,4.948660984791430906e-02,-1.900545708507521780e+01
7.169396666666666985e+09,-7.209858455493289853e-02,-1.915090685533218817e+01
7.169460000000000000e+09,-3.206220532965531334e-02,-1.913473505196103375e+01
7.169523333333333015e+09,-4.216363165213010689e-02,-1.916870105413763170e+01
7.169586666666666985e+09,1.352010441785367334e-02,-1.913688189392176753e+01
7.169650000000000000e+09,1.703832287261164424e-02,-1.915722825132113272e+01
7.169713333333333015e+09,6.401944862848552020e-02,-1.913411170141938200e+01
7.169776666666666985e+09,-1.205386341514333992e-01,-1.934253436005375804e+01
7.169840000000000000e+09,-8.014375131517326167e-02,-1.932600405307128710e+01
7.169903333333333015e+09,-7.170612586579139247e-02,-1.934143100347602839e+01
7.169966666666666985e+09,-4.466121257003408118e-03,-1.929805557472169752e+01
7.170030000000000000e+09,-1.791381862185659202e-02,-1.933536784794033636e+01
7.170093333333333015e+09,-2.028545854784979952e-02,-1.936160406372045273e+01
7.170156666666666985e+09,2.230427331156548121e-02,-1.934287890771549456e+01
7.170220000000000000e+09,-5.622787651756766536e-02,-1.944527563339841691e+01
7.170283333333333015e+09,-4.947168712777028077e-02,-1.946238401986274269e+01
7.170346666666666985e+09,-2.177353690929351160e-02,-1.945855044549872304e+01
7.170410000000000000e+09,1.134083182514444843e-02,-1.944930065261840468e+01
7.170473333333333015e+09,2.226810937932910406e-02,-1.946223795091800923e+01
7.170536666666666985e+09,-2.047065580313400801e-02,-1.952884129195492946e+01
7.170600000000000000e+09,-7.722541292714524275e-02,-1.960946062493306385e+01
7.170663333333333015e+09,1.530081204884581325e-02,-1.954079897581086200e+01
7.170726666666666985e+09,-6.973840882372073224e-02,-1.964970277253788566e+01
7.170790000000000000e+09,-7.387410333899069315e-02,-1.967770304290727523e+01
7.170853333333333015e+09,-5.414179032712240769e-02,-1.968183530574919615e+01
7.170916666666666985e+09,-1.788242992244093443e-02,-1.966944052119897179e+01
7.170980000000000000e+09,4.921458649483412273e-02,-1.962620808063581990e+01
7.171043333333333015e+09,-8.839938255630386266e-02,-1.978768662554108104e+01
7.171106666666666985e+09,4.360611999930341653e-02,-1.967954569883959692e+01
7.171170000000000000e+09,2.465601647812576402e-02,-1.972236037821489418e+01
7.171233333333333015e+09,6.635475426925552256e-03,-1.976424549512021756e+01
7.171296666666666985e+09,-4.723989545252749167e-02,-1.984198544185379376e+01
7.171360000000000000e+09,1.966832021875219993e-02,-1.979894180203663723e+01
7.171423333333333015e+09,-1.212179138993754179e-01,-1.996369261200888801e+01
7.171486666666666985e+09,-3.285226163575316605e-02,-1.989919153559938891e+01
7.171550000000000000e+09,-3.246774681433706178e-02,-1.992267159663209242e+01
7.171613333333333015e+09,-2.502176348113138715e-02,-1.993909018915300990e+01
7.171676666666666985e+09,-6.718428974836143652e-02,-2.000511729127469707e+01
7.171740000000000000e+09,-6.382069176300575464e-03,-1.996817964655642541e+01
7.171803333333333015e+09,-2.092787364033554809e-02,-2.000659002687458354e+01
7.171866666666666985e+09,-2.550757831264149900e-02,-2.003503430740134661e+01
7.171930000000000000e+09,-3.070504147176578158e-02,-2.006409634641425654e+01
7.171993333333333015e+09,-1.767719101783171709e-02,-2.007493307181444564e+01
7.172056666666666985e+09,-8.651268263183098384e-02,-2.016763313928290202e+01
7.172120000000000000e+09,-3.145204455787364850e-03,-2.010813023696064761e+01
7.172183333333333015e+09,2.691740257879970954e-02,-2.010193220578018369e+01
7.172246666666666985e+09,-3.539849556100094219e-02,-2.018811267977444146e+01
7.172310000000000000e+09,-3.886468920786256831e-02,-2.021544344927542625e+01
7.172373333333333015e+09,-3.933058530370558969e-02,-2.023977392122505492e+01
7.172436666666666985e+09,-4.036451212105163222e-03,-2.022834436298791161e+01
7.172500000000000000e+09,-8.869283693663732038e-02,-2.033686532456656693e+01
7.172563333333333015e+09,-5.103376135804182923e-02,-2.032307082484176064e+01
7.172626666666666985e+09,-4.856086259370329117e-02,-2.034446250193187922e+01
7.172690000000000000e+09,-3.220006917615236830e-02,-2.035196628436845145e+01
7.172753333333333015e+09,4.361736689491024777e-02,-2.030001342415117449e+01
7.172816666666666985e+09,-2.763851177974174789e-02,-2.039513387868028360e+01
7.172880000000000000e+09,-1.627592075037753716e-02,-2.040763586350504255e+01
7.172943333333333015e+09,-1.719179244132718054e-02,-2.043241631105011535e+01
7.173006666666666985e+09,7.127034158377654194e-02,-2.036781875287913479e+01
7.173070000000000000e+09,-3.918132429572906972e-02,-2.050213499461276356e+01
7.173133333333333015e+09,-2.565974393471748272e-02,-2.051247799010587514e+01
7.173196666666666985e+09,6.512181156614360589e-02,-2.044556101045913366e+01
7.173260000000000000e+09,-5.647992485229380577e-02,-2.059102732273169423e+01
7.173323333333333015e+09,6.940647172834601975e-02,-2.048900550200517756e+01
7.173386666666666985e+09,2.581223396660803360e-02,-2.055646431562103871e+01
7.173450000000000000e+09,-1.423135321675665921e-01,-2.074845465760933649e+01
7.173513333333333015e+09,-2.757146793049614075e-02,-2.065757716922638920e+01
7.173576666666666985e+09,1.330967848961606137e-01,-2.052077349225418956e+01
7.173640000000000000e+09,3.139282946946053698e-02,-2.064634202353467529e+01
7.173703333333333015e+09,-8.170336219753338014e-02,-2.078330279105579237e+01
7.173766666666666985e+09,4.153161667549554181e-02,-2.068393238803722056e+01
7.173830000000000000e+09,-2.523509400947432368e-02,-2.077456367457597963e+01
7.173893333333333015e+09,-6.529874249057598945e-02,-2.083849189891120446e+01
7.173956666666666985e+09,-7.082035361477778679e-03,-2.080413976763656336e+01
7.174020000000000000e+09,-4.809125826748328336e-02,-2.086901356639635452e+01
7.174083333333333015e+09,8.397731925590079527e-02,-2.076080956472709360e+01
7.174146666666666985e+09,-7.586196907141129486e-03,-2.087623765674459264e+01
7.174210000000000000e+09,8.034933251682474520e-03,-2.088448110243989220e+01
7.174273333333333015e+09,-5.820481205503114097e-02,-2.097458542360039502e+01
7.174336666666666985e+09,-3.813708446421060216e-02,-2.097838227186403159e+01
7.174400000000000000e+09,4.222052310668189534e-02,-2.092188924014725870e+01
7.174463333333333015e+09,3.339951328982948553e-02,-2.095457482581790032e+01
7.174526666666666985e+09,1.957912575048936787e-02,-2.099225978921169755e+01
7.174590000000000000e+09,-2.698408973430943547e-02,-2.106268758055061951e+01
7.174653333333333015e+09,-8.866300406464588946e-02,-2.114823107073474517e+01
7.174716666666666985e+09,3.301073397086184968e-02,-2.105042190855369455e+01
7.174780000000000000e+09,-8.505557283870857077e-02,-2.119235279121738458e+01
7.174843333333333015e+09,3.261579112664847457e-02,-2.109854600310581674e+01
7.174906666666666985e+09,-6.557676349281393868e-04,-2.115568213772185047e+01
7.174970000000000000e+09,-2.632671128255026360e-02,-2.120521765722359575e+01
7.175033333333333015e+09,1.733140934923582677e-02,-2.118542411244593282e+01
7.175096666666666985e+09,6.125591361539406421e-02,-2.116536418403389774e+01
7.175160000000000000e+09,-8.618753728985240059e-02,-2.133667221079326382e+01
7.175223333333333015e+09,-3.859167931130613738e-02,-2.131294092866884071e+01
7.175286666666666985e+09,6.019249477940391557e-02,-2.123802133043225382e+01
7.175350000000000000e+09,3.075755942381874775e-02,-2.129132084164196215e+01
7.175413333333333015e+09,-3.577896310404682367e-02,-2.138172194002395088e+01
7.175476666666666985e+09,-4.283856554420495399e-02,-2.141264611831856612e+01
7.175540000000000000e+09,-3.873543334620421774e-05,-2.139371086406149303e+01
7.175603333333333015e+09,-7.579046366146258151e-05,-2.141761249494593145e+01
7.175666666666666985e+09,-3.677714149209521111e-02,-2.147817842182882231e+01
7.175730000000000000e+09,5.436297139488033281e-02,-2.141090288479563597e+01
7.175793333333333015e+09,1.269748967664341421e-02,-2.147643294236799605e+01
7.175856666666666985e+09,4.560046794519934110e-03,-2.150843496110457664e+01
7.175920000000000000e+09,-1.316643738062239777e-02,-2.155002602113350463e+01
7.175983333333333015e+09,-9.092142741096154168e-03,-2.156981630234810154e+01
7.176046666666666985e+09,2.072133424849909034e-03,-2.158251660203661260e+01
7.176110000000000000e+09,-3.820968081488018697e-03,-2.161227427939707368e+01
7.176173333333333015e+09,7.142995799792828393e-03,-2.162517489136958204e+01
7.176236666666666985e+09,9.248182082828293460e-03,-2.164693428094100369e+01
7.176300000000000000e+09,-7.212358597405810201e-02,-2.175217062485201325e+01
7.176363333333333015e+09,-2.102595003729490486e-02,-2.172493756476903570e+01
7.176426666666666985e+09,-6.950983042025882241e-02,-2.179728602100645674e+01
7.176490000000000000e+09,-5.788285029641215829e-02,-2.180952361673673323e+01
7.176553333333333015e+09,-7.738670539502123802e-02,-2.185289204768913152e+01
7.176616666666666985e+09,-8.506553658160598275e-02,-2.188443545473017338e+01
7.176680000000000000e+09,-3.930041717941534785e-02,-2.186253491118210590e+01
7.176743333333333015e+09,5.323238553600617706e-05,-2.184704583747094020e+01
7.176806666666666985e+09,4.748926844932555014e-02,-2.182347437726160777e+01
7.176870000000000000e+09,2.002021602557135793e-02,-2.187480800553948512e+01
7.176933333333333015e+09,-1.095060136885450675e-02,-2.192964339878803415e+01
7.176996666666666985e+09,-3.530075251418551829e-02,-2.197785812578748832e+01
7.177060000000000000e+09,1.087555974438103590e-02,-2.195554638938304493e+01
7.177123333333333015e+09,-8.724321947507718278e-03,-2.199901084692905329e+01
7.177186666666666985e+09,-6.714760144598486136e-02,-2.208129870228165359e+01
7.177250000000000000e+09,-6.953732789115107948e-02,-2.210755300458094297e+01
7.177313333333333015e+09,-1.286693403077947551e-01,-2.219054959285170980e+01
7.177376666666666985e+09,4.806241318427950659e-02,-2.203768241521409266e+01
7.177440000000000000e+09,4.494168989745261911e-02,-2.206466771435470875e+01
7.177503333333333015e+09,-9.034014437738591141e-02,-2.222381412448366689e+01
7.177566666666666985e+09,-7.579174029132218493e-03,-2.216491772998987386e+01
7.177630000000000000e+09,-1.175838483107369825e-01,-2.229878698012526428e+01
7.177693333333333015e+09,-6.825699730785217412e-02,-2.227332470497650263e+01
7.177756666666666985e+09,-1.686910155360443753e-01,-2.239762329905915195e+01
7.177820000000000000e+09,-2.435668280668323860e-02,-2.227715354218357646e+01
7.177883333333333015e+09,-4.378622138633048166e-02,-2.232044765661735042e+01
7.177946666666666985e+09,-1.024813034907374742e-01,-2.240300731457621097e+01
7.178010000000000000e+09,-2.062497700755727692e-02,-2.234501556394681998e+01
7.178073333333333015e+09,-1.618804514774652148e-02,-2.236444320794113239e+01
7.178136666666666985e+09,-9.159095265904326766e-02,-2.246371069130688625e+01
7.178200000000000000e+09,-2.711668931278410355e-02,-2.242310100381475024e+01
7.178263333333333015e+09,-1.998250676205515219e-02,-2.243983139711780694e+01
7.178326666666666985e+09,2.225622663918969124e-02,-2.242145723957102277e+01
7.178390000000000000e+09,-7.502455902447024982e-02,-2.254260260108880232e+01
7.178453333333333015e+09,-9.633092393308118062e-03,-2.250107571031142939e+01
7.178516666666666985e+09,4.826934665237914146e-02,-2.246703784712019925e+01
7.178580000000000000e+09,3.914085811354794942e-02,-2.250003091151315360e+01
7.178643333333333015e+09,-2.823976445010600855e-02,-2.259127610993059676e+01
7.178706666666666985e+09,1.092328022141479948e-01,-2.247766811912079632e+01
7.178770000000000000e+09,-7.015431694906482107e-02,-2.268091981413813585e+01
7.178833333333333015e+09,-1.312418929908147902e-01,-2.276587196603400542e+01
7.178896666666666985e+09,-4.739629733656869348e-02,-2.270589094623388249e+01
7.178960000000000000e+09,-7.404993925399594445e-02,-2.275640916400543290e+01
7.179023333333333015e+09,-8.639147153477466645e-02,-2.279261527214033123e+01
7.179086666666666985e+09,-4.435134198140389117e-02,-2.277443971844108717e+01
7.179150000000000000e+09,-8.122932593559895054e-02,-2.283518227824940183e+01
7.179213333333333015e+09,-5.376352565755837531e-02,-2.283158105382548442e+01
7.179276666666666985e+09,-3.033563483595003163e-02,-2.283201773885833319e+01
7.179340000000000000e+09,-5.372705289356005665e-02,-2.287927373276973242e+01
7.179403333333333015e+09,-5.380656332135558273e-02,-2.290321781905165111e+01
7.179466666666666985e+09,-6.695987850194740076e-02,-2.294023571008669649e+01
7.179530000000000000e+09,3.218259221063846098e-02,-2.286495781522790338e+01
7.179593333333333015e+09,-1.232708807122158134e-01,-2.304427586400487726e+01
7.179656666666666985e+09,-4.449109664804140607e-02,-2.298936065579515997e+01
7.179720000000000000e+09,-1.668618133044290630e-01,-2.313559594830533683e+01
7.179783333333333015e+09,-1.547914429488876920e-01,-2.314739015380391507e+01
7.179846666666666985e+09,-1.148865735774116104e-01,-2.313134986028689966e+01
7.179910000000000000e+09,-1.298263725299548810e-01,-2.317015423509322858e+01
7.179973333333333015e+09,-7.338078035141393229e-02,-2.313757321876881079e+01
7.180036666666666985e+09,-1.163736413095648459e-01,-2.320443065558141882e+01
7.180100000000000000e+09,-3.812538422013034278e-02,-2.315004697434610748e+01
7.180163333333333015e+09,-1.721079673029457524e-01,-2.330789413328271209e+01
7.180226666666666985e+09,-1.410923819444960259e-01,-2.330074312377871593e+01
7.180290000000000000e+09,-8.741535936431077403e-02,-2.327093067705265739e+01
7.180353333333333015e+09,-6.384432283552854415e-02,-2.327122421637766081e+01
7.180416666666666985e+09,-6.214541453070410171e-02,-2.329338988392729348e+01
7.180480000000000000e+09,-1.559024481950466168e-01,-2.341101149344575916e+01
7.180543333333333015e+09,-1.088416961020470808e-01,-2.338781531720654527e+01
7.180606666666666985e+09,-1.933323545349807659e-01,-2.349617055149393963e+01
7.180670000000000000e+09,-1.185600734741925066e-01,-2.344526284628727097e+01
7.180733333333333015e+09,-2.122710841383863567e-01,-2.356283843280559154e+01
7.180796666666666985e+09,-1.105530115011639225e-01,-2.348498493602248871e+01
7.180860000000000000e+09,-1.444977828172646639e-01,-2.354279428319271261e+01
7.180923333333333015e+09,-1.520859234783138447e-01,-2.357424699970788495e+01
7.180986666666666985e+09,-2.479198417234762530e-01,-2.369394549380716697e+01
7.181050000000000000e+09,-1.554509564482273731e-01,-2.362534118438604480e+01
7.181113333333333015e+09,-1.197140573517430084e-01,-2.361346886114368004e+01
7.181176666666666985e+09,-1.855348748874625642e-01,-2.370315425453352276e+01
7.181240000000000000e+09,-3.251893122524407431e-02,-2.357400288672542743e+01
7.181303333333333015e+09,1.876318779656287461e-01,-2.337771665338867777e+01
7.181366666666666985e+09,4.334547737502063569e-01,-2.315575833345855727e+01
7.181430000000000000e+09,2.238698413681241561e-01,-2.338920784169442513e+01
7.181493333333333015e+09,2.902413941517991702e-01,-2.334670086476487683e+01
7.181556666666666985e+09,1.269131968813006495e-01,-2.353389363788982891e+01
7.181620000000000000e+09,1.567187073305476019e-02,-2.366899953989186400e+01
7.181683333333333015e+09,2.121102813946897925e-01,-2.349642570508435213e+01
7.181746666666666985e+09,5.270722016915030395e-02,-2.367969334216434873e+01
7.181810000000000000e+09,1.235437582424516734e-01,-2.363272137994483657e+01
7.181873333333333015e+09,-2.679488538717933466e-02,-2.380692459942858719e+01
7.181936666666666985e+09,3.803987193633417974e-02,-2.376595441795953434e+01
7.182000000000000000e+09,2.076308806069349089e-02,-2.380709577768929464e+01
7.182063333333333015e+09,9.942959737588097369e-02,-2.375229384422789636e+01
7.182126666666666985e+09,7.915218941317192503e-02,-2.379643582804506252e+01
7.182190000000000000e+09,9.327052426797877160e-02,-2.380618206904437528e+01
7.182253333333333015e+09,1.868308033092702658e-02,-2.390463408883521979e+01
7.182316666666666985e+09,1.657397042751540539e-02,-2.393060777459308497e+01
7.182380000000000000e+09,-2.601548144230747539e-03,-2.397364786901895428e+01
7.182443333333333015e+09,-1.041267483559558116e-01,-2.409903764508446855e+01
7.182506666666666985e+09,1.382705006023599026e-01,-2.388050497198060995e+01
7.182570000000000000e+09,9.998764989514796753e-03,-2.403264128344757822e+01
7.182633333333333015e+09,6.273060158646615037e-02,-2.400377402270474647e+01
7.182696666666666985e+09,8.044809785950235437e-03,-2.408232439035938910e+01
7.182760000000000000e+09,-4.549833979965001163e-03,-2.411878360997942394e+01
7.182823333333333015e+09,-2.601690702871195526e-03,-2.414070004255645330e+01
7.182886666666666985e+09,-4.746069275165609724e-02,-2.420942362045936136e+01
7.182950000000000000e+09,6.422488837021589347e-02,-2.412160261519160898e+01
7.183013333333333015e+09,-4.627050206923399855e-02,-2.425596258148518558e+01
7.183076666666666985e+09,-4.449042547369330691e-02,-2.427804708074376450e+01
7.183140000000000000e+09,3.944974157638370116e-02,-2.421797148954781065e+01
7.183203333333333015e+09,-1.519955565581909696e-02,-2.429648536263413661e+01
7.183266666666666985e+09,1.202751656893354948e-01,-2.418487521714343913e+01
7.183330000000000000e+09,4.075803853000792287e-02,-2.428825692015655591e+01
7.183393333333333015e+09,5.633122382311483989e-02,-2.429654831071756860e+01
7.183456666666666985e+09,4.041801465583105823e-02,-2.433632609573931305e+01
7.183520000000000000e+09,-5.893326759790085134e-02,-2.445954195384683061e+01
7.183583333333333015e+09,-6.228422230574182095e-03,-2.443070168433362710e+01
7.183646666666666985e+09,3.422534723561554415e-02,-2.441411249072189449e+01
7.183710000000000000e+09,4.951445650371155693e-02,-2.442268795730758413e+01
7.183773333333333015e+09,-4.952827682231486506e-02,-2.454559526648773726e+01
7.183836666666666985e+09,-4.356619754474522210e-02,-2.456349776306462118e+01
7.183900000000000000e+09,-4.160373458493893395e-02,-2.458539987595894161e+01
7.183963333333333015e+09,-1.972466940812900305e-01,-2.476490741130907836e+01
7.184026666666666985e+09,1.958106267347758944e-02,-2.457194423040876785e+01
7.184090000000000000e+09,-5.049447332741152650e-02,-2.466588434226378013e+01
7.184153333333333015e+09,3.627215778847414640e-02,-2.460298228700168011e+01
7.184216666666666985e+09,3.264834241441150198e-02,-2.463047067823020342e+01
7.184280000000000000e+09,1.036756411942398870e-01,-2.458330795530449464e+01
7.184343333333333015e+09,-7.147595924671179546e-03,-2.471799576827719491e+01
7.184406666666666985e+09,1.713211460965879951e-02,-2.471758063359732205e+01
7.184470000000000000e+09,5.964801024559207576e-02,-2.469892931381551193e+01
7.184533333333333015e+09,5.782775859206878977e-02,-2.472461414132315838e+01
7.184596666666666985e+09,-8.427123755079080070e-02,-2.489057771332013758e+01
7.184660000000000000e+09,-6.769658823225555011e-02,-2.489786763985572904e+01
7.184723333333333015e+09,-6.575380309654121902e-02,-2.491978943057413431e+01
7.184786666666666985e+09,4.030525833457687668e-02,-2.483759494499713938e+01
7.184850000000000000e+09,6.660866569901102707e-02,-2.483515611348682839e+01
7.184913333333333015e+09,-1.040953248191520686e-01,-2.502972467985911464e+01
7.184976666666666985e+09,3.802144227802273235e-02,-2.491147248861606300e+01
7.185040000000000000e+09,1.398318034982182212e-02,-2.495937532639838352e+01
7.185103333333333015e+09,-5.852380445122662422e-02,-2.505574688705355868e+01
7.185166666666666985e+09,-1.154750068034786636e-01,-2.513656266526026428e+01
7.185230000000000000e+09,-3.562453510825491776e-02,-2.508057676941882974e+01
7.185293333333333015e+09,-1.046519937602745642e-01,-2.517346880392497255e+01
7.185356666666666985e+09,-1.691729759231108687e-02,-2.510959868361146619e+01
7.185420000000000000e+09,-3.510856342678891906e-04,-2.511689704750721219e+01
7.185483333333333015e+09,-4.388801952917020799e-03,-2.514479933967998093e+01
7.185546666666666985e+09,-1.891656051521550808e-02,-2.518319167409674009e+01
7.185610000000000000e+09,-4.092498918251052942e-02,-2.522906467861782076e+01
7.185673333333333015e+09,4.098939971365922474e-02,-2.517101486557577417e+01
7.185736666666666985e+09,-4.213885397046368553e-02,-2.527800769511435419e+01
7.185800000000000000e+09,-3.372430205580201346e-03,-2.526310584720359032e+01
7.185863333333333015e+09,-7.038934899391335875e-03,-2.529063692775119421e+01
7.185926666666666985e+09,3.724472246203802683e-02,-2.527021784624421841e+01
7.185990000000000000e+09,-6.603901352050201012e-02,-2.539736615808088160e+01
7.186053333333333015e+09,-3.368819291992508624e-03,-2.535856053970616131e+01
7.186116666666666985e+09,-2.489590552974263460e-02,-2.540395220179836855e+01
7.186180000000000000e+09,-8.399918395664585091e-02,-2.548692005607939493e+01
7.186243333333333015e+09,-8.927944566129397685e-02,-2.551606489363782870e+01
7.186306666666666985e+09,-6.538467966785432850e-02,-2.551603470349884972e+01
7.186370000000000000e+09,3.518480770218346265e-02,-2.543932979198293154e+01
7.186433333333333015e+09,-1.329256563975675931e-01,-2.563130483193680575e+01
7.186496666666666985e+09,1.681938775133673403e-02,-2.550542436364202459e+01
7.186560000000000000e+09,-1.156015341339156066e-02,-2.555766848066087249e+01
7.186623333333333015e+09,1.830585392617933849e-02,-2.555166704917542830e+01
7.186686666666666985e+09,-5.545226659547708437e-02,-2.564928974555120433e+01
7.186750000000000000e+09,7.708297509651629298e-03,-2.560999375730019878e+01
7.186813333333333015e+09,-1.128903969057581946e-01,-2.575445702756973176e+01
7.186876666666666985e+09,1.776969915471937611e-03,-2.566365423660262479e+01
7.186940000000000000e+09,5.149934029027036786e-02,-2.563779644208194952e+01
7.187003333333333015e+09,-3.315851131291935872e-02,-2.574631886953925886e+01
7.187066666666666985e+09,1.062705735025559761e-02,-2.572639787673054457e+01
7.187130000000000000e+09,-6.383655669579368919e-02,-2.582472606663037951e+01
7.187193333333333015e+09,-9.138962637396730315e-02,-2.587614371216267628e+01
7.187256666666666985e+09,-1.027579256451858214e-01,-2.591137658728835191e+01
7.187320000000000000e+09,-4.448695925891144043e-02,-2.587697019675586318e+01
7.187383333333333015e+09,-6.605474875897243692e-02,-2.592240256211005089e+01
7.187446666666666985e+09,-3.668426966228821584e-02,-2.591689665886782024e+01
7.187510000000000000e+09,-7.542429018346652470e-02,-2.597950125524278775e+01
7.187573333333333015e+09,-7.144297933518473087e-02,-2.599938452024862912e+01
7.187636666666666985e+09,-1.176904234178266506e-03,-2.595298302100207977e+01
7.187700000000000000e+09,5.801600044577526205e-02,-2.591765469217624940e+01
7.187763333333333015e+09,9.557697852653035397e-02,-2.590395828994927996e+01
7.187826666666666985e+09,-6.680017688013961674e-02,-2.609020002121041060e+01
7.187890000000000000e+09,-5.882882283641066579e-02,-2.610609324302080125e+01
7.187953333333333015e+09,4.160578626795086166e-04,-2.607071293817550028e+01
7.188016666666666985e+09,-2.271663277072377696e-02,-2.611771020466336068e+01
7.188080000000000000e+09,-1.886378052814308148e-02,-2.613772192827490315e+01
7.188143333333333015e+09,-1.059282362896851737e-02,-2.615331554722951779e+01
7.188206666666666985e+09,-2.058274066168053196e-02,-2.618717004011668337e+01
7.188270000000000000e+09,-3.828410933955339601e-02,-2.622873598464868294e+01
7.188333333333333015e+09,-4.304464802601160045e-02,-2.625736109918892680e+01
7.188396666666666985e+09,-9.197386762119208470e-02,-2.633015489463856440e+01
7.188460000000000000e+09,-5.342757402197051420e-02,-2.631547317689346599e+01
7.188523333333333015e+09,-1.053814230830703025e-01,-2.639129160180868539e+01
7.188586666666666985e+09,-3.245845992309526196e-02,-2.634223321450283706e+01
7.188650000000000000e+09,2.204845742355132643e-03,-2.633143448469150627e+01
7.188713333333333015e+09,-1.219663771040053746e-01,-2.647947028339198994e+01
7.188776666666666985e+09,-2.075388938673583539e-02,-2.640212237152884356e+01
7.188840000000000000e+09,6.342427130094208110e-02,-2.634180878669528880e+01
7.188903333333333015e+09,-6.482269056465383983e-02,-2.649392032441500788e+01
7.188966666666666985e+09,-7.249880835742317231e-02,-2.652546101806223078e+01
7.189030000000000000e+09,-1.658806695426306987e-02,-2.649341485251286343e+01
7.189093333333333015e+09,-7.766994727301224088e-02,-2.657836130868573221e+01
7.189156666666666985e+09,5.828242758841639670e-03,-2.651872769450833545e+01
7.189220000000000000e+09,-1.242838375180816968e-01,-2.667270435063904799e+01
7.189283333333333015e+09,-9.405315844553285842e-03,-2.658169040481963918e+01
7.189346666666666985e+09,-5.364011868613971501e-02,-2.664978978351568628e+01
7.189410000000000000e+09,8.438162223945866458e-02,-2.653563261844387355e+01
7.189473333333333015e+09,-2.434158785200679631e-02,-2.666822040438946217e+01
7.189536666666666985e+09,-2.654966649272694212e-02,-2.669429305888463944e+01
7.189600000000000000e+09,-5.374722895982131377e-02,-2.674535519720585697e+01
7.189663333333333015e+09,-6.285159870846612762e-02,-2.677832414280829099e+01
7.189726666666666985e+09,-5.499016045920512852e-02,-2.679432728041348355e+01
7.189790000000000000e+09,-9.666503818683480631e-02,-2.685986673399523994e+01
7.189853333333333015e+09,-5.352063281469554568e-02,-2.684058690447688633e+01
7.189916666666666985e+09,-1.038308602255177959e-01,-2.691476170774216570e+01
7.189980000000000000e+09,-9.791429671953011393e-02,-2.693270972009030118e+01
7.190043333333333015e+09,-2.629781608530379344e-02,-2.688495781530986051e+01
7.190106666666666985e+09,-8.145031326813523265e-02,-2.696397488834715261e+01
7.190170000000000000e+09,-2.452209750560285784e-02,-2.693091124843873985e+01
7.190233333333333015e+09,7.153010738866072415e-02,-2.685872361939826547e+01
7.190296666666666985e+09,1.379460220476858012e-02,-2.694032370043661473e+01
7.190360000000000000e+09,-1.907284373613293837e-02,-2.699705572223163941e+01
7.190423333333333015e+09,-1.892466835066386466e-03,-2.700373992118469602e+01
7.190486666666666985e+09,-4.544662961793122236e-02,-2.707115865982168046e+01
7.190550000000000000e+09,-8.130065857855583999e-03,-2.705770667191573153e+01
7.190613333333333015e+09,1.999906324000733093e-02,-2.705344211867198823e+01
7.190676666666666985e+09,8.607818819434953639e-04,-2.709644497588417522e+01
7.190740000000000000e+09,-2.178409382501911296e-03,-2.712334874300274379e+01
7.190803333333333015e+09,7.294448362539895925e-03,-2.713774046111182514e+01
7.190866666666666985e+09,4.451196153117109588e-02,-2.712438752379765106e+01
7.190930000000000000e+09,2.191093508224284392e-02,-2.717085312610036496e+01
7.190993333333333015e+09,-1.951674204496001153e-02,-2.723614537908169453e+01
7.191056666666666985e+09,-8.882545075480408059e-02,-2.732931866364599216e+01
7.191120000000000000e+09,-6.308499052291693943e-02,-2.732744277926789422e+01
7.191183333333333015e+09,8.637553952027232640e-02,-2.720184682507882812e+01
7.191246666666666985e+09,-5.164098821452256516e-02,-2.736372792866808012e+01
7.191310000000000000e+09,1.096669132107308542e-02,-2.732498482498627368e+01
7.191373333333333015e+09,-8.826763140895366178e-03,-2.736864285530236174e+01
7.191436666666666985e+09,-7.356434369721753797e-02,-2.745724501171314458e+01
7.191500000000000000e+09,-7.965645854461911313e-03,-2.741551088972417460e+01
7.191563333333333015e+09,1.145856084061591673e-02,-2.741995125888321994e+01
7.191626666666666985e+09,-6.152179174595318045e-02,-2.751679618732424615e+01
7.191690000000000000e+09,-1.617664106667042745e-01,-2.764090538209912040e+01
7.191753333333333015e+09,6.016036876083319385e-02,-2.744284317852537214e+01
7.191816666666666985e+09,-4.417620897516982836e-02,-2.757104433211582872e+01
7.191880000000000000e+09,-8.780671667469874819e-03,-2.755951337066225548e+01
7.191943333333333015e+09,-6.593351352210774508e-02,-2.764053078837067901e+01
7.192006666666666985e+09,-7.089161679535394001e-02,-2.766935346749838232e+01
7.192070000000000000e+09,-5.150186073527152075e-02,-2.767382828729242306e+01
7.192133333333333015e+09,7.422302979838235615e-02,-2.757196797261255483e+01
7.192196666666666985e+09,-4.132672195024156281e-02,-2.771138230021563942e+01
7.192260000000000000e+09,-1.051596287985319123e-01,-2.779907978291804937e+01
7.192323333333333015e+09,1.042111641169185532e-03,-2.771674261833247144e+01
7.192386666666666985e+09,1.055921945889082281e-02,-2.773109008636887296e+01
7.192450000000000000e+09,-1.024387431704063545e-01,-2.786795262485229330e+01
7.192513333333333015e+09,-3.369380354293483038e-02,-2.782307226107894493e+01
7.192576666666666985e+09,-1.044098072327095394e-01,-2.791765284062283925e+01
7.192640000000000000e+09,-4.802313625440035594e-02,-2.788513074549865678e+01
7.192703333333333015e+09,2.428739744116370503e-02,-2.783668478765721233e+01
7.192766666666666985e+09,2.749981681894198005e-02,-2.785733694413389117e+01
7.192830000000000000e+09,-6.253152875630973995e-02,-2.797123286556293209e+01
7.192893333333333015e+09,-1.741321141369667203e-02,-2.794997912407443863e+01
7.192956666666666985e+09,-2.945933667590239224e-02,-2.798588982519110502e+01
7.193020000000000000e+09,-7.529865496434950956e-02,-2.805559371933333779e+01
7.193083333333333015e+09,3.572847838534443099e-02,-2.796843116183776701e+01
7.193146666666666985e+09,-1.068479231339196645e-01,-2.813487213921148822e+01
7.193210000000000000e+09,-2.719958734673610934e-02,-2.807908837927809387e+01
7.193273333333333015e+09,-4.209542305807545404e-02,-2.811784879084355637e+01
7.193336666666666985e+09,1.359676640813134441e-02,-2.808602117723180314e+01
7.193400000000000000e+09,6.070401839686212497e-04,-2.812287547930975862e+01
7.193463333333333015e+09,-8.518291139090194974e-04,-2.814819892446175587e+01
7.193526666666666985e+09,4.664216335476822906e-02,-2.812456950784753573e+01
7.193590000000000000e+09,-9.837555119814922477e-02,-2.829345179825457635e+01
7.193653333333333015e+09,-1.029690577566562126e-01,-2.832190988066686899e+01
7.193716666666666985e+09,-5.971593085660487077e-02,-2.830252132962127831e+01
7.193780000000000000e+09,-4.556727853530873062e-02,-2.831223725315410178e+01
7.193843333333333015e+09,-1.714501068547846785e-02,-2.830767956115806072e+01
7.193906666666666985e+09,-4.317886497723932848e-02,-2.835757799130427870e+01
7.193970000000000000e+09,-1.223282362837387893e-01,-2.846059193846490132e+01
7.194033333333333015e+09,-8.834440845024360556e-02,-2.845047268648519534e+01
7.194096666666666985e+09,-2.315861160215604286e-02,-2.840915146549156134e+01
7.194160000000000000e+09,-5.493490900190778348e-02,-2.846479233874543979e+01
7.194223333333333015e+09,3.820794232548152536e-02,-2.839551406327217009e+01
7.194286666666666985e+09,-4.852839819829313228e-03,-2.846243942127160409e+01
7.194350000000000000e+09,2.062035677285578572e-02,-2.846083080053304215e+01
7.194413333333333015e+09,-7.961705082643177889e-02,-2.858493278398645288e+01
7.194476666666666985e+09,1.027290286994642088e-02,-2.851890740614419784e+01
7.194540000000000000e+09,-7.914901227884740820e-03,-2.856095978609614860e+01
7.194603333333333015e+09,-7.187149529855219043e-03,-2.858409661025224580e+01
7.194666666666666985e+09,-2.613244063732977907e-02,-2.862690647721383996e+01
7.194730000000000000e+09,6.729789960999710274e-03,-2.861790882246963363e+01
7.194793333333333015e+09,-3.633204623428198943e-02,-2.868483523451903849e+01
7.194856666666666985e+09,-9.215904495075477598e-02,-2.876452680908996840e+01
7.194920000000000000e+09,-5.839239204403767758e-02,-2.875462473203704050e+01
7.194983333333333015e+09,-6.991072713195123356e-02,-2.879000764297907367e+01
7.195046666666666985e+09,-6.412238889908650208e-02,-2.880808388060066960e+01
7.195110000000000000e+09,-3.905979288466099320e-02,-2.880688586044002975e+01
7.195173333333333015e+09,-4.246652479596590979e-02,-2.883415716820545782e+01
7.195236666666666985e+09,-6.929908928661276946e-02,-2.888485430855056180e+01
7.195300000000000000e+09,-8.847408109513565933e-02,-2.892789387621287034e+01
7.195363333333333015e+09,-5.439363211526426767e-02,-2.891767800308712566e+01
7.195426666666666985e+09,-2.797032216857786580e-03,-2.888994597904317274e+01
7.195490000000000000e+09,3.272525694674399688e-02,-2.887828826573369412e+01
7.195553333333333015e+09,-6.207292811459197424e-02,-2.899695102664881929e+01
7.195616666666666985e+09,-4.908554423362687658e-03,-2.896365122881204712e+01
7.195680000000000000e+09,1.363389296269090778e-02,-2.896897335728011669e+01
7.195743333333333015e+09,2.360070502736988374e-02,-2.898287112106922336e+01
7.195806666666666985e+09,-8.701300739123851713e-02,-2.911734940934229243e+01
7.195870000000000000e+09,-4.438660643117842142e-02,-2.909858758423635194e+01
7.195933333333333015e+09,-5.893039367152752561e-02,-2.913699594733049025e+01
7.195996666666666985e+09,-1.027351718803686254e-01,-2.920466530139378847e+01
7.196060000000000000e+09,-3.512607009712809258e-02,-2.916092077546466754e+01
7.196123333333333015e+09,-2.575869520981655114e-03,-2.915223515074264782e+01
7.196186666666666985e+09,-5.269776544093929260e-02,-2.922622162251672506e+01
7.196250000000000000e+09,4.010019328422131935e-02,-2.915728823964568761e+01
7.196313333333333015e+09,-4.898891808401373282e-02,-2.927024192686804582e+01
7.196376666666666985e+09,2.505104092135823635e-02,-2.922006654371679701e+01
7.196440000000000000e+09,1.281436960936943592e-02,-2.925616779088290897e+01
7.196503333333333015e+09,3.375011724386212109e-02,-2.925909661910253590e+01
7.196566666666666985e+09,-9.100535896038763894e-03,-2.932581184809656349e+01
7.196630000000000000e+09,-3.715569814630725887e-04,-2.934094744503610741e+01
7.196693333333333015e+09,-1.748992286826833720e-02,-2.938193038677703584e+01
7.196756666666666985e+09,-4.501877944828081013e-02,-2.943332381921150542e+01
7.196820000000000000e+09,5.629259080137671845e-04,-2.941160668970899650e+01
7.196883333333333015e+09,-1.037823331733633836e-02,-2.944641242478847332e+01
7.196946666666666985e+09,-1.693464696193913710e-02,-2.947683341428752968e+01
7.197010000000000000e+09,-8.447833570026830330e-02,-2.956824167887964805e+01
7.197073333333333015e+09,2.180523405629131162e-02,-2.948582268497721159e+01
7.197136666666666985e+09,-8.576489310557278145e-02,-2.961725738799353280e+01
7.197200000000000000e+09,-9.449729566611608789e-02,-2.964985436640786531e+01
7.197263333333333015e+09,-1.096764793643956182e-03,-2.958031841138951279e+01
7.197326666666666985e+09,-6.797898693238479950e-02,-2.967106520938271430e+01
7.197390000000000000e+09,-7.389725663529134181e-02,-2.970084805493974045e+01
7.197453333333333015e+09,4.615241175288531394e-02,-2.960466296240535300e+01
7.197516666666666985e+09,-7.715539882479305334e-03,-2.968239548989517473e+01
7.197580000000000000e+09,-8.907791999648750902e-02,-2.978762244586330610e+01
7.197643333333333015e+09,-1.277362455083199677e-01,-2.985014534722892776e+01
7.197706666666666985e+09,-5.412025785243912424e-03,-2.975168570336030527e+01
7.197770000000000000e+09,-2.439989953668231237e-02,-2.979453815296587038e+01
7.197833333333333015e+09,-7.031457777738836512e-03,-2.980103428706071256e+01
7.197896666666666985e+09,-2.087904398908335679e-02,-2.983874644912651419e+01
7.197960000000000000e+09,-2.324025466375445603e-03,-2.984405600645792944e+01
7.198023333333333015e+09,1.429852874387904649e-02,-2.985129802810179456e+01
7.198086666666666985e+09,-3.552302338801993642e-02,-2.992498415608782025e+01
7.198150000000000000e+09,1.240695065078867287e-02,-2.990091875790313125e+01
7.198213333333333015e+09,-5.987563623177649674e-02,-2.999706592063981958e+01
7.198276666666666985e+09,4.720702591468395326e-02,-2.991384783434748229e+01
7.198340000000000000e+09,-3.558753977532447266e-02,-3.002050697589161388e+01
7.198403333333333015e+09,-3.159633390584204449e-02,-3.004038034587625461e+01
7.198466666666666985e+09,-3.204511729875392234e-02,-3.006469370512328609e+01
7.198530000000000000e+09,-4.730819795404528350e-02,-3.010382136163270417e+01
7.198593333333333015e+09,-1.049677576060865647e-01,-3.018534549713886506e+01
7.198656666666666985e+09,1.633659048948743475e-03,-3.010260865633829042e+01
7.198720000000000000e+09,-8.701492819937683976e-02,-3.021512181944040165e+01
7.198783333333333015e+09,-8.066722813776294743e-03,-3.016003818990892427e+01
7.198846666666666985e+09,-3.055511918418574169e-03,-3.017889155486802366e+01
7.198910000000000000e+09,-4.513766048759748628e-02,-3.024483827929098823e+01
7.198973333333333015e+09,-6.152119274334566512e-02,-3.028508638740085956e+01
7.199036666666666985e+09,-4.603894788278495298e-02,-3.029346871839475597e+01
7.199100000000000000e+09,4.102730356812855916e-03,-3.026719161600894736e+01
7.199163333333333015e+09,-3.443917039099630983e-02,-3.032959809261087969e+01
7.199226666666666985e+09,-7.267285882141294451e-02,-3.039169635689575344e+01
7.199290000000000000e+09,2.836931886357163535e-02,-3.031451875506489202e+01
7.199353333333333015e+09,-8.465727418518298464e-02,-3.045140992396743229e+01
7.199416666666666985e+09,-1.432334123235534662e-02,-3.040494056686906177e+01
7.199480000000000000e+09,-4.008655455214338303e-02,-3.045456835604297297e+01
7.199543333333333015e+09,-1.162878023672462291e-01,-3.055463417971186502e+01
7.199606666666666985e+09,-2.322559879866403776e-02,-3.048543655199773994e+01
7.199670000000000000e+09,-1.683904082570464311e-02,-3.050291456987890015e+01
7.199733333333333015e+09,-1.469579073848592543e-02,-3.052463589564547064e+01
7.199796666666666985e+09,2.270376644471383543e-02,-3.051110091431672799e+01
7.199860000000000000e+09,-1.116518584303065609e-01,-3.066932111504587155e+01
7.199923333333333015e+09,-4.003262750805447467e-02,-3.062156645997774262e+01
7.199986666666666985e+09,-5.546380354794422374e-02,-3.066086221187175553e+01
7.200050000000000000e+09,-3.275219361668035845e-02,-3.066201517779461483e+01
7.200113333333333015e+09,-7.143326340581879208e-02,-3.072456082343787287e+01
7.200176666666666985e+09,-7.521672274076962594e-03,-3.068451380816025420e+01
7.200240000000000000e+09,-1.083884529890077886e-01,-3.080924516472930819e+01
7.200303333333333015e+09,-6.819066197211753888e-02,-3.079291194956654110e+01
7.200366666666666985e+09,1.346078391823013476e-02,-3.073512507953031658e+01
7.200430000000000000e+09,-6.085190327079814665e-02,-3.083330234257346447e+01
7.200493333333333015e+09,-6.502644962047554600e-03,-3.080281766011884059e+01
7.200556666666666985e+09,-4.304835463462097778e-02,-3.086322794564586758e+01
7.200620000000000000e+09,9.479794768100902047e-03,-3.083456437209693490e+01
7.200683333333333015e+09,-1.361247958703408756e-01,-3.100403353858949984e+01
7.200746666666666985e+09,-1.254943910887860170e-01,-3.101726770966240210e+01
7.200810000000000000e+09,5.346009320201972059e-02,-3.086217780122538556e+01
7.200873333333333015e+09,5.672236666384478099e-02,-3.088278010361768011e+01
7.200936666666666985e+09,-4.121741993252214797e-02,-3.100458446606850771e+01
7.201000000000000000e+09,-8.780551339800979349e-02,-3.107503713538778101e+01
7.201063333333333015e+09,-9.858363633046707264e-02,-3.110967983417436145e+01
7.201126666666666985e+09,-1.552731755069203246e-02,-3.105048809124904352e+01
7.201190000000000000e+09,-2.419552353788034793e-02,-3.108302087309035500e+01
7.201253333333333015e+09,-1.328030861975832977e-01,-3.121549301160384715e+01
7.201316666666666985e+09,-7.133063582896426169e-02,-3.117788513708968168e+01
7.201380000000000000e+09,-9.985371890160976704e-02,-3.123027279601645034e+01
7.201443333333333015e+09,-1.114105784325047921e-02,-3.116542471081188026e+01
7.201506666666666985e+09,-1.013768047794627591e-02,-3.118828590930103317e+01
7.201570000000000000e+09,-8.805373397429860916e-02,-3.129006653865150867e+01
7.201633333333333015e+09,-1.098590340067211457e-01,-3.133573641453771685e+01
7.201696666666666985e+09,-8.701818329777566419e-02,-3.133676013968323204e+01
7.201760000000000000e+09,-9.023050969550183709e-02,-3.136383704193507782e+01
7.201823333333333015e+09,-6.025764764915209071e-02,-3.135772875574251728e+01
7.201886666666666985e+09,2.875603347277433386e-02,-3.129257965047504797e+01
7.201950000000000000e+09,1.847808413257823190e-02,-3.132672217566936723e+01
7.202013333333333015e+09,-1.925572990504029747e-01,-3.156162213470647160e+01
7.202076666666666985e+09,-6.454313195825278626e-02,-3.145747254346844102e+01
7.202140000000000000e+09,-2.452262080170797276e-02,-3.144131660816601936e+01
7.202203333333333015e+09,-3.517759829001576577e-02,-3.147583616150845032e+01
7.202266666666666985e+09,-5.621221641472828878e-02,-3.152073535548728600e+01
7.202330000000000000e+09,1.473755048466784956e-02,-3.147365016444201302e+01
7.202393333333333015e+09,-1.674316427435940113e-02,-3.152899545505516343e+01
7.202456666666666985e+09,-1.136430905248353440e-01,-3.164975995716009649e+01
7.202520000000000000e+09,-7.448865527323889069e-02,-3.163447009776228569e+01
7.202583333333333015e+09,-5.215146605055309692e-02,-3.163599748439372306e+01
7.202646666666666985e+09,-3.490600237692476071e-02,-3.164261659657455183e+01
7.202710000000000000e+09,-4.402380172770037348e-02,-3.167559897177911665e+01
7.202773333333333015e+09,-9.584741709682731425e-02,-3.175128716300236675e+01
7.202836666666666985e+09,8.878064256439444080e-03,-3.167042625750355711e+01
7.202900000000000000e+09,3.754992256743605594e-02,-3.166561897504634615e+01
7.202963333333333015e+09,-1.008013667470990526e-01,-3.182783484021500442e+01
7.203026666666666985e+09,-8.750147337855906926e-02,-3.183839952270092155e+01
7.203090000000000000e+09,2.380435548606740781e-02,-3.175095826969041823e+01
7.203153333333333015e+09,-5.009309359877534007e-03,-3.180363651039015238e+01
7.203216666666666985e+09,-2.901024273953822785e-02,-3.185150201962427019e+01
7.203280000000000000e+09,-7.599038567205695927e-02,-3.192234673841090853e+01
7.203343333333333015e+09,-1.840157146762422258e-02,-3.188862250006026500e+01
7.203406666666666985e+09,1.356064583409022362e-02,-3.188052485861300767e+01
7.203470000000000000e+09,-8.945193479182833585e-02,-3.200740201509304939e+01
7.203533333333333015e+09,-1.177784839416133877e-01,-3.205959314009662364e+01
7.203596666666666985e+09,-9.757948228515189726e-02,-3.206325871429461927e+01
7.203660000000000000e+09,-2.478534368206197769e-02,-3.201432915154565251e+01
7.203723333333333015e+09,-1.188561048696570310e-01,-3.213226448858703321e+01
7.203786666666666985e+09,-1.269328213098219749e-01,-3.216420578088165882e+01
7.203850000000000000e+09,7.270780182778935341e-03,-3.205386675524317752e+01
7.203913333333333015e+09,-8.102642025099981993e-02,-3.216602853153107588e+01
7.203976666666666985e+09,4.642249142076337876e-02,-3.206244419571343940e+01
7.204040000000000000e+09,-8.574326296341894249e-02,-3.221847452595174133e+01
7.204103333333333015e+09,-1.307394141190343362e-01,-3.228733525296148343e+01
7.204166666666666985e+09,-6.531707461436297990e-02,-3.224577748931093168e+01
7.204230000000000000e+09,-3.980304056633343635e-02,-3.224412803111702175e+01
7.204293333333333015e+09,-4.086549107398695924e-02,-3.226905505747880198e+01
7.204356666666666985e+09,-1.931757076858531263e-02,-3.227137171302785390e+01
7.204420000000000000e+09,4.904758565309919049e-03,-3.227101395954775143e+01
7.204483333333333015e+09,-1.076674645802242480e-01,-3.240745075854740520e+01
7.204546666666666985e+09,6.768830180888585346e-03,-3.231687903964075304e+01
7.204610000000000000e+09,-7.110809299558695784e-02,-3.241862053867101423e+01
7.204673333333333015e+09,-6.480821226828226145e-02,-3.243618523379782914e+01
7.204736666666666985e+09,-5.060467429981940768e-02,-3.244584627168382696e+01
7.204800000000000000e+09,-6.293239805900441297e-02,-3.248203857129679761e+01
7.204863333333333015e+09,-9.245204790303773734e-02,-3.253542279699495765e+01
7.204926666666666985e+09,-2.938379396891122042e-02,-3.249621911891528470e+01
7.204990000000000000e+09,-1.216212889151080390e-01,-3.261232118971527427e+01
7.205053333333333015e+09,-9.278663834520983755e-02,-3.260735111499949568e+01
7.205116666666666985e+09,-1.150910162166098871e-01,-3.265352006872535640e+01
7.205180000000000000e+09,-1.614768693967576496e-01,-3.272377049775962377e+01
7.205243333333333015e+09,-1.632270623443119462e-01,-3.274938526656096371e+01
7.205306666666666985e+09,-1.287217582403599181e-01,-3.273874453831147235e+01
7.205370000000000000e+09,-2.254612152280230930e-01,-3.285934857115325514e+01
7.205433333333333015e+09,-2.454621837237809245e-01,-3.290321411550279862e+01
7.205496666666666985e+09,-2.719166730716437996e-02,-3.270880817494064274e+01
7.205560000000000000e+09,-1.498335525493530440e-01,-3.285531463603695101e+01
7.205623333333333015e+09,-9.558239058046069658e-02,-3.282492804992185143e+01
7.205686666666666985e+09,-1.284731504158642679e-01,-3.288168338561170856e+01
7.205750000000000000e+09,-2.033918101557929958e-01,-3.298046662120576400e+01
7.205813333333333015e+09,-1.845084206556748541e-01,-3.298544780755976547e+01
7.205876666666666985e+09,-1.742425501871593951e-01,-3.299904651294536961e+01
7.205940000000000000e+09,-1.929421341928545530e-01,-3.304161067280519148e+01
7.206003333333333015e+09,-1.109001926648005565e-01,-3.298343330713125710e+01
7.206066666666666985e+09,-2.216335140764371658e-01,-3.311803120439702042e+01
7.206130000000000000e+09,-1.627069053875942473e-01,-3.308296917156229711e+01
7.206193333333333015e+09,-2.317588039130527022e-01,-3.317588564594187517e+01
7.206256666666666985e+09,6.520756583365994175e-02,-3.290278385204962319e+01
7.206320000000000000e+09,-3.077623765111567877e-01,-3.329961837024822557e+01
7.206383333333333015e+09,-1.200717530013406531e-01,-3.313579232259253615e+01
7.206446666666666985e+09,3.330600130629264299e-01,-3.270652513238272263e+01
7.206510000000000000e+09,3.570581934456953377e-01,-3.270639152785374648e+01
7.206573333333333015e+09,3.534050655258127449e-01,-3.273390923162774868e+01
7.206636666666666985e+09,1.362465142875777246e-01,-3.297493235872043726e+01
7.206700000000000000e+09,2.132903102127983175e-01,-3.292175313864900943e+01
7.206763333333333015e+09,1.722801158797508947e-01,-3.298662790883617646e+01
7.206826666666666985e+09,1.608572778639540957e-01,-3.302191532270643393e+01
7.206890000000000000e+09,1.150956559589815242e-01,-3.309154152046519215e+01
7.206953333333333015e+09,1.581182528408575649e-01,-3.307238349943744282e+01
7.207016666666666985e+09,1.355817270254462414e-01,-3.311878460110730771e+01
7.207080000000000000e+09,2.937901708069290407e-02,-3.324885188690618776e+01
7.207143333333333015e+09,-1.692305132811355861e-02,-3.331901853116877987e+01
7.207206666666666985e+09,-1.246214063704087494e-02,-3.333842219633216075e+01
7.207270000000000000e+09,5.961248706272215259e-02,-3.329021214448652444e+01
7.207333333333333015e+09,-5.304965980692344374e-02,-3.342673886720995569e+01
7.207396666666666985e+09,3.536202271576627254e-02,-3.336219176054172664e+01
7.207460000000000000e+09,3.912667632475574919e-02,-3.338229168278685677e+01
7.207523333333333015e+09,1.325880553454084065e-01,-3.331269487961998976e+01
7.207586666666666985e+09,1.568262503145945175e-02,-3.345346488578839939e+01
7.207650000000000000e+09,5.812283336218371232e-02,-3.343488925331179473e+01
7.207713333333333015e+09,-2.336846859776642304e-03,-3.351921350938788180e+01
7.207776666666666985e+09,7.337714587883681361e-03,-3.353340352379434108e+01
7.207840000000000000e+09,-1.515149251362402083e-02,-3.357975730674996839e+01
7.207903333333333015e+09,8.163412894234056694e-02,-3.350683626114813052e+01
7.207966666666666985e+09,2.164991390785075964e-02,-3.359068505203673993e+01
7.208030000000000000e+09,6.392756155997147971e-02,-3.357227198023874593e+01
7.208093333333333015e+09,7.124928196424917815e-02,-3.358881483568858783e+01
7.208156666666666985e+09,5.000367811162220733e-02,-3.363392501539533441e+01
7.208220000000000000e+09,3.353329041340913363e-02,-3.367425997894767420e+01
7.208283333333333015e+09,9.735717244772246204e-02,-3.363430067276748048e+01
7.208346666666666985e+09,-1.188363999942154692e-01,-3.387435882106387908e+01
7.208410000000000000e+09,-2.916350416823121350e-02,-3.380855050109168047e+01
7.208473333333333015e+09,-1.954523510560335353e-02,-3.382279680788317933e+01
7.208536666666666985e+09,4.891830768117699790e-02,-3.377819784095085254e+01
7.208600000000000000e+09,3.635867466762476852e-02,-3.381462204981819752e+01
7.208663333333333015e+09,3.710110363294205627e-02,-3.383774419670699984e+01
7.208726666666666985e+09,6.561194503968437175e-02,-3.383309793115471109e+01
7.208790000000000000e+09,-3.177543797223592037e-02,-3.395434989002042414e+01
7.208853333333333015e+09,-2.512428587924375734e-02,-3.397156331378155159e+01
7.208916666666666985e+09,6.075959056613555731e-02,-3.390954401319063294e+01
7.208980000000000000e+09,-2.987876214103835082e-02,-3.402404694175192645e+01
7.209043333333333015e+09,9.115945613750398024e-03,-3.400891680985092336e+01
7.209106666666666985e+09,-1.667959378820427219e-02,-3.405857692510733870e+01
7.209170000000000000e+09,7.125694708145857703e-02,-3.399450496009179545e+01
7.209233333333333015e+09,6.381764642676301946e-02,-3.402580883660028377e+01
7.209296666666666985e+09,-8.039792698885150912e-02,-3.419388898587035186e+01
7.209360000000000000e+09,-1.315354462528262047e-02,-3.415050917936090968e+01
7.209423333333333015e+09,9.048584165348927399e-03,-3.415217162642406379e+01
7.209486666666666985e+09,-4.981052512595596227e-02,-3.423489531156982224e+01
7.209550000000000000e+09,-4.629202679561927880e-02,-3.425524138909361227e+01
7.209613333333333015e+09,-4.160013309286370031e-02,-3.427441407124497630e+01
7.209676666666666985e+09,-8.150101109961838119e-03,-3.426482861511620115e+01
7.209740000000000000e+09,-5.216957071775851773e-02,-3.433271266057811744e+01
7.209803333333333015e+09,1.325598290959248970e-01,-3.417184783661855363e+01
7.209866666666666985e+09,-5.362521978262435596e-02,-3.438189746135122959e+01
7.209930000000000000e+09,-6.095906643096782318e-03,-3.435823272406582163e+01
7.209993333333333015e+09,-1.157757882815602102e-01,-3.449177718155841177e+01
7.210056666666666985e+09,-2.465448100679168419e-04,-3.440011251394103908e+01
7.210120000000000000e+09,-8.996192986339224262e-02,-3.451369247484849012e+01
7.210183333333333015e+09,-5.909778186664738087e-02,-3.450669290270586487e+01
7.210246666666666985e+09,-5.469426456645720691e-02,-3.452615396126012826e+01
7.210310000000000000e+09,-1.559351791647145546e-02,-3.451091779046393526e+01
7.210373333333333015e+09,-4.298921419281498402e-02,-3.456217806259439840e+01
7.210436666666666985e+09,-6.854442137937866164e-02,-3.461159784563542274e+01
7.210500000000000000e+09,2.470283873841339073e-02,-3.454221516137141634e+01
7.210563333333333015e+09,-2.824512735343631675e-02,-3.461902770331739276e+01
7.210626666666666985e+09,-1.170990219676397714e-01,-3.473174617378604978e+01
7.210690000000000000e+09,-2.469926687656709419e-02,-3.466321099454876276e+01
7.210753333333333015e+09,5.329606918145657346e-03,-3.465704669660817672e+01
7.210816666666666985e+09,-2.439478204080813839e-02,-3.471063566142158408e+01
7.210880000000000000e+09,-1.902158513629359504e-02,-3.472912704037119624e+01
7.210943333333333015e+09,-7.139565354642485318e-02,-3.480536568463511315e+01
7.211006666666666985e+09,1.328725697746335754e-03,-3.475650588124540263e+01
7.211070000000000000e+09,-4.425144826974758416e-03,-3.478612432762424334e+01
7.211133333333333015e+09,-6.676664049456348948e-02,-3.487233039914561772e+01
7.211196666666666985e+09,8.395707890073822455e-03,-3.482103262661544107e+01
7.211260000000000000e+09,1.894100461580450201e-02,-3.483435190574383000e+01
7.211323333333333015e+09,3.151471649021431176e-02,-3.484564276972320584e+01
7.211386666666666985e+09,-1.714692564696207455e-02,-3.491816898771484290e+01
7.211450000000000000e+09,-7.218649235287699639e-02,-3.499707313027487743e+01
7.211513333333333015e+09,-6.511824691015277722e-02,-3.501386946068627992e+01
7.211576666666666985e+09,-3.005121700160628961e-02,-3.500266700663185304e+01
7.211640000000000000e+09,-9.137926556672937295e-02,-3.508785963105110284e+01
7.211703333333333015e+09,6.694046029039668610e-03,-3.501365089530945340e+01
7.211766666666666985e+09,-4.074714684955438315e-02,-3.508495666404216706e+01
7.211830000000000000e+09,-8.332299381542895844e-03,-3.507640639242828229e+01
7.211893333333333015e+09,4.637484414582360159e-02,-3.504556382475503540e+01
7.211956666666666985e+09,-6.679815834505120620e-02,-3.518260140310003692e+01
7.212020000000000000e+09,-7.728247697790635584e-02,-3.521695029758701168e+01
7.212083333333333015e+09,-1.039456954819542034e-01,-3.526747809194518624e+01
7.212146666666666985e+09,-2.175074791096420768e-02,-3.520914772022864980e+01
7.212210000000000000e+09,-8.095529202628881649e-02,-3.529221684019776006e+01
7.212273333333333015e+09,4.593563628284869083e-02,-3.518919048774274927e+01
7.212336666666666985e+09,-4.595934034057336248e-03,-3.526358663391410886e+01
7.212400000000000000e+09,-9.799991113027317624e-03,-3.529265526684687160e+01
7.212463333333333015e+09,-1.327391519302665301e-01,-3.543945900351823042e+01
7.212526666666666985e+09,-6.461285839143471321e-02,-3.539519728583385927e+01
7.212590000000000000e+09,-6.044411626994872222e-02,-3.541489311956615893e+01
7.212653333333333015e+09,5.654309620349096122e-02,-3.532177048294683885e+01
7.212716666666666985e+09,8.280914095527691643e-02,-3.531936901404951357e+01
7.212780000000000000e+09,-9.169928618227629613e-02,-3.551774201704118639e+01
7.212843333333333015e+09,1.301790689206043794e-01,-3.531972823779209847e+01
7.212906666666666985e+09,-6.999035559815780516e-02,-3.554376223816531422e+01
7.212970000000000000e+09,-5.117906004464600755e-03,-3.550275436442574772e+01
7.213033333333333015e+09,-2.779782720174495125e-02,-3.554929886147681373e+01
7.213096666666666985e+09,-8.350933933840565260e-03,-3.555371654406336290e+01
7.213160000000000000e+09,-9.759740344527756406e-03,-3.557898992632817681e+01
7.213223333333333015e+09,-3.427776362342171979e-02,-3.562737252546085642e+01
7.213286666666666985e+09,-2.337647028542733096e-02,-3.564033580797732270e+01
7.213350000000000000e+09,-6.571855433881523822e-02,-3.570654246788483022e+01
7.213413333333333015e+09,2.484586237914498952e-02,-3.563984262702098960e+01
7.213476666666666985e+09,-2.434696557695303909e-02,-3.571290003083121434e+01
7.213540000000000000e+09,1.887936986245364324e-02,-3.569353827124592726e+01
7.213603333333333015e+09,8.461962972909020664e-03,-3.572782025398959860e+01
7.213666666666666985e+09,-1.055069315446601763e-01,-3.586565372436128740e+01
7.213730000000000000e+09,-7.480891081439011714e-02,-3.585882027948514406e+01
7.213793333333333015e+09,3.383244871175605795e-02,-3.577404349581311749e+01
7.213856666666666985e+09,-5.458900193077198537e-02,-3.588632952230976514e+01
7.213920000000000000e+09,1.262242635285559800e-02,-3.584298266988026427e+01
7.213983333333333015e+09,-4.745349156536349255e-02,-3.592692316365260297e+01
7.214046666666666985e+09,-1.308325383318589274e-01,-3.603416678627355907e+01
7.214110000000000000e+09,3.145690164928538479e-02,-3.589574192214620041e+01
7.214173333333333015e+09,-1.857756580253777656e-01,-3.613683905767498317e+01
7.214236666666666985e+09,-8.939596041210506883e-02,-3.606432393591617114e+01
7.214300000000000000e+09,-2.166105571753007553e-03,-3.600095865692960473e+01
7.214363333333333015e+09,-3.464709140776278673e-02,-3.605730421861974122e+01
7.214426666666666985e+09,1.512744070391391915e-02,-3.603139426236251808e+01
7.214490000000000000e+09,-5.064916079700054752e-02,-3.612103543971722530e+01
7.214553333333333015e+09,-6.140345356443788205e-02,-3.615565430833878224e+01
7.214616666666666985e+09,5.329763615457494552e-02,-3.606481779447423008e+01
7.214680000000000000e+09,1.722470832241640437e-02,-3.612475529816050823e+01
7.214743333333333015e+09,-9.464932865290620612e-02,-3.626049391098961650e+01
7.214806666666666985e+09,-9.543372161072483095e-02,-3.628514287980189579e+01
7.214870000000000000e+09,-5.563380854702870693e-03,-3.621913711489999343e+01
7.214933333333333015e+09,-5.092455515641347574e-02,-3.628836286505548969e+01
7.214996666666666985e+09,-2.611966014276845272e-02,-3.628742254589630534e+01
7.215060000000000000e+09,1.869092385633308595e-02,-3.626647653775132341e+01
7.215123333333333015e+09,-3.947177435303927950e-02,-3.634850381181448853e+01
7.215186666666666985e+09,-4.697661253634777268e-02,-3.637987322585225058e+01
7.215250000000000000e+09,2.453777817157742902e-02,-3.633222341099845210e+01
7.215313333333333015e+09,1.041955597982280324e-02,-3.637020620904399237e+01
7.215376666666666985e+09,-5.145159503081231378e-02,-3.645594193590908105e+01
7.215440000000000000e+09,-2.795399022787137255e-02,-3.645630890696026682e+01
7.215503333333333015e+09,-5.838659610414254075e-02,-3.651060608869065760e+01
7.215566666666666985e+09,6.710286935287257393e-02,-3.640898119908776920e+01
7.215630000000000000e+09,-6.892741851153516563e-02,-3.656887606280629655e+01
7.215693333333333015e+09,-1.695446976200543077e-02,-3.654076768991089352e+01
7.215756666666666985e+09,-3.089586616992789914e-02,-3.657857366217293560e+01
7.215820000000000000e+09,2.227784443501690248e-02,-3.654926452742211040e+01
7.215883333333333015e+09,-1.052592044366562618e-01,-3.670066615214791028e+01
7.215946666666666985e+09,-2.188885151102937243e-02,-3.664116037507673695e+01
7.216010000000000000e+09,-9.118732777177740445e-02,-3.673432342719127774e+01
7.216073333333333015e+09,-8.095644726810746761e-02,-3.674795712254172741e+01
7.216136666666666985e+09,-5.433312397647682701e-02,-3.674519837510455744e+01
7.216200000000000000e+09,-6.477218091589520554e-03,-3.672120704507345579e+01
7.216263333333333015e+09,6.944936414588909201e-02,-3.666914503869009678e+01
7.216326666666666985e+09,-8.666572718064458059e-02,-3.684912470587109112e+01
7.216390000000000000e+09,-6.700338214758971844e-02,-3.685332693669182191e+01
7.216453333333333015e+09,-9.322072987149709888e-02,-3.690340886026985601e+01
7.216516666666666985e+09,-8.301645477840935428e-02,-3.691706916103122182e+01
7.216580000000000000e+09,1.601579356957927303e-05,-3.685790126631336960e+01
7.216643333333333015e+09,5.882523193727706712e-02,-3.682295662602344777e+01
7.216706666666666985e+09,-4.696926012471891454e-02,-3.695261569393989731e+01
7.216770000000000000e+09,-5.175474848699934682e-02,-3.698126575815630446e+01
7.216833333333333015e+09,-1.898869207339259901e-02,-3.697236427759648336e+01
7.216896666666666985e+09,4.837580701206434242e-03,-3.697240258067634500e+01
7.216960000000000000e+09,-3.704241997246526807e-02,-3.703814715720413631e+01
7.217023333333333015e+09,-6.361398015439334586e-02,-3.708858329323985004e+01
7.217086666666666985e+09,4.919928785701443985e-02,-3.699963460108290292e+01
7.217150000000000000e+09,-4.016368427548400177e-02,-3.711286214906952097e+01
7.217213333333333015e+09,-1.170079264876946468e-01,-3.721357096713552437e+01
7.217276666666666985e+09,-3.342347679190993404e-02,-3.715385109329419322e+01
7.217340000000000000e+09,-5.787001981295958331e-02,-3.720216221216936248e+01
7.217403333333333015e+09,3.583857410615820527e-02,-3.713231819410437140e+01
7.217466666666666985e+09,6.041179022805209797e-02,-3.713160955383659712e+01
7.217530000000000000e+09,-7.465525463214106594e-02,-3.729054117455091699e+01
7.217593333333333015e+09,-1.973209366497741257e-02,-3.725948258943787295e+01
7.217656666666666985e+09,2.980112317715111203e-03,-3.726063495930930713e+01
7.217720000000000000e+09,-2.714857920018687309e-02,-3.731462822668132873e+01
7.217783333333333015e+09,2.993822300219051158e-02,-3.728140600033307095e+01
7.217846666666666985e+09,-1.298566095375264240e-02,-3.734819446014347477e+01
7.217910000000000000e+09,2.958640352107266835e-02,-3.732948697152243511e+01
7.217973333333333015e+09,-1.026419495862427311e-01,-3.748557990048387722e+01
7.218036666666666985e+09,-9.365574473806503875e-02,-3.750045827149015309e+01
7.218100000000000000e+09,9.825896847075910046e-03,-3.742084120575880490e+01
7.218163333333333015e+09,9.712420205758576230e-03,-3.744481925825424184e+01
7.218226666666666985e+09,-1.184506584832476506e-01,-3.759684691279770163e+01
7.218290000000000000e+09,-8.005782917965831302e-02,-3.758231865934790505e+01
7.218353333333333015e+09,-7.350329091780594126e-02,-3.759962869694017229e+01
7.218416666666666985e+09,1.849454758264812426e-03,-3.754814052711856220e+01
7.218480000000000000e+09,-1.028865897711241928e-01,-3.767674114750173686e+01
7.218543333333333015e+09,7.834223121862038397e-02,-3.751937690236611189e+01
7.218606666666666985e+09,-9.681368900533726674e-02,-3.771839739844453021e+01
7.218670000000000000e+09,-1.143811926960864866e-01,-3.775982947798939904e+01
7.218733333333333015e+09,1.004104611125811175e-01,-3.756890240003452419e+01
7.218796666666666985e+09,-2.561750201763146606e-02,-3.771879493901919034e+01
7.218860000000000000e+09,-5.717712257066409620e-02,-3.777421913542634968e+01
7.218923333333333015e+09,-1.359348737915411220e-02,-3.775450007608862535e+01
7.218986666666666985e+09,-6.600210215469815012e-02,-3.783077326671862295e+01
7.219050000000000000e+09,-7.489716400178281219e-02,-3.786353290441983432e+01
7.219113333333333015e+09,-2.934309576512106332e-02,-3.784184341203695823e+01
7.219176666666666985e+09,-1.001409154029175852e-02,-3.784637898366658959e+01
7.219240000000000000e+09,4.476933703200813852e-02,-3.781546013094840930e+01
7.219303333333333015e+09,-4.775525570514105311e-02,-3.793184929953968521e+01
7.219366666666666985e+09,-2.092509674059783720e-02,-3.792888371642926160e+01
7.219430000000000000e+09,-8.168198612253263491e-03,-3.793999139415503663e+01
7.219493333333333015e+09,-5.629106002601247383e-02,-3.801197883142292255e+01
7.219556666666666985e+09,-2.379917344419624214e-02,-3.800335152069522593e+01
7.219620000000000000e+09,5.126183796026140271e-02,-3.795215508514489500e+01
7.219683333333333015e+09,5.481499732123040758e-02,-3.797246650163804560e+01
7.219746666666666985e+09,-2.130307765907701878e-02,-3.807244915247281369e+01
7.219810000000000000e+09,6.119527101309785166e-02,-3.801381537965442448e+01
7.219873333333333015e+09,6.734526141809737965e-02,-3.803152996510354455e+01
7.219936666666666985e+09,3.895015503612597740e-02,-3.808378964733997663e+01
7.220000000000000000e+09,-8.898332665752661796e-02,-3.823558770488741487e+01
7.220063333333333015e+09,-8.974728844358281776e-02,-3.826021624252759779e+01
7.220126666666666985e+09,2.371234623424811616e-02,-3.817062118370422041e+01
7.220190000000000000e+09,-4.071348732067292531e-02,-3.825891159311292711e+01
7.220253333333333015e+09,-3.001087283681869167e-02,-3.827207355448319959e+01
7.220316666666666985e+09,-8.884401475676639848e-02,-3.835477127225760086e+01
7.220380000000000000e+09,-1.137433608161515508e-01,-3.840353519417077877e+01
7.220443333333333015e+09,9.506146915168756095e-02,-3.821859494005705926e+01
7.220506666666666985e+09,-6.974211193199408854e-02,-3.840726309699520158e+01
7.220570000000000000e+09,-8.960164224333766469e-03,-3.837034572514166086e+01
7.220633333333333015e+09,-5.731397525722314867e-02,-3.844256411202833590e+01
7.220696666666666985e+09,4.945739862478149007e-02,-3.835965731400079193e+01
7.220760000000000000e+09,-5.208041334122270882e-02,-3.848505970182091573e+01
7.220823333333333015e+09,1.119149389325002630e-03,-3.845572471494416078e+01
7.220886666666666985e+09,-3.346436169984201570e-02,-3.851417280188778136e+01
7.220950000000000000e+09,-3.891432579384002111e-02,-3.854348734183589897e+01
7.221013333333333015e+09,6.166078256045182115e-02,-3.846677680933539989e+01
7.221076666666666985e+09,-5.443095131197139835e-02,-3.860673311906227667e+01
7.221140000000000000e+09,-1.569001405762548984e-03,-3.857773574501019453e+01
7.221203333333333015e+09,7.108852875382609682e-02,-3.852894279070472550e+01
7.221266666666666985e+09,-4.109526390592321832e-02,-3.866499115921860152e+01
7.221330000000000000e+09,3.086382579918733882e-02,-3.861689664536761057e+01
7.221393333333333015e+09,-9.589458537161732465e-02,-3.876751963239253485e+01
7.221456666666666985e+09,-2.044901085486827697e-02,-3.871593863372991251e+01
7.221520000000000000e+09,5.461064417217897926e-02,-3.866474355455698486e+01
7.221583333333333015e+09,-8.605368945402602776e-02,-3.882927246403731658e+01
7.221646666666666985e+09,-1.062141671897478545e-01,-3.887329751762715802e+01
7.221710000000000000e+09,-1.111734541916575836e-02,-3.880206527171069553e+01
7.221773333333333015e+09,-1.145301126106517131e-01,-3.892934261475630819e+01
7.221836666666666985e+09,-3.671108799250077936e-02,-3.887538816599261082e+01
7.221900000000000000e+09,-4.205104668277925839e-02,-3.890459270053668206e+01
7.221963333333333015e+09,-1.062766893515032507e-02,-3.889703389864317273e+01
7.222026666666666985e+09,-1.421225676646997726e-01,-3.905239337322718285e+01
7.222090000000000000e+09,2.238321573465640313e-02,-3.891175216568161233e+01
7.222153333333333015e+09,-6.652395727263638037e-02,-3.902452391454302472e+01
7.222216666666666985e+09,-1.257274778872741194e-01,-3.910759201101212312e+01
7.222280000000000000e+09,-1.115099026717345509e-01,-3.911723901165036921e+01
7.222343333333333015e+09,-1.618801659473945165e-01,-3.919147385078015589e+01
7.222406666666666985e+09,-4.502559368591363409e-02,-3.909848385437312857e+01
7.222470000000000000e+09,-5.758677264576306243e-02,-3.913490960918710471e+01
7.222533333333333015e+09,-7.531011649879815195e-02,-3.917649752889392545e+01
7.222596666666666985e+09,-1.175482812613921624e-01,-3.924260026951097302e+01
7.222660000000000000e+09,-6.392640400295590553e-02,-3.921284296810666348e+01
7.222723333333333015e+09,-3.285019052584203791e-02,-3.920563133048333526e+01
7.222786666666666985e+09,1.094614503973900810e-02,-3.918569957077221488e+01
7.222850000000000000e+09,-2.257233107443568088e-02,-3.924308262274050918e+01
7.222913333333333015e+09,1.696736101315821088e-03,-3.924267813141854333e+01
7.222976666666666985e+09,-6.609002650831996561e-02,-3.933432946988263978e+01
7.223040000000000000e+09,-3.098638189799629572e-02,-3.932309040112643572e+01
7.223103333333333015e+09,-1.453962030719893050e-01,-3.946136479815455544e+01
7.223166666666666985e+09,8.915752614399252707e-03,-3.933091741832228649e+01
7.223230000000000000e+09,-1.001231893944094509e-01,-3.946382093618522191e+01
7.223293333333333015e+09,-5.606959109492493099e-03,-3.939316928175442456e+01
7.223356666666666985e+09,6.433763419815363704e-02,-3.934708926430089804e+01
7.223420000000000000e+09,-4.297645510860093054e-02,-3.947826792946177932e+01
7.223483333333333015e+09,-2.674466160281951943e-02,-3.948590071181011751e+01
7.223546666666666985e+09,-2.637923755492010969e-02,-3.950939986361634482e+01
7.223610000000000000e+09,-1.379009433239133386e-01,-3.964478614523945765e+01
7.223673333333333015e+09,6.215001843212064614e-02,-3.946859975933754328e+01
7.223736666666666985e+09,-6.519258861480636824e-03,-3.956113361248560523e+01
7.223800000000000000e+09,1.021975197016189441e-01,-3.947628140977629130e+01
7.223863333333333015e+09,-1.231776662829275892e-02,-3.961466127196032971e+01
7.223926666666666985e+09,-1.238934976275771760e-01,-3.975010157881406769e+01
7.223990000000000000e+09,-4.195615032595156890e-02,-3.969202880736623484e+01
7.224053333333333015e+09,-1.319142425094810278e-02,-3.968712865714535099e+01
7.224116666666666985e+09,-1.370000346126829527e-01,-3.983480184336154650e+01
7.224180000000000000e+09,1.454779338158900259e-01,-3.957618845078675918e+01
7.224243333333333015e+09,-6.045814318004261168e-02,-3.980598910363681142e+01
7.224306666666666985e+09,1.749412114767068260e-02,-3.975190141516355880e+01
7.224370000000000000e+09,-5.505761516701568326e-03,-3.979876587368205065e+01
7.224433333333333015e+09,2.524077748626041284e-02,-3.979188391053287432e+01
7.224496666666666985e+09,-7.930122121636173915e-02,-3.992029048508995714e+01
7.224560000000000000e+09,-5.498005558999352616e-02,-3.991983389531770854e+01
7.224623333333333015e+09,-9.719707662851106988e-02,-3.998591549221001884e+01
7.224686666666666985e+09,-8.132083792946076528e-02,-3.999390382936542210e+01
7.224750000000000000e+09,2.906531724352845458e-02,-3.990738225004655959e+01
7.224813333333333015e+09,-2.214502399215234618e-02,-3.998245716713602604e+01
7.224876666666666985e+09,-7.264218397468624744e-02,-4.005681890297301351e+01
7.224940000000000000e+09,-1.239998862488249642e-01,-4.013204118110127894e+01
7.225003333333333015e+09,-6.391035803063971343e-02,-4.009581622873721329e+01
7.225066666666666985e+09,2.976139692678003712e-02,-4.002600904963392026e+01
7.225130000000000000e+09,-5.110107176112421712e-02,-4.013073609417594412e+01
7.225193333333333015e+09,-4.938205286613595035e-02,-4.015288165113508256e+01
7.225256666666666985e+09,-1.828465476195262340e-01,-4.031021072174259245e+01
7.225320000000000000e+09,-1.448753563719407111e-02,-4.016571628561437990e+01
7.225383333333333015e+09,5.151831217897751003e-02,-4.012357501365233503e+01
7.225446666666666985e+09,-1.245699893393563684e-01,-4.032352789102478852e+01
7.225510000000000000e+09,-3.014407154946496803e-02,-4.025296654908902383e+01
7.225573333333333015e+09,-6.269853044218365312e-02,-4.030938558383586212e+01
7.225636666666666985e+09,-2.476875485392326937e-02,-4.029532038410206241e+01
7.225700000000000000e+09,-2.535664881133925519e-02,-4.031977285391326404e+01
7.225763333333333015e+09,-7.963148536537545397e-02,-4.039791226632141985e+01
7.225826666666666985e+09,-1.096732595088667495e-01,-4.045181861631937181e+01
7.225890000000000000e+09,-3.550408877824651199e-02,-4.040151402144253723e+01
7.225953333333333015e+09,-7.535339083071335153e-02,-4.046522789934913078e+01
7.226016666666666985e+09,-7.496398970341999757e-02,-4.048870307407629099e+01
7.226080000000000000e+09,-3.145304864863618377e-02,-4.046905670887529283e+01
7.226143333333333015e+09,-1.343214195437525404e-02,-4.047490037803515861e+01
7.226206666666666985e+09,-1.714412326303715872e-01,-4.065677404456560851e+01
7.226270000000000000e+09,-1.158464644482393169e-02,-4.052078203423418756e+01
7.226333333333333015e+09,-9.605306310081829224e-02,-4.062911502674396758e+01
7.226396666666666985e+09,-8.420024462293440592e-02,-4.064112678412054436e+01
7.226460000000000000e+09,-4.746487026208967563e-02,-4.062825598561381923e+01
7.226523333333333015e+09,-1.056163870652255810e-01,-4.071027207827074079e+01
7.226586666666666985e+09,-4.660625007525709407e-02,-4.067512651713523297e+01
7.226650000000000000e+09,-1.637346410243125661e-01,-4.081611948393840805e+01
7.226713333333333015e+09,-2.071105673694972893e-02,-4.069696047550483797e+01
7.226776666666666985e+09,-1.181173996594893083e-01,-4.081823139428183111e+01
7.226840000000000000e+09,-2.143761322469117658e-02,-4.074541618370115259e+01
7.226903333333333015e+09,-1.387194587922024880e-01,-4.088656260512279061e+01
7.226966666666666985e+09,-4.492686190293682102e-02,-4.081663458408764455e+01
7.227030000000000000e+09,-1.283253152122298957e-01,-4.092389761325106434e+01
7.227093333333333015e+09,8.220126759532320193e-03,-4.081121674713342173e+01
7.227156666666666985e+09,-8.722711633183166668e-03,-4.085202416138026393e+01
7.227220000000000000e+09,-2.360290009492160834e-02,-4.089076892569612198e+01
7.227283333333333015e+09,-7.514600799490978034e-02,-4.096617660945022976e+01
7.227346666666666985e+09,-7.265473284041235047e-02,-4.098754991014985904e+01
7.227410000000000000e+09,-7.280713642253289208e-02,-4.101156688958609919e+01
7.227473333333333015e+09,6.432435650538081973e-03,-4.095619189336715493e+01
7.227536666666666985e+09,-1.999012380199403083e-01,-4.118639014289208689e+01
7.227600000000000000e+09,-8.165945814128861002e-02,-4.109201293886722794e+01
7.227663333333333015e+09,2.233285277704055716e-02,-4.101188520380301838e+01
7.227726666666666985e+09,-5.424847208794858489e-02,-4.111233110452246109e+01
7.227790000000000000e+09,-1.248954614013229047e-01,-4.120684266968962817e+01
7.227853333333333015e+09,4.177183640337744919e-02,-4.106403994773904742e+01
7.227916666666666985e+09,-4.925744184654945457e-02,-4.117893380184343499e+01
7.227980000000000000e+09,-1.896047434655798725e-01,-4.134314567931625106e+01
7.228043333333333015e+09,-5.726284651842661333e-02,-4.123466835822321741e+01
7.228106666666666985e+09,-8.851140299820059454e-02,-4.128978149055745206e+01
7.228170000000000000e+09,-4.611142564110792819e-02,-4.127124608905447900e+01
7.228233333333333015e+09,-1.023006011018523509e-01,-4.135129984036901618e+01
7.228296666666666985e+09,-5.841730554341495463e-02,-4.133128112066503235e+01
7.228360000000000000e+09,-1.129286163001523846e-01,-4.140965700727589649e+01
7.228423333333333015e+09,-6.951906821852560370e-02,-4.139011203504805536e+01
7.228486666666666985e+09,-7.079089287768169925e-02,-4.141524843556166502e+01
7.228550000000000000e+09,-1.124218950004021167e-01,-4.148074401353851215e+01
7.228613333333333015e+09,-4.024331021759053328e-02,-4.143243000460948622e+01
7.228676666666666985e+09,-1.481774666571595844e-01,-4.156422873690351594e+01
7.228740000000000000e+09,-2.927928112706723596e-02,-4.146919512722754320e+01
7.228803333333333015e+09,-2.284932339818368519e-02,-4.148662974535244530e+01
7.228866666666666985e+09,-8.935604154923737497e-02,-4.157700103935795966e+01
7.228930000000000000e+09,-1.011126170389715639e-01,-4.161262219070181345e+01
7.228993333333333015e+09,-1.860729831321350503e-01,-4.172144713264910365e+01
7.229056666666666985e+09,-1.209263595256189205e-01,-4.168016508489670713e+01
7.229120000000000000e+09,-1.954726151043573168e-01,-4.177857591632957224e+01
7.229183333333333015e+09,-1.520717117007777119e-01,-4.175903958878011224e+01
7.229246666666666985e+09,-1.691944467741208769e-01,-4.180002689970757501e+01
7.229310000000000000e+09,-8.392596674801211520e-02,-4.173862299553559296e+01
7.229373333333333015e+09,-1.964517836446617594e-01,-4.187501338828636221e+01
7.229436666666666985e+09,-1.069395774674717359e-01,-4.180936575796363286e+01
7.229500000000000000e+09,-1.242224377862370943e-01,-4.185051319413618387e+01
7.229563333333333015e+09,-1.749684685804382411e-01,-4.192512380078451173e+01
7.229626666666666985e+09,-1.746712210576077950e-01,-4.194869112911613485e+01
7.229690000000000000e+09,-1.737071002903860517e-01,-4.197159158420269875e+01
7.229753333333333015e+09,-9.667301971114028447e-02,-4.191842207947757970e+01
7.229816666666666985e+09,-2.778293202791175531e-01,-4.212344295590001053e+01
7.229880000000000000e+09,-2.161770235076048152e-01,-4.208565523498229055e+01
7.229943333333333015e+09,-2.553408694922083555e-01,-4.214868365682101370e+01
7.230006666666666985e+09,-3.405751704835680016e-01,-4.225778253366683401e+01
7.230070000000000000e+09,-3.071726387360627086e-01,-4.224824457777344833e+01
7.230133333333333015e+09,-4.329329470568055171e-01,-4.239786946194797679e+01
7.230196666666666985e+09,-6.618112062974290666e-01,-4.265061229704306101e+01
7.230260000000000000e+09,1.632066724739473784e-01,-4.184945899412580417e+01
7.230323333333333015e+09,4.088877882513912709e-01,-4.162764245420215303e+01
7.230386666666666985e+09,3.513563839480582374e-01,-4.170903843435993963e+01
7.230450000000000000e+09,2.161937999399441424e-01,-4.186806559422217333e+01
7.230513333333333015e+09,1.487518074511697819e-01,-4.195937216256474045e+01
7.230576666666666985e+09,1.041966927294666334e-01,-4.202779185314089716e+01
7.230640000000000000e+09,2.211905197912216181e-01,-4.193466260193326889e+01
7.230703333333333015e+09,1.825400964991317210e-01,-4.199717760107914444e+01
7.230766666666666985e+09,9.172495420617821082e-02,-4.211185731922655151e+01
7.230830000000000000e+09,1.578639109174986288e-01,-4.206958293836935781e+01
7.230893333333333015e+09,5.774011425278047227e-02,-4.219357131088819557e+01
7.230956666666666985e+09,3.819067621797955780e-03,-4.227135693337330480e+01
7.231020000000000000e+09,-3.633046489584046412e-02,-4.233537104174506283e+01
7.231083333333333015e+09,2.194798153607990798e-02,-4.230095717116726917e+01
7.231146666666666985e+09,2.734031525748292779e-02,-4.231942941329998575e+01
7.231210000000000000e+09,3.418115073696981199e-02,-4.233645315367462558e+01
7.231273333333333015e+09,2.639146830735938920e-02,-4.236810741195835561e+01
7.231336666666666985e+09,-2.382842714226285352e-02,-4.244219188326243142e+01
7.231400000000000000e+09,9.118934564125424913e-02,-4.235103868633270707e+01
7.231463333333333015e+09,7.766727961529795721e-02,-4.238842532821278297e+01
7.231526666666666985e+09,4.022782131529822891e-02,-4.244972936236724337e+01
7.231590000000000000e+09,1.298606941030087114e-01,-4.238396106543331854e+01
7.231653333333333015e+09,-1.158632062782771754e-03,-4.253884496745322963e+01
7.231716666666666985e+09,-3.330057573400324600e-02,-4.259485148697891077e+01
7.231780000000000000e+09,-1.776444704378121742e-02,-4.260317993414247439e+01
7.231843333333333015e+09,-2.419745859229038842e-02,-4.263347752154511028e+01
7.231906666666666985e+09,5.285788060461982241e-02,-4.258028675820265363e+01
7.231970000000000000e+09,-8.508557751615342113e-02,-4.274209479217721253e+01
7.232033333333333015e+09,-4.516043580700568327e-03,-4.268538983409588639e+01
7.232096666666666985e+09,-2.838690048174186131e-02,-4.273312526685138124e+01
7.232160000000000000e+09,-1.110571542117924082e-01,-4.283966009643555850e+01
7.232223333333333015e+09,2.962493885449646314e-02,-4.272284257922305528e+01
7.232286666666666985e+09,8.026317536035776357e-03,-4.276830577639597664e+01
7.232350000000000000e+09,2.232797395528507423e-03,-4.279796387239060351e+01
7.232413333333333015e+09,-6.374502285478911290e-02,-4.288780626849470679e+01
7.232476666666666985e+09,5.770728447955519869e-02,-4.279021853701482314e+01
7.232540000000000000e+09,8.643021357130464821e-02,-4.278536018377719330e+01
7.232603333333333015e+09,8.536020000695287990e-02,-4.281029477319533783e+01
7.232666666666666985e+09,6.259501836887437776e-02,-4.285692453068786989e+01
7.232730000000000000e+09,-8.929796015268465226e-02,-4.303268208506355563e+01
7.232793333333333015e+09,-3.244046092802221892e-02,-4.299968916169301281e+01
7.232856666666666985e+09,9.567897142851222725e-03,-4.298154537947625897e+01
7.232920000000000000e+09,5.206526655373977519e-02,-4.296291258591949713e+01
7.232983333333333015e+09,-1.561235091852353207e-02,-4.305445477924588005e+01
7.233046666666666985e+09,6.802034646245402882e-02,-4.299468665771902920e+01
7.233110000000000000e+09,1.083127227921636404e-01,-4.297825885724343919e+01
7.233173333333333015e+09,1.062718737322967399e-01,-4.300416428215743281e+01
7.233236666666666985e+09,5.617965275999381447e-02,-4.307812107898418930e+01
7.233300000000000000e+09,-1.037495896760987080e-02,-4.316854026656557863e+01
7.233363333333333015e+09,3.818163496329418649e-02,-4.314384824848880129e+01
7.233426666666666985e+09,-5.262540226755874073e-02,-4.325851986157410778e+01
7.233490000000000000e+09,9.650733225056029596e-02,-4.313325170290978150e+01
7.233553333333333015e+09,3.709857813075245758e-02,-4.321652503288370895e+01
7.233616666666666985e+09,6.115518512628881354e-02,-4.321633300174263326e+01
7.233680000000000000e+09,1.071090189631647149e-01,-4.319424374375954301e+01
7.233743333333333015e+09,-1.486558882330371034e-01,-4.347387322680986443e+01
7.233806666666666985e+09,4.827406399368072698e-02,-4.330080785043760727e+01
7.233870000000000000e+09,-5.247855666078748982e-02,-4.342542504694586114e+01
7.233933333333333015e+09,-2.794302548629445937e-03,-4.339960536868782270e+01
7.233996666666666985e+09,4.527818945344819213e-02,-4.337539745254020573e+01
7.234060000000000000e+09,-7.713926463669196210e-02,-4.352167948248446550e+01
7.234123333333333015e+09,-2.275079010924940803e-02,-4.349115558381081570e+01
7.234186666666666985e+09,7.339261832881760483e-02,-4.341887675122720225e+01
7.234250000000000000e+09,-2.155842284918207952e-02,-4.353769236825932865e+01
7.234313333333333015e+09,9.375896765383373577e-02,-4.344623955361009848e+01
7.234376666666666985e+09,7.370500394804224698e-02,-4.349015809317034353e+01
7.234440000000000000e+09,-1.453499691556459084e-02,-4.360226266988807708e+01
7.234503333333333015e+09,3.773325002257621463e-02,-4.357385899880372193e+01
7.234566666666666985e+09,-3.318143140162987947e-02,-4.366863825608238869e+01
7.234630000000000000e+09,-5.568939797491623267e-03,-4.366489034033237004e+01
7.234693333333333015e+09,4.874437443829293670e-02,-4.363444160195071220e+01
7.234756666666666985e+09,-6.650515402257894948e-02,-4.377355570626570369e+01
7.234820000000000000e+09,-1.825433534214226938e-02,-4.374916946343939372e+01
7.234883333333333015e+09,-3.141596019901982118e-02,-4.378619566415039088e+01
7.234946666666666985e+09,-6.150638325038215726e-02,-4.384015066305587283e+01
7.235010000000000000e+09,2.195844361956744706e-03,-4.380031301129766064e+01
7.235073333333333015e+09,6.951540674462108882e-02,-4.375685802476911590e+01
7.235136666666666985e+09,3.306891153468427547e-02,-4.381716909583317943e+01
7.235200000000000000e+09,7.012251655093848512e-02,-4.380398006667104482e+01
7.235263333333333015e+09,7.442659466924084199e-02,-4.382354056440686207e+01
7.235326666666666985e+09,-2.392095140467631609e-02,-4.394575268633523990e+01
7.235390000000000000e+09,-3.851450171665504740e-02,-4.398421081250100428e+01
7.235453333333333015e+09,-9.071401368620257699e-02,-4.406027490032467853e+01
7.235516666666666985e+09,-1.173033989041698533e-01,-4.411072886139709937e+01
7.235580000000000000e+09,3.013534418924024294e-02,-4.398715469415747492e+01
7.235643333333333015e+09,-4.487978854925245287e-03,-4.404564259305576712e+01
7.235706666666666985e+09,1.257781506122768178e-02,-4.405244137499406776e+01
7.235770000000000000e+09,3.232367995025953178e-02,-4.405656008595882867e+01
7.235833333333333015e+09,-3.813495359761276404e-02,-4.415088329536082057e+01
7.235896666666666985e+09,-4.676815548764068353e-02,-4.418338107310530916e+01
7.235960000000000000e+09,8.186422307997531789e-02,-4.407861327039181276e+01
7.236023333333333015e+09,-5.704072259242565224e-02,-4.424138279191799938e+01
7.236086666666666985e+09,8.263573315033312383e-02,-4.412557091202970128e+01
7.236150000000000000e+09,-3.704832210087261046e-02,-4.426911954313502662e+01
7.236213333333333015e+09,-1.076860825244096986e-02,-4.426670440514038773e+01
7.236276666666666985e+09,-5.431375144844707847e-03,-4.428523174788724504e+01
7.236340000000000000e+09,5.390695851587423704e-02,-4.424975799008064570e+01
7.236403333333333015e+09,-3.576023590386512296e-02,-4.436328976035417782e+01
7.236466666666666985e+09,-8.242846507709344905e-02,-4.443382256538185970e+01
7.236530000000000000e+09,-1.137606130051622699e-01,-4.448901928916405524e+01
7.236593333333333015e+09,-1.393989801076855883e-01,-4.453852223212069816e+01
7.236656666666666985e+09,8.406135679166482078e-02,-4.433892647107547447e+01
7.236720000000000000e+09,6.386474142190934344e-02,-4.438298766229934955e+01
7.236783333333333015e+09,5.153527176844363566e-04,-4.447020162685770117e+01
7.236846666666666985e+09,5.821846995090140808e-02,-4.443636308547860381e+01
7.236910000000000000e+09,-1.778398467678954376e-02,-4.453623011596041437e+01
7.236973333333333015e+09,-6.166237739720514810e-02,-4.460397308453495668e+01
7.237036666666666985e+09,1.446458324848265420e-02,-4.455171069974338849e+01
7.237100000000000000e+09,1.234068160977841444e-02,-4.457769917723621944e+01
7.237163333333333015e+09,1.056925175772960301e-02,-4.460333518294238786e+01
7.237226666666666985e+09,-2.896777770012448627e-02,-4.466673678825470262e+01
7.237290000000000000e+09,-1.396862067522874895e-02,-4.467560220708359253e+01
7.237353333333333015e+09,2.535211038311757648e-02,-4.466014605187936581e+01
7.237416666666666985e+09,6.282446321426959912e-02,-4.464653827490267446e+01
7.237480000000000000e+09,1.285911287235848022e-01,-4.460463618524714491e+01
7.237543333333333015e+09,-6.861983004019123200e-02,-4.482571171986504055e+01
7.237606666666666985e+09,-3.929133000673346032e-02,-4.482024779568604345e+01
7.237670000000000000e+09,3.919808429415638784e-03,-4.480090123310368000e+01
7.237733333333333015e+09,-4.869749437978754258e-02,-4.487738311176700989e+01
7.237796666666666985e+09,-3.586237518988610873e-02,-4.488841256843156202e+01
7.237860000000000000e+09,4.490139290857797505e-02,-4.483151337618722465e+01
7.237923333333333015e+09,2.306007696679301944e-02,-4.487721926798279526e+01
7.237986666666666985e+09,2.903310205977049918e-02,-4.489511081874427134e+01
7.238050000000000000e+09,1.243145113659238632e-02,-4.493557704552157617e+01
7.238113333333333015e+09,-7.277883604920987182e-02,-4.504465190856116408e+01
7.238176666666666985e+09,-5.775375914036118274e-02,-4.505349140750677606e+01
7.238240000000000000e+09,3.724731450560625490e-04,-4.501922975107547842e+01
7.238303333333333015e+09,3.179276011880460828e-02,-4.501167403995552263e+01
7.238366666666666985e+09,-1.764190127711628975e-02,-4.508497327720589709e+01
7.238430000000000000e+09,-8.149443454506410944e-03,-4.509934539523740682e+01
7.238493333333333015e+09,-1.296186367536478201e-01,-4.524467916439067494e+01
7.238556666666666985e+09,-2.943605066428034434e-02,-4.516836115415542707e+01
7.238620000000000000e+09,-8.902712327205364318e-02,-4.525181680261732708e+01
7.238683333333333015e+09,2.968160295182542541e-03,-4.518368609490421051e+01
7.238746666666666985e+09,-1.768541671202683574e-02,-4.522820424776554660e+01
7.238810000000000000e+09,1.594771466845656960e-02,-4.521843569223918280e+01
7.238873333333333015e+09,4.920646544562856661e-02,-4.520904151731613041e+01
7.238936666666666985e+09,2.355606367302698345e-03,-4.527975695224858299e+01
7.239000000000000000e+09,1.041156360601789288e-01,-4.520186149840982637e+01
7.239063333333333015e+09,9.432327181454525089e-02,-4.523551843850958676e+01
7.239126666666666985e+09,-3.369471757551423252e-03,-4.535707575793613699e+01
7.239190000000000000e+09,4.785062224715375123e-02,-4.532972023978521747e+01
7.239253333333333015e+09,4.277627627844537983e-02,-4.535865916160805256e+01
7.239316666666666985e+09,3.323927657044833950e-02,-4.539206073717050316e+01
7.239380000000000000e+09,7.672858254224479424e-03,-4.544149173134051978e+01
7.239443333333333015e+09,-6.419857241407811443e-02,-4.553722773786294198e+01
7.239506666666666985e+09,4.335265410342969972e-02,-4.545354108719989483e+01
7.239570000000000000e+09,-1.538614217747991120e-01,-4.567461973893190930e+01
7.239633333333333015e+09,-1.083863489702423522e-01,-4.565300924198147214e+01
7.239696666666666985e+09,-1.068734939458622080e-01,-4.567536096281155267e+01
7.239760000000000000e+09,-3.527153864837373476e-04,-4.559270476010629380e+01
7.239823333333333015e+09,8.325671470370821226e-02,-4.553295990586989461e+01
7.239886666666666985e+09,-4.767346150757134637e-03,-4.564484854257881352e+01
7.239950000000000000e+09,-5.163082958544151779e-02,-4.571557660186761751e+01
7.240013333333333015e+09,2.099598512636902115e-02,-4.566681436300959973e+01
7.240076666666666985e+09,1.030232428787769550e-02,-4.570137259970254462e+01
7.240140000000000000e+09,-7.215908092044287514e-02,-4.580769858076499190e+01
7.240203333333333015e+09,-6.813044465469886291e-02,-4.582753452035303354e+01
7.240266666666666985e+09,-1.059577375561815415e-02,-4.579386442530841350e+01
7.240330000000000000e+09,-1.011285608207757036e-01,-4.590826178822769066e+01
7.240393333333333015e+09,-7.819017594084698430e-02,-4.590918797920188155e+01
7.240456666666666985e+09,-1.097011299911727633e-01,-4.596456350910633404e+01
7.240520000000000000e+09,1.593878869143594557e-02,-4.586278816627784494e+01
7.240583333333333015e+09,8.047708335432446347e-03,-4.589454382248797515e+01
7.240646666666666985e+09,3.403098242914381899e-02,-4.589242512424838338e+01
7.240710000000000000e+09,-9.890881049223310129e-03,-4.596021156358087723e+01
7.240773333333333015e+09,-6.757915671152403547e-02,-4.604176441509729756e+01
7.240836666666666985e+09,-2.644554229095064102e-02,-4.602449537653084377e+01
7.240900000000000000e+09,-4.589932392022433305e-03,-4.602650434248604228e+01
7.240963333333333015e+09,8.127316167477260933e-02,-4.596450582427336684e+01
7.241026666666666985e+09,-1.953556091483221735e-02,-4.608917912271743234e+01
7.241090000000000000e+09,-1.041660564144208934e-01,-4.619767419407080666e+01
7.241153333333333015e+09,4.529029933718931034e-02,-4.607208241417331607e+01
7.241216666666666985e+09,2.876367033877613721e-03,-4.613836092233108843e+01
7.241280000000000000e+09,-5.823778762552223043e-02,-4.622333965284427393e+01
7.241343333333333015e+09,6.384532695394540269e-02,-4.612512111411893301e+01
7.241406666666666985e+09,5.724462193403212495e-02,-4.615558639499329985e+01
7.241470000000000000e+09,2.035352112676491743e-02,-4.621634207165435271e+01
7.241533333333333015e+09,-7.608801315765845175e-02,-4.633664818179290279e+01
7.241596666666666985e+09,3.901054515106494591e-02,-4.624541419933863295e+01
7.241660000000000000e+09,-1.625860401657774901e-02,-4.632454792436040236e+01
7.241723333333333015e+09,1.019991242173645674e-01,-4.623015477198024570e+01
7.241786666666666985e+09,-1.518493714500195324e-01,-4.650786784350209047e+01
7.241850000000000000e+09,-6.706391572062386786e-02,-4.644694696362681441e+01
7.241913333333333015e+09,-1.041170306164929116e-01,-4.650786465437647621e+01
7.241976666666666985e+09,-7.325030916242525336e-02,-4.650086250877686211e+01
7.242040000000000000e+09,-7.427211953802270727e-02,-4.652574889500657918e+01
7.242103333333333015e+09,-2.863461823151425278e-02,-4.650397596955386348e+01
7.242166666666666985e+09,8.781663793705263288e-03,-4.649042426338309753e+01
7.242230000000000000e+09,-2.711573434093850210e-02,-4.655018623737186090e+01
7.242293333333333015e+09,-4.643848885604739962e-02,-4.659337356774076255e+01
7.242356666666666985e+09,2.172223758513780467e-02,-4.654907741715403802e+01
7.242420000000000000e+09,1.323475973909182812e-02,-4.658142947085420360e+01
7.242483333333333015e+09,-4.448654434287391268e-02,-4.666301535079028895e+01
7.242546666666666985e+09,8.492427792887724536e-03,-4.663390095450865402e+01
7.242610000000000000e+09,-4.857351065651727140e-02,-4.671483146881217863e+01
7.242673333333333015e+09,8.337786572270289298e-02,-4.660674466828708518e+01
7.242736666666666985e+09,-3.116382577341880733e-02,-4.674515093563732648e+01
7.242800000000000000e+09,-5.904408556057205715e-02,-4.679689577127859934e+01
7.242863333333333015e+09,6.740147498744164523e-02,-4.669431478658471235e+01
7.242926666666666985e+09,-1.572616777939970234e-01,-4.694284251522060458e+01
7.242990000000000000e+09,-5.511315331980881638e-02,-4.686455856660020913e+01
7.243053333333333015e+09,-1.310891150980779685e-01,-4.696439910423259789e+01
7.243116666666666985e+09,-6.919218893057177411e-02,-4.692636675391955237e+01
7.243180000000000000e+09,-6.095702952933379493e-03,-4.688713484379569962e+01
7.243243333333333015e+09,-1.124547938700715122e-01,-4.701735851056695736e+01
7.243306666666666985e+09,1.490379519054130242e-02,-4.691386449736080522e+01
7.243370000000000000e+09,-5.768994544496308663e-03,-4.695840186294962848e+01
7.243433333333333015e+09,-9.395470505043590492e-02,-4.707045214930968768e+01
7.243496666666666985e+09,1.531250288266505777e-03,-4.699883076982544594e+01
7.243560000000000000e+09,-4.776900511585324693e-02,-4.707199560108368530e+01
7.243623333333333015e+09,-9.241441321734100711e-02,-4.714050558503896582e+01
7.243686666666666985e+09,-2.344960829849185302e-02,-4.709540535597457023e+01
7.243750000000000000e+09,-1.553934151205282888e-02,-4.711135966504225792e+01
7.243813333333333015e+09,-6.739222607260586528e-02,-4.718707712545659660e+01
7.243876666666666985e+09,-3.789921381873284645e-03,-4.714733939662031759e+01
7.243940000000000000e+09,-3.683617879374168069e-02,-4.720425022988631270e+01
7.244003333333333015e+09,-1.487587860518857497e-02,-4.720615450555154524e+01
7.244066666666666985e+09,-4.580985633046452676e-02,-4.726095305913128186e+01
7.244130000000000000e+09,-1.057958585629492632e-01,-4.734480363721788621e+01
7.244193333333333015e+09,-2.534902299778707402e-02,-4.728822137750651677e+01
7.244256666666666985e+09,-2.120550992765402043e-02,-4.730794244029083728e+01
7.244320000000000000e+09,-1.065809600024039128e-01,-4.741718246621971389e+01
7.244383333333333015e+09,6.468564050703662360e-02,-4.726978044156439296e+01
7.244446666666666985e+09,-5.256737097035113493e-02,-4.741089802889590032e+01
7.244510000000000000e+09,1.418995386060117880e-02,-4.736800527991907472e+01
7.244573333333333015e+09,-3.906896381145941177e-02,-4.744512877344525492e+01
7.244636666666666985e+09,-9.628968166261131501e-02,-4.752621406715053354e+01
7.244700000000000000e+09,6.592928542362130884e-02,-4.738785967591842052e+01
7.244763333333333015e+09,2.223949211662556991e-02,-4.745541404507953587e+01
7.244826666666666985e+09,-5.650450662287198611e-03,-4.750716856371290930e+01
7.244890000000000000e+09,-8.779457684799041317e-02,-4.761317726575239817e+01
7.244953333333333015e+09,9.774121416548098296e-03,-4.753947314334198637e+01
7.245016666666666985e+09,-9.279099360622922177e-02,-4.766590283421921725e+01
7.245080000000000000e+09,-5.056613027207390587e-02,-4.764754254673884759e+01
7.245143333333333015e+09,2.560754049288505030e-02,-4.759523345182801535e+01
7.245206666666666985e+09,3.108693933519646180e-02,-4.761361862884015750e+01
7.245270000000000000e+09,-5.392260565099604719e-02,-4.772249274968014277e+01
7.245333333333333015e+09,-9.969497982645236789e-02,-4.779212969970971869e+01
7.245396666666666985e+09,-4.702936451875672219e-02,-4.776332866025648372e+01
7.245460000000000000e+09,-3.347860859263107614e-02,-4.777364248018414372e+01
7.245523333333333015e+09,-7.195630233205463355e-03,-4.777122407767884482e+01
7.245586666666666985e+09,5.205558834511236910e-03,-4.778268746446558168e+01
7.245650000000000000e+09,6.643329031735589751e-02,-4.774532430883685663e+01
7.245713333333333015e+09,-5.759242757881111174e-02,-4.789321460258681640e+01
7.245776666666666985e+09,-7.520731740429908996e-02,-4.793469406826675794e+01
7.245840000000000000e+09,-9.707627786613670651e-02,-4.798042760458271516e+01
7.245903333333333015e+09,-1.159579528679586247e-01,-4.802317385543832984e+01
7.245966666666666985e+09,8.433065143211848635e-02,-4.784674982699271339e+01
7.246030000000000000e+09,-6.986062051276320517e-02,-4.802480567479171469e+01
7.246093333333333015e+09,5.743378609911076182e-02,-4.792137584403362638e+01
7.246156666666666985e+09,-1.860182467915194593e-03,-4.800453438845511300e+01
7.246220000000000000e+09,-6.302260658869585086e-02,-4.808956138843001327e+01
7.246283333333333015e+09,-1.686515952617639869e-02,-4.806726851722162053e+01
7.246346666666666985e+09,7.900188159652543618e-03,-4.806636774538991119e+01
7.246410000000000000e+09,-1.679051698736344633e-02,-4.811492302639104679e+01
7.246473333333333015e+09,1.311868750995728305e-01,-4.799081021015823723e+01
7.246536666666666985e+09,3.484645334559388630e-03,-4.814237701577737027e+01
7.246600000000000000e+09,-6.865934130075856956e-02,-4.823838557826681495e+01
7.246663333333333015e+09,-1.923543224098978044e-02,-4.821282624506116576e+01
7.246726666666666985e+09,4.632659465890753836e-03,-4.821282272920874590e+01
7.246790000000000000e+09,-5.576804825068393257e-03,-4.824689676935349070e+01
7.246853333333333015e+09,-4.937239949273930506e-02,-4.831455693987528122e+01
7.246916666666666985e+09,8.207510087402170029e-03,-4.828084160614960041e+01
7.246980000000000000e+09,4.355784043471544464e-02,-4.826935585165607279e+01
7.247043333333333015e+09,-2.586792902691570362e-02,-4.836264619697182354e+01
7.247106666666666985e+09,-5.638648892340114571e-02,-4.841702933272276965e+01
7.247170000000000000e+09,5.334605729240138317e-02,-4.833116136236075278e+01
7.247233333333333015e+09,-5.032589617474059196e-02,-4.845869789168202146e+01
7.247296666666666985e+09,-1.250413454923915424e-01,-4.855727791685412598e+01
7.247360000000000000e+09,5.111222747284216439e-02,-4.840498891974267792e+01
7.247423333333333015e+09,-4.060520211098861409e-02,-4.852057092518063541e+01
7.247486666666666985e+09,-1.272587162355165447e-02,-4.851655617054765202e+01
7.247550000000000000e+09,-5.550767404204748345e-02,-4.858320254882027456e+01
7.247613333333333015e+09,5.849537829516293641e-02,-4.849306407233684979e+01
7.247676666666666985e+09,-1.636143005939842965e-01,-4.873903832708045769e+01
7.247740000000000000e+09,-7.012840333923264780e-02,-4.866941700567982565e+01
7.247803333333333015e+09,4.528674954998734847e-02,-4.857786642864439841e+01
7.247866666666666985e+09,2.381222535014160258e-02,-4.862320552869869772e+01
7.247930000000000000e+09,4.238062561888966684e-02,-4.862850170428407637e+01
7.247993333333333015e+09,-2.759754316320339740e-02,-4.872234444891995508e+01
7.248056666666666985e+09,-6.641796250923448497e-02,-4.878502944412043973e+01
7.248120000000000000e+09,9.260437474551963533e-03,-4.873321561999078000e+01
7.248183333333333015e+09,-2.380242532453280546e-02,-4.879014305864398438e+01
7.248246666666666985e+09,-5.221085903689015595e-02,-4.884241606821046844e+01
7.248310000000000000e+09,-2.195487662305595222e-02,-4.883602466165075384e+01
7.248373333333333015e+09,3.474344193836742534e-02,-4.880319091894345007e+01
7.248436666666666985e+09,-4.946065793988907444e-02,-4.891125959467583328e+01
7.248500000000000000e+09,-2.608460324702832622e-02,-4.891174811583709214e+01
7.248563333333333015e+09,-1.168453803381481748e-01,-4.902637346878233870e+01
7.248626666666666985e+09,1.152184070011799122e-01,-4.881817425729713023e+01
7.248690000000000000e+09,-3.527743637241798069e-02,-4.899253467652484773e+01
7.248753333333333015e+09,-8.162329096839471276e-02,-4.906274510697495117e+01
7.248816666666666985e+09,7.239600985098348929e-02,-4.893259038201002653e+01
7.248880000000000000e+09,7.076664270209676033e-02,-4.895808432501270602e+01
7.248943333333333015e+09,-5.626903171221897537e-02,-4.910898457528114136e+01
7.249006666666666985e+09,-3.493093292218674151e-02,-4.911151105234556979e+01
7.249070000000000000e+09,-3.645808345965662056e-02,-4.913690277873682533e+01
7.249133333333333015e+09,-5.149036581443056093e-03,-4.912945830771273137e+01
7.249196666666666985e+09,-4.018663486147033836e-02,-4.918836048184721932e+01
7.249260000000000000e+09,1.548394291551602464e-02,-4.915655447992401861e+01
7.249323333333333015e+09,-5.716949622119216201e-03,-4.920161994831577346e+01
7.249386666666666985e+09,-8.689555451505981409e-02,-4.930666312906317472e+01
7.249450000000000000e+09,-4.906238848034405464e-02,-4.929269453888257857e+01
7.249513333333333015e+09,-1.238425079049889632e-01,-4.939133923416101624e+01
7.249576666666666985e+09,-1.527769850626370385e-01,-4.944413828717311787e+01
7.249640000000000000e+09,-1.399833233212390837e-01,-4.945520920128584663e+01
7.249703333333333015e+09,8.508856206704962233e-02,-4.925400189175134358e+01
7.249766666666666985e+09,1.058588046478803335e-02,-4.935236914920805873e+01
7.249830000000000000e+09,9.609504506315147410e-03,-4.937721010102065833e+01
7.249893333333333015e+09,-8.775552053145929676e-02,-4.949843970191221842e+01
7.249956666666666985e+09,4.616102753567474792e-02,-4.938838772969954505e+01
7.250020000000000000e+09,-1.716751288657576424e-01,-4.963008846195509705e+01
7.250083333333333015e+09,2.177578313194317161e-03,-4.948010033063027180e+01
7.250146666666666985e+09,-4.976899797132716685e-02,-4.955591148276891289e+01
7.250210000000000000e+09,-1.407388603408392669e-01,-4.967074592099255170e+01
7.250273333333333015e+09,-9.349409278267017953e-02,-4.964736572928850222e+01
7.250336666666666985e+09,-3.115955339178100303e-02,-4.960889576575173265e+01
7.250400000000000000e+09,5.927316580240926669e-04,-4.960100805655605427e+01
7.250463333333333015e+09,-9.291343489002201750e-02,-4.971837879895821999e+01
7.250526666666666985e+09,-7.770261789904964189e-02,-4.972703255782137433e+01
7.250590000000000000e+09,-3.414512569646888096e-02,-4.970733964147291317e+01
7.250653333333333015e+09,-6.337286669985786602e-02,-4.976043195833042176e+01
7.250716666666666985e+09,-2.178074472382718341e-02,-4.974270441220885175e+01
7.250780000000000000e+09,-1.001898054969316831e-01,-4.984497804883574190e+01
7.250843333333333015e+09,-3.254824461332361807e-02,-4.980120106380626055e+01
7.250906666666666985e+09,-1.325637512898154569e-01,-4.992508114633720595e+01
7.250970000000000000e+09,6.617369316543886271e-02,-4.975020827773573728e+01
7.251033333333333015e+09,-1.239511106001103258e-01,-4.996419765735541318e+01
7.251096666666666985e+09,4.220993814278983791e-03,-4.985989012879547744e+01
7.251160000000000000e+09,-2.789476100141285997e-02,-4.991587045946496204e+01
7.251223333333333015e+09,-6.839520934469334179e-02,-4.998023548366236213e+01
7.251286666666666985e+09,-5.991840732242792456e-02,-4.999562325749455738e+01
7.251350000000000000e+09,-8.002547904762025155e-02,-5.003959490507386931e+01
7.251413333333333015e+09,-3.677649132703919577e-02,-5.002021049320708102e+01
7.251476666666666985e+09,-1.501479982828257675e-01,-5.015744657601732115e+01
7.251540000000000000e+09,3.057304676553940226e-02,-5.000059010682308269e+01
7.251603333333333015e+09,-1.252481402202292315e-01,-5.018027586966263698e+01
7.251666666666666985e+09,1.218569969078302506e-01,-4.995703530838903106e+01
7.251730000000000000e+09,1.208136333171694332e-02,-5.009067551781927108e+01
7.251793333333333015e+09,-6.073768980128591011e-02,-5.018735914680605958e+01
7.251856666666666985e+09,-1.575663576579700020e-01,-5.030805239051720434e+01
7.251920000000000000e+09,8.747033841506635099e-02,-5.008688027029828760e+01
7.251983333333333015e+09,-6.553500029213665812e-02,-5.026375018485961021e+01
7.252046666666666985e+09,-8.540090799732524829e-02,-5.030748066841892552e+01
7.252110000000000000e+09,9.483795979804199305e-03,-5.023646054029591568e+01
7.252173333333333015e+09,-7.293260480649621513e-02,-5.034274151693634280e+01
7.252236666666666985e+09,1.858776695670627532e-02,-5.027508572102725992e+01
7.252300000000000000e+09,8.745277489929748072e-02,-5.023008528893878832e+01
7.252363333333333015e+09,-1.096931389244986121e-01,-5.045109577861671113e+01
7.252426666666666985e+09,-2.825616627968230432e-02,-5.039352338182601443e+01
7.252490000000000000e+09,-4.581820398505698222e-02,-5.043494999538551582e+01
7.252553333333333015e+09,-1.105536686462116336e-01,-5.052355003590079008e+01
7.252616666666666985e+09,-5.221102241949182599e-02,-5.048907196552853094e+01
7.252680000000000000e+09,2.390344097968011283e-02,-5.043682207798314465e+01
7.252743333333333015e+09,-9.122182924640043211e-02,-5.057581192406334480e+01
7.252806666666666985e+09,-1.086532972312639345e-01,-5.061710796790266897e+01
7.252870000000000000e+09,-4.290886900871271337e-02,-5.057522811553390341e+01
7.252933333333333015e+09,4.066418716294606384e-02,-5.051551963521636424e+01
7.252996666666666985e+09,1.381465131952097636e-02,-5.056623374691424999e+01
7.253060000000000000e+09,1.244803241746694766e-02,-5.059146494167009678e+01
7.253123333333333015e+09,-3.732799848212664529e-02,-5.066510554842380998e+01
7.253186666666666985e+09,1.888942155964201675e-02,-5.063275270423649488e+01
7.253250000000000000e+09,-1.767232543794250432e-02,-5.069317902708820611e+01
7.253313333333333015e+09,-7.084711556484535322e-02,-5.077021839306889461e+01
7.253376666666666985e+09,-2.204596026231797623e-04,-5.072345631296112600e+01
7.253440000000000000e+09,-9.638090765136553273e-02,-5.084348133686399507e+01
7.253503333333333015e+09,-8.555827824064010656e-02,-5.085652328330705529e+01
7.253566666666666985e+09,4.191572635004803260e-02,-5.075291385457082782e+01
7.253630000000000000e+09,-4.372262812288596479e-02,-5.086241678489788143e+01
7.253693333333333015e+09,1.610548841270542653e-03,-5.084094818378751768e+01
7.253756666666666985e+09,-1.084215421436596216e-01,-5.097484485062690140e+01
7.253820000000000000e+09,7.507476717321992510e-03,-5.088278040762004650e+01
7.253883333333333015e+09,4.323121512460659233e-02,-5.087092124506654756e+01
7.253946666666666985e+09,-5.193522835681818606e-02,-5.098995226440242590e+01
7.254010000000000000e+09,-6.506891996810537648e-02,-5.102695053186783980e+01
7.254073333333333015e+09,5.403787748509358835e-02,-5.093170831026876044e+01
7.254136666666666985e+09,-8.171880350879234811e-02,-5.109132956711677309e+01
7.254200000000000000e+09,-9.170265942366029321e-02,-5.112517799888576064e+01
7.254263333333333015e+09,-1.407444293357826837e-01,-5.119808434465200264e+01
7.254326666666666985e+09,-1.455422945352040642e-01,-5.122674678570555074e+01
7.254390000000000000e+09,-6.824300186845988492e-02,-5.117331206889292616e+01
7.254453333333333015e+09,4.972985237535709757e-02,-5.107920379050323589e+01
7.254516666666666985e+09,4.618093914908882880e-02,-5.110661727958395772e+01
7.254580000000000000e+09,3.275388677049306807e-02,-5.114390890781633914e+01
7.254643333333333015e+09,-2.058881672940060525e-02,-5.122111618717035952e+01
7.254706666666666985e+09,5.952105437135912780e-02,-5.116487089192405335e+01
7.254770000000000000e+09,1.029218173339856435e-01,-5.114533470481521960e+01
7.254833333333333015e+09,-1.390558718674199667e-01,-5.141117696987074481e+01
7.254896666666666985e+09,-4.330949743605572166e-02,-5.133929517129384124e+01
7.254960000000000000e+09,-5.869238800379861232e-02,-5.137854263771536978e+01
7.255023333333333015e+09,-1.096316731998356886e-01,-5.145334649876553357e+01
7.255086666666666985e+09,-9.058873936523070824e-02,-5.145816814078538215e+01
7.255150000000000000e+09,-7.570821355060530777e-02,-5.146715219082487636e+01
7.255213333333333015e+09,-3.469835475714688755e-02,-5.145000690788521069e+01
7.255276666666666985e+09,-1.271127508136657980e-01,-5.156628587979618317e+01
7.255340000000000000e+09,-4.916122969391523156e-02,-5.151219893453055221e+01
7.255403333333333015e+09,1.302076743770186340e-02,-5.147388151325272787e+01
7.255466666666666985e+09,-1.387936464229753142e-01,-5.164956050296786572e+01
7.255530000000000000e+09,-7.863801677265058743e-02,-5.161326944917166060e+01
7.255593333333333015e+09,-4.805226745666146826e-02,-5.160654827570945713e+01
7.255656666666666985e+09,-6.134219675206509237e-02,-5.164370278085932142e+01
7.255720000000000000e+09,1.674850630900692749e-02,-5.158947665365236901e+01
7.255783333333333015e+09,-4.265788304807927034e-02,-5.167274761886324086e+01
7.255846666666666985e+09,9.785722514985906173e-02,-5.155609708651976320e+01
7.255910000000000000e+09,-1.781318232651472044e-01,-5.185595071078888907e+01
7.255973333333333015e+09,1.189757523223278213e-02,-5.168978588814563579e+01
7.256036666666666985e+09,3.587692386794572030e-03,-5.172196034684519361e+01
7.256100000000000000e+09,-1.503672525327459653e-02,-5.176444934033938949e+01
7.256163333333333015e+09,-1.111332909795521573e-01,-5.188441048191978666e+01
7.256226666666666985e+09,3.158119115866497850e-02,-5.176556057563568913e+01
7.256290000000000000e+09,-3.891688384576497128e-02,-5.185992322649424580e+01
7.256353333333333015e+09,-8.326723811616432158e-02,-5.192813815661876475e+01
7.256416666666666985e+09,9.482363662108639346e-03,-5.185925313069495246e+01
7.256480000000000000e+09,-1.260453908114129717e-01,-5.201864546102225972e+01
7.256543333333333015e+09,2.231074492159734746e-02,-5.189415390114336901e+01
7.256606666666666985e+09,-3.367523300715191681e-02,-5.197400445492657894e+01
7.256670000000000000e+09,-1.835364303819986276e-01,-5.214773022815521131e+01
7.256733333333333015e+09,1.468646296977738075e-02,-5.197337191065756201e+01
7.256796666666666985e+09,-1.293689967253044415e-01,-5.214129194620709740e+01
7.256860000000000000e+09,2.973372616295932858e-02,-5.200605379917261928e+01
7.256923333333333015e+09,-7.563740918393335733e-02,-5.213528951037363868e+01
7.256986666666666985e+09,3.636172796174719224e-02,-5.204715494908241169e+01
7.257050000000000000e+09,3.862743126514089909e-02,-5.206875382163281074e+01
7.257113333333333015e+09,-6.965492265921824355e-02,-5.220090075141128949e+01
7.257176666666666985e+09,-4.185684982473247828e-02,-5.219696725443126439e+01
7.257240000000000000e+09,-1.560125083734860141e-01,-5.233498748883413754e+01
7.257303333333333015e+09,-7.920540776148499162e-02,-5.228204496407592927e+01
7.257366666666666985e+09,4.784314920767229751e-02,-5.217886098296122555e+01
7.257430000000000000e+09,3.567533732392291768e-02,-5.221489337069910164e+01
7.257493333333333015e+09,1.318069427478718580e-02,-5.226125258960202302e+01
7.257556666666666985e+09,4.754575712244246688e-02,-5.225075210260882130e+01
7.257620000000000000e+09,-6.263170103096626917e-02,-5.238479413661635675e+01
7.257683333333333015e+09,-1.581406943749641414e-03,-5.234760841838292578e+01
7.257746666666666985e+09,-1.814167963375012960e-02,-5.238803326692738693e+01
7.257810000000000000e+09,-9.419799800303252368e-02,-5.248795416115078893e+01
7.257873333333333015e+09,-3.323026195798206572e-02,-5.245085100095985808e+01
7.257936666666666985e+09,-2.808712410458724662e-02,-5.246957243896058998e+01
7.258000000000000000e+09,1.599447818892230089e-02,-5.244935541252120004e+01
7.258063333333333015e+09,-2.261537304510596869e-02,-5.251182983960935502e+01
7.258126666666666985e+09,1.100359241299742052e-02,-5.250207545000537124e+01
7.258190000000000000e+09,-3.790122561239428478e-02,-5.257484484388488255e+01
7.258253333333333015e+09,4.150293525989212640e-02,-5.251930525886672285e+01
7.258316666666666985e+09,1.301826221576618536e-02,-5.257165450776530236e+01
7.258380000000000000e+09,5.862643102609865764e-03,-5.260267470273225143e+01
7.258443333333333015e+09,-7.341664983950124679e-02,-5.270581857152848215e+01
7.258506666666666985e+09,-9.091159973667117811e-02,-5.274717809728011275e+01
7.258570000000000000e+09,-3.095990379312496543e-02,-5.271109097719035219e+01
7.258633333333333015e+09,-3.010170719769433845e-02,-5.273409735644904117e+01
7.258696666666666985e+09,-2.914726543948376047e-02,-5.275700749054529126e+01
7.258760000000000000e+09,2.879948363252538002e-02,-5.272292531732706777e+01
7.258823333333333015e+09,-1.067844949730769599e-01,-5.288237387178678972e+01
7.258886666666666985e+09,-1.090959915509799316e-01,-5.290854994421915336e+01
7.258950000000000000e+09,-1.388579158244027667e-01,-5.296217644434636895e+01
7.259013333333333015e+09,-1.726825946784060761e-02,-5.286445136384392640e+01
7.259076666666666985e+09,-5.866645093554723189e-02,-5.292971413116609369e+01
7.259140000000000000e+09,-5.485250751497972033e-02,-5.294976476359964579e+01
7.259203333333333015e+09,-1.117699351536955987e-01,-5.303054676709214732e+01
7.259266666666666985e+09,6.034565398940117120e-02,-5.288229575380351122e+01
7.259330000000000000e+09,-3.805395480380724393e-02,-5.300455993845083924e+01
7.259393333333333015e+09,-1.264875573353663185e-02,-5.300301931523435428e+01
7.259456666666666985e+09,-1.649238231911738239e-01,-5.317915895854645214e+01
7.259520000000000000e+09,-2.754225063166870768e-02,-5.306564196184106663e+01
7.259583333333333015e+09,-2.802884091417467971e-02,-5.308999312797736536e+01
7.259646666666666985e+09,-5.929362717749597778e-02,-5.314512249009514022e+01
7.259710000000000000e+09,-1.158218675706095269e-01,-5.322551530634238048e+01
7.259773333333333015e+09,8.043743236527234330e-03,-5.312551427138936333e+01
7.259836666666666985e+09,-4.615143207787042456e-02,-5.320357402255788060e+01
7.259900000000000000e+09,1.458954737604045704e-02,-5.316669761895809643e+01
7.259963333333333015e+09,1.213054289966919441e-02,-5.319302119928858730e+01
7.260026666666666985e+09,-1.936071842771411866e-01,-5.342262350231952439e+01
7.260090000000000000e+09,-1.790562804511139916e-01,-5.343193717434761680e+01
7.260153333333333015e+09,-4.690542562894250977e-02,-5.332365089537956493e+01
7.260216666666666985e+09,7.630763688476349671e-02,-5.322430240871998564e+01
7.260280000000000000e+09,-3.308416753719001235e-02,-5.335755878899605875e+01
7.260343333333333015e+09,-1.001854555227481569e-01,-5.344852465283574361e+01
7.260406666666666985e+09,-1.658439526737041092e-01,-5.353804772584115312e+01
7.260470000000000000e+09,-3.960231652491330578e-02,-5.343567066554614797e+01
7.260533333333333015e+09,-1.098018485995808646e-01,-5.352973477347494224e+01
7.260596666666666985e+09,-1.572446651301220300e-01,-5.360104216585993697e+01
7.260660000000000000e+09,-7.000398560737153275e-02,-5.353766606219097923e+01
7.260723333333333015e+09,-2.141537812079974401e-01,-5.370568043364572475e+01
7.260786666666666985e+09,3.130836968519190577e-02,-5.348408285860699607e+01
7.260850000000000000e+09,-1.767845487099961588e-01,-5.371604035285596979e+01
7.260913333333333015e+09,4.303360055131832951e-02,-5.352008677944878201e+01
7.260976666666666985e+09,-1.862702827521474092e-01,-5.377325523860670131e+01
7.261040000000000000e+09,-1.629791562181779341e-01,-5.377382868792685855e+01
7.261103333333333015e+09,4.763859673715842291e-03,-5.362995024788875043e+01
7.261166666666666985e+09,-1.319088484861623556e-01,-5.379048753190308219e+01
7.261230000000000000e+09,-1.550806235897326246e-01,-5.383752388286077917e+01
7.261293333333333015e+09,-9.183063437063765377e-02,-5.379813846949546985e+01
7.261356666666666985e+09,-2.419987843916544534e-01,-5.397217119537094732e+01
7.261420000000000000e+09,-4.971831248712987872e-02,-5.380375529932054235e+01
7.261483333333333015e+09,-1.322662805860517210e-01,-5.391016784327324984e+01
7.261546666666666985e+09,-9.438752168122022113e-02,-5.389615366022287901e+01
7.261610000000000000e+09,-1.591156373372228927e-01,-5.398474635173300129e+01
7.261673333333333015e+09,-2.506199129193333874e-01,-5.410011520316923850e+01
7.261736666666666985e+09,-2.631332921138778147e-01,-5.413649315821790253e+01
7.261800000000000000e+09,-2.356775851590100501e-01,-5.413290202711715438e+01
7.261863333333333015e+09,-4.464764769651097254e-01,-5.436756549477738076e+01
7.261926666666666985e+09,-3.898710121161599318e-01,-5.433482460578255058e+01
7.261990000000000000e+09,-6.035102682787254480e-01,-5.457232843779924281e+01
7.262053333333333015e+09,7.142169805232398971e-01,-5.327846576485139707e+01
7.262116666666666985e+09,3.649328148227866109e-01,-5.365161450640596996e+01
7.262180000000000000e+09,2.676472407068430925e-01,-5.377276465637604019e+01
7.262243333333333015e+09,3.546998517907979931e-01,-5.370957662114620490e+01
7.262306666666666985e+09,1.329339317411708521e-01,-5.395520711705029271e+01
7.262370000000000000e+09,1.479502601406963436e-01,-5.396405536450455287e+01
7.262433333333333015e+09,2.037594763380354834e-01,-5.393211072416133334e+01
7.262496666666666985e+09,1.693233609032986919e-01,-5.399041141545053080e+01
7.262560000000000000e+09,1.118058675642075173e-01,-5.407179348464341473e+01
7.262623333333333015e+09,4.799474063581499195e-03,-5.420266445399816035e+01
7.262686666666666985e+09,4.612823835510226900e-02,-5.418520026556110025e+01
7.262750000000000000e+09,2.625298561584088475e-02,-5.422894009415414018e+01
7.262813333333333015e+09,4.085560803012100450e-02,-5.423820204759398678e+01
7.262876666666666985e+09,9.859258881018462262e-02,-5.420432964266837672e+01
7.262940000000000000e+09,1.354711398759249619e-01,-5.419131566745676309e+01
7.263003333333333015e+09,7.793086894982792501e-02,-5.427272051423664578e+01
7.263066666666666985e+09,-3.263731735707864345e-02,-5.440715327639801302e+01
7.263130000000000000e+09,3.190855146733895253e-02,-5.436647198342771503e+01
7.263193333333333015e+09,7.222262633533205189e-02,-5.435002248441351469e+01
7.263256666666666985e+09,1.186754896177504293e-01,-5.432743419698554987e+01
7.263320000000000000e+09,6.159404260992573654e-02,-5.440838021984750128e+01
7.263383333333333015e+09,9.056997714220216267e-02,-5.440326886116901051e+01
7.263446666666666985e+09,-4.969898705837749731e-03,-5.452267331287150398e+01
7.263510000000000000e+09,-5.907482121607188219e-03,-5.454747547214140013e+01
7.263573333333333015e+09,1.299068928786795141e-02,-5.455244187658604460e+01
7.263636666666666985e+09,3.142548133325107074e-02,-5.455787166039478819e+01
7.263700000000000000e+09,-7.885834278413739185e-02,-5.469202006036629626e+01
7.263763333333333015e+09,2.066213949274242623e-02,-5.461636415394353605e+01
7.263826666666666985e+09,2.239489943763572910e-02,-5.463849596985276946e+01
7.263890000000000000e+09,-1.038128172302776875e-02,-5.469513672686755967e+01
7.263953333333333015e+09,2.174865290433558584e-02,-5.468687136809431593e+01
7.264016666666666985e+09,2.244862266734770628e-02,-5.471003597418542341e+01
7.264080000000000000e+09,2.902785024446785656e-02,-5.472732132246242287e+01
7.264143333333333015e+09,-7.971518039141756162e-03,-5.478818526660015920e+01
7.264206666666666985e+09,7.569289186018579585e-02,-5.472838543255528521e+01
7.264270000000000000e+09,2.817803271606322824e-02,-5.479976486755320053e+01
7.264333333333333015e+09,1.027063523944988788e-01,-5.474910112372888449e+01
7.264396666666666985e+09,-6.152611488630554959e-03,-5.488182466346647459e+01
7.264460000000000000e+09,-3.536339895500617558e-02,-5.493490002678663586e+01
7.264523333333333015e+09,9.683220810421033775e-02,-5.482656899558154606e+01
7.264586666666666985e+09,1.956618060473402920e-02,-5.492769959893547593e+01
7.264650000000000000e+09,-5.306266111184498868e-02,-5.502419301650584060e+01
7.264713333333333015e+09,-6.598873855840281522e-02,-5.506098366980651804e+01
7.264776666666666985e+09,3.674507020105721722e-02,-5.498211443690151867e+01
7.264840000000000000e+09,-3.123475532093067386e-02,-5.507395883827762617e+01
7.264903333333333015e+09,3.953483327717322027e-02,-5.502705382553331503e+01
7.264966666666666985e+09,1.842908331531560862e-01,-5.490616240151179284e+01
7.265030000000000000e+09,-1.777452746736685185e-02,-5.513209233798643538e+01
7.265093333333333015e+09,-3.503942812564275755e-02,-5.517322181449849694e+01
7.265156666666666985e+09,5.969302135690668365e-02,-5.510235394087040106e+01
7.265220000000000000e+09,2.763562790853768547e-03,-5.518314797529058069e+01
7.265283333333333015e+09,1.052789073910318507e-01,-5.510449720654418826e+01
7.265346666666666985e+09,-1.315845760104252804e-01,-5.536522526580010606e+01
7.265410000000000000e+09,3.439245089064968397e-02,-5.522311281475315070e+01
7.265473333333333015e+09,-1.580427835766755607e-01,-5.543941262507460266e+01
7.265536666666666985e+09,-9.127681126000908307e-02,-5.539651122861205579e+01
7.265600000000000000e+09,-5.302639673247000474e-02,-5.538212538993864342e+01
7.265663333333333015e+09,-9.368606473607599128e-03,-5.536233217553390062e+01
7.265726666666666985e+09,-9.814505230873038499e-02,-5.547497319722314302e+01
7.265790000000000000e+09,-6.161247967974503581e-02,-5.546230520044828438e+01
7.265853333333333015e+09,-6.554394110607120183e-02,-5.549010123772873726e+01
7.265916666666666985e+09,-3.063189348189609973e-03,-5.545148506182497528e+01
7.265980000000000000e+09,9.087115800419098832e-03,-5.546319933253048617e+01
7.266043333333333015e+09,-1.724033261429980257e-02,-5.551339135679932468e+01
7.266106666666666985e+09,-3.373474946440779831e-02,-5.555375034950389335e+01
7.266170000000000000e+09,-1.962916586687413201e-02,-5.556350934176015244e+01
7.266233333333333015e+09,1.248227633931975333e-02,-5.555526247540807816e+01
7.266296666666666985e+09,9.362724259516141956e-02,-5.549798208500669716e+01
7.266360000000000000e+09,9.939657609412932970e-02,-5.551607732736150780e+01
7.266423333333333015e+09,-5.904752335477780889e-02,-5.569838600266454165e+01
7.266486666666666985e+09,7.073933830206158291e-02,-5.559246371686215582e+01
7.266550000000000000e+09,-2.471110704243528744e-02,-5.571177873806044545e+01
7.266613333333333015e+09,6.114526371440831554e-02,-5.564978694315772145e+01
7.266676666666666985e+09,-3.927501542980138538e-02,-5.577407179815639182e+01
7.266740000000000000e+09,-5.915207787725762500e-02,-5.581781343645796767e+01
7.266803333333333015e+09,-2.595047902935476714e-02,-5.580847641346385757e+01
7.266866666666666985e+09,3.868983324715458139e-02,-5.576770067704180178e+01
7.266930000000000000e+09,-6.647650547503047846e-02,-5.589673159161811355e+01
7.266993333333333015e+09,1.034567579376712843e-01,-5.575066290405919744e+01
7.267056666666666985e+09,-7.109017408815532235e-03,-5.588509325526013782e+01
7.267120000000000000e+09,-7.299394789235691405e-02,-5.597484276159779881e+01
7.267183333333333015e+09,1.794407795065353639e-01,-5.574627261005269929e+01
7.267246666666666985e+09,6.916521047767787422e-02,-5.588041275493601745e+01
7.267310000000000000e+09,-2.828394939836442745e-02,-5.600172649066617936e+01
7.267373333333333015e+09,4.911768593991894249e-02,-5.594818943118168875e+01
7.267436666666666985e+09,9.491918854522651827e-02,-5.592625250443083473e+01
7.267500000000000000e+09,7.312318246997051574e-02,-5.597191308636021034e+01
7.267563333333333015e+09,-1.012903615152538350e-01,-5.617019120619956141e+01
7.267626666666666985e+09,3.601639917409471536e-02,-5.605674902136433246e+01
7.267690000000000000e+09,-3.551177686350825979e-02,-5.615214177325605505e+01
7.267753333333333015e+09,1.196504952685799594e-01,-5.602084407697809354e+01
7.267816666666666985e+09,-3.930254224133733487e-02,-5.620366169034213755e+01
7.267880000000000000e+09,4.474753308114287620e-02,-5.614347619087377694e+01
7.267943333333333015e+09,-1.885953665119899370e-02,-5.623094783646023842e+01
7.268006666666666985e+09,7.173633515701993701e-02,-5.616421654050648016e+01
7.268070000000000000e+09,6.573265133638273028e-02,-5.619408480018090302e+01
7.268133333333333015e+09,5.301174054235957556e-02,-5.623067028682905288e+01
7.268196666666666985e+09,1.169099716714327997e-02,-5.629585560605872274e+01
7.268260000000000000e+09,5.675849006781419348e-02,-5.627465268901183748e+01
7.268323333333333015e+09,-1.301470165476885654e-01,-5.648542277148145985e+01
7.268386666666666985e+09,-3.345841247503500426e-02,-5.641259874326326695e+01
7.268450000000000000e+09,-1.909187110034338275e-02,-5.642209677774236809e+01
7.268513333333333015e+09,2.078812965278586944e-02,-5.640608135284335845e+01
7.268576666666666985e+09,4.410844077004583141e-02,-5.640662561758055915e+01
7.268640000000000000e+09,3.941886117458892613e-02,-5.643517977303013566e+01
7.268703333333333015e+09,4.107376832426012925e-02,-5.645738944173425011e+01
7.268766666666666985e+09,-8.169266777932193691e-02,-5.660402045369228574e+01
7.268830000000000000e+09,-3.614962222826534344e-02,-5.658234198399535586e+01
7.268893333333333015e+09,1.306833504832383142e-02,-5.655698860257255234e+01
7.268956666666666985e+09,1.482648369245964659e-02,-5.657909502978287719e+01
7.269020000000000000e+09,-8.308455140856096932e-02,-5.670087064073801741e+01
7.269083333333333015e+09,-2.119090000348222702e-02,-5.666284156518673143e+01
7.269146666666666985e+09,-5.470121621035417547e-02,-5.672021645724805694e+01
7.269210000000000000e+09,4.130222049713694332e-02,-5.664807759639469253e+01
7.269273333333333015e+09,-6.158427687071110768e-02,-5.677482866961632624e+01
7.269336666666666985e+09,-1.095591046248500788e-01,-5.684666807322491877e+01
7.269400000000000000e+09,3.918490623576076359e-02,-5.672178863821843464e+01
7.269463333333333015e+09,-3.654727420570935692e-02,-5.682138539451402437e+01
7.269526666666666985e+09,-2.574082718593473373e-02,-5.683444352334837646e+01
7.269590000000000000e+09,7.692232449574731845e-02,-5.675564494752081401e+01
7.269653333333333015e+09,4.535870701778321745e-02,-5.681107314085289772e+01
7.269716666666666985e+09,6.100094406441058936e-02,-5.681929547966039706e+01
7.269780000000000000e+09,-9.846203026143030002e-02,-5.700262302984036467e+01
7.269843333333333015e+09,-1.035936371394967637e-01,-5.703161921257255074e+01
7.269906666666666985e+09,4.698649757563799767e-02,-5.690490365371187664e+01
7.269970000000000000e+09,1.171334805996337991e-02,-5.696404137908132981e+01
7.270033333333333015e+09,2.477430393107482587e-02,-5.697484499906434507e+01
7.270096666666666985e+09,-1.675478409359314469e-01,-5.719103171978580491e+01
7.270160000000000000e+09,1.705895371794952098e-02,-5.703028950098571670e+01
7.270223333333333015e+09,-9.396232978542684577e-02,-5.716517536034321267e+01
7.270286666666666985e+09,-3.930152849696355588e-02,-5.713437913490921005e+01
7.270350000000000000e+09,2.016424521219306598e-02,-5.709877793705383908e+01
7.270413333333333015e+09,-1.527893487083460400e-01,-5.729559610682850490e+01
7.270476666666666985e+09,8.509620387159344546e-02,-5.708157513010301898e+01
7.270540000000000000e+09,-9.009567035626275811e-03,-5.719954547686402435e+01
7.270603333333333015e+09,-7.065287858191737769e-02,-5.728505336426443506e+01
7.270666666666666985e+09,-1.406625355248536380e-02,-5.725233131508946371e+01
7.270730000000000000e+09,1.601483959363747545e-02,-5.724611479779746048e+01
7.270793333333333015e+09,2.936481289741266210e-02,-5.725662940034747805e+01
7.270856666666666985e+09,-1.121042812304295921e-01,-5.742196307032978098e+01
7.270920000000000000e+09,1.958391338316545216e-02,-5.731413945157030554e+01
7.270983333333333015e+09,2.376823982300635407e-02,-5.733381970098425029e+01
7.271046666666666985e+09,-8.639214025110675266e-02,-5.746784465691282406e+01
7.271110000000000000e+09,3.119599036721609764e-02,-5.737412110214862082e+01
7.271173333333333015e+09,-3.202791325224296770e-02,-5.746120958162186554e+01
7.271236666666666985e+09,5.580989592752416684e-02,-5.739723634829655907e+01
7.271300000000000000e+09,3.580156698929926051e-02,-5.744110925308890359e+01
7.271363333333333015e+09,-7.537387785517779548e-02,-5.757614927378750735e+01
7.271426666666666985e+09,9.964361542811417394e-02,-5.742499635635834210e+01
7.271490000000000000e+09,3.419357934282629685e-02,-5.751431096829774958e+01
7.271553333333333015e+09,-3.071839098978301763e-02,-5.760308751448447850e+01
7.271616666666666985e+09,-4.235717771706504209e-02,-5.763859087706588014e+01
7.271680000000000000e+09,3.477878809211887301e-02,-5.758531948711082293e+01
7.271743333333333015e+09,4.251796314105860120e-02,-5.760144488791600992e+01
7.271806666666666985e+09,2.867184340033190892e-03,-5.766496024257148889e+01
7.271870000000000000e+09,1.105929453354832503e-01,-5.758109905742982448e+01
7.271933333333333015e+09,-3.130430858010413431e-02,-5.774686088719953148e+01
7.271996666666666985e+09,3.542546791797462902e-02,-5.770399568655591338e+01
7.272060000000000000e+09,4.764970278644398149e-02,-5.771563602754123679e+01
7.272123333333333015e+09,4.875504859138857228e-02,-5.773839525759041180e+01
7.272186666666666985e+09,5.571474340275983650e-02,-5.775530013863350121e+01
7.272250000000000000e+09,-3.483574189975513491e-02,-5.786971519978979472e+01
7.272313333333333015e+09,-2.767777295247952907e-02,-5.788642180669664583e+01
7.272376666666666985e+09,3.410578428635346881e-02,-5.784850282531226640e+01
7.272440000000000000e+09,8.149763834006051866e-02,-5.782497554711235210e+01
7.272503333333333015e+09,4.479057434054567466e-02,-5.788554718696598655e+01
7.272566666666666985e+09,2.727489091529378129e-02,-5.792692744624569912e+01
7.272630000000000000e+09,-4.234481720856564380e-02,-5.802041173022367815e+01
7.272693333333333015e+09,-1.101223649784017766e-01,-5.811205385384730704e+01
7.272756666666666985e+09,7.666860907242778467e-03,-5.801812920381611605e+01
7.272820000000000000e+09,6.084901365228034820e-02,-5.798881162692520519e+01
7.272883333333333015e+09,4.963246650496699885e-02,-5.802389274992630419e+01
7.272946666666666985e+09,1.651664067767200095e-02,-5.808087315160805275e+01
7.273010000000000000e+09,-7.822869325502068705e-02,-5.819948306139487215e+01
7.273073333333333015e+09,-3.180695953822976207e-03,-5.814829963994746009e+01
7.273136666666666985e+09,6.010433253266711517e-02,-5.810887918731543067e+01
7.273200000000000000e+09,-1.101785593420174791e-01,-5.830302665504423487e+01
7.273263333333333015e+09,-9.529471073487627564e-02,-5.831200738229121328e+01
7.273326666666666985e+09,-4.030560180608944165e-02,-5.828088284921655315e+01
7.273390000000000000e+09,-1.057685370509418021e-01,-5.837021036031553223e+01
7.273453333333333015e+09,-5.655407515381938310e-02,-5.834486047427252942e+01
7.273516666666666985e+09,-2.598616688430865906e-03,-5.831476959166126051e+01
7.273580000000000000e+09,2.585777692486601609e-02,-5.831017777390208323e+01
7.273643333333333015e+09,2.803296388998433031e-02,-5.833186716279109163e+01
7.273706666666666985e+09,4.196871835959825603e-02,-5.834179598417560442e+01
7.273770000000000000e+09,7.842581267141213175e-04,-5.840684502026260816e+01
7.273833333333333015e+09,3.722552903241194144e-02,-5.839426832521102995e+01
7.273896666666666985e+09,-1.034775031411783175e-01,-5.855883593323908087e+01
7.273960000000000000e+09,4.879526505685305438e-02,-5.843042774089483515e+01
7.274023333333333015e+09,-3.885667009048887621e-02,-5.854194425189630380e+01
7.274086666666666985e+09,4.129857343200171726e-02,-5.848565358422826677e+01
7.274150000000000000e+09,-5.365014000343393263e-02,-5.860446687351748807e+01
7.274213333333333015e+09,4.968885106688247788e-02,-5.852499245830129126e+01
7.274276666666666985e+09,-2.518920872571328573e-02,-5.862373509394834770e+01
7.274340000000000000e+09,-6.658480321736703900e-02,-5.868899526429379421e+01
7.274403333333333015e+09,1.709977647840332793e-02,-5.862917526045214345e+01
7.274466666666666985e+09,9.908189405539502559e-02,-5.857105771872961242e+01
7.274530000000000000e+09,1.968089585876242609e-02,-5.867432329278036462e+01
7.274593333333333015e+09,-1.295664361905863871e-01,-5.884743520068349909e+01
7.274656666666666985e+09,-6.599207530343420558e-02,-5.880772541565080047e+01
7.274720000000000000e+09,4.647550478422601827e-02,-5.871912241141726696e+01
7.274783333333333015e+09,4.329887758871109327e-03,-5.878513260429640752e+01
7.274846666666666985e+09,-1.049725953448046312e-01,-5.891829966325454393e+01
7.274910000000000000e+09,-1.183958524543911039e-01,-5.895558749621825001e+01
7.274973333333333015e+09,-6.415512339423656840e-02,-5.892521134301188823e+01
7.275036666666666985e+09,3.895494136805410790e-02,-5.884596585410405112e+01
7.275100000000000000e+09,-6.297019764515709994e-02,-5.897175556897138904e+01
7.275163333333333015e+09,5.169164577610274591e-02,-5.888095830140424880e+01
7.275226666666666985e+09,6.869532385871934821e-02,-5.888781919917575181e+01
7.275290000000000000e+09,-5.940449780294443372e-02,-5.903978359669154230e+01
7.275353333333333015e+09,-6.506955830829497245e-04,-5.900489437032580753e+01
7.275416666666666985e+09,3.514277806314680674e-02,-5.899296547253369738e+01
7.275480000000000000e+09,3.286564813545567176e-02,-5.901910717831550812e+01
7.275543333333333015e+09,2.960080470251114093e-02,-5.904623659760257226e+01
7.275606666666666985e+09,6.851943044587471832e-02,-5.903118254771333540e+01
7.275670000000000000e+09,-1.865252164120150269e-01,-5.931009177042535185e+01
7.275733333333333015e+09,-1.845483781133339107e-02,-5.916588596767878983e+01
7.275796666666666985e+09,1.044942899043022067e-01,-5.906680141581761490e+01
7.275860000000000000e+09,-1.145468625220829040e-01,-5.930970714409777855e+01
7.275923333333333015e+09,-1.118852152395533039e-01,-5.933091007266937567e+01
7.275986666666666985e+09,-2.467734053752224099e-03,-5.924535716733802815e+01
7.276050000000000000e+09,-8.097643343095484170e-02,-5.934773044256902352e+01
7.276113333333333015e+09,2.922858546532580704e-02,-5.926138999952686248e+01
7.276176666666666985e+09,-7.921281405867830472e-02,-5.939369597490532726e+01
7.276240000000000000e+09,-3.888029141547377776e-02,-5.937722802811590839e+01
7.276303333333333015e+09,-6.161922234303318646e-02,-5.942383153489759451e+01
7.276366666666666985e+09,-4.703208372851719332e-02,-5.943310897213753208e+01
7.276430000000000000e+09,8.201263741526787499e-02,-5.932792882684787372e+01
7.276493333333333015e+09,-2.549256516072517798e-02,-5.945929860527765243e+01
7.276556666666666985e+09,-3.889561310086264712e-02,-5.949656622907224346e+01
7.276620000000000000e+09,-2.747117134073562283e-02,-5.950900636316623604e+01
7.276683333333333015e+09,-3.571299557459184371e-02,-5.954111276325388502e+01
7.276746666666666985e+09,1.037317676945974654e-01,-5.942553257583915638e+01
7.276810000000000000e+09,3.289026255978200197e-02,-5.952023865682809145e+01
7.276873333333333015e+09,-7.216654692797419557e-03,-5.958421014993446363e+01
7.276936666666666985e+09,1.763048541887002330e-02,-5.958322758567724975e+01
7.277000000000000000e+09,6.036804950096552602e-02,-5.956435459744927385e+01
7.277063333333333015e+09,-3.215130907609875521e-02,-5.968073853188046485e+01
7.277126666666666985e+09,-6.878279544385890176e-02,-5.974123459410234460e+01
7.277190000000000000e+09,-1.354371166814871685e-02,-5.970986008618075402e+01
7.277253333333333015e+09,-2.363001363724492876e-02,-5.974381096400397695e+01
7.277316666666666985e+09,2.174958828943829303e-02,-5.972229593793142044e+01
7.277380000000000000e+09,-8.360962065665944465e-03,-5.977627106414064428e+01
7.277443333333333015e+09,-1.409863703827340942e-02,-5.980587331496737136e+01
7.277506666666666985e+09,-1.255150597776832910e-02,-5.982819075976098588e+01
7.277570000000000000e+09,-1.705617841923157130e-02,-5.985656000805657584e+01
7.277633333333333015e+09,-1.451272442348710001e-01,-6.000849564972634198e+01
7.277696666666666985e+09,9.053436930564373597e-03,-5.987817954441536017e+01
7.277760000000000000e+09,-3.040155959371304562e-02,-5.994149911679342324e+01
7.277823333333333015e+09,-4.889434099856515559e-02,-5.998385647405239496e+01
7.277886666666666985e+09,6.587772059292262838e-02,-5.989294898831536784e+01
7.277950000000000000e+09,-2.139748473000224749e-02,-6.000408876949208548e+01
7.278013333333333015e+09,4.171387839341633708e-02,-5.996484198222278650e+01
7.278076666666666985e+09,6.072844287862011470e-02,-5.996969199359204339e+01
7.278140000000000000e+09,-4.388926632349665624e-02,-6.009817427864793871e+01
7.278203333333333015e+09,6.488086587933139526e-02,-6.001326872229923737e+01
7.278266666666666985e+09,-2.612684070400206338e-02,-6.012814100473702439e+01
7.278330000000000000e+09,-9.477456859556809832e-04,-6.012682648557310472e+01
7.278393333333333015e+09,-9.463483078161516460e-02,-6.024437814652254986e+01
7.278456666666666985e+09,-2.817401844072264794e-02,-6.020178191003611801e+01
7.278520000000000000e+09,-5.503063812281538958e-02,-6.025250310557233036e+01
7.278583333333333015e+09,-8.230991911828766661e-02,-6.030364696242159539e+01
7.278646666666666985e+09,-8.854454356441721075e-02,-6.033374616272217850e+01
7.278710000000000000e+09,-1.943331473549605448e-01,-6.046339934236684854e+01
7.278773333333333015e+09,5.580005513319719057e-02,-6.023713071573247646e+01
7.278836666666666985e+09,3.133852339467324555e-02,-6.028545682332545397e+01
7.278900000000000000e+09,-2.289908135987417381e-02,-6.036355900393412810e+01
7.278963333333333015e+09,3.027495245742528596e-02,-6.033424954597095535e+01
7.279026666666666985e+09,-9.927182363841779988e-02,-6.048766089792091805e+01
7.279090000000000000e+09,-1.918401139785430587e-02,-6.043143766153447416e+01
7.279153333333333015e+09,-6.235668958657214489e-02,-6.049847491557731161e+01
7.279216666666666985e+09,3.076117462541105851e-02,-6.042922162721945512e+01
7.279280000000000000e+09,-2.781523253084827729e-02,-6.051166261022984116e+01
7.279343333333333015e+09,2.634618028345414587e-02,-6.048136577326965835e+01
7.279406666666666985e+09,-2.590596225186203583e-02,-6.055748249165909414e+01
7.279470000000000000e+09,2.466721048136122363e-02,-6.053077389477999048e+01
7.279533333333333015e+09,2.939364290976698157e-02,-6.054991203820571144e+01
7.279596666666666985e+09,1.026536834113613850e-01,-6.050051657355857060e+01
7.279660000000000000e+09,-1.943137671097616703e-02,-6.064646620953470091e+01
7.279723333333333015e+09,-9.422632786059637056e-02,-6.074512573653844072e+01
7.279786666666666985e+09,-7.107745271544274601e-02,-6.074584143724774776e+01
7.279850000000000000e+09,-5.235808881817405336e-02,-6.075098664920426472e+01
7.279913333333333015e+09,8.222194697417251064e-03,-6.071427094154280013e+01
7.279976666666666985e+09,2.441671797912903230e-02,-6.072194099411554191e+01
7.280040000000000000e+09,-1.832155775759503058e-02,-6.078854384570605163e+01
7.280103333333333015e+09,4.659143022418277269e-02,-6.074749543357840054e+01
7.280166666666666985e+09,-3.595494574537383414e-02,-6.085390638540241071e+01
7.280230000000000000e+09,-3.712967520525012333e-02,-6.087894569071640660e+01
7.280293333333333015e+09,-9.596864297118656850e-02,-6.096164923433613581e+01
7.280356666666666985e+09,-1.071000712685474809e-01,-6.099664523848795739e+01
7.280420000000000000e+09,-1.068577010190807641e-01,-6.102026744409261028e+01
7.280483333333333015e+09,7.607916380875678897e-02,-6.086119515511856548e+01
7.280546666666666985e+09,8.463499489619863425e-02,-6.087650389988557720e+01
7.280610000000000000e+09,-8.321364054535962396e-02,-6.106821711118125506e+01
7.280673333333333015e+09,-1.320882159524714439e-01,-6.114095626244215254e+01
7.280736666666666985e+09,4.231055268697048177e-03,-6.102850156707544471e+01
7.280800000000000000e+09,-5.072261265429034438e-02,-6.110731981085255171e+01
7.280863333333333015e+09,-9.943382613527518288e-02,-6.117989560018732931e+01
7.280926666666666985e+09,-4.529195315326006721e-02,-6.114961830305977486e+01
7.280990000000000000e+09,-1.293133044802772247e-01,-6.125750423024091162e+01
7.281053333333333015e+09,1.138590553047436060e-02,-6.114066959608427965e+01
7.281116666666666985e+09,1.384411697042651213e-01,-6.103747890776460849e+01
7.281180000000000000e+09,2.833566806010878736e-02,-6.117144898526289154e+01
7.281243333333333015e+09,4.281984795014182055e-03,-6.121936724438211286e+01
7.281306666666666985e+09,-7.893823060837945604e-02,-6.132645203563962610e+01
7.281370000000000000e+09,-3.506729571701328041e-02,-6.130644567660237954e+01
7.281433333333333015e+09,7.649981459707788645e-02,-6.121874314214240798e+01
7.281496666666666985e+09,-9.917789604756421795e-03,-6.132902532219870295e+01
7.281560000000000000e+09,2.340602049514473038e-03,-6.134063150639822481e+01
7.281623333333333015e+09,-4.381280082290572864e-02,-6.141064948512476462e+01
7.281686666666666985e+09,-6.955402413552747021e-02,-6.146025528429184703e+01
7.281750000000000000e+09,5.662372558634842790e-02,-6.135794211042374968e+01
7.281813333333333015e+09,-1.092062173281647119e-01,-6.154763662919238953e+01
7.281876666666666985e+09,3.299931177448200970e-02,-6.142929567594419638e+01
7.281940000000000000e+09,-1.456870930295650624e-02,-6.150072827287542765e+01
7.282003333333333015e+09,-1.222788747694636413e-02,-6.152225202690353711e+01
7.282066666666666985e+09,-2.785775672736434672e-02,-6.156174647200841576e+01
7.282130000000000000e+09,-3.957671063567147485e-02,-6.159733000177084250e+01
7.282193333333333015e+09,-5.707043378023257674e-02,-6.163868830076919636e+01
7.282256666666666985e+09,-9.180548290345313944e-03,-6.161466299113376266e+01
7.282320000000000000e+09,-2.934092368021623543e-02,-6.165868794237776029e+01
7.282383333333333015e+09,1.086738555348674140e-01,-6.154453773901646230e+01
7.282446666666666985e+09,3.559072994519851818e-03,-6.167351709741126342e+01
7.282510000000000000e+09,1.445815684579798699e-01,-6.155635917780193012e+01
7.282573333333333015e+09,-1.254905362007789904e-01,-6.185029585831447463e+01
7.282636666666666985e+09,-8.506739156037923522e-02,-6.183373728952853554e+01
7.282700000000000000e+09,6.551289425586048765e-02,-6.170702157956641543e+01
7.282763333333333015e+09,-5.785809776426731332e-02,-6.185425714744033598e+01
7.282826666666666985e+09,-9.551526557950751339e-02,-6.191577889111002975e+01
7.282890000000000000e+09,-1.560628695403210031e-01,-6.200019107092496995e+01
7.282953333333333015e+09,7.891951506738337230e-02,-6.178907326217138518e+01
7.283016666666666985e+09,-7.822676032535724744e-02,-6.197008411341824541e+01
7.283080000000000000e+09,1.359364582915532083e-01,-6.177978547065545456e+01
7.283143333333333015e+09,-2.148360732041965093e-02,-6.196107011212155413e+01
7.283206666666666985e+09,-1.124287687535741043e-02,-6.197469395753061860e+01
7.283270000000000000e+09,-2.286935984547966427e-02,-6.201018501635486047e+01
7.283333333333333015e+09,-2.462501577837628020e-02,-6.203580524814187669e+01
7.283396666666666985e+09,9.057621581984420800e-02,-6.194446859239811687e+01
7.283460000000000000e+09,7.446228866271553670e-02,-6.198444709540903119e+01
7.283523333333333015e+09,-2.842811511168719107e-02,-6.211120207503756063e+01
7.283586666666666985e+09,6.217152300784078989e-02,-6.204446701277248621e+01
7.283650000000000000e+09,-7.317842527724138790e-02,-6.220368153691135404e+01
7.283713333333333015e+09,-1.216795025687886778e-01,-6.227604719005702094e+01
7.283776666666666985e+09,1.971751520254372281e-02,-6.215851474814014921e+01
7.283840000000000000e+09,7.584751391509314544e-02,-6.212624932528139254e+01
7.283903333333333015e+09,2.621478465585624917e-02,-6.219974663039474905e+01
7.283966666666666985e+09,-6.300036410863185665e-03,-6.225612602731592915e+01
7.284030000000000000e+09,7.327463987336102491e-02,-6.220041592688549059e+01
7.284093333333333015e+09,6.162189269979023720e-02,-6.223593324991318099e+01
7.284156666666666985e+09,-2.900073159334226602e-02,-6.235042045006076705e+01
7.284220000000000000e+09,1.768333526132437328e-02,-6.232760095906022713e+01
7.284283333333333015e+09,-2.559726208053092478e-02,-6.239474613225586808e+01
7.284346666666666985e+09,-7.736062470414140080e-03,-6.240074950850021196e+01
7.284410000000000000e+09,2.048046464904018649e-02,-6.239639755723487724e+01
7.284473333333333015e+09,4.736290509335105980e-02,-6.239337969264435912e+01
7.284536666666666985e+09,1.331754406350427189e-02,-6.245128962952865947e+01
7.284600000000000000e+09,5.991086078532958936e-02,-6.242856088866096087e+01
7.284663333333333015e+09,-1.254177061702534957e-01,-6.263775403147032961e+01
7.284726666666666985e+09,-1.523037729729281864e-02,-6.255143127845182249e+01
7.284790000000000000e+09,4.849018070170529882e-02,-6.251157529630695109e+01
7.284853333333333015e+09,-1.150866465324824617e-01,-6.269901669939526556e+01
7.284916666666666985e+09,-7.963354590184934523e-02,-6.268742817461875205e+01
7.284980000000000000e+09,1.226000192755094531e-02,-6.261939920264347137e+01
7.285043333333333015e+09,1.288634120112419623e-02,-6.264263743922401773e+01
7.285106666666666985e+09,-6.957823886138925218e-02,-6.274896659514065789e+01
7.285170000000000000e+09,-4.860628005099698612e-02,-6.275185921218439233e+01
7.285233333333333015e+09,1.018882850238469473e-01,-6.262522922296366801e+01
7.285296666666666985e+09,-1.662305782902819828e-01,-6.291721266213225761e+01
7.285360000000000000e+09,3.205877282733382572e-02,-6.274278788686842034e+01
7.285423333333333015e+09,-3.057402055475222369e-04,-6.279901697575542840e+01
7.285486666666666985e+09,-8.122585056663922387e-02,-6.290380166197097367e+01
7.285550000000000000e+09,-1.722815568527167329e-01,-6.301872194411084394e+01
7.285613333333333015e+09,5.913968884728149078e-02,-6.281116527426496532e+01
7.285676666666666985e+09,-2.959997439155870325e-02,-6.292376951335826618e+01
7.285740000000000000e+09,-1.214362226951593016e-01,-6.303947033751565243e+01
7.285803333333333015e+09,-1.326152557508208929e-02,-6.295516021624970193e+01
7.285866666666666985e+09,-1.823288550017920784e-01,-6.314809212153086548e+01
7.285930000000000000e+09,-9.822102274430477564e-02,-6.308784886512716383e+01
7.285993333333333015e+09,-2.262783530300538359e-02,-6.303612025353999115e+01
7.286056666666666985e+09,-4.370331008325933908e-02,-6.308106030417469867e+01
7.286120000000000000e+09,-1.016455619135641086e-01,-6.316286713185913015e+01
7.286183333333333015e+09,8.309294125415078724e-02,-6.300199320454520091e+01
7.286246666666666985e+09,9.041131298630489255e-03,-6.309990959035518188e+01
7.286310000000000000e+09,-7.354883288651592466e-02,-6.320636413039444790e+01
7.286373333333333015e+09,1.517341555301712219e-01,-6.300494571783155351e+01
7.286436666666666985e+09,7.637706958316670125e-02,-6.310416737963301159e+01
7.286500000000000000e+09,-1.087101299789594577e-02,-6.321528003806820095e+01
7.286563333333333015e+09,-3.454979746403097352e-02,-6.326282339838811453e+01
7.286626666666666985e+09,-2.449117493610941665e-02,-6.327662935171465364e+01
7.286690000000000000e+09,-1.538129422105640742e-01,-6.342981569484322790e+01
7.286753333333333015e+09,8.718616172913584705e-02,-6.321268116675765469e+01
7.286816666666666985e+09,-4.943054669210056318e-02,-6.337316245103301782e+01
7.286880000000000000e+09,-4.089579294507927898e-02,-6.338849227314011614e+01
7.286943333333333015e+09,-4.891175592563001828e-02,-6.342037281197478649e+01
7.287006666666666985e+09,-2.893084053469863193e-02,-6.342425647243797471e+01
7.287070000000000000e+09,-1.250082124313607324e-01,-6.354419842018876352e+01
7.287133333333333015e+09,-6.592459331491085095e-02,-6.350897937692644035e+01
7.287196666666666985e+09,-1.532169415855832995e-01,-6.362013630105123241e+01
7.287260000000000000e+09,-3.967463729054543364e-02,-6.353045857261031415e+01
7.287323333333333015e+09,-4.783175096862635201e-02,-6.356248026214251468e+01
7.287386666666666985e+09,2.186983472624604019e-02,-6.351664325230210295e+01
7.287450000000000000e+09,-6.546778482103832175e-02,-6.362784544770318007e+01
7.287513333333333015e+09,-3.751649733507633755e-02,-6.362375873607133769e+01
7.287576666666666985e+09,-8.079089487537771674e-03,-6.361818590407825980e+01
7.287640000000000000e+09,-1.057691574576153926e-01,-6.373974054790212307e+01
7.287703333333333015e+09,1.690396853378217656e-02,-6.364093199776484511e+01
7.287766666666666985e+09,-8.734522502336972138e-02,-6.376904576717645057e+01
7.287830000000000000e+09,-1.603366640668468790e-02,-6.372159878441355829e+01
7.287893333333333015e+09,-3.846600483386453107e-02,-6.376789569869485774e+01
7.287956666666666985e+09,-1.997640867752039640e-01,-6.395305835649065784e+01
7.288020000000000000e+09,-2.390543153255180187e-01,-6.401621316089509151e+01
7.288083333333333015e+09,6.953077375499105983e-03,-6.379407034404786714e+01
7.288146666666666985e+09,-1.619415366300955839e-01,-6.398682953390791539e+01
7.288210000000000000e+09,7.046721610971218297e-02,-6.377828535702223434e+01
7.288273333333333015e+09,-1.996865005338577248e-03,-6.387461401399107075e+01
7.288336666666666985e+09,-5.436781148127067809e-03,-6.390191850598831280e+01
7.288400000000000000e+09,-1.109783504621262296e-01,-6.403132465115643868e+01
7.288463333333333015e+09,-5.458140283256085468e-02,-6.399879227938065895e+01
7.288526666666666985e+09,4.071871096540036206e-02,-6.392735674143715841e+01
7.288590000000000000e+09,-6.966532376893042056e-04,-6.399263668149436768e+01
7.288653333333333015e+09,-6.524638251973158276e-02,-6.408105098663052956e+01
7.288716666666666985e+09,1.835804540988306144e-03,-6.403783337542394349e+01
7.288780000000000000e+09,-8.546117905704875284e-02,-6.414899493487610016e+01
7.288843333333333015e+09,-1.112002857972100855e-01,-6.419859861747038110e+01
7.288906666666666985e+09,-1.077020179167220704e-03,-6.411233992770645784e+01
7.288970000000000000e+09,-3.803151347497646384e-02,-6.417315899685638669e+01
7.289033333333333015e+09,-9.067779801367237269e-02,-6.424966985724921642e+01
7.289096666666666985e+09,-6.550517037297254319e-02,-6.424836180546263620e+01
7.289160000000000000e+09,-7.943659705273375948e-02,-6.428615780799651702e+01
7.289223333333333015e+09,-8.970586171568584177e-02,-6.432029164851358871e+01
7.289286666666666985e+09,-6.479778767460686595e-02,-6.431924815032697040e+01
7.289350000000000000e+09,-2.244577442428408176e-01,-6.450277268274899711e+01
7.289413333333333015e+09,-1.654790161575334650e-01,-6.446765853051780937e+01
7.289476666666666985e+09,-1.721784147173082147e-01,-6.449822250493204479e+01
7.289540000000000000e+09,9.394133781967184404e-03,-6.434051453228654793e+01
7.289603333333333015e+09,-6.907060594198810577e-02,-6.444284384786462283e+01
7.289666666666666985e+09,-3.793087095431246780e-02,-6.443556868873140786e+01
7.289730000000000000e+09,-2.892643468902491577e-01,-6.471076674052113731e+01
7.289793333333333015e+09,5.728653384991844177e-03,-6.443963831610001591e+01
7.289856666666666985e+09,-1.096112543761194047e-01,-6.457884279971558783e+01
7.289920000000000000e+09,-1.801717968281622007e-01,-6.467326791802175023e+01
7.289983333333333015e+09,-3.474441623473438767e-01,-6.486440485939472467e+01
7.290046666666666985e+09,-2.549163494733761581e-01,-6.479574162237520341e+01
7.290110000000000000e+09,-2.979262205926147544e-01,-6.486261606934857582e+01
7.290173333333333015e+09,-3.800223400169073784e-01,-6.496857676462664699e+01
7.290236666666666985e+09,-3.285578160289901462e-01,-6.494097681649319043e+01
7.290300000000000000e+09,-6.790503059826988874e-01,-6.531533388230101878e+01
7.290363333333333015e+09,-4.929481925947669652e-01,-6.515309634476687961e+01
7.290426666666666985e+09,-4.696714243640229824e-01,-6.515368415239059630e+01
7.290490000000000000e+09,3.384206852632729579e-01,-6.436945661861741996e+01
7.290553333333333015e+09,5.506078629039876660e-01,-6.418113401683082486e+01
7.290616666666666985e+09,6.204645063461384780e-01,-6.413514194924279366e+01
7.290680000000000000e+09,5.060174891999196234e-01,-6.427345354224313212e+01
7.290743333333333015e+09,3.321681065603883098e-01,-6.447116750073679725e+01
7.290806666666666985e+09,2.991715121656994825e-01,-6.452802867098560569e+01
7.290870000000000000e+09,2.118495096471804118e-01,-6.463921524935824436e+01
7.290933333333333015e+09,1.555715090106417620e-01,-6.471935782584890262e+01
7.290996666666666985e+09,1.116716898568768102e-01,-6.478712222085678718e+01
7.291060000000000000e+09,1.642952303718345775e-01,-6.475836325619596323e+01
7.291123333333333015e+09,7.959190995809706237e-02,-6.486693115246382035e+01
7.291186666666666985e+09,1.861320809449580338e-01,-6.478425555733142005e+01
7.291250000000000000e+09,1.361359134432120754e-01,-6.485811630068694456e+01
7.291313333333333015e+09,1.327043791343953671e-01,-6.488541241084988087e+01
7.291376666666666985e+09,9.743618798623288058e-02,-6.494454517785250403e+01
7.291440000000000000e+09,1.344539558643162991e-01,-6.493139198582821336e+01
7.291503333333333015e+09,1.772989100449535727e-01,-6.491241160750169570e+01
7.291566666666666985e+09,6.405722425634507999e-02,-6.504951786914476486e+01
7.291630000000000000e+09,6.748754489801456202e-02,-6.506995212435687392e+01
7.291693333333333015e+09,-2.935741657493906587e-02,-6.519066166168396137e+01
7.291756666666666985e+09,1.033036637806219460e-01,-6.508186515718284681e+01
7.291820000000000000e+09,6.635940531093353911e-02,-6.514267399150666904e+01
7.291883333333333015e+09,6.303075108073130650e-02,-6.516986722159066403e+01
7.291946666666666985e+09,1.690094394646024512e-01,-6.508775310906123934e+01
7.292010000000000000e+09,1.369265100424428283e-01,-6.514370061433753278e+01
7.292073333333333015e+09,9.347702271941216168e-02,-6.521101467751434200e+01
7.292136666666666985e+09,1.144298315577856329e-01,-6.521392644453042919e+01
7.292200000000000000e+09,4.956262390564347697e-03,-6.534726458955177009e+01
7.292263333333333015e+09,1.195371173688641875e-01,-6.525654831042726300e+01
7.292326666666666985e+09,8.814629811604390852e-02,-6.531180370553454395e+01
7.292390000000000000e+09,6.574350318943800175e-02,-6.535807107631526947e+01
7.292453333333333015e+09,1.551002611340095427e-01,-6.529257889422481753e+01
7.292516666666666985e+09,8.785245167760535878e-02,-6.538369127953534132e+01
7.292580000000000000e+09,4.546506783648851524e-02,-6.544994323923057777e+01
7.292643333333333015e+09,1.856034192175286535e-01,-6.533366946370367145e+01
7.292706666666666985e+09,1.163829344559133006e-01,-6.542675452431940641e+01
7.292770000000000000e+09,1.093410963136278724e-01,-6.545766093831581145e+01
7.292833333333333015e+09,-6.605021026265944784e-02,-6.565691682074621838e+01
7.292896666666666985e+09,5.406791067210292567e-02,-6.556066327566557561e+01
7.292960000000000000e+09,-4.420805399635696631e-02,-6.568280381618816932e+01
7.293023333333333015e+09,1.512383584729377617e-01,-6.551122197957299420e+01
7.293086666666666985e+09,-5.454584682536278706e-02,-6.574087076072575542e+01
7.293150000000000000e+09,-4.046052952224954424e-02,-6.575065001927642072e+01
7.293213333333333015e+09,1.633867303274882943e-02,-6.571771539257554196e+01
7.293276666666666985e+09,4.634561922860314098e-02,-6.571157302223414831e+01
7.293340000000000000e+09,-7.933981152025637584e-02,-6.586112302883680059e+01
7.293403333333333015e+09,1.130011632589145165e-01,-6.569264662991174930e+01
7.293466666666666985e+09,1.380245972302134305e-01,-6.569148777179491105e+01
7.293530000000000000e+09,9.771178221035370370e-02,-6.575566516266854933e+01
7.293593333333333015e+09,-2.217671638041451843e-02,-6.589941823711345137e+01
7.293656666666666985e+09,4.543224987942551252e-02,-6.585567384670805779e+01
7.293720000000000000e+09,2.239731534569955329e-02,-6.590257335709591757e+01
7.293783333333333015e+09,9.350192492176745418e-02,-6.585533332337362822e+01
7.293846666666666985e+09,1.226971337208198065e-01,-6.585000269042903653e+01
7.293910000000000000e+09,1.850824366323422510e-02,-6.597805615634074172e+01
7.293973333333333015e+09,8.055621575603311157e-02,-6.593987276010173559e+01
7.294036666666666985e+09,1.803007901708184590e-01,-6.586399276154141091e+01
7.294100000000000000e+09,6.131179062778358002e-02,-6.600684633693856540e+01
7.294163333333333015e+09,6.005512855696792940e-02,-6.603196757486315960e+01
7.294226666666666985e+09,1.591321578646045509e-01,-6.595675512140998364e+01
7.294290000000000000e+09,1.770629930248901474e-02,-6.612204555582621879e+01
7.294353333333333015e+09,-6.862747481761743984e-03,-6.617047917846426230e+01
7.294416666666666985e+09,2.820859885235904585e-02,-6.615927240798460218e+01
7.294480000000000000e+09,9.795531178556871055e-02,-6.611339027090551212e+01
7.294543333333333015e+09,3.224011229541190460e-02,-6.620297004624978854e+01
7.294606666666666985e+09,8.790728851421647505e-02,-6.617116744588510358e+01
7.294670000000000000e+09,1.939901666397076951e-01,-6.608894914361374617e+01
7.294733333333333015e+09,-5.527756986059273459e-02,-6.636208145596816621e+01
7.294796666666666985e+09,7.735395256767674255e-02,-6.625331450939401634e+01
7.294860000000000000e+09,-2.712324669245447240e-02,-6.638165628450826716e+01
7.294923333333333015e+09,-2.437481251472206623e-02,-6.640277242618465436e+01
7.294986666666666985e+09,1.278000357997655101e-01,-6.627446215372462746e+01
7.295050000000000000e+09,1.441280726675557844e-01,-6.628199869271062994e+01
7.295113333333333015e+09,2.290326675445442106e-02,-6.642708807447785091e+01
7.295176666666666985e+09,3.077898624091801594e-02,-6.644307693084584798e+01
7.295240000000000000e+09,-4.856698421710348157e-02,-6.654628747715764803e+01
7.295303333333333015e+09,1.158188476940580358e-01,-6.640576622110062033e+01
7.295366666666666985e+09,5.001684534022388107e-02,-6.649543279930890094e+01
7.295430000000000000e+09,-1.305922911116397245e-02,-6.658237344961408155e+01
7.295493333333333015e+09,6.590925457629737139e-02,-6.652726954178075403e+01
7.295556666666666985e+09,1.461310117794738517e-01,-6.647091236043202400e+01
7.295620000000000000e+09,-3.179386784390203502e-02,-6.667270181590953371e+01
7.295683333333333015e+09,7.985087469117502224e-02,-6.658492164922823520e+01
7.295746666666666985e+09,-6.599131340389874367e-02,-6.675462841317776963e+01
7.295810000000000000e+09,1.412460172237928191e-01,-6.657125565840419767e+01
7.295873333333333015e+09,-1.030121326153050632e-01,-6.683937838409708831e+01
7.295936666666666985e+09,-1.330363243997112477e-02,-6.677353445977621504e+01
7.296000000000000000e+09,6.011634345178151762e-02,-6.672397905973858201e+01
7.296063333333333015e+09,6.134927870360229463e-02,-6.674661070034053978e+01
7.296126666666666985e+09,4.807488219822175779e-02,-6.678374967270038098e+01
7.296190000000000000e+09,-2.966962991067134681e-03,-6.685865609374378948e+01
7.296253333333333015e+09,4.786582429112229420e-02,-6.683168788231539281e+01
7.296316666666666985e+09,4.611824912770146057e-02,-6.685730003333327431e+01
7.296380000000000000e+09,-3.991682831119192087e-02,-6.696719968662628730e+01
7.296443333333333015e+09,1.000100873060887352e-01,-6.685113734686312625e+01
7.296506666666666985e+09,8.862743770211523042e-02,-6.688638457232121937e+01
7.296570000000000000e+09,1.349102308032570363e-01,-6.686396635507421138e+01
7.296633333333333015e+09,6.676005704986209821e-02,-6.695598110468172592e+01
7.296696666666666985e+09,3.072154061294440908e-02,-6.701588419697276322e+01
7.296760000000000000e+09,3.835119695175137622e-02,-6.703211911648807586e+01
7.296823333333333015e+09,8.410644260550270701e-04,-6.709349382486789182e+01
7.296886666666666985e+09,-7.583879637500956505e-02,-6.719403826152341708e+01
7.296950000000000000e+09,1.262787625253452006e-01,-6.701578527847685507e+01
7.297013333333333015e+09,1.403714187310356465e-01,-6.702555719812528423e+01
7.297076666666666985e+09,9.139759347735321171e-02,-6.709839559923342733e+01
7.297140000000000000e+09,7.281583269072200437e-02,-6.714084193587383709e+01
7.297203333333333015e+09,-1.033945687836990146e-02,-6.724786180129706281e+01
7.297266666666666985e+09,-1.150966314635297749e-01,-6.737648355173666914e+01
7.297330000000000000e+09,5.947953547482143222e-02,-6.722577196065211069e+01
7.297393333333333015e+09,-3.383808829616441471e-02,-6.734295416027721615e+01
7.297456666666666985e+09,-1.504540727022174451e-02,-6.734802605510573414e+01
7.297520000000000000e+09,-1.779162649690135822e-02,-6.737463685018620652e+01
7.297583333333333015e+09,4.100777652585918531e-02,-6.733970202301756558e+01
7.297646666666666985e+09,1.169965903994807377e-02,-6.739287471635793736e+01
7.297710000000000000e+09,2.416222763642394966e-03,-6.742602272848836265e+01
7.297773333333333015e+09,1.014135740546038278e-01,-6.735088995305117976e+01
7.297836666666666985e+09,-2.325771338333026961e-02,-6.749942581634357452e+01
7.297900000000000000e+09,-8.279325974561402290e-02,-6.758282593855997789e+01
7.297963333333333015e+09,1.834235583640406730e-01,-6.734047369630411595e+01
7.298026666666666985e+09,1.355547583936953515e-01,-6.741220707212892194e+01
7.298090000000000000e+09,1.371887276451104754e-01,-6.743443767873162642e+01
7.298153333333333015e+09,6.809188644618302533e-02,-6.752739909578434663e+01
7.298216666666666985e+09,2.202635782937534259e-02,-6.759732920025560077e+01
7.298280000000000000e+09,6.073596844998974120e-02,-6.758248416548912019e+01
7.298343333333333015e+09,-1.849217066309449820e-02,-6.768557688045632403e+01
7.298406666666666985e+09,6.354503597043503760e-02,-6.762740424967691411e+01
7.298470000000000000e+09,9.306772574234400963e-03,-6.770550708892723435e+01
7.298533333333333015e+09,9.604746251326901074e-02,-6.764263097484231935e+01
7.298596666666666985e+09,1.292172692636484044e-02,-6.774962128628335734e+01
7.298660000000000000e+09,-1.478724985662438485e-02,-6.780119483892046617e+01
7.298723333333333015e+09,-2.008659309444738028e-02,-6.783035875801240877e+01
7.298786666666666985e+09,1.112022894713220467e-01,-6.772293445130110001e+01
7.298850000000000000e+09,9.583925828982842177e-02,-6.776216205833637218e+01
7.298913333333333015e+09,1.303536388335118090e-01,-6.775151225364682261e+01
7.298976666666666985e+09,3.844046191339600682e-02,-6.786729000642138487e+01
7.299040000000000000e+09,6.020872165538548870e-02,-6.786938632253318815e+01
7.299103333333333015e+09,-6.233193305565976061e-02,-6.801579155309836722e+01
7.299166666666666985e+09,-1.965698398688431325e-01,-6.817389403576599705e+01
7.299230000000000000e+09,1.260315994417027241e-01,-6.787515717230924395e+01
7.299293333333333015e+09,-3.208187656876759775e-02,-6.805713522417383388e+01
7.299356666666666985e+09,-4.990312446093980725e-02,-6.809882104792046675e+01
7.299420000000000000e+09,-3.943095438712873602e-02,-6.811221345370044844e+01
7.299483333333333015e+09,1.473565492017172573e-01,-6.794929052596572205e+01
7.299546666666666985e+09,-2.426317987541892762e-02,-6.814477483089731891e+01
7.299610000000000000e+09,1.817248778084632477e-01,-6.796265134906754213e+01
7.299673333333333015e+09,-8.137954299982652628e-02,-6.824962034572962466e+01
7.299736666666666985e+09,1.586335734566830524e-01,-6.803347180512757575e+01
7.299800000000000000e+09,7.440250246159507697e-02,-6.814156745197678333e+01
7.299863333333333015e+09,6.961171245445996192e-02,-6.817022281783771120e+01
7.299926666666666985e+09,1.543449496758739770e-01,-6.810935415647075786e+01
7.299990000000000000e+09,1.551042893838427972e-02,-6.827205325306236716e+01
7.300053333333333015e+09,4.099215890423124620e-02,-6.827043609895031295e+01
7.300116666666666985e+09,1.050991619272991784e-01,-6.823019367178169148e+01
7.300180000000000000e+09,-4.922352587001910251e-02,-6.840838093543314358e+01
7.300243333333333015e+09,1.271757673519857690e-02,-6.837030440868204550e+01
7.300306666666666985e+09,7.463222698987692638e-02,-6.833225433428148676e+01
7.300370000000000000e+09,9.926487748536771960e-02,-6.833148625964011558e+01
7.300433333333333015e+09,-4.432349556253711853e-02,-6.849893920854214002e+01
7.300496666666666985e+09,2.284204560223628278e-01,-6.825005983281137389e+01
7.300560000000000000e+09,-2.739253659150620024e-02,-6.852973740127936253e+01
7.300623333333333015e+09,5.582151866181561672e-02,-6.847038792188016032e+01
7.300686666666666985e+09,1.651963821859681047e-02,-6.853355437817749873e+01
7.300750000000000000e+09,1.194865488544394339e-02,-6.856198993736477121e+01
7.300813333333333015e+09,2.036854539695411859e-01,-6.839411771413480778e+01
7.300876666666666985e+09,-2.102768277175925959e-02,-6.864269542673055469e+01
7.300940000000000000e+09,3.356808180029702271e-02,-6.861196423801229116e+01
7.301003333333333015e+09,-4.640636801761388597e-02,-6.871580326368432168e+01
7.301066666666666985e+09,1.114430807050297290e-01,-6.858181839081613873e+01
7.301130000000000000e+09,1.670252980670738907e-02,-6.870042351756825383e+01
7.301193333333333015e+09,3.345546212788974572e-02,-6.870753516110119108e+01
7.301256666666666985e+09,-2.330568648818598376e-02,-6.878816088557172748e+01
7.301320000000000000e+09,7.634580158809001205e-02,-6.871237397334923003e+01
7.301383333333333015e+09,-1.625006300059794739e-03,-6.881420935709149944e+01
7.301446666666666985e+09,1.094397511722320360e-01,-6.872700917547366828e+01
7.301510000000000000e+09,6.995959485097102970e-02,-6.879035390764904889e+01
7.301573333333333015e+09,3.572961649399530870e-02,-6.884844846185981737e+01
7.301636666666666985e+09,1.630265470350451551e-01,-6.874501610717322819e+01
7.301700000000000000e+09,9.644338539050067993e-02,-6.883546384467189228e+01
7.301763333333333015e+09,4.815554982521064176e-02,-6.890761625609097507e+01
7.301826666666666985e+09,9.106900618137103720e-02,-6.888856737558926113e+01
7.301890000000000000e+09,3.796960051568021299e-02,-6.896553135710908577e+01
7.301953333333333015e+09,2.461965538838910561e-01,-6.878116897959465348e+01
7.302016666666666985e+09,2.121689777088420215e-02,-6.903001321156212100e+01
7.302080000000000000e+09,2.010949133826898105e-01,-6.887399977180443500e+01
7.302143333333333015e+09,-8.534689828597663563e-02,-6.918430615932722105e+01
7.302206666666666985e+09,9.936724093364546206e-04,-6.912183016448604178e+01
7.302270000000000000e+09,1.993190501248420787e-02,-6.912675650773701364e+01
7.302333333333333015e+09,-3.998477136856593006e-02,-6.921053775997218338e+01
7.302396666666666985e+09,5.620323444959751669e-02,-6.913821433000813954e+01
7.302460000000000000e+09,8.057922088391933357e-02,-6.913770291942793733e+01
7.302523333333333015e+09,-7.200726795527145896e-02,-6.931415398412126194e+01
7.302586666666666985e+09,-5.382549073644327109e-03,-6.927139384109375442e+01
7.302650000000000000e+09,7.850564501335099976e-02,-6.921137022286087870e+01
7.302713333333333015e+09,-1.772543702087148176e-02,-6.933146588074923500e+01
7.302776666666666985e+09,-3.944714678596028534e-03,-6.934154973426140600e+01
7.302840000000000000e+09,1.225812358178757222e-02,-6.934921147185481516e+01
7.302903333333333015e+09,1.179146130403267989e-01,-6.926741955825039554e+01
7.302966666666666985e+09,-1.517960420518704723e-02,-6.942437835135037005e+01
7.303030000000000000e+09,1.412701618955765070e-01,-6.929179316110339926e+01
7.303093333333333015e+09,1.028593157025596838e-01,-6.935406858315053569e+01
7.303156666666666985e+09,-2.680137400835747030e-02,-6.950759384871591351e+01
7.303220000000000000e+09,4.498049581502527872e-02,-6.945967655474630931e+01
7.303283333333333015e+09,4.317530951729509070e-02,-6.948534631689815910e+01
7.303346666666666985e+09,7.199246925463853586e-02,-6.948039373301527633e+01
7.303410000000000000e+09,5.545069576965033775e-02,-6.952080008235438413e+01
7.303473333333333015e+09,1.923214696635966448e-01,-6.940779388431423058e+01
7.303536666666666985e+09,-1.792912851421135656e-02,-6.964190905834649925e+01
7.303600000000000000e+09,3.469468890756388646e-02,-6.961314981677884361e+01
7.303663333333333015e+09,1.793670610835391699e-01,-6.949234202045666109e+01
7.303726666666666985e+09,1.021127681060818304e-01,-6.959346088928856489e+01
7.303790000000000000e+09,9.356517554607535203e-03,-6.971008171569417300e+01
7.303853333333333015e+09,3.114868986344276891e-03,-6.974018794011621480e+01
7.303916666666666985e+09,1.889278422775362287e-01,-6.957823954267948352e+01
7.303980000000000000e+09,2.760184097833473515e-02,-6.976343011983280462e+01
7.304043333333333015e+09,3.875675256711019756e-02,-6.977613978409814877e+01
7.304106666666666985e+09,7.708303541393490832e-02,-6.976167807710545787e+01
7.304170000000000000e+09,2.196679073615825928e-02,-6.984065889763735413e+01
7.304233333333333015e+09,-4.422245983695916038e-02,-6.993071272406459116e+01
7.304296666666666985e+09,6.975022285855914106e-02,-6.984060461722319246e+01
7.304360000000000000e+09,1.093216497615259186e-01,-6.982489776617434529e+01
7.304423333333333015e+09,2.444972055944560907e-02,-6.993363427123055942e+01
7.304486666666666985e+09,6.203387971231677511e-02,-6.991991468793180786e+01
7.304550000000000000e+09,5.436149068536622053e-02,-6.995145165281287802e+01
7.304613333333333015e+09,1.365575510841665618e-02,-7.001602196424394720e+01
7.304676666666666985e+09,1.817391169300179854e-01,-6.987180317827680653e+01
7.304740000000000000e+09,9.787660043456014591e-02,-6.997953027062605713e+01
7.304803333333333015e+09,6.600505291953595588e-02,-7.003526639399520093e+01
7.304866666666666985e+09,-5.844908784509073030e-02,-7.018358511061428828e+01
7.304930000000000000e+09,6.156273373285614525e-02,-7.008743786489011995e+01
7.304993333333333015e+09,-4.618843880673750846e-02,-7.021905361328383322e+01
7.305056666666666985e+09,1.895609340428592304e-01,-7.000716881628869714e+01
7.305120000000000000e+09,8.315762944403104484e-02,-7.013743669674131809e+01
7.305183333333333015e+09,9.132726964217852128e-02,-7.015313163239729022e+01
7.305246666666666985e+09,8.348828512869488350e-02,-7.018483519276523452e+01
7.305310000000000000e+09,5.391057427102907695e-02,-7.023827747947701994e+01
7.305373333333333015e+09,-2.726026828868555185e-02,-7.034331289789052732e+01
7.305436666666666985e+09,1.659810730969866199e-01,-7.017393613235930161e+01
7.305500000000000000e+09,1.209080581809161004e-01,-7.024287372312950595e+01
7.305563333333333015e+09,-1.623504953649046456e-02,-7.040388140670070527e+01
7.305626666666666985e+09,9.755250164106143984e-02,-7.031395843137759982e+01
7.305690000000000000e+09,1.846935318767606304e-01,-7.025068197699603445e+01
7.305753333333333015e+09,2.517070180067548790e-02,-7.043406938292589814e+01
7.305816666666666985e+09,3.110145590817126049e-02,-7.045200320467286303e+01
7.305880000000000000e+09,6.681108260778501062e-02,-7.044015815382736889e+01
7.305943333333333015e+09,1.056568000369679794e-01,-7.042517701225230553e+01
7.306006666666666985e+09,1.730718790658158923e-01,-7.038162650907759144e+01
7.306070000000000000e+09,1.354576346132461140e-01,-7.044310532938426661e+01
7.306133333333333015e+09,8.480988995560778676e-02,-7.051761764989603876e+01
7.306196666666666985e+09,-1.569995954059777432e-02,-7.064199207524636392e+01
7.306260000000000000e+09,1.270903031534942329e-01,-7.052306638840639152e+01
7.306323333333333015e+09,2.198852147915886235e-02,-7.065203274593486071e+01
7.306386666666666985e+09,2.798314044912331156e-02,-7.066990270281900166e+01
7.306450000000000000e+09,1.018153093057634351e-01,-7.061993510981649536e+01
7.306513333333333015e+09,1.029020872215227200e-01,-7.064271290775485568e+01
7.306576666666666985e+09,9.215115244880678347e-02,-7.067732841838203228e+01
7.306640000000000000e+09,-1.626017646995592258e-02,-7.080960432315458775e+01
7.306703333333333015e+09,1.653657705716682358e-01,-7.065184295196706898e+01
7.306766666666666985e+09,5.617528820138772971e-03,-7.083545576957307333e+01
7.306830000000000000e+09,7.571165975672045079e-02,-7.078922621449027019e+01
7.306893333333333015e+09,2.361805210093592677e-01,-7.065262192909175099e+01
7.306956666666666985e+09,1.318071624004630849e-01,-7.078085986355510784e+01
7.307020000000000000e+09,-8.096871839796904169e-03,-7.094462847364914637e+01
7.307083333333333015e+09,5.121747803995901904e-02,-7.090917869962352427e+01
7.307146666666666985e+09,9.811283311236707050e-03,-7.097444947020669304e+01
7.307210000000000000e+09,2.713186267848755051e-02,-7.098099346669357601e+01
7.307273333333333015e+09,2.047542798641188710e-01,-7.082723562536173745e+01
7.307336666666666985e+09,1.472728619766456859e-01,-7.090858161910365709e+01
7.307400000000000000e+09,8.693467693545642305e-02,-7.099278437999898017e+01
7.307463333333333015e+09,4.528423737428965978e-02,-7.105829939541392548e+01
7.307526666666666985e+09,8.934561815463837320e-02,-7.103810259048803744e+01
7.307590000000000000e+09,8.187415240608686418e-02,-7.106943863209070855e+01
7.307653333333333015e+09,1.874691934635990265e-01,-7.098770816688697494e+01
7.307716666666666985e+09,1.544209248583143790e-01,-7.104462101134673446e+01
7.307780000000000000e+09,1.212835309041793153e-01,-7.110162298115497492e+01
7.307843333333333015e+09,1.231166705380104531e-01,-7.112365441737493654e+01
7.307906666666666985e+09,1.792695961700019325e-01,-7.109136606759740573e+01
7.307970000000000000e+09,4.459764301580548818e-02,-7.124990259660572178e+01
7.308033333333333015e+09,3.486982246052150458e-02,-7.128349499301513958e+01
7.308096666666666985e+09,1.855459169977109468e-01,-7.115668347433205554e+01
7.308160000000000000e+09,1.520072677386963278e-02,-7.135089324041003067e+01
7.308223333333333015e+09,-2.079150777659322102e-02,-7.141075005081461313e+01
7.308286666666666985e+09,2.129227703419047657e-01,-7.120090034855023475e+01
7.308350000000000000e+09,6.570606037337256566e-02,-7.137198163437290077e+01
7.308413333333333015e+09,1.155176303827403217e-01,-7.134603464021765262e+01
7.308476666666666985e+09,1.331644047039901579e-01,-7.135225244175086345e+01
7.308540000000000000e+09,2.755535392277863593e-02,-7.148172606838585352e+01
7.308603333333333015e+09,1.052731117816705364e-01,-7.142787288638108123e+01
7.308666666666666985e+09,1.172882101219698825e-01,-7.143972236389524255e+01
7.308730000000000000e+09,1.560633585734194639e-02,-7.156526881401366325e+01
7.308793333333333015e+09,7.945623908719312567e-02,-7.152528348663793167e+01
7.308856666666666985e+09,1.065821025135136324e-01,-7.152202219906607183e+01
7.308920000000000000e+09,6.345825328411081045e-02,-7.158901062414925320e+01
7.308983333333333015e+09,1.783534071290375778e-01,-7.149798004615846025e+01
7.309046666666666985e+09,9.247782855349839792e-02,-7.160772020058844589e+01
7.309110000000000000e+09,4.432914963295786492e-02,-7.167973345536312024e+01
7.309173333333333015e+09,-2.598071513034483360e-02,-7.177390789598021570e+01
7.309236666666666985e+09,5.869379545558217615e-03,-7.176592237715875910e+01
7.309300000000000000e+09,4.731983523281257931e-02,-7.174833649732563856e+01
7.309363333333333015e+09,3.288321992434362073e-02,-7.178663768848788607e+01
7.309426666666666985e+09,7.189883652233675093e-02,-7.177148664774435360e+01
7.309490000000000000e+09,6.061191011724531563e-02,-7.180663815000356465e+01
7.309553333333333015e+09,1.799330062415549492e-02,-7.187312133535043301e+01
7.309616666666666985e+09,6.247681806996752130e-02,-7.185250239375909587e+01
7.309680000000000000e+09,6.426317526840819028e-02,-7.187458061241476059e+01
7.309743333333333015e+09,7.568398974129308954e-03,-7.195513996456283223e+01
7.309806666666666985e+09,1.405105876020229516e-02,-7.197252188063121991e+01
7.309870000000000000e+09,9.081995071555581944e-02,-7.191961756452998600e+01
7.309933333333333015e+09,9.945185282455781817e-02,-7.193485023827511782e+01
7.309996666666666985e+09,2.275651075485001229e-01,-7.183060155940528091e+01
7.310060000000000000e+09,2.543268204789228548e-02,-7.205659856076002256e+01
7.310123333333333015e+09,-3.034624701328425544e-02,-7.213624206567531871e+01
7.310186666666666985e+09,9.482509786928972062e-02,-7.203493529664686434e+01
7.310250000000000000e+09,1.029184112627490322e-01,-7.205070655910753885e+01
7.310313333333333015e+09,1.460874427298932687e-01,-7.203140210349450001e+01
7.310376666666666985e+09,3.644462855488939113e-02,-7.216490949352397877e+01
7.310440000000000000e+09,1.812919467519975569e-01,-7.204392675118064915e+01
7.310503333333333015e+09,1.893828862767890087e-01,-7.205970038750997730e+01
7.310566666666666985e+09,1.093135440564338978e-01,-7.216363430558479308e+01
7.310630000000000000e+09,1.018128085228084956e-01,-7.219499961697219703e+01
7.310693333333333015e+09,-2.493058003568648928e-02,-7.234560758138482583e+01
7.310756666666666985e+09,9.642767630208481933e-02,-7.224811390090150098e+01
7.310820000000000000e+09,5.150149023855021824e-02,-7.231690466281882834e+01
7.310883333333333015e+09,1.246455308235425719e-01,-7.226762519808796981e+01
7.310946666666666985e+09,1.524827401362216506e-01,-7.226365256462973718e+01
7.311010000000000000e+09,1.601686660334848966e-01,-7.227983121458626670e+01
7.311073333333333015e+09,2.793159925024895074e-01,-7.218454846397138169e+01
7.311136666666666985e+09,1.682692219042820625e-01,-7.231945981042404981e+01
7.311200000000000000e+09,-4.304065508932808370e-03,-7.251589767369138428e+01
7.311263333333333015e+09,3.798372487048595758e-02,-7.249747445916574407e+01
7.311326666666666985e+09,1.085773623472476856e-01,-7.245074539754345722e+01
7.311390000000000000e+09,1.363912161387759170e-01,-7.244679611960603438e+01
7.311453333333333015e+09,1.592663569670094148e-02,-7.259112527590190211e+01
7.311516666666666985e+09,1.636875697204516200e-01,-7.246722891773261210e+01
7.311580000000000000e+09,5.309494751583088146e-02,-7.260168611579135245e+01
7.311643333333333015e+09,1.431084204819228489e-01,-7.253553721867905324e+01
7.311706666666666985e+09,8.479200398660680094e-02,-7.261771821102881574e+01
7.311770000000000000e+09,1.541466987060857718e-02,-7.271096012099894779e+01
7.311833333333333015e+09,1.551344563983576563e-01,-7.259510491032531831e+01
7.311896666666666985e+09,1.216944938154540523e-01,-7.265240944876234153e+01
7.311960000000000000e+09,2.768153963798027917e-01,-7.252115312205212661e+01
7.312023333333333015e+09,1.388912332251095449e-01,-7.268294186106093946e+01
7.312086666666666985e+09,1.250301066074825940e-01,-7.272066756353268602e+01
7.312150000000000000e+09,1.163317955086711208e-01,-7.275323045048561710e+01
7.312213333333333015e+09,1.070132888876855759e-01,-7.278641353296072225e+01
7.312276666666666985e+09,1.924220571689261305e-01,-7.272486934053394236e+01
7.312340000000000000e+09,9.534447452419669844e-02,-7.284581149903246455e+01
7.312403333333333015e+09,7.782551370847556882e-02,-7.288719503570230529e+01
7.312466666666666985e+09,9.110410500782961662e-02,-7.289778102025741191e+01
7.312530000000000000e+09,7.391004559123359741e-02,-7.293883965552778648e+01
7.312593333333333015e+09,9.498930037267427906e-03,-7.302711534693588646e+01
7.312656666666666985e+09,1.592780198170089534e-01,-7.290120083301059140e+01
7.312720000000000000e+09,3.115043102320669277e-02,-7.305319299765818641e+01
7.312783333333333015e+09,8.660042626075892258e-02,-7.302160757827476800e+01
7.312846666666666985e+09,1.381023305324617922e-01,-7.299397024985751159e+01
7.312910000000000000e+09,8.742082852832311346e-02,-7.306851632771544303e+01
7.312973333333333015e+09,9.197177274486989518e-02,-7.308782995935301585e+01
7.313036666666666985e+09,2.924595048216360738e-02,-7.317442035747018281e+01
7.313100000000000000e+09,8.388542596699721798e-02,-7.314364545783946880e+01
7.313163333333333015e+09,1.193991552191846495e-01,-7.313199630444105992e+01
7.313226666666666985e+09,3.438989692891425420e-02,-7.324087013858580519e+01
7.313290000000000000e+09,1.323340178140597345e-01,-7.316679059355476511e+01
7.313353333333333015e+09,1.182003967733038508e-01,-7.320478879044931375e+01
7.313416666666666985e+09,1.239633024124202620e-01,-7.322289046066465801e+01
7.313480000000000000e+09,6.879601671580815037e-02,-7.330192232221538973e+01
7.313543333333333015e+09,2.791507778175059684e-01,-7.311543213696748467e+01
7.313606666666666985e+09,8.017395351237155410e-02,-7.333827353712706554e+01
7.313670000000000000e+09,8.347803182304858183e-02,-7.335883403467052233e+01
7.313733333333333015e+09,1.233613422626973488e-01,-7.334281530008499317e+01
7.313796666666666985e+09,1.539475686024474044e-01,-7.333609364959936272e+01
7.313860000000000000e+09,2.363659520764826993e-02,-7.349026919884829567e+01
7.313923333333333015e+09,1.143971590899752755e-01,-7.342337321082007406e+01
7.313986666666666985e+09,6.126825130164093025e-02,-7.350036669446254223e+01
7.314050000000000000e+09,9.133765339555566243e-03,-7.357636575627874720e+01
7.314113333333333015e+09,1.255720169320682089e-01,-7.348379208054035416e+01
7.314176666666666985e+09,1.997255589113393626e-01,-7.343350311441521683e+01
7.314240000000000000e+09,1.203642599866867613e-01,-7.353672898919397483e+01
7.314303333333333015e+09,9.512242393574865673e-02,-7.358583540109904675e+01
7.314366666666666985e+09,2.168339560221710371e-01,-7.348798844486707083e+01
7.314430000000000000e+09,8.973545590431797336e-02,-7.363895152083871665e+01
7.314493333333333015e+09,1.625159167804355320e-01,-7.359003563581673291e+01
7.314556666666666985e+09,1.494685787952789724e-01,-7.362694754965633592e+01
7.314620000000000000e+09,4.468686519577147465e-02,-7.375559383910963618e+01
7.314683333333333015e+09,7.209799132255056975e-02,-7.375204728883697669e+01
7.314746666666666985e+09,5.499782858319690604e-02,-7.379301202743079102e+01
7.314810000000000000e+09,6.886185400030342407e-02,-7.380301257786747726e+01
7.314873333333333015e+09,8.761117647978267087e-03,-7.388697789007390782e+01
7.314936666666666985e+09,-3.321962897170749329e-02,-7.395282321254806845e+01
7.315000000000000000e+09,3.090401935108388898e-02,-7.391256414007938247e+01
