# freq_Hz, phase_rad_detrended, phase_rad
7.125000000000000000e+09,-2.149241361165854514e-02,-2.280760439061066958e+00
7.125095000000000000e+09,-4.967277276244619344e-02,-2.344753356329637661e+00
7.125190000000000000e+09,-2.805892151693756276e-02,-2.358952063201919191e+00
7.125285000000000000e+09,-3.919906043971588261e-02,-2.405904760242487672e+00
7.125380000000000000e+09,3.224255195841241317e-03,-2.399294002724713604e+00
7.125475000000000000e+09,-3.815717968420173634e-03,-2.442146534006765179e+00
7.125570000000000000e+09,-1.667718570549547863e-02,-2.490820559861623540e+00
7.125665000000000000e+09,-5.284486381920627807e-02,-2.562800796093124500e+00
7.125760000000000000e+09,-9.443911884963629433e-03,-2.555212402276664907e+00
7.125855000000000000e+09,-9.236360219146977357e-03,-2.590817408728638416e+00
7.125950000000000000e+09,-3.205756034178630642e-02,-2.649451166969060800e+00
7.126045000000000000e+09,-4.079022166415047224e-02,-2.693996386409549082e+00
7.126140000000000000e+09,-3.030274913304076279e-02,-2.719321471996229533e+00
7.126235000000000000e+09,-2.356393506338960719e-02,-2.748395216044361433e+00
7.126330000000000000e+09,-3.937557041439498917e-02,-2.800019409513156976e+00
7.126425000000000000e+09,-1.031437465759399430e-02,-2.806770771874139037e+00
7.126520000000000000e+09,-4.595491115042671382e-02,-2.878223866484761917e+00
7.126615000000000000e+09,-4.421294445318535438e-02,-2.912294457905303613e+00
7.126710000000000000e+09,-1.457623554542353261e-02,-2.918470307115331952e+00
7.126805000000000000e+09,-3.626408622040955265e-02,-2.975970715908108133e+00
7.126900000000000000e+09,-2.541858460302170997e-02,-3.000937772408503346e+00
7.126995000000000000e+09,-3.341518620057470912e-02,-3.044746932123846506e+00
7.127090000000000000e+09,-2.759060101643484586e-02,-3.074734905057489698e+00
7.127185000000000000e+09,-3.453244944021749419e-02,-3.117489311599062507e+00
7.127280000000000000e+09,-3.106081408282479472e-02,-3.149830234359452863e+00
7.127375000000000000e+09,-2.519662631750207993e-02,-3.179778604711920309e+00
7.127470000000000000e+09,-3.311883496050604947e-02,-3.223513371472707334e+00
7.127565000000000000e+09,-4.170922838410806577e-02,-3.267916323014099511e+00
7.127660000000000000e+09,2.547513426949388204e-02,-3.236544518478287724e+00
7.127755000000000000e+09,-5.023229332516621071e-02,-3.348064504190730872e+00
7.127850000000000000e+09,-4.065445112350341006e-02,-3.374299220106858233e+00
7.127945000000000000e+09,-4.388800022085259656e-02,-3.413345327322324430e+00
7.128040000000000000e+09,-5.954099590957362409e-02,-3.464810881128835618e+00
7.128135000000000000e+09,-8.316071707997529927e-03,-3.449398515045042579e+00
7.128230000000000000e+09,-2.971871738309639355e-02,-3.506613718837931604e+00
7.128325000000000000e+09,-5.258146414708031458e-02,-3.565289023719705686e+00
7.128420000000000000e+09,-1.841630571413110928e-02,-3.566936423404539536e+00
7.128515000000000000e+09,-1.238440419753361610e-02,-3.596717080005732203e+00
7.128610000000000000e+09,-4.789870427741149683e-02,-3.668043938203393139e+00
7.128705000000000000e+09,-1.607463722892799041e-02,-3.672032429272699794e+00
7.128800000000000000e+09,-3.155147532058011350e-02,-3.723321825482134972e+00
7.128895000000000000e+09,-1.820103519032834072e-02,-3.745783943469673360e+00
7.128990000000000000e+09,-5.773605568007766919e-02,-3.821131522077205744e+00
7.129085000000000000e+09,-4.043995793502253022e-02,-3.839647982449940766e+00
7.129180000000000000e+09,-2.745654654820439688e-02,-3.862477129180905688e+00
7.129275000000000000e+09,-2.906424204741542283e-02,-3.899897382797906875e+00
7.129370000000000000e+09,-4.952549983208642814e-02,-3.956171198700368041e+00
7.129465000000000000e+09,-5.615989602032867012e-02,-3.998618153006393339e+00
7.129560000000000000e+09,-9.360754915507918383e-03,-3.987631570019362748e+00
7.129655000000000000e+09,-3.358790503342756750e-02,-4.047671278255065452e+00
7.129750000000000000e+09,-3.403795361144545950e-03,-4.053299726700572592e+00
7.129845000000000000e+09,-3.501983046992762638e-02,-4.120728319927472683e+00
7.129940000000000000e+09,-2.623907088181987035e-02,-4.147760118457155087e+00
7.130035000000000000e+09,-1.282689240259227148e-02,-4.170160498095717649e+00
7.130130000000000000e+09,-5.409429581553926170e-02,-4.247240459626447695e+00
7.130225000000000000e+09,-1.293763587887042377e-02,-4.241896357807569018e+00
7.130320000000000000e+09,-4.340635119554292487e-03,-4.269111915166035942e+00
7.130415000000000000e+09,-1.850484831692433829e-02,-4.319088686481196149e+00
7.130510000000000000e+09,-2.421996164970696697e-02,-4.360616357931761833e+00
7.130605000000000000e+09,-2.207182081429337472e-02,-4.394280775214138401e+00
7.130700000000000000e+09,-2.891147400772808851e-02,-4.436932986525356171e+00
7.130795000000000000e+09,-1.755937986105671200e-02,-4.461393450496474955e+00
7.130890000000000000e+09,-9.956697565798755534e-03,-4.489603326319007159e+00
7.130985000000000000e+09,-1.133753010900484526e-02,-4.526796716979996305e+00
7.131080000000000000e+09,-1.055781491236995606e-02,-4.561829559901151576e+00
7.131175000000000000e+09,-1.612933286332829397e-02,-4.603213635969892970e+00
7.131270000000000000e+09,-2.579009612128935203e-02,-4.648686957345644188e+00
7.131365000000000000e+09,-2.425365674474377897e-02,-4.682963076086881671e+00
7.131460000000000000e+09,-4.922910000924751728e-02,-4.743751077469175570e+00
7.131555000000000000e+09,-2.380227562554004805e-02,-4.754136811203251156e+00
7.131650000000000000e+09,-1.038593367948070778e-02,-4.776533027374981977e+00
7.131745000000000000e+09,-8.932203151413631304e-03,-4.810891854964705061e+00
7.131840000000000000e+09,-2.714686039722380428e-02,-4.864919070328632245e+00
7.131935000000000000e+09,1.068688198369915909e-02,-4.862897886065499442e+00
7.132030000000000000e+09,-2.859505469652390275e-02,-4.937992380863505559e+00
7.132125000000000000e+09,-4.362444496568329555e-02,-4.988834329250455113e+00
7.132220000000000000e+09,-2.904169641909604138e-02,-5.010064138821650914e+00
7.132315000000000000e+09,-8.779772669971208643e-04,-5.017712977787342155e+00
7.132410000000000000e+09,-2.566727194828999359e-02,-5.078314830586425188e+00
7.132505000000000000e+09,-3.063470652171140785e-02,-5.119094823277629658e+00
7.132600000000000000e+09,-1.596020309996237785e-02,-5.140232877973670789e+00
7.132695000000000000e+09,-2.726323320356094371e-02,-5.187348466195052410e+00
7.132790000000000000e+09,-1.114553325579858978e-02,-5.207043324365080217e+00
7.132885000000000000e+09,-2.201678467980983100e-02,-5.253727133906874514e+00
7.132980000000000000e+09,2.454111010094983669e-02,-5.242981797243905007e+00
7.133075000000000000e+09,-1.566628330410413383e-02,-5.319001748766742033e+00
7.133170000000000000e+09,-7.875715740304656265e-03,-5.347023739320732716e+00
7.133265000000000000e+09,1.334771772166121195e-02,-5.361612863976557009e+00
7.133360000000000000e+09,-2.481035089477945377e-02,-5.435583490710780730e+00
7.133455000000000000e+09,1.565460956279807192e-02,-5.430931088370993365e+00
7.133550000000000000e+09,-2.972258217757772769e-02,-5.512120838229152220e+00
7.133645000000000000e+09,-4.016270295708324056e-02,-5.558373517126447894e+00
7.133740000000000000e+09,1.735183122569416980e-02,-5.536671541061787494e+00
7.133835000000000000e+09,-1.457651315926966618e-02,-5.604412443564541491e+00
7.133930000000000000e+09,-1.095833383875799427e-02,-5.636606822361819980e+00
7.134025000000000000e+09,-3.917398655576498356e-02,-5.700635033196610024e+00
7.134120000000000000e+09,-6.888180597725668264e-02,-5.766155410735891884e+00
7.134215000000000000e+09,-1.259849850654770620e-02,-5.745684661382965963e+00
7.134310000000000000e+09,-2.908008490971702997e-02,-5.797978805903925448e+00
7.134405000000000000e+09,-2.569541061319391417e-02,-5.830406689725185387e+00
7.134500000000000000e+09,-8.074763012733576772e-03,-5.848598600242515211e+00
7.134595000000000000e+09,2.011068640864088763e-03,-5.874325326706700601e+00
7.134690000000000000e+09,-1.613553986025895171e-02,-5.928284493325613802e+00
7.134785000000000000e+09,-1.922368642269134398e-02,-5.967185198005836355e+00
7.134880000000000000e+09,7.660774420309657273e-03,-5.976113295280618409e+00
7.134975000000000000e+09,-6.023442885751073561e-03,-6.025610070704469301e+00
7.135070000000000000e+09,-3.072113327555747730e-02,-6.086120319212058760e+00
7.135165000000000000e+09,-3.731578725342998837e-02,-6.128527531307721432e+00
7.135260000000000000e+09,-3.322886557798554463e-03,-6.130347188729876606e+00
7.135355000000000000e+09,-1.600696082171371160e-02,-6.178843821111578372e+00
7.135450000000000000e+09,-4.109331448515352037e-02,-6.239742732892804788e+00
7.135545000000000000e+09,1.519799448613134984e-02,-6.219263982039306526e+00
7.135640000000000000e+09,-5.393356613527977572e-02,-6.324208100778838215e+00
7.135735000000000000e+09,-2.012186953643091414e-02,-6.326208962297775962e+00
7.135830000000000000e+09,-1.402967913528385679e-02,-6.355929330014419065e+00
7.135925000000000000e+09,6.816954255627116765e-03,-6.370895254741294700e+00
7.136020000000000000e+09,2.394539788362504140e-02,-6.389579369231083383e+00
7.136115000000000000e+09,-2.597472729406291592e-02,-6.475312052526557949e+00
7.136210000000000000e+09,-1.814588141299555701e-02,-6.503295764763277198e+00
7.136305000000000000e+09,-1.141603865374118953e-02,-6.532378480121809439e+00
7.136400000000000000e+09,1.375170438524708771e-02,-6.543023295200607770e+00
7.136495000000000000e+09,-1.594458292797806820e-02,-6.608532140631619534e+00
7.136590000000000000e+09,-4.572035628135573404e-03,-6.632972151449563647e+00
7.136685000000000000e+09,8.634874258857117013e-03,-6.655577799680357565e+00
7.136780000000000000e+09,1.740707709743283260e-02,-6.682618154959572010e+00
7.136875000000000000e+09,-9.750749158072835598e-03,-6.745588539332864286e+00
7.136970000000000000e+09,-2.264512474346691562e-02,-6.794295473036044974e+00
7.137065000000000000e+09,5.169482661393942635e-03,-6.802293423748970724e+00
7.137160000000000000e+09,-4.238749540344421973e-03,-6.847514214068495697e+00
7.137255000000000000e+09,-1.961471664132297121e-03,-6.881049494310070180e+00
7.137350000000000000e+09,1.722541966402424407e-03,-6.913178038797322067e+00
7.137445000000000000e+09,-2.391277632003241393e-02,-6.974625915201543513e+00
7.137540000000000000e+09,-4.219267656399772193e-02,-7.028718373563632937e+00
7.137635000000000000e+09,-1.490130158792624115e-03,-7.023828385276214448e+00
7.137730000000000000e+09,-1.476195439648897434e-02,-7.072912767631697406e+00
7.137825000000000000e+09,1.412223407316215429e-02,-7.079841137279832886e+00
7.137920000000000000e+09,-2.245081080613964275e-02,-7.152226740276921291e+00
7.138015000000000000e+09,-3.195322421458168805e-02,-7.197541711803149944e+00
7.138110000000000000e+09,-4.849044277030767347e-02,-7.249891488476662538e+00
7.138205000000000000e+09,9.161752530179256837e-03,-7.228051851293962216e+00
7.138300000000000000e+09,1.474120297485814746e-02,-7.258284958967073486e+00
7.138395000000000000e+09,-3.997005631783778767e-02,-7.348808776377556029e+00
7.138490000000000000e+09,-5.450407971723958411e-02,-7.399155357894744434e+00
7.138585000000000000e+09,1.368514751249971795e-02,-7.366778688782791740e+00
7.138680000000000000e+09,-1.953858642709072058e-02,-7.435814980840168786e+00
7.138775000000000000e+09,-5.225286532186323996e-02,-7.504341817852727914e+00
7.138870000000000000e+09,2.018175365029328816e-02,-7.467719756998357994e+00
7.138965000000000000e+09,2.912474842294621169e-03,-7.520801593924143269e+00
7.139060000000000000e+09,-9.309285556025059805e-03,-7.568835912440249558e+00
7.139155000000000000e+09,-9.732646222475160869e-03,-7.605071831224489820e+00
7.139250000000000000e+09,9.529302891417401611e-03,-7.621622440228383866e+00
7.139345000000000000e+09,-1.377106182817389168e-02,-7.680735363065761767e+00
7.139440000000000000e+09,9.008594990546292536e-03,-7.693768264364828191e+00
7.139535000000000000e+09,-1.290937448592544001e-02,-7.751498791959420487e+00
7.139630000000000000e+09,-2.869357135802630410e-02,-7.803095546949307959e+00
7.139725000000000000e+09,2.002083835187740135e-03,-7.808212449873880523e+00
7.139820000000000000e+09,-1.620028193232414537e-02,-7.862227373759182569e+00
7.139915000000000000e+09,-5.929083383238165084e-03,-7.887768733327883197e+00
7.140010000000000000e+09,-4.043551310294013490e-02,-7.958087721165371775e+00
7.140105000000000000e+09,1.391201096765737333e-02,-7.939552755212560875e+00
7.140200000000000000e+09,-1.836399540372468664e-02,-8.007641319701729543e+00
7.140295000000000000e+09,1.868273428858557850e-02,-8.006407148127205886e+00
7.140390000000000000e+09,9.905307551457909199e-03,-8.050997132982120164e+00
7.140485000000000000e+09,-1.165441149283807931e-02,-8.108369410144202760e+00
7.140580000000000000e+09,-4.092004621884015592e-02,-8.173447602987991445e+00
7.140675000000000000e+09,1.135517659926144063e-02,-8.156984938287680009e+00
7.140770000000000000e+09,-2.321454324844118844e-02,-8.227367216253169246e+00
7.140865000000000000e+09,-2.938767409617248916e-02,-8.269352905218687155e+00
7.140960000000000000e+09,-1.688568163593728855e-02,-8.292663470876238563e+00
7.141055000000000000e+09,8.936645296905965097e-03,-8.302653702061181917e+00
7.141150000000000000e+09,-2.590093990182928962e-02,-8.373303845377703780e+00
7.141245000000000000e+09,-3.262668853835037908e-02,-8.415842152132011478e+00
7.141340000000000000e+09,-1.913135531700937975e-02,-8.438159377028457087e+00
7.141435000000000000e+09,-5.042537150856318817e-02,-8.505265951338135011e+00
7.141530000000000000e+09,-2.266779079439196209e-02,-8.513320928741750393e+00
7.141625000000000000e+09,-3.854634352358843330e-02,-8.565012039588733472e+00
7.141720000000000000e+09,-1.964012960540983954e-02,-8.581918383788341487e+00
7.141815000000000000e+09,5.863577817267540127e-03,-8.592227234483450715e+00
7.141910000000000000e+09,-2.341393395922608534e-02,-8.657317304377730949e+00
7.142005000000000000e+09,-3.062265101383232491e-02,-8.700338579550123796e+00
7.142100000000000000e+09,-3.351359963656364016e-02,-8.739042086290641720e+00
7.142195000000000000e+09,-3.075166123448269673e-02,-8.772092706006347385e+00
7.142290000000000000e+09,-3.295492384277309839e-02,-8.810108526732427947e+00
7.142385000000000000e+09,-9.177324079621129727e-03,-8.822143485087062587e+00
7.142480000000000000e+09,-6.230569444580424943e-02,-8.911084413571032314e+00
7.142575000000000000e+09,-1.473630152210247957e-02,-8.899327578765117153e+00
7.142670000000000000e+09,9.434503691920781421e-04,-8.919460384991609203e+00
7.142765000000000000e+09,-6.718233845621313094e-03,-8.962934627324209202e+00
7.142860000000000000e+09,-3.917854417713151349e-02,-9.031207495773506011e+00
7.142955000000000000e+09,-4.191389171972659256e-02,-9.069755401433887698e+00
7.143050000000000000e+09,-1.010989100628023607e-03,-9.064665056932575737e+00
7.143145000000000000e+09,2.003106858996162032e-02,-9.079435557359776254e+00
7.143240000000000000e+09,-2.846162554713771442e-02,-9.163740809614662197e+00
7.143335000000000000e+09,-7.684131201029842373e-03,-9.178775873386674888e+00
7.143430000000000000e+09,2.837865530523231428e-03,-9.204066434772908423e+00
7.143525000000000000e+09,-8.790927895493183541e-03,-9.251507786316711446e+00
7.143620000000000000e+09,-2.532857147425460198e-03,-9.281062273686430331e+00
7.143715000000000000e+09,-4.022924089592017083e-02,-9.354571215552711649e+00
7.143810000000000000e+09,-5.847841536144038344e-02,-9.408632948136022023e+00
7.143905000000000000e+09,-1.624987206850470045e-02,-9.402216962960872948e+00
7.144000000000000000e+09,-7.763355493072054969e-03,-9.429543004503226911e+00
7.144095000000000000e+09,-1.988993424251894737e-02,-9.477482141370460411e+00
7.144190000000000000e+09,-7.593082461554523377e-02,-9.569335589861273306e+00
7.144285000000000000e+09,-7.592557142096723055e-03,-9.536809880505611403e+00
7.144380000000000000e+09,-1.860427683651089126e-02,-9.583634158317812179e+00
7.144475000000000000e+09,-9.708198675399515309e-03,-9.610550638274487412e+00
7.144570000000000000e+09,-3.050560778103417192e-02,-9.667160605497908676e+00
7.144665000000000000e+09,-1.204131247736839327e-02,-9.684508868312033059e+00
7.144760000000000000e+09,-2.363627335554063791e-02,-9.731916387307991911e+00
7.144855000000000000e+09,-3.538006274080629510e-03,-9.747630678344318511e+00
7.144950000000000000e+09,-1.298463137866612271e-02,-9.792889861566690612e+00
7.145045000000000000e+09,-4.007072963885960348e-02,-9.855788517944670701e+00
7.145140000000000000e+09,-3.958780787403171075e-02,-9.891118154297629417e+00
7.145235000000000000e+09,-4.426525098848088646e-02,-9.931608155529865201e+00
7.145330000000000000e+09,-5.065836055884176403e-05,-9.923206121020067272e+00
7.145425000000000000e+09,1.173316214147845926e-02,-9.947234858635816579e+00
7.145520000000000000e+09,-1.180737554018129742e-02,-1.000658795443526294e+01
7.145615000000000000e+09,2.275758484666212667e-02,-1.000783555216620613e+01
7.145710000000000000e+09,-2.080611958423972396e-02,-1.008721181471489459e+01
7.145805000000000000e+09,-3.583795370840903161e-02,-1.013805620695685050e+01
7.145900000000000000e+09,-2.020771860375347728e-02,-1.015823852996998156e+01
7.145995000000000000e+09,-4.391278250824548479e-02,-1.021775615199226017e+01
7.146090000000000000e+09,-1.624461025081025412e-02,-1.022590053785261155e+01
7.146185000000000000e+09,-7.696704080071725684e-03,-1.025316518979966318e+01
7.146280000000000000e+09,-4.517220727979598394e-02,-1.032645325111717405e+01
7.146375000000000000e+09,-2.973847236574123087e-02,-1.034683207432090590e+01
7.146470000000000000e+09,-1.820206678862845706e-02,-1.037110822686157974e+01
7.146565000000000000e+09,-1.356679556982243184e-02,-1.040228551376056032e+01
7.146660000000000000e+09,-1.091264271879666126e-02,-1.043544391902732116e+01
7.146755000000000000e+09,-6.619903828780060451e-02,-1.052654287271411171e+01
7.146850000000000000e+09,-4.170135889282633457e-02,-1.053785775143692405e+01
7.146945000000000000e+09,-2.680006211758367840e-02,-1.055876901277946800e+01
7.147040000000000000e+09,-2.666406502629570241e-02,-1.059444557380596663e+01
7.147135000000000000e+09,-5.797079729616783084e-02,-1.066156486419362892e+01
7.147230000000000000e+09,-1.039485452400690235e-02,-1.064980147953958856e+01
7.147325000000000000e+09,-3.217519261795054319e-02,-1.070739437575131880e+01
7.147420000000000000e+09,-3.966292491224621131e-02,-1.075069466616340108e+01
7.147515000000000000e+09,-6.470135622620887261e-02,-1.081154565559515035e+01
7.147610000000000000e+09,-6.298242276960763775e-02,-1.084563928025633572e+01
7.147705000000000000e+09,-5.666289593185780404e-02,-1.087513231153637250e+01
7.147800000000000000e+09,-7.490040288875476904e-02,-1.092918237661105962e+01
7.147895000000000000e+09,-5.587908195234803088e-02,-1.094597361379243949e+01
7.147990000000000000e+09,-8.485334080916118182e-02,-1.101076043076703925e+01
7.148085000000000000e+09,-6.766548755983592400e-02,-1.102938513563550060e+01
7.148180000000000000e+09,-9.561021888734089202e-02,-1.109314242508079218e+01
7.148275000000000000e+09,-9.210478653163001184e-02,-1.112544955084286791e+01
7.148370000000000000e+09,-1.535028184244282556e-01,-1.122266014085345276e+01
7.148465000000000000e+09,-1.324156628855615025e-01,-1.123738554343237261e+01
7.148560000000000000e+09,-1.811596964174047031e-01,-1.132194213508200242e+01
7.148655000000000000e+09,-1.082591341749150615e-01,-1.128485413095730294e+01
7.148750000000000000e+09,-1.376454998616942760e-01,-1.135005305476186876e+01
7.148845000000000000e+09,8.480895666562027202e-02,-1.116341115635234083e+01
7.148940000000000000e+09,2.927309758904090842e-01,-1.099130169524533862e+01
7.149035000000000000e+09,2.200754455324815950e-01,-1.109976978372105272e+01
7.149130000000000000e+09,1.769738690772690859e-01,-1.117868391829438579e+01
7.149225000000000000e+09,1.362255770433602464e-01,-1.125524476844608124e+01
7.149320000000000000e+09,7.693616628874266894e-02,-1.135034673731848898e+01
7.149415000000000000e+09,9.154987314159868106e-02,-1.137154558858341957e+01
7.149510000000000000e+09,8.836848054025203680e-02,-1.141053953930255283e+01
7.149605000000000000e+09,6.289756932031487224e-02,-1.147182300864027660e+01
7.149700000000000000e+09,6.249501070361063171e-02,-1.150803812537476745e+01
7.149795000000000000e+09,4.420641356516696874e-02,-1.156213928063099772e+01
7.149890000000000000e+09,9.615594442347230597e-02,-1.154600230789047899e+01
7.149985000000000000e+09,5.443986468227279829e-02,-1.162353094574946510e+01
7.150080000000000000e+09,5.192746172329520959e-02,-1.166185590682622930e+01
7.150175000000000000e+09,4.835181386763665046e-02,-1.170124411279967802e+01
7.150270000000000000e+09,3.214461083598862956e-02,-1.175326387394911265e+01
7.150365000000000000e+09,2.155014446768888092e-02,-1.179967089843519901e+01
7.150460000000000000e+09,4.001831781851628023e-02,-1.181701528320215822e+01
7.150555000000000000e+09,5.903892372696617485e-03,-1.188694226676576449e+01
7.150650000000000000e+09,1.426698754912614220e-02,-1.191439172970712157e+01
7.150745000000000000e+09,2.876905507318916477e-02,-1.193570222030084516e+01
7.150840000000000000e+09,-1.367576226214595181e-02,-1.201395959575396688e+01
7.150935000000000000e+09,5.527965553374869501e-03,-1.203056842605623267e+01
7.151030000000000000e+09,7.085727220935922333e-03,-1.206482322250679573e+01
7.151125000000000000e+09,4.332117520321610016e-02,-1.206440033264230216e+01
7.151220000000000000e+09,3.083492326788039861e-02,-1.211269914269542447e+01
7.151315000000000000e+09,2.750261554364641370e-03,-1.217659636252672684e+01
7.151410000000000000e+09,2.431357434095637871e-02,-1.219084560785792171e+01
7.151505000000000000e+09,-4.655090287156937734e-03,-1.225562683060382163e+01
7.151600000000000000e+09,1.355433228327918016e-02,-1.227322996615117212e+01
7.151695000000000000e+09,-5.147835677915324482e-03,-1.232774469223015679e+01
7.151790000000000000e+09,1.763526164360484927e-03,-1.235664588850566759e+01
7.151885000000000000e+09,-7.733963814649413848e-03,-1.240195593660246409e+01
7.151980000000000000e+09,1.661302202977665843e-03,-1.242837322870262362e+01
7.152075000000000000e+09,5.152105664933870344e-02,-1.241432603237404919e+01
7.152170000000000000e+09,5.058551021370760736e-04,-1.250115379203903743e+01
7.152265000000000000e+09,-2.626417961491789299e-02,-1.256373638487387900e+01
7.152360000000000000e+09,-3.419674785270387929e-03,-1.257670443816201811e+01
7.152455000000000000e+09,-1.540899948362195460e-02,-1.262450632097815628e+01
7.152550000000000000e+09,-6.627081195771822308e-03,-1.265153696080809276e+01
7.152645000000000000e+09,-2.495490389374843687e-02,-1.270567734162385953e+01
7.152740000000000000e+09,-2.745281057834247918e-02,-1.274398780642624018e+01
7.152835000000000000e+09,-7.650579783522459820e-03,-1.275999813374920677e+01
7.152930000000000000e+09,-2.177038115938501051e-03,-1.279033715019940942e+01
7.153025000000000000e+09,4.918974675758747139e-03,-1.281905369552583274e+01
7.153120000000000000e+09,-1.336848369999366071e-02,-1.287315371201937175e+01
7.153215000000000000e+09,3.003066656824238123e-02,-1.286556711986892232e+01
7.153310000000000000e+09,8.336145226516933349e-03,-1.292307419932843793e+01
7.153405000000000000e+09,3.010186445411022760e-02,-1.293712103821863124e+01
7.153500000000000000e+09,-1.904161520855929268e-02,-1.302207707599908737e+01
7.153595000000000000e+09,-8.235466912147160201e-03,-1.304708348582046185e+01
7.153690000000000000e+09,1.077383615539773132e-02,-1.306388674087070356e+01
7.153785000000000000e+09,2.523266236826593456e-02,-1.308524047277562197e+01
7.153880000000000000e+09,2.316516382207112201e-02,-1.312312052943960339e+01
7.153975000000000000e+09,-2.624094168148971562e-02,-1.320833919306095083e+01
7.154070000000000000e+09,-1.845520535766809189e-02,-1.323636601485491582e+01
7.154165000000000000e+09,4.355659049027238439e-03,-1.324936770856601065e+01
7.154260000000000000e+09,-1.792454101746976391e-02,-1.330746046675029426e+01
7.154355000000000000e+09,1.781106128067122540e-02,-1.330753742256993988e+01
7.154450000000000000e+09,-1.076996593851653472e-02,-1.337193100790691425e+01
7.154545000000000000e+09,3.252798853136340540e-03,-1.339372080123304798e+01
7.154640000000000000e+09,-1.468807237746716510e-02,-1.344747423058143809e+01
7.154735000000000000e+09,-1.481427964721149237e-02,-1.348341299596896903e+01
7.154830000000000000e+09,-1.563316667061975807e-02,-1.352004444111016390e+01
7.154925000000000000e+09,-2.206452178950968346e-02,-1.356228835434717794e+01
7.155020000000000000e+09,-6.544550847337404775e-03,-1.358258094152279227e+01
7.155115000000000000e+09,-2.914941825972405809e-02,-1.364099836705296553e+01
7.155210000000000000e+09,1.854455888492623217e-02,-1.362911694802610185e+01
7.155305000000000000e+09,-3.257136791878956217e-02,-1.371604543294760425e+01
7.155400000000000000e+09,2.771458115133107469e-02,-1.369157204199527023e+01
7.155495000000000000e+09,-2.532532027607103942e-02,-1.378042450154045895e+01
7.155590000000000000e+09,-1.199581015362838343e-02,-1.380290754953580290e+01
7.155685000000000000e+09,7.341671512964609292e-03,-1.381938262598700007e+01
7.155780000000000000e+09,-5.179475266459121485e-06,-1.386254203509301774e+01
7.155875000000000000e+09,2.605935990441565764e-03,-1.389574347774509633e+01
7.155970000000000000e+09,-5.004743597766037055e-03,-1.393916671545109054e+01
7.156065000000000000e+09,-2.180113976994846325e-02,-1.399177566974105957e+01
7.156160000000000000e+09,-2.063960209143900215e-02,-1.402642669018033672e+01
7.156255000000000000e+09,3.586041809477080733e-03,-1.403801360439720725e+01
7.156350000000000000e+09,2.093832447872401303e-02,-1.405647387984574692e+01
7.156445000000000000e+09,-1.589523316810570464e-02,-1.412911999561036325e+01
7.156540000000000000e+09,-7.678907847514793161e-03,-1.415671622840756250e+01
7.156635000000000000e+09,1.517243463645101542e-02,-1.416967744404138330e+01
7.156730000000000000e+09,-2.635925454217868946e-02,-1.424702169133779961e+01
7.156825000000000000e+09,7.252163117769327982e-03,-1.424922283179597216e+01
7.156920000000000000e+09,-8.601640643703944988e-04,-1.429314771709589849e+01
7.157015000000000000e+09,1.402078023323305445e-02,-1.431407933091608164e+01
7.157110000000000000e+09,6.393224695830923565e-03,-1.435751944457127038e+01
7.157205000000000000e+09,-2.418910991619860340e-02,-1.442391433730109007e+01
7.157300000000000000e+09,-1.237402457129199718e-02,-1.444791181007397007e+01
7.157395000000000000e+09,-2.056773677824708102e-02,-1.449191808039871177e+01
7.157490000000000000e+09,4.465227651477832183e-03,-1.450269767408677346e+01
7.157585000000000000e+09,7.894383630173251731e-03,-1.453508107622586465e+01
7.157680000000000000e+09,-6.244962799389242036e-03,-1.458503298077321375e+01
7.157775000000000000e+09,2.049928737309691940e-02,-1.459410128871851420e+01
7.157870000000000000e+09,-1.403400607781080112e-02,-1.466444714028720853e+01
7.157965000000000000e+09,-1.159101004241591681e-02,-1.469781670236960025e+01
7.158060000000000000e+09,-3.627325525917868276e-02,-1.475831150570414962e+01
7.158155000000000000e+09,-4.072072019899941608e-02,-1.479857152876176052e+01
7.158250000000000000e+09,1.298686506612156677e-02,-1.478067650161442614e+01
7.158345000000000000e+09,-1.649163838071565635e-02,-1.484596756317904998e+01
7.158440000000000000e+09,-2.039255972072062661e-02,-1.488568104263684155e+01
7.158535000000000000e+09,1.259743790633649496e-04,-1.490097506665484417e+01
7.158630000000000000e+09,-3.745110268541829157e-02,-1.497436470183711243e+01
7.158725000000000000e+09,-2.125805967168048483e-04,-1.497293873786619756e+01
7.158820000000000000e+09,-2.428452263855618298e-02,-1.503282323802616105e+01
7.158915000000000000e+09,6.901435018585644343e-03,-1.503744983848680583e+01
7.159010000000000000e+09,5.939600289439184166e-03,-1.507422423133373890e+01
7.159105000000000000e+09,1.410688461277764816e-02,-1.510186950512818704e+01
7.159200000000000000e+09,-3.319330147314580870e-02,-1.518498224933189711e+01
7.159295000000000000e+09,-7.357691503191432503e-03,-1.519495919747972934e+01
7.159390000000000000e+09,-2.512845511514072427e-02,-1.524854251920946524e+01
7.159485000000000000e+09,-2.875070459239204013e-02,-1.528797732680450316e+01
7.159580000000000000e+09,-1.012274619601427617e-02,-1.530516192652591201e+01
7.159675000000000000e+09,-1.199185341169339836e-02,-1.534284359185938129e+01
7.159770000000000000e+09,-1.678253834214693541e-02,-1.538344683490762144e+01
7.159865000000000000e+09,8.297384391553919158e-03,-1.539417947029170719e+01
7.159960000000000000e+09,2.566636779783237898e-02,-1.541262304500321534e+01
7.160055000000000000e+09,1.424398815280625286e-02,-1.545985798276602807e+01
7.160150000000000000e+09,-7.330085006486797283e-03,-1.551724461404310773e+01
7.160245000000000000e+09,-4.980329724280352366e-02,-1.559553038439721107e+01
7.160340000000000000e+09,1.390476639625326527e-02,-1.556763487887594088e+01
7.160435000000000000e+09,-1.599207100333899234e-03,-1.561895141049031466e+01
7.160530000000000000e+09,-1.601649964498719214e-02,-1.566918126115275811e+01
7.160625000000000000e+09,-1.923774475953621277e-02,-1.570821506438509374e+01
7.160720000000000000e+09,-2.000815786051290956e-02,-1.574479803560419100e+01
7.160815000000000000e+09,1.538153379888029804e-02,-1.574522090206258440e+01
7.160910000000000000e+09,-3.435266705576367485e-02,-1.583076766103501498e+01
7.161005000000000000e+09,-1.172859340913490200e-03,-1.583340041143795140e+01
7.161100000000000000e+09,-2.357586671345757168e-02,-1.589161597692828209e+01
7.161195000000000000e+09,-1.279833578147915318e-02,-1.591665100411409384e+01
7.161290000000000000e+09,-1.904944999919422344e-02,-1.595871467644959552e+01
7.161385000000000000e+09,-2.501579732148684343e-02,-1.600049358188967474e+01
7.161480000000000000e+09,1.010477802661924329e-02,-1.600118556465935526e+01
7.161575000000000000e+09,1.015187091524794027e-02,-1.603695102988851318e+01
7.161670000000000000e+09,-4.086818759528654255e-03,-1.608700227768107638e+01
7.161765000000000000e+09,-1.989224745015860663e-02,-1.613862026448949294e+01
7.161860000000000000e+09,-6.193544647643989265e-03,-1.616073411980476493e+01
7.161955000000000000e+09,-1.077522180111500916e-02,-1.620112835507602256e+01
7.162050000000000000e+09,1.622441297630672352e-02,-1.620994127841639099e+01
7.162145000000000000e+09,-2.008098396085600257e-02,-1.628205923347134032e+01
7.162240000000000000e+09,3.438338648113159479e-03,-1.629435246898015777e+01
7.162335000000000000e+09,-1.194638831231387144e-02,-1.634554975405837141e+01
7.162430000000000000e+09,-1.804952885002819585e-04,-1.636959641915234442e+01
7.162525000000000000e+09,-4.337265855694383276e-02,-1.644860114053857458e+01
7.162620000000000000e+09,1.368561983002081206e-02,-1.642735542026973050e+01
7.162715000000000000e+09,7.400338040707055143e-03,-1.646945326017683442e+01
7.162810000000000000e+09,-2.147843970876195385e-02,-1.653414459604409004e+01
7.162905000000000000e+09,6.094946455011296393e-03,-1.654238376799810339e+01
7.163000000000000000e+09,-1.816749781652049478e-02,-1.660245877038742179e+01
7.163095000000000000e+09,-1.096232340302449870e-02,-1.663106615409171241e+01
7.163190000000000000e+09,-2.327966561170313753e-02,-1.667919605441817765e+01
7.163285000000000000e+09,-2.701490735465128523e-02,-1.671874385427891241e+01
7.163380000000000000e+09,7.121303076889518024e-03,-1.672042020196515821e+01
7.163475000000000000e+09,-5.499847772981070193e-03,-1.676885391093281541e+01
7.163570000000000000e+09,4.059215113122149887e-02,-1.675857447014639945e+01
7.163665000000000000e+09,-1.423050817322035755e-02,-1.684920968756863147e+01
7.163760000000000000e+09,1.103526823421674408e-02,-1.685975646927898097e+01
7.163855000000000000e+09,1.738825215849004735e-03,-1.690486547041513532e+01
7.163950000000000000e+09,-3.142051209747975804e-02,-1.697383736584625069e+01
7.164045000000000000e+09,2.749006456959079969e-04,-1.697795451122086163e+01
7.164140000000000000e+09,-2.306555277605681908e-02,-1.703710752276040097e+01
7.164235000000000000e+09,1.073416545406402633e-02,-1.703912036264806673e+01
7.164330000000000000e+09,2.234800232930211905e-03,-1.708343228598698715e+01
7.164425000000000000e+09,-1.220447164453730693e-02,-1.713368411598224128e+01
7.164520000000000000e+09,3.470407537090380856e-03,-1.715382179491873771e+01
7.164615000000000000e+09,5.668472432475368805e-03,-1.718743628814113933e+01
7.164710000000000000e+09,2.333858501416585796e-02,-1.720557873367723545e+01
7.164805000000000000e+09,8.537419666616585801e-04,-1.726387613484252626e+01
7.164900000000000000e+09,-9.792376249848189218e-03,-1.731033481117682271e+01
7.164995000000000000e+09,-2.390730700907894857e-02,-1.736026230005384008e+01
7.165090000000000000e+09,6.930090225331753118e-03,-1.736523746093721599e+01
7.165185000000000000e+09,-2.310698077150519225e-02,-1.743108709005184309e+01
7.165280000000000000e+09,1.090037008937372320e-02,-1.743289229730875078e+01
7.165375000000000000e+09,-2.282096510789699551e-03,-1.748188732202670082e+01
7.165470000000000000e+09,1.352954427594710296e-02,-1.750188823935775062e+01
7.165565000000000000e+09,-1.312501427711154633e-02,-1.756435535602859588e+01
7.165660000000000000e+09,2.192025656062668304e-02,-1.756512264330864426e+01
7.165755000000000000e+09,-2.006857977982434704e-02,-1.764292403776688190e+01
7.165850000000000000e+09,-5.895161221022959808e-03,-1.766456317732586712e+01
7.165945000000000000e+09,-1.980118419040621802e-02,-1.771428175841303698e+01
7.166040000000000000e+09,-8.838384086544692764e-03,-1.773913151642696562e+01
7.166135000000000000e+09,5.768914788973233954e-03,-1.776033677566923430e+01
7.166230000000000000e+09,-2.824329936303371369e-02,-1.783016154793902786e+01
7.166325000000000000e+09,-1.483291614814774562e-02,-1.785256372284192850e+01
7.166420000000000000e+09,-1.331821159583768122e-02,-1.788686157640740504e+01
7.166515000000000000e+09,1.802164268658756896e-02,-1.789133428024310035e+01
7.166610000000000000e+09,3.328795177809951156e-02,-1.791188052926937502e+01
7.166705000000000000e+09,-1.320991353435374549e-02,-1.799419095269961844e+01
7.166800000000000000e+09,-1.149259750503972555e-02,-1.802828619478809102e+01
7.166895000000000000e+09,-1.179950385290595705e-02,-1.806440565925374386e+01
7.166990000000000000e+09,9.288490938338611613e-03,-1.807913022258028590e+01
7.167085000000000000e+09,1.160827918081608345e-02,-1.811262299245559504e+01
7.167180000000000000e+09,-8.606570877983443779e-03,-1.816865040063218117e+01
7.167275000000000000e+09,8.682192956769085868e-03,-1.818717419491521525e+01
7.167370000000000000e+09,-1.267658526903048255e-02,-1.824434553125880143e+01
7.167465000000000000e+09,-5.486580873819946191e-02,-1.832234731284575702e+01
7.167560000000000000e+09,-2.160175083738380408e-02,-1.832489581306273152e+01
7.167655000000000000e+09,1.043144973901988237e-02,-1.832867517060411444e+01
7.167750000000000000e+09,1.078845538919637193e-02,-1.836413072307172456e+01
7.167845000000000000e+09,-2.483019714361134334e-02,-1.843556193372231888e+01
7.167940000000000000e+09,-5.463484818921671149e-03,-1.845200777951541582e+01
7.168035000000000000e+09,-1.392676964666605954e-03,-1.848374952977894736e+01
7.168130000000000000e+09,-2.161747267760461000e-02,-1.853978688360967197e+01
7.168225000000000000e+09,-1.117081548335363550e-02,-1.856515278453320761e+01
7.168320000000000000e+09,-1.649078611560028662e-02,-1.860628531328324087e+01
7.168415000000000000e+09,-1.732375240888117673e-02,-1.864293083769464587e+01
7.168510000000000000e+09,-2.038067038096613715e-03,-1.866345771044164792e+01
7.168605000000000000e+09,6.874872984568014544e-04,-1.869654471422288111e+01
7.168700000000000000e+09,-1.185205502457975513e-02,-1.874489681466370428e+01
7.168795000000000000e+09,-2.890004704615733999e-02,-1.879775736480306847e+01
7.168890000000000000e+09,1.639158474521806852e-02,-1.878827829112947967e+01
7.168985000000000000e+09,-1.397472002561883642e-02,-1.885445715401810318e+01
7.169080000000000000e+09,-2.169983831745270209e-02,-1.889799483042772366e+01
7.169175000000000000e+09,6.870033671539488296e-03,-1.890523751655652163e+01
7.169270000000000000e+09,-2.150586431608303428e-02,-1.896942597266193076e+01
7.169365000000000000e+09,-3.223411153768651616e-02,-1.901596677800132085e+01
7.169460000000000000e+09,-2.568841011387235085e-02,-1.904523363469529329e+01
7.169555000000000000e+09,-2.461100542787519885e-02,-1.907996878812708275e+01
7.169650000000000000e+09,1.919127266677023158e-02,-1.907197906815022392e+01
7.169745000000000000e+09,-2.569480984768901521e-02,-1.915267770878246978e+01
7.169840000000000000e+09,-2.038633366074193987e-02,-1.918318179071330931e+01
7.169935000000000000e+09,-2.371632998953643323e-02,-1.922232434515989041e+01
7.170030000000000000e+09,-1.944307547358192778e-02,-1.925386364876172607e+01
7.170125000000000000e+09,-6.759110865736772666e-03,-1.927699224227166752e+01
7.170220000000000000e+09,1.949461749909175978e-03,-1.930409622777380818e+01
7.170315000000000000e+09,-1.342887709754236880e-02,-1.935528712473938029e+01
7.170410000000000000e+09,-1.303072905447066887e-03,-1.937897387866507160e+01
7.170505000000000000e+09,-2.695215170664866378e-02,-1.944043551558405980e+01
7.170600000000000000e+09,9.321195855076069847e-03,-1.943997472614012167e+01
7.170695000000000000e+09,-4.336184677758225803e-02,-1.952847032689057016e+01
7.170790000000000000e+09,4.472587077398060273e-03,-1.951644845115337645e+01
7.170885000000000000e+09,-1.291247589630728498e-02,-1.956964607224486841e+01
7.170980000000000000e+09,-3.657971145217686626e-02,-1.962912586591852460e+01
7.171075000000000000e+09,-5.088236799174694625e-03,-1.963344694938330903e+01
7.171170000000000000e+09,-6.193328692997823737e-03,-1.967036459939491877e+01
7.171265000000000000e+09,2.317952949038826205e-02,-1.967680429932931929e+01
7.171360000000000000e+09,-8.119531701861859574e-03,-1.974391591863935602e+01
7.171455000000000000e+09,-9.066166185938584476e-03,-1.978067511124121935e+01
7.171550000000000000e+09,-1.579007183654823621e-02,-1.982321157500961917e+01
7.171645000000000000e+09,-2.478221917042233713e-02,-1.986801628046127988e+01
7.171740000000000000e+09,-8.096348986228463218e-04,-1.987985625430726699e+01
7.171835000000000000e+09,1.810594043001501063e-02,-1.989675323709641575e+01
7.171930000000000000e+09,-1.887411672911198934e-02,-1.996954585237332935e+01
7.172025000000000000e+09,-3.773955373631565635e-04,-1.998686168929936713e+01
7.172120000000000000e+09,6.278495883702106539e-03,-2.001601835599608847e+01
7.172215000000000000e+09,-9.491103706221082348e-03,-2.006760051370379827e+01
7.172310000000000000e+09,6.812537737694412954e-03,-2.008710943037800689e+01
7.172405000000000000e+09,-1.574138534687108404e-02,-2.014547591158035900e+01
7.172500000000000000e+09,-2.176942968502970643e-02,-2.018731651403630423e+01
7.172595000000000000e+09,-2.491694147925116454e-02,-2.022627658394831229e+01
7.172690000000000000e+09,1.369695604580556392e-05,-2.023715850363080193e+01
7.172785000000000000e+09,2.830627584768663496e-02,-2.024467848285694771e+01
7.172880000000000000e+09,-6.283355216872621440e-03,-2.031508067203929357e+01
7.172975000000000000e+09,1.961909428231933816e-03,-2.034264796551197563e+01
7.173070000000000000e+09,8.734077488437463899e-03,-2.037168835556956026e+01
7.173165000000000000e+09,7.541407925511833810e-03,-2.040869358325027250e+01
7.173260000000000000e+09,-1.124295002354358530e-02,-2.046329049931711452e+01
7.173355000000000000e+09,1.137752694865667991e-02,-2.047648258046270087e+01
7.173450000000000000e+09,4.717531838416277878e-04,-2.052320091234530253e+01
7.173545000000000000e+09,-1.543165290237169529e-02,-2.057491687654930246e+01
7.173640000000000000e+09,-8.775509835437844686e-03,-2.060407329160015522e+01
7.173735000000000000e+09,-2.501579954618904367e-02,-2.065612613942869302e+01
7.173830000000000000e+09,1.278204128400162176e-02,-2.065414085671628897e+01
7.173925000000000000e+09,-5.540167457283473595e-03,-2.070827562357536067e+01
7.174020000000000000e+09,-1.999342427353667517e-02,-2.075854143850940403e+01
7.174115000000000000e+09,-1.853602866321679699e-02,-2.079289660101687076e+01
7.174210000000000000e+09,-2.396677373791078480e-02,-2.083413990420968531e+01
7.174305000000000000e+09,-2.674754783491906096e-02,-2.087273323642448020e+01
7.174400000000000000e+09,-1.198796605834218099e-02,-2.089378621276568992e+01
7.174495000000000000e+09,1.182923319010242835e-02,-2.090578157163503192e+01
7.174590000000000000e+09,1.957387853659753318e-02,-2.093384948440632343e+01
7.174685000000000000e+09,1.609219325930766331e-02,-2.097314372780140346e+01
7.174780000000000000e+09,-6.547941482187624729e-02,-2.109052789400037398e+01
7.174875000000000000e+09,-2.500323000629478543e-02,-2.108586426730257912e+01
7.174970000000000000e+09,-3.431076660760368213e-02,-2.113098436202167463e+01
7.175065000000000000e+09,-4.339134206690076212e-02,-2.117587749559875832e+01
7.175160000000000000e+09,-7.738423044600040157e-03,-2.117603713469424420e+01
7.175255000000000000e+09,-1.456126761247844570e-02,-2.121867253737990922e+01
7.175350000000000000e+09,-1.055803570131530478e-02,-2.125048186358653268e+01
7.175445000000000000e+09,-3.705239401977422631e-02,-2.131278878002277821e+01
7.175540000000000000e+09,-8.021380652003529121e-04,-2.131235108218599450e+01
7.175635000000000000e+09,-2.633372320155658031e-02,-2.137369522544013734e+01
7.175730000000000000e+09,-5.848010972588468803e-03,-2.138902207132895583e+01
7.175825000000000000e+09,3.542283099921661460e-03,-2.141544433537423231e+01
7.175920000000000000e+09,-7.382517157566326205e-03,-2.146218169374950691e+01
7.176015000000000000e+09,-3.307734590630317939e-02,-2.152368908061603037e+01
7.176110000000000000e+09,-1.366847697906337089e-02,-2.154009276980691112e+01
7.176205000000000000e+09,-2.988291829190359294e-02,-2.159211976923754150e+01
7.176300000000000000e+09,-2.465870411138482154e-02,-2.162270811317480934e+01
7.176395000000000000e+09,-1.535079310928111340e-02,-2.164921276029049224e+01
7.176490000000000000e+09,-6.176186782937520547e-03,-2.167585071208193526e+01
7.176585000000000000e+09,-2.461743540689198539e-02,-2.173010451882367633e+01
7.176680000000000000e+09,-2.156358818300674329e-02,-2.176286322971757770e+01
7.176775000000000000e+09,-1.630718732630143109e-02,-2.179341938697865899e+01
7.176870000000000000e+09,-3.374524706857329193e-02,-2.184667000483871746e+01
7.176965000000000000e+09,1.128936399646818245e-02,-2.183744795189146259e+01
7.177060000000000000e+09,-4.535625522058950310e-02,-2.192990612922631044e+01
7.177155000000000000e+09,-4.160229673139070883e-02,-2.196196472885489825e+01
7.177250000000000000e+09,-4.398025123496296374e-02,-2.200015524147625712e+01
7.177345000000000000e+09,-2.989089650779419571e-02,-2.202187844486687496e+01
7.177440000000000000e+09,-3.807202520839680915e-02,-2.206587213168526418e+01
7.177535000000000000e+09,-1.704052561723656822e-02,-2.208065319021189055e+01
7.177630000000000000e+09,1.500331199233073676e-02,-2.208442191072010985e+01
7.177725000000000000e+09,-3.670777291014815091e-02,-2.217194555374037890e+01
7.177820000000000000e+09,-2.091976437047549098e-02,-2.219197010331848929e+01
7.177915000000000000e+09,-3.695153824833496969e-02,-2.224381443531413893e+01
7.178010000000000000e+09,3.301057357450787322e-03,-2.223937439782613623e+01
7.178105000000000000e+09,-5.242636074868656237e-02,-2.233091437405039770e+01
7.178200000000000000e+09,-2.812574330010164658e-02,-2.234242631471959939e+01
7.178295000000000000e+09,-2.493891221220323473e-02,-2.237505204174948759e+01
7.178390000000000000e+09,-2.316982538960843385e-03,-2.238824267019403536e+01
7.178485000000000000e+09,-1.101954833452367666e-02,-2.243275779410738124e+01
7.178580000000000000e+09,-3.485430500627018091e-02,-2.249240510889691791e+01
7.178675000000000000e+09,-4.083351984505867449e-02,-2.253419688185348946e+01
7.178770000000000000e+09,-2.957163558678388426e-02,-2.255874755571300483e+01
7.178865000000000000e+09,-1.432181419972877734e-02,-2.257931029244373633e+01
7.178960000000000000e+09,-3.556096478972747832e-02,-2.263636200115152164e+01
7.179055000000000000e+09,-5.821514714428843718e-02,-2.269482874162386921e+01
7.179150000000000000e+09,-5.123328695411188960e-02,-2.272365943955147927e+01
7.179245000000000000e+09,-6.562315688404751768e-02,-2.277386186759920506e+01
7.179340000000000000e+09,-4.897420124786577844e-02,-2.279302547008080637e+01
7.179435000000000000e+09,-3.870812756283115164e-02,-2.281857195451356191e+01
7.179530000000000000e+09,-5.146682265623070407e-02,-2.286714320772474451e+01
7.179625000000000000e+09,-6.610335540698386581e-02,-2.291759229859328784e+01
7.179720000000000000e+09,-5.136899543617090558e-02,-2.293867049674026148e+01
7.179815000000000000e+09,-7.611891581847629595e-02,-2.299923297524035348e+01
7.179910000000000000e+09,-3.406670525660260296e-02,-2.299299332279626640e+01
7.180005000000000000e+09,-6.944336836487963183e-02,-2.306418254402266399e+01
7.180100000000000000e+09,-7.320692192359956607e-02,-2.310375865569917408e+01
7.180195000000000000e+09,-5.642081120171837938e-02,-2.312278510309507595e+01
7.180290000000000000e+09,-7.501857651550025707e-02,-2.317719542652664799e+01
7.180385000000000000e+09,-1.134270913518378165e-01,-2.325141649948077216e+01
7.180480000000000000e+09,-1.263705216803181486e-01,-2.330017248792703910e+01
7.180575000000000000e+09,-1.425284755276301496e-01,-2.335214299989213771e+01
7.180670000000000000e+09,-1.457383457851513242e-01,-2.339116542826744549e+01
7.180765000000000000e+09,-1.389013137633163808e-01,-2.342014095436339716e+01
7.180860000000000000e+09,-1.471203558193714400e-01,-2.346417255453723882e+01
7.180955000000000000e+09,-1.905040595647413681e-01,-2.354336881640039891e+01
7.181050000000000000e+09,-1.295082145203068080e-01,-2.351818552947374741e+01
7.181145000000000000e+09,-2.235997624717178667e-01,-2.364808963554294863e+01
7.181240000000000000e+09,-2.048191820538640684e-01,-2.366512161324288144e+01
7.181335000000000000e+09,4.292726900471812712e-01,-2.306684229925962271e+01
7.181430000000000000e+09,3.293152729250259370e-01,-2.320261227449956465e+01
7.181525000000000000e+09,1.852387663323824540e-01,-2.338250133920999474e+01
7.181620000000000000e+09,1.728298134663468488e-01,-2.343072285019381695e+01
7.181715000000000000e+09,1.287048267030357351e-01,-2.351066039507491467e+01
7.181810000000000000e+09,1.238552757851500985e-01,-2.355132250411059047e+01
7.181905000000000000e+09,1.204376887380220751e-01,-2.359055264927583906e+01
7.182000000000000000e+09,9.075453187599435978e-02,-2.365604836425565338e+01
7.182095000000000000e+09,7.863287215541703290e-02,-2.370398258209401732e+01
7.182190000000000000e+09,6.761366454074746457e-02,-2.375081434782647349e+01
7.182285000000000000e+09,3.868318938210890678e-02,-2.381555738110289866e+01
7.182380000000000000e+09,2.652764291575948619e-02,-2.386352548568703469e+01
7.182475000000000000e+09,2.412821575126500306e-02,-2.390173747096931933e+01
7.182570000000000000e+09,1.929775848057602161e-02,-2.394238048635779137e+01
7.182665000000000000e+09,6.871220757120255485e-02,-2.392877859538495500e+01
7.182760000000000000e+09,5.411955334482598801e-02,-2.397918380772911817e+01
7.182855000000000000e+09,5.908715286771482056e-02,-2.401002876632401595e+01
7.182950000000000000e+09,3.490609149796952693e-02,-2.407002238581154785e+01
7.183045000000000000e+09,3.230485896148138636e-02,-2.410843617646582260e+01
7.183140000000000000e+09,1.959564305755279179e-02,-2.415695795048753780e+01
7.183235000000000000e+09,4.349377830662248812e-02,-2.416887237335625471e+01
7.183330000000000000e+09,5.202978716163997319e-02,-2.419614892261902739e+01
7.183425000000000000e+09,3.086742207141668359e-02,-2.425312384582703373e+01
7.183520000000000000e+09,4.038595077174989001e-02,-2.427941787524449069e+01
7.183615000000000000e+09,-1.466292049429540612e-02,-2.437027930462831904e+01
7.183710000000000000e+09,2.362894638534385194e-02,-2.436779999586646994e+01
7.183805000000000000e+09,1.887129930524622523e-02,-2.440837020106468813e+01
7.183900000000000000e+09,2.896221635663209781e-02,-2.443409184213108887e+01
7.183995000000000000e+09,5.158211997262185378e-03,-2.449370840460824894e+01
7.184090000000000000e+09,1.114067867667500877e-02,-2.452353849604661917e+01
7.184185000000000000e+09,9.462993455901624884e-03,-2.456102873938518272e+01
7.184280000000000000e+09,-3.001833751870464084e-03,-2.460930612471073786e+01
7.184375000000000000e+09,3.378253898870298144e-02,-2.460833431008795458e+01
7.184470000000000000e+09,5.038320665267548293e-03,-2.467289108652917662e+01
7.184565000000000000e+09,-1.263148003785374840e-02,-2.472637344535008452e+01
7.184660000000000000e+09,-8.068223359341430978e-03,-2.475762274678935881e+01
7.184755000000000000e+09,1.801449095984608562e-02,-2.476735259058795791e+01
7.184850000000000000e+09,1.201446375177894765e-02,-2.480916517591381520e+01
7.184945000000000000e+09,4.942964738300403837e-02,-2.480756255040037317e+01
7.185040000000000000e+09,2.078943877725691891e-02,-2.487201531712391045e+01
7.185135000000000000e+09,-1.799718225472091149e-02,-2.494661449627367134e+01
7.185230000000000000e+09,-3.299459301263851785e-03,-2.496772933143800444e+01
7.185325000000000000e+09,-2.232445063587107370e-02,-2.502256688089039827e+01
7.185420000000000000e+09,-6.097465435956905822e-03,-2.504215245380827071e+01
7.185515000000000000e+09,-2.103932250874152032e-02,-2.509290686899884193e+01
7.185610000000000000e+09,-2.126753798043523602e-02,-2.512894764258832225e+01
7.185705000000000000e+09,5.963891043652580493e-03,-2.513752877168202460e+01
7.185800000000000000e+09,1.268584121646298968e-02,-2.516661937962733120e+01
7.185895000000000000e+09,1.328008979783135146e-03,-2.521378976998180121e+01
7.185990000000000000e+09,6.219249118032621482e-03,-2.524471108796133834e+01
7.186085000000000000e+09,1.072343466251979294e-02,-2.527601946053463777e+01
7.186180000000000000e+09,1.679939973248423257e-02,-2.530575605358245994e+01
7.186275000000000000e+09,-6.882988883749163733e-03,-2.536525100031647995e+01
7.186370000000000000e+09,4.105285791872859136e-03,-2.539007528375864808e+01
7.186465000000000000e+09,6.958093443174107051e-03,-2.542303503422512989e+01
7.186560000000000000e+09,9.374428699842951573e-03,-2.545643125708625121e+01
7.186655000000000000e+09,-1.587627965634297311e-02,-2.551749452356022019e+01
7.186750000000000000e+09,4.550020841875834776e-04,-2.553697579993747979e+01
7.186845000000000000e+09,-3.266216493134876941e-02,-2.560590552507080275e+01
7.186940000000000000e+09,-1.475302193987104715e-02,-2.562380894019711164e+01
7.187035000000000000e+09,-2.043316162060904162e-02,-2.566530163799563624e+01
7.187130000000000000e+09,-1.642138677178550665e-02,-2.569710242126459931e+01
7.187225000000000000e+09,6.276249430122504691e-03,-2.571021734318048146e+01
7.187320000000000000e+09,1.231655085821614648e-02,-2.573998959987017088e+01
7.187415000000000000e+09,-1.809102152348174286e-02,-2.580620973036965893e+01
7.187510000000000000e+09,-2.210380545270851371e-02,-2.584603507241666875e+01
7.187605000000000000e+09,1.873916604269609820e-02,-2.584100465903905430e+01
7.187700000000000000e+09,-1.747096446164775330e-02,-2.591302734766151872e+01
7.187795000000000000e+09,-1.514407693261432541e-02,-2.594651301825027190e+01
7.187890000000000000e+09,2.404728968973657288e-02,-2.594313420974571116e+01
7.187985000000000000e+09,-1.308258188318944804e-02,-2.601607663943642024e+01
7.188080000000000000e+09,-2.813147788867809140e-02,-2.606693809355969904e+01
7.188175000000000000e+09,7.334585046010033693e-03,-2.606728458874279397e+01
7.188270000000000000e+09,4.255386221387880141e-04,-2.611000619328445538e+01
7.188365000000000000e+09,-6.291349959543168779e-03,-2.615253563998392394e+01
7.188460000000000000e+09,4.904416339801542790e-03,-2.617715243180236584e+01
7.188555000000000000e+09,-1.649677497017520977e-02,-2.623436618123012920e+01
7.188650000000000000e+09,7.974449811051442794e-03,-2.624570751456668916e+01
7.188745000000000000e+09,9.720634949996309615e-03,-2.627977388754553445e+01
7.188840000000000000e+09,-3.256348778466389149e-02,-2.635787056839797771e+01
7.188935000000000000e+09,-4.645529112002577676e-02,-2.640757492985112975e+01
7.189030000000000000e+09,-5.594129661901092732e-03,-2.640252632651078812e+01
7.189125000000000000e+09,6.132029357679869008e-03,-2.642661272560899732e+01
7.189220000000000000e+09,-1.625638305170440390e-02,-2.648481369613616820e+01
7.189315000000000000e+09,-8.777435249847087562e-03,-2.651314730645209750e+01
7.189410000000000000e+09,-3.728107798153246222e-03,-2.654391053711819026e+01
7.189505000000000000e+09,1.107488332548101084e-02,-2.656492010411234261e+01
7.189600000000000000e+09,2.352652966920842914e-02,-2.658828101588673931e+01
7.189695000000000000e+09,2.360517906443959646e-02,-2.662401492460929120e+01
7.189790000000000000e+09,3.708933715422801924e-02,-2.664634332463729294e+01
7.189885000000000000e+09,-3.260809175389667303e-02,-2.675185331166320424e+01
7.189980000000000000e+09,1.972362692954021668e-02,-2.673533415109755396e+01
7.190075000000000000e+09,-5.558925666928615783e-03,-2.679642926181180940e+01
7.190170000000000000e+09,-4.234530859850593743e-03,-2.683091742512251798e+01
7.190265000000000000e+09,-9.518184839574672651e-03,-2.687201363722003222e+01
7.190360000000000000e+09,5.792488768300074753e-03,-2.689251552172994053e+01
7.190455000000000000e+09,-9.610024594508104201e-03,-2.694373059321053887e+01
7.190550000000000000e+09,-3.970137092426284653e-02,-2.700963449765807667e+01
7.190645000000000000e+09,-4.039623499987854416e-02,-2.704614191985148253e+01
7.190740000000000000e+09,-3.118215252708367302e-02,-2.707274039549647426e+01
7.190835000000000000e+09,1.895658982913772661e-03,-2.707547514210426343e+01
7.190930000000000000e+09,1.849121535280673356e-02,-2.709469214385215707e+01
7.191025000000000000e+09,2.628566622990291535e-02,-2.712271025109284750e+01
7.191120000000000000e+09,1.152533177003789433e-02,-2.717328314367049913e+01
7.191215000000000000e+09,7.793168876016665081e-03,-2.721282786468230697e+01
7.191310000000000000e+09,-1.230439522294446419e-02,-2.726873798689905826e+01
7.191405000000000000e+09,7.899714492168641300e-03,-2.728434643530172821e+01
7.191500000000000000e+09,-1.515840933153711489e-02,-2.734321711724322412e+01
7.191595000000000000e+09,-1.744997165966211128e-02,-2.738132123768946968e+01
7.191690000000000000e+09,-1.341805836154819076e-02,-2.741310188250914237e+01
7.191785000000000000e+09,-2.912415573752014097e-02,-2.746462053800290093e+01
7.191880000000000000e+09,2.429719688733911198e-02,-2.744701174349582828e+01
7.191975000000000000e+09,-3.595034661919171981e-02,-2.754307184512014928e+01
7.192070000000000000e+09,-1.660377353871922423e-03,-2.754459443397261253e+01
7.192165000000000000e+09,-6.372159628579510127e-03,-2.758511877436511028e+01
7.192260000000000000e+09,-7.584766076881521712e-03,-2.762214393893119890e+01
7.192355000000000000e+09,-2.659744587707990604e-02,-2.767696917684918390e+01
7.192450000000000000e+09,-3.599680303196350906e-03,-2.768978396939308695e+01
7.192545000000000000e+09,2.946775056925332592e-02,-2.769252909663842388e+01
7.192640000000000000e+09,-2.641998462120298541e-02,-2.778422938994666680e+01
7.192735000000000000e+09,5.784410730090172592e-03,-2.778783755271316025e+01
7.192830000000000000e+09,2.098390253901882829e-02,-2.780845061902202175e+01
7.192925000000000000e+09,2.306710994480454247e-02,-2.784217996973401910e+01
7.193020000000000000e+09,-2.833802437983479194e-03,-2.790389344023459728e+01
7.193115000000000000e+09,-1.443138290799339529e-03,-2.793831533420519975e+01
7.193210000000000000e+09,1.240730063815576045e-02,-2.796027745339403126e+01
7.193305000000000000e+09,-3.535345863145522571e-03,-2.801203265801311915e+01
7.193400000000000000e+09,1.372839011320081681e-02,-2.803058148015455942e+01
7.193495000000000000e+09,1.123918630931086682e-03,-2.807899850975495326e+01
7.193590000000000000e+09,3.274886100950880063e-02,-2.808318612549415860e+01
7.193685000000000000e+09,1.201535915825502343e-03,-2.815054600870563206e+01
7.193780000000000000e+09,-3.790136633977425618e-03,-2.819135023937322160e+01
7.193875000000000000e+09,3.046176934997646413e-03,-2.822032648392203313e+01
7.193970000000000000e+09,3.555110156943541710e-02,-2.822363411740538197e+01
7.194065000000000000e+09,-2.001528052589662821e-02,-2.831501305761850062e+01
7.194160000000000000e+09,1.272099210443400352e-02,-2.831808934310595660e+01
7.194255000000000000e+09,6.497675899908017527e-03,-2.836012521742826920e+01
7.194350000000000000e+09,2.207439538006994439e-02,-2.838036105606589743e+01
7.194445000000000000e+09,4.226033955240993123e-02,-2.839598767001134050e+01
7.194540000000000000e+09,-1.175636673731617066e-02,-2.848581693441885676e+01
7.194635000000000000e+09,-1.027127902635882606e-02,-2.852014440482568247e+01
7.194730000000000000e+09,-2.486089603375063461e-02,-2.857054657995086444e+01
7.194825000000000000e+09,-5.131704257426150662e-03,-2.858662994629232657e+01
7.194920000000000000e+09,-2.426091567706123442e-03,-2.861973689172039315e+01
7.195015000000000000e+09,-1.164424687935294855e-02,-2.866476760514982658e+01
7.195110000000000000e+09,9.665472325703916567e-03,-2.867927044406255632e+01
7.195205000000000000e+09,1.225798573905478861e-02,-2.871249048876699561e+01
7.195300000000000000e+09,-1.990414848709320950e-03,-2.876255144747254278e+01
7.195395000000000000e+09,-1.482800900413394629e-02,-2.881120159974609152e+01
7.195490000000000000e+09,2.692629645519417636e-03,-2.882949351921422476e+01
7.195585000000000000e+09,1.355563481592270136e-02,-2.885444307216160809e+01
7.195680000000000000e+09,-1.022943453135738423e-02,-2.891404069962667478e+01
7.195775000000000000e+09,-8.847431313817821774e-03,-2.894847125452692183e+01
7.195870000000000000e+09,3.781106423675950623e-02,-2.893762531709413466e+01
7.195965000000000000e+09,1.543437043392970054e-02,-2.899581456901474752e+01
7.196060000000000000e+09,1.716075953004647658e-02,-2.902990073803642090e+01
7.196155000000000000e+09,-1.441960336576286750e-02,-2.909729365905001330e+01
7.196250000000000000e+09,2.319526945250771632e-02,-2.909549134434953288e+01
7.196345000000000000e+09,2.291188262715593282e-02,-2.913158728929267127e+01
7.196440000000000000e+09,-1.445186919650609525e-02,-2.920476359923411991e+01
7.196535000000000000e+09,-2.167585305983266153e-04,-2.922634104668599875e+01
7.196630000000000000e+09,3.748721096208385006e-03,-2.925818812517697864e+01
7.196725000000000000e+09,8.178273294898730228e-03,-2.928957113109607846e+01
7.196820000000000000e+09,2.661377949486265493e-02,-2.930694818301389759e+01
7.196915000000000000e+09,5.393547152991118310e-03,-2.936398097347355929e+01
7.197010000000000000e+09,-3.854182771585357159e-02,-2.944372890646018703e+01
7.197105000000000000e+09,1.594724709046602129e-02,-2.942505238977165760e+01
7.197200000000000000e+09,7.577216963184696397e-03,-2.946923497801672553e+01
7.197295000000000000e+09,-4.296171530636883062e-03,-2.951692092462866768e+01
7.197390000000000000e+09,2.583124135856351700e-02,-2.952260606985725744e+01
7.197485000000000000e+09,9.145974241420162798e-03,-2.957510389509218385e+01
7.197580000000000000e+09,-1.520839229466375286e-02,-2.963527081974605792e+01
7.197675000000000000e+09,-3.005859183764059139e-02,-2.968593357740681782e+01
7.197770000000000000e+09,2.036656260805003171e-02,-2.967132098107891736e+01
7.197865000000000000e+09,2.086218782869408983e-02,-2.970663791397605991e+01
7.197960000000000000e+09,1.366359777292913691e-02,-2.974964906214961147e+01
7.198055000000000000e+09,-1.604369921029302759e-02,-2.981516891725062024e+01
7.198150000000000000e+09,-3.647402215499084832e-03,-2.983858517837361291e+01
7.198245000000000000e+09,-1.089732201376847343e-02,-2.988164765628967245e+01
7.198340000000000000e+09,1.193535004892964935e-02,-2.989462754234475739e+01
7.198435000000000000e+09,-9.904100052722242253e-04,-2.994336586051674942e+01
7.198530000000000000e+09,2.100427702617579939e-02,-2.995718373160308445e+01
7.198625000000000000e+09,1.405214998247572566e-02,-2.999994841676457469e+01
7.198720000000000000e+09,-6.791973315486643514e-03,-3.005660509818032367e+01
7.198815000000000000e+09,-1.592249021214442450e-02,-3.010154817319476805e+01
7.198910000000000000e+09,4.168883935036404864e-02,-3.007974940175004619e+01
7.199005000000000000e+09,1.301549334734986019e-02,-3.014423530587084699e+01
7.199100000000000000e+09,-5.376307127338719738e-03,-3.019843966446332217e+01
7.199195000000000000e+09,-5.261948708412234055e-03,-3.023413786416218230e+01
7.199290000000000000e+09,1.105705894047304128e-02,-3.025363141463142114e+01
7.199385000000000000e+09,-1.789565042437502029e-02,-3.031839668211405581e+01
7.199480000000000000e+09,8.499694160075677019e-03,-3.032781389564739172e+01
7.199575000000000000e+09,1.176469476138564119e-02,-3.036036145316386836e+01
7.199670000000000000e+09,-3.695357320848202676e-02,-3.044489227925152264e+01
7.199765000000000000e+09,-3.383811766934030629e-03,-3.044713507592776125e+01
7.199860000000000000e+09,2.455953722953907459e-02,-3.045500428504907475e+01
7.199955000000000000e+09,2.164723683648972496e-02,-3.049372914355991426e+01
7.200050000000000000e+09,1.319837031336490440e-02,-3.053799056820082214e+01
7.200145000000000000e+09,-6.253060001675692092e-03,-3.059325455663365290e+01
7.200240000000000000e+09,3.605072979624779350e-02,-3.058676332495351602e+01
7.200335000000000000e+09,1.856820816114890249e-02,-3.064005840470640152e+01
7.200430000000000000e+09,-6.820881178271065437e-04,-3.069512125910316414e+01
7.200525000000000000e+09,1.301653750171283264e-02,-3.071723519160141080e+01
7.200620000000000000e+09,1.031647244285949228e-03,-3.076503263997662430e+01
7.200715000000000000e+09,4.225169091780855979e-02,-3.075962515442088829e+01
7.200810000000000000e+09,1.245196349189470197e-02,-3.082523743996459231e+01
7.200905000000000000e+09,-2.678506358023469147e-03,-3.087618046793229354e+01
7.201000000000000000e+09,-2.639262948047260693e-02,-3.093570714917253284e+01
7.201095000000000000e+09,-1.642751157428889996e-02,-3.096155458938413574e+01
7.201190000000000000e+09,1.494954756644517602e-03,-3.097944468117132288e+01
7.201285000000000000e+09,2.807794449865497199e-02,-3.098867424954709904e+01
7.201380000000000000e+09,7.110871164293541824e-03,-3.104545388099924708e+01
7.201475000000000000e+09,-7.306319374578151837e-05,-3.108845037347507656e+01
7.201570000000000000e+09,-2.010618777618589093e-02,-3.114429605617529973e+01
7.201665000000000000e+09,-2.199702482940324444e-03,-3.116220212899984432e+01
7.201760000000000000e+09,-1.380454615850723599e-02,-3.120961953079319784e+01
7.201855000000000000e+09,-1.107500138058270522e-02,-3.124270254413305992e+01
7.201950000000000000e+09,-6.356290779052642392e-06,-3.126744645716104287e+01
7.202045000000000000e+09,-1.440095861583401415e-02,-3.131765361760388444e+01
7.202140000000000000e+09,1.346598501062956643e-02,-3.132559923209520747e+01
7.202235000000000000e+09,-2.021090810740133747e-02,-3.139508868333102498e+01
7.202330000000000000e+09,-2.286404269166553149e-02,-3.143355437603307934e+01
7.202425000000000000e+09,-9.903384492307765186e-03,-3.145640627595150463e+01
7.202520000000000000e+09,1.935486750318204940e-02,-3.146296058207380497e+01
7.202615000000000000e+09,-1.652499276826091545e-02,-3.153465300046303454e+01
7.202710000000000000e+09,-1.776690745409226224e-02,-3.157170747326665250e+01
7.202805000000000000e+09,1.263186031840390910e-02,-3.157712126361194294e+01
7.202900000000000000e+09,-2.453751490850919481e-03,-3.162801943353898437e+01
7.202995000000000000e+09,-3.021854347711538935e-02,-3.169159678364303545e+01
7.203090000000000000e+09,-3.208253494880253243e-02,-3.172927333323284316e+01
7.203185000000000000e+09,2.561848079064787953e-03,-3.173044150832276600e+01
7.203280000000000000e+09,-3.497308479236949097e-02,-3.180378899931198688e+01
7.203375000000000000e+09,-6.255269169496813220e-03,-3.181088374180690082e+01
7.203470000000000000e+09,-8.073420206383019604e-03,-3.184851445096157363e+01
7.203565000000000000e+09,-2.454008359551451690e-02,-3.190079367246849174e+01
7.203660000000000000e+09,1.535513779941410917e-02,-3.189671100919134972e+01
7.203755000000000000e+09,-2.952688829572380769e-02,-3.197740559340427424e+01
7.203850000000000000e+09,1.156644644605364647e-02,-3.197212481678028695e+01
7.203945000000000000e+09,-3.397558259241861833e-02,-3.205347940393654227e+01
7.204040000000000000e+09,-2.914211535962607513e-02,-3.208445849482153989e+01
7.204135000000000000e+09,-2.996149560167538084e-02,-3.212109043318137225e+01
7.204230000000000000e+09,-4.262743165453741767e-02,-3.216956892735202445e+01
7.204325000000000000e+09,-9.061205580827902395e-03,-3.217181525939610509e+01
7.204420000000000000e+09,-3.417585714124982132e-02,-3.223274246907431007e+01
7.204515000000000000e+09,-1.417530909346709223e-02,-3.224855447914431750e+01
7.204610000000000000e+09,-5.230405529997028680e-02,-3.232249578346860375e+01
7.204705000000000000e+09,-4.554456303944220963e-02,-3.235154884932586583e+01
7.204800000000000000e+09,-3.662418696253411099e-02,-3.237844103136674079e+01
7.204895000000000000e+09,-1.960420788949335247e-02,-3.239723361041149019e+01
7.204990000000000000e+09,-2.495809899372858354e-02,-3.243840005963350848e+01
7.205085000000000000e+09,-8.101612398306201612e-03,-3.245735613115621021e+01
7.205180000000000000e+09,-7.282274169807578801e-02,-3.255788981857376996e+01
7.205275000000000000e+09,-5.831922547542234270e-02,-3.257919886046889957e+01
7.205370000000000000e+09,-9.284361212130676222e-02,-3.264953580523257415e+01
7.205465000000000000e+09,-8.151203474940160731e-02,-3.267401678597845205e+01
7.205560000000000000e+09,-8.529505288655769846e-02,-3.271361236223339830e+01
7.205655000000000000e+09,-9.278652422925404153e-02,-3.275691639169387770e+01
7.205750000000000000e+09,-1.322632391518041572e-01,-3.283220566473421798e+01
7.205845000000000000e+09,-9.806709455475726145e-02,-3.283382207825496124e+01
7.205940000000000000e+09,-1.306942417755223573e-01,-3.290226178359350939e+01
7.206035000000000000e+09,-1.291843295385248780e-01,-3.293656442947430207e+01
7.206130000000000000e+09,-1.227345357218467825e-01,-3.296592719377540703e+01
7.206225000000000000e+09,-8.435339936817598527e-02,-3.296335861553952640e+01
7.206320000000000000e+09,-1.683205110041470220e-01,-3.308313828529328049e+01
7.206415000000000000e+09,2.108224711889761238e-03,-3.294852210769503387e+01
7.206510000000000000e+09,3.754933690926591794e-01,-3.261094952143204750e+01
7.206605000000000000e+09,2.790561160690856468e-01,-3.274319933257341120e+01
7.206700000000000000e+09,2.422265195151709349e-01,-3.281584148724510896e+01
7.206795000000000000e+09,1.795844895803497820e-01,-3.291429607529772028e+01
7.206890000000000000e+09,1.650952127448945816e-01,-3.296459791025096564e+01
7.206985000000000000e+09,9.994966124941129237e-02,-3.306555601986456594e+01
7.207080000000000000e+09,1.296270901394223074e-01,-3.307169114909234509e+01
7.207175000000000000e+09,8.458748591463205457e-02,-3.315254331143491839e+01
7.207270000000000000e+09,7.281333097076014838e-02,-3.320013002449658046e+01
7.207365000000000000e+09,7.015509320805080051e-02,-3.323860082037707997e+01
7.207460000000000000e+09,5.580707848530153115e-02,-3.328876139321761229e+01
7.207555000000000000e+09,8.045283834846372883e-02,-3.329992819147224026e+01
7.207650000000000000e+09,7.155693883072444805e-02,-3.334463664910776259e+01
7.207745000000000000e+09,5.480660133084569452e-02,-3.339719954472543151e+01
7.207840000000000000e+09,5.793715346394634480e-02,-3.342988155071011391e+01
7.207935000000000000e+09,5.315739400472807574e-02,-3.347047386828712234e+01
7.208030000000000000e+09,3.432086779029930312e-02,-3.352512295261933417e+01
7.208125000000000000e+09,1.627689808325527565e-02,-3.357897948044416836e+01
7.208220000000000000e+09,3.494080102355923145e-02,-3.359612813562164746e+01
7.208315000000000000e+09,2.892260923871958767e-02,-3.363795888552427726e+01
7.208410000000000000e+09,8.649943620300604152e-02,-3.361619461667778097e+01
7.208505000000000000e+09,7.431386942613471547e-03,-3.373107522405595660e+01
7.208600000000000000e+09,2.954069963616490213e-02,-3.374477846948019533e+01
7.208695000000000000e+09,3.208275687781991792e-02,-3.377804897035632337e+01
7.208790000000000000e+09,3.021330807531086293e-02,-3.381573097727662258e+01
7.208885000000000000e+09,9.823159273651071999e-03,-3.387193368419640649e+01
7.208980000000000000e+09,-7.614909549481296835e-03,-3.392518431113732191e+01
7.209075000000000000e+09,1.950841828679017453e-02,-3.393387354141883350e+01
7.209170000000000000e+09,8.306345602022702224e-03,-3.398088817222139113e+01
7.209265000000000000e+09,4.507168578112441537e-02,-3.397993539016007958e+01
7.209360000000000000e+09,3.220825301096397197e-02,-3.402861138104802308e+01
7.209455000000000000e+09,5.576194327368000359e-03,-3.409105599784940921e+01
7.209550000000000000e+09,-3.372789801112219266e-03,-3.413581754009567248e+01
7.209645000000000000e+09,4.329374970706822978e-02,-3.412496355870528220e+01
7.209740000000000000e+09,4.863558265770251410e-02,-3.415543428387243097e+01
7.209835000000000000e+09,1.686084960696376811e-02,-3.422302157504095987e+01
7.209930000000000000e+09,2.660587994190422023e-02,-3.424908910282380958e+01
7.210025000000000000e+09,2.970993452414205649e-02,-3.428179760635935480e+01
7.210120000000000000e+09,-8.245384436683877993e-03,-3.435556548343797090e+01
7.210215000000000000e+09,-1.253087141387965175e-02,-3.439566352853294973e+01
7.210310000000000000e+09,1.403271742021416912e-02,-3.440491249781664607e+01
7.210405000000000000e+09,1.521724535311363979e-02,-3.443954052800152965e+01
7.210500000000000000e+09,5.279555181294171007e-02,-3.443777477965949174e+01
7.210595000000000000e+09,1.987634234782120757e-02,-3.450650654724239530e+01
7.210690000000000000e+09,2.334675691296439481e-02,-3.453884869079504227e+01
7.210785000000000000e+09,4.044045373542104471e-02,-3.455756755209036868e+01
7.210880000000000000e+09,7.958852155111628690e-02,-3.455423204239279755e+01
7.210975000000000000e+09,3.045008143619298835e-02,-3.463918304062551101e+01
7.211070000000000000e+09,-1.808929200564080020e-05,-3.470546376947149270e+01
7.211165000000000000e+09,3.208316308634096004e-02,-3.470917507521093626e+01
7.211260000000000000e+09,4.916678449047395816e-02,-3.472790401192458631e+01
7.211355000000000000e+09,2.611294204989178525e-03,-3.481027206032786125e+01
7.211450000000000000e+09,2.181232212919326230e-02,-3.482688359052144733e+01
7.211545000000000000e+09,5.015303676934479427e-03,-3.487949316709148917e+01
7.211640000000000000e+09,2.832722104349727488e-02,-3.489199380784271654e+01
7.211735000000000000e+09,-1.324376767432511315e-02,-3.496937735467832198e+01
7.211830000000000000e+09,1.765999893632397288e-02,-3.497428614618546305e+01
7.211925000000000000e+09,4.005304638305062781e-02,-3.498770565685651945e+01
7.212020000000000000e+09,1.498477280516397059e-02,-3.504858648855219627e+01
7.212115000000000000e+09,1.415187225050829056e-02,-3.508523194722463501e+01
7.212210000000000000e+09,1.592617329013990002e-02,-3.511927020430279356e+01
7.212305000000000000e+09,3.249053153118097725e-02,-3.513851840417953554e+01
7.212400000000000000e+09,2.737487580004938081e-02,-3.517944661802845729e+01
7.212495000000000000e+09,6.298780180645735527e-02,-3.517964625013983948e+01
7.212590000000000000e+09,5.551138899001273330e-03,-3.527289547116507862e+01
7.212685000000000000e+09,1.014067228916104568e-02,-3.530411849589270901e+01
7.212780000000000000e+09,2.851751964525561789e-02,-3.532155420665473144e+01
7.212875000000000000e+09,4.077480138055022962e-02,-3.534510948303722699e+01
7.212970000000000000e+09,2.919044194886311061e-02,-3.539250640058670427e+01
7.213065000000000000e+09,1.727946616154696358e-02,-3.544022993449180348e+01
7.213160000000000000e+09,4.440773770203065851e-02,-3.544891422106910994e+01
7.213255000000000000e+09,1.279591753115738584e-02,-3.551633859935776627e+01
7.213350000000000000e+09,5.455625836770394699e-02,-3.551039081663900987e+01
7.213445000000000000e+09,5.373767986771582628e-02,-3.554702195325678105e+01
7.213540000000000000e+09,1.703167540221528498e-02,-3.561954051584007175e+01
7.213635000000000000e+09,4.282561642703797133e-02,-3.562955913293303212e+01
7.213730000000000000e+09,4.587805369991571069e-02,-3.566231925377794454e+01
7.213825000000000000e+09,2.853252945504181071e-02,-3.571547733614060149e+01
7.213920000000000000e+09,1.264083799861026591e-02,-3.576718158571482320e+01
7.214015000000000000e+09,4.134420826998308485e-02,-3.577429077356124054e+01
7.214110000000000000e+09,2.234874688467414217e-02,-3.582909879306433254e+01
7.214205000000000000e+09,1.792777725663796673e-02,-3.586933232081015888e+01
7.214300000000000000e+09,7.407657590242422430e-03,-3.591566499859433748e+01
7.214395000000000000e+09,4.219315265274303783e-02,-3.591669206164962702e+01
7.214490000000000000e+09,3.632133349509558684e-02,-3.595837643892505753e+01
7.214585000000000000e+09,5.374913563105110370e-02,-3.597676119490689217e+01
7.214680000000000000e+09,2.037796288113469245e-02,-3.604594492577493270e+01
7.214775000000000000e+09,-1.178413915106091281e-02,-3.611391958592491136e+01
7.214870000000000000e+09,2.673507930387586384e-02,-3.611121292558776474e+01
7.214965000000000000e+09,2.183960428317988089e-02,-3.615192095872624378e+01
7.215060000000000000e+09,3.796473570014313736e-02,-3.617160838542707069e+01
7.215155000000000000e+09,1.272710612484218018e-02,-3.623265857312015470e+01
7.215250000000000000e+09,4.311114709647512200e-02,-3.623808709026631192e+01
7.215345000000000000e+09,-3.204153207988724716e-03,-3.632021494868855882e+01
7.215440000000000000e+09,3.003298139257992716e-02,-3.632279037220578033e+01
7.215535000000000000e+09,3.063429126935801605e-02,-3.635800162044679240e+01
7.215630000000000000e+09,2.857361687186710242e-02,-3.639587485296206637e+01
7.215725000000000000e+09,2.560380189276401097e-02,-3.643465722605895962e+01
7.215820000000000000e+09,3.337795426890721728e-02,-3.646269563180059947e+01
7.215915000000000000e+09,1.683847186659903628e-02,-3.651504767232069781e+01
7.216010000000000000e+09,4.701119488191096707e-02,-3.652068750742316894e+01
7.216105000000000000e+09,6.064706262014851745e-02,-3.654286419780272155e+01
7.216200000000000000e+09,4.623665065965099075e-02,-3.659308716788100213e+01
7.216295000000000000e+09,3.276825963823881693e-02,-3.664236811702020447e+01
7.216390000000000000e+09,2.416262286705972429e-02,-3.668678631190917372e+01
7.216485000000000000e+09,7.407179381355888381e-02,-3.667268969908045761e+01
7.216580000000000000e+09,2.676579770170661732e-02,-3.675580825331043400e+01
7.216675000000000000e+09,2.309983297650575196e-02,-3.679528677615341792e+01
7.216770000000000000e+09,6.340441398393181771e-03,-3.684785872584932065e+01
7.216865000000000000e+09,2.989379088214150215e-02,-3.686011793448335538e+01
7.216960000000000000e+09,2.714674992780885532e-02,-3.689867753355547819e+01
7.217055000000000000e+09,2.665479896215572353e-02,-3.693498204263892148e+01
7.217150000000000000e+09,2.679463974925511138e-02,-3.697065475996960515e+01
7.217245000000000000e+09,9.383787969568402332e-03,-3.702387816986708202e+01
7.217340000000000000e+09,1.325943096375681307e-02,-3.705581508499067667e+01
7.217435000000000000e+09,3.920816658067849403e-02,-3.706567890749154515e+01
7.217530000000000000e+09,3.779421408857785991e-03,-3.713692021078114891e+01
7.217625000000000000e+09,2.943078874452709215e-02,-3.714708140156326976e+01
7.217720000000000000e+09,8.629404533614604134e-03,-3.720369534389196531e+01
7.217815000000000000e+09,3.102285936734716643e-02,-3.721711444717602291e+01
7.217910000000000000e+09,2.300270673378435049e-02,-3.726094715792737588e+01
7.218005000000000000e+09,2.346216428011871358e-02,-3.729630025849882458e+01
7.218100000000000000e+09,2.850127052158768493e-02,-3.732707371037514577e+01
7.218195000000000000e+09,4.270201705269016657e-02,-3.734868552196182634e+01
7.218290000000000000e+09,5.314176184832319905e-03,-3.742188592094747435e+01
7.218385000000000000e+09,9.118657475362113018e-03,-3.745389399777472761e+01
7.218480000000000000e+09,5.900033459335674024e-02,-3.743982487877452314e+01
7.218575000000000000e+09,2.803605254388941148e-02,-3.750660171894211459e+01
7.218670000000000000e+09,2.942450403562446581e-02,-3.754102582556816259e+01
7.218765000000000000e+09,1.281520358335797027e-02,-3.759344768413821924e+01
7.218860000000000000e+09,2.775342181813300613e-02,-3.761432202402122726e+01
7.218955000000000000e+09,1.430215644112564632e-02,-3.766358584751602478e+01
7.219050000000000000e+09,3.445975321925232038e-02,-3.767924080885568117e+01
7.219145000000000000e+09,2.968638806540013775e-02,-3.771982673212732351e+01
7.219240000000000000e+09,7.911589073444247333e-03,-3.777741408923706246e+01
7.219335000000000000e+09,3.324215801207941468e-02,-3.778789607841621745e+01
7.219430000000000000e+09,3.648334599380120835e-02,-3.782046744855228582e+01
7.219525000000000000e+09,3.138905086592558291e-02,-3.786137430179794450e+01
7.219620000000000000e+09,2.095284588708068441e-02,-3.790762306489457956e+01
7.219715000000000000e+09,4.095924628799707534e-02,-3.792342922261144622e+01
7.219810000000000000e+09,1.524247828987057574e-02,-3.798495854872736288e+01
7.219905000000000000e+09,4.064109379556413160e-02,-3.799537249133945238e+01
7.220000000000000000e+09,3.887292463684843824e-02,-3.803295321861595824e+01
7.220095000000000000e+09,6.993019473568296007e-02,-3.803770850663490677e+01
7.220190000000000000e+09,1.898527556600981825e-02,-3.812446598392237007e+01
7.220285000000000000e+09,2.917552981866577966e-02,-3.815008828778750427e+01
7.220380000000000000e+09,3.510722130378240990e-02,-3.817996915442017070e+01
7.220475000000000000e+09,4.375162493332851454e-02,-3.820713730890874871e+01
7.220570000000000000e+09,7.926713591075440490e-04,-3.828590882060075273e+01
7.220665000000000000e+09,4.054832220376880514e-02,-3.828196572787388163e+01
7.220760000000000000e+09,1.643404350947719195e-02,-3.834189256468595630e+01
7.220855000000000000e+09,-1.314061028494961647e-03,-3.839545322734171862e+01
7.220950000000000000e+09,-1.563356907513480110e-02,-3.844558529350614862e+01
7.221045000000000000e+09,1.688136505496373729e-02,-3.844888291749383313e+01
7.221140000000000000e+09,6.844119901270317996e-02,-3.843313564165388385e+01
7.221235000000000000e+09,3.124631253976417611e-02,-3.850614308624460591e+01
7.221330000000000000e+09,2.157476231306532100e-02,-3.855162719458909493e+01
7.221425000000000000e+09,-1.537619884203422771e-03,-3.861055213490414673e+01
7.221520000000000000e+09,5.782185559279184872e-02,-3.858700521754494162e+01
7.221615000000000000e+09,2.045331885641843428e-02,-3.866018631239909809e+01
7.221710000000000000e+09,3.447254864493487503e-02,-3.868197964072837181e+01
7.221805000000000000e+09,6.774177503299938508e-02,-3.868452297245809746e+01
7.221900000000000000e+09,1.190416021194096174e-02,-3.877617314539693893e+01
7.221995000000000000e+09,3.894486982567713085e-02,-3.878494499390099293e+01
7.222090000000000000e+09,8.413647352256248269e-03,-3.885128877449219686e+01
7.222185000000000000e+09,-1.462367614151105499e-02,-3.891013865610375433e+01
7.222280000000000000e+09,1.383380062338801508e-02,-3.891749373745663831e+01
7.222375000000000000e+09,3.276447433374585216e-02,-3.893437562186440459e+01
7.222470000000000000e+09,3.913606120114820897e-03,-3.899903904819582579e+01
7.222565000000000000e+09,9.381666650078557268e-03,-3.902938354578364510e+01
7.222660000000000000e+09,3.346486239983192945e-02,-3.904111290815168189e+01
7.222755000000000000e+09,5.445128399497178862e-02,-3.905593904467432509e+01
7.222850000000000000e+09,3.045613381666356645e-02,-3.911574675297042347e+01
7.222945000000000000e+09,3.560773762611546545e-02,-3.914640770727875463e+01
7.223040000000000000e+09,5.306263140558797886e-02,-3.916476537161707228e+01
7.223135000000000000e+09,-1.694084036273579841e-03,-3.925533464517671689e+01
7.223230000000000000e+09,2.602299923656659075e-02,-3.926343012002166688e+01
7.223325000000000000e+09,6.669076466664591862e-03,-3.931859660090935904e+01
7.223420000000000000e+09,5.024843177076121492e-02,-3.931082980372304547e+01
7.223515000000000000e+09,5.327105158826839215e-03,-3.939156368845277001e+01
7.223610000000000000e+09,3.006499128239426000e-02,-3.940263836044698564e+01
7.223705000000000000e+09,-1.520776204470308812e-02,-3.948372367189187315e+01
7.223800000000000000e+09,1.715084448323267452e-02,-3.948717762348172045e+01
7.223895000000000000e+09,1.665133921352435209e-02,-3.952348968686921893e+01
7.223990000000000000e+09,-6.519104630562821967e-03,-3.958247268883108916e+01
7.224085000000000000e+09,9.038267579825287612e-03,-3.960272787473849121e+01
7.224180000000000000e+09,2.562366229912527160e-02,-3.962195503813697428e+01
7.224275000000000000e+09,2.186769412737277207e-02,-3.966152356442651694e+01
7.224370000000000000e+09,-4.303887348249446632e-02,-3.976224269015450830e+01
7.224465000000000000e+09,1.671315754531832454e-02,-3.973830321724447856e+01
7.224560000000000000e+09,1.791323120127685797e-02,-3.977291570170631019e+01
7.224655000000000000e+09,6.112527705617765150e-03,-3.982052896331975234e+01
7.224750000000000000e+09,1.150386634073186087e-02,-3.985095018280242840e+01
7.224845000000000000e+09,1.986703613913931576e-02,-3.987839957112181111e+01
7.224940000000000000e+09,2.046892729502758357e-02,-3.991361023808370589e+01
7.225035000000000000e+09,4.009863400639090969e-02,-3.992979308949013273e+01
7.225130000000000000e+09,5.647103962061805760e-03,-4.000005717765224489e+01
7.225225000000000000e+09,5.650097014903820991e-02,-3.998501586958305865e+01
7.225320000000000000e+09,4.928699274024950228e-03,-4.007240069857585496e+01
7.225415000000000000e+09,5.766927972629787291e-03,-4.010737502799504028e+01
7.225510000000000000e+09,1.282689991137431207e-02,-4.013612761417407881e+01
7.225605000000000000e+09,-1.443833108144332300e-02,-4.019920540328468661e+01
7.225700000000000000e+09,-5.855651640729320206e-05,-4.022063818683743364e+01
7.225795000000000000e+09,2.312804577380234150e-02,-4.023326414266501416e+01
7.225890000000000000e+09,1.997348798700215866e-02,-4.027223125856960451e+01
7.225985000000000000e+09,8.073823447034556011e-03,-4.031994348122735516e+01
7.226080000000000000e+09,3.145363120408006807e-02,-4.033237623158809981e+01
7.226175000000000000e+09,2.234560585312550529e-02,-4.037729681505683743e+01
7.226270000000000000e+09,1.801487784662469949e-02,-4.041744010118146235e+01
7.226365000000000000e+09,2.340358598306835347e-02,-4.044786395116280886e+01
7.226460000000000000e+09,4.986204405689420582e-03,-4.050209389085797085e+01
7.226555000000000000e+09,2.510064075391937877e-02,-4.051779201262753105e+01
7.226650000000000000e+09,3.879282583284293651e-03,-4.057482592891594919e+01
7.226745000000000000e+09,1.516869746598104030e-02,-4.059934907215104261e+01
7.226840000000000000e+09,-1.934169910493466205e-02,-4.066967202683974136e+01
7.226935000000000000e+09,7.589521529610010475e-03,-4.067855336432298685e+01
7.227030000000000000e+09,1.333268756479810691e-02,-4.070862275640558181e+01
7.227125000000000000e+09,1.643932183490903753e-02,-4.074132868025326104e+01
7.227220000000000000e+09,2.520606271716019364e-03,-4.079105995393423711e+01
7.227315000000000000e+09,1.937224569473272595e-02,-4.081002087262901057e+01
7.227410000000000000e+09,2.553414687895383395e-03,-4.086265226175363807e+01
7.227505000000000000e+09,2.790374317604715770e-02,-4.087311449138326935e+01
7.227600000000000000e+09,3.665676712480347987e-02,-4.090017402555230319e+01
7.227695000000000000e+09,-1.045245317957466114e-02,-4.098309580397446439e+01
7.227790000000000000e+09,-5.474303905508293155e-03,-4.101393021281818818e+01
7.227885000000000000e+09,1.306778527026608572e-02,-4.103120068176019686e+01
7.227980000000000000e+09,-5.368523506611211360e-03,-4.108544954865486432e+01
7.228075000000000000e+09,8.214090182775635185e-03,-4.110767949308326052e+01
7.228170000000000000e+09,-2.188821999933310281e-02,-4.117359436138349338e+01
7.228265000000000000e+09,-8.378443729668560991e-03,-4.119589714323161900e+01
7.228360000000000000e+09,-1.244332291692273884e-02,-4.123577458053665623e+01
7.228455000000000000e+09,-2.823085954073434323e-02,-4.128737467527825800e+01
7.228550000000000000e+09,-2.520846222300576756e-02,-4.132016483607831248e+01
7.228645000000000000e+09,-2.952959434523450000e-04,-4.133106422791654921e+01
7.228740000000000000e+09,-1.294313761101051341e-02,-4.137952462770189044e+01
7.228835000000000000e+09,-3.913713244744343456e-02,-4.144153118065611352e+01
7.228930000000000000e+09,-2.958290395957874352e-02,-4.146778951028603899e+01
7.229025000000000000e+09,-2.761449437620200342e-02,-4.150163365882044531e+01
7.229120000000000000e+09,-2.048426356954280436e-02,-4.153031598613157627e+01
7.229215000000000000e+09,-8.765236400982701070e-02,-4.163329664468964353e+01
7.229310000000000000e+09,-5.069884830096071937e-02,-4.163215568709856740e+01
7.229405000000000000e+09,-5.373038491133996786e-02,-4.167099978182672970e+01
7.229500000000000000e+09,-4.687710579987935944e-02,-4.169995906083305925e+01
7.229595000000000000e+09,-9.667450999710780479e-02,-4.178556902314807076e+01
7.229690000000000000e+09,-1.453094081997576836e-01,-4.187001647946851079e+01
7.229785000000000000e+09,-1.601688245512633557e-01,-4.192068845393780663e+01
7.229880000000000000e+09,-1.914361956882899563e-01,-4.198776838319261628e+01
7.229975000000000000e+09,-1.930020740033242532e-01,-4.202514681962544074e+01
7.230070000000000000e+09,-2.079587196351297962e-01,-4.207591602337536330e+01
7.230165000000000000e+09,-3.781225750452037460e-01,-4.228189243690322741e+01
7.230260000000000000e+09,-1.903953547805770086e-02,-4.195862195545386442e+01
7.230355000000000000e+09,5.303861920926351559e-01,-4.144500878600096172e+01
7.230450000000000000e+09,3.587896868712832088e-01,-4.165241784934010383e+01
7.230545000000000000e+09,2.795259930700382256e-01,-4.176749410125913187e+01
7.230640000000000000e+09,1.995363936989420495e-01,-4.188329625874801820e+01
7.230735000000000000e+09,1.780255645745967286e-01,-4.194061964599014658e+01
7.230830000000000000e+09,1.183338914356468763e-01,-4.203612387724688659e+01
7.230925000000000000e+09,1.643748922218080111e-01,-4.202589543457850851e+01
7.231020000000000000e+09,1.217499782842850209e-01,-4.210433290663382166e+01
7.231115000000000000e+09,1.300667200213041497e-01,-4.213182872301458559e+01
7.231210000000000000e+09,1.334723956699264136e-01,-4.216423560548375349e+01
7.231305000000000000e+09,1.375896753876730827e-01,-4.219593088388378987e+01
7.231400000000000000e+09,1.017651332425586475e-01,-4.226756798414669447e+01
7.231495000000000000e+09,1.084392774329359099e-01,-4.229670639807410737e+01
7.231590000000000000e+09,7.702038811107314586e-02,-4.236393784551375319e+01
7.231685000000000000e+09,9.921414362278113686e-02,-4.237755664811983536e+01
7.231780000000000000e+09,8.181875636666546825e-02,-4.243076459349373408e+01
7.231875000000000000e+09,1.224944673947021556e-01,-4.242590144058348756e+01
7.231970000000000000e+09,1.031480025503270781e-01,-4.248106046354564569e+01
7.232065000000000000e+09,6.539624766886475982e-02,-4.255462477654523212e+01
7.232160000000000000e+09,9.103417900399790597e-02,-4.256479940332788914e+01
7.232255000000000000e+09,7.795779062136176663e-02,-4.261368834982830833e+01
7.232350000000000000e+09,8.046704245653302223e-02,-4.264699165611092724e+01
7.232445000000000000e+09,1.204203751834214131e-01,-4.264285088150182190e+01
7.232540000000000000e+09,6.783943880992637787e-02,-4.273124437599310710e+01
7.232635000000000000e+09,6.358521591444343812e-02,-4.277131115700637309e+01
7.232730000000000000e+09,6.773596999886422054e-02,-4.280297296103974247e+01
7.232825000000000000e+09,7.158622523236601864e-02,-4.283493526392402373e+01
7.232920000000000000e+09,7.398944569795418147e-02,-4.286834460157622573e+01
7.233015000000000000e+09,5.604377678551486497e-02,-4.292210282860645520e+01
7.233110000000000000e+09,8.587603377927877091e-02,-4.292808312973047435e+01
7.233205000000000000e+09,1.021888346197599162e-01,-4.294758288700778337e+01
7.233300000000000000e+09,5.886912872446004030e-02,-4.302671515102086630e+01
7.233395000000000000e+09,4.281883268270547660e-02,-4.307857800518041103e+01
7.233490000000000000e+09,6.429456127919763730e-02,-4.309291483470170192e+01
7.233585000000000000e+09,3.545754921428567741e-02,-4.315756440488440404e+01
7.233680000000000000e+09,8.206319166126974096e-02,-4.314677132055521014e+01
7.233775000000000000e+09,4.879991413207562800e-02,-4.321584715620218731e+01
7.233870000000000000e+09,4.908252486080755261e-02,-4.325137710359124554e+01
7.233965000000000000e+09,4.575652759486104060e-02,-4.329051565897530907e+01
7.234060000000000000e+09,4.139947774581287376e-02,-4.333068526694214739e+01
7.234155000000000000e+09,9.736076914880698041e-02,-4.331053653365693634e+01
7.234250000000000000e+09,4.516908673477360026e-02,-4.339854077418875988e+01
7.234345000000000000e+09,4.240845878042875938e-02,-4.343711396026088778e+01
7.234440000000000000e+09,8.577161711375680397e-02,-4.342956336004534990e+01
7.234535000000000000e+09,6.097435352078406368e-02,-4.349017318175611280e+01
7.234630000000000000e+09,2.745959143248200007e-02,-4.355950050196219792e+01
7.234725000000000000e+09,4.600840885144208414e-02,-4.357676424266102799e+01
7.234820000000000000e+09,2.975199927271887645e-02,-4.362883321035753426e+01
7.234915000000000000e+09,7.295384557784245771e-02,-4.362144392217020084e+01
7.235010000000000000e+09,5.697974424904828084e-02,-4.367323058161677807e+01
7.235105000000000000e+09,8.941241585108627987e-02,-4.367661046813253023e+01
7.235200000000000000e+09,4.354033064944218268e-02,-4.375829511145196449e+01
7.235295000000000000e+09,2.267011768066851118e-02,-4.381497788253852121e+01
7.235390000000000000e+09,8.077252449283633950e-02,-4.379268803384414355e+01
7.235485000000000000e+09,4.818576031075849642e-02,-4.386108735614400445e+01
7.235580000000000000e+09,4.991819995456836523e-02,-4.389516747461798474e+01
7.235675000000000000e+09,7.714918090577782550e-02,-4.390374905178455833e+01
7.235770000000000000e+09,5.442159267289525815e-02,-4.396228919813523106e+01
7.235865000000000000e+09,8.224714319766235349e-02,-4.397027620572858098e+01
7.235960000000000000e+09,1.926385134097330365e-02,-4.406907205570306019e+01
7.236055000000000000e+09,8.723724407118282897e-02,-4.403691122109064082e+01
7.236150000000000000e+09,9.929844223063355457e-02,-4.406066258104897315e+01
7.236245000000000000e+09,6.708766423437850790e-02,-4.412868591716301836e+01
7.236340000000000000e+09,4.910494449880076218e-02,-4.418248119501637916e+01
7.236435000000000000e+09,4.276437896166385144e-02,-4.422463431867130623e+01
7.236530000000000000e+09,6.886464268022507440e-02,-4.423434661307052806e+01
7.236625000000000000e+09,5.211195815846991763e-02,-4.428691185571007338e+01
7.236720000000000000e+09,9.406335181117242428e-02,-4.428077302017516104e+01
7.236815000000000000e+09,4.324050468416373860e-02,-4.436740842541995278e+01
7.236910000000000000e+09,4.993910003766899308e-02,-4.439652238818423768e+01
7.237005000000000000e+09,5.755613904714351747e-02,-4.442471790729254622e+01
7.237100000000000000e+09,7.751168578782596796e-02,-4.444057491866965393e+01
7.237195000000000000e+09,6.251508878457201490e-02,-4.449138407379069093e+01
7.237290000000000000e+09,7.257439272444798917e-02,-4.451713732796860512e+01
7.237385000000000000e+09,3.593630757523413877e-02,-4.458958797123560203e+01
7.237480000000000000e+09,5.285364037072071142e-02,-4.460848319655790561e+01
7.237575000000000000e+09,-5.002662397039614461e-03,-4.470215205744344900e+01
7.237670000000000000e+09,5.181966067593890557e-02,-4.468114229248826064e+01
7.237765000000000000e+09,5.494054646179336032e-02,-4.471383396482019634e+01
7.237860000000000000e+09,4.555718065290648155e-02,-4.475902988874720023e+01
7.237955000000000000e+09,3.704799486565235611e-02,-4.480335163265224452e+01
7.238050000000000000e+09,2.694794749827167379e-02,-4.484926423813740826e+01
7.238145000000000000e+09,4.932353166614689144e-02,-4.486270121208732320e+01
7.238240000000000000e+09,4.046416106481842689e-02,-4.490737314080644182e+01
7.238335000000000000e+09,2.662382473153002138e-02,-4.495702603525751329e+01
7.238430000000000000e+09,4.751654500329749453e-02,-4.497194587310353597e+01
7.238525000000000000e+09,4.353379006597890566e-02,-4.501174118615863762e+01
7.238620000000000000e+09,6.695813560069296955e-02,-4.502412939874171371e+01
7.238715000000000000e+09,7.167487134054084663e-02,-4.505522522111964889e+01
7.238810000000000000e+09,6.355474035793662324e-02,-4.509915791022004328e+01
7.238905000000000000e+09,3.780354875338076681e-02,-4.516072165994238219e+01
7.239000000000000000e+09,7.513593155230324783e-02,-4.515920183526124987e+01
7.239095000000000000e+09,4.430718735360983374e-02,-4.522584313757772634e+01
7.239190000000000000e+09,3.682347905701277568e-02,-4.526913940399211356e+01
7.239285000000000000e+09,3.345054270813818675e-02,-4.530832489845877831e+01
7.239380000000000000e+09,2.735800750476613530e-02,-4.535022999177993341e+01
7.239475000000000000e+09,3.709465479110463093e-02,-4.537630590261138508e+01
7.239570000000000000e+09,3.112769543557902807e-02,-4.541808542008469374e+01
7.239665000000000000e+09,2.789720871079026665e-02,-4.545712846492727266e+01
7.239760000000000000e+09,4.094093819947630664e-02,-4.547989729355671074e+01
7.239855000000000000e+09,6.928565236480466183e-02,-4.548736513750916544e+01
7.239950000000000000e+09,5.278332015473807814e-02,-4.553968002783702218e+01
7.240045000000000000e+09,5.074825820905459750e-02,-4.557752764790048872e+01
7.240140000000000000e+09,4.962584818715498614e-02,-4.561446261604017849e+01
7.240235000000000000e+09,4.123703541494450064e-02,-4.565866398693017203e+01
7.240330000000000000e+09,3.561967306105628950e-02,-4.570009390740185040e+01
7.240425000000000000e+09,5.072717671529858308e-02,-4.572079896186539116e+01
7.240520000000000000e+09,5.423195590583418380e-02,-4.575310674079264572e+01
7.240615000000000000e+09,2.143995489592498416e-02,-4.582171129992033798e+01
7.240710000000000000e+09,5.281137918075273774e-02,-4.582615243375330039e+01
7.240805000000000000e+09,4.856409092899127700e-02,-4.586621228012285201e+01
7.240900000000000000e+09,4.242222385867933099e-02,-4.590816670531094701e+01
7.240995000000000000e+09,5.212868080053567610e-02,-4.593427280648688082e+01
7.241090000000000000e+09,2.910577711679707136e-02,-4.599310826828840248e+01
7.241185000000000000e+09,4.793452875276216218e-02,-4.601009207477022755e+01
7.241280000000000000e+09,6.097982551162317577e-02,-4.603285933612914960e+01
7.241375000000000000e+09,2.819701274655983525e-02,-4.610145470701200310e+01
7.241470000000000000e+09,6.039183857275531864e-02,-4.610507243930359778e+01
7.241565000000000000e+09,3.508275594243315254e-02,-4.616619408005170300e+01
7.241660000000000000e+09,8.259717664914489887e-02,-4.615449221746311537e+01
7.241755000000000000e+09,4.903688095694036519e-02,-4.622386507127310296e+01
7.241850000000000000e+09,8.353169149266648219e-02,-4.622518281885516700e+01
7.241945000000000000e+09,1.791554751766000209e-02,-4.632661152094795654e+01
7.242040000000000000e+09,2.973604997701073671e-02,-4.635060357660639596e+01
7.242135000000000000e+09,2.167480022119150362e-02,-4.639447738447999825e+01
7.242230000000000000e+09,4.409234872767342495e-03,-4.644755550794621257e+01
7.242325000000000000e+09,4.858525856359818818e-02,-4.643919204237317189e+01
7.242420000000000000e+09,3.121463567719473531e-02,-4.649237522337735840e+01
7.242515000000000000e+09,2.831374619934479142e-02,-4.653108867097299850e+01
7.242610000000000000e+09,3.764727788832544775e-02,-4.655756769740180090e+01
7.242705000000000000e+09,4.564536501175098238e-02,-4.658538216839616553e+01
7.242800000000000000e+09,4.534834826633726834e-02,-4.662149174325936229e+01
7.242895000000000000e+09,4.969114424635279192e-02,-4.665296150539713693e+01
7.242990000000000000e+09,4.702753660930625301e-02,-4.669143767115197363e+01
7.243085000000000000e+09,2.010719874549948827e-02,-4.675417056713356345e+01
7.243180000000000000e+09,4.726171893414488068e-02,-4.676282860506270112e+01
7.243275000000000000e+09,2.854917773483123256e-02,-4.681735370437980492e+01
7.243370000000000000e+09,4.171124835988848645e-02,-4.684000419187253783e+01
7.243465000000000000e+09,3.141143309952809659e-02,-4.688611656525068128e+01
7.243560000000000000e+09,3.308403028474771190e-02,-4.692025652618358578e+01
7.243655000000000000e+09,4.261714421956241949e-02,-4.694653597036655412e+01
7.243750000000000000e+09,1.673355573981893940e-02,-4.700823211696408777e+01
7.243845000000000000e+09,5.457249049518253514e-02,-4.700620574032651433e+01
7.243940000000000000e+09,4.130202685837502941e-02,-4.705528876208110489e+01
7.244035000000000000e+09,3.467137759498228888e-02,-4.709773196946228779e+01
7.244130000000000000e+09,3.008690066457120338e-02,-4.713812900451048193e+01
7.244225000000000000e+09,4.396980737244859938e-02,-4.716005865592039470e+01
7.244320000000000000e+09,7.146040048164081782e-02,-4.716838062092898554e+01
7.244415000000000000e+09,-3.752867343479238116e-03,-4.727940644687189575e+01
7.244510000000000000e+09,5.606105291272456270e-02,-4.725540508473348211e+01
7.244605000000000000e+09,7.848705516465770415e-03,-4.733942999024752396e+01
7.244700000000000000e+09,3.446399826072621408e-02,-4.734862725562104657e+01
7.244795000000000000e+09,4.468879068097919571e-02,-4.737421502131858375e+01
7.244890000000000000e+09,4.790319305124768334e-02,-4.740681317706610542e+01
7.244985000000000000e+09,4.332007641641411055e-02,-4.744720885181872205e+01
7.245080000000000000e+09,2.831328787767262156e-02,-4.749802819847525370e+01
7.245175000000000000e+09,3.425644378431513815e-02,-4.752789760068639424e+01
7.245270000000000000e+09,1.284688518292398385e-02,-4.758511971740557556e+01
7.245365000000000000e+09,3.259338462970617911e-02,-4.760118577607657642e+01
7.245460000000000000e+09,4.900608254639138295e-02,-4.762058563627768137e+01
7.245555000000000000e+09,2.587602657101939485e-02,-4.767952825037117037e+01
7.245650000000000000e+09,7.769951738163882737e-02,-4.766351731767834110e+01
7.245745000000000000e+09,3.523620716264730390e-02,-4.774179318601512279e+01
7.245840000000000000e+09,3.467108695512877148e-02,-4.777817086434042437e+01
7.245935000000000000e+09,2.962863245522839861e-02,-4.781902587695811491e+01
7.246030000000000000e+09,2.760687880622469947e-02,-4.785686018872490877e+01
7.246125000000000000e+09,-4.196022028281731764e-03,-4.792447564767719825e+01
7.246220000000000000e+09,1.462403769907894002e-02,-4.794146814606762064e+01
7.246315000000000000e+09,5.205461422135471139e-02,-4.793985012766313503e+01
7.246410000000000000e+09,5.475136022695892279e-02,-4.797296593977532098e+01
7.246505000000000000e+09,-5.130004049917147313e-03,-4.806865986216998010e+01
7.246600000000000000e+09,6.127770730421389089e-02,-4.803806470893363922e+01
7.246695000000000000e+09,1.064489520956612978e-02,-4.812451007914607004e+01
7.246790000000000000e+09,4.640878300602224726e-02,-4.812455874946740408e+01
7.246885000000000000e+09,2.132596272436870777e-02,-4.818545412786684068e+01
7.246980000000000000e+09,-1.221453891133705838e-03,-4.824381410260013325e+01
7.247075000000000000e+09,1.617321095963575317e-02,-4.826223199586715396e+01
7.247170000000000000e+09,2.355111997005110425e-03,-4.831186265294756765e+01
7.247265000000000000e+09,4.566741473996671630e-02,-4.830436290832238910e+01
7.247360000000000000e+09,-2.156627013015111061e-03,-4.838799950819316109e+01
7.247455000000000000e+09,2.915775434519929377e-02,-4.839249768495307080e+01
7.247550000000000000e+09,2.902359778018137604e-02,-4.842844439963587888e+01
7.247645000000000000e+09,3.064858015531513047e-02,-4.846263197537852818e+01
7.247740000000000000e+09,3.820437995079828397e-02,-4.849088873370082808e+01
7.247835000000000000e+09,1.990511560270391556e-02,-4.854500055616671261e+01
7.247930000000000000e+09,4.541266716017844374e-03,-4.859617696317118885e+01
7.248025000000000000e+09,1.942567202417677663e-02,-4.861710511598081297e+01
7.248120000000000000e+09,9.107126582087232691e-03,-4.866323621954069267e+01
7.248215000000000000e+09,6.290842300415988575e-04,-4.870752682001052136e+01
7.248310000000000000e+09,1.399942969265310921e-02,-4.872996903266570001e+01
7.248405000000000000e+09,7.604547220068980096e-03,-4.877217647325606720e+01
7.248500000000000000e+09,2.088896766213821365e-02,-4.879470461093178812e+01
7.248595000000000000e+09,6.681494733882686887e-03,-4.884472464197783381e+01
7.248690000000000000e+09,1.042779210607136520e-04,-4.888711441690843884e+01
7.248785000000000000e+09,2.752182231326116835e-03,-4.892027907071595649e+01
7.248880000000000000e+09,9.191281409364648880e-03,-4.894965252965570812e+01
7.248975000000000000e+09,3.291419262023254078e-02,-4.896174217656263039e+01
7.249070000000000000e+09,3.724955981344635347e-02,-4.899321936748719963e+01
7.249165000000000000e+09,-1.541644490014704161e-02,-4.908169793031858319e+01
7.249260000000000000e+09,2.652426702087495869e-02,-4.907556977651534424e+01
7.249355000000000000e+09,1.879480606731220860e-02,-4.911911179558703111e+01
7.249450000000000000e+09,4.307857686077198878e-02,-4.913064058291136149e+01
7.249545000000000000e+09,4.872123359639601858e-02,-4.916081048429352052e+01
7.249640000000000000e+09,-1.300989684755649023e-02,-4.925835417285526319e+01
7.249735000000000000e+09,3.774685866260796274e-02,-4.924340997546288179e+01
7.249830000000000000e+09,-2.745134333824950090e-02,-4.934442073558152941e+01
7.249925000000000000e+09,1.415713710754573640e-02,-4.933862481325351723e+01
7.250020000000000000e+09,-4.370210810577646043e-03,-4.939296471928943078e+01
7.250115000000000000e+09,2.893301013744320471e-02,-4.939547405645920009e+01
7.250210000000000000e+09,1.735715038700647028e-02,-4.944286247432741987e+01
7.250305000000000000e+09,1.528029865916380459e-02,-4.948075188417304560e+01
7.250400000000000000e+09,3.657380673129750903e-02,-4.949527093421870205e+01
7.250495000000000000e+09,-5.829928835154873923e-03,-4.957348722790294460e+01
7.250590000000000000e+09,2.170835995400466345e-03,-4.960129902119017231e+01
7.250685000000000000e+09,3.680598366851484116e-02,-4.960247643163484810e+01
7.250780000000000000e+09,5.565399481511690283e-03,-4.966952957393963430e+01
7.250875000000000000e+09,3.582721519576637093e-02,-4.967508031634316978e+01
7.250970000000000000e+09,4.840305724127347275e-02,-4.969831703241544574e+01
7.251065000000000000e+09,5.597865654976175165e-02,-4.972655399122474762e+01
7.251160000000000000e+09,8.593271850827477465e-04,-4.981748587870721678e+01
7.251255000000000000e+09,1.784543807843164132e-02,-4.983631232593165095e+01
7.251350000000000000e+09,4.945439480394497878e-03,-4.988502488264781221e+01
7.251445000000000000e+09,2.306774784740639461e-02,-4.990271513239858336e+01
7.251540000000000000e+09,5.362529385747905053e-02,-4.990797014450630087e+01
7.251635000000000000e+09,3.776130909650277090e-02,-4.995964668738506731e+01
7.251730000000000000e+09,-5.014035641806913191e-03,-5.003823459024116005e+01
7.251825000000000000e+09,5.100272606754430171e-02,-5.001803038664959189e+01
7.251920000000000000e+09,-5.350575186817252415e-03,-5.011019624602174360e+01
7.252015000000000000e+09,-8.863511273908386556e-03,-5.014952174022662490e+01
7.252110000000000000e+09,4.336081310767525565e-02,-5.013310997396282431e+01
7.252205000000000000e+09,6.318740572432091085e-03,-5.020596460461585764e+01
7.252300000000000000e+09,1.805247449652114256e-02,-5.023004342880955164e+01
7.252395000000000000e+09,2.513488299447175223e-02,-5.025877357842939119e+01
7.252490000000000000e+09,1.072004583918584331e-02,-5.030900097370246016e+01
7.252585000000000000e+09,5.912757033875948309e-03,-5.034962082062556021e+01
7.252680000000000000e+09,-1.216886280532492037e-02,-5.040351499858255124e+01
7.252775000000000000e+09,-7.874429050900744187e-03,-5.043503312294591012e+01
7.252870000000000000e+09,2.241624318225632351e-02,-5.044055500883054322e+01
7.252965000000000000e+09,1.943367930124395571e-02,-5.047935013082933864e+01
7.253060000000000000e+09,-4.141538352136819867e-03,-5.053873790660050958e+01
7.253155000000000000e+09,1.306377229558819408e-02,-5.055734515407056762e+01
7.253250000000000000e+09,1.907058849796072764e-02,-5.058715089598631920e+01
7.253345000000000000e+09,-1.894569711329552320e-02,-5.066097973971535851e+01
7.253440000000000000e+09,-9.128088293408609388e-03,-5.068697468901326175e+01
7.253535000000000000e+09,-2.578240351887473025e-02,-5.073944156235651803e+01
7.253630000000000000e+09,2.727224329412791803e-02,-5.072219947366129844e+01
7.253725000000000000e+09,2.613882201071504596e-02,-5.075914545306250147e+01
7.253820000000000000e+09,-1.061917110384058560e-03,-5.082215875030138363e+01
7.253915000000000000e+09,3.518287032125044789e-02,-5.082172652098753929e+01
7.254010000000000000e+09,3.110361730313826456e-02,-5.086161833212343453e+01
7.254105000000000000e+09,6.468266929083199557e-03,-5.092206624061527975e+01
7.254200000000000000e+09,3.894708164143168005e-02,-5.092539998402072143e+01
7.254295000000000000e+09,1.849040682145641767e-02,-5.098166921695847975e+01
7.254390000000000000e+09,7.398633254929620762e-03,-5.102857354864279671e+01
7.254485000000000000e+09,1.535550960510789764e-02,-5.105642923041040149e+01
7.254580000000000000e+09,8.860039519895224203e-03,-5.109873725861340432e+01
7.254675000000000000e+09,8.633089806082239193e-03,-5.113477676644500036e+01
7.254770000000000000e+09,3.039929604378244221e-02,-5.114882311832509032e+01
7.254865000000000000e+09,1.858119068516828065e-02,-5.119645378180149464e+01
7.254960000000000000e+09,3.070197160351995080e-02,-5.122014555900092603e+01
7.255055000000000000e+09,-2.231014534217479195e-03,-5.128889110325644651e+01
7.255150000000000000e+09,2.264354918992239618e-03,-5.132020829192136091e+01
7.255245000000000000e+09,-1.514842551122086434e-02,-5.137343363046936418e+01
7.255340000000000000e+09,2.040218963288253917e-02,-5.137369557344304383e+01
7.255435000000000000e+09,5.837886216603749290e-03,-5.142407243497711278e+01
7.255530000000000000e+09,7.630669565919845354e-03,-5.145809220974557974e+01
7.255625000000000000e+09,4.311764069725398940e-02,-5.145841779673203575e+01
7.255720000000000000e+09,-9.699219772016931529e-04,-5.153831791752428160e+01
7.255815000000000000e+09,9.301114823919931496e-03,-5.156385943884094303e+01
7.255910000000000000e+09,2.856587480292205328e-02,-5.158040723697972396e+01
7.256005000000000000e+09,-1.146158789665463473e-02,-5.165624725779709081e+01
7.256100000000000000e+09,-1.091832890013222368e-02,-5.169151655691835856e+01
7.256195000000000000e+09,-2.109670436794885973e-03,-5.171852045657280428e+01
7.256290000000000000e+09,-2.905475183375472170e-03,-5.175512881943717503e+01
7.256385000000000000e+09,4.995434972670409479e-02,-5.173808155264488562e+01
7.256480000000000000e+09,2.570834936501142920e-02,-5.179814011112436134e+01
7.256575000000000000e+09,5.266897573648066100e-04,-5.185913432884979102e+01
7.256670000000000000e+09,1.548516170940672509e-02,-5.187998841501553926e+01
7.256765000000000000e+09,1.698539655947683968e-04,-5.193111628087714138e+01
7.256860000000000000e+09,2.285483455466419400e-05,-5.196707583812596454e+01
7.256955000000000000e+09,-1.875268509361660563e-02,-5.202166393617192597e+01
7.257050000000000000e+09,-6.990951489825647513e-03,-5.204571476068591807e+01
7.257145000000000000e+09,1.844093419796877242e-02,-5.205609543311624776e+01
7.257240000000000000e+09,-3.143980478213848073e-03,-5.211349290591022054e+01
7.257335000000000000e+09,1.729775634053964950e-03,-5.214443170791573579e+01
7.257430000000000000e+09,2.717328253259410076e-02,-5.215480075913497870e+01
7.257525000000000000e+09,-6.679543381594044149e-03,-5.222446614316695701e+01
7.257620000000000000e+09,2.674607171957887886e-02,-5.222685308618357425e+01
7.257715000000000000e+09,1.372800762145232056e-02,-5.227568370839948386e+01
7.257810000000000000e+09,3.383712451670106702e-02,-5.229138714962202528e+01
7.257905000000000000e+09,6.093158260028985751e-03,-5.235494367399648752e+01
7.258000000000000000e+09,6.666062103334979838e-03,-5.239018332827096458e+01
7.258095000000000000e+09,3.979354899406217783e-02,-5.239286839949802044e+01
7.258190000000000000e+09,3.368266521341922726e-02,-5.243479184139645355e+01
7.258285000000000000e+09,-1.029674487103449110e-02,-5.251458380959869743e+01
7.258380000000000000e+09,2.118200346879461904e-02,-5.251891761937665137e+01
7.258475000000000000e+09,-4.084921445416966890e-02,-5.261676139541740582e+01
7.258570000000000000e+09,7.236913659966148771e-03,-5.260448782542105306e+01
7.258665000000000000e+09,1.514803981406487310e-02,-5.263238925738474450e+01
7.258760000000000000e+09,-3.002992388956471359e-02,-5.271337977920615714e+01
7.258855000000000000e+09,3.587585567868245562e-02,-5.268328655775570013e+01
7.258950000000000000e+09,-1.566188897465536911e-02,-5.277063686052682812e+01
7.259045000000000000e+09,-5.327073747608324084e-03,-5.279611460341789808e+01
7.259140000000000000e+09,-4.489682489776214425e-03,-5.283108977027785613e+01
7.259235000000000000e+09,-1.411575148679133918e-02,-5.287652839739265431e+01
7.259330000000000000e+09,-1.152931849979665913e-03,-5.289937813587363280e+01
7.259425000000000000e+09,-5.024217536903563541e-02,-5.298427993751047183e+01
7.259520000000000000e+09,-2.140702936758032138e-02,-5.299125734962680667e+01
7.259615000000000000e+09,-1.762111688616130323e-02,-5.302328399526317071e+01
7.259710000000000000e+09,-5.203518393461337155e-02,-5.309351062042941294e+01
7.259805000000000000e+09,-8.924761241587475524e-03,-5.308621275585417720e+01
7.259900000000000000e+09,-1.689257191630133548e-02,-5.312999312464667412e+01
7.259995000000000000e+09,-9.683347032350297923e-03,-5.315859645788051324e+01
7.260090000000000000e+09,-2.764559437072477976e-02,-5.321237126333667078e+01
7.260185000000000000e+09,-1.404906873647604471e-02,-5.323458729582021220e+01
7.260280000000000000e+09,-5.349353497091868803e-02,-5.330984432017243790e+01
7.260375000000000000e+09,-4.498954761693596538e-02,-5.333715289093624534e+01
7.260470000000000000e+09,-5.334219832906228476e-02,-5.338131809976616182e+01
7.260565000000000000e+09,-2.249083914162497422e-02,-5.338627929869650757e+01
7.260660000000000000e+09,-7.079240612559800638e-02,-5.347039342379826365e+01
7.260755000000000000e+09,-4.713194624395100618e-02,-5.348254552203440682e+01
7.260850000000000000e+09,-6.649221606339494883e-02,-5.353771834997164092e+01
7.260945000000000000e+09,-5.421049463190996676e-02,-5.356124918665827295e+01
7.261040000000000000e+09,-2.794790425481608054e-02,-5.357079915439896922e+01
7.261135000000000000e+09,-9.207544415965429607e-02,-5.367073925242159049e+01
7.261230000000000000e+09,-1.365714977495500193e-01,-5.375104786412927638e+01
7.261325000000000000e+09,-1.448747606584106506e-01,-5.379516368515592717e+01
7.261420000000000000e+09,-1.229959827181730248e-01,-5.380909746533347260e+01
7.261515000000000000e+09,-1.823785320429323065e-01,-5.390429257277602204e+01
7.261610000000000000e+09,-1.839247625240645334e-01,-5.394165136137493732e+01
7.261705000000000000e+09,-2.765037272996551110e-01,-5.407004288426831806e+01
7.261800000000000000e+09,-2.451484791658629092e-01,-5.407450019425230892e+01
7.261895000000000000e+09,-2.535542633644496391e-01,-5.411871853656868581e+01
7.261990000000000000e+09,-2.847059613762681352e-01,-5.418568279269829446e+01
7.262085000000000000e+09,5.718837286757718630e-01,-5.336490566076403752e+01
7.262180000000000000e+09,4.422393713885881539e-01,-5.353036257616900429e+01
7.262275000000000000e+09,2.769485628996335436e-01,-5.373146594277574906e+01
7.262370000000000000e+09,2.330546877033086162e-01,-5.381117237608986414e+01
7.262465000000000000e+09,1.915610264862621648e-01,-5.388847859542469365e+01
7.262560000000000000e+09,1.691005755218739637e-01,-5.394675160450687201e+01
7.262655000000000000e+09,8.994932565978785988e-02,-5.406171541248674828e+01
7.262750000000000000e+09,1.128399911028665770e-01,-5.407463730516145262e+01
7.262845000000000000e+09,1.163936770523577025e-01,-5.410689617733008561e+01
7.262940000000000000e+09,8.121169618752333008e-02,-5.417789071631270303e+01
7.263035000000000000e+09,1.130903761218320369e-01,-5.418182459449617738e+01
7.263130000000000000e+09,4.548048791942704838e-02,-5.428524704081637253e+01
7.263225000000000000e+09,9.351380028311240267e-02,-5.427302628657047734e+01
7.263320000000000000e+09,5.860989796840243571e-02,-5.434374274700297036e+01
7.263415000000000000e+09,5.762215123797886918e-02,-5.438054305185118409e+01
7.263510000000000000e+09,6.827099939329173139e-02,-5.440570676181366139e+01
7.263605000000000000e+09,4.637109042731424324e-02,-5.446341922889742193e+01
7.263700000000000000e+09,5.160123804297001016e-02,-5.449400163939954922e+01
7.263795000000000000e+09,7.632822964016128253e-02,-5.450508720592014811e+01
7.263890000000000000e+09,8.158554992557043306e-02,-5.453564244375252912e+01
7.263985000000000000e+09,4.100902178949894505e-02,-5.461203153000638366e+01
7.264080000000000000e+09,5.293218374188768394e-02,-5.463592092617178508e+01
7.264175000000000000e+09,7.772844799985278996e-02,-5.464693722003161014e+01
7.264270000000000000e+09,4.129145915224796681e-02,-5.471918676699699802e+01
7.264365000000000000e+09,3.069140420213045672e-02,-5.476559938006489858e+01
7.264460000000000000e+09,6.718924160156802827e-02,-5.476491410078325117e+01
7.264555000000000000e+09,4.810223831000115524e-02,-5.481981366219260821e+01
7.264650000000000000e+09,6.502953964533730868e-02,-5.483869891897505511e+01
7.264745000000000000e+09,2.782421437538573628e-02,-5.491171680236278974e+01
7.264840000000000000e+09,4.130133628505916477e-02,-5.493405223857124042e+01
7.264935000000000000e+09,4.595957647982373828e-02,-5.496520655649426601e+01
7.265030000000000000e+09,8.294551314870801662e-02,-5.496403317794317189e+01
7.265125000000000000e+09,2.704580817934498782e-02,-5.505574544103031798e+01
7.265220000000000000e+09,7.271312630719251047e-02,-5.504589068102025351e+01
7.265315000000000000e+09,6.240507808442430360e-03,-5.514817585763679375e+01
7.265410000000000000e+09,5.087592055132716951e-02,-5.513935300301169917e+01
7.265505000000000000e+09,3.444138066136304133e-02,-5.519160010101944636e+01
7.265600000000000000e+09,4.286533623499622081e-02,-5.521898870356359623e+01
7.265695000000000000e+09,1.694134014957171530e-02,-5.528072525776681800e+01
7.265790000000000000e+09,3.286540945393312541e-02,-5.530061374658023965e+01
7.265885000000000000e+09,3.518063102075785764e-02,-5.533411108313119797e+01
7.265980000000000000e+09,7.849636717994457058e-02,-5.532660790508980142e+01
7.266075000000000000e+09,3.006733353024060307e-02,-5.541084949685729555e+01
7.266170000000000000e+09,1.809366116534505409e-02,-5.545863572733997415e+01
7.266265000000000000e+09,2.412376757218481771e-02,-5.548841817905091744e+01
7.266360000000000000e+09,4.518838321506279954e-02,-5.550316612152582962e+01
7.266455000000000000e+09,1.553280865079642581e-02,-5.556863425420788616e+01
7.266550000000000000e+09,-1.214042452360786228e-02,-5.563212004550007350e+01
7.266645000000000000e+09,3.167487016997228011e-02,-5.562411730892428352e+01
7.266740000000000000e+09,-9.522208447066304871e-03,-5.570112694565943912e+01
7.266835000000000000e+09,2.490206981451592583e-02,-5.570251522551564705e+01
7.266930000000000000e+09,3.236085176928327201e-02,-5.573086900167866986e+01
7.267025000000000000e+09,3.079020273038679534e-02,-5.576825220883534939e+01
7.267120000000000000e+09,-7.561722682901006465e-03,-5.584241669236642025e+01
7.267215000000000000e+09,4.711394212759500988e-02,-5.582355358567372150e+01
7.267310000000000000e+09,2.277006258800895466e-03,-5.590420307966029867e+01
7.267405000000000000e+09,-8.059727496572577365e-03,-5.595035237153345520e+01
7.267500000000000000e+09,4.321301648867859058e-02,-5.593489218566599419e+01
7.267595000000000000e+09,1.491195280211599083e-02,-5.599900580747034695e+01
7.267690000000000000e+09,6.108100722045151088e-03,-5.604362221766820085e+01
7.267785000000000000e+09,7.432244334992788026e-03,-5.607811063217303627e+01
7.267880000000000000e+09,2.566256121797039214e-02,-5.609569287340784882e+01
7.267975000000000000e+09,3.118284106079727280e-03,-5.615404970863752965e+01
7.268070000000000000e+09,-5.205715813211497789e-03,-5.619818626667460393e+01
7.268165000000000000e+09,9.226304450827171877e-03,-5.621956680452835542e+01
7.268260000000000000e+09,1.740899044164478937e-02,-5.624719667665532796e+01
7.268355000000000000e+09,1.341509006940810877e-02,-5.628700313514534770e+01
7.268450000000000000e+09,3.087352946193533398e-02,-5.630535725387060353e+01
7.268545000000000000e+09,2.967265219815828914e-03,-5.636907607623051319e+01
7.268640000000000000e+09,1.184211646422284048e-02,-5.639601378310422319e+01
7.268735000000000000e+09,1.127735376907423870e-02,-5.643239110391716906e+01
7.268830000000000000e+09,2.124140488773917923e-02,-5.645823961091628718e+01
7.268925000000000000e+09,1.536087034132549434e-03,-5.651375748688767686e+01
7.269020000000000000e+09,2.682838894330075163e-03,-5.654842329314526950e+01
7.269115000000000000e+09,1.145119937942951083e-02,-5.657546749077796022e+01
7.269210000000000000e+09,2.498700609579884713e-02,-5.659774424217937394e+01
7.269305000000000000e+09,2.324433074133480659e-02,-5.663529947565162104e+01
7.269400000000000000e+09,-8.411206629702405735e-03,-5.670276757114044841e+01
7.269495000000000000e+09,8.533450256777541654e-03,-5.672163547237175862e+01
7.269590000000000000e+09,2.268765909585823692e-02,-5.674329382165046098e+01
7.269685000000000000e+09,-1.339050997351876049e-02,-5.681518454883762814e+01
7.269780000000000000e+09,1.833137237116488905e-02,-5.681927522461073465e+01
7.269875000000000000e+09,-2.739976341494809731e-03,-5.687615913144117741e+01
7.269970000000000000e+09,9.334679656220146171e-03,-5.689989703356124551e+01
7.270065000000000000e+09,-5.687227621670842836e-03,-5.695073149895692666e+01
7.270160000000000000e+09,1.584462222858462610e-02,-5.696501220722446135e+01
7.270255000000000000e+09,-9.769380951873074537e-03,-5.702643876852270211e+01
7.270350000000000000e+09,-4.423937164661140287e-02,-5.709672131733522349e+01
7.270445000000000000e+09,-2.636002440715401463e-02,-5.711465452821355626e+01
7.270540000000000000e+09,-5.877425774855282725e-03,-5.712998448769904769e+01
7.270635000000000000e+09,-1.800873818908854673e-02,-5.717792835823140507e+01
7.270730000000000000e+09,2.703524247873900777e-02,-5.716869693568136057e+01
7.270825000000000000e+09,2.027871725930907587e-02,-5.721126601901857356e+01
7.270920000000000000e+09,7.576463379230347073e-03,-5.725978083101644245e+01
7.271015000000000000e+09,8.249896977432058520e-03,-5.729491995553603090e+01
7.271110000000000000e+09,-5.697643066802982048e-03,-5.734468005369804899e+01
7.271205000000000000e+09,-1.495868184485260599e-02,-5.738975365059388878e+01
7.271300000000000000e+09,4.288037796154497983e-02,-5.736772714890528135e+01
7.271395000000000000e+09,-1.635134379156966133e-02,-5.746277142877617905e+01
7.271490000000000000e+09,4.203714182864359827e-03,-5.747802892891952808e+01
7.271585000000000000e+09,1.374360640010507950e-02,-5.750430159482007753e+01
7.271680000000000000e+09,2.981453674819078969e-02,-5.752404322258978198e+01
7.271775000000000000e+09,-2.533880080844141958e-02,-5.761500911826419724e+01
7.271870000000000000e+09,2.385769365122314412e-02,-5.760162518192231573e+01
7.271965000000000000e+09,-1.307158873719771464e-02,-5.767436702242852675e+01
7.272060000000000000e+09,-1.663561248800959902e-02,-5.771374360429712880e+01
7.272155000000000000e+09,7.044859785700907651e-03,-5.772587569014120135e+01
7.272250000000000000e+09,2.439578245176932114e-02,-5.774433732559292309e+01
7.272345000000000000e+09,2.331848488330479086e-02,-5.778122718127917778e+01
7.272440000000000000e+09,-1.080939251416168645e-03,-5.784143916353168180e+01
7.272535000000000000e+09,-3.963267952509852421e-02,-5.791580346192348827e+01
7.272630000000000000e+09,-3.745917280733834787e-02,-5.794944251332351115e+01
7.272725000000000000e+09,2.259736282643132199e-02,-5.792519853580753164e+01
7.272820000000000000e+09,6.020062714213736399e-04,-5.798300645048033175e+01
7.272915000000000000e+09,-1.068086452216476800e-02,-5.803010187939170095e+01
7.273010000000000000e+09,-3.139170150763703759e-02,-5.808662527449495627e+01
7.273105000000000000e+09,1.200557077525132854e-02,-5.807904056032985807e+01
7.273200000000000000e+09,1.911976385229507969e-02,-5.810773892537060448e+01
7.273295000000000000e+09,5.183804056507312907e-03,-5.815748744328417530e+01
7.273390000000000000e+09,-4.495473191155952009e-02,-5.824343853737002519e+01
7.273485000000000000e+09,1.620638475614555318e-04,-5.823413429972869437e+01
7.273580000000000000e+09,-1.500550653840804216e-02,-5.828511442823245403e+01
7.273675000000000000e+09,-4.056271629271890333e-02,-5.834648419610454795e+01
7.273770000000000000e+09,4.214398859218704274e-03,-5.833751963907040050e+01
7.273865000000000000e+09,-4.894736952820721854e-05,-5.837759554341693757e+01
7.273960000000000000e+09,-1.352167636063228429e-02,-5.842688083052582471e+01
7.274055000000000000e+09,-3.307011092240941252e-02,-5.848224182320538489e+01
7.274150000000000000e+09,-5.627307749072940624e-03,-5.849061157814983858e+01
7.274245000000000000e+09,4.761673270984090323e-03,-5.851603515524757171e+01
7.274340000000000000e+09,1.305344271099784237e-02,-5.854355594392534101e+01
7.274435000000000000e+09,-2.288722471862314478e-02,-5.861530916947308611e+01
7.274530000000000000e+09,-4.165068237151103858e-02,-5.866988518524375706e+01
7.274625000000000000e+09,-4.704430647917234865e-02,-5.871109136746920854e+01
7.274720000000000000e+09,-5.125776020371120012e-03,-5.870498539512819747e+01
7.274815000000000000e+09,1.337389132383748347e-02,-5.872229828590177192e+01
7.274910000000000000e+09,-1.546200294108501794e-02,-5.878694673828447748e+01
7.275005000000000000e+09,-4.802367839190679888e-02,-5.885532097185308942e+01
7.275100000000000000e+09,-7.463704834350437523e-03,-5.885057355641332322e+01
7.275195000000000000e+09,-9.548444904837083413e-03,-5.888847085460159292e+01
7.275290000000000000e+09,-1.573074453401801520e-02,-5.893046571234856401e+01
7.275385000000000000e+09,-3.628744478496059855e-02,-5.898683497071729676e+01
7.275480000000000000e+09,7.325255470718161632e-04,-5.898562755850304740e+01
7.275575000000000000e+09,-1.580168335301834759e-02,-5.903797432552092062e+01
7.275670000000000000e+09,-5.259966051173137203e-02,-5.911058486079742380e+01
7.275765000000000000e+09,-2.961200750139880711e-02,-5.912340976590488140e+01
7.275860000000000000e+09,-4.635934362836735545e-02,-5.917596966014963300e+01
7.275955000000000000e+09,-1.980064920353896696e-02,-5.918522352384258767e+01
7.276050000000000000e+09,4.936461367464062278e-04,-5.920074178662009956e+01
7.276145000000000000e+09,2.627489763784041088e-02,-5.921077309323678861e+01
7.276240000000000000e+09,-2.317092910265472483e-02,-5.929603147809506680e+01
7.276335000000000000e+09,-1.331132922841504751e-02,-5.932198443633895124e+01
7.276430000000000000e+09,-7.997557668801391628e-03,-5.935248322289712064e+01
7.276525000000000000e+09,-1.106242930878664765e-02,-5.939136065265489606e+01
7.276620000000000000e+09,-3.784640733824318204e-02,-5.945395718880214275e+01
7.276715000000000000e+09,-4.069833035401160259e-02,-5.949262166993569423e+01
7.276810000000000000e+09,-4.081554526452890741e-02,-5.952855144296400169e+01
7.276905000000000000e+09,-2.507915686425832291e-02,-5.954862761268152127e+01
7.277000000000000000e+09,-3.864042686203106314e-03,-5.956322505662124911e+01
7.277095000000000000e+09,-1.301495798985996544e-02,-5.960818853004268902e+01
7.277190000000000000e+09,-2.555764808840166324e-02,-5.965654377825902088e+01
7.277285000000000000e+09,4.948323248328279078e-03,-5.966185036504008110e+01
7.277380000000000000e+09,-6.328739549918793728e-02,-5.976589864190538037e+01
7.277475000000000000e+09,-1.822191795480421206e-02,-5.975664572247877970e+01
7.277570000000000000e+09,2.329664042706980354e-02,-5.975093972221470295e+01
7.277665000000000000e+09,-1.369756433166458010e-02,-5.982374648509122039e+01
7.277760000000000000e+09,-3.880781243523756530e-04,-5.984624955700169124e+01
7.277855000000000000e+09,-9.649613601702355936e-03,-5.989132365059683138e+01
7.277950000000000000e+09,-9.819028463795120842e-03,-5.992730562357671431e+01
7.278045000000000000e+09,-4.616163237137982378e-03,-5.995791531646784023e+01
7.278140000000000000e+09,-3.676711898169315873e-02,-6.002587883033017846e+01
7.278235000000000000e+09,-2.959472751533809287e-02,-6.005451899698161355e+01
7.278330000000000000e+09,-1.285889208610058176e-03,-6.006202271679300964e+01
7.278425000000000000e+09,-2.057790440611739768e-02,-6.011712729010830714e+01
7.278520000000000000e+09,-6.716273428160945969e-03,-6.013907821724813374e+01
7.278615000000000000e+09,-4.509021190189343997e-02,-6.021326471383964929e+01
7.278710000000000000e+09,-7.458540494639009921e-03,-6.021144560055018502e+01
7.278805000000000000e+09,-4.517102923453819585e-02,-6.028497064740787437e+01
7.278900000000000000e+09,-1.454635471855425521e-02,-6.029015853100967348e+01
7.278995000000000000e+09,-5.910077010794623220e-02,-6.037052550451684851e+01
7.279090000000000000e+09,-4.087202898168129650e-02,-6.038810932150838084e+01
7.279185000000000000e+09,3.849139761051389996e-03,-6.037920071088343121e+01
7.279280000000000000e+09,-3.594104192499258943e-02,-6.045480345068725825e+01
7.279375000000000000e+09,-3.577063337662877984e-02,-6.049044560025668460e+01
7.279470000000000000e+09,-3.924687049794783889e-02,-6.052973439549579382e+01
7.279565000000000000e+09,-1.859315885850065797e-02,-6.054489324197412969e+01
7.279660000000000000e+09,-2.528053127307572367e-02,-6.058739317250648782e+01
7.279755000000000000e+09,-2.685544177423793144e-02,-6.062478064112544018e+01
7.279850000000000000e+09,-1.702249715734183155e-02,-6.065076025462633424e+01
7.279945000000000000e+09,1.387412459047965285e-02,-6.065567619099629582e+01
7.280040000000000000e+09,2.833231831741755968e-02,-6.067703055538714807e+01
7.280135000000000000e+09,-2.522709937399980618e-02,-6.076640253119635560e+01
7.280230000000000000e+09,-2.440264541682779509e-03,-6.077942825448215558e+01
7.280325000000000000e+09,-8.890702752665902153e-03,-6.082169125081092886e+01
7.280420000000000000e+09,-2.224833662450009797e-02,-6.087086144280054611e+01
7.280515000000000000e+09,-4.452251882539570715e-02,-6.092894818311922478e+01
7.280610000000000000e+09,-2.424598190751225957e-02,-6.094448420431913860e+01
7.280705000000000000e+09,-2.021410142242530128e-02,-6.097626488195183470e+01
7.280800000000000000e+09,-2.924696916208091579e-02,-6.102111030780927337e+01
7.280895000000000000e+09,-1.692363533678786780e-02,-6.104459953210177048e+01
7.280990000000000000e+09,-4.468408192570194615e-02,-6.110817253680847472e+01
7.281085000000000000e+09,-1.476398711707105349e-02,-6.111406500011762688e+01
7.281180000000000000e+09,4.857745146850334095e-03,-6.113025582597148855e+01
7.281275000000000000e+09,-5.140367413041957434e-02,-6.122232980336654862e+01
7.281370000000000000e+09,-5.181531455136934028e-02,-6.125855400190528854e+01
7.281465000000000000e+09,-1.190737016080589683e-02,-6.125445861563250816e+01
7.281560000000000000e+09,-3.280268404426323059e-02,-6.131116648763375565e+01
7.281655000000000000e+09,-5.503692929212888885e-02,-6.136921329099941147e+01
7.281750000000000000e+09,-3.253382184238517993e-02,-6.138252274166745082e+01
7.281845000000000000e+09,-7.751110216344159198e-02,-6.146331258010629028e+01
7.281940000000000000e+09,-2.923883447066089047e-02,-6.145085287053129974e+01
7.282035000000000000e+09,-5.857742001985855040e-03,-6.146328433618041487e+01
7.282130000000000000e+09,1.538208822169906398e-02,-6.147785706407484696e+01
7.282225000000000000e+09,-4.021302750601307707e-02,-6.156926473792034926e+01
7.282320000000000000e+09,-8.116337122700656437e-03,-6.157298060565481990e+01
7.282415000000000000e+09,-2.010511574055584560e-02,-6.162078194239046525e+01
7.282510000000000000e+09,-3.448503542955450030e-03,-6.163993788831065501e+01
7.282605000000000000e+09,1.098557422455570531e-02,-6.166131636866092691e+01
7.282700000000000000e+09,-4.771608367590829403e-02,-6.175583058467917397e+01
7.282795000000000000e+09,-5.782534330804622869e-02,-6.180175240242910206e+01
7.282890000000000000e+09,7.629849820091294532e-03,-6.177210976741875470e+01
7.282985000000000000e+09,3.810862282662696998e-04,-6.181517108912836278e+01
7.283080000000000000e+09,-3.276105440279764025e-02,-6.188412578787721685e+01
7.283175000000000000e+09,-6.329100793588082752e-02,-6.195046829952809020e+01
7.283270000000000000e+09,-6.008382581280358181e-02,-6.198307367552279601e+01
7.283365000000000000e+09,5.046967758069342835e-03,-6.195375544006970614e+01
7.283460000000000000e+09,-1.302768017245625742e-02,-6.200764264611802190e+01
7.283555000000000000e+09,8.911683413785453922e-03,-6.202151584064957035e+01
7.283650000000000000e+09,1.174172743129275887e-02,-6.205449835474984610e+01
7.283745000000000000e+09,-4.433813489033866517e-02,-6.214639077518926058e+01
7.283840000000000000e+09,-3.867581977324618947e-02,-6.217654101818995827e+01
7.283935000000000000e+09,-1.740793960990316691e-02,-6.219108569614440540e+01
7.284030000000000000e+09,-4.457258746224823653e-02,-6.225406290211453353e+01
7.284125000000000000e+09,-2.211275754864772125e-02,-6.226741563031905713e+01
7.284220000000000000e+09,-3.542438842973183455e-02,-6.231653981931792430e+01
7.284315000000000000e+09,-4.021987166632357003e-02,-6.235714786067230619e+01
7.284410000000000000e+09,-6.786066284519165492e-03,-6.235952661340829195e+01
7.284505000000000000e+09,-4.131874478259334182e-02,-6.242987185002414918e+01
7.284600000000000000e+09,-2.068856359056070460e-02,-6.244505422694990671e+01
7.284695000000000000e+09,-1.840575241735820100e-02,-6.247858397389449436e+01
7.284790000000000000e+09,-1.783463020680642330e-02,-6.251382540980172564e+01
7.284885000000000000e+09,-2.121676011125117611e-02,-6.255302009782395345e+01
7.284980000000000000e+09,-3.051315298471024562e-03,-6.257066721112896346e+01
7.285075000000000000e+09,-6.254320280281433497e-02,-6.266597165675109693e+01
7.285170000000000000e+09,-3.520670021133298633e-02,-6.267444771227739864e+01
7.285265000000000000e+09,2.093236355793237635e-02,-6.265412120662591633e+01
7.285360000000000000e+09,-1.651410293150945563e-02,-6.272738023123314832e+01
7.285455000000000000e+09,-6.742532668148015773e-02,-6.281410401310090919e+01
7.285550000000000000e+09,-3.086140061468967133e-02,-6.281335264515190175e+01
7.285645000000000000e+09,-1.355003069549098882e-02,-6.283185383335049323e+01
7.285740000000000000e+09,-3.205712708413699374e-02,-6.288617348785692940e+01
7.285835000000000000e+09,-7.512999857947022520e-02,-6.296505891747004569e+01
7.285930000000000000e+09,-2.802394322142731653e-02,-6.295376542022978583e+01
7.286025000000000000e+09,-2.238088870714705081e-02,-6.298393492383362968e+01
7.286120000000000000e+09,-6.140837789156705639e-02,-6.305877497113583985e+01
7.286215000000000000e+09,-2.281078459754581900e-02,-6.305598993595960877e+01
7.286310000000000000e+09,-2.719374815774244780e-02,-6.309618545763758846e+01
7.286405000000000000e+09,-5.835061616870262924e-02,-6.316315488376633169e+01
7.286500000000000000e+09,-6.343275438879913963e-02,-6.320404958010421836e+01
7.286595000000000000e+09,-9.352257002176145306e-02,-6.326995195385497084e+01
7.286690000000000000e+09,-5.314733048221143008e-02,-6.326538927243320387e+01
7.286785000000000000e+09,-9.698623664921512955e-02,-6.334504073671799063e+01
7.286880000000000000e+09,-3.789077311636646073e-02,-6.332175783130293212e+01
7.286975000000000000e+09,-7.222309836368623337e-02,-6.339190271466804205e+01
7.287070000000000000e+09,-2.915932195561765639e-02,-6.338465149637775653e+01
7.287165000000000000e+09,-2.802639510416327084e-02,-6.341933112764409231e+01
7.287260000000000000e+09,-6.499251676421380353e-02,-6.349210980742193300e+01
7.287355000000000000e+09,-3.638794752348673001e-02,-6.349931779629898898e+01
7.287450000000000000e+09,-5.787590918794904837e-02,-6.355661831608123435e+01
7.287545000000000000e+09,-6.869596232350971832e-02,-6.360325092733458519e+01
7.287640000000000000e+09,-2.972389833839628182e-02,-6.360009142146726191e+01
7.287735000000000000e+09,-5.337585999747318510e-02,-6.365955594124412187e+01
7.287830000000000000e+09,-7.149591547531741753e-02,-6.371348855483974916e+01
7.287925000000000000e+09,-3.880565437923877425e-02,-6.371661085186179463e+01
7.288020000000000000e+09,-2.769030846710762717e-02,-6.374130806406745364e+01
7.288115000000000000e+09,-5.225015766094287528e-02,-6.380168047137907905e+01
7.288210000000000000e+09,-4.250940245941592366e-02,-6.382775227429533516e+01
7.288305000000000000e+09,-1.862211224651844077e-02,-6.383967754220022073e+01
7.288400000000000000e+09,-8.096090242805331627e-02,-6.393782889049954576e+01
7.288495000000000000e+09,-4.088814073570290475e-02,-6.393356868692498551e+01
7.288590000000000000e+09,-6.156220235843079536e-02,-6.399005530666549646e+01
7.288685000000000000e+09,-7.051115619143644153e-02,-6.403481681861629227e+01
7.288780000000000000e+09,-7.977601311291948605e-02,-6.407989423365556547e+01
7.288875000000000000e+09,-5.372688869795183564e-02,-6.408965766735838088e+01
7.288970000000000000e+09,-6.139993968247381417e-02,-6.413314327646068591e+01
7.289065000000000000e+09,-9.569898538066468063e-02,-6.420325488027665983e+01
7.289160000000000000e+09,-1.039530436903675081e-01,-6.424732149670415993e+01
7.289255000000000000e+09,-1.193845543016891497e-01,-6.429856556543326462e+01
7.289350000000000000e+09,-1.228585258543120062e-01,-6.433785209510367054e+01
7.289445000000000000e+09,-1.272492450611508730e-01,-6.437805537242830667e+01
7.289540000000000000e+09,-1.299414852881710658e-01,-6.441656017077310992e+01
7.289635000000000000e+09,-1.607735531603395884e-01,-6.448320479676306149e+01
7.289730000000000000e+09,-1.806588726115592181e-01,-6.453890267433206418e+01
7.289825000000000000e+09,-2.088291538130846448e-01,-6.460288551365171372e+01
7.289920000000000000e+09,-1.951850747777115203e-01,-6.462505399273412365e+01
7.290015000000000000e+09,-2.679721554011962326e-01,-6.473365363147540563e+01
7.290110000000000000e+09,-3.052135614703388455e-01,-6.480670759566233130e+01
7.290205000000000000e+09,-3.606277664938062344e-01,-6.489793435880359596e+01
7.290300000000000000e+09,-4.948430231916489674e-01,-6.506796217361922174e+01
7.290395000000000000e+09,-5.529608682506079731e-01,-6.516189257679596381e+01
7.290490000000000000e+09,2.948726905072618365e-01,-6.434987157615587705e+01
7.290585000000000000e+09,4.255218581217690144e-01,-6.425503496665915293e+01
7.290680000000000000e+09,3.106764350785908846e-01,-6.440569294782012832e+01
7.290775000000000000e+09,2.672777036586637678e-01,-6.448490423735783850e+01
7.290870000000000000e+09,2.188371835745215321e-01,-6.456915731555976379e+01
7.290965000000000000e+09,2.156637998303665427e-01,-6.460814325742171604e+01
7.291060000000000000e+09,1.346849764624096224e-01,-6.472493463890745602e+01
7.291155000000000000e+09,1.306887988902332154e-01,-6.476474337459741548e+01
7.291250000000000000e+09,9.817397369627656190e-02,-6.483307075790915519e+01
7.291345000000000000e+09,9.065740073711481273e-02,-6.487639988898611421e+01
7.291440000000000000e+09,1.074274229421376958e-01,-6.489544242489887438e+01
7.291535000000000000e+09,7.505781482601037169e-02,-6.496362459113278476e+01
7.291630000000000000e+09,6.306810711689081472e-02,-6.501142685695970158e+01
7.291725000000000000e+09,4.798380716545125324e-02,-6.506232371502892420e+01
7.291820000000000000e+09,3.178018545324334809e-02,-6.511433989485925622e+01
7.291915000000000000e+09,3.986792482163536988e-02,-6.514206471360864725e+01
7.292010000000000000e+09,2.615868115211128497e-02,-6.519158651539595439e+01
7.292105000000000000e+09,2.432553008567595043e-02,-6.522923222458017278e+01
7.292200000000000000e+09,1.207270330421295057e-02,-6.527729760947943305e+01
7.292295000000000000e+09,9.385440944755885084e-02,-6.523132846145387020e+01
7.292390000000000000e+09,5.883243849835650963e-02,-6.530216299052085560e+01
7.292485000000000000e+09,-1.181533377305754584e-03,-6.539798952051431513e+01
7.292580000000000000e+09,1.848886815358241620e-02,-6.541413167710121002e+01
7.292675000000000000e+09,3.910425776028603195e-02,-6.542932884561228946e+01
7.292770000000000000e+09,3.951510214734810233e-02,-6.546473055934301044e+01
7.292865000000000000e+09,1.573036084870693685e-02,-6.552432785875944887e+01
7.292960000000000000e+09,5.102990600619250472e-03,-6.557076778712531961e+01
7.293055000000000000e+09,1.601775605719524265e-02,-6.559566557978652668e+01
7.293150000000000000e+09,1.403358270508192618e-03,-6.564609253569101099e+01
7.293245000000000000e+09,2.290278607605955585e-02,-6.566040566600324269e+01
7.293340000000000000e+09,2.372507414766289457e-02,-6.569539593604942240e+01
7.293435000000000000e+09,5.586318897371711500e-03,-6.574934724941749664e+01
7.293530000000000000e+09,2.002666625239157838e-02,-6.577071946018027404e+01
7.293625000000000000e+09,-2.003821702747643485e-02,-6.584659690157792511e+01
7.293720000000000000e+09,-4.050853495699868745e-02,-6.590287977762557148e+01
7.293815000000000000e+09,3.768581214245614319e-03,-6.589441521957211023e+01
7.293910000000000000e+09,4.086597117805013113e-03,-6.592990976178633389e+01
7.294005000000000000e+09,-1.805132206074233636e-02,-6.598786023908267850e+01
7.294100000000000000e+09,-2.926068867381559357e-02,-6.603488216381353482e+01
7.294195000000000000e+09,1.460239695646237124e-03,-6.603997379356185604e+01
7.294290000000000000e+09,1.048756927411886863e-02,-6.606675902210116647e+01
7.294385000000000000e+09,2.202334132277883327e-02,-6.609103580817030377e+01
7.294480000000000000e+09,4.025854021520558490e-03,-6.614484585358934510e+01
7.294575000000000000e+09,1.556599798691138403e-02,-6.616911826774173733e+01
7.294670000000000000e+09,-1.337585801258001084e-02,-6.623387268185902599e+01
7.294765000000000000e+09,-4.071602490560621845e-02,-6.629702540686983525e+01
7.294860000000000000e+09,1.132996386171214453e-02,-6.628079197622029994e+01
7.294955000000000000e+09,-6.205009500348523943e-04,-6.632855499914983000e+01
7.295050000000000000e+09,1.078035477877392623e-02,-6.635296670153881848e+01
7.295145000000000000e+09,2.778230976416296016e-02,-6.637177730467121251e+01
7.295240000000000000e+09,-1.319901799818978816e-02,-6.644857119055134831e+01
7.295335000000000000e+09,-5.393588782652614100e-03,-6.647657831945360840e+01
7.295430000000000000e+09,5.736992495656068058e-03,-6.650126029629308277e+01
7.295525000000000000e+09,-3.171918817869823215e-02,-6.657452903508522013e+01
7.295620000000000000e+09,-2.301725097196083425e-02,-6.660163965599660685e+01
7.295715000000000000e+09,-1.595264964264231367e-02,-6.663038761278507138e+01
7.295810000000000000e+09,-2.768012044327861076e-03,-6.665301553330453999e+01
7.295905000000000000e+09,-3.404957333249569729e-02,-6.672010965271050509e+01
7.296000000000000000e+09,-1.410251468733747515e-02,-6.673597515218312992e+01
7.296095000000000000e+09,-3.961132671494738133e-02,-6.679729652232852288e+01
7.296190000000000000e+09,-2.785171412216413955e-02,-6.682134946785353691e+01
7.296285000000000000e+09,-1.729269245615228101e-02,-6.684660300430530810e+01
7.296380000000000000e+09,3.462313176527231917e-03,-6.686166055679041165e+01
7.296475000000000000e+09,8.655407942512738373e-03,-6.689228002014220920e+01
7.296570000000000000e+09,-2.101539705104471523e-02,-6.695776338325356392e+01
7.296665000000000000e+09,-3.025987500360827198e-02,-6.700282041932391053e+01
7.296760000000000000e+09,-5.567873313978566330e-02,-6.706405183557787097e+01
7.296855000000000000e+09,-3.017122143448602856e-02,-6.707435688199036861e+01
7.296950000000000000e+09,-1.233003833574741748e-02,-6.709232825700941305e+01
7.297045000000000000e+09,-3.309108304904384568e-02,-6.714890185984049253e+01
7.297140000000000000e+09,-2.426374749452975266e-02,-6.717588708240376150e+01
7.297235000000000000e+09,-5.270851092969053298e-02,-6.724014440395670533e+01
7.297330000000000000e+09,-3.037793977212288610e-02,-6.725362639091693495e+01
7.297425000000000000e+09,-3.266540882331980811e-02,-6.729172641808591493e+01
7.297520000000000000e+09,-5.191041849869293401e-03,-6.730006460923026168e+01
7.297615000000000000e+09,-1.242660125159034123e-02,-6.734311272675009263e+01
7.297710000000000000e+09,-3.244506426811710753e-02,-6.739894374788441667e+01
7.297805000000000000e+09,-3.312680592253514078e-02,-6.743543804765661775e+01
7.297900000000000000e+09,-3.714589435666937334e-02,-6.747526969420853504e+01
7.297995000000000000e+09,-1.917278380356890466e-02,-6.749310914177321763e+01
7.298090000000000000e+09,-2.262519453833533589e-02,-6.753237411062578133e+01
7.298185000000000000e+09,-1.577489369282147891e-04,-6.754571922314215726e+01
7.298280000000000000e+09,-2.337141288649036142e-02,-6.760474544520950246e+01
7.298375000000000000e+09,-1.132422230264751306e-02,-6.762851081274345688e+01
7.298470000000000000e+09,-1.470267274129355428e-03,-6.765446941583272178e+01
7.298565000000000000e+09,-3.727269200170724162e-02,-6.772608439867808272e+01
7.298660000000000000e+09,-3.288826275786504993e-02,-6.775751252755202358e+01
7.298755000000000000e+09,-5.782162749753183562e-03,-6.776621898566169477e+01
7.298850000000000000e+09,5.823114487341740642e-03,-6.779042626654239712e+01
7.298945000000000000e+09,-1.506240298552086188e-02,-6.784712434213304277e+01
7.299040000000000000e+09,-3.497415586664942566e-02,-6.790284865313196860e+01
7.299135000000000000e+09,-4.895021644735209065e-02,-6.795263727183045432e+01
7.299230000000000000e+09,-3.620498721041087720e-02,-6.797570460071129617e+01
7.299325000000000000e+09,-4.089435485707326734e-02,-6.801620652647574161e+01
7.299420000000000000e+09,-4.828943600097090894e-02,-6.805941416573742231e+01
7.299515000000000000e+09,-3.281444597169524968e-02,-6.807975173382627077e+01
7.299610000000000000e+09,-2.384647904548842234e-02,-6.810659632501786120e+01
7.299705000000000000e+09,-3.462907595110209513e-02,-6.815319148004125793e+01
7.299800000000000000e+09,-2.003736968634939331e-02,-6.817441233189428829e+01
7.299895000000000000e+09,-8.625995259437502227e-02,-6.827644747292011118e+01
7.299990000000000000e+09,-8.915980572540149751e-02,-6.831515988416892071e+01
7.300085000000000000e+09,-2.214371152297189838e-02,-6.828395634808427417e+01
7.300180000000000000e+09,-2.228430821443794230e-02,-6.831990950289352327e+01
7.300275000000000000e+09,-4.292863003546187883e-02,-6.837636638283233026e+01
7.300370000000000000e+09,-5.313441138710572886e-02,-6.842238472230177138e+01
7.300465000000000000e+09,-3.924435462636211014e-02,-6.844430722365881081e+01
7.300560000000000000e+09,-2.189111648181096825e-02,-6.846276654363205694e+01
7.300655000000000000e+09,-4.387686772783183642e-02,-6.852056485299586086e+01
7.300750000000000000e+09,-4.825247231092077982e-02,-6.856075301569673286e+01
7.300845000000000000e+09,-3.921636405225115141e-02,-6.858752946555584629e+01
7.300940000000000000e+09,-3.469769246338216817e-02,-6.861882335208476036e+01
7.301035000000000000e+09,-2.632549453906563031e-03,-6.862257076719308202e+01
7.301130000000000000e+09,-4.076847490411239505e-02,-6.869651925076107091e+01
7.301225000000000000e+09,-7.124549817680758679e-02,-6.876280883215154915e+01
7.301320000000000000e+09,-4.175215529046738538e-02,-6.876912804738300622e+01
7.301415000000000000e+09,-4.273271055724592316e-02,-6.880592116076790887e+01
7.301510000000000000e+09,-3.265414635308161451e-02,-6.883165515468152762e+01
7.301605000000000000e+09,3.470223627360269347e-03,-6.883134334281886879e+01
7.301700000000000000e+09,-1.741471363531843508e-02,-6.888804083819933055e+01
7.301795000000000000e+09,-2.567824123362072442e-02,-6.893211692391541590e+01
7.301890000000000000e+09,-4.831718455557165726e-02,-6.899056842535516409e+01
7.301985000000000000e+09,-1.214655119426311103e-02,-6.899021035011163860e+01
7.302080000000000000e+09,-1.957268238831488816e-02,-6.903344903942348765e+01
7.302175000000000000e+09,-2.342996837667499221e-02,-6.907311888352963081e+01
7.302270000000000000e+09,-6.083213173458545953e-02,-6.914633360500532433e+01
7.302365000000000000e+09,-2.173232176359363166e-02,-6.914304635315211556e+01
7.302460000000000000e+09,-6.869335343563420793e-02,-6.922581994294193919e+01
7.302555000000000000e+09,-5.982327373864393394e-02,-6.925276242136274618e+01
7.302650000000000000e+09,-2.670687644632607771e-02,-6.925545858218821138e+01
7.302745000000000000e+09,-3.247068401442732011e-02,-6.929703494787409568e+01
7.302840000000000000e+09,-4.506099902424409720e-02,-6.934543782100170972e+01
7.302935000000000000e+09,-4.801339943513482922e-02,-6.938420277953038351e+01
7.303030000000000000e+09,-4.212574685200820568e-02,-6.941412768506503994e+01
7.303125000000000000e+09,-5.507693604293706358e-02,-6.946289143237375185e+01
7.303220000000000000e+09,-1.124839781395792215e-02,-6.945487545226256998e+01
7.303315000000000000e+09,-8.268409838734669393e-03,-6.948770802240512978e+01
7.303410000000000000e+09,-6.083781136106836129e-02,-6.957608998204558759e+01
7.303505000000000000e+09,-6.721407782293908895e-03,-6.955778613658459619e+01
7.303600000000000000e+09,-3.753711226121936306e-02,-6.962441439918131891e+01
7.303695000000000000e+09,-3.211542314176085711e-02,-6.965480526817964346e+01
7.303790000000000000e+09,-7.518683867377262686e-02,-6.973368924182943829e+01
7.303885000000000000e+09,-4.314454124214250896e-02,-6.973745950251559123e+01
7.303980000000000000e+09,-3.673799817866552075e-02,-6.976686551756989729e+01
7.304075000000000000e+09,1.413444815692344037e-02,-6.975180562935210560e+01
7.304170000000000000e+09,-7.310634961426387690e-02,-6.987485898524107597e+01
7.304265000000000000e+09,-1.223331950447459349e-02,-6.984979851324906974e+01
7.304360000000000000e+09,-2.931989310795302117e-02,-6.990269764497034544e+01
7.304455000000000000e+09,-1.661814156724972236e-02,-6.992580845154742519e+01
7.304550000000000000e+09,-4.168167215134133130e-02,-6.998668454024929986e+01
7.304645000000000000e+09,-1.583597478109766143e-02,-6.999665140099683924e+01
7.304740000000000000e+09,-7.305222828378532540e-02,-7.008968021261732417e+01
7.304835000000000000e+09,-6.730632255499813255e-02,-7.011974686500632004e+01
7.304930000000000000e+09,-4.885835125131166023e-02,-7.013711145182043083e+01
7.305025000000000000e+09,-3.671748403259300630e-02,-7.016078314271949523e+01
7.305120000000000000e+09,-1.023220764348309331e-02,-7.017011042444816837e+01
7.305215000000000000e+09,-4.881855710564764195e-02,-7.024450933202811598e+01
7.305310000000000000e+09,-1.012251580530687534e-02,-7.024162584884589933e+01
7.305405000000000000e+09,-2.507925045260606112e-02,-7.029239514161098157e+01
7.305500000000000000e+09,-3.226528401015116287e-02,-7.033539373328630973e+01
7.305595000000000000e+09,-2.038799088012410721e-02,-7.035932899827407994e+01
7.305690000000000000e+09,-4.090792801402187706e-02,-7.041566149352576076e+01
7.305785000000000000e+09,-7.465732220765630700e-03,-7.041803185585030178e+01
7.305880000000000000e+09,-2.451235020984654511e-02,-7.047089103195716575e+01
7.305975000000000000e+09,7.546918765399368567e-03,-7.047464432109970289e+01
7.306070000000000000e+09,-5.352085482505231084e-02,-7.057152465280793763e+01
7.306165000000000000e+09,-3.657028983708698888e-02,-7.059038664593775536e+01
7.306260000000000000e+09,-5.197263939321317139e-02,-7.064160155361166460e+01
7.306355000000000000e+09,-2.979553846415683438e-02,-7.065523701080040553e+01
7.306450000000000000e+09,-4.772715811969874267e-02,-7.070898118857374470e+01
7.306545000000000000e+09,-1.834766490867423272e-02,-7.071541425348050325e+01
7.306640000000000000e+09,-3.649114028571887047e-02,-7.076937028697533094e+01
7.306735000000000000e+09,-1.122652228423248744e-02,-7.077991822709162761e+01
7.306830000000000000e+09,-3.271722903555485118e-02,-7.083722149196073303e+01
7.306925000000000000e+09,-4.994572425047749675e-03,-7.084531139346800899e+01
7.307020000000000000e+09,-3.031913944987252307e-02,-7.090644851861063103e+01
7.307115000000000000e+09,-3.024727990222686458e-03,-7.091496666526876425e+01
7.307210000000000000e+09,-8.396889624918912887e-03,-7.095615138502158459e+01
7.307305000000000000e+09,-8.037328904961782428e-03,-7.099160438241942472e+01
7.307400000000000000e+09,-3.113245118254326371e-02,-7.105051206281478926e+01
7.307495000000000000e+09,-4.858170776658710110e-02,-7.110377387751661615e+01
7.307590000000000000e+09,-2.728320610292200854e-02,-7.111828793397073412e+01
7.307685000000000000e+09,1.075104966166406939e-02,-7.111606623632393109e+01
7.307780000000000000e+09,-1.366440511309008343e-02,-7.117629424921646830e+01
7.307875000000000000e+09,-1.465411457434129261e-02,-7.121309651679551678e+01
7.307970000000000000e+09,3.275370119823151072e-03,-7.123097959021914960e+01
7.308065000000000000e+09,-2.876971068424438727e-02,-7.129883722914100019e+01
7.308160000000000000e+09,-4.188901637429864877e-02,-7.134776909294883751e+01
7.308255000000000000e+09,-1.820879977334755040e-02,-7.135990143446566947e+01
7.308350000000000000e+09,1.470328516899144233e-02,-7.136280190764111353e+01
7.308445000000000000e+09,-1.005528424529700260e-02,-7.142337303517318503e+01
7.308540000000000000e+09,-1.560709573041663134e-02,-7.146473740477610193e+01
7.308635000000000000e+09,-3.973401589176717152e-02,-7.152467688305523552e+01
7.308730000000000000e+09,-7.590895291320975957e-02,-7.159666437819447538e+01
7.308825000000000000e+09,-4.414816998838944073e-02,-7.160071615338743811e+01
7.308920000000000000e+09,-4.185833524844895237e-02,-7.163423887676528068e+01
7.309015000000000000e+09,-2.669248408065527656e-02,-7.165488558371527006e+01
7.309110000000000000e+09,-1.951893210377875221e-02,-7.168352458985651765e+01
7.309205000000000000e+09,-1.660908890247014824e-02,-7.171642730477299210e+01
7.309300000000000000e+09,-3.646033796781011915e-02,-7.177209111195611513e+01
7.309395000000000000e+09,-1.589719631050456883e-02,-7.178734052841660684e+01
7.309490000000000000e+09,-7.459723753171942917e-03,-7.181471561397707148e+01
7.309585000000000000e+09,-3.695153833280073741e-02,-7.188001998667448333e+01
7.309680000000000000e+09,-2.185328643987816122e-02,-7.190073429289934381e+01
7.309775000000000000e+09,3.533216816970252694e-02,-7.187936139640754618e+01
7.309870000000000000e+09,-2.582309412616723421e-02,-7.197632921682119900e+01
7.309965000000000000e+09,-3.406015248484095537e-02,-7.202037883329765577e+01
7.310060000000000000e+09,-4.517095190890074718e-02,-7.206730219083951283e+01
7.310155000000000000e+09,-1.677115813097884711e-02,-7.207471495517937399e+01
7.310250000000000000e+09,-3.096957858913640393e-02,-7.212472593375532881e+01
7.310345000000000000e+09,-3.899439749615396522e-02,-7.216856331078012943e+01
7.310440000000000000e+09,-2.665998420400228497e-02,-7.219204145560576080e+01
7.310535000000000000e+09,-1.860420218183378438e-02,-7.221979823170137536e+01
7.310630000000000000e+09,-3.117528340636965822e-02,-7.226818187104369429e+01
7.310725000000000000e+09,-2.974663659274767724e-02,-7.230256578234786957e+01
7.310820000000000000e+09,-3.467670551245305433e-02,-7.234330840938535800e+01
7.310915000000000000e+09,-3.527215180895382218e-03,-7.234797147717159760e+01
7.311010000000000000e+09,-1.479733010080508393e-02,-7.239505415020929036e+01
7.311105000000000000e+09,-5.539846383108226746e-02,-7.247146784205769166e+01
7.311200000000000000e+09,-1.417041540085506313e-02,-7.246605235174524751e+01
7.311295000000000000e+09,2.748272993974865130e-02,-7.246021176452242685e+01
7.311390000000000000e+09,-6.537913403832362746e-03,-7.253004496598379092e+01
7.311485000000000000e+09,-4.182957127339648196e-02,-7.260114918197113809e+01
7.311580000000000000e+09,-8.634532478424716828e-03,-7.260376670129396359e+01
7.311675000000000000e+09,4.677325411805099975e-03,-7.262626740152151683e+01
7.311770000000000000e+09,-2.713643732859338797e-02,-7.269389372237971259e+01
7.311865000000000000e+09,-4.280590876268774991e-02,-7.274537575193159000e+01
7.311960000000000000e+09,-1.048896905891183451e-02,-7.274887137034559714e+01
7.312055000000000000e+09,-4.126481691315575517e-03,-7.277832144109578394e+01
7.312150000000000000e+09,2.098043402804705693e-02,-7.278902708349420436e+01
7.312245000000000000e+09,-3.444480985332631917e-02,-7.288026488549337500e+01
7.312340000000000000e+09,-5.047278025671175783e-02,-7.293210541401454350e+01
7.312435000000000000e+09,-1.906088639593406242e-02,-7.293650607827156307e+01
7.312530000000000000e+09,9.500493187019287689e-03,-7.294375725680639277e+01
7.312625000000000000e+09,5.498180460108414991e-04,-7.298852049006518428e+01
7.312720000000000000e+09,-2.460840175730538704e-02,-7.304949126798628356e+01
7.312815000000000000e+09,2.530479541974273161e-03,-7.305816494480478696e+01
7.312910000000000000e+09,-3.099891880314942227e-02,-7.312750690126770792e+01
7.313005000000000000e+09,-4.215292602617637385e-02,-7.317447346660884477e+01
7.313100000000000000e+09,-2.178540877503110096e-02,-7.318991850747549677e+01
7.313195000000000000e+09,-5.576509574113686085e-02,-7.325971075255938558e+01
7.313290000000000000e+09,-2.358227746290708637e-02,-7.326334049239895307e+01
7.313385000000000000e+09,-3.592804393150572650e-02,-7.331149881698533477e+01
7.313480000000000000e+09,-3.021482711081091566e-02,-7.334159815828242301e+01
7.313575000000000000e+09,-1.628351324271193334e-03,-7.334882424061366635e+01
7.313670000000000000e+09,-1.461968037764904693e-02,-7.339762812778482726e+01
7.313765000000000000e+09,9.468099198642221381e-03,-7.340935290632633325e+01
7.313860000000000000e+09,-2.377917135393659009e-02,-7.347841273499669512e+01
7.313955000000000000e+09,-5.810954164361703533e-02,-7.354855566340417283e+01
7.314050000000000000e+09,-5.723240025659492858e-03,-7.353198191990399835e+01
7.314145000000000000e+09,-2.004537888853974437e-02,-7.358211661688466165e+01
7.314240000000000000e+09,-5.824225398299631706e-03,-7.360370802151220460e+01
7.314335000000000000e+09,-2.674103293190910335e-02,-7.366043738716359712e+01
7.314430000000000000e+09,-1.819220208666649796e-02,-7.368770111443615178e+01
7.314525000000000000e+09,-3.106538918335388644e-02,-7.373638685965062223e+01
7.314620000000000000e+09,-1.864548039044677807e-02,-7.375977950897551239e+01
7.314715000000000000e+09,-2.081048640616245393e-02,-7.379775707310901112e+01
7.314810000000000000e+09,-3.260429812880261125e-02,-7.384536344294943433e+01
7.314905000000000000e+09,-4.101534167065779002e-02,-7.388958704460941362e+01
7.315000000000000000e+09,-2.510241336489116293e-02,-7.390948667442143005e+01
