# freq_Hz, amplitude_dBm
7.125000000000000000e+09,-6.563594654287059882e+01
7.125095000000000000e+09,-6.560610141273056684e+01
7.125190000000000000e+09,-6.558891161629092892e+01
7.125285000000000000e+09,-6.561822907920878833e+01
7.125380000000000000e+09,-6.561561073797855670e+01
7.125475000000000000e+09,-6.563313871457033599e+01
7.125570000000000000e+09,-6.562979193329960026e+01
7.125665000000000000e+09,-6.564153910798302149e+01
7.125760000000000000e+09,-6.559408824488836842e+01
7.125855000000000000e+09,-6.561932261356909635e+01
7.125950000000000000e+09,-6.561094699376276651e+01
7.126045000000000000e+09,-6.562501986254000030e+01
7.126140000000000000e+09,-6.561082987619393236e+01
7.126235000000000000e+09,-6.561554307697694810e+01
7.126330000000000000e+09,-6.562376592922950636e+01
7.126425000000000000e+09,-6.563657418227467133e+01
7.126520000000000000e+09,-6.564438763814943911e+01
7.126615000000000000e+09,-6.562961838849622609e+01
7.126710000000000000e+09,-6.558507414213785580e+01
7.126805000000000000e+09,-6.560653672821273119e+01
7.126900000000000000e+09,-6.563854274242744680e+01
7.126995000000000000e+09,-6.563775688929719365e+01
7.127090000000000000e+09,-6.564495720208861940e+01
7.127185000000000000e+09,-6.560047077172673369e+01
7.127280000000000000e+09,-6.559718448232948163e+01
7.127375000000000000e+09,-6.561210942015685532e+01
7.127470000000000000e+09,-6.560976550352434344e+01
7.127565000000000000e+09,-6.562777300570215289e+01
7.127660000000000000e+09,-6.561588559386949271e+01
7.127755000000000000e+09,-6.562042285210232251e+01
7.127850000000000000e+09,-6.561235200286198221e+01
7.127945000000000000e+09,-6.560119349017304557e+01
7.128040000000000000e+09,-6.559762336063317889e+01
7.128135000000000000e+09,-6.560926771437328853e+01
7.128230000000000000e+09,-6.563004903559554748e+01
7.128325000000000000e+09,-6.561278816408704984e+01
7.128420000000000000e+09,-6.558323280255024201e+01
7.128515000000000000e+09,-6.559078624917698619e+01
7.128610000000000000e+09,-6.559139109769290599e+01
7.128705000000000000e+09,-6.558895736347493255e+01
7.128800000000000000e+09,-6.562851422936911661e+01
7.128895000000000000e+09,-6.561406940103238128e+01
7.128990000000000000e+09,-6.561675038880387945e+01
7.129085000000000000e+09,-6.560423097809827198e+01
7.129180000000000000e+09,-6.558730895623037327e+01
7.129275000000000000e+09,-6.561083151325877338e+01
7.129370000000000000e+09,-6.555413707340208873e+01
7.129465000000000000e+09,-6.558235336792054682e+01
7.129560000000000000e+09,-6.560440334184984579e+01
7.129655000000000000e+09,-6.558139643555647069e+01
7.129750000000000000e+09,-6.558538237916309299e+01
7.129845000000000000e+09,-6.553869275837720920e+01
7.129940000000000000e+09,-6.558111338052201233e+01
7.130035000000000000e+09,-6.558619182871433395e+01
7.130130000000000000e+09,-6.557252437576190118e+01
7.130225000000000000e+09,-6.557354468384369284e+01
7.130320000000000000e+09,-6.556380179929482210e+01
7.130415000000000000e+09,-6.555003046264425848e+01
7.130510000000000000e+09,-6.554733995122595047e+01
7.130605000000000000e+09,-6.558616541768417108e+01
7.130700000000000000e+09,-6.557533250134406444e+01
7.130795000000000000e+09,-6.556312844238154014e+01
7.130890000000000000e+09,-6.554745317670219151e+01
7.130985000000000000e+09,-6.553346055476167464e+01
7.131080000000000000e+09,-6.553859845192515365e+01
7.131175000000000000e+09,-6.555613374187838360e+01
7.131270000000000000e+09,-6.553497377663592260e+01
7.131365000000000000e+09,-6.554334712349486836e+01
7.131460000000000000e+09,-6.552702131615367875e+01
7.131555000000000000e+09,-6.550778454089139302e+01
7.131650000000000000e+09,-6.552233789657618956e+01
7.131745000000000000e+09,-6.550670842080259604e+01
7.131840000000000000e+09,-6.550016624547937738e+01
7.131935000000000000e+09,-6.549406694617269409e+01
7.132030000000000000e+09,-6.549875594248629795e+01
7.132125000000000000e+09,-6.553238296479747760e+01
7.132220000000000000e+09,-6.550050563254467306e+01
7.132315000000000000e+09,-6.551831501509671796e+01
7.132410000000000000e+09,-6.551285966393290039e+01
7.132505000000000000e+09,-6.550790466544088986e+01
7.132600000000000000e+09,-6.548830618585454033e+01
7.132695000000000000e+09,-6.547655444036632844e+01
7.132790000000000000e+09,-6.548783239649428367e+01
7.132885000000000000e+09,-6.548172521311403216e+01
7.132980000000000000e+09,-6.545397308469634368e+01
7.133075000000000000e+09,-6.546548853506138244e+01
7.133170000000000000e+09,-6.547068067991156681e+01
7.133265000000000000e+09,-6.544045926737356922e+01
7.133360000000000000e+09,-6.545054043138929956e+01
7.133455000000000000e+09,-6.544193669115981038e+01
7.133550000000000000e+09,-6.545379779732182612e+01
7.133645000000000000e+09,-6.544794028441897638e+01
7.133740000000000000e+09,-6.545020565870413520e+01
7.133835000000000000e+09,-6.544295526989222367e+01
7.133930000000000000e+09,-6.543446488966510799e+01
7.134025000000000000e+09,-6.542787419982815322e+01
7.134120000000000000e+09,-6.544050470487148630e+01
7.134215000000000000e+09,-6.543926786747952917e+01
7.134310000000000000e+09,-6.542094287623866933e+01
7.134405000000000000e+09,-6.541975123014108817e+01
7.134500000000000000e+09,-6.541384496092673828e+01
7.134595000000000000e+09,-6.543099720460274682e+01
7.134690000000000000e+09,-6.541525368365722670e+01
7.134785000000000000e+09,-6.541365542019418911e+01
7.134880000000000000e+09,-6.541462500132885793e+01
7.134975000000000000e+09,-6.540607942615514503e+01
7.135070000000000000e+09,-6.542511005969102200e+01
7.135165000000000000e+09,-6.541748507789405664e+01
7.135260000000000000e+09,-6.540462077930467899e+01
7.135355000000000000e+09,-6.542057339967273322e+01
7.135450000000000000e+09,-6.542555398750441498e+01
7.135545000000000000e+09,-6.540656579180451047e+01
7.135640000000000000e+09,-6.539729813578600215e+01
7.135735000000000000e+09,-6.539907480728413702e+01
7.135830000000000000e+09,-6.540364503269361762e+01
7.135925000000000000e+09,-6.538784557520115470e+01
7.136020000000000000e+09,-6.539268541035866633e+01
7.136115000000000000e+09,-6.537836632310674645e+01
7.136210000000000000e+09,-6.539270842847442111e+01
7.136305000000000000e+09,-6.540368049775734960e+01
7.136400000000000000e+09,-6.540735011129039833e+01
7.136495000000000000e+09,-6.537998688489581411e+01
7.136590000000000000e+09,-6.535194393638111876e+01
7.136685000000000000e+09,-6.539105320480669548e+01
7.136780000000000000e+09,-6.538716864611348001e+01
7.136875000000000000e+09,-6.539047108272859532e+01
7.136970000000000000e+09,-6.534739426606211055e+01
7.137065000000000000e+09,-6.537636545589327852e+01
7.137160000000000000e+09,-6.537884299619565809e+01
7.137255000000000000e+09,-6.536461302565550113e+01
7.137350000000000000e+09,-6.535212400838788938e+01
7.137445000000000000e+09,-6.532974887752361326e+01
7.137540000000000000e+09,-6.533989140885736902e+01
7.137635000000000000e+09,-6.534822746156177686e+01
7.137730000000000000e+09,-6.535899054668148267e+01
7.137825000000000000e+09,-6.536498127553662130e+01
7.137920000000000000e+09,-6.537529695161197196e+01
7.138015000000000000e+09,-6.538015476347034394e+01
7.138110000000000000e+09,-6.535599003985622346e+01
7.138205000000000000e+09,-6.538235878978792925e+01
7.138300000000000000e+09,-6.534980970482573071e+01
7.138395000000000000e+09,-6.536310357599903398e+01
7.138490000000000000e+09,-6.536482252631273582e+01
7.138585000000000000e+09,-6.537619666051514855e+01
7.138680000000000000e+09,-6.533849986385308739e+01
7.138775000000000000e+09,-6.536647232110284733e+01
7.138870000000000000e+09,-6.539598008357232573e+01
7.138965000000000000e+09,-6.536165910245811972e+01
7.139060000000000000e+09,-6.536417165462924572e+01
7.139155000000000000e+09,-6.535428969864742044e+01
7.139250000000000000e+09,-6.535929154583088518e+01
7.139345000000000000e+09,-6.534126836933148752e+01
7.139440000000000000e+09,-6.533552010203017346e+01
7.139535000000000000e+09,-6.537784712938213261e+01
7.139630000000000000e+09,-6.536292945263787146e+01
7.139725000000000000e+09,-6.537233242852491344e+01
7.139820000000000000e+09,-6.537630376860231252e+01
7.139915000000000000e+09,-6.532775850325745637e+01
7.140010000000000000e+09,-6.538219602621629178e+01
7.140105000000000000e+09,-6.533900247553410168e+01
7.140200000000000000e+09,-6.538373748549518893e+01
7.140295000000000000e+09,-6.533641575590775119e+01
7.140390000000000000e+09,-6.536698622844690476e+01
7.140485000000000000e+09,-6.536924379985224220e+01
7.140580000000000000e+09,-6.536910782336494208e+01
7.140675000000000000e+09,-6.535336267993233150e+01
7.140770000000000000e+09,-6.535897852065134828e+01
7.140865000000000000e+09,-6.533229051641203000e+01
7.140960000000000000e+09,-6.537234529894175239e+01
7.141055000000000000e+09,-6.537544492484164493e+01
7.141150000000000000e+09,-6.536859135660135678e+01
7.141245000000000000e+09,-6.538615147032469110e+01
7.141340000000000000e+09,-6.534627746584504848e+01
7.141435000000000000e+09,-6.536633157987233744e+01
7.141530000000000000e+09,-6.538239958584982503e+01
7.141625000000000000e+09,-6.537903886033917900e+01
7.141720000000000000e+09,-6.539667335732714548e+01
7.141815000000000000e+09,-6.537695161976292013e+01
7.141910000000000000e+09,-6.538928997527609965e+01
7.142005000000000000e+09,-6.537939737012057151e+01
7.142100000000000000e+09,-6.537665601812564375e+01
7.142195000000000000e+09,-6.535485797589279855e+01
7.142290000000000000e+09,-6.539289807073613758e+01
7.142385000000000000e+09,-6.536742128996463919e+01
7.142480000000000000e+09,-6.537215263911535601e+01
7.142575000000000000e+09,-6.538339917312694638e+01
7.142670000000000000e+09,-6.535845690090378923e+01
7.142765000000000000e+09,-6.535642858514256659e+01
7.142860000000000000e+09,-6.538914874223432605e+01
7.142955000000000000e+09,-6.537993841140436757e+01
7.143050000000000000e+09,-6.538382110528749536e+01
7.143145000000000000e+09,-6.536144991022092654e+01
7.143240000000000000e+09,-6.539865072711589278e+01
7.143335000000000000e+09,-6.539763572814129589e+01
7.143430000000000000e+09,-6.539951713528610355e+01
7.143525000000000000e+09,-6.537150870575332817e+01
7.143620000000000000e+09,-6.534511255580190436e+01
7.143715000000000000e+09,-6.538987154642663313e+01
7.143810000000000000e+09,-6.538260279941093245e+01
7.143905000000000000e+09,-6.537166852712131515e+01
7.144000000000000000e+09,-6.537433075125049697e+01
7.144095000000000000e+09,-6.537933190823132179e+01
7.144190000000000000e+09,-6.538566423978490150e+01
7.144285000000000000e+09,-6.536325372152545299e+01
7.144380000000000000e+09,-6.537012049767335498e+01
7.144475000000000000e+09,-6.537974306840781935e+01
7.144570000000000000e+09,-6.538431436323651269e+01
7.144665000000000000e+09,-6.536456106543282374e+01
7.144760000000000000e+09,-6.535993355055842358e+01
7.144855000000000000e+09,-6.539455285707497012e+01
7.144950000000000000e+09,-6.537158804635423337e+01
7.145045000000000000e+09,-6.537223247121335135e+01
7.145140000000000000e+09,-6.537573985856619174e+01
7.145235000000000000e+09,-6.536875927011502085e+01
7.145330000000000000e+09,-6.539143495642314008e+01
7.145425000000000000e+09,-6.537418118695758551e+01
7.145520000000000000e+09,-6.537612441815750230e+01
7.145615000000000000e+09,-6.536802723962870232e+01
7.145710000000000000e+09,-6.538512285872317875e+01
7.145805000000000000e+09,-6.535648977062362519e+01
7.145900000000000000e+09,-6.535926174149469148e+01
7.145995000000000000e+09,-6.536859730014549541e+01
7.146090000000000000e+09,-6.535781609125648117e+01
7.146185000000000000e+09,-6.535530286335051642e+01
7.146280000000000000e+09,-6.537327814697869144e+01
7.146375000000000000e+09,-6.538200230701383475e+01
7.146470000000000000e+09,-6.536559545880082567e+01
7.146565000000000000e+09,-6.533391830210175044e+01
7.146660000000000000e+09,-6.538048486445251228e+01
7.146755000000000000e+09,-6.536639202394998449e+01
7.146850000000000000e+09,-6.537205267249862572e+01
7.146945000000000000e+09,-6.535911546693495211e+01
7.147040000000000000e+09,-6.537073247988321612e+01
7.147135000000000000e+09,-6.539253457898698230e+01
7.147230000000000000e+09,-6.539124055844881411e+01
7.147325000000000000e+09,-6.539370226927941587e+01
7.147420000000000000e+09,-6.543465078563153270e+01
7.147515000000000000e+09,-6.550041483112957508e+01
7.147610000000000000e+09,-6.562922191447253795e+01
7.147705000000000000e+09,-6.585006268105546212e+01
7.147800000000000000e+09,-6.641221595223888130e+01
7.147895000000000000e+09,-6.910772968470708122e+01
7.147990000000000000e+09,-7.641766520013783293e+01
7.148085000000000000e+09,-6.651062949152405679e+01
7.148180000000000000e+09,-6.559727144605369631e+01
7.148275000000000000e+09,-6.540930577570232174e+01
7.148370000000000000e+09,-6.536812810361168147e+01
7.148465000000000000e+09,-6.533980320795927810e+01
7.148560000000000000e+09,-6.533695495609326542e+01
7.148655000000000000e+09,-6.532765397886130643e+01
7.148750000000000000e+09,-6.532680267850048494e+01
7.148845000000000000e+09,-6.529814061992057361e+01
7.148940000000000000e+09,-6.531074806958051227e+01
7.149035000000000000e+09,-6.529769520007792494e+01
7.149130000000000000e+09,-6.531495879110137537e+01
7.149225000000000000e+09,-6.527357097897741767e+01
7.149320000000000000e+09,-6.528493363920786408e+01
7.149415000000000000e+09,-6.527426484207806823e+01
7.149510000000000000e+09,-6.529680764147848038e+01
7.149605000000000000e+09,-6.526575810769161023e+01
7.149700000000000000e+09,-6.531597446182259148e+01
7.149795000000000000e+09,-6.525760225751801613e+01
7.149890000000000000e+09,-6.524978093988364947e+01
7.149985000000000000e+09,-6.526752066736746372e+01
7.150080000000000000e+09,-6.527019713756180863e+01
7.150175000000000000e+09,-6.526681118543206139e+01
7.150270000000000000e+09,-6.528499781369637844e+01
7.150365000000000000e+09,-6.526934822267597269e+01
7.150460000000000000e+09,-6.527161739827808162e+01
7.150555000000000000e+09,-6.527158169547985267e+01
7.150650000000000000e+09,-6.525958483953564837e+01
7.150745000000000000e+09,-6.527814711301311945e+01
7.150840000000000000e+09,-6.526825125774698222e+01
7.150935000000000000e+09,-6.524341818459070907e+01
7.151030000000000000e+09,-6.526254734874989083e+01
7.151125000000000000e+09,-6.526909836407098453e+01
7.151220000000000000e+09,-6.524945816096129647e+01
7.151315000000000000e+09,-6.528866122315152154e+01
7.151410000000000000e+09,-6.523976250838715885e+01
7.151505000000000000e+09,-6.524429418197266273e+01
7.151600000000000000e+09,-6.524094231537161193e+01
7.151695000000000000e+09,-6.526482724361436283e+01
7.151790000000000000e+09,-6.526910371082956885e+01
7.151885000000000000e+09,-6.523605924400172285e+01
7.151980000000000000e+09,-6.523928201206685173e+01
7.152075000000000000e+09,-6.525447640828161866e+01
7.152170000000000000e+09,-6.526227865222234925e+01
7.152265000000000000e+09,-6.524432646290935622e+01
7.152360000000000000e+09,-6.525439500471460974e+01
7.152455000000000000e+09,-6.522509592525378253e+01
7.152550000000000000e+09,-6.522839845860545438e+01
7.152645000000000000e+09,-6.523742692579462243e+01
7.152740000000000000e+09,-6.524586202581613747e+01
7.152835000000000000e+09,-6.523946301184273011e+01
7.152930000000000000e+09,-6.524412780826212099e+01
7.153025000000000000e+09,-6.522763143493253324e+01
7.153120000000000000e+09,-6.526381416078145037e+01
7.153215000000000000e+09,-6.528306562108490141e+01
7.153310000000000000e+09,-6.525519931443471933e+01
7.153405000000000000e+09,-6.526628135408356002e+01
7.153500000000000000e+09,-6.525488336377114251e+01
7.153595000000000000e+09,-6.524910841706839904e+01
7.153690000000000000e+09,-6.523178909197709174e+01
7.153785000000000000e+09,-6.527802919120850333e+01
7.153880000000000000e+09,-6.518885902626946915e+01
7.153975000000000000e+09,-6.524464589101279444e+01
7.154070000000000000e+09,-6.524631276989275364e+01
7.154165000000000000e+09,-6.527264095993054127e+01
7.154260000000000000e+09,-6.524020053175163980e+01
7.154355000000000000e+09,-6.525176198674512307e+01
7.154450000000000000e+09,-6.526430949677740045e+01
7.154545000000000000e+09,-6.527495563433322445e+01
7.154640000000000000e+09,-6.524879957696018096e+01
7.154735000000000000e+09,-6.525971749572038050e+01
7.154830000000000000e+09,-6.527000664204639691e+01
7.154925000000000000e+09,-6.525799483227979181e+01
7.155020000000000000e+09,-6.529318064065954275e+01
7.155115000000000000e+09,-6.526251959078422260e+01
7.155210000000000000e+09,-6.523566481690184560e+01
7.155305000000000000e+09,-6.526225450384062299e+01
7.155400000000000000e+09,-6.525419503536217292e+01
7.155495000000000000e+09,-6.529395585792167367e+01
7.155590000000000000e+09,-6.527810852472450165e+01
7.155685000000000000e+09,-6.527674023730904196e+01
7.155780000000000000e+09,-6.528999883482428856e+01
7.155875000000000000e+09,-6.523362676940082849e+01
7.155970000000000000e+09,-6.526037742360598770e+01
7.156065000000000000e+09,-6.524515470906641212e+01
7.156160000000000000e+09,-6.528110444290005887e+01
7.156255000000000000e+09,-6.528013411103199815e+01
7.156350000000000000e+09,-6.528335395822759324e+01
7.156445000000000000e+09,-6.528008002284153122e+01
7.156540000000000000e+09,-6.527932249245556307e+01
7.156635000000000000e+09,-6.530377518744602128e+01
7.156730000000000000e+09,-6.528473348472894600e+01
7.156825000000000000e+09,-6.532554847850826718e+01
7.156920000000000000e+09,-6.527941771584512765e+01
7.157015000000000000e+09,-6.531017761857573589e+01
7.157110000000000000e+09,-6.528801230102652653e+01
7.157205000000000000e+09,-6.530091310543697602e+01
7.157300000000000000e+09,-6.528954689337938078e+01
7.157395000000000000e+09,-6.529469084900465248e+01
7.157490000000000000e+09,-6.530636195696806112e+01
7.157585000000000000e+09,-6.532484198697763134e+01
7.157680000000000000e+09,-6.534045790972898260e+01
7.157775000000000000e+09,-6.530634068252351199e+01
7.157870000000000000e+09,-6.531457690955717510e+01
7.157965000000000000e+09,-6.531182479531108243e+01
7.158060000000000000e+09,-6.532369898177910272e+01
7.158155000000000000e+09,-6.533575476403784421e+01
7.158250000000000000e+09,-6.534193800856333212e+01
7.158345000000000000e+09,-6.534876044143967988e+01
7.158440000000000000e+09,-6.533144451414594300e+01
7.158535000000000000e+09,-6.534194931468519485e+01
7.158630000000000000e+09,-6.534701324821338630e+01
7.158725000000000000e+09,-6.534132583938257710e+01
7.158820000000000000e+09,-6.533787691085750282e+01
7.158915000000000000e+09,-6.536752052781204725e+01
7.159010000000000000e+09,-6.537094510186049945e+01
7.159105000000000000e+09,-6.537331923101662312e+01
7.159200000000000000e+09,-6.534444585420052931e+01
7.159295000000000000e+09,-6.534634007232406816e+01
7.159390000000000000e+09,-6.535946187667218510e+01
7.159485000000000000e+09,-6.535608611561650605e+01
7.159580000000000000e+09,-6.535718560118284870e+01
7.159675000000000000e+09,-6.537784708432934622e+01
7.159770000000000000e+09,-6.536153510793107557e+01
7.159865000000000000e+09,-6.536874668525609877e+01
7.159960000000000000e+09,-6.536469102085899863e+01
7.160055000000000000e+09,-6.538720457600157943e+01
7.160150000000000000e+09,-6.538295272867520680e+01
7.160245000000000000e+09,-6.537479164574166646e+01
7.160340000000000000e+09,-6.533274248176522292e+01
7.160435000000000000e+09,-6.540601639266598966e+01
7.160530000000000000e+09,-6.538477306841083703e+01
7.160625000000000000e+09,-6.537261917792942256e+01
7.160720000000000000e+09,-6.536950498901872209e+01
7.160815000000000000e+09,-6.541549063071974501e+01
7.160910000000000000e+09,-6.538847509708392636e+01
7.161005000000000000e+09,-6.540060516308700755e+01
7.161100000000000000e+09,-6.539770405471352888e+01
7.161195000000000000e+09,-6.539089947696034244e+01
7.161290000000000000e+09,-6.541277444032766653e+01
7.161385000000000000e+09,-6.537779470459226161e+01
7.161480000000000000e+09,-6.539988801142254715e+01
7.161575000000000000e+09,-6.544431185824943498e+01
7.161670000000000000e+09,-6.543403483949740007e+01
7.161765000000000000e+09,-6.541260077390028016e+01
7.161860000000000000e+09,-6.543580543481982659e+01
7.161955000000000000e+09,-6.540699327352234604e+01
7.162050000000000000e+09,-6.541270069358834860e+01
7.162145000000000000e+09,-6.542668984643979968e+01
7.162240000000000000e+09,-6.540448377233745703e+01
7.162335000000000000e+09,-6.541664209443985101e+01
7.162430000000000000e+09,-6.541965412538591806e+01
7.162525000000000000e+09,-6.538751656212707530e+01
7.162620000000000000e+09,-6.541595842087069457e+01
7.162715000000000000e+09,-6.541663617322538471e+01
7.162810000000000000e+09,-6.541932681416514583e+01
7.162905000000000000e+09,-6.540458745677665320e+01
7.163000000000000000e+09,-6.544122489674391829e+01
7.163095000000000000e+09,-6.546027340551721352e+01
7.163190000000000000e+09,-6.539426471689630205e+01
7.163285000000000000e+09,-6.542650761538611448e+01
7.163380000000000000e+09,-6.540055427086402062e+01
7.163475000000000000e+09,-6.542970369934937480e+01
7.163570000000000000e+09,-6.544020776475252887e+01
7.163665000000000000e+09,-6.541240898121276359e+01
7.163760000000000000e+09,-6.543515647382461964e+01
7.163855000000000000e+09,-6.543872203815577393e+01
7.163950000000000000e+09,-6.539865812811430601e+01
7.164045000000000000e+09,-6.544158662090427470e+01
7.164140000000000000e+09,-6.545573663926924723e+01
7.164235000000000000e+09,-6.544915676518886016e+01
7.164330000000000000e+09,-6.541869722586035607e+01
7.164425000000000000e+09,-6.544366135747702629e+01
7.164520000000000000e+09,-6.541757084440627068e+01
7.164615000000000000e+09,-6.543189034464185738e+01
7.164710000000000000e+09,-6.541055584886809982e+01
7.164805000000000000e+09,-6.543187380207771753e+01
7.164900000000000000e+09,-6.541803725046590046e+01
7.164995000000000000e+09,-6.544144949942860023e+01
7.165090000000000000e+09,-6.541315756313024110e+01
7.165185000000000000e+09,-6.542703732659515481e+01
7.165280000000000000e+09,-6.541145581277763199e+01
7.165375000000000000e+09,-6.542264369098435850e+01
7.165470000000000000e+09,-6.544091171654245898e+01
7.165565000000000000e+09,-6.541372703492113772e+01
7.165660000000000000e+09,-6.541855667307964950e+01
7.165755000000000000e+09,-6.538714592796323188e+01
7.165850000000000000e+09,-6.538657304106702384e+01
7.165945000000000000e+09,-6.540650112967509244e+01
7.166040000000000000e+09,-6.543672346955793273e+01
7.166135000000000000e+09,-6.538669481216608403e+01
7.166230000000000000e+09,-6.541300820742921474e+01
7.166325000000000000e+09,-6.540181867987777764e+01
7.166420000000000000e+09,-6.541680010030255232e+01
7.166515000000000000e+09,-6.540829506084992317e+01
7.166610000000000000e+09,-6.541102141868067577e+01
7.166705000000000000e+09,-6.538986077404896946e+01
7.166800000000000000e+09,-6.537964625085508885e+01
7.166895000000000000e+09,-6.540855153744793427e+01
7.166990000000000000e+09,-6.540245888784114925e+01
7.167085000000000000e+09,-6.536599271200030614e+01
7.167180000000000000e+09,-6.539625555736756723e+01
7.167275000000000000e+09,-6.537548102601361677e+01
7.167370000000000000e+09,-6.539305002833354763e+01
7.167465000000000000e+09,-6.536334141355452232e+01
7.167560000000000000e+09,-6.537622170733261839e+01
7.167655000000000000e+09,-6.539398106492689067e+01
7.167750000000000000e+09,-6.538011842900378667e+01
7.167845000000000000e+09,-6.536002735312592904e+01
7.167940000000000000e+09,-6.537212163700790768e+01
7.168035000000000000e+09,-6.535206018215441759e+01
7.168130000000000000e+09,-6.538014438326675304e+01
7.168225000000000000e+09,-6.536260412958448285e+01
7.168320000000000000e+09,-6.535801960040387826e+01
7.168415000000000000e+09,-6.532306871480578536e+01
7.168510000000000000e+09,-6.534071647765668445e+01
7.168605000000000000e+09,-6.534469398472685953e+01
7.168700000000000000e+09,-6.535153476708691755e+01
7.168795000000000000e+09,-6.536429647670416898e+01
7.168890000000000000e+09,-6.534444721367306386e+01
7.168985000000000000e+09,-6.532713814261194329e+01
7.169080000000000000e+09,-6.531182959498983109e+01
7.169175000000000000e+09,-6.533898999083216097e+01
7.169270000000000000e+09,-6.532850858038263198e+01
7.169365000000000000e+09,-6.531596911810360950e+01
7.169460000000000000e+09,-6.531577336408045653e+01
7.169555000000000000e+09,-6.530692194964034059e+01
7.169650000000000000e+09,-6.531415323308108611e+01
7.169745000000000000e+09,-6.534111892724004633e+01
7.169840000000000000e+09,-6.534062327493622035e+01
7.169935000000000000e+09,-6.532528026131981846e+01
7.170030000000000000e+09,-6.530507049104241446e+01
7.170125000000000000e+09,-6.531718985926880805e+01
7.170220000000000000e+09,-6.531550902356782728e+01
7.170315000000000000e+09,-6.532853913186939110e+01
7.170410000000000000e+09,-6.528148469836935419e+01
7.170505000000000000e+09,-6.531413133000125981e+01
7.170600000000000000e+09,-6.525934641863099728e+01
7.170695000000000000e+09,-6.530230760217909847e+01
7.170790000000000000e+09,-6.530855092347627533e+01
7.170885000000000000e+09,-6.530843046716870504e+01
7.170980000000000000e+09,-6.530720552039768734e+01
7.171075000000000000e+09,-6.530337569747693749e+01
7.171170000000000000e+09,-6.530095140885131855e+01
7.171265000000000000e+09,-6.526534752683136276e+01
7.171360000000000000e+09,-6.526117593439170150e+01
7.171455000000000000e+09,-6.527932099380717546e+01
7.171550000000000000e+09,-6.528765005532360988e+01
7.171645000000000000e+09,-6.528766817078657425e+01
7.171740000000000000e+09,-6.529276740439318871e+01
7.171835000000000000e+09,-6.525697611935878228e+01
7.171930000000000000e+09,-6.528929316439442232e+01
7.172025000000000000e+09,-6.527700213663121076e+01
7.172120000000000000e+09,-6.527273948987108554e+01
7.172215000000000000e+09,-6.526531325116515347e+01
7.172310000000000000e+09,-6.525492262730342929e+01
7.172405000000000000e+09,-6.526620950330838866e+01
7.172500000000000000e+09,-6.528819256595446063e+01
7.172595000000000000e+09,-6.525023423317610138e+01
7.172690000000000000e+09,-6.526780293248400255e+01
7.172785000000000000e+09,-6.525483691812760867e+01
7.172880000000000000e+09,-6.528164828336345238e+01
7.172975000000000000e+09,-6.527044742240030928e+01
7.173070000000000000e+09,-6.527775354891156212e+01
7.173165000000000000e+09,-6.526757324250104375e+01
7.173260000000000000e+09,-6.525071382304729184e+01
7.173355000000000000e+09,-6.527533043260103796e+01
7.173450000000000000e+09,-6.523401164399814434e+01
7.173545000000000000e+09,-6.525689104352177594e+01
7.173640000000000000e+09,-6.527122721190286825e+01
7.173735000000000000e+09,-6.523905950445718815e+01
7.173830000000000000e+09,-6.526974840603128314e+01
7.173925000000000000e+09,-6.526070690103210836e+01
7.174020000000000000e+09,-6.527771731598004123e+01
7.174115000000000000e+09,-6.526829461485394290e+01
7.174210000000000000e+09,-6.524195267477826121e+01
7.174305000000000000e+09,-6.523640762066214904e+01
7.174400000000000000e+09,-6.525214844839310047e+01
7.174495000000000000e+09,-6.522789651144239542e+01
7.174590000000000000e+09,-6.527058183033933858e+01
7.174685000000000000e+09,-6.525688544007297764e+01
7.174780000000000000e+09,-6.526522665920086297e+01
7.174875000000000000e+09,-6.526487016754499848e+01
7.174970000000000000e+09,-6.526835500770130238e+01
7.175065000000000000e+09,-6.525558472023087120e+01
7.175160000000000000e+09,-6.525947329540359476e+01
7.175255000000000000e+09,-6.525470170649845159e+01
7.175350000000000000e+09,-6.527105743397743254e+01
7.175445000000000000e+09,-6.524784792900805996e+01
7.175540000000000000e+09,-6.527727810736575975e+01
7.175635000000000000e+09,-6.526791024192051793e+01
7.175730000000000000e+09,-6.527671887818610230e+01
7.175825000000000000e+09,-6.527898365912172096e+01
7.175920000000000000e+09,-6.527175737481920237e+01
7.176015000000000000e+09,-6.527678523517255371e+01
7.176110000000000000e+09,-6.524916749595161036e+01
7.176205000000000000e+09,-6.527598958305644317e+01
7.176300000000000000e+09,-6.529274043313347420e+01
7.176395000000000000e+09,-6.527588008016354593e+01
7.176490000000000000e+09,-6.528825816379884373e+01
7.176585000000000000e+09,-6.528719705442006216e+01
7.176680000000000000e+09,-6.529309525301955830e+01
7.176775000000000000e+09,-6.529185610701020437e+01
7.176870000000000000e+09,-6.531470878095393573e+01
7.176965000000000000e+09,-6.527360670177418456e+01
7.177060000000000000e+09,-6.525698473645445574e+01
7.177155000000000000e+09,-6.530131907552265602e+01
7.177250000000000000e+09,-6.532773083208860498e+01
7.177345000000000000e+09,-6.528850953985453032e+01
7.177440000000000000e+09,-6.528688712757413271e+01
7.177535000000000000e+09,-6.532893257539357990e+01
7.177630000000000000e+09,-6.530438262658353210e+01
7.177725000000000000e+09,-6.532821908908444186e+01
7.177820000000000000e+09,-6.530930393768994691e+01
7.177915000000000000e+09,-6.528064375184661117e+01
7.178010000000000000e+09,-6.532214721879422825e+01
7.178105000000000000e+09,-6.529673688475931215e+01
7.178200000000000000e+09,-6.533616157121259960e+01
7.178295000000000000e+09,-6.533327028211922993e+01
7.178390000000000000e+09,-6.534098869856367742e+01
7.178485000000000000e+09,-6.535122604958434067e+01
7.178580000000000000e+09,-6.534027440606539017e+01
7.178675000000000000e+09,-6.533150790394752505e+01
7.178770000000000000e+09,-6.534927742920119442e+01
7.178865000000000000e+09,-6.536194665952433525e+01
7.178960000000000000e+09,-6.533898481506871292e+01
7.179055000000000000e+09,-6.535534385027953874e+01
7.179150000000000000e+09,-6.533008474065134408e+01
7.179245000000000000e+09,-6.535617845399895032e+01
7.179340000000000000e+09,-6.537632830845825538e+01
7.179435000000000000e+09,-6.536234846598711101e+01
7.179530000000000000e+09,-6.538051332174507024e+01
7.179625000000000000e+09,-6.536599928063043308e+01
7.179720000000000000e+09,-6.540643339935206768e+01
7.179815000000000000e+09,-6.540216265640063398e+01
7.179910000000000000e+09,-6.545036264507670865e+01
7.180005000000000000e+09,-6.553345043401392900e+01
7.180100000000000000e+09,-6.581102965569097307e+01
7.180195000000000000e+09,-6.675132226880376152e+01
7.180290000000000000e+09,-7.133792448018098753e+01
7.180385000000000000e+09,-7.110865757291436751e+01
7.180480000000000000e+09,-6.624594297019561395e+01
7.180575000000000000e+09,-6.575939177337795627e+01
7.180670000000000000e+09,-6.559229110358332093e+01
7.180765000000000000e+09,-6.554455149062931696e+01
7.180860000000000000e+09,-6.552888467326189925e+01
7.180955000000000000e+09,-6.551663481542003353e+01
7.181050000000000000e+09,-6.548514897047074612e+01
7.181145000000000000e+09,-6.545576535949982144e+01
7.181240000000000000e+09,-6.544397440179190539e+01
7.181335000000000000e+09,-6.545672820690667493e+01
7.181430000000000000e+09,-6.547739069278236457e+01
7.181525000000000000e+09,-6.545483343787401509e+01
7.181620000000000000e+09,-6.544549782337841748e+01
7.181715000000000000e+09,-6.546798542942670451e+01
7.181810000000000000e+09,-6.541679332434127048e+01
7.181905000000000000e+09,-6.546139781474576580e+01
7.182000000000000000e+09,-6.543664569325363800e+01
7.182095000000000000e+09,-6.543751667001957628e+01
7.182190000000000000e+09,-6.545880510532627738e+01
7.182285000000000000e+09,-6.544753956799218031e+01
7.182380000000000000e+09,-6.545361168647954742e+01
7.182475000000000000e+09,-6.547153195858501817e+01
7.182570000000000000e+09,-6.545889791247955714e+01
7.182665000000000000e+09,-6.542874581595825134e+01
7.182760000000000000e+09,-6.547926255055654110e+01
7.182855000000000000e+09,-6.544494381489781176e+01
7.182950000000000000e+09,-6.543230458954076312e+01
7.183045000000000000e+09,-6.548653539421933090e+01
7.183140000000000000e+09,-6.549926767488970825e+01
7.183235000000000000e+09,-6.547137314844067646e+01
7.183330000000000000e+09,-6.548514102732765707e+01
7.183425000000000000e+09,-6.546282415431252844e+01
7.183520000000000000e+09,-6.546218344107877840e+01
7.183615000000000000e+09,-6.549117311584646473e+01
7.183710000000000000e+09,-6.548831370550868769e+01
7.183805000000000000e+09,-6.548939026787662954e+01
7.183900000000000000e+09,-6.548724291317300583e+01
7.183995000000000000e+09,-6.549962621632504067e+01
7.184090000000000000e+09,-6.549054201063846392e+01
7.184185000000000000e+09,-6.550772479618882471e+01
7.184280000000000000e+09,-6.546926259317616825e+01
7.184375000000000000e+09,-6.546767669908314247e+01
7.184470000000000000e+09,-6.550347354265586830e+01
7.184565000000000000e+09,-6.550512181766011111e+01
7.184660000000000000e+09,-6.550150388053009465e+01
7.184755000000000000e+09,-6.551408715225151980e+01
7.184850000000000000e+09,-6.551021568362278913e+01
7.184945000000000000e+09,-6.548629153343347298e+01
7.185040000000000000e+09,-6.548734163611734971e+01
7.185135000000000000e+09,-6.549621467744262304e+01
7.185230000000000000e+09,-6.552863644681404764e+01
7.185325000000000000e+09,-6.549420228843540315e+01
7.185420000000000000e+09,-6.550580947530831111e+01
7.185515000000000000e+09,-6.549547435749607871e+01
7.185610000000000000e+09,-6.551569763961286696e+01
7.185705000000000000e+09,-6.549470697193243041e+01
7.185800000000000000e+09,-6.550103113147730483e+01
7.185895000000000000e+09,-6.551686144651911547e+01
7.185990000000000000e+09,-6.550196869257979415e+01
7.186085000000000000e+09,-6.547679637668609587e+01
7.186180000000000000e+09,-6.553287457137759020e+01
7.186275000000000000e+09,-6.551638917968828935e+01
7.186370000000000000e+09,-6.548395612649132147e+01
7.186465000000000000e+09,-6.550927449869087127e+01
7.186560000000000000e+09,-6.549650786423056559e+01
7.186655000000000000e+09,-6.551281944074840169e+01
7.186750000000000000e+09,-6.552359199116936850e+01
7.186845000000000000e+09,-6.549515795878463109e+01
7.186940000000000000e+09,-6.552396432783066871e+01
7.187035000000000000e+09,-6.548152393578475028e+01
7.187130000000000000e+09,-6.552326193688135447e+01
7.187225000000000000e+09,-6.551315104495078856e+01
7.187320000000000000e+09,-6.550305021151598339e+01
7.187415000000000000e+09,-6.550930077650021133e+01
7.187510000000000000e+09,-6.550903176925490357e+01
7.187605000000000000e+09,-6.549051340752923522e+01
7.187700000000000000e+09,-6.551445018287762423e+01
7.187795000000000000e+09,-6.550082083056256010e+01
7.187890000000000000e+09,-6.551424186912979053e+01
7.187985000000000000e+09,-6.553806640373423420e+01
7.188080000000000000e+09,-6.549058668502394198e+01
7.188175000000000000e+09,-6.552885656354858668e+01
7.188270000000000000e+09,-6.550962909213602359e+01
7.188365000000000000e+09,-6.551349490978046219e+01
7.188460000000000000e+09,-6.548898871960001600e+01
7.188555000000000000e+09,-6.550605232121741039e+01
7.188650000000000000e+09,-6.551048443506289232e+01
7.188745000000000000e+09,-6.549048885003470843e+01
7.188840000000000000e+09,-6.551314282589862614e+01
7.188935000000000000e+09,-6.549699786205751195e+01
7.189030000000000000e+09,-6.552142947426406749e+01
7.189125000000000000e+09,-6.552008616573301936e+01
7.189220000000000000e+09,-6.553999622655237545e+01
7.189315000000000000e+09,-6.550781719856482255e+01
7.189410000000000000e+09,-6.549144062891851092e+01
7.189505000000000000e+09,-6.553541181259720361e+01
7.189600000000000000e+09,-6.553442261902910104e+01
7.189695000000000000e+09,-6.550222461125511586e+01
7.189790000000000000e+09,-6.550391957059869696e+01
7.189885000000000000e+09,-6.549339346699387931e+01
7.189980000000000000e+09,-6.551065274033064156e+01
7.190075000000000000e+09,-6.551554970075382300e+01
7.190170000000000000e+09,-6.551683339602604406e+01
7.190265000000000000e+09,-6.550354481839470111e+01
7.190360000000000000e+09,-6.550910519557251632e+01
7.190455000000000000e+09,-6.551817473871732034e+01
7.190550000000000000e+09,-6.554631979262643426e+01
7.190645000000000000e+09,-6.553228018517378928e+01
7.190740000000000000e+09,-6.554519392340499451e+01
7.190835000000000000e+09,-6.549487951238313599e+01
7.190930000000000000e+09,-6.550226413115581181e+01
7.191025000000000000e+09,-6.553289207413277495e+01
7.191120000000000000e+09,-6.551992582419498490e+01
7.191215000000000000e+09,-6.553591696003940115e+01
7.191310000000000000e+09,-6.550484750123702327e+01
7.191405000000000000e+09,-6.551889189624048981e+01
7.191500000000000000e+09,-6.553670568124462648e+01
7.191595000000000000e+09,-6.551221594401182813e+01
7.191690000000000000e+09,-6.552573680816973933e+01
7.191785000000000000e+09,-6.552347607333675228e+01
7.191880000000000000e+09,-6.552183588211354959e+01
7.191975000000000000e+09,-6.549984346338077046e+01
7.192070000000000000e+09,-6.550589556690532334e+01
7.192165000000000000e+09,-6.552779089305657578e+01
7.192260000000000000e+09,-6.549372060518922467e+01
7.192355000000000000e+09,-6.551548094049424265e+01
7.192450000000000000e+09,-6.550089294793453121e+01
7.192545000000000000e+09,-6.554018939638250174e+01
7.192640000000000000e+09,-6.551391617331866257e+01
7.192735000000000000e+09,-6.552443153247858731e+01
7.192830000000000000e+09,-6.550034775246365371e+01
7.192925000000000000e+09,-6.550710424156407896e+01
7.193020000000000000e+09,-6.552329561556399540e+01
7.193115000000000000e+09,-6.553995655008856147e+01
7.193210000000000000e+09,-6.552085017289438440e+01
7.193305000000000000e+09,-6.553684336167434310e+01
7.193400000000000000e+09,-6.554017567296936875e+01
7.193495000000000000e+09,-6.551420947358242586e+01
7.193590000000000000e+09,-6.549605321144636605e+01
7.193685000000000000e+09,-6.553708403687770101e+01
7.193780000000000000e+09,-6.553870372895075036e+01
7.193875000000000000e+09,-6.552736901737340247e+01
7.193970000000000000e+09,-6.553997020675487306e+01
7.194065000000000000e+09,-6.552006147611973574e+01
7.194160000000000000e+09,-6.552132194024372325e+01
7.194255000000000000e+09,-6.555723142599764230e+01
7.194350000000000000e+09,-6.553119937799347383e+01
7.194445000000000000e+09,-6.553399697775651589e+01
7.194540000000000000e+09,-6.555839662797095002e+01
7.194635000000000000e+09,-6.556263289902983615e+01
7.194730000000000000e+09,-6.553040126535877619e+01
7.194825000000000000e+09,-6.553731344106140000e+01
7.194920000000000000e+09,-6.553235994071826553e+01
7.195015000000000000e+09,-6.555906801452124455e+01
7.195110000000000000e+09,-6.554330507435552988e+01
7.195205000000000000e+09,-6.554083358410885296e+01
7.195300000000000000e+09,-6.554328581828923461e+01
7.195395000000000000e+09,-6.555821468084216974e+01
7.195490000000000000e+09,-6.556916829515191125e+01
7.195585000000000000e+09,-6.554389033555324318e+01
7.195680000000000000e+09,-6.556579928948960401e+01
7.195775000000000000e+09,-6.556569775747730944e+01
7.195870000000000000e+09,-6.554213902775687473e+01
7.195965000000000000e+09,-6.555400933877355385e+01
7.196060000000000000e+09,-6.553251658586509620e+01
7.196155000000000000e+09,-6.555992678079897473e+01
7.196250000000000000e+09,-6.553954842961702809e+01
7.196345000000000000e+09,-6.555262442366277753e+01
7.196440000000000000e+09,-6.555664998323427994e+01
7.196535000000000000e+09,-6.558584756583306330e+01
7.196630000000000000e+09,-6.557281749499421153e+01
7.196725000000000000e+09,-6.554769155078508902e+01
7.196820000000000000e+09,-6.554986788482736415e+01
7.196915000000000000e+09,-6.560790530983359758e+01
7.197010000000000000e+09,-6.555076128161908855e+01
7.197105000000000000e+09,-6.558383446736752376e+01
7.197200000000000000e+09,-6.553612113749139212e+01
7.197295000000000000e+09,-6.560350141628626375e+01
7.197390000000000000e+09,-6.556290581974097620e+01
7.197485000000000000e+09,-6.557760895277667146e+01
7.197580000000000000e+09,-6.560048865463446077e+01
7.197675000000000000e+09,-6.556898478528006535e+01
7.197770000000000000e+09,-6.559414204010872140e+01
7.197865000000000000e+09,-6.554218188691154978e+01
7.197960000000000000e+09,-6.557874592980726902e+01
7.198055000000000000e+09,-6.557237458208862790e+01
7.198150000000000000e+09,-6.559123416814591678e+01
7.198245000000000000e+09,-6.558759544377923589e+01
7.198340000000000000e+09,-6.556741883404430382e+01
7.198435000000000000e+09,-6.558575996900897565e+01
7.198530000000000000e+09,-6.559142746459373541e+01
7.198625000000000000e+09,-6.558803286032595281e+01
7.198720000000000000e+09,-6.559512777711091758e+01
7.198815000000000000e+09,-6.560772732749560987e+01
7.198910000000000000e+09,-6.561447357294721883e+01
7.199005000000000000e+09,-6.561886614917335692e+01
7.199100000000000000e+09,-6.558954847733529903e+01
7.199195000000000000e+09,-6.558138922024039630e+01
7.199290000000000000e+09,-6.558582456244118930e+01
7.199385000000000000e+09,-6.562559191555693872e+01
7.199480000000000000e+09,-6.562713220258078195e+01
7.199575000000000000e+09,-6.558875573032284478e+01
7.199670000000000000e+09,-6.559874689145352988e+01
7.199765000000000000e+09,-6.560820528336056157e+01
7.199860000000000000e+09,-6.558221310295492401e+01
7.199955000000000000e+09,-6.559073076296343174e+01
7.200050000000000000e+09,-6.559896644866709892e+01
7.200145000000000000e+09,-6.560057264864883564e+01
7.200240000000000000e+09,-6.562837437657384498e+01
7.200335000000000000e+09,-6.559451809657301169e+01
7.200430000000000000e+09,-6.561888738031643697e+01
7.200525000000000000e+09,-6.556290176504103329e+01
7.200620000000000000e+09,-6.562539244347638601e+01
7.200715000000000000e+09,-6.560634451951182200e+01
7.200810000000000000e+09,-6.562581650771923591e+01
7.200905000000000000e+09,-6.561555279703623000e+01
7.201000000000000000e+09,-6.562306013888370160e+01
7.201095000000000000e+09,-6.562299937125085592e+01
7.201190000000000000e+09,-6.559868858403062575e+01
7.201285000000000000e+09,-6.559424958506082248e+01
7.201380000000000000e+09,-6.561551568146278157e+01
7.201475000000000000e+09,-6.561400641647847465e+01
7.201570000000000000e+09,-6.558735916752148398e+01
7.201665000000000000e+09,-6.561956285561215907e+01
7.201760000000000000e+09,-6.563880394862960088e+01
7.201855000000000000e+09,-6.560756880579216954e+01
7.201950000000000000e+09,-6.562925019568874063e+01
7.202045000000000000e+09,-6.559481737471202223e+01
7.202140000000000000e+09,-6.562090938304386611e+01
7.202235000000000000e+09,-6.561513853318065514e+01
7.202330000000000000e+09,-6.562474589211799980e+01
7.202425000000000000e+09,-6.560533375402661704e+01
7.202520000000000000e+09,-6.559964196539935699e+01
7.202615000000000000e+09,-6.560558478659862658e+01
7.202710000000000000e+09,-6.561891591927593481e+01
7.202805000000000000e+09,-6.558633393417322566e+01
7.202900000000000000e+09,-6.561074184607544169e+01
7.202995000000000000e+09,-6.561028809992410515e+01
7.203090000000000000e+09,-6.560846018793134249e+01
7.203185000000000000e+09,-6.560497105965524156e+01
7.203280000000000000e+09,-6.560774204848173952e+01
7.203375000000000000e+09,-6.562047881994318743e+01
7.203470000000000000e+09,-6.561566895703548141e+01
7.203565000000000000e+09,-6.561248595209497125e+01
7.203660000000000000e+09,-6.559363679535734093e+01
7.203755000000000000e+09,-6.561101965704929739e+01
7.203850000000000000e+09,-6.560267272335026689e+01
7.203945000000000000e+09,-6.561716524578626775e+01
7.204040000000000000e+09,-6.559058056181137886e+01
7.204135000000000000e+09,-6.564111462959898802e+01
7.204230000000000000e+09,-6.560763726377241767e+01
7.204325000000000000e+09,-6.563503917879208416e+01
7.204420000000000000e+09,-6.563066288572832718e+01
7.204515000000000000e+09,-6.561367227900606736e+01
7.204610000000000000e+09,-6.562337076213360376e+01
7.204705000000000000e+09,-6.561942889069179330e+01
7.204800000000000000e+09,-6.562093773145402054e+01
7.204895000000000000e+09,-6.563878477162438685e+01
7.204990000000000000e+09,-6.564613318111361195e+01
7.205085000000000000e+09,-6.568817883757375853e+01
7.205180000000000000e+09,-6.581007575352936101e+01
7.205275000000000000e+09,-6.621770529907155378e+01
7.205370000000000000e+09,-6.788970264558454915e+01
7.205465000000000000e+09,-7.922182321006869188e+01
7.205560000000000000e+09,-6.876163164268683659e+01
7.205655000000000000e+09,-6.645776775224709354e+01
7.205750000000000000e+09,-6.608005297933958389e+01
7.205845000000000000e+09,-6.592315939642959677e+01
7.205940000000000000e+09,-6.585862513857804856e+01
7.206035000000000000e+09,-6.579633669232958937e+01
7.206130000000000000e+09,-6.577097047849518674e+01
7.206225000000000000e+09,-6.574918624525454902e+01
7.206320000000000000e+09,-6.573637842403883269e+01
7.206415000000000000e+09,-6.569124484301039502e+01
7.206510000000000000e+09,-6.567742059779413921e+01
7.206605000000000000e+09,-6.571617318186727630e+01
7.206700000000000000e+09,-6.566629168211343881e+01
7.206795000000000000e+09,-6.566229248974076427e+01
7.206890000000000000e+09,-6.568019762290369101e+01
7.206985000000000000e+09,-6.566729429894584769e+01
7.207080000000000000e+09,-6.569131056446879313e+01
7.207175000000000000e+09,-6.566560983711597999e+01
7.207270000000000000e+09,-6.566682540293194847e+01
7.207365000000000000e+09,-6.564733367087706029e+01
7.207460000000000000e+09,-6.562734949617650670e+01
7.207555000000000000e+09,-6.568363818450069402e+01
7.207650000000000000e+09,-6.565651948499835555e+01
7.207745000000000000e+09,-6.563965708950780709e+01
7.207840000000000000e+09,-6.564940367859756520e+01
7.207935000000000000e+09,-6.563841268743711055e+01
7.208030000000000000e+09,-6.564867281679509858e+01
7.208125000000000000e+09,-6.563910304577902366e+01
7.208220000000000000e+09,-6.564014912809392399e+01
7.208315000000000000e+09,-6.563519694426004492e+01
7.208410000000000000e+09,-6.563912598952636301e+01
7.208505000000000000e+09,-6.562190057613190675e+01
7.208600000000000000e+09,-6.561350601167450236e+01
7.208695000000000000e+09,-6.564776403656320269e+01
7.208790000000000000e+09,-6.565945939578556079e+01
7.208885000000000000e+09,-6.562703388617926237e+01
7.208980000000000000e+09,-6.564605420305495898e+01
7.209075000000000000e+09,-6.562478872053682721e+01
7.209170000000000000e+09,-6.561396454898211061e+01
7.209265000000000000e+09,-6.560430889085947115e+01
7.209360000000000000e+09,-6.560922340786679285e+01
7.209455000000000000e+09,-6.564455699814952538e+01
7.209550000000000000e+09,-6.564580040350213608e+01
7.209645000000000000e+09,-6.560789002876936138e+01
7.209740000000000000e+09,-6.566805778140604843e+01
7.209835000000000000e+09,-6.563113991237953826e+01
7.209930000000000000e+09,-6.562767839255539570e+01
7.210025000000000000e+09,-6.563806803905131915e+01
7.210120000000000000e+09,-6.561871682827114682e+01
7.210215000000000000e+09,-6.561738753727466644e+01
7.210310000000000000e+09,-6.561460915362364688e+01
7.210405000000000000e+09,-6.562182044572882944e+01
7.210500000000000000e+09,-6.560766461641493663e+01
7.210595000000000000e+09,-6.563504145017242308e+01
7.210690000000000000e+09,-6.558954272253916429e+01
7.210785000000000000e+09,-6.562865449011565033e+01
7.210880000000000000e+09,-6.563558477192889029e+01
7.210975000000000000e+09,-6.560816276966109228e+01
7.211070000000000000e+09,-6.564546019166762392e+01
7.211165000000000000e+09,-6.562618442321912937e+01
7.211260000000000000e+09,-6.566066225924311084e+01
7.211355000000000000e+09,-6.562873939543241875e+01
7.211450000000000000e+09,-6.565360827252142428e+01
7.211545000000000000e+09,-6.566094868227287407e+01
7.211640000000000000e+09,-6.562876071697694158e+01
7.211735000000000000e+09,-6.563287869552631548e+01
7.211830000000000000e+09,-6.564589390279742531e+01
7.211925000000000000e+09,-6.561950441398855105e+01
7.212020000000000000e+09,-6.565712068871116003e+01
7.212115000000000000e+09,-6.561304965914145271e+01
7.212210000000000000e+09,-6.563029164342285071e+01
7.212305000000000000e+09,-6.564999305214463732e+01
7.212400000000000000e+09,-6.564027136317767486e+01
7.212495000000000000e+09,-6.562102859161734614e+01
7.212590000000000000e+09,-6.565605516044672640e+01
7.212685000000000000e+09,-6.563134927864604151e+01
7.212780000000000000e+09,-6.561121033532926106e+01
7.212875000000000000e+09,-6.564768732394834672e+01
7.212970000000000000e+09,-6.568826767799504296e+01
7.213065000000000000e+09,-6.564230465931379399e+01
7.213160000000000000e+09,-6.564730409926480093e+01
7.213255000000000000e+09,-6.564746302738878114e+01
7.213350000000000000e+09,-6.564671724259325458e+01
7.213445000000000000e+09,-6.563762837067503142e+01
7.213540000000000000e+09,-6.566268491676606800e+01
7.213635000000000000e+09,-6.562506481283456594e+01
7.213730000000000000e+09,-6.564246117918384016e+01
7.213825000000000000e+09,-6.565946052346147610e+01
7.213920000000000000e+09,-6.568449895914055503e+01
7.214015000000000000e+09,-6.566622390022335765e+01
7.214110000000000000e+09,-6.566867588425682811e+01
7.214205000000000000e+09,-6.566448097932970995e+01
7.214300000000000000e+09,-6.565495593411458231e+01
7.214395000000000000e+09,-6.568329165517010892e+01
7.214490000000000000e+09,-6.568611299767337641e+01
7.214585000000000000e+09,-6.565551176169472569e+01
7.214680000000000000e+09,-6.566014830545705649e+01
7.214775000000000000e+09,-6.566930127283191609e+01
7.214870000000000000e+09,-6.569988140809059018e+01
7.214965000000000000e+09,-6.568804252549878697e+01
7.215060000000000000e+09,-6.569196475310528172e+01
7.215155000000000000e+09,-6.568886123785762265e+01
7.215250000000000000e+09,-6.568350389807251588e+01
7.215345000000000000e+09,-6.567238106915128526e+01
7.215440000000000000e+09,-6.569900668614226902e+01
7.215535000000000000e+09,-6.570423983042559257e+01
7.215630000000000000e+09,-6.567848319919745848e+01
7.215725000000000000e+09,-6.568765859003656260e+01
7.215820000000000000e+09,-6.569371919197539000e+01
7.215915000000000000e+09,-6.566321474885269538e+01
7.216010000000000000e+09,-6.566838146584089486e+01
7.216105000000000000e+09,-6.571135185092597908e+01
7.216200000000000000e+09,-6.572302221761069063e+01
7.216295000000000000e+09,-6.569152294298865513e+01
7.216390000000000000e+09,-6.571212380902079531e+01
7.216485000000000000e+09,-6.570286355941749434e+01
7.216580000000000000e+09,-6.571734688897053900e+01
7.216675000000000000e+09,-6.569724858627975550e+01
7.216770000000000000e+09,-6.572704052804689923e+01
7.216865000000000000e+09,-6.573856975585340479e+01
7.216960000000000000e+09,-6.573497018351173438e+01
7.217055000000000000e+09,-6.568444093117892635e+01
7.217150000000000000e+09,-6.572867383790669749e+01
7.217245000000000000e+09,-6.571345728640176276e+01
7.217340000000000000e+09,-6.570196322226372843e+01
7.217435000000000000e+09,-6.576048710529916264e+01
7.217530000000000000e+09,-6.570716642851044753e+01
7.217625000000000000e+09,-6.571626214236596297e+01
7.217720000000000000e+09,-6.573854070170762043e+01
7.217815000000000000e+09,-6.572251532745410429e+01
7.217910000000000000e+09,-6.571237839652542334e+01
7.218005000000000000e+09,-6.572438139803145418e+01
7.218100000000000000e+09,-6.573140878964031231e+01
7.218195000000000000e+09,-6.576372113086409854e+01
7.218290000000000000e+09,-6.573755474588546122e+01
7.218385000000000000e+09,-6.572934292907208942e+01
7.218480000000000000e+09,-6.574269025437322966e+01
7.218575000000000000e+09,-6.574261298430575096e+01
7.218670000000000000e+09,-6.574853225624207198e+01
7.218765000000000000e+09,-6.572660343996054166e+01
7.218860000000000000e+09,-6.574756213520620918e+01
7.218955000000000000e+09,-6.573222645071928127e+01
7.219050000000000000e+09,-6.575573871703208795e+01
7.219145000000000000e+09,-6.577765243040501275e+01
7.219240000000000000e+09,-6.575733313865777063e+01
7.219335000000000000e+09,-6.574411281378571914e+01
7.219430000000000000e+09,-6.576497155941144968e+01
7.219525000000000000e+09,-6.574215270886979567e+01
7.219620000000000000e+09,-6.573143486482950948e+01
7.219715000000000000e+09,-6.573396893989641399e+01
7.219810000000000000e+09,-6.571930172446271001e+01
7.219905000000000000e+09,-6.574637924525059418e+01
7.220000000000000000e+09,-6.573696729988246545e+01
7.220095000000000000e+09,-6.573209327318414807e+01
7.220190000000000000e+09,-6.575429587612808291e+01
7.220285000000000000e+09,-6.574669062314775658e+01
7.220380000000000000e+09,-6.576533552518394288e+01
7.220475000000000000e+09,-6.574681546198583248e+01
7.220570000000000000e+09,-6.572533472929816867e+01
7.220665000000000000e+09,-6.575322249202882574e+01
7.220760000000000000e+09,-6.573676377966398832e+01
7.220855000000000000e+09,-6.574963008815723242e+01
7.220950000000000000e+09,-6.573221643352644605e+01
7.221045000000000000e+09,-6.572658996978097434e+01
7.221140000000000000e+09,-6.576386736127587085e+01
7.221235000000000000e+09,-6.573868501846388313e+01
7.221330000000000000e+09,-6.575736622780738116e+01
7.221425000000000000e+09,-6.575926794401061670e+01
7.221520000000000000e+09,-6.574398042084962412e+01
7.221615000000000000e+09,-6.573889361021814182e+01
7.221710000000000000e+09,-6.578323675401601633e+01
7.221805000000000000e+09,-6.570316656869992755e+01
7.221900000000000000e+09,-6.572612581540569465e+01
7.221995000000000000e+09,-6.576155383790352005e+01
7.222090000000000000e+09,-6.571897473975371895e+01
7.222185000000000000e+09,-6.577025672780037269e+01
7.222280000000000000e+09,-6.572977178458657477e+01
7.222375000000000000e+09,-6.576815785094848366e+01
7.222470000000000000e+09,-6.573235209832817816e+01
7.222565000000000000e+09,-6.574874104611691905e+01
7.222660000000000000e+09,-6.574247761319283256e+01
7.222755000000000000e+09,-6.571084297715360378e+01
7.222850000000000000e+09,-6.572951145857730637e+01
7.222945000000000000e+09,-6.572425283991029232e+01
7.223040000000000000e+09,-6.574311289932403213e+01
7.223135000000000000e+09,-6.573116112658848920e+01
7.223230000000000000e+09,-6.573429819561701493e+01
7.223325000000000000e+09,-6.569844168062319056e+01
7.223420000000000000e+09,-6.573302399732317269e+01
7.223515000000000000e+09,-6.574271958208514377e+01
7.223610000000000000e+09,-6.571055065389158756e+01
7.223705000000000000e+09,-6.574675716995136554e+01
7.223800000000000000e+09,-6.570590646154275305e+01
7.223895000000000000e+09,-6.572332459516344727e+01
7.223990000000000000e+09,-6.571083618370026613e+01
7.224085000000000000e+09,-6.572619423228046287e+01
7.224180000000000000e+09,-6.568802309910685722e+01
7.224275000000000000e+09,-6.571243852226452020e+01
7.224370000000000000e+09,-6.573826136456131053e+01
7.224465000000000000e+09,-6.570009448971029542e+01
7.224560000000000000e+09,-6.570568222938645420e+01
7.224655000000000000e+09,-6.570742415845333539e+01
7.224750000000000000e+09,-6.571699792113263072e+01
7.224845000000000000e+09,-6.569295194951965300e+01
7.224940000000000000e+09,-6.569332271267624890e+01
7.225035000000000000e+09,-6.569989103984400458e+01
7.225130000000000000e+09,-6.568099728083011257e+01
7.225225000000000000e+09,-6.568923624855702315e+01
7.225320000000000000e+09,-6.571893921431468755e+01
7.225415000000000000e+09,-6.571244257247607834e+01
7.225510000000000000e+09,-6.572171815997330668e+01
7.225605000000000000e+09,-6.568305283565230468e+01
7.225700000000000000e+09,-6.568851411965161446e+01
7.225795000000000000e+09,-6.571630783779595220e+01
7.225890000000000000e+09,-6.570021777951914999e+01
7.225985000000000000e+09,-6.568538436381913925e+01
7.226080000000000000e+09,-6.568305232207524114e+01
7.226175000000000000e+09,-6.569745084803392388e+01
7.226270000000000000e+09,-6.566658745160853528e+01
7.226365000000000000e+09,-6.565931251011194547e+01
7.226460000000000000e+09,-6.568556570330815703e+01
7.226555000000000000e+09,-6.568276978535027411e+01
7.226650000000000000e+09,-6.565056550439496164e+01
7.226745000000000000e+09,-6.568122066963626082e+01
7.226840000000000000e+09,-6.570687796080166265e+01
7.226935000000000000e+09,-6.566291449462465835e+01
7.227030000000000000e+09,-6.564918405773110521e+01
7.227125000000000000e+09,-6.566262129384803359e+01
7.227220000000000000e+09,-6.565201302001169381e+01
7.227315000000000000e+09,-6.566956173469668556e+01
7.227410000000000000e+09,-6.564422321495401036e+01
7.227505000000000000e+09,-6.563970087744125692e+01
7.227600000000000000e+09,-6.564926530209008604e+01
7.227695000000000000e+09,-6.566517431845531405e+01
7.227790000000000000e+09,-6.566001928655576592e+01
7.227885000000000000e+09,-6.562128433607959721e+01
7.227980000000000000e+09,-6.564042509309126672e+01
7.228075000000000000e+09,-6.564996883922266591e+01
7.228170000000000000e+09,-6.560232601500034377e+01
7.228265000000000000e+09,-6.561755256365971434e+01
7.228360000000000000e+09,-6.563835855105773476e+01
7.228455000000000000e+09,-6.565900391195847874e+01
7.228550000000000000e+09,-6.566007833708033559e+01
7.228645000000000000e+09,-6.566103018187399698e+01
7.228740000000000000e+09,-6.564798682283245057e+01
7.228835000000000000e+09,-6.574821357182901238e+01
7.228930000000000000e+09,-6.592697701675285771e+01
7.229025000000000000e+09,-6.670296465178199696e+01
7.229120000000000000e+09,-6.995830475488153866e+01
7.229215000000000000e+09,-7.319367335266778696e+01
7.229310000000000000e+09,-6.737365000625017331e+01
7.229405000000000000e+09,-6.636761076433442952e+01
7.229500000000000000e+09,-6.605442069474295863e+01
7.229595000000000000e+09,-6.589375689387723867e+01
7.229690000000000000e+09,-6.585225350105321240e+01
7.229785000000000000e+09,-6.580804210192360415e+01
7.229880000000000000e+09,-6.576773799746071347e+01
7.229975000000000000e+09,-6.575151462683099624e+01
7.230070000000000000e+09,-6.574920620251501191e+01
7.230165000000000000e+09,-6.571917477879790681e+01
7.230260000000000000e+09,-6.569607012784960887e+01
7.230355000000000000e+09,-6.571583888821594144e+01
7.230450000000000000e+09,-6.568785696182126799e+01
7.230545000000000000e+09,-6.570819451042605408e+01
7.230640000000000000e+09,-6.567833658920213225e+01
7.230735000000000000e+09,-6.570486738764377321e+01
7.230830000000000000e+09,-6.570189943666977683e+01
7.230925000000000000e+09,-6.570798812135183198e+01
7.231020000000000000e+09,-6.570531354604773355e+01
7.231115000000000000e+09,-6.567771337984756030e+01
7.231210000000000000e+09,-6.571888227769667878e+01
7.231305000000000000e+09,-6.569993649196815966e+01
7.231400000000000000e+09,-6.572743949535438901e+01
7.231495000000000000e+09,-6.568318566175224760e+01
7.231590000000000000e+09,-6.570056692586051383e+01
7.231685000000000000e+09,-6.568157752272612981e+01
7.231780000000000000e+09,-6.569518029456705221e+01
7.231875000000000000e+09,-6.568928313383514705e+01
7.231970000000000000e+09,-6.568165643232465811e+01
7.232065000000000000e+09,-6.567946944064816250e+01
7.232160000000000000e+09,-6.567270459278505257e+01
7.232255000000000000e+09,-6.569134668828618828e+01
7.232350000000000000e+09,-6.568162010078142998e+01
7.232445000000000000e+09,-6.568986432407410803e+01
7.232540000000000000e+09,-6.567332505995041458e+01
7.232635000000000000e+09,-6.568380745068313331e+01
7.232730000000000000e+09,-6.569510362344007603e+01
7.232825000000000000e+09,-6.569524286500984545e+01
7.232920000000000000e+09,-6.568337748452063352e+01
7.233015000000000000e+09,-6.568559687985853657e+01
7.233110000000000000e+09,-6.567485777845956818e+01
7.233205000000000000e+09,-6.568844462950492868e+01
7.233300000000000000e+09,-6.569313175615275213e+01
7.233395000000000000e+09,-6.570806351103730947e+01
7.233490000000000000e+09,-6.568645201396742550e+01
7.233585000000000000e+09,-6.568818961501233389e+01
7.233680000000000000e+09,-6.567746503331441943e+01
7.233775000000000000e+09,-6.569984873672208892e+01
7.233870000000000000e+09,-6.567456137183023657e+01
7.233965000000000000e+09,-6.568149052120085685e+01
7.234060000000000000e+09,-6.569766887183365611e+01
7.234155000000000000e+09,-6.568364400852976814e+01
7.234250000000000000e+09,-6.568195712091720395e+01
7.234345000000000000e+09,-6.567772238568997523e+01
7.234440000000000000e+09,-6.570825593582938495e+01
7.234535000000000000e+09,-6.570191005796672812e+01
7.234630000000000000e+09,-6.568993800684485507e+01
7.234725000000000000e+09,-6.569380945994916488e+01
7.234820000000000000e+09,-6.568807393773197134e+01
7.234915000000000000e+09,-6.572435094414379364e+01
7.235010000000000000e+09,-6.566101341440186445e+01
7.235105000000000000e+09,-6.566375154381040602e+01
7.235200000000000000e+09,-6.568083766459733397e+01
7.235295000000000000e+09,-6.567829551502296681e+01
7.235390000000000000e+09,-6.566216328640149413e+01
7.235485000000000000e+09,-6.567498659695809238e+01
7.235580000000000000e+09,-6.571238333422977007e+01
7.235675000000000000e+09,-6.567395250367155768e+01
7.235770000000000000e+09,-6.569656368951659431e+01
7.235865000000000000e+09,-6.569516328619931755e+01
7.235960000000000000e+09,-6.567607792782997933e+01
7.236055000000000000e+09,-6.570414683392290556e+01
7.236150000000000000e+09,-6.571578341094671316e+01
7.236245000000000000e+09,-6.570816346364304650e+01
7.236340000000000000e+09,-6.569849399235852161e+01
7.236435000000000000e+09,-6.568220045032633436e+01
7.236530000000000000e+09,-6.571222773295390596e+01
7.236625000000000000e+09,-6.568653831503850427e+01
7.236720000000000000e+09,-6.568985419890096011e+01
7.236815000000000000e+09,-6.569915795986139528e+01
7.236910000000000000e+09,-6.567682667373074423e+01
7.237005000000000000e+09,-6.569161294444188570e+01
7.237100000000000000e+09,-6.570591842127436166e+01
7.237195000000000000e+09,-6.569978095182533195e+01
7.237290000000000000e+09,-6.568429054962689406e+01
7.237385000000000000e+09,-6.567184966123733147e+01
7.237480000000000000e+09,-6.566864342949813249e+01
7.237575000000000000e+09,-6.569286878200725255e+01
7.237670000000000000e+09,-6.567946742478892475e+01
7.237765000000000000e+09,-6.571092871095510191e+01
7.237860000000000000e+09,-6.571610353264100013e+01
7.237955000000000000e+09,-6.569809783272157233e+01
7.238050000000000000e+09,-6.569487352256101076e+01
7.238145000000000000e+09,-6.567359630409713134e+01
7.238240000000000000e+09,-6.568281521667599065e+01
7.238335000000000000e+09,-6.568451415976510077e+01
7.238430000000000000e+09,-6.569710265855151476e+01
7.238525000000000000e+09,-6.566645931691940064e+01
7.238620000000000000e+09,-6.569845721343492073e+01
7.238715000000000000e+09,-6.566437256417181345e+01
7.238810000000000000e+09,-6.568523853460472139e+01
7.238905000000000000e+09,-6.568483839914033240e+01
7.239000000000000000e+09,-6.571539479725865363e+01
7.239095000000000000e+09,-6.568726770779113622e+01
7.239190000000000000e+09,-6.565088208205575881e+01
7.239285000000000000e+09,-6.567838488740621017e+01
7.239380000000000000e+09,-6.566163139126024362e+01
7.239475000000000000e+09,-6.568011714598422657e+01
7.239570000000000000e+09,-6.569718038868175825e+01
7.239665000000000000e+09,-6.565755778892915373e+01
7.239760000000000000e+09,-6.564733274624364867e+01
7.239855000000000000e+09,-6.566138063732243779e+01
7.239950000000000000e+09,-6.565727651317547497e+01
7.240045000000000000e+09,-6.568084112713314937e+01
7.240140000000000000e+09,-6.567187185019379569e+01
7.240235000000000000e+09,-6.565883496011738885e+01
7.240330000000000000e+09,-6.565054431378527511e+01
7.240425000000000000e+09,-6.564867866839452404e+01
7.240520000000000000e+09,-6.566518180789898906e+01
7.240615000000000000e+09,-6.562848913134067175e+01
7.240710000000000000e+09,-6.565960785306509706e+01
7.240805000000000000e+09,-6.562436345906041879e+01
7.240900000000000000e+09,-6.565259824305286429e+01
7.240995000000000000e+09,-6.564765069768147043e+01
7.241090000000000000e+09,-6.563172080603790448e+01
7.241185000000000000e+09,-6.561510883991769560e+01
7.241280000000000000e+09,-6.565450130002002993e+01
7.241375000000000000e+09,-6.564426494273904211e+01
7.241470000000000000e+09,-6.562965835269997683e+01
7.241565000000000000e+09,-6.561672180835026325e+01
7.241660000000000000e+09,-6.561712352745362864e+01
7.241755000000000000e+09,-6.563069076796114132e+01
7.241850000000000000e+09,-6.562736659214624524e+01
7.241945000000000000e+09,-6.561049120923539135e+01
7.242040000000000000e+09,-6.562303856916243205e+01
7.242135000000000000e+09,-6.559524544668379065e+01
7.242230000000000000e+09,-6.564671324421183840e+01
7.242325000000000000e+09,-6.561307032841000364e+01
7.242420000000000000e+09,-6.561446564687389582e+01
7.242515000000000000e+09,-6.562225522831010949e+01
7.242610000000000000e+09,-6.559646035096952232e+01
7.242705000000000000e+09,-6.558100272627847005e+01
7.242800000000000000e+09,-6.559166069957340994e+01
7.242895000000000000e+09,-6.559774508772147783e+01
7.242990000000000000e+09,-6.557116943687616128e+01
7.243085000000000000e+09,-6.560753136424226284e+01
7.243180000000000000e+09,-6.559713440880327084e+01
7.243275000000000000e+09,-6.558244332153572032e+01
7.243370000000000000e+09,-6.558267613345597624e+01
7.243465000000000000e+09,-6.560686993481589013e+01
7.243560000000000000e+09,-6.558834282189948794e+01
7.243655000000000000e+09,-6.555301403138147975e+01
7.243750000000000000e+09,-6.557982374038645901e+01
7.243845000000000000e+09,-6.555762567485183467e+01
7.243940000000000000e+09,-6.556610242762745600e+01
7.244035000000000000e+09,-6.557622958616197195e+01
7.244130000000000000e+09,-6.555648702921969573e+01
7.244225000000000000e+09,-6.555044792804298481e+01
7.244320000000000000e+09,-6.556639686369562980e+01
7.244415000000000000e+09,-6.556282848078521397e+01
7.244510000000000000e+09,-6.559960224759988989e+01
7.244605000000000000e+09,-6.556858317966442939e+01
7.244700000000000000e+09,-6.559143601814311353e+01
7.244795000000000000e+09,-6.554728785015217341e+01
7.244890000000000000e+09,-6.553829506667393900e+01
7.244985000000000000e+09,-6.552644009670621017e+01
7.245080000000000000e+09,-6.553672073157503064e+01
7.245175000000000000e+09,-6.553949768825734168e+01
7.245270000000000000e+09,-6.556198477993847007e+01
7.245365000000000000e+09,-6.552086339833880402e+01
7.245460000000000000e+09,-6.553540032738717969e+01
7.245555000000000000e+09,-6.556306551983095687e+01
7.245650000000000000e+09,-6.554589064179633340e+01
7.245745000000000000e+09,-6.554991162393348247e+01
7.245840000000000000e+09,-6.551429283819177840e+01
7.245935000000000000e+09,-6.555237446274402657e+01
7.246030000000000000e+09,-6.556042668165582654e+01
7.246125000000000000e+09,-6.550398295360119505e+01
7.246220000000000000e+09,-6.554104360348860325e+01
7.246315000000000000e+09,-6.554839599998071265e+01
7.246410000000000000e+09,-6.553448855328140610e+01
7.246505000000000000e+09,-6.553387636831413943e+01
7.246600000000000000e+09,-6.550210404124771912e+01
7.246695000000000000e+09,-6.555320541448962501e+01
7.246790000000000000e+09,-6.554737155294594686e+01
7.246885000000000000e+09,-6.555278794496545913e+01
7.246980000000000000e+09,-6.551714667546245607e+01
7.247075000000000000e+09,-6.555639709617645394e+01
7.247170000000000000e+09,-6.554253109414659662e+01
7.247265000000000000e+09,-6.552385347346961453e+01
7.247360000000000000e+09,-6.554637693076853111e+01
7.247455000000000000e+09,-6.554170795949519857e+01
7.247550000000000000e+09,-6.551754739484542256e+01
7.247645000000000000e+09,-6.552473119700553639e+01
7.247740000000000000e+09,-6.554534413283440131e+01
7.247835000000000000e+09,-6.553634526215891754e+01
7.247930000000000000e+09,-6.551895323021953743e+01
7.248025000000000000e+09,-6.554112641589973975e+01
7.248120000000000000e+09,-6.553578380233207668e+01
7.248215000000000000e+09,-6.553064683127514911e+01
7.248310000000000000e+09,-6.556273896164155701e+01
7.248405000000000000e+09,-6.556516431811284917e+01
7.248500000000000000e+09,-6.556580836251355038e+01
7.248595000000000000e+09,-6.555004593279542746e+01
7.248690000000000000e+09,-6.554622284823616951e+01
7.248785000000000000e+09,-6.555228433394374576e+01
7.248880000000000000e+09,-6.553862421363666613e+01
7.248975000000000000e+09,-6.553538366645281599e+01
7.249070000000000000e+09,-6.552462711803063655e+01
7.249165000000000000e+09,-6.556902930698647936e+01
7.249260000000000000e+09,-6.552366886400585599e+01
7.249355000000000000e+09,-6.555424898835552483e+01
7.249450000000000000e+09,-6.555336456393716560e+01
7.249545000000000000e+09,-6.556993859259756618e+01
7.249640000000000000e+09,-6.557856073263961605e+01
7.249735000000000000e+09,-6.556871007468156165e+01
7.249830000000000000e+09,-6.557606143360403905e+01
7.249925000000000000e+09,-6.558411604260268746e+01
7.250020000000000000e+09,-6.560287871617742894e+01
7.250115000000000000e+09,-6.558510401569921555e+01
7.250210000000000000e+09,-6.558652515004351358e+01
7.250305000000000000e+09,-6.558746479575147248e+01
7.250400000000000000e+09,-6.557044248143172638e+01
7.250495000000000000e+09,-6.561567984953738630e+01
7.250590000000000000e+09,-6.556877943467146963e+01
7.250685000000000000e+09,-6.555667395557171062e+01
7.250780000000000000e+09,-6.560455859285541180e+01
7.250875000000000000e+09,-6.560491469153087962e+01
7.250970000000000000e+09,-6.562103153185137216e+01
7.251065000000000000e+09,-6.559944849791769172e+01
7.251160000000000000e+09,-6.561926805026104148e+01
7.251255000000000000e+09,-6.561896139996139254e+01
7.251350000000000000e+09,-6.562649205507912598e+01
7.251445000000000000e+09,-6.564034372598192135e+01
7.251540000000000000e+09,-6.565864137712570425e+01
7.251635000000000000e+09,-6.562583122858610807e+01
7.251730000000000000e+09,-6.563982596860950025e+01
7.251825000000000000e+09,-6.563474301857624482e+01
7.251920000000000000e+09,-6.562743600154564660e+01
7.252015000000000000e+09,-6.564001069679964928e+01
7.252110000000000000e+09,-6.565357074274659510e+01
7.252205000000000000e+09,-6.565519346338348328e+01
7.252300000000000000e+09,-6.563360991501764374e+01
7.252395000000000000e+09,-6.563749248347757259e+01
7.252490000000000000e+09,-6.563012201907878307e+01
7.252585000000000000e+09,-6.567000938955416700e+01
7.252680000000000000e+09,-6.567502157283760766e+01
7.252775000000000000e+09,-6.563121684810550960e+01
7.252870000000000000e+09,-6.563733724680948001e+01
7.252965000000000000e+09,-6.565922143018948987e+01
7.253060000000000000e+09,-6.569084587897630456e+01
7.253155000000000000e+09,-6.567745239621805808e+01
7.253250000000000000e+09,-6.566271850607822103e+01
7.253345000000000000e+09,-6.568808998626654727e+01
7.253440000000000000e+09,-6.570110965148694504e+01
7.253535000000000000e+09,-6.568898510729161444e+01
7.253630000000000000e+09,-6.566539767482508694e+01
7.253725000000000000e+09,-6.566901760277377775e+01
7.253820000000000000e+09,-6.569387173598114771e+01
7.253915000000000000e+09,-6.569071550540371618e+01
7.254010000000000000e+09,-6.566801430914408400e+01
7.254105000000000000e+09,-6.573680288157393647e+01
7.254200000000000000e+09,-6.570712032047066486e+01
7.254295000000000000e+09,-6.570813394800100582e+01
7.254390000000000000e+09,-6.570852461759909602e+01
7.254485000000000000e+09,-6.569966043375789866e+01
7.254580000000000000e+09,-6.571782378398516755e+01
7.254675000000000000e+09,-6.572108293289775816e+01
7.254770000000000000e+09,-6.571068095803043718e+01
7.254865000000000000e+09,-6.574057932931020787e+01
7.254960000000000000e+09,-6.572338874072929116e+01
7.255055000000000000e+09,-6.572851160826465389e+01
7.255150000000000000e+09,-6.571809729912411058e+01
7.255245000000000000e+09,-6.575234898826064978e+01
7.255340000000000000e+09,-6.569480126291000488e+01
7.255435000000000000e+09,-6.570912442860148417e+01
7.255530000000000000e+09,-6.575282860416582764e+01
7.255625000000000000e+09,-6.571421519980756898e+01
7.255720000000000000e+09,-6.572887356772069722e+01
7.255815000000000000e+09,-6.573649419630538659e+01
7.255910000000000000e+09,-6.576119905799446030e+01
7.256005000000000000e+09,-6.574601583911730529e+01
7.256100000000000000e+09,-6.572568293520529892e+01
7.256195000000000000e+09,-6.574938065197389392e+01
7.256290000000000000e+09,-6.573805956521015048e+01
7.256385000000000000e+09,-6.577047161787871232e+01
7.256480000000000000e+09,-6.574594594966576722e+01
7.256575000000000000e+09,-6.572192101903149819e+01
7.256670000000000000e+09,-6.573995528050011217e+01
7.256765000000000000e+09,-6.576211495720494327e+01
7.256860000000000000e+09,-6.570082829099121113e+01
7.256955000000000000e+09,-6.578046053938027171e+01
7.257050000000000000e+09,-6.573383654986710667e+01
7.257145000000000000e+09,-6.571720483201474394e+01
7.257240000000000000e+09,-6.574988568613116513e+01
7.257335000000000000e+09,-6.576671625870405080e+01
7.257430000000000000e+09,-6.574892255261113405e+01
7.257525000000000000e+09,-6.574419701553173923e+01
7.257620000000000000e+09,-6.574973773628011031e+01
7.257715000000000000e+09,-6.571401160118125517e+01
7.257810000000000000e+09,-6.577045044666695617e+01
7.257905000000000000e+09,-6.579517083425473345e+01
7.258000000000000000e+09,-6.573678220419544971e+01
7.258095000000000000e+09,-6.572989014230577709e+01
7.258190000000000000e+09,-6.573082702351098305e+01
7.258285000000000000e+09,-6.575050896074480988e+01
7.258380000000000000e+09,-6.573238939235157829e+01
7.258475000000000000e+09,-6.572895120334364094e+01
7.258570000000000000e+09,-6.573143832965941158e+01
7.258665000000000000e+09,-6.570137778882806856e+01
7.258760000000000000e+09,-6.573849176221459345e+01
7.258855000000000000e+09,-6.577199974151065476e+01
7.258950000000000000e+09,-6.572152244160054124e+01
7.259045000000000000e+09,-6.571280373677322473e+01
7.259140000000000000e+09,-6.573917312629399134e+01
7.259235000000000000e+09,-6.573125491481471272e+01
7.259330000000000000e+09,-6.574006849687422971e+01
7.259425000000000000e+09,-6.572782235789506444e+01
7.259520000000000000e+09,-6.571967162371470295e+01
7.259615000000000000e+09,-6.571907481913336824e+01
7.259710000000000000e+09,-6.574286832182440321e+01
7.259805000000000000e+09,-6.571050089565085273e+01
7.259900000000000000e+09,-6.574291256422282004e+01
7.259995000000000000e+09,-6.570561252145610354e+01
7.260090000000000000e+09,-6.572502319897756706e+01
7.260185000000000000e+09,-6.571081689171097651e+01
7.260280000000000000e+09,-6.568487188051085468e+01
7.260375000000000000e+09,-6.571991571921630282e+01
7.260470000000000000e+09,-6.570944624849065008e+01
7.260565000000000000e+09,-6.574334275349394829e+01
7.260660000000000000e+09,-6.585968551459215803e+01
7.260755000000000000e+09,-6.640765234904603176e+01
7.260850000000000000e+09,-6.902995849521983018e+01
7.260945000000000000e+09,-7.727376213207352862e+01
7.261040000000000000e+09,-6.818179758229359777e+01
7.261135000000000000e+09,-6.663719810920022724e+01
7.261230000000000000e+09,-6.625155230922783289e+01
7.261325000000000000e+09,-6.609189359014128229e+01
7.261420000000000000e+09,-6.596768947920952542e+01
7.261515000000000000e+09,-6.585252383229263273e+01
7.261610000000000000e+09,-6.582538354094010913e+01
7.261705000000000000e+09,-6.578419718970374674e+01
7.261800000000000000e+09,-6.579544459991723215e+01
7.261895000000000000e+09,-6.576509138979862712e+01
7.261990000000000000e+09,-6.574372286539605170e+01
7.262085000000000000e+09,-6.575350097343870459e+01
7.262180000000000000e+09,-6.571552601233476310e+01
7.262275000000000000e+09,-6.570875944305268490e+01
7.262370000000000000e+09,-6.569400429118753948e+01
7.262465000000000000e+09,-6.570996326383237829e+01
7.262560000000000000e+09,-6.571308127354035378e+01
7.262655000000000000e+09,-6.569138560310810249e+01
7.262750000000000000e+09,-6.566945685925151110e+01
7.262845000000000000e+09,-6.568851753451711772e+01
7.262940000000000000e+09,-6.565393013051448179e+01
7.263035000000000000e+09,-6.570515126852264132e+01
7.263130000000000000e+09,-6.567096254770410724e+01
7.263225000000000000e+09,-6.570591354775557136e+01
7.263320000000000000e+09,-6.570183998241047618e+01
7.263415000000000000e+09,-6.567719743124379761e+01
7.263510000000000000e+09,-6.567797309614736889e+01
7.263605000000000000e+09,-6.564845934287406237e+01
7.263700000000000000e+09,-6.567850895284482249e+01
7.263795000000000000e+09,-6.564972377007521231e+01
7.263890000000000000e+09,-6.564884926689830991e+01
7.263985000000000000e+09,-6.562004684159884960e+01
7.264080000000000000e+09,-6.565531274837509557e+01
7.264175000000000000e+09,-6.567703486444536054e+01
7.264270000000000000e+09,-6.562687011922841407e+01
7.264365000000000000e+09,-6.563376389088938367e+01
7.264460000000000000e+09,-6.561981241512742713e+01
7.264555000000000000e+09,-6.563352129759084619e+01
7.264650000000000000e+09,-6.561548212769956478e+01
7.264745000000000000e+09,-6.561609793939125268e+01
7.264840000000000000e+09,-6.561220242633824284e+01
7.264935000000000000e+09,-6.562945601273284524e+01
7.265030000000000000e+09,-6.563518182613120189e+01
7.265125000000000000e+09,-6.561486724525279612e+01
7.265220000000000000e+09,-6.562537741260265989e+01
7.265315000000000000e+09,-6.557427970677423446e+01
7.265410000000000000e+09,-6.562128335795166834e+01
7.265505000000000000e+09,-6.560913572061511445e+01
7.265600000000000000e+09,-6.563014155687726259e+01
7.265695000000000000e+09,-6.561256875607300287e+01
7.265790000000000000e+09,-6.563835263559391819e+01
7.265885000000000000e+09,-6.562481951252756573e+01
7.265980000000000000e+09,-6.563070519408003634e+01
7.266075000000000000e+09,-6.558862460232028013e+01
7.266170000000000000e+09,-6.562175148686958437e+01
7.266265000000000000e+09,-6.560751133024561454e+01
7.266360000000000000e+09,-6.562254918175246132e+01
7.266455000000000000e+09,-6.559988878648975685e+01
7.266550000000000000e+09,-6.558658831552538970e+01
7.266645000000000000e+09,-6.562264713679559236e+01
7.266740000000000000e+09,-6.560475223313055437e+01
7.266835000000000000e+09,-6.558228783489239788e+01
7.266930000000000000e+09,-6.558094109427158003e+01
7.267025000000000000e+09,-6.560063632981872672e+01
7.267120000000000000e+09,-6.561427295043242225e+01
7.267215000000000000e+09,-6.560178378311401559e+01
7.267310000000000000e+09,-6.561940545992291618e+01
7.267405000000000000e+09,-6.559818457458958108e+01
7.267500000000000000e+09,-6.561169864657669848e+01
7.267595000000000000e+09,-6.561280365466751618e+01
7.267690000000000000e+09,-6.560754348626916510e+01
7.267785000000000000e+09,-6.562177976679544145e+01
7.267880000000000000e+09,-6.560289051491108125e+01
7.267975000000000000e+09,-6.561953566211630573e+01
7.268070000000000000e+09,-6.561452854897390807e+01
7.268165000000000000e+09,-6.561009244750728442e+01
7.268260000000000000e+09,-6.560370156822538945e+01
7.268355000000000000e+09,-6.561160820781000780e+01
7.268450000000000000e+09,-6.563052570472409286e+01
7.268545000000000000e+09,-6.562474419593972641e+01
7.268640000000000000e+09,-6.559668342426650156e+01
7.268735000000000000e+09,-6.564335719281692150e+01
7.268830000000000000e+09,-6.562680751500637655e+01
7.268925000000000000e+09,-6.565506165993910770e+01
7.269020000000000000e+09,-6.563896611885536458e+01
7.269115000000000000e+09,-6.564129076852164246e+01
7.269210000000000000e+09,-6.565231611159502734e+01
7.269305000000000000e+09,-6.566523363765577415e+01
7.269400000000000000e+09,-6.565787449563650569e+01
7.269495000000000000e+09,-6.567862064884242557e+01
7.269590000000000000e+09,-6.564958227871392182e+01
7.269685000000000000e+09,-6.567922991930760190e+01
7.269780000000000000e+09,-6.568203347814130666e+01
7.269875000000000000e+09,-6.568409880497335962e+01
7.269970000000000000e+09,-6.569695209193420737e+01
7.270065000000000000e+09,-6.567891598025885003e+01
7.270160000000000000e+09,-6.570674251861183279e+01
7.270255000000000000e+09,-6.566889377940024985e+01
7.270350000000000000e+09,-6.569174376721888109e+01
7.270445000000000000e+09,-6.565534323967645491e+01
7.270540000000000000e+09,-6.569133744963819765e+01
7.270635000000000000e+09,-6.570123733380694375e+01
7.270730000000000000e+09,-6.570748205457915958e+01
7.270825000000000000e+09,-6.574414993878329483e+01
7.270920000000000000e+09,-6.570817114176595908e+01
7.271015000000000000e+09,-6.574344503486310032e+01
7.271110000000000000e+09,-6.572972310820054531e+01
7.271205000000000000e+09,-6.574757274620355929e+01
7.271300000000000000e+09,-6.571879525992146398e+01
7.271395000000000000e+09,-6.569782279909114209e+01
7.271490000000000000e+09,-6.571212630560540902e+01
7.271585000000000000e+09,-6.574095640750390146e+01
7.271680000000000000e+09,-6.579237379410250242e+01
7.271775000000000000e+09,-6.575255354048842094e+01
7.271870000000000000e+09,-6.574792464630598943e+01
7.271965000000000000e+09,-6.577698732378493673e+01
7.272060000000000000e+09,-6.578366591428948595e+01
7.272155000000000000e+09,-6.578099972892118785e+01
7.272250000000000000e+09,-6.577948298016676176e+01
7.272345000000000000e+09,-6.577159586641850808e+01
7.272440000000000000e+09,-6.580343467159256932e+01
7.272535000000000000e+09,-6.579989872824549479e+01
7.272630000000000000e+09,-6.576996334985146575e+01
7.272725000000000000e+09,-6.578049794029324460e+01
7.272820000000000000e+09,-6.581616161714190127e+01
7.272915000000000000e+09,-6.581282655364282164e+01
7.273010000000000000e+09,-6.583979911238644434e+01
7.273105000000000000e+09,-6.580562016213485776e+01
7.273200000000000000e+09,-6.585274187214311326e+01
7.273295000000000000e+09,-6.583106310616300050e+01
7.273390000000000000e+09,-6.583270262049833832e+01
7.273485000000000000e+09,-6.582864879527322444e+01
7.273580000000000000e+09,-6.580075632098403560e+01
7.273675000000000000e+09,-6.582918729431773386e+01
7.273770000000000000e+09,-6.584873512256648098e+01
7.273865000000000000e+09,-6.584353809485341458e+01
7.273960000000000000e+09,-6.586259848189536115e+01
7.274055000000000000e+09,-6.585653127376373561e+01
7.274150000000000000e+09,-6.586160490848780569e+01
7.274245000000000000e+09,-6.586884249753794052e+01
7.274340000000000000e+09,-6.585538237729647904e+01
7.274435000000000000e+09,-6.586678825424738193e+01
7.274530000000000000e+09,-6.586263049916868795e+01
7.274625000000000000e+09,-6.588810442413387136e+01
7.274720000000000000e+09,-6.588563891792219351e+01
7.274815000000000000e+09,-6.587331056828105602e+01
7.274910000000000000e+09,-6.590207028290249980e+01
7.275005000000000000e+09,-6.589341698793865021e+01
7.275100000000000000e+09,-6.590689266243626321e+01
7.275195000000000000e+09,-6.593706807366991995e+01
7.275290000000000000e+09,-6.592923014749020183e+01
7.275385000000000000e+09,-6.590564776424572813e+01
7.275480000000000000e+09,-6.590129972457887675e+01
7.275575000000000000e+09,-6.592035230162858284e+01
7.275670000000000000e+09,-6.592517756790107342e+01
7.275765000000000000e+09,-6.594406752153430773e+01
7.275860000000000000e+09,-6.592910276795910818e+01
7.275955000000000000e+09,-6.591362693667655037e+01
7.276050000000000000e+09,-6.594595741076214779e+01
7.276145000000000000e+09,-6.592956152300131123e+01
7.276240000000000000e+09,-6.593675843807847059e+01
7.276335000000000000e+09,-6.592406169372637237e+01
7.276430000000000000e+09,-6.592302651994768325e+01
7.276525000000000000e+09,-6.595140891245142711e+01
7.276620000000000000e+09,-6.597889558783880659e+01
7.276715000000000000e+09,-6.593145248237787825e+01
7.276810000000000000e+09,-6.596205424826892738e+01
7.276905000000000000e+09,-6.594741166255485609e+01
7.277000000000000000e+09,-6.598675597545175719e+01
7.277095000000000000e+09,-6.593788186141119922e+01
7.277190000000000000e+09,-6.595988975071236382e+01
7.277285000000000000e+09,-6.594805748283428670e+01
7.277380000000000000e+09,-6.595411908452503269e+01
7.277475000000000000e+09,-6.597942810181073980e+01
7.277570000000000000e+09,-6.594344188410717322e+01
7.277665000000000000e+09,-6.594645977344949017e+01
7.277760000000000000e+09,-6.596507089551155900e+01
7.277855000000000000e+09,-6.596163818969344561e+01
7.277950000000000000e+09,-6.597900488361717919e+01
7.278045000000000000e+09,-6.597575950340217332e+01
7.278140000000000000e+09,-6.594829675720187367e+01
7.278235000000000000e+09,-6.597335978409896029e+01
7.278330000000000000e+09,-6.595522197329076164e+01
7.278425000000000000e+09,-6.595698710514498941e+01
7.278520000000000000e+09,-6.595121093166336834e+01
7.278615000000000000e+09,-6.597388919447082856e+01
7.278710000000000000e+09,-6.594828397627046002e+01
7.278805000000000000e+09,-6.596374473276335948e+01
7.278900000000000000e+09,-6.598929328455116661e+01
7.278995000000000000e+09,-6.600693993086895262e+01
7.279090000000000000e+09,-6.594967245306813197e+01
7.279185000000000000e+09,-6.598261360622896632e+01
7.279280000000000000e+09,-6.597593582045126936e+01
7.279375000000000000e+09,-6.592675633030565052e+01
7.279470000000000000e+09,-6.596335233109547858e+01
7.279565000000000000e+09,-6.592181494276576359e+01
7.279660000000000000e+09,-6.598505534716741749e+01
7.279755000000000000e+09,-6.597262051291210128e+01
7.279850000000000000e+09,-6.596965128938451528e+01
7.279945000000000000e+09,-6.596780736677476398e+01
7.280040000000000000e+09,-6.597711914478584561e+01
7.280135000000000000e+09,-6.594904761881893762e+01
7.280230000000000000e+09,-6.596463500468044572e+01
7.280325000000000000e+09,-6.595323714275305349e+01
7.280420000000000000e+09,-6.596740358045565245e+01
7.280515000000000000e+09,-6.596963859443891920e+01
7.280610000000000000e+09,-6.591667327959125089e+01
7.280705000000000000e+09,-6.594495219985179801e+01
7.280800000000000000e+09,-6.597603982834780822e+01
7.280895000000000000e+09,-6.594637995512346151e+01
7.280990000000000000e+09,-6.600308674175492740e+01
7.281085000000000000e+09,-6.593669324243566621e+01
7.281180000000000000e+09,-6.595439223294982867e+01
7.281275000000000000e+09,-6.597785403452975572e+01
7.281370000000000000e+09,-6.594930154588804783e+01
7.281465000000000000e+09,-6.598191470244218237e+01
7.281560000000000000e+09,-6.596658743527270019e+01
7.281655000000000000e+09,-6.595220496416121136e+01
7.281750000000000000e+09,-6.593753984601998752e+01
7.281845000000000000e+09,-6.596482368012706843e+01
7.281940000000000000e+09,-6.595702084675545507e+01
7.282035000000000000e+09,-6.596006768201966963e+01
7.282130000000000000e+09,-6.592704907183195928e+01
7.282225000000000000e+09,-6.596184785280672713e+01
7.282320000000000000e+09,-6.596486176297229065e+01
7.282415000000000000e+09,-6.594981653241566733e+01
7.282510000000000000e+09,-6.593558692175444946e+01
7.282605000000000000e+09,-6.596663652580815551e+01
7.282700000000000000e+09,-6.593565425239098943e+01
7.282795000000000000e+09,-6.592708496727414058e+01
7.282890000000000000e+09,-6.594948532091332538e+01
7.282985000000000000e+09,-6.593084289139594034e+01
7.283080000000000000e+09,-6.598380517753783181e+01
7.283175000000000000e+09,-6.596197801001575556e+01
7.283270000000000000e+09,-6.597813211848770720e+01
7.283365000000000000e+09,-6.596118951326560875e+01
7.283460000000000000e+09,-6.596151180678937465e+01
7.283555000000000000e+09,-6.591754675971645838e+01
7.283650000000000000e+09,-6.595734612686797504e+01
7.283745000000000000e+09,-6.593835495603583752e+01
7.283840000000000000e+09,-6.594636285458756220e+01
7.283935000000000000e+09,-6.596541959902539531e+01
7.284030000000000000e+09,-6.595954104085706149e+01
7.284125000000000000e+09,-6.593727654802546567e+01
7.284220000000000000e+09,-6.594409482477867357e+01
7.284315000000000000e+09,-6.598008522527732111e+01
7.284410000000000000e+09,-6.597594856681422471e+01
7.284505000000000000e+09,-6.594966412489108620e+01
7.284600000000000000e+09,-6.595310547899232745e+01
7.284695000000000000e+09,-6.596553842419675107e+01
7.284790000000000000e+09,-6.596309329173911351e+01
7.284885000000000000e+09,-6.597010596254688153e+01
7.284980000000000000e+09,-6.595730772470109571e+01
7.285075000000000000e+09,-6.595178351872522171e+01
7.285170000000000000e+09,-6.591960771956604503e+01
7.285265000000000000e+09,-6.595706526968862704e+01
7.285360000000000000e+09,-6.595869591711166890e+01
7.285455000000000000e+09,-6.594853606632555909e+01
7.285550000000000000e+09,-6.592823065553240269e+01
7.285645000000000000e+09,-6.597527433728654955e+01
7.285740000000000000e+09,-6.595680909108560286e+01
7.285835000000000000e+09,-6.595012820892810623e+01
7.285930000000000000e+09,-6.596703188150632968e+01
7.286025000000000000e+09,-6.597095569144309479e+01
7.286120000000000000e+09,-6.595003965850469285e+01
7.286215000000000000e+09,-6.597493464055163770e+01
7.286310000000000000e+09,-6.594127310001258024e+01
7.286405000000000000e+09,-6.596106552612562268e+01
7.286500000000000000e+09,-6.597783608793297105e+01
7.286595000000000000e+09,-6.597000085586215334e+01
7.286690000000000000e+09,-6.592881535049481556e+01
7.286785000000000000e+09,-6.601244523281496868e+01
7.286880000000000000e+09,-6.595372586081330724e+01
7.286975000000000000e+09,-6.596176769041117893e+01
7.287070000000000000e+09,-6.599485308009640505e+01
7.287165000000000000e+09,-6.596430106419794015e+01
7.287260000000000000e+09,-6.594979722316398352e+01
7.287355000000000000e+09,-6.597852271349259468e+01
7.287450000000000000e+09,-6.593976349980599139e+01
7.287545000000000000e+09,-6.596266856600865935e+01
7.287640000000000000e+09,-6.596321838320116626e+01
7.287735000000000000e+09,-6.599411390623693308e+01
7.287830000000000000e+09,-6.595777156783414341e+01
7.287925000000000000e+09,-6.597700227212645530e+01
7.288020000000000000e+09,-6.598204041849966472e+01
7.288115000000000000e+09,-6.595057695174999424e+01
7.288210000000000000e+09,-6.596896658680242354e+01
7.288305000000000000e+09,-6.600185473989373008e+01
7.288400000000000000e+09,-6.599346703685679927e+01
7.288495000000000000e+09,-6.598016502155989826e+01
7.288590000000000000e+09,-6.599495034490236378e+01
7.288685000000000000e+09,-6.597245257231062965e+01
7.288780000000000000e+09,-6.602797487774226681e+01
7.288875000000000000e+09,-6.605505287346628052e+01
7.288970000000000000e+09,-6.612599290977948385e+01
7.289065000000000000e+09,-6.633095173334068306e+01
7.289160000000000000e+09,-6.679949103623582118e+01
7.289255000000000000e+09,-6.905575651507774637e+01
7.289350000000000000e+09,-7.673617924226499554e+01
7.289445000000000000e+09,-7.127888971870221724e+01
7.289540000000000000e+09,-6.761383622413688954e+01
7.289635000000000000e+09,-6.671610263232801685e+01
7.289730000000000000e+09,-6.647481087820730750e+01
7.289825000000000000e+09,-6.635793106544826969e+01
7.289920000000000000e+09,-6.627353091400559038e+01
7.290015000000000000e+09,-6.620779417599516137e+01
7.290110000000000000e+09,-6.617071949450873092e+01
7.290205000000000000e+09,-6.618151447775980500e+01
7.290300000000000000e+09,-6.614984689956274622e+01
7.290395000000000000e+09,-6.615813549285319084e+01
7.290490000000000000e+09,-6.612461542580314244e+01
7.290585000000000000e+09,-6.611247699873260331e+01
7.290680000000000000e+09,-6.610882195552369467e+01
7.290775000000000000e+09,-6.612251930724879401e+01
7.290870000000000000e+09,-6.613752420047327973e+01
7.290965000000000000e+09,-6.612618256781817649e+01
7.291060000000000000e+09,-6.613797514165565872e+01
7.291155000000000000e+09,-6.613339122026344796e+01
7.291250000000000000e+09,-6.613629020893543498e+01
7.291345000000000000e+09,-6.612850665068476985e+01
7.291440000000000000e+09,-6.611887083447355451e+01
7.291535000000000000e+09,-6.613251081565373113e+01
7.291630000000000000e+09,-6.612305096072098820e+01
7.291725000000000000e+09,-6.613181137983615088e+01
7.291820000000000000e+09,-6.613474464170289480e+01
7.291915000000000000e+09,-6.613739473107645495e+01
7.292010000000000000e+09,-6.612286198432342132e+01
7.292105000000000000e+09,-6.612548422968599482e+01
7.292200000000000000e+09,-6.615980992131545690e+01
7.292295000000000000e+09,-6.616145584467813023e+01
7.292390000000000000e+09,-6.614192610824865426e+01
7.292485000000000000e+09,-6.613708225382545436e+01
7.292580000000000000e+09,-6.611746991313700050e+01
7.292675000000000000e+09,-6.618447836091741010e+01
7.292770000000000000e+09,-6.616668914317460803e+01
7.292865000000000000e+09,-6.616860034737941021e+01
7.292960000000000000e+09,-6.614279103946712723e+01
7.293055000000000000e+09,-6.617417052762496610e+01
7.293150000000000000e+09,-6.614537681768989330e+01
7.293245000000000000e+09,-6.620105156980676497e+01
7.293340000000000000e+09,-6.614436928298084695e+01
7.293435000000000000e+09,-6.617308846586755067e+01
7.293530000000000000e+09,-6.616982168844604928e+01
7.293625000000000000e+09,-6.616102403955954969e+01
7.293720000000000000e+09,-6.615451606352101521e+01
7.293815000000000000e+09,-6.617356837018337501e+01
7.293910000000000000e+09,-6.614694132012634498e+01
7.294005000000000000e+09,-6.617069739197395961e+01
7.294100000000000000e+09,-6.616622601313888197e+01
7.294195000000000000e+09,-6.618771606004852970e+01
7.294290000000000000e+09,-6.615672301611836303e+01
7.294385000000000000e+09,-6.616459883479572568e+01
7.294480000000000000e+09,-6.619902725496373819e+01
7.294575000000000000e+09,-6.617690306088366015e+01
7.294670000000000000e+09,-6.615320792160760277e+01
7.294765000000000000e+09,-6.617049336056939524e+01
7.294860000000000000e+09,-6.621326633669697515e+01
7.294955000000000000e+09,-6.618064895968836936e+01
7.295050000000000000e+09,-6.618225786180963155e+01
7.295145000000000000e+09,-6.617808606406637750e+01
7.295240000000000000e+09,-6.616660376827579171e+01
7.295335000000000000e+09,-6.616012524246245619e+01
7.295430000000000000e+09,-6.616471724645117547e+01
7.295525000000000000e+09,-6.619954493357698766e+01
7.295620000000000000e+09,-6.616409571285242919e+01
7.295715000000000000e+09,-6.620987537598045947e+01
7.295810000000000000e+09,-6.620076949115903631e+01
7.295905000000000000e+09,-6.619074042137599179e+01
7.296000000000000000e+09,-6.615043069915044782e+01
7.296095000000000000e+09,-6.622599693635373796e+01
7.296190000000000000e+09,-6.622586337882053442e+01
7.296285000000000000e+09,-6.621261468734743971e+01
7.296380000000000000e+09,-6.620053830825942498e+01
7.296475000000000000e+09,-6.621249069173958901e+01
7.296570000000000000e+09,-6.620303331866190888e+01
7.296665000000000000e+09,-6.623099933704871489e+01
7.296760000000000000e+09,-6.625067749140346507e+01
7.296855000000000000e+09,-6.621724024701519795e+01
7.296950000000000000e+09,-6.625853968808195305e+01
7.297045000000000000e+09,-6.623388097159923404e+01
7.297140000000000000e+09,-6.624128621331912825e+01
7.297235000000000000e+09,-6.624609010196104464e+01
7.297330000000000000e+09,-6.626663831049384612e+01
7.297425000000000000e+09,-6.625774767297480139e+01
7.297520000000000000e+09,-6.624601013526050508e+01
7.297615000000000000e+09,-6.624767054680054912e+01
7.297710000000000000e+09,-6.623219184869546439e+01
7.297805000000000000e+09,-6.622747207988390983e+01
7.297900000000000000e+09,-6.626574266047762762e+01
7.297995000000000000e+09,-6.623716489778995253e+01
7.298090000000000000e+09,-6.626802860864620470e+01
7.298185000000000000e+09,-6.626274575712409387e+01
7.298280000000000000e+09,-6.625440836790073718e+01
7.298375000000000000e+09,-6.627010874877676372e+01
7.298470000000000000e+09,-6.626567070822342487e+01
7.298565000000000000e+09,-6.626196783519814915e+01
7.298660000000000000e+09,-6.627274980617292499e+01
7.298755000000000000e+09,-6.627865183319856612e+01
7.298850000000000000e+09,-6.633035046785514055e+01
7.298945000000000000e+09,-6.627974758374747921e+01
7.299040000000000000e+09,-6.627539206963125196e+01
7.299135000000000000e+09,-6.630631969510444890e+01
7.299230000000000000e+09,-6.630885585758866796e+01
7.299325000000000000e+09,-6.624571203611870374e+01
7.299420000000000000e+09,-6.627372525947433246e+01
7.299515000000000000e+09,-6.631208968164158080e+01
7.299610000000000000e+09,-6.631491841303409274e+01
7.299705000000000000e+09,-6.629217157120181980e+01
7.299800000000000000e+09,-6.631025872125503895e+01
7.299895000000000000e+09,-6.629116643019224853e+01
7.299990000000000000e+09,-6.634809271849289303e+01
7.300085000000000000e+09,-6.631437883027214752e+01
7.300180000000000000e+09,-6.634232913692515865e+01
7.300275000000000000e+09,-6.632605379863969119e+01
7.300370000000000000e+09,-6.636812932661676712e+01
7.300465000000000000e+09,-6.632378802131941598e+01
7.300560000000000000e+09,-6.633816408130668663e+01
7.300655000000000000e+09,-6.637536711245041943e+01
7.300750000000000000e+09,-6.633532702536633963e+01
7.300845000000000000e+09,-6.631960096334977095e+01
7.300940000000000000e+09,-6.635345621517785730e+01
7.301035000000000000e+09,-6.631583583959213968e+01
7.301130000000000000e+09,-6.630923207443009915e+01
7.301225000000000000e+09,-6.635145829012017771e+01
7.301320000000000000e+09,-6.636542293957208472e+01
7.301415000000000000e+09,-6.634425141371639256e+01
7.301510000000000000e+09,-6.635852997219572558e+01
7.301605000000000000e+09,-6.634099517675181801e+01
7.301700000000000000e+09,-6.637574676974492149e+01
7.301795000000000000e+09,-6.637132642585116571e+01
7.301890000000000000e+09,-6.636968688611386824e+01
7.301985000000000000e+09,-6.638756150930188937e+01
7.302080000000000000e+09,-6.640710864791996926e+01
7.302175000000000000e+09,-6.638904802025905383e+01
7.302270000000000000e+09,-6.640190443439456658e+01
7.302365000000000000e+09,-6.640004180938431944e+01
7.302460000000000000e+09,-6.640473109411225039e+01
7.302555000000000000e+09,-6.638994618477339316e+01
7.302650000000000000e+09,-6.641385784362847744e+01
7.302745000000000000e+09,-6.643011029373585075e+01
7.302840000000000000e+09,-6.642605301551576247e+01
7.302935000000000000e+09,-6.640042962169084717e+01
7.303030000000000000e+09,-6.641250663353230266e+01
7.303125000000000000e+09,-6.642441265275321882e+01
7.303220000000000000e+09,-6.645942566972904331e+01
7.303315000000000000e+09,-6.643447156829283529e+01
7.303410000000000000e+09,-6.640462710368944954e+01
7.303505000000000000e+09,-6.642486035379965870e+01
7.303600000000000000e+09,-6.645194225602809013e+01
7.303695000000000000e+09,-6.642419864269670882e+01
7.303790000000000000e+09,-6.644197947259817738e+01
7.303885000000000000e+09,-6.643619646931435341e+01
7.303980000000000000e+09,-6.645821473429057846e+01
7.304075000000000000e+09,-6.643431388850662245e+01
7.304170000000000000e+09,-6.645777322078855320e+01
7.304265000000000000e+09,-6.646324981042015168e+01
7.304360000000000000e+09,-6.649493646930777402e+01
7.304455000000000000e+09,-6.646805103017487681e+01
7.304550000000000000e+09,-6.646882737445289990e+01
7.304645000000000000e+09,-6.647198647768621527e+01
7.304740000000000000e+09,-6.646976662339896791e+01
7.304835000000000000e+09,-6.652088713077516502e+01
7.304930000000000000e+09,-6.646510431338701608e+01
7.305025000000000000e+09,-6.646619919105764041e+01
7.305120000000000000e+09,-6.649797447779747017e+01
7.305215000000000000e+09,-6.651025406542811425e+01
7.305310000000000000e+09,-6.648485363676954307e+01
7.305405000000000000e+09,-6.652516861191431019e+01
7.305500000000000000e+09,-6.652527822839169858e+01
7.305595000000000000e+09,-6.653650780468844061e+01
7.305690000000000000e+09,-6.652393731428234958e+01
7.305785000000000000e+09,-6.651371084948331713e+01
7.305880000000000000e+09,-6.652239565094021145e+01
7.305975000000000000e+09,-6.654064408948079290e+01
7.306070000000000000e+09,-6.654456883227703656e+01
7.306165000000000000e+09,-6.651280450521200294e+01
7.306260000000000000e+09,-6.651161358765962461e+01
7.306355000000000000e+09,-6.657714571329775310e+01
7.306450000000000000e+09,-6.651829079300766523e+01
7.306545000000000000e+09,-6.655566154930346556e+01
7.306640000000000000e+09,-6.653908427489484723e+01
7.306735000000000000e+09,-6.658778278978130061e+01
7.306830000000000000e+09,-6.654807247841505102e+01
7.306925000000000000e+09,-6.656900802551697893e+01
7.307020000000000000e+09,-6.656477429838808746e+01
7.307115000000000000e+09,-6.657663474600228426e+01
7.307210000000000000e+09,-6.657354666894244133e+01
7.307305000000000000e+09,-6.660143067902095027e+01
7.307400000000000000e+09,-6.658567099040466530e+01
7.307495000000000000e+09,-6.656301132215432403e+01
7.307590000000000000e+09,-6.662263812521759121e+01
7.307685000000000000e+09,-6.656754940001222565e+01
7.307780000000000000e+09,-6.657579204202848189e+01
7.307875000000000000e+09,-6.661715148905558692e+01
7.307970000000000000e+09,-6.658111192410690649e+01
7.308065000000000000e+09,-6.662305211980195452e+01
7.308160000000000000e+09,-6.659602073943655398e+01
7.308255000000000000e+09,-6.660248311237667451e+01
7.308350000000000000e+09,-6.661412450619641845e+01
7.308445000000000000e+09,-6.661162084529722449e+01
7.308540000000000000e+09,-6.660932326053190877e+01
7.308635000000000000e+09,-6.660151965336564217e+01
7.308730000000000000e+09,-6.660384903791691613e+01
7.308825000000000000e+09,-6.659845777355471341e+01
7.308920000000000000e+09,-6.658475065731923337e+01
7.309015000000000000e+09,-6.659045744757563057e+01
7.309110000000000000e+09,-6.660010673706180739e+01
7.309205000000000000e+09,-6.664499771903842884e+01
7.309300000000000000e+09,-6.658444446312027765e+01
7.309395000000000000e+09,-6.660769508797919514e+01
7.309490000000000000e+09,-6.662898804342511028e+01
7.309585000000000000e+09,-6.664346803024646704e+01
7.309680000000000000e+09,-6.664161329548795720e+01
7.309775000000000000e+09,-6.661913513232688899e+01
7.309870000000000000e+09,-6.663856552191656135e+01
7.309965000000000000e+09,-6.658782956665058350e+01
7.310060000000000000e+09,-6.658956691072367562e+01
7.310155000000000000e+09,-6.659987361602880185e+01
7.310250000000000000e+09,-6.661819639948238603e+01
7.310345000000000000e+09,-6.660705993329142416e+01
7.310440000000000000e+09,-6.658451734383501730e+01
7.310535000000000000e+09,-6.660218341668375786e+01
7.310630000000000000e+09,-6.662317982886301593e+01
7.310725000000000000e+09,-6.659255972829016912e+01
7.310820000000000000e+09,-6.662154097361728589e+01
7.310915000000000000e+09,-6.661581011196990687e+01
7.311010000000000000e+09,-6.662047041481054066e+01
7.311105000000000000e+09,-6.658574388499347663e+01
7.311200000000000000e+09,-6.660569053112919846e+01
7.311295000000000000e+09,-6.660848632745070574e+01
7.311390000000000000e+09,-6.658574057377191480e+01
7.311485000000000000e+09,-6.657944784411735384e+01
7.311580000000000000e+09,-6.661505654345116056e+01
7.311675000000000000e+09,-6.660340365067104074e+01
7.311770000000000000e+09,-6.659181606264095876e+01
7.311865000000000000e+09,-6.662500934662898544e+01
7.311960000000000000e+09,-6.659719872993386502e+01
7.312055000000000000e+09,-6.658525893123308492e+01
7.312150000000000000e+09,-6.659489865428929534e+01
7.312245000000000000e+09,-6.660883456366158839e+01
7.312340000000000000e+09,-6.657221363617844645e+01
7.312435000000000000e+09,-6.659450033778659872e+01
7.312530000000000000e+09,-6.659443913279766036e+01
7.312625000000000000e+09,-6.659495074416564364e+01
7.312720000000000000e+09,-6.661027058388258126e+01
7.312815000000000000e+09,-6.660097105009042195e+01
7.312910000000000000e+09,-6.658946526286375445e+01
7.313005000000000000e+09,-6.656997672240875374e+01
7.313100000000000000e+09,-6.659164991074266027e+01
7.313195000000000000e+09,-6.654479578728532374e+01
7.313290000000000000e+09,-6.659287721114191072e+01
7.313385000000000000e+09,-6.660102017914722694e+01
7.313480000000000000e+09,-6.656147457835135128e+01
7.313575000000000000e+09,-6.661984519208780853e+01
7.313670000000000000e+09,-6.658238683842790806e+01
7.313765000000000000e+09,-6.659204654078283170e+01
7.313860000000000000e+09,-6.656582978062139944e+01
7.313955000000000000e+09,-6.655235459786521801e+01
7.314050000000000000e+09,-6.659342423858383597e+01
7.314145000000000000e+09,-6.657095553648814246e+01
7.314240000000000000e+09,-6.657410498665197451e+01
7.314335000000000000e+09,-6.657108891035798592e+01
7.314430000000000000e+09,-6.657388487646073827e+01
7.314525000000000000e+09,-6.658581876905003583e+01
7.314620000000000000e+09,-6.652215922277348170e+01
7.314715000000000000e+09,-6.653495880796945983e+01
7.314810000000000000e+09,-6.656461320426873840e+01
7.314905000000000000e+09,-6.651547934062273271e+01
7.315000000000000000e+09,-6.653418324214986512e+01
