# freq_Hz, phase_rad_detrended, phase_rad
7.125000000000000000e+09,-2.470458573536360447e-02,-2.317174461844103472e+00
7.125095000000000000e+09,-3.905007879563804352e-02,-2.367332615195449463e+00
7.125190000000000000e+09,-2.645636293057584965e-02,-2.390551559621451716e+00
7.125285000000000000e+09,-1.602195658599381289e-02,-2.415929813567941231e+00
7.125380000000000000e+09,-6.268972519805515731e-02,-2.498410242471074127e+00
7.125475000000000000e+09,-2.932088955731737556e-02,-2.500854067121400792e+00
7.125570000000000000e+09,-2.029674768581601896e-02,-2.527642585540970988e+00
7.125665000000000000e+09,-9.193955468900227856e-04,-2.544077893693116543e+00
7.125760000000000000e+09,-2.834597369204505668e-02,-2.607317132129343129e+00
7.125855000000000000e+09,-3.551559311051244450e-02,-2.650299411838874963e+00
7.125950000000000000e+09,-5.873963537278248381e-02,-2.709336114392216555e+00
7.126045000000000000e+09,-3.283458226230440147e-03,-2.689692597537070018e+00
7.126140000000000000e+09,-4.682846851267097321e-02,-2.769050268114582103e+00
7.126235000000000000e+09,-3.482250317557999963e-02,-2.792856963068555576e+00
7.126330000000000000e+09,-2.225648466650076429e-02,-2.816103604850547892e+00
7.126425000000000000e+09,4.442397494357486210e-04,-2.829215540725682931e+00
7.126520000000000000e+09,-4.899758408880083849e-02,-2.914470024854983965e+00
7.126615000000000000e+09,-2.837112251267370766e-02,-2.929656223569928386e+00
7.126710000000000000e+09,-4.554230453204466400e-02,-2.982640065880370894e+00
7.126805000000000000e+09,-3.427219371677558968e-02,-3.007182615356173372e+00
7.126900000000000000e+09,-2.505217256296532469e-02,-3.033775254493427553e+00
7.126995000000000000e+09,-4.230368873129997098e-03,-3.048766111094663778e+00
7.127090000000000000e+09,-6.278261831441067642e-02,-3.143131020827016009e+00
7.127185000000000000e+09,-2.281389735197780766e-02,-3.138974960155647587e+00
7.127280000000000000e+09,-2.325058605186525185e-02,-3.175224309146606583e+00
7.127375000000000000e+09,6.089099647145435057e-03,-3.181697283738667448e+00
7.127470000000000000e+09,-4.082338559563813973e-02,-3.264422429272515469e+00
7.127565000000000000e+09,-2.657365732643057754e-02,-3.285985361294379459e+00
7.127660000000000000e+09,-7.367158481895064170e-03,-3.302591522740915497e+00
7.127755000000000000e+09,-2.347867020525384874e-02,-3.354515694755345834e+00
7.127850000000000000e+09,-1.421253485615636691e-02,-3.381062219697312798e+00
7.127945000000000000e+09,-3.614701930646591066e-02,-3.438809364439027849e+00
7.128040000000000000e+09,-6.467951485005318801e-02,-3.503154520273686678e+00
7.128135000000000000e+09,-4.978820986653031966e-02,-3.524075875581235362e+00
7.128230000000000000e+09,-2.785312846292997691e-02,-3.537953454468699466e+00
7.128325000000000000e+09,-1.084454940176104998e-02,-3.556757535698602091e+00
7.128420000000000000e+09,-3.244284403721442445e-02,-3.614168490625127017e+00
7.128515000000000000e+09,-3.500547439189327648e-02,-3.652543781270870316e+00
7.128610000000000000e+09,8.934287261650020184e-03,-3.644416679908398571e+00
7.128705000000000000e+09,-3.153183521702773717e-02,-3.720695462678147880e+00
7.128800000000000000e+09,-2.417391671747592952e-02,-3.749150204469667624e+00
7.128895000000000000e+09,-4.446782075130384371e-02,-3.805256768794559985e+00
7.128990000000000000e+09,-3.206913831584357055e-02,-3.828670746650171264e+00
7.129085000000000000e+09,-5.063710494350281976e-03,-3.837477979119749527e+00
7.129180000000000000e+09,-6.931694605618599070e-03,-3.875158623522082291e+00
7.129275000000000000e+09,-4.978604449158474665e-02,-3.953825633699119990e+00
7.129370000000000000e+09,-6.644152192910368626e-03,-3.946496401691517164e+00
7.129465000000000000e+09,-2.926655468217109757e-02,-4.004931464471842339e+00
7.129560000000000000e+09,-1.242110478892222147e-02,-4.023898674869665015e+00
7.129655000000000000e+09,1.011285875204315232e-02,-4.037177371619771193e+00
7.129750000000000000e+09,-5.574794443777619790e-02,-4.138850835100662096e+00
7.129845000000000000e+09,-3.977023406064805755e-02,-4.158685785014932357e+00
7.129940000000000000e+09,-7.732176940802304443e-03,-4.162460388186158156e+00
7.130035000000000000e+09,-6.306702154800447602e-03,-4.196847573691227851e+00
7.130130000000000000e+09,1.865338774629510254e-02,-4.207700144081203852e+00
7.130225000000000000e+09,-2.514673002834655335e-02,-4.287312922146909955e+00
7.130320000000000000e+09,-5.227323531586947070e-03,-4.303206175941221900e+00
7.130415000000000000e+09,-5.983408814096424777e-02,-4.393625600841670753e+00
7.130510000000000000e+09,-2.886146882065254715e-02,-4.398465641812423499e+00
7.130605000000000000e+09,-3.087483683138003698e-02,-4.436291670114222541e+00
7.130700000000000000e+09,-3.219054709808233383e-02,-4.473420040671996389e+00
7.130795000000000000e+09,-2.732585825279887359e-02,-4.504368012117784481e+00
7.130890000000000000e+09,-2.141781026411759825e-02,-4.534272624420167652e+00
7.130985000000000000e+09,-2.301548383008622523e-02,-4.571682958277207831e+00
7.131080000000000000e+09,-1.297521770306708788e-02,-4.597455352441260246e+00
7.131175000000000000e+09,-2.685817904041698512e-02,-4.647150974069674589e+00
7.131270000000000000e+09,-5.000202989717994484e-02,-4.706107485217509101e+00
7.131365000000000000e+09,-1.639572692448520996e-02,-4.708313842535885918e+00
7.131460000000000000e+09,1.289231694510206694e-02,-4.714838458957363088e+00
7.131555000000000000e+09,-4.051968076671563779e-02,-4.804063116960252344e+00
7.131650000000000000e+09,-9.519326092815916240e-03,-4.808875422577424175e+00
7.131745000000000000e+09,-2.250798803883924393e-02,-4.857676744814519054e+00
7.131840000000000000e+09,8.734989665144077264e-03,-4.862246427401934135e+00
7.131935000000000000e+09,-5.543315187127362265e-03,-4.912337392545277126e+00
7.132030000000000000e+09,-1.540032195195628617e-02,-4.958007059601177602e+00
7.132125000000000000e+09,-3.170574583410079583e-02,-5.010125143774393663e+00
7.132220000000000000e+09,-7.719150811650976607e-03,-5.021951209043008291e+00
7.132315000000000000e+09,-2.074919374966199825e-02,-5.070793912272090864e+00
7.132410000000000000e+09,-4.580058219345595205e-02,-5.131657961006956370e+00
7.132505000000000000e+09,-1.358259561420904760e-02,-5.135252634718773912e+00
7.132600000000000000e+09,-1.670139485371535670e-02,-5.174184094249351773e+00
7.132695000000000000e+09,-1.850755655863345339e-03,-5.195146115342571314e+00
7.132790000000000000e+09,-1.903374304098015557e-02,-5.248141763018752570e+00
7.132885000000000000e+09,1.440482872141490844e-02,-5.250515851547429058e+00
7.132980000000000000e+09,-2.546569611013715928e-02,-5.326199036670052678e+00
7.133075000000000000e+09,-1.599258016112159453e-02,-5.352538581012108665e+00
7.133170000000000000e+09,-8.005263749174318377e-03,-5.380363924891225835e+00
7.133265000000000000e+09,-3.596693625947189332e-02,-5.444138257692594962e+00
7.133360000000000000e+09,8.699914452131807252e-03,-5.435284067272062813e+00
7.133455000000000000e+09,-6.732168257491899510e-03,-5.486528810272750967e+00
7.133550000000000000e+09,-2.529514529506116105e-02,-5.540904447601391780e+00
7.133645000000000000e+09,-2.776290195145403317e-02,-5.579184864548856204e+00
7.133740000000000000e+09,-3.635980050771259187e-03,-5.590870602939578937e+00
7.133835000000000000e+09,-1.052173455450677864e-02,-5.633569017734378903e+00
7.133930000000000000e+09,-2.444003221761015254e-02,-5.683299975688553829e+00
7.134025000000000000e+09,-2.630922099399590763e-02,-5.720981824756011136e+00
7.134120000000000000e+09,8.655388947062192528e-03,-5.721829875106024588e+00
7.134215000000000000e+09,-4.133780810535192529e-02,-5.807635732449503152e+00
7.134310000000000000e+09,-3.340816176597982690e-02,-5.835518746401202606e+00
7.134405000000000000e+09,-7.577111796457813853e-03,-5.845500356722752144e+00
7.134500000000000000e+09,2.896052290489947723e-03,-5.870839852926868829e+00
7.134595000000000000e+09,-4.533027382676735328e-02,-5.954878839335197682e+00
7.134690000000000000e+09,-5.824191643977627564e-03,-5.951185417443479508e+00
7.134785000000000000e+09,3.075015215712184613e-03,-5.978098870874854143e+00
7.134880000000000000e+09,-6.935988588365304963e-03,-6.023922534970003184e+00
7.134975000000000000e+09,-1.010675688069184730e-02,-6.062905963553401278e+00
7.135070000000000000e+09,1.104372321494295761e-04,-6.088501429731631553e+00
7.135165000000000000e+09,-2.450896174700822883e-02,-6.148933489001857211e+00
7.135260000000000000e+09,-1.384185191165343554e-02,-6.174079039457570417e+00
7.135355000000000000e+09,-4.108612546509959884e-03,-6.200158460383494941e+00
7.135450000000000000e+09,-3.018035630336779462e-02,-6.262042864431424327e+00
7.135545000000000000e+09,-1.223095605039059564e-02,-6.279906124469515127e+00
7.135640000000000000e+09,-1.739736598166352621e-02,-6.320885194692193565e+00
7.135735000000000000e+09,2.802675881564020699e-02,-6.311273730185957831e+00
7.135830000000000000e+09,-1.155624097113516768e-02,-6.386669390263804758e+00
7.135925000000000000e+09,-3.277615861002125541e-02,-6.443701968193758844e+00
7.136020000000000000e+09,-1.654784531385189439e-02,-6.463286315188661035e+00
7.136115000000000000e+09,-1.596740752430392263e-02,-6.498518537690181063e+00
7.136210000000000000e+09,4.696533684491299709e-03,-6.513667256772453840e+00
7.136305000000000000e+09,3.420388205846336405e-03,-6.550756062542170355e+00
7.136400000000000000e+09,1.607287625146103238e-02,-6.573916234787623658e+00
7.136495000000000000e+09,-2.579711912242377281e-02,-6.651598890452580015e+00
7.136590000000000000e+09,-1.854078756158994423e-02,-6.680155219182814186e+00
7.136685000000000000e+09,-3.920134534135755189e-03,-6.701347226446431549e+00
7.136780000000000000e+09,-1.930711525036521437e-02,-6.752546867453729007e+00
7.136875000000000000e+09,-2.640865550685678187e-02,-6.795461068001288574e+00
7.136970000000000000e+09,5.697818466563475681e-03,-6.799167254318939868e+00
7.137065000000000000e+09,-2.050189476650388087e-02,-6.861179627843075224e+00
7.137160000000000000e+09,-3.085987233159492860e-02,-6.907350265699237823e+00
7.137255000000000000e+09,4.193988425354344685e-02,-6.870363169405167447e+00
7.137350000000000000e+09,1.003559854103919236e-02,-6.938080115408739701e+00
7.137445000000000000e+09,-1.265011289662609784e-02,-6.996578487137476543e+00
7.137540000000000000e+09,2.181800932403810123e-02,-6.997923025208217851e+00
7.137635000000000000e+09,-4.218112155866826640e-02,-7.097734816381992218e+00
7.137730000000000000e+09,1.836999991576604430e-03,-7.089529355122815346e+00
7.137825000000000000e+09,-1.885552356955066955e-02,-7.146034538975014172e+00
7.137920000000000000e+09,-1.355670743890158292e-02,-7.176548383135433085e+00
7.138015000000000000e+09,1.745645990179234275e-03,-7.197058689997423819e+00
7.138110000000000000e+09,-1.797516061218829009e-02,-7.252592156890859343e+00
7.138205000000000000e+09,1.291920044119976296e-02,-7.257510456128539289e+00
7.138300000000000000e+09,-2.049736970559301596e-02,-7.326739686566403620e+00
7.138395000000000000e+09,-2.206495913990025315e-02,-7.364119936291778856e+00
7.138490000000000000e+09,2.033359446811111582e-02,-7.357534042974839039e+00
7.138585000000000000e+09,4.793732959623930867e-03,-7.408886564774394223e+00
7.138680000000000000e+09,-7.809863885433365738e-03,-7.457302821910523072e+00
7.138775000000000000e+09,3.695634538229963795e-02,-7.448349272933858067e+00
7.138870000000000000e+09,-2.060335407080948755e-02,-7.541721632678035192e+00
7.138965000000000000e+09,2.732835731143090641e-02,-7.529602581586866350e+00
7.139060000000000000e+09,-3.282665110100069228e-02,-7.625570250290365948e+00
7.139155000000000000e+09,5.886144065497589395e-03,-7.622670115414939218e+00
7.139250000000000000e+09,-1.680380774422385315e-02,-7.681172727515728660e+00
7.139345000000000000e+09,-1.591897022570964992e-02,-7.716100550288282456e+00
7.139440000000000000e+09,-2.386449053576900070e-02,-7.759858730889413359e+00
7.139535000000000000e+09,1.100898345095302489e-02,-7.760797917194093287e+00
7.139630000000000000e+09,-1.014683273084138193e-02,-7.817766393666959246e+00
7.139725000000000000e+09,-2.916601797666107387e-02,-7.872598239203846937e+00
7.139820000000000000e+09,4.030362181389079979e-03,-7.875214519336868335e+00
7.139915000000000000e+09,-1.281990096122065381e-03,-7.916339531905447480e+00
7.140010000000000000e+09,-1.411796772921114496e-02,-7.964988169829608111e+00
7.140105000000000000e+09,2.866663503450439521e-03,-7.983816198888014526e+00
7.140200000000000000e+09,-1.609598045154569945e-02,-8.038591503134078664e+00
7.140295000000000000e+09,-1.742386923888261663e-02,-8.075732052212487133e+00
7.140390000000000000e+09,6.107981693759256814e-06,-8.094114735282978756e+00
7.140485000000000000e+09,-7.362982271473583751e-03,-8.137296485827217651e+00
7.140580000000000000e+09,-1.238280839225502916e-02,-8.178128972239067096e+00
7.140675000000000000e+09,-3.887997874123172437e-02,-8.240438802879111790e+00
7.140770000000000000e+09,-1.089957045131129121e-02,-8.248271054880262909e+00
7.140865000000000000e+09,2.108695633900126154e-02,-8.252097188381018356e+00
7.140960000000000000e+09,-3.985128940316329249e-03,-8.312981933951407498e+00
7.141055000000000000e+09,-3.228514049549602305e-03,-8.348037979351708771e+00
7.141150000000000000e+09,2.143202269101252000e-03,-8.378478923324129468e+00
7.141245000000000000e+09,3.183320417967649973e-03,-8.413251465466331069e+00
7.141340000000000000e+09,-3.027678158175639567e-02,-8.482524227757123114e+00
7.141435000000000000e+09,-1.425985713842337077e-03,-8.489486092180614563e+00
7.141530000000000000e+09,2.337173682313675727e-03,-8.521535593075526549e+00
7.141625000000000000e+09,-1.789305247017480838e-03,-8.561474732295929257e+00
7.141720000000000000e+09,-1.728915415476350859e-02,-8.612787241494743284e+00
7.141815000000000000e+09,-2.732386629527283617e-02,-8.658634613926324164e+00
7.141910000000000000e+09,-1.975553475023339445e-02,-8.686878942672352721e+00
7.142005000000000000e+09,-2.169589827834883522e-02,-8.724631966491539714e+00
7.142100000000000000e+09,1.777971976835601708e-03,-8.736970756527423276e+00
7.142195000000000000e+09,-1.464088496022419861e-02,-8.789202273755551076e+00
7.142290000000000000e+09,-1.209831544706929662e-02,-8.822472364533467726e+00
7.142385000000000000e+09,7.449355192862938679e-03,-8.838737354184603490e+00
7.142480000000000000e+09,-1.746668527072081645e-02,-8.899466054939258797e+00
7.142575000000000000e+09,-1.704905313373217268e-02,-8.934861083093338152e+00
7.142670000000000000e+09,-1.521250137443530548e-03,-8.955145940388117509e+00
7.142765000000000000e+09,-2.262756991058978429e-02,-9.012064920452335315e+00
7.142860000000000000e+09,-2.860922290441614280e-02,-9.053859233737229673e+00
7.142955000000000000e+09,-3.849981982898853516e-02,-9.099562490952873617e+00
7.143050000000000000e+09,-8.171134916260314185e-03,-9.105046466331213395e+00
7.143145000000000000e+09,-1.841967492896756653e-02,-9.151107666634992199e+00
7.143240000000000000e+09,-2.005956471374759076e-02,-9.188560216710840223e+00
7.143335000000000000e+09,2.028296567758047786e-03,-9.202285015720740091e+00
7.143430000000000000e+09,1.181194218538372809e-02,-9.228314030394182410e+00
7.143525000000000000e+09,4.934234128922909690e-03,-9.271004398741711228e+00
7.143620000000000000e+09,-3.574836172127149325e-02,-9.347499654882977183e+00
7.143715000000000000e+09,-4.050864808749210511e-02,-9.388072601540265794e+00
7.143810000000000000e+09,-1.413283831051259654e-02,-9.397509452054357837e+00
7.143905000000000000e+09,2.351558937993658560e-03,-9.416837715096919581e+00
7.144000000000000000e+09,1.351242088752080406e-02,-9.441489513438463987e+00
7.144095000000000000e+09,-1.357083621542365393e-02,-9.504385430832476445e+00
7.144190000000000000e+09,-2.685319609088665516e-02,-9.553480450999007445e+00
7.144285000000000000e+09,-4.260422914637906899e-02,-9.605044144345571411e+00
7.144380000000000000e+09,2.490205468880901662e-03,-9.595762370021379439e+00
7.144475000000000000e+09,-2.161148639019927487e-02,-9.655676722171531168e+00
7.144570000000000000e+09,-3.530210032947778132e-02,-9.705179996401877673e+00
7.144665000000000000e+09,5.178587116994037842e-04,-9.705172697651768488e+00
7.144760000000000000e+09,-3.319503176897065089e-02,-9.774698248423510094e+00
7.144855000000000000e+09,-4.514787582150248113e-02,-9.822463752767109924e+00
7.144950000000000000e+09,-1.636731483660014419e-02,-9.829495852073279138e+00
7.145045000000000000e+09,-3.131224200451754314e-02,-9.880253439532264537e+00
7.145140000000000000e+09,1.900660765727835155e-02,-9.865747250161540194e+00
7.145235000000000000e+09,1.353784970444671387e-02,-9.907028668405439831e+00
7.145330000000000000e+09,-2.291601370777840430e-02,-9.979295192109070456e+00
7.145425000000000000e+09,-4.701387357355990559e-02,-1.003920571226591996e+01
7.145520000000000000e+09,-3.050834977093508371e-02,-1.005851284875436313e+01
7.145615000000000000e+09,1.879501806385519558e-03,-1.006193765746811408e+01
7.145710000000000000e+09,6.238447494265386695e-03,-1.009339137207130221e+01
7.145805000000000000e+09,1.168911256058891013e-03,-1.013427356860058026e+01
7.145900000000000000e+09,-1.191092284107853061e-02,-1.018316606298878568e+01
7.145995000000000000e+09,-5.904200732261344342e-02,-1.026610980776139215e+01
7.146090000000000000e+09,-2.955540964866365528e-02,-1.027243587037851036e+01
7.146185000000000000e+09,-1.554875387402354647e-02,-1.029424187489493825e+01
7.146280000000000000e+09,-2.277528352368740627e-02,-1.033728106483567366e+01
7.146375000000000000e+09,-5.490145729199014113e-02,-1.040521989889504439e+01
7.146470000000000000e+09,-5.411149170805806818e-02,-1.044024259360218387e+01
7.146565000000000000e+09,-4.394821512801172503e-02,-1.046589197731320553e+01
7.146660000000000000e+09,-5.649068631313980404e-02,-1.051424710878940161e+01
7.146755000000000000e+09,-1.071361846603835488e-02,-1.050428270123337171e+01
7.146850000000000000e+09,-2.383637756235934546e-02,-1.055321812062076070e+01
7.146945000000000000e+09,-4.113871677501457214e-02,-1.060633312012448748e+01
7.147040000000000000e+09,-5.091239260907975961e-02,-1.065191945624962067e+01
7.147135000000000000e+09,-4.901566578111982153e-02,-1.068583538971272873e+01
7.147230000000000000e+09,-2.237271556469799805e-02,-1.069500509978771241e+01
7.147325000000000000e+09,-6.568517977911625394e-02,-1.077413022429320222e+01
7.147420000000000000e+09,-3.346664876476168615e-02,-1.077772435356991565e+01
7.147515000000000000e+09,-7.908342911927057628e-02,-1.085915379421549254e+01
7.147610000000000000e+09,-7.551963926112037484e-02,-1.089140266464841389e+01
7.147705000000000000e+09,-7.217886564336239985e-02,-1.092387455132172391e+01
7.147800000000000000e+09,-5.237464366397936999e-02,-1.093988298963341244e+01
7.147895000000000000e+09,-9.227961389999883579e-02,-1.101560062016049990e+01
7.147990000000000000e+09,-1.069570622446089914e-01,-1.106609072879617806e+01
7.148085000000000000e+09,-1.210428028959391611e-01,-1.111598912973857978e+01
7.148180000000000000e+09,-1.182929939514476558e-01,-1.114905198108515627e+01
7.148275000000000000e+09,-1.218345084338920969e-01,-1.118840615585867226e+01
7.148370000000000000e+09,-9.305074692169768014e-02,-1.119543505463754585e+01
7.148465000000000000e+09,-1.654575138438048043e-01,-1.130365448185072452e+01
7.148560000000000000e+09,-1.639874536045073938e-01,-1.133799708190249511e+01
7.148655000000000000e+09,-1.179222700202959828e-01,-1.132774455860935170e+01
7.148750000000000000e+09,-1.583550854484681025e-01,-1.140399003432859537e+01
7.148845000000000000e+09,7.581829348754531850e-02,-1.120562931568364995e+01
7.148940000000000000e+09,4.001601796867646499e-01,-1.091710008977550217e+01
7.149035000000000000e+09,2.477581860044839601e-01,-1.110531474374885086e+01
7.149130000000000000e+09,1.640879605778042816e-01,-1.122479762946693604e+01
7.149225000000000000e+09,1.173573101388072359e-01,-1.130734094019700109e+01
7.149320000000000000e+09,1.139697847336229586e-01,-1.134654112589325692e+01
7.149415000000000000e+09,8.111261991876794752e-02,-1.141521095099917993e+01
7.149510000000000000e+09,9.776272721815004729e-02,-1.143437350399086583e+01
7.149605000000000000e+09,5.962763439525886611e-02,-1.150832125710482856e+01
7.149700000000000000e+09,5.198963761994335187e-02,-1.155177191417121207e+01
7.149795000000000000e+09,5.074705649931310347e-02,-1.158882715558291387e+01
7.149890000000000000e+09,4.695654640718949224e-02,-1.162843032596610549e+01
7.149985000000000000e+09,4.914941755394330869e-02,-1.166205011511041967e+01
7.150080000000000000e+09,2.345964359230912066e-02,-1.172355254936312541e+01
7.150175000000000000e+09,3.127601291644666048e-02,-1.175154884033005587e+01
7.150270000000000000e+09,3.400408654847808521e-02,-1.178463342698909599e+01
7.150365000000000000e+09,1.418075872759061440e-02,-1.184026941510105146e+01
7.150460000000000000e+09,4.980005695466793725e-02,-1.184046277716504569e+01
7.150555000000000000e+09,5.790330474245486414e-02,-1.186817218966832677e+01
7.150650000000000000e+09,1.294590403308859550e-02,-1.194894225066876103e+01
7.150745000000000000e+09,1.594574983377228250e-02,-1.198175506515914890e+01
7.150840000000000000e+09,2.176031576539116941e-02,-1.201175315951859801e+01
7.150935000000000000e+09,1.373274047930372888e-02,-1.205559339509575700e+01
7.151030000000000000e+09,1.942982240307955522e-02,-1.208570897346338313e+01
7.151125000000000000e+09,5.075768549119175077e-03,-1.213587568760841506e+01
7.151220000000000000e+09,3.236494129021494359e-03,-1.217352762231958074e+01
7.151315000000000000e+09,5.776855970339234148e-02,-1.215480821703628145e+01
7.151410000000000000e+09,-4.482879326072009007e-02,-1.229321823029146188e+01
7.151505000000000000e+09,2.160399624752074033e-02,-1.226259810107428905e+01
7.151600000000000000e+09,-3.281119512800856342e-03,-1.232329587712568220e+01
7.151695000000000000e+09,-1.122050653757611371e-02,-1.236704792444152545e+01
7.151790000000000000e+09,1.127980193337663195e-02,-1.238036027626164426e+01
7.151885000000000000e+09,1.921602758733342853e-02,-1.240823671089875546e+01
7.151980000000000000e+09,1.756721387427973013e-02,-1.244569818490287716e+01
7.152075000000000000e+09,-2.438572845279374235e-02,-1.252346378752102218e+01
7.152170000000000000e+09,-2.485344243536857789e-03,-1.253737606360283330e+01
7.152265000000000000e+09,-3.218801134701543276e-02,-1.260289139099738343e+01
7.152360000000000000e+09,2.610128620462504045e-03,-1.260390591132097349e+01
7.152455000000000000e+09,-2.033651397271718508e-02,-1.266266521420522473e+01
7.152550000000000000e+09,-1.434747681644843453e-02,-1.269248883734002398e+01
7.152645000000000000e+09,-1.406074638791388054e-02,-1.272801476720255742e+01
7.152740000000000000e+09,1.101278154284024424e-02,-1.273875389956287485e+01
7.152835000000000000e+09,6.163620091168553472e-04,-1.278496297938766624e+01
7.152930000000000000e+09,2.728921257480365625e-03,-1.281866308043037428e+01
7.153025000000000000e+09,-4.975643518063144199e-02,-1.290696109715988804e+01
7.153120000000000000e+09,-4.188907042102840705e-03,-1.289720622931243099e+01
7.153215000000000000e+09,1.218703416613031720e-02,-1.291664294839526583e+01
7.153310000000000000e+09,1.652996861589528521e-02,-1.294811267423657242e+01
7.153405000000000000e+09,7.443490173599798254e-04,-1.299971095412617572e+01
7.153500000000000000e+09,-1.945695901106248016e-02,-1.305572492244566618e+01
7.153595000000000000e+09,-3.660141292019858383e-03,-1.307574076501769511e+01
7.153690000000000000e+09,1.285179991177010095e-02,-1.309504148410497315e+01
7.153785000000000000e+09,3.623511215218755410e-03,-1.314008243309259605e+01
7.153880000000000000e+09,-1.994410147111302933e-02,-1.319946270606999583e+01
7.153975000000000000e+09,1.173650884514110260e-02,-1.320359475604480970e+01
7.154070000000000000e+09,-3.122869515480353186e-02,-1.328237262033582589e+01
7.154165000000000000e+09,-1.416688137474864106e-03,-1.328837327360956522e+01
7.154260000000000000e+09,-2.462160500550680808e-02,-1.334739085076866871e+01
7.154355000000000000e+09,-2.132555117597689787e-02,-1.337990745723020680e+01
7.154450000000000000e+09,-1.902737048509095530e-02,-1.341342193683038886e+01
7.154545000000000000e+09,2.236406514745326035e-03,-1.342797082012162413e+01
7.154640000000000000e+09,-6.196208383029144784e-03,-1.347221609531046660e+01
7.154735000000000000e+09,-8.559134886732877590e-03,-1.351039168210524188e+01
7.154830000000000000e+09,-8.456919898607750952e-03,-1.354610212740818476e+01
7.154925000000000000e+09,1.123518940738499339e-02,-1.356222267839359752e+01
7.155020000000000000e+09,-9.219100036689908961e-03,-1.361848962812874042e+01
7.155115000000000000e+09,-2.028245021908503531e-02,-1.366536563860220710e+01
7.155210000000000000e+09,2.439895735972363866e-02,-1.365649689131446642e+01
7.155305000000000000e+09,-2.230030736946098102e-02,-1.373900881633471904e+01
7.155400000000000000e+09,1.875040696510232863e-02,-1.373377076229122729e+01
7.155495000000000000e+09,-2.013352168791193719e-02,-1.380846735123530955e+01
7.155590000000000000e+09,1.443772664547537943e-03,-1.382270271717392163e+01
7.155685000000000000e+09,-8.765622671841555302e-03,-1.386872477280137872e+01
7.155780000000000000e+09,5.311270498541631468e-03,-1.389046053992206708e+01
7.155875000000000000e+09,-2.672374139328859144e-02,-1.395830821210496531e+01
7.155970000000000000e+09,1.047138022145688296e-02,-1.395692575078128783e+01
7.156065000000000000e+09,1.974236360964454207e-02,-1.398346742768417172e+01
7.156160000000000000e+09,-2.126755893487697335e-02,-1.406029001051976124e+01
7.156255000000000000e+09,-2.284642236329403886e-03,-1.407711975411228522e+01
7.156350000000000000e+09,4.977680640671167112e-03,-1.410567009152635265e+01
7.156445000000000000e+09,-2.418046944551122124e-02,-1.417064090190360304e+01
7.156540000000000000e+09,-1.781551924997337721e-02,-1.420008861199913675e+01
7.156635000000000000e+09,-1.330657605913287966e-02,-1.423139232909936425e+01
7.156730000000000000e+09,1.845171283309987587e-02,-1.423544670049820304e+01
7.156825000000000000e+09,-1.877605216286148959e-02,-1.430848712578556636e+01
7.156920000000000000e+09,-5.715362794051159767e-03,-1.433123909670782758e+01
7.157015000000000000e+09,8.568267527174100451e-03,-1.435276812667767032e+01
7.157110000000000000e+09,-1.474963064506162880e-02,-1.441189868514097761e+01
7.157205000000000000e+09,6.455960584222708576e-03,-1.442650575420276127e+01
7.157300000000000000e+09,3.110772104121473092e-02,-1.443766665403683724e+01
7.157395000000000000e+09,-8.715295857161464710e-03,-1.451330233122628499e+01
7.157490000000000000e+09,-6.369704960189181975e-03,-1.454676940062038071e+01
7.157585000000000000e+09,-1.200362795908382907e-02,-1.458821598391034691e+01
7.157680000000000000e+09,2.204223889387435520e-02,-1.458998277734845672e+01
7.157775000000000000e+09,-1.108454036238271101e-04,-1.464794852193702646e+01
7.157870000000000000e+09,5.892969082504428968e-02,-1.462472064599942634e+01
7.157965000000000000e+09,2.954909135364403028e-02,-1.468991390576189460e+01
7.158060000000000000e+09,-2.217726008101550406e-03,-1.475749338341471173e+01
7.158155000000000000e+09,2.987438493630811820e-02,-1.476121393276137006e+01
7.158250000000000000e+09,6.559986652133531493e-03,-1.482034099133661620e+01
7.158345000000000000e+09,-2.195717030566868289e-02,-1.488467080858548641e+01
7.158440000000000000e+09,1.180393154330872107e-02,-1.488672236702757701e+01
7.158535000000000000e+09,-4.575854719018401795e-02,-1.498009750605214130e+01
7.158630000000000000e+09,1.582357095223585475e-03,-1.496856926205780169e+01
7.158725000000000000e+09,-9.933417317482096109e-03,-1.501589769676157893e+01
7.158820000000000000e+09,-1.619965119422417388e-03,-1.504339690485492120e+01
7.158915000000000000e+09,-3.205264936493179562e-02,-1.510964224939150213e+01
7.159010000000000000e+09,-2.740846590754664192e-02,-1.514081072622518498e+01
7.159105000000000000e+09,5.948280435918107401e-03,-1.514326664017279178e+01
7.159200000000000000e+09,-8.198275060721016416e-03,-1.519322585596049890e+01
7.159295000000000000e+09,-5.004611681981074867e-02,-1.527088635801065664e+01
7.159390000000000000e+09,1.112853334131358451e-03,-1.525554004814778608e+01
7.159485000000000000e+09,-2.823108499276294481e-02,-1.532069664676574838e+01
7.159580000000000000e+09,2.455306150546832100e-02,-1.530372516055858867e+01
7.159675000000000000e+09,-1.135121765612190359e-02,-1.537544210001124689e+01
7.159770000000000000e+09,-7.073992118579397470e-03,-1.540697753476477594e+01
7.159865000000000000e+09,-9.383100895583140755e-03,-1.544509930383284768e+01
7.159960000000000000e+09,1.839051190415830206e-02,-1.545313835132417424e+01
7.160055000000000000e+09,-8.728464019247539341e-03,-1.551606998753865163e+01
7.160150000000000000e+09,-1.052806471134992705e-02,-1.555368224852182202e+01
7.160245000000000000e+09,8.858212352276240154e-04,-1.557808102286631602e+01
7.160340000000000000e+09,-2.280030005671562776e-02,-1.563757980444932727e+01
7.160435000000000000e+09,-1.521085010988798558e-02,-1.566580301479356763e+01
7.160530000000000000e+09,1.464614534556041292e-02,-1.567175867962919078e+01
7.160625000000000000e+09,-3.360774992444248710e-03,-1.572557826025826344e+01
7.160720000000000000e+09,-2.065857289493244764e-02,-1.577868871845215715e+01
7.160815000000000000e+09,-1.402392740109270619e-02,-1.580786673324938540e+01
7.160910000000000000e+09,-2.945612908725969703e-02,-1.585911159522662395e+01
7.161005000000000000e+09,1.061713437126243775e-02,-1.585485099205916981e+01
7.161100000000000000e+09,-2.448462170407772476e-02,-1.592576540842558153e+01
7.161195000000000000e+09,-4.105210232606637533e-02,-1.597814554933863818e+01
7.161290000000000000e+09,2.497084636278401604e-03,-1.597040902266736140e+01
7.161385000000000000e+09,-2.424484362641265989e-02,-1.603296361122112401e+01
7.161480000000000000e+09,-1.377841962581527469e-02,-1.605830984751159463e+01
7.161575000000000000e+09,-1.140481691005135190e-02,-1.609174890508690225e+01
7.161670000000000000e+09,3.286812349009338163e-02,-1.608328862497782552e+01
7.161765000000000000e+09,-5.887277481306796290e-04,-1.615255813650711758e+01
7.161860000000000000e+09,1.804123103339705381e-02,-1.616974083801666140e+01
7.161955000000000000e+09,-3.004706847456972696e-02,-1.625364179781569618e+01
7.162050000000000000e+09,-1.576236515698425933e-02,-1.627516975478918226e+01
7.162145000000000000e+09,3.259818369395262039e-02,-1.626262186622931338e+01
7.162240000000000000e+09,-1.086283289424372356e-02,-1.634189554310858128e+01
7.162335000000000000e+09,-3.791190443684300249e-02,-1.640475727494224856e+01
7.162430000000000000e+09,5.523277401639603568e-03,-1.639713475339483395e+01
7.162525000000000000e+09,-6.251635486329121250e-03,-1.644472232657387423e+01
7.162620000000000000e+09,-2.754270394752467155e-02,-1.650182605532647173e+01
7.162715000000000000e+09,6.339430460446493498e-03,-1.650375658120957212e+01
7.162810000000000000e+09,-1.821936296943960087e-02,-1.656412803493052621e+01
7.162905000000000000e+09,-1.383430441816813072e-02,-1.659555563667032629e+01
7.163000000000000000e+09,-3.290649189320049572e-02,-1.665044048443642666e+01
7.163095000000000000e+09,-9.980660224488957510e-03,-1.666332731305878667e+01
7.163190000000000000e+09,1.807523707203273489e-03,-1.668735178941816244e+01
7.163285000000000000e+09,-2.611345756007210639e-02,-1.675108543097650582e+01
7.163380000000000000e+09,-2.613877432840538972e-02,-1.678692340803591065e+01
7.163475000000000000e+09,-1.603061080154688511e-02,-1.681262790480012015e+01
7.163570000000000000e+09,-2.658405961975418563e-02,-1.685899401390939900e+01
7.163665000000000000e+09,2.899674140819996637e-02,-1.683922587317251285e+01
7.163760000000000000e+09,-1.031172772856692177e-02,-1.691434700260034774e+01
7.163855000000000000e+09,-8.737920880182770134e-03,-1.694858585604303514e+01
7.163950000000000000e+09,-2.943316304781262716e-02,-1.700509375850173299e+01
7.164045000000000000e+09,-4.183543943674550292e-02,-1.705330869518173742e+01
7.164140000000000000e+09,2.477636533221527770e-03,-1.704480827950283839e+01
7.164235000000000000e+09,-2.513424208792969239e-02,-1.710823281841506116e+01
7.164330000000000000e+09,9.994895196346220700e-03,-1.710891634142185325e+01
7.164425000000000000e+09,4.762150839083290066e-02,-1.710710238851843457e+01
7.164520000000000000e+09,2.779583445532196606e-02,-1.716274072274535101e+01
7.164615000000000000e+09,-5.334250044008115310e-03,-1.723168346753574909e+01
7.164710000000000000e+09,-1.358158213824012250e-02,-1.727574345992105265e+01
7.164805000000000000e+09,-1.468186192632003895e-03,-1.729944272426651253e+01
7.164900000000000000e+09,5.911645134268894708e-03,-1.732787555323068318e+01
7.164995000000000000e+09,-1.377270628927007579e-02,-1.738337256494529015e+01
7.165090000000000000e+09,-6.405185561838777630e-03,-1.741181770450893040e+01
7.165185000000000000e+09,-9.020925047234840122e-03,-1.745024610428539447e+01
7.165280000000000000e+09,9.798351455806653121e-03,-1.746723948807342097e+01
7.165375000000000000e+09,-2.434204671775219708e-02,-1.753719254653805137e+01
7.165470000000000000e+09,2.963581310414653558e-02,-1.751902734700722064e+01
7.165565000000000000e+09,9.738048890472583707e-03,-1.757473777151196614e+01
7.165660000000000000e+09,7.591914469678329169e-03,-1.761269656622382840e+01
7.165755000000000000e+09,-4.136421254734656827e-02,-1.769746535353192129e+01
7.165850000000000000e+09,1.192692994532507100e-02,-1.767998687133032121e+01
7.165945000000000000e+09,1.655773628307244394e-02,-1.771116872528364183e+01
7.166040000000000000e+09,-1.711831113405182236e-02,-1.778065743299183765e+01
7.166135000000000000e+09,-1.686315428280238393e-02,-1.781621493643165621e+01
7.166230000000000000e+09,1.153834238474615859e-02,-1.782362610005517922e+01
7.166325000000000000e+09,1.918875420560794964e-03,-1.786905822731043258e+01
7.166420000000000000e+09,1.889197209140647260e-02,-1.788789779093065491e+01
7.166515000000000000e+09,-3.877043931972323776e-02,-1.798137286263319012e+01
7.166610000000000000e+09,2.931882297509957880e-04,-1.797812189537478389e+01
7.166705000000000000e+09,-1.399175215712489262e-02,-1.802821949605273133e+01
7.166800000000000000e+09,1.629373795498167965e-02,-1.803374666623169276e+01
7.166895000000000000e+09,-4.133207790573578677e-03,-1.808998627226831957e+01
7.166990000000000000e+09,-1.535946417023836830e-02,-1.813702518893905236e+01
7.167085000000000000e+09,-1.827503427401921954e-02,-1.817575341933390476e+01
7.167180000000000000e+09,2.437731099220741271e-03,-1.819085331425173280e+01
7.167275000000000000e+09,-2.259169379021486179e-02,-1.825169539943223640e+01
7.167370000000000000e+09,-3.242151129080994565e-02,-1.829733787722390304e+01
7.167465000000000000e+09,8.796494175314251152e-03,-1.829193253204884684e+01
7.167560000000000000e+09,-3.532579691332671246e-02,-1.837186748342855935e+01
7.167655000000000000e+09,8.144773490968759688e-03,-1.836420957331533188e+01
7.167750000000000000e+09,-2.830455979832890989e-03,-1.841099746307720153e+01
7.167845000000000000e+09,4.770954482684430786e-02,-1.839627012256159588e+01
7.167940000000000000e+09,-1.489429179053303187e-02,-1.849468661947004122e+01
7.168035000000000000e+09,-1.111015409016502531e-02,-1.852671514206074477e+01
7.168130000000000000e+09,-1.336805780280059253e-03,-1.855275445404192780e+01
7.168225000000000000e+09,-1.152141926750971379e-02,-1.859875172782022901e+01
7.168320000000000000e+09,-7.546788200848197903e-03,-1.863058975704463549e+01
7.168415000000000000e+09,-1.928563401321525816e-02,-1.867814126314840806e+01
7.168510000000000000e+09,1.344125426737718954e-02,-1.868122703515888361e+01
7.168605000000000000e+09,-2.114777665930844819e-02,-1.875162872637663725e+01
7.168700000000000000e+09,-4.956623795483494632e-02,-1.881585984796323530e+01
7.168795000000000000e+09,-3.211615811154189259e-02,-1.883422242841101024e+01
7.168890000000000000e+09,3.474347927216570042e-03,-1.883444458266332333e+01
7.168985000000000000e+09,1.690764751991480352e-03,-1.887204082612961642e+01
7.169080000000000000e+09,-1.372113412303832547e-02,-1.892326538529571422e+01
7.169175000000000000e+09,-2.946132126909262183e-02,-1.897481823273284007e+01
7.169270000000000000e+09,-1.720972441228241223e-02,-1.899837929616709786e+01
7.169365000000000000e+09,2.977236321299869815e-05,-1.901695245968267400e+01
7.169460000000000000e+09,-9.683957049855251853e-03,-1.906247884938681025e+01
7.169555000000000000e+09,-3.030916007136852386e-02,-1.911891671269939508e+01
7.169650000000000000e+09,-2.205608513321521968e-02,-1.914647629805230977e+01
7.169745000000000000e+09,-9.199864667834845022e-04,-1.916115285967694604e+01
7.169840000000000000e+09,-3.028688827070524781e-02,-1.922633242177193935e+01
7.169935000000000000e+09,-7.701139754207275701e-03,-1.923955933354650938e+01
7.170030000000000000e+09,2.662055700409027281e-02,-1.924105029707928338e+01
7.170125000000000000e+09,-3.374263106955766034e-02,-1.933722614544399931e+01
7.170220000000000000e+09,-5.525063450914302621e-03,-1.934482123811642396e+01
7.170315000000000000e+09,-2.004154635169896892e-02,-1.939515038130861413e+01
7.170410000000000000e+09,2.128884580105960822e-03,-1.940879261066788075e+01
7.170505000000000000e+09,2.212660310238590000e-03,-1.944452149522881612e+01
7.170600000000000000e+09,-6.732800767395019648e-05,-1.948261414383779666e+01
7.170695000000000000e+09,-9.576857365161117741e-04,-1.951931716185771037e+01
7.170790000000000000e+09,-2.345777388280367859e-02,-1.957762991029506594e+01
7.170885000000000000e+09,1.572276509479664242e-02,-1.957426203160853717e+01
7.170980000000000000e+09,4.260136687876681094e-02,-1.958319609011563500e+01
7.171075000000000000e+09,7.593899522902347599e-03,-1.965401621776256746e+01
7.171170000000000000e+09,-8.417726705204131576e-03,-1.970584050428174550e+01
7.171265000000000000e+09,-1.606592035797760332e-02,-1.974930135822558697e+01
7.171360000000000000e+09,-1.477632924204641540e-02,-1.978382442740072733e+01
7.171455000000000000e+09,-8.701519152765513354e-03,-1.981356227760251443e+01
7.171550000000000000e+09,5.195649380524969274e-04,-1.984015385380276797e+01
7.171645000000000000e+09,-2.250654539178853497e-02,-1.989899262442367700e+01
7.171740000000000000e+09,-8.816697756049762802e-03,-1.992111543707900623e+01
7.171835000000000000e+09,-2.492312860413292697e-02,-1.997303452821816094e+01
7.171930000000000000e+09,-1.001724178649965324e-02,-1.999394130169159567e+01
7.172025000000000000e+09,-1.635806907578185587e-02,-2.003609478927194942e+01
7.172120000000000000e+09,1.155371418724371324e-02,-2.004399566629999185e+01
7.172215000000000000e+09,3.021410015226777546e-02,-2.006114794062603579e+01
7.172310000000000000e+09,-2.092871319256062179e-02,-2.014810341426226969e+01
7.172405000000000000e+09,-1.481205516343564454e-02,-2.017779941652421627e+01
7.172500000000000000e+09,2.013660365047087453e-02,-2.017866341800137775e+01
7.172595000000000000e+09,-2.991995951575177060e-03,-2.023760467789449180e+01
7.172690000000000000e+09,7.017790153980740797e-03,-2.026340755208000743e+01
7.172785000000000000e+09,-3.547577461989703806e-02,-2.034171377714495321e+01
7.172880000000000000e+09,3.541113361750802824e-02,-2.030663952919861970e+01
7.172975000000000000e+09,-2.578177622240573896e-02,-2.040364509932960146e+01
7.173070000000000000e+09,-4.365461529551595277e-02,-2.045733059869377968e+01
7.173165000000000000e+09,-2.648787241338723675e-02,-2.047597651610272251e+01
7.173260000000000000e+09,2.025199664982224590e-02,-2.046504930733058103e+01
7.173355000000000000e+09,-1.589262279738079542e-02,-2.053700658706885562e+01
7.173450000000000000e+09,-5.349252267659920790e-03,-2.056227587683020275e+01
7.173545000000000000e+09,-1.483911380628910592e-02,-2.060757839865990348e+01
7.173640000000000000e+09,7.097415931603734407e-03,-2.062145452921307864e+01
7.173735000000000000e+09,-1.186845293116078892e-02,-2.067623305836691117e+01
7.173830000000000000e+09,9.316006213374805611e-03,-2.069086125951344712e+01
7.173925000000000000e+09,-6.778758522580830004e-02,-2.080377751124369823e+01
7.174020000000000000e+09,1.072659222884908559e-02,-2.076107599408011239e+01
7.174115000000000000e+09,-4.723157648964360078e-03,-2.081233840424899384e+01
7.174210000000000000e+09,-4.157779186167331886e-02,-2.088500569875310831e+01
7.174305000000000000e+09,-5.101415285007959710e-03,-2.088434198246751095e+01
7.174400000000000000e+09,-1.671941053160708179e-05,-2.091506994688410614e+01
7.174495000000000000e+09,1.918284474001907824e-02,-2.093168304302462346e+01
7.174590000000000000e+09,-2.616465958343638931e-03,-2.098929501401405417e+01
7.174685000000000000e+09,-3.029242927904007843e-02,-2.105278363762582217e+01
7.174780000000000000e+09,-2.406389027537869651e-03,-2.106071025766538796e+01
7.174875000000000000e+09,-3.557070837114650885e-02,-2.112968723730006815e+01
7.174970000000000000e+09,-3.271654663755896308e-03,-2.113320084388374553e+01
7.175065000000000000e+09,4.886501057963954509e-03,-2.116085534845309368e+01
7.175160000000000000e+09,-1.182367759977154265e-02,-2.121337818740190073e+01
7.175255000000000000e+09,-4.196684801974015500e-02,-2.127933401811293734e+01
7.175350000000000000e+09,-3.250681444818326327e-03,-2.127643051182908707e+01
7.175445000000000000e+09,-1.343145582664106996e-02,-2.132242394650197781e+01
7.175540000000000000e+09,-1.443181558787642871e-02,-2.135923696655428472e+01
7.175635000000000000e+09,-2.693182295035967400e-02,-2.140754963420783596e+01
7.175730000000000000e+09,-2.710123061283908896e-02,-2.144353170216138338e+01
7.175825000000000000e+09,-1.251561412111001914e-02,-2.146475874596072586e+01
7.175920000000000000e+09,-3.218596427211295463e-02,-2.152024175640279680e+01
7.176015000000000000e+09,-2.938948642685090817e-02,-2.155325793884860630e+01
7.176110000000000000e+09,-1.008864674131615402e-02,-2.156976975945447350e+01
7.176205000000000000e+09,1.050010335120532545e-02,-2.158499366965302357e+01
7.176300000000000000e+09,-3.801894593438603920e-02,-2.166932537922968294e+01
7.176395000000000000e+09,-8.838483755368997663e-05,-2.166720747842391859e+01
7.176490000000000000e+09,-2.026230934996675614e-02,-2.172319406322740321e+01
7.176585000000000000e+09,-3.640218758269853083e-02,-2.177514660175120298e+01
7.176680000000000000e+09,-1.909008795493605248e-02,-2.179364716241451205e+01
7.176775000000000000e+09,-1.050933330066783356e-03,-2.181142066808071078e+01
7.176870000000000000e+09,-5.215852538151821705e-02,-2.189834092042323377e+01
7.176965000000000000e+09,-4.061281991103982136e-02,-2.192260787524382337e+01
7.177060000000000000e+09,-6.983651869049367633e-03,-2.192479136749290092e+01
7.177155000000000000e+09,-1.409076026411071325e-02,-2.196771113617903382e+01
7.177250000000000000e+09,1.430070977116315589e-02,-2.197513232643482795e+01
7.177345000000000000e+09,-2.772764620632628407e-02,-2.205297334270338894e+01
7.177440000000000000e+09,-2.868528457887720151e-02,-2.208974364136700785e+01
7.177535000000000000e+09,-4.616128977006894729e-02,-2.214303230684926760e+01
7.177630000000000000e+09,-5.602377046880491207e-03,-2.213828605441715069e+01
7.177725000000000000e+09,-4.672154266182459992e-02,-2.221521788032316280e+01
7.177820000000000000e+09,-5.942946832703910331e-03,-2.221025194478511366e+01
7.177915000000000000e+09,-1.465543557578996570e-02,-2.225477709381926772e+01
7.178010000000000000e+09,-3.186646098377821090e-02,-2.230780077951832396e+01
7.178105000000000000e+09,-8.353343777713462259e-03,-2.232010032260366472e+01
7.178200000000000000e+09,-5.391877567252123526e-02,-2.240147841478954405e+01
7.178295000000000000e+09,-4.401017894143421927e-02,-2.242738247834952503e+01
7.178390000000000000e+09,-2.040237793028154556e-02,-2.243958733762944036e+01
7.178485000000000000e+09,-2.905419566137013021e-02,-2.248405181565160049e+01
7.178580000000000000e+09,-2.169772267270531074e-02,-2.251250800295400722e+01
7.178675000000000000e+09,-3.424410544452882732e-02,-2.256086704601689519e+01
7.178770000000000000e+09,-5.171619167088792324e-02,-2.261415179253432584e+01
7.178865000000000000e+09,-6.247357702079270325e-02,-2.266072183817530217e+01
7.178960000000000000e+09,-3.676068550517896938e-02,-2.267082160695075643e+01
7.179055000000000000e+09,-7.203059558992919165e-03,-2.267707664129563838e+01
7.179150000000000000e+09,-4.049092709988855177e-02,-2.274617716912760557e+01
7.179245000000000000e+09,-8.136467414718850932e-03,-2.274963536973350386e+01
7.179340000000000000e+09,-2.850166473427862002e-02,-2.280581322734413163e+01
7.179435000000000000e+09,-4.454886725130080549e-02,-2.285767309015222537e+01
7.179530000000000000e+09,-6.131097148614017556e-02,-2.291024785467813629e+01
7.179625000000000000e+09,-4.240429646215204684e-02,-2.292715383994521616e+01
7.179720000000000000e+09,-7.129358997943668896e-02,-2.299185579375356880e+01
7.179815000000000000e+09,-5.165462610892390671e-02,-2.300802949017412757e+01
7.179910000000000000e+09,-7.896469393319094365e-02,-2.307115221828946261e+01
7.180005000000000000e+09,-1.090678204537205431e-01,-2.313706800510139772e+01
7.180100000000000000e+09,-1.262716549092601781e-01,-2.319008449984800535e+01
7.180195000000000000e+09,-8.514983457982339132e-02,-2.318477533980964012e+01
7.180290000000000000e+09,-9.298566318213730142e-02,-2.322842382870302202e+01
7.180385000000000000e+09,-7.044220702156067659e-02,-2.324169303283351340e+01
7.180480000000000000e+09,-1.205759963285828462e-01,-2.332763948243160712e+01
7.180575000000000000e+09,-1.308342073487551716e-01,-2.337371035374285100e+01
7.180670000000000000e+09,-1.109591822191120514e-01,-2.338964798890427232e+01
7.180765000000000000e+09,-1.274640596964751182e-01,-2.344196552667270694e+01
7.180860000000000000e+09,-1.399900602749433176e-01,-2.349030418754224669e+01
7.180955000000000000e+09,-1.539799005979531898e-01,-2.354010668815632457e+01
7.181050000000000000e+09,-1.367369198805583608e-01,-2.355867636772999774e+01
7.181145000000000000e+09,-1.810111447667139828e-01,-2.363876325290722491e+01
7.181240000000000000e+09,-2.625502216667285893e-01,-2.375611499009830752e+01
7.181335000000000000e+09,3.228368305114379666e-01,-2.320654059821120896e+01
7.181430000000000000e+09,2.641625958633717630e-01,-2.330102749315034671e+01
7.181525000000000000e+09,1.618265783534056368e-01,-2.343917617095138439e+01
7.181620000000000000e+09,1.412637142435606563e-01,-2.349555169535229737e+01
7.181715000000000000e+09,1.421427222346913766e-01,-2.353048534765223465e+01
7.181810000000000000e+09,9.877965511076070015e-02,-2.360966107506723688e+01
7.181905000000000000e+09,1.039201398417155531e-01,-2.364033325062768753e+01
7.182000000000000000e+09,5.647172224318453004e-02,-2.372359432851728656e+01
7.182095000000000000e+09,6.605193837492606690e-02,-2.374982677267661302e+01
7.182190000000000000e+09,7.148652503472163744e-02,-2.378020484630788900e+01
7.182285000000000000e+09,3.829260635722420147e-02,-2.384921142527645443e+01
7.182380000000000000e+09,7.836304755570822067e-02,-2.384495364436903841e+01
7.182475000000000000e+09,4.955075751264814699e-02,-2.390957859470317004e+01
7.182570000000000000e+09,1.979158944008574395e-02,-2.397515042306680400e+01
7.182665000000000000e+09,6.026766561703666980e-02,-2.397048700718091752e+01
7.182760000000000000e+09,2.096511450439209057e-02,-2.404560221858463365e+01
7.182855000000000000e+09,4.517350728952251870e-02,-2.405720648609057477e+01
7.182950000000000000e+09,9.941136026998975694e-03,-2.412825151764416631e+01
7.183045000000000000e+09,2.265645958667761306e-02,-2.415134885437555567e+01
7.183140000000000000e+09,-1.745184999533222481e-02,-2.422726982424863706e+01
7.183235000000000000e+09,3.218243392180042406e-02,-2.421344820062257241e+01
7.183330000000000000e+09,-7.663909764708876082e-03,-2.428910720460014971e+01
7.183425000000000000e+09,-1.635081832776208444e-02,-2.433360677345427447e+01
7.183520000000000000e+09,2.202551113773409952e-02,-2.433104310427984984e+01
7.183615000000000000e+09,-9.255264077623337471e-04,-2.438980680211641427e+01
7.183710000000000000e+09,-1.370958683324019489e-02,-2.443840352283296014e+01
7.183805000000000000e+09,-7.788411655678117995e-03,-2.446829500794680357e+01
7.183900000000000000e+09,2.117609865134539859e-02,-2.447514315793085160e+01
7.183995000000000000e+09,-1.195771470920092838e-02,-2.454408963158246237e+01
7.184090000000000000e+09,5.128666907601697744e-02,-2.451665790808831602e+01
7.184185000000000000e+09,-1.818025212772766963e-02,-2.462193748958313222e+01
7.184280000000000000e+09,3.401741749620157407e-02,-2.460555248025027097e+01
7.184375000000000000e+09,-1.303133576505999258e-02,-2.468841389380260054e+01
7.184470000000000000e+09,-7.707772411606583773e-03,-2.471890299074021868e+01
7.184565000000000000e+09,-1.830895985542824178e-02,-2.476531683847510834e+01
7.184660000000000000e+09,1.936641144570927509e-03,-2.478088389776617717e+01
7.184755000000000000e+09,2.835813387727625923e-02,-2.479027506532454339e+01
7.184850000000000000e+09,-6.042717547707354697e-03,-2.486048857704059856e+01
7.184945000000000000e+09,-3.594280828735918476e-03,-2.489385280061269512e+01
7.185040000000000000e+09,-1.674319295918991202e-02,-2.494281437303421711e+01
7.185135000000000000e+09,-1.077456942472210244e-02,-2.497265840979082085e+01
7.185230000000000000e+09,6.176486373512091177e-03,-2.499152001428365466e+01
7.185325000000000000e+09,-1.599481368867117226e-02,-2.504950397463690592e+01
7.185420000000000000e+09,-3.706600406884419385e-02,-2.510638782530815050e+01
7.185515000000000000e+09,-2.213993317135987127e-02,-2.512727441470173773e+01
7.185610000000000000e+09,9.368421515404179445e-03,-2.513157872030604167e+01
7.185705000000000000e+09,3.115597734712949318e-02,-2.514560382476538436e+01
7.185800000000000000e+09,2.495503106771934654e-04,-2.521232291209324217e+01
7.185895000000000000e+09,5.212322593699525441e-04,-2.524786389043562096e+01
7.185990000000000000e+09,-1.324956157795043055e-03,-2.528552273914385040e+01
7.186085000000000000e+09,-3.811486659795804144e-03,-2.532382192993692271e+01
7.186180000000000000e+09,-2.149333492216243258e-02,-2.537731643849036089e+01
7.186275000000000000e+09,-1.814138701978862400e-02,-2.540977715087905509e+01
7.186370000000000000e+09,-1.346929015616282754e-02,-2.544091771430649729e+01
7.186465000000000000e+09,-1.058193480551850030e-02,-2.547384301924692451e+01
7.186560000000000000e+09,-5.280445660289956322e-03,-2.550435419039276397e+01
7.186655000000000000e+09,-9.356936786019787178e-03,-2.554424334180956180e+01
7.186750000000000000e+09,1.016279959168642222e-02,-2.556053626572292714e+01
7.186845000000000000e+09,-1.200228522326085567e-02,-2.561851401082894597e+01
7.186940000000000000e+09,-2.073316138286784849e-02,-2.566305754727962096e+01
7.187035000000000000e+09,2.021185935080538343e-02,-2.565792518683701573e+01
7.187130000000000000e+09,-1.467310295016233113e-02,-2.572862280942905500e+01
7.187225000000000000e+09,-1.178644143484319784e-02,-2.576154880820480386e+01
7.187320000000000000e+09,-1.241324389200570977e-02,-2.579798827095303437e+01
7.187415000000000000e+09,-2.315532677632958780e-02,-2.584454301412842980e+01
7.187510000000000000e+09,3.304010417867431215e-03,-2.585389633722530434e+01
7.187605000000000000e+09,4.826542381174192542e-03,-2.588818646555306557e+01
7.187700000000000000e+09,3.121891245857710828e-03,-2.592570377697978401e+01
7.187795000000000000e+09,-1.519755138298251040e-02,-2.597983587989969578e+01
7.187890000000000000e+09,-2.104902773858441378e-03,-2.600255589158164327e+01
7.187985000000000000e+09,-2.011428658764913280e-03,-2.603827507775761418e+01
7.188080000000000000e+09,-2.210798719432105486e-02,-2.609418429658424188e+01
7.188175000000000000e+09,4.498313907170370385e-03,-2.610339065577382200e+01
7.188270000000000000e+09,-3.151832797151854493e-02,-2.617521995794357892e+01
7.188365000000000000e+09,-1.045733226062850463e-02,-2.618997162252375688e+01
7.188460000000000000e+09,3.183944601975241540e-03,-2.621214300595222468e+01
7.188555000000000000e+09,5.393616713561755205e-03,-2.624574599413170617e+01
7.188650000000000000e+09,1.359482771363218490e-02,-2.627335744342270374e+01
7.188745000000000000e+09,1.144162950067695306e-02,-2.631132330192673052e+01
7.188840000000000000e+09,-9.947165670350699429e-03,-2.636852475738882973e+01
7.188935000000000000e+09,-2.770680636254496676e-02,-2.642209705837209199e+01
7.189030000000000000e+09,-2.669460902046338902e-02,-2.645689752132107841e+01
7.189125000000000000e+09,-4.771248166655084333e-04,-2.646649269740835209e+01
7.189220000000000000e+09,-9.935044273152726646e-03,-2.651176327715590730e+01
7.189315000000000000e+09,3.925886985282289743e-03,-2.653371500618854029e+01
7.189410000000000000e+09,-6.433374427008686780e-02,-2.663778729773498100e+01
7.189505000000000000e+09,4.004677888502783389e-05,-2.660922616697708065e+01
7.189600000000000000e+09,6.437354469078115926e-03,-2.663864151957828952e+01
7.189695000000000000e+09,-3.102211180430458626e-02,-2.671191364614274022e+01
7.189790000000000000e+09,1.976199116228727348e-02,-2.669694220346721991e+01
7.189885000000000000e+09,1.074350336033447206e-02,-2.674177335156024427e+01
7.189980000000000000e+09,1.670791232058377318e-03,-2.678665872397958481e+01
7.190075000000000000e+09,1.100872338599856448e-02,-2.681313345211671617e+01
7.190170000000000000e+09,-2.078325922333590370e-02,-2.688073809501712219e+01
7.190265000000000000e+09,-1.019999037136898323e-02,-2.690596748645622327e+01
7.190360000000000000e+09,1.797493642285985516e-03,-2.692978266273363630e+01
7.190455000000000000e+09,3.362019709307162429e-03,-2.696403079695768668e+01
7.190550000000000000e+09,-1.055941689284267682e-02,-2.701376489385090451e+01
7.190645000000000000e+09,-7.921458988114693511e-03,-2.704693959623724453e+01
7.190740000000000000e+09,-1.213536928938907522e-02,-2.708696616682959046e+01
7.190835000000000000e+09,2.754005876344223225e-03,-2.710788945195492872e+01
7.190930000000000000e+09,-1.153415603985763482e-02,-2.715799027416219857e+01
7.191025000000000000e+09,6.391711336640071295e-03,-2.717587706707676887e+01
7.191120000000000000e+09,-2.340185753993750950e-03,-2.722042162445847424e+01
7.191215000000000000e+09,-1.333997333052039380e-02,-2.726723407232606888e+01
7.191310000000000000e+09,-3.178538164938515820e-03,-2.729288529745155500e+01
7.191405000000000000e+09,-7.473794995139115827e-03,-2.733299321457282716e+01
7.191500000000000000e+09,-7.667460081556498608e-03,-2.736899953995031609e+01
7.191595000000000000e+09,-3.830383799217784713e-02,-2.743544857815233939e+01
7.191690000000000000e+09,8.221805641284163357e-03,-2.742473559480994538e+01
7.191785000000000000e+09,-3.319780347865730619e-03,-2.747208984109016683e+01
7.191880000000000000e+09,1.532712829066795734e-02,-2.748925559274270114e+01
7.191975000000000000e+09,-5.448198869093090480e-03,-2.754584358019353019e+01
7.192070000000000000e+09,-1.431382225741018033e-02,-2.759052186387291883e+01
7.192165000000000000e+09,-4.407316777809100472e-02,-2.765609386968467120e+01
7.192260000000000000e+09,1.483067184718933618e-02,-2.763300269035045886e+01
7.192355000000000000e+09,-1.182238407122326862e-02,-2.769546840655993947e+01
7.192450000000000000e+09,1.225212619528193159e-02,-2.770720655658450582e+01
7.192545000000000000e+09,-1.207268034308128790e-02,-2.776734402341393704e+01
7.192640000000000000e+09,3.174768758060508844e-02,-2.775933631578131866e+01
7.192735000000000000e+09,1.848217068583934974e-02,-2.780841449296715595e+01
7.192830000000000000e+09,-7.437138624499795014e-03,-2.787014646256856665e+01
7.192925000000000000e+09,-3.346036505556782004e-02,-2.793198234929070267e+01
7.193020000000000000e+09,2.577897366601078488e-02,-2.790855567086019207e+01
7.193115000000000000e+09,1.597733656235789113e-02,-2.795416996825491651e+01
7.193210000000000000e+09,2.217511578164632624e-02,-2.798378484932669608e+01
7.193305000000000000e+09,3.411222719908124645e-03,-2.803836140267950228e+01
7.193400000000000000e+09,2.689345019650346558e-03,-2.807489594067083161e+01
7.193495000000000000e+09,1.197752787170713873e-02,-2.810142041811018032e+01
7.193590000000000000e+09,-2.215565563172816610e-03,-2.815142617183612828e+01
7.193685000000000000e+09,1.892578074166451074e-02,-2.816609748582235895e+01
7.193780000000000000e+09,4.836386285589355793e-03,-2.821599954056950565e+01
7.193875000000000000e+09,-1.545562449527082549e-02,-2.827210421164143384e+01
7.193970000000000000e+09,2.753496126802801314e-02,-2.826492628616920300e+01
7.194065000000000000e+09,-2.863499233447797110e-02,-2.835690890006278053e+01
7.194160000000000000e+09,-2.140677144661751186e-02,-2.838549333946599162e+01
7.194255000000000000e+09,1.182668509091655551e-02,-2.838807254321952556e+01
7.194350000000000000e+09,-1.453613111246099265e-02,-2.845024801971397110e+01
7.194445000000000000e+09,-2.032679854522712048e-02,-2.849185134743780878e+01
7.194540000000000000e+09,-2.812257203411760997e-02,-2.853545978121776727e+01
7.194635000000000000e+09,3.622570502766819800e-03,-2.853952729897195084e+01
7.194730000000000000e+09,1.024586393225490610e-02,-2.856871666583353431e+01
7.194825000000000000e+09,1.737437863864244036e-02,-2.859740081141821832e+01
7.194920000000000000e+09,-2.768185515235543903e-02,-2.867826970550028420e+01
7.195015000000000000e+09,-7.828499863059334984e-03,-2.869422901050205610e+01
7.195110000000000000e+09,2.978711214851159639e-02,-2.869242605878155672e+01
7.195205000000000000e+09,-1.033533492290317213e-02,-2.876836116614403949e+01
7.195300000000000000e+09,5.389715886924051347e-03,-2.878844877562528026e+01
7.195395000000000000e+09,-1.691665534650965697e-02,-2.884656780715011948e+01
7.195490000000000000e+09,-1.756303612680554238e-02,-2.888302684822148692e+01
7.195585000000000000e+09,-1.220283151641510244e-02,-2.891347930390216447e+01
7.195680000000000000e+09,2.576927332072642685e-02,-2.891131985935609094e+01
7.195775000000000000e+09,1.112818564495299256e-02,-2.896177360732293593e+01
7.195870000000000000e+09,-1.311664551226243702e-02,-2.902183109877121936e+01
7.195965000000000000e+09,3.167309439242771418e-02,-2.901285401915759721e+01
7.196060000000000000e+09,-1.754028704752386147e-03,-2.908209380254584886e+01
7.196155000000000000e+09,1.049964609318010389e-02,-2.910565278803898792e+01
7.196250000000000000e+09,-8.260624244520897719e-03,-2.916022571866775692e+01
7.196345000000000000e+09,-5.845019753547120445e-03,-2.919362277446785114e+01
7.196440000000000000e+09,1.080659340225054166e-02,-2.921278382160312503e+01
7.196535000000000000e+09,1.964027879398599907e-02,-2.923976279650245758e+01
7.196630000000000000e+09,-2.480687704686346251e-03,-2.929769642329219792e+01
7.196725000000000000e+09,1.777308386354548020e-02,-2.931325531201503765e+01
7.196820000000000000e+09,-2.079858726463612584e-02,-2.938763964343429080e+01
7.196915000000000000e+09,2.019353287753133941e-02,-2.938246018358319134e+01
7.197010000000000000e+09,5.897829664647247228e-05,-2.943840739845514420e+01
7.197105000000000000e+09,1.234028446913981725e-02,-2.946193875257372241e+01
7.197200000000000000e+09,-8.332859098995726299e-03,-2.951842455643292595e+01
7.197295000000000000e+09,-1.642527409437377628e-03,-2.954754688503476956e+01
7.197390000000000000e+09,-2.959733014369803072e-02,-2.961131434806010176e+01
7.197485000000000000e+09,8.280886267325371364e-03,-2.960924879194014991e+01
7.197580000000000000e+09,-1.773828646225084071e-02,-2.967108062496079413e+01
7.197675000000000000e+09,2.164157897904317451e-02,-2.966751341981056811e+01
7.197770000000000000e+09,-6.758518308672023522e-03,-2.973172617738935486e+01
7.197865000000000000e+09,1.692326982476544117e-02,-2.974385704954698539e+01
7.197960000000000000e+09,4.186122447316620310e-02,-2.975473175518965263e+01
7.198055000000000000e+09,1.641670686842289228e-02,-2.981598893308546749e+01
7.198150000000000000e+09,1.657175072512018232e-02,-2.985164654951984176e+01
7.198245000000000000e+09,7.251034194233341168e-03,-2.989677992634179660e+01
7.198340000000000000e+09,8.748423582431996692e-04,-2.993896877846885474e+01
7.198435000000000000e+09,-3.222940105402472000e-03,-2.997887922122357196e+01
7.198530000000000000e+09,2.373610678708715227e-02,-2.998773283462215034e+01
7.198625000000000000e+09,-1.938988573206401611e-02,-3.006667148743236950e+01
7.198720000000000000e+09,-1.842384150800313591e-02,-3.010151810349938017e+01
7.198815000000000000e+09,-1.191126686467924856e-03,-3.012009804896891296e+01
7.198910000000000000e+09,-2.201976777865155555e-03,-3.015692155935138175e+01
7.199005000000000000e+09,2.485481570229808312e-02,-3.016567742716228651e+01
7.199100000000000000e+09,3.683540455823575144e-02,-3.018950949859742039e+01
7.199195000000000000e+09,7.334115609335611907e-03,-3.025482344783738853e+01
7.199290000000000000e+09,1.635170568967225790e-02,-3.028161851804845739e+01
7.199385000000000000e+09,-2.522303787090152127e-02,-3.035900592190009917e+01
7.199480000000000000e+09,2.474571964788907508e-02,-3.034484982467238012e+01
7.199575000000000000e+09,1.005259590413487558e-02,-3.039535560870720232e+01
7.199670000000000000e+09,-9.806577831383833654e-04,-3.044220152268554358e+01
7.199765000000000000e+09,2.933212068977297804e-02,-3.044770140450370377e+01
7.199860000000000000e+09,-3.487453433105969225e-03,-3.051633363891765072e+01
7.199955000000000000e+09,-9.405534646234059437e-05,-3.054875290112207509e+01
7.200050000000000000e+09,9.491941265839187736e-03,-3.057497956480084511e+01
7.200145000000000000e+09,2.865725781155958884e-04,-3.061999759377964025e+01
7.200240000000000000e+09,-1.491816606313633997e-02,-3.067101499271196019e+01
7.200335000000000000e+09,2.460778376451955296e-02,-3.066730170317537230e+01
7.200430000000000000e+09,2.187878849549562688e-02,-3.070584335873546777e+01
7.200525000000000000e+09,-2.697190725530518307e-02,-3.079050671477733658e+01
7.200620000000000000e+09,5.195784560243055239e-03,-3.079415168325285634e+01
7.200715000000000000e+09,3.390419755646689737e-03,-3.083176970834852426e+01
7.200810000000000000e+09,5.598744379344822164e-03,-3.086537404401589413e+01
7.200905000000000000e+09,-5.728562309116114193e-03,-3.091251401099542662e+01
7.201000000000000000e+09,4.651791759062717801e-03,-3.093794631721831578e+01
7.201095000000000000e+09,-1.487823299342139194e-02,-3.099328900226187145e+01
7.201190000000000000e+09,-4.033742937540552020e-03,-3.101825717249739256e+01
7.201285000000000000e+09,-9.894554868559168881e-04,-3.105102554533777948e+01
7.201380000000000000e+09,1.870762123792601983e-02,-3.106714112890406554e+01
7.201475000000000000e+09,-4.721048632077895491e-03,-3.112638245906514101e+01
7.201570000000000000e+09,-9.179227540798251539e-03,-3.116665329826492936e+01
7.201665000000000000e+09,2.152327999315417628e-02,-3.117176345102204493e+01
7.201760000000000000e+09,2.650800480230230960e-02,-3.120259138650396835e+01
7.201855000000000000e+09,-2.853386597967499938e-02,-3.129344591757701366e+01
7.201950000000000000e+09,-1.251426925492182818e-03,-3.130197613881389884e+01
7.202045000000000000e+09,2.911350088318442886e-03,-3.133362602209115977e+01
7.202140000000000000e+09,-2.040567421907724110e-02,-3.139275570668962345e+01
7.202235000000000000e+09,1.711986071689963751e-02,-3.139104283204471812e+01
7.202330000000000000e+09,2.112301368211078056e-02,-3.142285233937057498e+01
7.202425000000000000e+09,-1.141937701503437097e-02,-3.149120739035879168e+01
7.202520000000000000e+09,-1.209987451298744077e-02,-3.152770054814781275e+01
7.202615000000000000e+09,-1.758553077363345096e-02,-3.156899886469952676e+01
7.202710000000000000e+09,2.554111372311496098e-02,-3.156168488049384990e+01
7.202805000000000000e+09,-2.791741637327760373e-02,-3.165095607088131047e+01
7.202900000000000000e+09,4.466367600524989712e-03,-3.165438494719857943e+01
7.202995000000000000e+09,-3.967999798812371637e-02,-3.173434397307829613e+01
7.203090000000000000e+09,1.385363611166923192e-03,-3.172909127177041100e+01
7.203185000000000000e+09,-6.003792480125724751e-03,-3.177229308815277165e+01
7.203280000000000000e+09,2.662207211166389698e-02,-3.177547988385205002e+01
7.203375000000000000e+09,-3.305765172174801592e-02,-3.187097226797653349e+01
7.203470000000000000e+09,-1.049641243646703970e-02,-3.188422368898232406e+01
7.203565000000000000e+09,-8.465292747523278649e-03,-3.191800522958444830e+01
7.203660000000000000e+09,-5.486737784598716416e-02,-3.200021997497398019e+01
7.203755000000000000e+09,-2.522968748581178033e-02,-3.200639494490487635e+01
7.203850000000000000e+09,-9.148740757403572843e-03,-3.202612665846753970e+01
7.203945000000000000e+09,-5.261863663446320061e-02,-3.210540921463566377e+01
7.204040000000000000e+09,-3.665280234070422694e-02,-3.212525604063297635e+01
7.204135000000000000e+09,-2.419235792493878989e-02,-3.214860825650828247e+01
7.204230000000000000e+09,-2.144824006127521443e-02,-3.218167679893568334e+01
7.204325000000000000e+09,-5.923602249518467033e-02,-3.225527724166066434e+01
7.204420000000000000e+09,1.110930719534053424e-03,-3.223074294873701717e+01
7.204515000000000000e+09,-2.370132841579675187e-02,-3.229136786816341953e+01
7.204610000000000000e+09,-4.104896580910377679e-02,-3.234452816584779100e+01
7.204705000000000000e+09,3.118830146235040957e-03,-3.233617303018352374e+01
7.204800000000000000e+09,-1.949244229104607484e-02,-3.239459696291187640e+01
7.204895000000000000e+09,-5.521734926365695628e-02,-3.246613453017555173e+01
7.204990000000000000e+09,-4.896985561161670830e-02,-3.249569969681458304e+01
7.205085000000000000e+09,-5.737958747992877306e-02,-3.253992208897430061e+01
7.205180000000000000e+09,-5.137851306783147720e-02,-3.256973367485327486e+01
7.205275000000000000e+09,-6.746794621894025568e-02,-3.262163576829544809e+01
7.205370000000000000e+09,-7.759602342208893333e-02,-3.266757650578966832e+01
7.205465000000000000e+09,-5.728205749173298500e-02,-3.268307520015038392e+01
7.205560000000000000e+09,-8.491427575542331851e-02,-3.274652007870513870e+01
7.205655000000000000e+09,-1.035258704411745612e-01,-3.280094433368196150e+01
7.205750000000000000e+09,-1.297173632094583695e-01,-3.286294848674131686e+01
7.205845000000000000e+09,-1.052918852386071080e-01,-3.287433566906153004e+01
7.205940000000000000e+09,-1.000594076226306584e-01,-3.290491585173662514e+01
7.206035000000000000e+09,-2.025792924008129603e-01,-3.304324839680587900e+01
7.206130000000000000e+09,-1.636783184810042258e-01,-3.304016008317714181e+01
7.206225000000000000e+09,-1.716829032485378548e-01,-3.308397732823573989e+01
7.206320000000000000e+09,-2.848927918274029025e-01,-3.323299987710567649e+01
7.206415000000000000e+09,1.039709404293631678e-02,-3.297352265152640882e+01
7.206510000000000000e+09,3.936764899734086498e-01,-3.262605591588700094e+01
7.206605000000000000e+09,2.849679195941945409e-01,-3.277057714655728660e+01
7.206700000000000000e+09,1.743604683894730556e-01,-3.291699725805307963e+01
7.206795000000000000e+09,1.706870489997101004e-01,-3.295648333773391414e+01
7.206890000000000000e+09,1.610898928310788847e-01,-3.300189315419360980e+01
7.206985000000000000e+09,1.355693912610718144e-01,-3.306322631605502238e+01
7.207080000000000000e+09,8.660186091461952174e-02,-3.314800650669254622e+01
7.207175000000000000e+09,5.976661714337438980e-02,-3.321065441075486291e+01
7.207270000000000000e+09,6.638153116946199361e-02,-3.323985215701983975e+01
7.207365000000000000e+09,7.078745499622840498e-02,-3.327125889348414489e+01
7.207460000000000000e+09,6.116364989059519530e-02,-3.331669535888084965e+01
7.207555000000000000e+09,1.023327903013964146e-01,-3.331133887876111288e+01
7.207650000000000000e+09,8.040615941731488192e-02,-3.336907816993626597e+01
7.207745000000000000e+09,6.610704724563021273e-02,-3.341918994239902219e+01
7.207840000000000000e+09,5.750002398393405656e-02,-3.346360962595178989e+01
7.207935000000000000e+09,5.371987616479856342e-02,-3.350320243406198983e+01
7.208030000000000000e+09,8.080224146993231216e-02,-3.351193272904792764e+01
7.208125000000000000e+09,4.781061251685514435e-02,-3.358073701829207636e+01
7.208220000000000000e+09,4.444309996873130331e-02,-3.361991719113126464e+01
7.208315000000000000e+09,-1.019042039359874252e-03,-3.370119199343042737e+01
7.208410000000000000e+09,5.341958247088740563e-02,-3.368256602921125165e+01
7.208505000000000000e+09,3.729436595557444889e-02,-3.373450390601763615e+01
7.208600000000000000e+09,5.985879682324224405e-02,-3.374775213544103281e+01
7.208695000000000000e+09,5.267703020090408472e-02,-3.379074656235444252e+01
7.208790000000000000e+09,3.817691923991617386e-02,-3.384105933360650198e+01
7.208885000000000000e+09,6.106907800103300588e-02,-3.385397983513679065e+01
7.208980000000000000e+09,2.889976028798457719e-02,-3.392196181314090353e+01
7.209075000000000000e+09,1.541544330250843586e-02,-3.397125879041745122e+01
7.209170000000000000e+09,3.824615708204959219e-02,-3.398424073692897451e+01
7.209265000000000000e+09,-2.920857139649513101e-03,-3.406122041144174517e+01
7.209360000000000000e+09,5.527095595851960752e-04,-3.409355950503358201e+01
7.209455000000000000e+09,1.329710542343320867e-02,-3.411662776946080555e+01
7.209550000000000000e+09,4.208687489227003198e-02,-3.412365066028303318e+01
7.209645000000000000e+09,3.987184110918917668e-03,-3.419756301135545584e+01
7.209740000000000000e+09,1.856814118512772893e-02,-3.421879471457231858e+01
7.209835000000000000e+09,2.664800440257408809e-02,-3.424652751164593667e+01
7.209930000000000000e+09,2.620378863169747774e-02,-3.428278438770788483e+01
7.210025000000000000e+09,2.759237473932785178e-02,-3.431720846189132601e+01
7.210120000000000000e+09,2.192259148175423888e-02,-3.435869090543997117e+01
7.210215000000000000e+09,5.988039676559253621e-03,-3.441043811753623061e+01
7.210310000000000000e+09,2.341384145687896989e-02,-3.442882497604698244e+01
7.210405000000000000e+09,5.396896474391610354e-02,-3.443408251305101686e+01
7.210500000000000000e+09,1.203637137388824385e-02,-3.451182776671210917e+01
7.210595000000000000e+09,2.222092801082453661e-02,-3.453745587036624443e+01
7.210690000000000000e+09,2.474183858422662752e-02,-3.457074762008391389e+01
7.210785000000000000e+09,1.915699327690845166e-02,-3.461214512568230361e+01
7.210880000000000000e+09,5.827602520511732109e-03,-3.466128717673009874e+01
7.210975000000000000e+09,1.321808512969369076e-02,-3.468970935441198833e+01
7.211070000000000000e+09,7.242732580166943990e-03,-3.473149736725258663e+01
7.211165000000000000e+09,2.605598608248271830e-02,-3.474849677404134241e+01
7.211260000000000000e+09,-2.122454065236922816e-03,-3.481248787448012649e+01
7.211355000000000000e+09,3.732111333679455356e-02,-3.480885696736916657e+01
7.211450000000000000e+09,-1.536625586226136875e-03,-3.488352736658325881e+01
7.211545000000000000e+09,1.942199102889929918e-02,-3.489838141025919782e+01
7.211640000000000000e+09,2.664837418785737100e-02,-3.492696768739131130e+01
7.211735000000000000e+09,-4.588744289058865888e-03,-3.499401746615929909e+01
7.211830000000000000e+09,2.818260719019605176e-02,-3.499705877497111572e+01
7.211925000000000000e+09,1.389712383437569088e-02,-3.504715691861800053e+01
7.212020000000000000e+09,5.410888924559031921e-02,-3.504275781349785746e+01
7.212115000000000000e+09,2.682200813731583366e-02,-3.510585735489720349e+01
7.212210000000000000e+09,1.551892625699480277e-02,-3.515297309706858897e+01
7.212305000000000000e+09,3.550590531263253524e-02,-3.516879877830402279e+01
7.212400000000000000e+09,-6.366387761801206580e-03,-3.524648373166952808e+01
7.212495000000000000e+09,-6.029267666612270204e-03,-3.528195927186540359e+01
7.212590000000000000e+09,5.952918431165699076e-02,-3.525221348017820588e+01
7.212685000000000000e+09,4.027611839061506771e-02,-3.530727920639031936e+01
7.212780000000000000e+09,5.133691326690836831e-02,-3.533203107180543157e+01
7.212875000000000000e+09,2.874782469635306370e-02,-3.539043282066705132e+01
7.212970000000000000e+09,4.486031404589141403e-03,-3.545050727424988679e+01
7.213065000000000000e+09,2.462233318050266462e-02,-3.546618363276504482e+01
7.213160000000000000e+09,1.934438791077042197e-02,-3.550727423832584861e+01
7.213255000000000000e+09,7.075492838050223554e-02,-3.549167635814718125e+01
7.213350000000000000e+09,3.582560791419808766e-02,-3.556241833890455695e+01
7.213445000000000000e+09,3.371024359879726262e-02,-3.560034636351102932e+01
7.213540000000000000e+09,1.738993802609911654e-02,-3.565247932937479192e+01
7.213635000000000000e+09,1.442780460292425460e-02,-3.569125412308903833e+01
7.213730000000000000e+09,2.042373754810711262e-02,-3.572107085043492702e+01
7.213825000000000000e+09,2.790964120730166087e-02,-3.574939760706679692e+01
7.213920000000000000e+09,7.140053906248056137e-03,-3.580597985465892208e+01
7.214015000000000000e+09,-5.420529175900412611e-03,-3.585435309803214210e+01
7.214110000000000000e+09,2.304383458759673431e-02,-3.586170139455971650e+01
7.214205000000000000e+09,6.764378363127576677e-02,-3.585291410580710192e+01
7.214300000000000000e+09,9.505294543764364334e-03,-3.594686525518568487e+01
7.214395000000000000e+09,-8.399282482216108292e-03,-3.600058249250273690e+01
7.214490000000000000e+09,4.272570558413235631e-02,-3.598527016472745288e+01
7.214585000000000000e+09,9.217525676106674837e-03,-3.605459100492655011e+01
7.214680000000000000e+09,1.820295035065555567e-02,-3.608141824054340674e+01
7.214775000000000000e+09,1.347857431787247151e-02,-3.612195527686726138e+01
7.214870000000000000e+09,2.982202331791938832e-02,-3.614142448815827890e+01
7.214965000000000000e+09,5.397603861493394106e-02,-3.615308313315233590e+01
7.215060000000000000e+09,1.938901345609878035e-02,-3.622348281860224262e+01
7.215155000000000000e+09,3.117462440449969563e-02,-3.624750986794491325e+01
7.215250000000000000e+09,2.234920642852955552e-02,-3.629214794621194784e+01
7.215345000000000000e+09,5.611384728390333976e-02,-3.629419596564764561e+01
7.215440000000000000e+09,1.170757242069697668e-02,-3.637441490080192352e+01
7.215535000000000000e+09,2.274781582453044848e-02,-3.639918731768915450e+01
7.215630000000000000e+09,1.937331289695976011e-03,-3.645581046251506052e+01
7.215725000000000000e+09,4.838283390269282336e-02,-3.644517762019313523e+01
7.215820000000000000e+09,6.248641260924614471e-03,-3.652312447312596788e+01
7.215915000000000000e+09,1.976302160544918252e-02,-3.654542275307251487e+01
7.216010000000000000e+09,2.798162349701271978e-02,-3.657301681147202288e+01
7.216105000000000000e+09,6.825725460252130006e-02,-3.656855384065758585e+01
7.216200000000000000e+09,3.279828201404910715e-02,-3.663982547353712249e+01
7.216295000000000000e+09,4.564483271600039416e-02,-3.666279158312624276e+01
7.216390000000000000e+09,2.422137540663271693e-02,-3.672002770072668199e+01
7.216485000000000000e+09,1.848373830796390394e-02,-3.676157799811641524e+01
7.216580000000000000e+09,5.762549025027396965e-02,-3.675824890646551069e+01
7.216675000000000000e+09,2.711938874006847300e-02,-3.682456766826678773e+01
7.216770000000000000e+09,4.852407843358719219e-02,-3.683897563886434057e+01
7.216865000000000000e+09,6.492039681770478410e-02,-3.685839198077128742e+01
7.216960000000000000e+09,3.084182135050639317e-02,-3.692828321652955736e+01
7.217055000000000000e+09,1.336873637826840877e-02,-3.698156896179286690e+01
7.217150000000000000e+09,1.960276518399695078e-02,-3.701114759327820991e+01
7.217245000000000000e+09,2.981650341680364136e-02,-3.703674651533646767e+01
7.217340000000000000e+09,3.331149472061412098e-02,-3.706906418432372874e+01
7.217435000000000000e+09,4.448195014187916740e-02,-3.709370638919353524e+01
7.217530000000000000e+09,7.254396629136294905e-03,-3.716674660299734256e+01
7.217625000000000000e+09,3.508677179119246148e-02,-3.717472688812635795e+01
7.217720000000000000e+09,4.648968552992016612e-02,-3.719913663467870180e+01
7.217815000000000000e+09,2.217248305461083646e-02,-3.725926649744507557e+01
7.217910000000000000e+09,2.304629080906295258e-02,-3.729420534998169501e+01
7.218005000000000000e+09,3.067557049157443316e-02,-3.732238873059025508e+01
7.218100000000000000e+09,3.596471433943548845e-02,-3.735291224703346558e+01
7.218195000000000000e+09,2.160927663850031877e-02,-3.740308034502546519e+01
7.218290000000000000e+09,4.115750360958259080e-02,-3.741934477834545447e+01
7.218385000000000000e+09,2.585364592509620252e-02,-3.747046129632101241e+01
7.218480000000000000e+09,2.014771697329820199e-02,-3.751197988556387486e+01
7.218575000000000000e+09,4.830346243868177680e-02,-3.751963680038989679e+01
7.218670000000000000e+09,2.347075003675769267e-02,-3.758028217308289243e+01
7.218765000000000000e+09,3.165991153519343015e-02,-3.760790567187552824e+01
7.218860000000000000e+09,3.553546683237129855e-02,-3.763984277686941482e+01
7.218955000000000000e+09,3.989328823119109302e-02,-3.767129761576166658e+01
7.219050000000000000e+09,3.715982584900245911e-02,-3.770984373843492676e+01
7.219145000000000000e+09,1.625555856395521914e-02,-3.776656066601104556e+01
7.219240000000000000e+09,4.745645236035045400e-02,-3.777117243250571477e+01
7.219335000000000000e+09,1.117698162386915328e-02,-3.784326456353326762e+01
7.219430000000000000e+09,3.470554119832769402e-02,-3.785554866424988063e+01
7.219525000000000000e+09,4.084547758153433961e-02,-3.788522138815773843e+01
7.219620000000000000e+09,2.877101495429457145e-02,-3.793310851107604975e+01
7.219715000000000000e+09,3.693552910326758365e-02,-3.796075665721814829e+01
7.219810000000000000e+09,4.206321109855082341e-02,-3.799144163551392950e+01
7.219905000000000000e+09,3.866140202931234171e-02,-3.803065610487423953e+01
7.220000000000000000e+09,4.588859525000543726e-03,-3.810054130766962288e+01
7.220095000000000000e+09,3.241289259204904738e-02,-3.810852993489364593e+01
7.220190000000000000e+09,2.975669850490447743e-02,-3.814699878927185495e+01
7.220285000000000000e+09,3.542073837150638838e-02,-3.817714740969632459e+01
7.220380000000000000e+09,2.730977977538628920e-02,-3.822107102858351624e+01
7.220475000000000000e+09,3.132692923433921806e-02,-3.825286653941596882e+01
7.220570000000000000e+09,2.915182120856485426e-02,-3.829085430773280763e+01
7.220665000000000000e+09,2.626698379760483704e-02,-3.832955180543483920e+01
7.220760000000000000e+09,3.967463018563677224e-02,-3.835195681933787881e+01
7.220855000000000000e+09,-2.007904920164804707e-02,-3.844752315901622808e+01
7.220950000000000000e+09,2.840948694124278973e-02,-3.843484728316440879e+01
7.221045000000000000e+09,4.616391103297701193e-02,-3.845290551936374612e+01
7.221140000000000000e+09,4.138710136483325641e-02,-3.849349498932295432e+01
7.221235000000000000e+09,2.044645306105508098e-02,-3.855024829791780405e+01
7.221330000000000000e+09,1.682158650080367579e-02,-3.858968582476912701e+01
7.221425000000000000e+09,1.489269211378285718e-02,-3.862742737944721938e+01
7.221520000000000000e+09,1.275173191189793442e-02,-3.866538099994016875e+01
7.221615000000000000e+09,3.437464206378848530e-02,-3.867957075007934975e+01
7.221710000000000000e+09,4.451655540557908353e-02,-3.870524149702863070e+01
7.221805000000000000e+09,7.141048510108305436e-02,-3.871416022762419118e+01
7.221900000000000000e+09,1.370365526093308972e-02,-3.880767971775541270e+01
7.221995000000000000e+09,4.807740621823342053e-02,-3.880911862708918392e+01
7.222090000000000000e+09,6.701465783545756949e-02,-3.882599403576303132e+01
7.222185000000000000e+09,3.361720140846813365e-02,-3.889520415248108520e+01
7.222280000000000000e+09,1.769205681522834084e-02,-3.894694195736539655e+01
7.222375000000000000e+09,4.608571825320950666e-02,-3.895436095621882089e+01
7.222470000000000000e+09,3.733042481125181666e-02,-3.899892890995185013e+01
7.222565000000000000e+09,4.167033809763154295e-02,-3.903040165695653485e+01
7.222660000000000000e+09,-1.092877018670890266e-02,-3.911881342553194685e+01
7.222755000000000000e+09,3.421333556499916995e-02,-3.910948398007131033e+01
7.222850000000000000e+09,3.271974727228865731e-02,-3.914679022865508529e+01
7.222945000000000000e+09,-2.248272641062243338e-02,-3.923780536262906793e+01
7.223040000000000000e+09,2.892946061477630337e-02,-3.922220583589474074e+01
7.223135000000000000e+09,-1.241685623219268564e-02,-3.929936481303277418e+01
7.223230000000000000e+09,1.377847658293518407e-02,-3.930898214050871786e+01
7.223325000000000000e+09,3.380704800012779287e-02,-3.932476622938259680e+01
7.223420000000000000e+09,3.115800276897573440e-02,-3.936322793490482042e+01
7.223515000000000000e+09,1.405064173245307302e-02,-3.941614795623240752e+01
7.223610000000000000e+09,1.850906964296683554e-02,-3.944750218861296531e+01
7.223705000000000000e+09,3.546448761037623854e-02,-3.946635943093662746e+01
7.223800000000000000e+09,1.741950940527203784e-02,-3.952021706943279611e+01
7.223895000000000000e+09,1.295696717780003837e-02,-3.956049227195133966e+01
7.223990000000000000e+09,-1.833671128952119034e-02,-3.962759861070973244e+01
7.224085000000000000e+09,1.441026922354637918e-02,-3.963066429048773642e+01
7.224180000000000000e+09,2.703901880544634651e-02,-3.965384820119690090e+01
7.224275000000000000e+09,1.785985626846553487e-02,-3.969884002402495327e+01
7.224370000000000000e+09,2.701104364728479368e-02,-3.972550149693753951e+01
7.224465000000000000e+09,2.687393352061206997e-02,-3.976145126735528379e+01
7.224560000000000000e+09,-2.396785538969936624e-03,-3.982653464670593024e+01
7.224655000000000000e+09,-3.380941948400106867e-03,-3.986333146340643196e+01
7.224750000000000000e+09,1.780548654488001148e-02,-3.987795769520422340e+01
7.224845000000000000e+09,3.807223262919023909e-02,-3.989350360941097762e+01
7.224940000000000000e+09,1.469748295697570484e-03,-3.996591875403554184e+01
7.225035000000000000e+09,1.590721647489345969e-02,-3.998729394614741750e+01
7.225130000000000000e+09,7.512045643878195733e-04,-4.003826261834898759e+01
7.225225000000000000e+09,1.453477006450043518e-04,-4.007468113550380195e+01
7.225320000000000000e+09,1.334108676364564872e-02,-4.009729805673187286e+01
7.225415000000000000e+09,2.686287398756093125e-02,-4.011958892979902913e+01
7.225510000000000000e+09,4.217605145697689295e-03,-4.017804685893195682e+01
7.225605000000000000e+09,1.407069774638358695e-02,-4.020400642662234247e+01
7.225700000000000000e+09,3.030498438454998222e-02,-4.022358480027524763e+01
7.225795000000000000e+09,1.891266201951680159e-02,-4.027078978293134526e+01
7.225890000000000000e+09,2.966485450341593832e-02,-4.029585025073851767e+01
7.225985000000000000e+09,3.740548628444884116e-02,-4.032392227924855632e+01
7.226080000000000000e+09,3.100715522118946410e-02,-4.036613327060288725e+01
7.226175000000000000e+09,3.133210167342070918e-02,-4.040162098444172045e+01
7.226270000000000000e+09,-1.808759665393466776e-02,-4.048685334306048134e+01
7.226365000000000000e+09,1.767574839687569010e-02,-4.048690265830074253e+01
7.226460000000000000e+09,3.138974518416404180e-02,-4.050900132180452573e+01
7.226555000000000000e+09,3.099588708060707631e-03,-4.057310413857169351e+01
7.226650000000000000e+09,3.441488762165789694e-02,-4.057760149994916787e+01
7.226745000000000000e+09,2.770869013481558341e-03,-4.064505817884841576e+01
7.226840000000000000e+09,2.517925439292412193e-02,-4.065846245376003765e+01
7.226935000000000000e+09,4.782556382946978601e-02,-4.067162880461456353e+01
7.227030000000000000e+09,1.107858386814086771e-02,-4.074418844486696401e+01
7.227125000000000000e+09,-2.325238249774486121e-02,-4.081433207152391418e+01
7.227220000000000000e+09,1.807478218194802366e-02,-4.080881756713529285e+01
7.227315000000000000e+09,2.602098137005981471e-02,-4.083668402823825261e+01
7.227410000000000000e+09,-8.401119514253707621e-03,-4.090691878941363768e+01
7.227505000000000000e+09,3.777766991746034364e-03,-4.093055256319870239e+01
7.227600000000000000e+09,-2.720002326297787931e-02,-4.099734301374449785e+01
7.227695000000000000e+09,-1.927932310453428499e-02,-4.102523497387712581e+01
7.227790000000000000e+09,6.922386233753741180e-03,-4.103484592482990223e+01
7.227885000000000000e+09,7.307844333716673191e-03,-4.107027312702101085e+01
7.227980000000000000e+09,3.794018204366977898e-02,-4.107545344960212930e+01
7.228075000000000000e+09,7.299470117700934679e-04,-4.114847634492510053e+01
7.228170000000000000e+09,3.658257086826210980e-03,-4.118136069514144282e+01
7.228265000000000000e+09,-5.007553598844083353e-02,-4.127090714850778141e+01
7.228360000000000000e+09,-8.612446514518978802e-03,-4.126525671932493111e+01
7.228455000000000000e+09,-7.953655303040818580e-03,-4.130041058840451740e+01
7.228550000000000000e+09,-1.653490083207032058e-03,-4.132992308347575516e+01
7.228645000000000000e+09,-1.142172522521889277e-02,-4.137550397890883858e+01
7.228740000000000000e+09,-4.212155390776928243e-02,-4.144201646788246052e+01
7.228835000000000000e+09,-8.047462067125366048e-03,-4.144375503633288105e+01
7.228930000000000000e+09,-3.339073537991765761e-02,-4.150491096993674489e+01
7.229025000000000000e+09,-3.095724181981296397e-02,-4.153829013666771175e+01
7.229120000000000000e+09,-5.542412277602437598e-02,-4.159856967791498761e+01
7.229215000000000000e+09,-5.070153707310254276e-02,-4.162965975250313733e+01
7.229310000000000000e+09,-3.581786348894411276e-02,-4.165058873921005045e+01
7.229405000000000000e+09,-7.792345459381522232e-02,-4.172850699060599311e+01
7.229500000000000000e+09,-6.310102923178817491e-02,-4.174949722553503051e+01
7.229595000000000000e+09,-1.203667789665132659e-01,-4.184257563556082715e+01
7.229690000000000000e+09,-1.410533555246686888e-01,-4.189907487241005413e+01
7.229785000000000000e+09,-1.204973311083037402e-01,-4.191433150828475362e+01
7.229880000000000000e+09,-1.931259818597439448e-01,-4.202277281932726538e+01
7.229975000000000000e+09,-1.990510148502480092e-01,-4.206451051260884100e+01
7.230070000000000000e+09,-1.439702429865832300e-01,-4.204524240103658173e+01
7.230165000000000000e+09,-3.432731429292275038e-01,-4.228035796127029045e+01
7.230260000000000000e+09,-2.921880267571452805e-02,-4.200211628130784902e+01
7.230355000000000000e+09,5.278266912733471372e-01,-4.148088344764985891e+01
7.230450000000000000e+09,3.350160330935878505e-01,-4.170950676612068975e+01
7.230545000000000000e+09,2.660206329216165955e-01,-4.181431482658372545e+01
7.230640000000000000e+09,1.950554412660352455e-01,-4.192109267853037835e+01
7.230735000000000000e+09,1.741707098913849450e-01,-4.197779007019610020e+01
7.230830000000000000e+09,1.489588662676482045e-01,-4.203881457411090139e+01
7.230925000000000000e+09,1.452090594705381932e-01,-4.207837704119908295e+01
7.231020000000000000e+09,1.713943513103117766e-01,-4.208800440965038092e+01
7.231115000000000000e+09,1.074354053968278322e-01,-4.218777601585493642e+01
7.231210000000000000e+09,1.314282475431483022e-01,-4.219959583399968039e+01
7.231305000000000000e+09,8.256185420983541690e-02,-4.228427488762406483e+01
7.231400000000000000e+09,1.050120120639945753e-01,-4.229763739006097722e+01
7.231495000000000000e+09,1.038104119735479003e-01,-4.233465165044248835e+01
7.231590000000000000e+09,9.527416563516055703e-02,-4.237900055707194724e+01
7.231685000000000000e+09,8.600741924369970093e-02,-4.242407996375447965e+01
7.231780000000000000e+09,7.175589926205105940e-02,-4.247414414402719274e+01
7.231875000000000000e+09,8.235694247358793518e-02,-4.249935576110672741e+01
7.231970000000000000e+09,7.118449471350629665e-02,-4.254634086915788060e+01
7.232065000000000000e+09,1.023512750082389289e-01,-4.255098674915455348e+01
7.232160000000000000e+09,1.059966899624029679e-01,-4.258315399449145389e+01
7.232255000000000000e+09,6.204632766120710130e-02,-4.266291701708372130e+01
7.232350000000000000e+09,9.579440542297135153e-02,-4.266498159961302861e+01
7.232445000000000000e+09,7.620449823666319844e-02,-4.272038416709040121e+01
7.232540000000000000e+09,7.116377438821785972e-02,-4.276123755122991810e+01
7.232635000000000000e+09,8.177281590825202784e-02,-4.278644117000095548e+01
7.232730000000000000e+09,5.641566761710947731e-02,-4.284761097858316958e+01
7.232825000000000000e+09,8.098085643844399328e-02,-4.285885845005289951e+01
7.232920000000000000e+09,8.357528244242473647e-02,-4.289207668433999032e+01
7.233015000000000000e+09,5.107001269313826697e-02,-4.296039461438034834e+01
7.233110000000000000e+09,6.101529734190336285e-02,-4.298626199002264769e+01
7.233205000000000000e+09,9.102360103649687062e-02,-4.299206634661912574e+01
7.233300000000000000e+09,9.550254111358214004e-02,-4.302340006683311202e+01
7.233395000000000000e+09,7.420815553305004642e-02,-4.308050711270471567e+01
7.233490000000000000e+09,6.620392652835249692e-02,-4.312432400200047766e+01
7.233585000000000000e+09,4.384488676019060449e-02,-4.318249570205971111e+01
7.233680000000000000e+09,5.570994549518815120e-02,-4.320644330361578511e+01
7.233775000000000000e+09,9.859025925494790954e-02,-4.319937565014708980e+01
7.233870000000000000e+09,7.785890074392654014e-02,-4.325591966894918272e+01
7.233965000000000000e+09,6.620327192109698444e-02,-4.330338795806341778e+01
7.234060000000000000e+09,8.138013733577764697e-02,-4.332402375293980867e+01
7.234155000000000000e+09,7.393543774394828461e-02,-4.336728111282270248e+01
7.234250000000000000e+09,6.564763405934570528e-02,-4.341138157679837661e+01
7.234345000000000000e+09,7.047787587953990851e-02,-4.344236399526925396e+01
7.234440000000000000e+09,6.438763032941352549e-02,-4.348426690111045190e+01
7.234535000000000000e+09,7.205776241161743201e-02,-4.351240942931931244e+01
7.234630000000000000e+09,6.283661121367600799e-02,-4.355744324080832541e+01
7.234725000000000000e+09,6.506436499655166017e-02,-4.359102814731652131e+01
7.234820000000000000e+09,6.496002904484754481e-02,-4.362694514355928987e+01
7.234915000000000000e+09,8.736533137560797968e-02,-4.364035250151960099e+01
7.235010000000000000e+09,4.226897871904355952e-02,-4.372126151446723696e+01
7.235105000000000000e+09,6.679259509996882116e-02,-4.373255055837737615e+01
7.235200000000000000e+09,4.168229509544829625e-02,-4.379347351867296823e+01
7.235295000000000000e+09,5.006002048335034260e-02,-4.382090845357613773e+01
7.235390000000000000e+09,5.148885890866239379e-02,-4.385529227544189013e+01
7.235485000000000000e+09,1.048385697229079483e-01,-4.383775522491871612e+01
7.235580000000000000e+09,2.064106514237096235e-02,-4.395776538979032466e+01
7.235675000000000000e+09,8.573452873478970560e-02,-4.392848458648897747e+01
7.235770000000000000e+09,6.469416233876756905e-02,-4.398533761317606405e+01
7.235865000000000000e+09,6.866597781957040070e-02,-4.401717845798666673e+01
7.235960000000000000e+09,8.496364998960359571e-02,-4.403669344610770509e+01
7.236055000000000000e+09,7.221486426168866046e-02,-4.408525489212669157e+01
7.236150000000000000e+09,5.851713476934605751e-02,-4.413476528191009862e+01
7.236245000000000000e+09,5.969243994241679729e-02,-4.416940263702809943e+01
7.236340000000000000e+09,5.669486704896797846e-02,-4.420821287021261980e+01
7.236435000000000000e+09,7.003698192543339474e-02,-4.423068341562721884e+01
7.236530000000000000e+09,8.451670884787176874e-02,-4.425201634899585201e+01
7.236625000000000000e+09,4.967883811764295388e-02,-4.432266688001715238e+01
7.236720000000000000e+09,5.943118496738719614e-02,-4.434872719345847969e+01
7.236815000000000000e+09,9.295608875179084407e-02,-4.435101494996514049e+01
7.236910000000000000e+09,3.319704060361061693e-02,-4.444658665840439227e+01
7.237005000000000000e+09,4.145570766045381106e-02,-4.447414065163862062e+01
7.237100000000000000e+09,7.611305969121673343e-02,-4.447529595989892215e+01
7.237195000000000000e+09,2.339237691297313404e-02,-4.456382930296823730e+01
7.237290000000000000e+09,5.762115231248543523e-02,-4.456541318785979655e+01
7.237385000000000000e+09,5.038315721461117391e-02,-4.460846384324874236e+01
7.237480000000000000e+09,6.498719187474932824e-02,-4.462967246887966866e+01
7.237575000000000000e+09,7.041732180973525601e-02,-4.466005499923575428e+01
7.237670000000000000e+09,4.399438305630098967e-02,-4.472229059828026010e+01
7.237765000000000000e+09,3.785542325204005465e-02,-4.476424221837558548e+01
7.237860000000000000e+09,4.824307414212825051e-02,-4.478966722777690279e+01
7.237955000000000000e+09,4.029555635118242662e-02,-4.483342740585892017e+01
7.238050000000000000e+09,4.539076193805868797e-02,-4.486414486056311546e+01
7.238145000000000000e+09,5.789129757715727465e-02,-4.488745698521508132e+01
7.238240000000000000e+09,3.781273172437238372e-02,-4.494334821135893776e+01
7.238335000000000000e+09,5.344555048729660029e-02,-4.496352805288708510e+01
7.238430000000000000e+09,7.277085507978853229e-02,-4.498001540858566472e+01
7.238525000000000000e+09,6.593885998375270674e-02,-4.502266006397276499e+01
7.238620000000000000e+09,4.663641625899117571e-02,-4.507777516798859807e+01
7.238715000000000000e+09,4.445303791771948454e-02,-4.511577120662094131e+01
7.238810000000000000e+09,1.081688391762796186e-01,-4.508786806565344563e+01
7.238905000000000000e+09,6.568251821651927003e-02,-4.516616704690427753e+01
7.239000000000000000e+09,2.141608665181138349e-02,-4.524624613876005697e+01
7.239095000000000000e+09,4.282421645906708818e-02,-4.526065066924386571e+01
7.239190000000000000e+09,7.783985532897474968e-02,-4.526144769066502960e+01
7.239285000000000000e+09,3.495565325766136766e-02,-4.534014455302741453e+01
7.239380000000000000e+09,3.741173677450859714e-02,-4.537350112980163175e+01
7.239475000000000000e+09,4.620176895893735036e-02,-4.540052375790827455e+01
7.239570000000000000e+09,6.201157563886283697e-02,-4.542052661151942061e+01
7.239665000000000000e+09,6.370260146274375757e-02,-4.545464824598661124e+01
7.239760000000000000e+09,1.672143256065794503e-02,-4.553744207518009546e+01
7.239855000000000000e+09,5.323147927006743885e-02,-4.553674468876175752e+01
7.239950000000000000e+09,5.824761860688454362e-02,-4.556754120971601196e+01
7.240045000000000000e+09,5.808115621395160133e-02,-4.560352033240001646e+01
7.240140000000000000e+09,3.660403120407096367e-02,-4.566081011770096154e+01
7.240235000000000000e+09,3.354730175122000446e-02,-4.569967950744488405e+01
7.240330000000000000e+09,8.743168038603243986e-02,-4.568160778910114317e+01
7.240425000000000000e+09,4.611032805078707497e-02,-4.575874180172745298e+01
7.240520000000000000e+09,4.208752376703728260e-02,-4.579857726630227432e+01
7.240615000000000000e+09,3.571735340256765312e-02,-4.584076009695781551e+01
7.240710000000000000e+09,3.114624500393148310e-02,-4.588114386564752323e+01
7.240805000000000000e+09,1.496900921996768830e-02,-4.593313376172255147e+01
7.240900000000000000e+09,3.975017933149871396e-02,-4.594416525190209200e+01
7.240995000000000000e+09,1.402922688570384935e-02,-4.600569886463895841e+01
7.241090000000000000e+09,5.293304165112289184e-02,-4.600260771016460382e+01
7.241185000000000000e+09,6.146190591096711842e-02,-4.602989150619583114e+01
7.241280000000000000e+09,1.557038354438589067e-02,-4.611159568885348392e+01
7.241375000000000000e+09,8.039234268366612923e-03,-4.615493949842057475e+01
7.241470000000000000e+09,7.587426619551251861e-02,-4.612291712678449329e+01
7.241565000000000000e+09,2.966447714561581961e-02,-4.620493957612546154e+01
7.241660000000000000e+09,4.560220386769486822e-02,-4.622481450969478800e+01
7.241755000000000000e+09,2.829294336619625483e-02,-4.627793643048735817e+01
7.241850000000000000e+09,1.727335329986345869e-02,-4.632476868084475541e+01
7.241945000000000000e+09,4.390008004798318098e-02,-4.633395461438770724e+01
7.242040000000000000e+09,5.924589667995405762e-02,-4.635442145804680081e+01
7.242135000000000000e+09,2.754534779067796535e-02,-4.642193466722714845e+01
7.242230000000000000e+09,2.344042900231357862e-02,-4.646185224630658439e+01
7.242325000000000000e+09,-1.525305814814714722e-02,-4.653635839374811667e+01
7.242420000000000000e+09,1.002228220082912458e-02,-4.654689571369021195e+01
7.242515000000000000e+09,2.748262406244350586e-02,-4.656524803211966201e+01
7.242610000000000000e+09,3.629882447954457803e-02,-4.659224449199363249e+01
7.242705000000000000e+09,4.771532805695244406e-02,-4.661664064870728907e+01
7.242800000000000000e+09,1.508473521128195216e-02,-4.668508390184403112e+01
7.242895000000000000e+09,3.986891554108495939e-02,-4.669611238180529966e+01
7.242990000000000000e+09,6.948497653633012305e-02,-4.670230898110112605e+01
7.243085000000000000e+09,5.570837966516961615e-02,-4.675189823826335100e+01
7.243180000000000000e+09,2.028471981044788208e-02,-4.682313455840914429e+01
7.243275000000000000e+09,3.521488324209798293e-02,-4.684401705526856574e+01
7.243370000000000000e+09,3.319832131695221733e-02,-4.688184627748477595e+01
7.243465000000000000e+09,3.373755572771131028e-02,-4.691711970336508841e+01
7.243560000000000000e+09,3.544588795646319568e-02,-4.695122403142774203e+01
7.243655000000000000e+09,8.030183424584436125e-02,-4.694218074542943242e+01
7.243750000000000000e+09,3.547191055616139010e-02,-4.702282332941017984e+01
7.243845000000000000e+09,2.919382160811778704e-02,-4.706491407864929499e+01
7.243940000000000000e+09,5.803736864719866162e-02,-4.707188319190128567e+01
7.244035000000000000e+09,2.245189400775160493e-02,-4.714328132683180428e+01
7.244130000000000000e+09,1.719166828651452761e-02,-4.718435421284410580e+01
7.244225000000000000e+09,1.246772154340192174e-02,-4.722489081987828996e+01
7.244320000000000000e+09,3.323248712206350319e-02,-4.723993871459069993e+01
7.244415000000000000e+09,2.651967793004672558e-02,-4.728246418407378115e+01
7.244510000000000000e+09,2.635432745508126118e-02,-4.731844219483981817e+01
7.244605000000000000e+09,3.646163044315642310e-03,-4.737696301954165534e+01
7.244700000000000000e+09,3.565347748233449465e-02,-4.738076836539470804e+01
7.244795000000000000e+09,-8.996795768645426961e-03,-4.746123129893675241e+01
7.244890000000000000e+09,3.368656540595793558e-02,-4.745436059805322060e+01
7.244985000000000000e+09,3.140342995402534143e-02,-4.749245639379622475e+01
7.245080000000000000e+09,2.451719430125365307e-02,-4.753515528974006088e+01
7.245175000000000000e+09,1.730733028547604135e-02,-4.757817781404691004e+01
7.245270000000000000e+09,4.705780000404047314e-02,-4.758424000461941716e+01
7.245365000000000000e+09,-2.585455537695224848e-02,-4.769296502029148144e+01
7.245460000000000000e+09,-2.013380191839786448e-02,-4.772305692712399150e+01
7.245555000000000000e+09,5.465642434330675314e-02,-4.768407936115369239e+01
7.245650000000000000e+09,5.990141027403694807e-03,-4.776855830476066700e+01
7.245745000000000000e+09,1.816116240205190024e-02,-4.779219994367709035e+01
7.245840000000000000e+09,1.397112780146869682e-02,-4.783220263856873800e+01
7.245935000000000000e+09,4.267390333123444179e-02,-4.783931252333004380e+01
7.246030000000000000e+09,7.389984434020391291e-03,-4.791040910251832230e+01
7.246125000000000000e+09,4.603700194505222498e-02,-4.790757474529836202e+01
7.246220000000000000e+09,2.050098069024386405e-02,-4.796892342684424193e+01
7.246315000000000000e+09,1.639042264881140909e-02,-4.800884664517674594e+01
7.246410000000000000e+09,4.889582573719053471e-02,-4.801215390237943836e+01
7.246505000000000000e+09,2.210725274541402996e-02,-4.807475513566227932e+01
7.246600000000000000e+09,1.303826994755041824e-02,-4.811963677875121448e+01
7.246695000000000000e+09,8.643673208673874342e-03,-4.815984403578115547e+01
7.246790000000000000e+09,2.632212753009355310e-02,-4.817797824175080734e+01
7.246885000000000000e+09,5.310747009450267342e-02,-4.818700555947746977e+01
7.246980000000000000e+09,1.384169798193113365e-02,-4.826208399188111287e+01
7.247075000000000000e+09,1.733422962463748718e-02,-4.829440412052947096e+01
7.247170000000000000e+09,4.596976221282744746e-02,-4.830158124823235255e+01
7.247265000000000000e+09,2.576368513005178329e-02,-4.835759998560619977e+01
7.247360000000000000e+09,4.555604844277638676e-02,-4.837362028258453961e+01
7.247455000000000000e+09,4.276065432350861784e-02,-4.841222833699521289e+01
7.247550000000000000e+09,8.499759713735954847e-03,-4.848230189189605710e+01
7.247645000000000000e+09,5.594603903191597283e-02,-4.847066827286894863e+01
7.247740000000000000e+09,2.645150812246299665e-02,-4.853597546406946606e+01
7.247835000000000000e+09,6.700345322869338816e-03,-4.859153928716013127e+01
7.247930000000000000e+09,6.439900193697667419e-04,-4.863340830275470239e+01
7.248025000000000000e+09,1.322995636898838256e-02,-4.865663499669615533e+01
7.248120000000000000e+09,2.444954065272497701e-02,-4.868122807270348318e+01
7.248215000000000000e+09,2.229419110464192499e-02,-4.871919608254263778e+01
7.248310000000000000e+09,1.820581091006090446e-02,-4.875909712302829035e+01
7.248405000000000000e+09,5.481234147265467982e-02,-4.875830325275676103e+01
7.248500000000000000e+09,2.737515494411724148e-02,-4.882155309957637002e+01
7.248595000000000000e+09,7.010700349049159286e-03,-4.887773021446250965e+01
7.248690000000000000e+09,-2.133563480913380772e-02,-4.894188920991176417e+01
7.248785000000000000e+09,2.751178393594955196e-02,-4.892885445145774526e+01
7.248880000000000000e+09,2.806727553614507542e-02,-4.896411162014862128e+01
7.248975000000000000e+09,3.148299426034384396e-02,-4.899650856171549407e+01
7.249070000000000000e+09,9.687115806627843995e-03,-4.905411710046027451e+01
7.249165000000000000e+09,1.498544233372456347e-02,-4.908463143422424935e+01
7.249260000000000000e+09,1.787096166067669856e-02,-4.911755857518836876e+01
7.249355000000000000e+09,1.117540567045693933e-02,-4.916006679146998692e+01
7.249450000000000000e+09,-8.729143215347789919e-03,-4.921578400064686321e+01
7.249545000000000000e+09,3.236690505067940649e-02,-4.921050061267190756e+01
7.249640000000000000e+09,1.812830917946683940e-02,-4.926055186883419168e+01
7.249735000000000000e+09,1.939821986368883699e-03,-4.931255301631836119e+01
7.249830000000000000e+09,3.116955316670555476e-02,-4.931913594542908896e+01
7.249925000000000000e+09,4.050733922029081668e-02,-4.934561081966657525e+01
7.250020000000000000e+09,2.805399374482675512e-02,-4.939387682543310376e+01
7.250115000000000000e+09,2.146391272374614800e-02,-4.943627956674525592e+01
7.250210000000000000e+09,2.362218481885491883e-02,-4.946993395494121870e+01
7.250305000000000000e+09,3.278315665420450387e-02,-4.949658564339694067e+01
7.250400000000000000e+09,2.140991603066311200e-02,-4.954377154431154651e+01
7.250495000000000000e+09,3.014472229631337541e-02,-4.957084939833696779e+01
7.250590000000000000e+09,1.064331465105539110e-02,-4.962616346627329733e+01
7.250685000000000000e+09,2.003121842603405867e-02,-4.965258822278938311e+01
7.250780000000000000e+09,2.357787069908567901e-02,-4.968485423080740304e+01
7.250875000000000000e+09,4.151213099085282465e-02,-4.970273263080670745e+01
7.250970000000000000e+09,3.335816776676381323e-03,-4.977672160531195544e+01
7.251065000000000000e+09,1.543276807828419805e-02,-4.980043731430141207e+01
7.251160000000000000e+09,2.019970377055102517e-02,-4.983148303890021680e+01
7.251255000000000000e+09,3.930481008028863243e-02,-4.984819059288155074e+01
7.251350000000000000e+09,-2.156683534926173706e-02,-4.994487489860250662e+01
7.251445000000000000e+09,3.652436585291241045e-03,-4.995546828695901809e+01
7.251540000000000000e+09,-7.428257007639160747e-03,-5.000236164084302004e+01
7.251635000000000000e+09,2.236792739164883415e-02,-5.000837811673480360e+01
7.251730000000000000e+09,1.737116455281295657e-03,-5.006482158796223558e+01
7.251825000000000000e+09,4.129668747744119628e-03,-5.009824169596084431e+01
7.251920000000000000e+09,1.675085840571455265e-02,-5.012143316659394543e+01
7.252015000000000000e+09,-2.394595822241285532e-02,-5.019794264351314439e+01
7.252110000000000000e+09,-3.230994043865109688e-02,-5.024211928602044708e+01
7.252205000000000000e+09,1.612659644462866027e-02,-5.022949540942823887e+01
7.252300000000000000e+09,5.908500483683098992e-02,-5.022234966132710809e+01
7.252395000000000000e+09,2.424825296517951756e-02,-5.029299907348982401e+01
7.252490000000000000e+09,7.624895880610438326e-03,-5.034543509086546464e+01
7.252585000000000000e+09,3.664698064092419827e-03,-5.038520794897305422e+01
7.252680000000000000e+09,1.842150410634957325e-02,-5.040626380322186861e+01
7.252775000000000000e+09,5.063590365100623103e-02,-5.040986206396827640e+01
7.252870000000000000e+09,8.504729380817366291e-03,-5.048780589852953682e+01
7.252965000000000000e+09,4.414651140614722635e-02,-5.048797677679527141e+01
7.253060000000000000e+09,1.120134421656615586e-02,-5.055673460427592403e+01
7.253155000000000000e+09,2.895715445539792654e-03,-5.060085289333802194e+01
7.253250000000000000e+09,5.103521612448247424e-02,-5.058852605295048477e+01
7.253345000000000000e+09,5.065531622316399307e-02,-5.062471861314286770e+01
7.253440000000000000e+09,2.288666692100349564e-02,-5.068829992273609975e+01
7.253535000000000000e+09,1.858432952688104933e-02,-5.072841492042129374e+01
7.253630000000000000e+09,2.556416033682040734e-02,-5.075724774990242594e+01
7.253725000000000000e+09,-4.466465378449413492e-03,-5.082309103590876731e+01
7.253820000000000000e+09,3.063676439715834476e-02,-5.082380046642422400e+01
7.253915000000000000e+09,1.268999053749553241e-02,-5.087755990057495836e+01
7.254010000000000000e+09,-1.579411082533255239e-02,-5.094185666222885089e+01
7.254105000000000000e+09,6.528777108589878253e-02,-5.089658744060869111e+01
7.254200000000000000e+09,-1.629112298246582213e-03,-5.099931698428390803e+01
7.254295000000000000e+09,3.700152958550972926e-03,-5.102980037931818202e+01
7.254390000000000000e+09,2.170714180407173899e-02,-5.104760605076372570e+01
7.254485000000000000e+09,1.784979607357684017e-02,-5.108727605678529216e+01
7.254580000000000000e+09,1.744107953219042884e-02,-5.112349743361775012e+01
7.254675000000000000e+09,2.562507717310325006e-02,-5.115112609626790174e+01
7.254770000000000000e+09,6.631506208307769157e-04,-5.121190068311124577e+01
7.254865000000000000e+09,-1.400029804524649535e-02,-5.126237679206839459e+01
7.254960000000000000e+09,1.731222813405253191e-02,-5.126687692618016712e+01
7.255055000000000000e+09,5.768407068678982341e-03,-5.131423340753660511e+01
7.255150000000000000e+09,1.705905297997389880e-02,-5.133875542191671570e+01
7.255245000000000000e+09,3.777757398058412264e-02,-5.135384956120717703e+01
7.255340000000000000e+09,-4.947295033425547217e-02,-5.147691274581308818e+01
7.255435000000000000e+09,2.092005520406559071e-02,-5.144233240056583156e+01
7.255530000000000000e+09,2.521852237044441836e-02,-5.147384659369052429e+01
7.255625000000000000e+09,2.559547480165491606e-02,-5.150928230155038534e+01
7.255720000000000000e+09,3.031117659018889299e-02,-5.154037926005291581e+01
7.255815000000000000e+09,-3.760703050375013845e-04,-5.160687916723921376e+01
7.255910000000000000e+09,5.806513724579076552e-03,-5.163650924350066873e+01
7.256005000000000000e+09,5.312473622609559243e-05,-5.167807529278009326e+01
7.256100000000000000e+09,-1.092328686211629929e-02,-5.172486436466950011e+01
7.256195000000000000e+09,-2.974831556059598370e-03,-5.175272856965451496e+01
7.256290000000000000e+09,2.734568531006686953e-02,-5.175822071307946004e+01
7.256385000000000000e+09,-1.609087042341172946e-02,-5.183746992910400309e+01
7.256480000000000000e+09,2.276197959135828341e-02,-5.183442973938030462e+01
7.256575000000000000e+09,6.641140920656596336e-03,-5.188636323834207786e+01
7.256670000000000000e+09,2.405772279422535576e-02,-5.190475931675958066e+01
7.256765000000000000e+09,3.040331124612549729e-02,-5.193422638859874496e+01
7.256860000000000000e+09,2.240926352897076868e-03,-5.199820143378304493e+01
7.256955000000000000e+09,1.957710881102059375e-02,-5.201667791161598586e+01
7.257050000000000000e+09,-2.816447291691304144e-02,-5.210023215363499105e+01
7.257145000000000000e+09,2.275811587556120230e-02,-5.208512222513392231e+01
7.257240000000000000e+09,2.857913759798691444e-02,-5.211511386370256815e+01
7.257335000000000000e+09,4.091268380651058578e-02,-5.213859297778510893e+01
7.257430000000000000e+09,1.668477080911401345e-02,-5.219863355107357705e+01
7.257525000000000000e+09,-1.328596612609800331e-02,-5.226441694829986062e+01
7.257620000000000000e+09,-8.484826172015402790e-03,-5.229542846863684957e+01
7.257715000000000000e+09,1.972097668918593172e-02,-5.230303532606671268e+01
7.257810000000000000e+09,-3.344503976953205893e-02,-5.239201400281650223e+01
7.257905000000000000e+09,3.139539050704343026e-02,-5.236298623283099829e+01
7.258000000000000000e+09,1.845988251147900883e-04,-5.243000968480399138e+01
7.258095000000000000e+09,-4.777767267142962737e-03,-5.247078471118732068e+01
7.258190000000000000e+09,1.005249456457590895e-02,-5.249176710964667336e+01
7.258285000000000000e+09,2.954844810972190317e-03,-5.253467741969134863e+01
7.258380000000000000e+09,-7.920232374800662001e-04,-5.257423694803086534e+01
7.258475000000000000e+09,3.276690058125097949e-02,-5.257649068450320584e+01
7.258570000000000000e+09,8.472027032368600885e-03,-5.263659821834315977e+01
7.258665000000000000e+09,-9.191486890202327231e-03,-5.269007439255679515e+01
7.258760000000000000e+09,-1.237730667742908963e-02,-5.272907287263509346e+01
7.258855000000000000e+09,-3.063417855856442884e-02,-5.278314240480730035e+01
7.258950000000000000e+09,1.173366658863983503e-02,-5.277658721995116764e+01
7.259045000000000000e+09,-1.921829820382470189e-03,-5.282605537665158835e+01
7.259140000000000000e+09,-1.772957988276857577e-02,-5.287767578700504600e+01
7.259235000000000000e+09,8.463512999334454889e-03,-5.288729535441401453e+01
7.259330000000000000e+09,-1.958852153793344542e-02,-5.295116004924235398e+01
7.259425000000000000e+09,-3.251680694759784274e-02,-5.299990099494308282e+01
7.259520000000000000e+09,7.174355944812305097e-04,-5.300247941269207530e+01
7.259615000000000000e+09,-2.582606262747333403e-02,-5.306483557120510142e+01
7.259710000000000000e+09,-4.650644930693914603e-02,-5.312132861817563168e+01
7.259805000000000000e+09,-2.595280170344693715e-02,-5.313658763086321102e+01
7.259900000000000000e+09,9.556913617387863269e-04,-5.314549179808909685e+01
7.259995000000000000e+09,-7.668625464681610993e-03,-5.318992877520658880e+01
7.260090000000000000e+09,-8.431132519051942609e-02,-5.330238413522349106e+01
7.260185000000000000e+09,-2.875568804497419251e-02,-5.328264115836901738e+01
7.260280000000000000e+09,-6.520863993343084530e-02,-5.335490677054853847e+01
7.260375000000000000e+09,-1.694134011646042381e-02,-5.334245213102263961e+01
7.260470000000000000e+09,-2.053856286338628934e-02,-5.338186201406063702e+01
7.260565000000000000e+09,-5.768785245529528538e-02,-5.345482396394361757e+01
7.260660000000000000e+09,-6.814727701520695291e-02,-5.350109604879460079e+01
7.260755000000000000e+09,-6.954844199842113994e-02,-5.353830987406887942e+01
7.260850000000000000e+09,-5.056100021040776937e-02,-5.355513509257193761e+01
7.260945000000000000e+09,-8.799345452873552631e-02,-5.362838020718167087e+01
7.261040000000000000e+09,-6.279504568882288140e-02,-5.363899445863282978e+01
7.261135000000000000e+09,-7.840922689595686279e-02,-5.369042130013102820e+01
7.261230000000000000e+09,-1.422268417393439677e-01,-5.379005157526548686e+01
7.261325000000000000e+09,-1.210900029383381593e-01,-5.380472739675554550e+01
7.261420000000000000e+09,-1.769309980047779618e-01,-5.389638105211305685e+01
7.261515000000000000e+09,-1.954562545955269570e-01,-5.395071896899487740e+01
7.261610000000000000e+09,-1.807683998783815582e-01,-5.397184377456880355e+01
7.261705000000000000e+09,-2.692335648066190856e-01,-5.409612159978810553e+01
7.261800000000000000e+09,-2.338912132917414510e-01,-5.409659190856429944e+01
7.261895000000000000e+09,-4.152371890667083676e-01,-5.431375054463033791e+01
7.261990000000000000e+09,-2.291494059695793339e-01,-5.416347542182427333e+01
7.262085000000000000e+09,5.193224893490935301e-01,-5.345081618679667201e+01
7.262180000000000000e+09,3.921508996964462312e-01,-5.361380043674039086e+01
7.262275000000000000e+09,2.976763818190946154e-01,-5.374408761490881403e+01
7.262370000000000000e+09,2.346870552506459262e-01,-5.384288960176832717e+01
7.262465000000000000e+09,1.877174230058429316e-01,-5.392567189430420171e+01
7.262560000000000000e+09,1.573605984218531262e-01,-5.399184137917925597e+01
7.262655000000000000e+09,1.082806494845343082e-01,-5.407673398840764634e+01
7.262750000000000000e+09,9.381143344738518408e-02,-5.412701586473586701e+01
7.262845000000000000e+09,6.756402455701504550e-02,-5.418907593391764266e+01
7.262940000000000000e+09,7.756712405983989811e-02,-5.421488549470588225e+01
7.263035000000000000e+09,9.537197116946316555e-02,-5.423289330788733054e+01
7.263130000000000000e+09,9.041867336475206685e-02,-5.427365926598311319e+01
7.263225000000000000e+09,8.179980420897692284e-02,-5.431809079542995988e+01
7.263320000000000000e+09,7.942638724261286143e-02,-5.435627687268739550e+01
7.263415000000000000e+09,9.079936060985716040e-02,-5.438071655961121564e+01
7.263510000000000000e+09,1.008140943606150586e-01,-5.440651448615152930e+01
7.263605000000000000e+09,6.608097126577661129e-02,-5.447706026953743219e+01
7.263700000000000000e+09,7.055995676925164162e-02,-5.450839394432502871e+01
7.263795000000000000e+09,5.367325168511172251e-02,-5.456109330970024018e+01
7.263890000000000000e+09,3.725821627271130865e-02,-5.461332100540371215e+01
7.263985000000000000e+09,7.270609501952662868e-02,-5.461368578694796838e+01
7.264080000000000000e+09,2.741944469592283440e-02,-5.469478509756263662e+01
7.264175000000000000e+09,2.077744526958014148e-02,-5.473723975728005087e+01
7.264270000000000000e+09,6.821170602581361209e-02,-5.472561815681488184e+01
7.264365000000000000e+09,4.521837327608579926e-02,-5.478442414985568121e+01
7.264460000000000000e+09,4.893781944411301765e-02,-5.481651736397872554e+01
7.264555000000000000e+09,4.476543089891293903e-02,-5.485650241281499717e+01
7.264650000000000000e+09,3.358856866070425440e-02,-5.490349193534427741e+01
7.264745000000000000e+09,8.231956275495377895e-02,-5.489057360154109233e+01
7.264840000000000000e+09,4.343209737818654048e-02,-5.496527372720926508e+01
7.264935000000000000e+09,1.788819643644501411e-02,-5.502663028844207815e+01
7.265030000000000000e+09,4.108572280256339582e-02,-5.503924542236703132e+01
7.265125000000000000e+09,6.173179416302332356e-02,-5.505441201129763584e+01
7.265220000000000000e+09,3.842532275911025863e-02,-5.511353114299262046e+01
7.265315000000000000e+09,1.888473504616428045e-02,-5.516888439099663088e+01
7.265410000000000000e+09,3.323841066753630002e-02,-5.519034337566633042e+01
7.265505000000000000e+09,6.070525914241642340e-02,-5.519868918748252185e+01
7.265600000000000000e+09,6.447420019090088772e-02,-5.523073290672510893e+01
7.265695000000000000e+09,2.996121826921438469e-02,-5.530105854893786699e+01
7.265790000000000000e+09,-3.257344816255169917e-03,-5.537008977231440099e+01
7.265885000000000000e+09,3.067939330887980987e-02,-5.537196569448033046e+01
7.265980000000000000e+09,3.721427565134405313e-02,-5.540124347242893776e+01
7.266075000000000000e+09,4.775244966831593274e-02,-5.542651795870303744e+01
7.266170000000000000e+09,4.830600051013078655e-02,-5.546177706815229413e+01
7.266265000000000000e+09,3.634144281359397155e-02,-5.550955428613990250e+01
7.266360000000000000e+09,-6.009115648502927343e-03,-5.558771750489307095e+01
7.266455000000000000e+09,3.305467020259555966e-02,-5.558446637933303691e+01
7.266550000000000000e+09,-1.990207377487962503e-02,-5.567323578360157654e+01
7.266645000000000000e+09,6.802025306768655355e-03,-5.568234434481099981e+01
7.266740000000000000e+09,4.118432327478416255e-02,-5.568377470713438981e+01
7.266835000000000000e+09,-5.634029921047556400e-03,-5.576640572062129309e+01
7.266930000000000000e+09,3.277266568640158084e-02,-5.576381168530490839e+01
7.267025000000000000e+09,-3.512316191844888635e-03,-5.583590932747422642e+01
7.267120000000000000e+09,4.544765466953037958e-03,-5.586366490610650004e+01
7.267215000000000000e+09,2.908279754719700350e-02,-5.587493953431732763e+01
7.267310000000000000e+09,1.540389051094592787e-02,-5.592443110164465025e+01
7.267405000000000000e+09,2.274147537404758168e-02,-5.595290617707261305e+01
7.267500000000000000e+09,3.359058174896745186e-02,-5.597786973098876473e+01
7.267595000000000000e+09,3.893932571244107521e-02,-5.600833364731635555e+01
7.267690000000000000e+09,3.955839118134463206e-02,-5.604352724213852355e+01
7.267785000000000000e+09,9.235601500918733109e-03,-5.610966269211002100e+01
7.267880000000000000e+09,2.641858748584269279e-02,-5.612829236641616859e+01
7.267975000000000000e+09,-2.416459154736827486e-02,-5.621468820574045111e+01
7.268070000000000000e+09,1.103780817348365417e-02,-5.621529846631066363e+01
7.268165000000000000e+09,-2.346786775504483558e-03,-5.626449572155072332e+01
7.268260000000000000e+09,4.205653107981532912e-02,-5.625590506398646795e+01
7.268355000000000000e+09,-1.289954455408803824e-02,-5.634667379991144287e+01
7.268450000000000000e+09,1.361714647042333581e-02,-5.635596976917800305e+01
7.268545000000000000e+09,2.943085751066831790e-02,-5.637596871842882962e+01
7.268640000000000000e+09,3.629603527220837123e-02,-5.640491620095868797e+01
7.268735000000000000e+09,5.069264148218621813e-03,-5.647195563237374927e+01
7.268830000000000000e+09,2.653850263456547509e-03,-5.651018370654958289e+01
7.268925000000000000e+09,1.055908189820797816e-02,-5.653809113520590302e+01
7.269020000000000000e+09,1.575984073916458783e-02,-5.656870303665601796e+01
7.269115000000000000e+09,1.896261597873660776e-02,-5.660131292170751038e+01
7.269210000000000000e+09,1.095991162006981767e-02,-5.664512828635724873e+01
7.269305000000000000e+09,8.260165036944044914e-05,-5.669181825661801355e+01
7.269400000000000000e+09,-2.893961100980391166e-03,-5.673060747966043493e+01
7.269495000000000000e+09,1.487878445743717748e-03,-5.676203830040478238e+01
7.269590000000000000e+09,2.085477455540996061e-02,-5.677848406458618769e+01
7.269685000000000000e+09,2.256754611316580394e-03,-5.683289474482135262e+01
7.269780000000000000e+09,3.408207580370259393e-02,-5.683688208392003105e+01
7.269875000000000000e+09,9.289619149598138392e-03,-5.689748720086519995e+01
7.269970000000000000e+09,-1.584633579582828133e-03,-5.694417411388545247e+01
7.270065000000000000e+09,-1.121960367325414154e-02,-5.698962174427019534e+01
7.270160000000000000e+09,-1.038271701666815261e-02,-5.702459751790468090e+01
7.270255000000000000e+09,7.301286532474193791e-03,-5.704272617464661010e+01
7.270350000000000000e+09,1.412089428282570225e-02,-5.707171922718733015e+01
7.270445000000000000e+09,6.618343798031389724e-03,-5.711503443796318891e+01
7.270540000000000000e+09,-2.936268264223684810e-02,-5.718682812469452159e+01
7.270635000000000000e+09,-5.409705391528518703e-03,-5.719868780773522587e+01
7.270730000000000000e+09,1.224834192658619259e-02,-5.721684242070817561e+01
7.270825000000000000e+09,4.737339258120698560e-03,-5.726016608366771266e+01
7.270920000000000000e+09,4.655862968000690216e-03,-5.729606022024889711e+01
7.271015000000000000e+09,-7.096216864439952587e-03,-5.734362496037240930e+01
7.271110000000000000e+09,2.007473026353068235e-04,-5.737214065649640560e+01
7.271205000000000000e+09,2.248238578976469171e-02,-5.738567167830034776e+01
7.271300000000000000e+09,1.413487690462034152e-02,-5.742983184747656367e+01
7.271395000000000000e+09,1.724422659119539958e-02,-5.746253515808105305e+01
7.271490000000000000e+09,-1.414923356148989342e-02,-5.752974127852480990e+01
7.271585000000000000e+09,1.832491869824792730e-02,-5.753307978655613653e+01
7.271680000000000000e+09,1.449715822303687673e-03,-5.758576764972315232e+01
7.271775000000000000e+09,-1.518170868958179653e-02,-5.763821173452610935e+01
7.271870000000000000e+09,4.218151907664946521e-03,-5.765462453421993416e+01
7.271965000000000000e+09,7.776481394280665427e-03,-5.768687886502439000e+01
7.272060000000000000e+09,-1.568420673454795633e-02,-5.774615221344428306e+01
7.272155000000000000e+09,3.151429041333386749e-02,-5.773476637658747279e+01
7.272250000000000000e+09,-1.109412083172856001e-02,-5.781318744812359967e+01
7.272345000000000000e+09,-1.651279414596729112e-02,-5.785441878172890995e+01
7.272440000000000000e+09,-1.027536209910806519e-02,-5.788399400997312227e+01
7.272535000000000000e+09,1.469952029178500652e-02,-5.789483178787363471e+01
7.272630000000000000e+09,-4.374495591299876196e-02,-5.798908892436948292e+01
7.272725000000000000e+09,-2.413763799683721345e-02,-5.800529426674439293e+01
7.272820000000000000e+09,1.490756975464080369e-02,-5.800206171928398646e+01
7.272915000000000000e+09,2.306966295407164580e-02,-5.802971228637562717e+01
7.273010000000000000e+09,-8.564241848418419067e-03,-5.809715885146918879e+01
7.273105000000000000e+09,8.641921327424029187e-03,-5.811576534858441079e+01
7.273200000000000000e+09,-2.108060747408302404e-02,-5.818130053767698229e+01
7.273295000000000000e+09,9.539516165304462447e-03,-5.818649307432866635e+01
7.273390000000000000e+09,-6.902830818539484881e-03,-5.823874808160358185e+01
7.273485000000000000e+09,-3.248696742031853546e-02,-5.830014487849643245e+01
7.273580000000000000e+09,-4.524136831967950911e-03,-5.830799470819915342e+01
7.273675000000000000e+09,-8.120177564308050933e-05,-5.833936443343390010e+01
7.273770000000000000e+09,-1.516664046006610533e-02,-5.839026253240938757e+01
7.273865000000000000e+09,-3.307215699084764537e-02,-5.844398070923123356e+01
7.273960000000000000e+09,-2.734513403353844296e-03,-5.844945572593481131e+01
7.274055000000000000e+09,1.643900145265320134e-02,-5.846609487136987582e+01
7.274150000000000000e+09,2.059786691453524554e-02,-5.849774866619906533e+01
7.274245000000000000e+09,-2.507347561504502664e-04,-5.855440992816082257e+01
7.274340000000000000e+09,-5.732511955475416698e-02,-5.864729697325049074e+01
7.274435000000000000e+09,2.303450394220618591e-02,-5.860275001004493589e+01
7.274530000000000000e+09,-1.204347773455793913e-02,-5.867364065201277157e+01
7.274625000000000000e+09,-5.068848114408552874e-02,-5.874809831571337071e+01
7.274720000000000000e+09,-1.976273836185526989e-02,-5.875298523322220490e+01
7.274815000000000000e+09,-1.985079697551839217e-02,-5.878888595212693957e+01
7.274910000000000000e+09,9.674943831278426387e-03,-5.879517287161120720e+01
7.275005000000000000e+09,-3.784333271261886011e-02,-5.887850380844617604e+01
7.275100000000000000e+09,-8.418466499989563090e-03,-5.888489160252461829e+01
7.275195000000000000e+09,2.694984603390082611e-02,-5.888533595028179946e+01
7.275290000000000000e+09,2.359487640620727689e-02,-5.892450358020056456e+01
7.275385000000000000e+09,-1.110884404950951421e-02,-5.899501996094734579e+01
7.275480000000000000e+09,-1.775022752058674769e-02,-5.903747400470949458e+01
7.275575000000000000e+09,1.475396445100329856e-02,-5.904078247302896898e+01
7.275670000000000000e+09,-2.117869193766352964e-02,-5.911252778970870736e+01
7.275765000000000000e+09,-2.883484227980659398e-02,-5.915599660034192198e+01
7.275860000000000000e+09,-1.288722030625422121e-02,-5.917586163865944116e+01
7.275955000000000000e+09,2.171867090203249973e-02,-5.917706840774222599e+01
7.276050000000000000e+09,-2.354246911113477836e-02,-5.925814220804645771e+01
7.276145000000000000e+09,-3.246924101920711792e-02,-5.930288164024560160e+01
7.276240000000000000e+09,-1.290523606234472709e-02,-5.931913029557980366e+01
7.276335000000000000e+09,-6.344806196677410526e-02,-5.940548578177564565e+01
7.276430000000000000e+09,-3.445596223563285321e-02,-5.941230634233556884e+01
7.276525000000000000e+09,8.995061336783294337e-03,-5.940466797905422425e+01
7.276620000000000000e+09,-4.487610779421657980e-02,-5.949435180847628857e+01
7.276715000000000000e+09,2.504951584316472690e-02,-5.946023884512997881e+01
7.276810000000000000e+09,-2.259257487246202345e-02,-5.954369359613667712e+01
7.276905000000000000e+09,1.096638640957081634e-02,-5.954594729514571583e+01
7.277000000000000000e+09,-3.689076794067602805e-03,-5.959641541864042580e+01
7.277095000000000000e+09,5.637342733450623200e-03,-5.962290165940397202e+01
7.277190000000000000e+09,-3.743029288435195667e-02,-5.970178195531283905e+01
7.277285000000000000e+09,8.374247177300730982e-05,-5.970008058024778563e+01
7.277380000000000000e+09,-1.328362571327090791e-02,-5.974926060872390110e+01
7.277475000000000000e+09,-6.724763601201999563e-02,-5.983903727931372174e+01
7.277570000000000000e+09,-2.977007360302508232e-02,-5.983737237719579838e+01
7.277665000000000000e+09,4.811619102156328154e-03,-5.983860334478168852e+01
7.277760000000000000e+09,-3.387566531369401446e-02,-5.991310328948860331e+01
7.277855000000000000e+09,-2.586595890115717111e-02,-5.994090624336713091e+01
7.277950000000000000e+09,-4.207042240997793670e-02,-5.999292336716702323e+01
7.278045000000000000e+09,-1.652300860676092498e-02,-6.000318861365487777e+01
7.278140000000000000e+09,-3.593735040432477490e-02,-6.005841561574351317e+01
7.278235000000000000e+09,-4.669163462013870003e-02,-6.010498256025039865e+01
7.278330000000000000e+09,1.314301177509946683e-02,-6.008096057414655888e+01
7.278425000000000000e+09,2.372848517120473844e-02,-6.010618776104152516e+01
7.278520000000000000e+09,3.102506178544928162e-02,-6.013470384471835217e+01
7.278615000000000000e+09,-1.638081885048592312e-02,-6.021792238564535893e+01
7.278710000000000000e+09,-4.199824130049023552e-02,-6.027935246838642769e+01
7.278805000000000000e+09,-2.256108849591953458e-02,-6.029572797587292854e+01
7.278900000000000000e+09,-4.121282693077432668e-03,-6.031310083036115088e+01
7.278995000000000000e+09,-4.527014463704404079e-03,-6.034931922242284941e+01
7.279090000000000000e+09,-3.561270559723794804e-02,-6.041621757384745450e+01
7.279185000000000000e+09,-4.698024589080773694e-02,-6.046339777443209584e+01
7.279280000000000000e+09,-8.435862751603906418e-03,-6.046066605158396357e+01
7.279375000000000000e+09,-3.217351619838382248e-03,-6.049126020074326249e+01
7.279470000000000000e+09,-4.624018015229580669e-02,-6.057009568956679146e+01
7.279565000000000000e+09,-2.780420232976865691e-02,-6.058747237203532876e+01
7.279660000000000000e+09,-4.806863457002208406e-02,-6.064354946456665374e+01
7.279755000000000000e+09,-1.148069787497973948e-02,-6.064277418816268295e+01
7.279850000000000000e+09,-2.441729139638937340e-02,-6.069152344197516413e+01
7.279945000000000000e+09,9.262198493651396802e-03,-6.069365661237619491e+01
7.280040000000000000e+09,-2.470689615272192441e-03,-6.074120216077618295e+01
7.280135000000000000e+09,-3.914625055826093103e-02,-6.081369038201024324e+01
7.280230000000000000e+09,1.235868053102251451e-02,-6.079799811121236530e+01
7.280325000000000000e+09,6.789627182982371778e-03,-6.083937982485147700e+01
7.280420000000000000e+09,-5.892281575867741594e-03,-6.088787439390139156e+01
7.280515000000000000e+09,-2.348174663745083990e-02,-6.094127651925403910e+01
7.280610000000000000e+09,-5.264096586103761410e-02,-6.100624839876869743e+01
7.280705000000000000e+09,-8.779975101226966672e-03,-6.099820006829995833e+01
7.280800000000000000e+09,-2.470187587938710294e-03,-6.102770294107774163e+01
7.280895000000000000e+09,-1.097092311611902460e-02,-6.107201633689699349e+01
7.280990000000000000e+09,2.961470621067263664e-02,-6.106724336786127338e+01
7.281085000000000000e+09,-2.048613399708187899e-03,-6.113471934776271866e+01
7.281180000000000000e+09,-3.276545348509074529e-02,-6.120124884813916566e+01
7.281275000000000000e+09,-4.545896396064819101e-02,-6.124975501890579466e+01
7.281370000000000000e+09,-3.055519476883716834e-02,-6.127066391000505519e+01
7.281465000000000000e+09,-4.448565677635230031e-02,-6.132040703230364187e+01
7.281560000000000000e+09,-4.521148266054098031e-02,-6.135694551847890210e+01
7.281655000000000000e+09,4.814044592919231036e-03,-6.134273265151650634e+01
7.281750000000000000e+09,-1.688268000018666726e-02,-6.140024203640068379e+01
7.281845000000000000e+09,-3.180246935171737732e-02,-6.145097448604327894e+01
7.281940000000000000e+09,-1.245493944173148293e-02,-6.146743961642436460e+01
7.282035000000000000e+09,-2.661694181979612495e-02,-6.151741427909350080e+01
7.282130000000000000e+09,-2.749015857197179002e-02,-6.155410015613708197e+01
7.282225000000000000e+09,-1.261752577155306199e-02,-6.157504018362772769e+01
7.282320000000000000e+09,-3.307505717966563452e-02,-6.163131037532691181e+01
7.282415000000000000e+09,-2.567834596506202161e-02,-6.165972632440337975e+01
7.282510000000000000e+09,-7.218602865435741478e-03,-6.167707924159482502e+01
7.282605000000000000e+09,-2.416929911132825737e-02,-6.172984259813178909e+01
7.282700000000000000e+09,-2.062446068551082590e-02,-6.176211041999703610e+01
7.282795000000000000e+09,-8.515558422928393156e-03,-6.178581417802552522e+01
7.282890000000000000e+09,-3.493612608394158769e-02,-6.184804740597760286e+01
7.282985000000000000e+09,-3.886584051623742653e-02,-6.188778978070097025e+01
7.283080000000000000e+09,-2.978522444579567718e-02,-6.191452182492160006e+01
7.283175000000000000e+09,-7.190232629824322430e-03,-6.192773949339670025e+01
7.283270000000000000e+09,-3.176712695714911661e-02,-6.198812904801509660e+01
7.283365000000000000e+09,-1.932314452831462859e-02,-6.201149772587732656e+01
7.283460000000000000e+09,-9.213561042884066410e-03,-6.203720080268296755e+01
7.283555000000000000e+09,-2.183712031602880188e-02,-6.208563702224717673e+01
7.283650000000000000e+09,-4.059500362870949175e-03,-6.210367206258509043e+01
7.283745000000000000e+09,-5.478026312829342714e-03,-6.214090324882612038e+01
7.283840000000000000e+09,-4.457365890878861592e-02,-6.221581154171315120e+01
7.283935000000000000e+09,-2.763294551755990369e-02,-6.223468348861299404e+01
7.284030000000000000e+09,-4.182807313842573649e-02,-6.228469127652492432e+01
7.284125000000000000e+09,-2.235860444726256446e-02,-6.230103446812516665e+01
7.284220000000000000e+09,-4.886667557175172760e-02,-6.236335519954072737e+01
7.284315000000000000e+09,-2.711969322514562464e-02,-6.237742087748519282e+01
7.284410000000000000e+09,-2.806125115986901619e-02,-6.241417509571098066e+01
7.284505000000000000e+09,-4.349386238819619166e-02,-6.246542036723037228e+01
7.284600000000000000e+09,-3.304537763651893556e-02,-6.249078454276976657e+01
7.284695000000000000e+09,-4.245644703236450823e-02,-6.253600827245668370e+01
7.284790000000000000e+09,-5.965924111364984128e-02,-6.258902372682904058e+01
7.284885000000000000e+09,-4.867125560411977858e-02,-6.261384840161058207e+01
7.284980000000000000e+09,-3.762477585910062317e-02,-6.263861458215663447e+01
7.285075000000000000e+09,-4.347889302910346032e-02,-6.268028135961770175e+01
7.285170000000000000e+09,-2.288532376584839767e-02,-6.269550045064551114e+01
7.285265000000000000e+09,-2.217503921272623302e-02,-6.273060282638346052e+01
7.285360000000000000e+09,-1.372745978147094092e-02,-6.275796790724327678e+01
7.285455000000000000e+09,-6.585947507974765358e-02,-6.284591258283262505e+01
7.285550000000000000e+09,-3.307537223786738423e-02,-6.284894114028181633e+01
7.285645000000000000e+09,-4.903656397952005364e-02,-6.290071499231453345e+01
7.285740000000000000e+09,-1.890867550284269782e-02,-6.290639976412892764e+01
7.285835000000000000e+09,-5.799736246238751392e-03,-6.292910348516338814e+01
7.285930000000000000e+09,-3.409463446163840672e-02,-6.299321104366985935e+01
7.286025000000000000e+09,-2.441552240644284666e-02,-6.301934459190606930e+01
7.286120000000000000e+09,-4.279375794875051042e-02,-6.307353548773944851e+01
7.286215000000000000e+09,-5.922736333835842970e-02,-6.312578175342012088e+01
7.286310000000000000e+09,-7.181454502262596407e-02,-6.317418159539545996e+01
7.286405000000000000e+09,-4.000686131745112561e-02,-6.317818657198135668e+01
7.286500000000000000e+09,-5.930646104822301368e-02,-6.323329883200320012e+01
7.286595000000000000e+09,-4.959955904440249697e-02,-6.325940459029045115e+01
7.286690000000000000e+09,-1.466344862875246235e-02,-6.326028114016586557e+01
7.286785000000000000e+09,-4.549706008322829121e-02,-6.332692741191141295e+01
7.286880000000000000e+09,-3.116562774032161087e-03,-6.332035957489328126e+01
7.286975000000000000e+09,-4.584984302358918740e-02,-6.339890551543390984e+01
7.287070000000000000e+09,-5.318163021352972919e-02,-6.344204996291492193e+01
7.287165000000000000e+09,-3.751515530507276708e-02,-6.346219614829753652e+01
7.287260000000000000e+09,-4.833324835887964355e-02,-6.350882690164241495e+01
7.287355000000000000e+09,-2.551183787554123228e-02,-6.352181815145014099e+01
7.287450000000000000e+09,-3.984550269255038302e-02,-6.357196447655822169e+01
7.287545000000000000e+09,-4.506088678935071812e-02,-6.361299252094608647e+01
7.287640000000000000e+09,-7.445120229564139436e-02,-6.367819549674344870e+01
7.287735000000000000e+09,-5.802967636071798552e-03,-6.364535992237495066e+01
7.287830000000000000e+09,-8.647197982178767006e-02,-6.376184159485173808e+01
7.287925000000000000e+09,-2.820637249324420281e-02,-6.373938864781459301e+01
7.288020000000000000e+09,-1.919972463451102840e-02,-6.376619466024693139e+01
7.288115000000000000e+09,-5.969111393195447590e-02,-6.384249870983544639e+01
7.288210000000000000e+09,-5.591798667732916783e-02,-6.387453824287189263e+01
7.288305000000000000e+09,-6.837924123309591096e-02,-6.392281215771873093e+01
7.288400000000000000e+09,-6.156126634247272023e-02,-6.395180684311917219e+01
7.288495000000000000e+09,-9.099019075864589468e-02,-6.401704842782640981e+01
7.288590000000000000e+09,-7.410917609091427494e-02,-6.403598007344974974e+01
7.288685000000000000e+09,-6.208719368014214979e-02,-6.405977075133004917e+01
7.288780000000000000e+09,-7.692284068552623921e-02,-6.411041905862650481e+01
7.288875000000000000e+09,-8.718212698593674759e-02,-6.415649100521798687e+01
7.288970000000000000e+09,-8.935176764157404250e-02,-6.419447330616469571e+01
7.289065000000000000e+09,-1.120394340155144164e-01,-6.425297363282970764e+01
7.289160000000000000e+09,-1.056172619241806387e-01,-6.428236412102943120e+01
7.289255000000000000e+09,-1.272998392945083879e-01,-6.433985935869083050e+01
7.289350000000000000e+09,-1.287641880908125813e-01,-6.437713636777820625e+01
7.289445000000000000e+09,-9.917718029706179550e-02,-6.438336202027552702e+01
7.289540000000000000e+09,-1.668528708738250543e-01,-6.448685037114336183e+01
7.289635000000000000e+09,-1.211959313773576241e-01,-6.447700609193795174e+01
7.289730000000000000e+09,-1.478408425349755362e-01,-6.453946366338664120e+01
7.289825000000000000e+09,-1.458738838633735213e-01,-6.457330936500645180e+01
7.289920000000000000e+09,-2.238744765994056252e-01,-6.468712261803355545e+01
7.290015000000000000e+09,-1.955304910316897349e-01,-6.469459129275691112e+01
7.290110000000000000e+09,-2.895234421331736030e-01,-6.482439690414946654e+01
7.290205000000000000e+09,-3.428123892971512987e-01,-6.491349851160450157e+01
7.290300000000000000e+09,-4.642928033218254313e-01,-6.507079158592024726e+01
7.290395000000000000e+09,-5.308577050017362353e-01,-6.517316914789122961e+01
7.290490000000000000e+09,2.082033701346261978e-01,-6.446992073304593873e+01
7.290585000000000000e+09,4.877731384026873229e-01,-6.422616362506894916e+01
7.290680000000000000e+09,3.525849419834230503e-01,-6.439716448177927077e+01
7.290775000000000000e+09,2.586786408593724218e-01,-6.452688344319439295e+01
7.290870000000000000e+09,1.667858615885080553e-01,-6.465458888275632887e+01
7.290965000000000000e+09,1.335073733266511908e-01,-6.472368003130925729e+01
7.291060000000000000e+09,1.410869199364412907e-01,-6.475191314499053874e+01
7.291155000000000000e+09,1.402289452905165490e-01,-6.478858377992753503e+01
7.291250000000000000e+09,1.204812886258110893e-01,-6.484414409688331205e+01
7.291345000000000000e+09,1.143732230812446460e-01,-6.488606482271895004e+01
7.291440000000000000e+09,8.199671104556216505e-02,-6.495425399504570407e+01
7.291535000000000000e+09,4.011237917598009517e-02,-6.503195098720634348e+01
7.291630000000000000e+09,6.683070299702364991e-02,-6.504104532367637148e+01
7.291725000000000000e+09,3.534157485951539002e-02,-6.510834711210495129e+01
7.291820000000000000e+09,3.499043941444313077e-02,-6.514451090784142195e+01
7.291915000000000000e+09,1.669581100395589601e-02,-6.519861819654298074e+01
7.292010000000000000e+09,2.716393019734653080e-02,-6.522396273764066166e+01
7.292105000000000000e+09,3.633296860621726410e-02,-6.525060635952286248e+01
7.292200000000000000e+09,3.588357222210447617e-02,-6.528686841619804682e+01
7.292295000000000000e+09,3.060499427209606438e-02,-6.532795965443912678e+01
7.292390000000000000e+09,2.744491238840396363e-02,-6.536693239661389043e+01
7.292485000000000000e+09,2.146918878820258669e-02,-6.540872078050514915e+01
7.292580000000000000e+09,2.810333904605499811e-03,-6.546319229567981779e+01
7.292675000000000000e+09,3.005496229965842758e-02,-6.547176032757583641e+01
7.292770000000000000e+09,2.322085188114897392e-02,-6.551440709828541742e+01
7.292865000000000000e+09,2.404185720070017851e-02,-6.554939875325693777e+01
7.292960000000000000e+09,3.150631413352300569e-02,-6.557774695661517228e+01
7.293055000000000000e+09,3.137889765234547212e-02,-6.561368703338742137e+01
7.293150000000000000e+09,-2.198014848522689135e-02,-6.570285873981606528e+01
7.293245000000000000e+09,2.253670570777899229e-02,-6.569415454591413095e+01
7.293340000000000000e+09,3.469306302045538359e-02,-6.571781084889252611e+01
7.293435000000000000e+09,-1.654793264742693282e-02,-6.580486450485147998e+01
7.293530000000000000e+09,-1.864168603432858617e-02,-6.584277091852945318e+01
7.293625000000000000e+09,-1.062779475245179128e-02,-6.587056968753864794e+01
7.293720000000000000e+09,1.827175898526434139e-03,-6.589392737717906812e+01
7.293815000000000000e+09,2.955612076171121316e-02,-6.590201109260695489e+01
7.293910000000000000e+09,-4.386853269920720777e-03,-6.597176672692965838e+01
7.294005000000000000e+09,-8.940056506858695684e-03,-6.601213259045765369e+01
7.294100000000000000e+09,-6.691552885712326315e-03,-6.604569674712757887e+01
7.294195000000000000e+09,-9.605511229352714508e-03,-6.608442336576229081e+01
7.294290000000000000e+09,-2.568633705138267942e-02,-6.613631685187539233e+01
7.294385000000000000e+09,-3.397346803346579236e-02,-6.618041664314854700e+01
7.294480000000000000e+09,2.705729930139000317e-02,-6.615519853610476275e+01
7.294575000000000000e+09,-7.915046531493885595e-03,-6.622598354222871819e+01
7.294670000000000000e+09,-1.573978306429069107e-02,-6.626962093905258655e+01
7.294765000000000000e+09,4.118094386512893834e-03,-6.628557572189285452e+01
7.294860000000000000e+09,-3.444040474131782048e-02,-6.635994688131174257e+01
7.294955000000000000e+09,-1.133794143497368623e-02,-6.637265707829646999e+01
7.295050000000000000e+09,-2.041649895822672534e-02,-6.641754829611079458e+01
7.295145000000000000e+09,-2.439925802794107312e-02,-6.645734371547158048e+01
7.295240000000000000e+09,-1.163824497449184037e-02,-6.648039536270920280e+01
7.295335000000000000e+09,7.938131804621662013e-03,-6.649663164622114664e+01
7.295430000000000000e+09,-1.026031046544062519e-02,-6.655064274878228048e+01
7.295525000000000000e+09,1.265317202683036157e-02,-6.656354192658108104e+01
7.295620000000000000e+09,-3.142621567792502901e-02,-6.664343397457724905e+01
7.295715000000000000e+09,-3.670497270499595288e-02,-6.668452539189539152e+01
7.295810000000000000e+09,-3.225713352537695755e-02,-6.671589021300682987e+01
7.295905000000000000e+09,-2.884135364666917667e-02,-6.674828709341919364e+01
7.296000000000000000e+09,-7.954771584977038401e-03,-6.676321317164857305e+01
7.296095000000000000e+09,-1.655901391326608518e-02,-6.680763007426793365e+01
7.296190000000000000e+09,-2.088591963959629538e-02,-6.684776964028533541e+01
7.296285000000000000e+09,1.957194330671541138e-03,-6.686073918660612492e+01
7.296380000000000000e+09,-2.307366875757566049e-02,-6.692158270998544367e+01
7.296475000000000000e+09,-2.437655331007704262e-02,-6.695869825482901661e+01
7.296570000000000000e+09,-2.989331964998598323e-02,-6.700002768145999710e+01
7.296665000000000000e+09,-3.345928839343059735e-02,-6.703940631049451326e+01
7.296760000000000000e+09,-1.689507347280994054e-02,-6.705865475586496416e+01
7.296855000000000000e+09,-1.929054496150683917e-02,-6.709686288764473261e+01
7.296950000000000000e+09,-4.919064797653049936e-02,-6.716257565095082782e+01
7.297045000000000000e+09,-5.023708787504688189e-03,-6.715422137205287356e+01
7.297140000000000000e+09,-2.183203916474951711e-02,-6.720684236272117573e+01
7.297235000000000000e+09,-3.715845342196644197e-02,-6.725798143726946421e+01
7.297330000000000000e+09,-3.745755495060620888e-02,-6.729409319908917553e+01
7.297425000000000000e+09,-2.858093137449202459e-02,-6.732102923580413290e+01
7.297520000000000000e+09,-7.198141231299359788e-03,-6.733545910595201178e+01
7.297615000000000000e+09,-9.815640172590178736e-03,-6.737388926518470100e+01
7.297710000000000000e+09,-5.367235654078683638e-02,-6.745355864184396921e+01
7.297805000000000000e+09,-4.356403582747248038e-03,-6.744005534917700118e+01
7.297900000000000000e+09,3.197594351775023824e-03,-6.746831401153355046e+01
7.297995000000000000e+09,-3.206147687471627705e-02,-6.753938574305111331e+01
7.298090000000000000e+09,-5.685648646245056170e-02,-6.759999341292991915e+01
7.298185000000000000e+09,-4.675622581773097863e-02,-6.762570581257625690e+01
7.298280000000000000e+09,-1.548430970527192585e-02,-6.763024655675486940e+01
7.298375000000000000e+09,-2.835577507363495897e-02,-6.767893068241430399e+01
7.298470000000000000e+09,-1.771620341861535053e-02,-6.770410377105035593e+01
7.298565000000000000e+09,-3.678285731564301386e-02,-6.775898308523845515e+01
7.298660000000000000e+09,-2.319735836667291551e-02,-6.778121024658054239e+01
7.298755000000000000e+09,-3.664379300116138438e-02,-6.783046934150610241e+01
7.298850000000000000e+09,-9.255168275217329210e-03,-6.783889337707122991e+01
7.298945000000000000e+09,-5.303669648101561052e-02,-6.791848756556809974e+01
7.299040000000000000e+09,-3.184846576561994880e-02,-6.793311199514377563e+01
7.299135000000000000e+09,-7.479022178205241289e-02,-6.801186641145127965e+01
7.299230000000000000e+09,-5.567799626200553575e-02,-6.802856684622230432e+01
7.299325000000000000e+09,-4.328124001914090968e-02,-6.805198275027051125e+01
7.299420000000000000e+09,-2.697087802249598099e-02,-6.807148504856492366e+01
7.299515000000000000e+09,-3.193163216857897169e-02,-6.811225846300241926e+01
7.299610000000000000e+09,-3.236347361668379108e-02,-6.814850296474159563e+01
7.299705000000000000e+09,-5.506105923417692338e-02,-6.820701321065014611e+01
7.299800000000000000e+09,-2.927835962313452001e-02,-6.821704317133017526e+01
7.299895000000000000e+09,-6.448750829898131087e-02,-6.828806498029709360e+01
7.299990000000000000e+09,-2.891856980596685389e-03,-6.826228198926978052e+01
7.300085000000000000e+09,-2.312100973588826491e-02,-6.831832380231614366e+01
7.300180000000000000e+09,-5.344529796668950894e-02,-6.838446075083801645e+01
7.300275000000000000e+09,-3.823366018143303791e-02,-6.840506177334383153e+01
7.300370000000000000e+09,-2.418120411647350920e-02,-6.842682197756994356e+01
7.300465000000000000e+09,-4.978972990163299528e-02,-6.848824316364616038e+01
7.300560000000000000e+09,-5.533876149058869487e-02,-6.852960485552618763e+01
7.300655000000000000e+09,-6.202234874128009778e-02,-6.857210110306795059e+01
7.300750000000000000e+09,-3.070291330790553275e-02,-6.857659432792564758e+01
7.300845000000000000e+09,-1.908478821938786041e-02,-6.860078886312820146e+01
7.300940000000000000e+09,-2.749472439167277571e-02,-6.864501145959154371e+01
7.301035000000000000e+09,-1.789433590234068561e-02,-6.867122373139328317e+01
7.301130000000000000e+09,-4.077042075182646386e-02,-6.872991247653384050e+01
7.301225000000000000e+09,-2.013366036668173820e-02,-6.874508837643976733e+01
7.301320000000000000e+09,-2.019532018272229834e-02,-6.878096269654687944e+01
7.301415000000000000e+09,-4.372120343505514484e-02,-6.884030124009062490e+01
7.301510000000000000e+09,-2.550183960984497844e-02,-6.885789453655647208e+01
7.301605000000000000e+09,-4.289772995574026027e-02,-6.891110308719343891e+01
7.301700000000000000e+09,-2.014645918298185734e-02,-6.892416447671175206e+01
7.301795000000000000e+09,-3.593069954878558292e-02,-6.897576137736862734e+01
7.301890000000000000e+09,-6.129743266775733446e-02,-6.903694077077867064e+01
7.301985000000000000e+09,-5.237739099514726604e-02,-6.906383338939711791e+01
7.302080000000000000e+09,-3.330863328781674682e-02,-6.908057729198085894e+01
7.302175000000000000e+09,-1.052086854029710139e-02,-6.909360218752441085e+01
7.302270000000000000e+09,-1.848065058987913289e-02,-6.913737462986506443e+01
7.302365000000000000e+09,-3.264562425994199657e-02,-6.918735226382619885e+01
7.302460000000000000e+09,-3.037288199979570891e-02,-6.922089218185712411e+01
7.302555000000000000e+09,-3.881445242924996819e-02,-6.926514641257764993e+01
7.302650000000000000e+09,-3.797294432827413857e-02,-6.930011756476774565e+01
7.302745000000000000e+09,-3.677138871205443138e-02,-6.933472866944258328e+01
7.302840000000000000e+09,-2.049044586205184260e-02,-6.935426038688365225e+01
7.302935000000000000e+09,1.594425806740673579e-02,-6.935363834324526522e+01
7.303030000000000000e+09,5.935149283914142870e-03,-6.939946011231982936e+01
7.303125000000000000e+09,-4.403829661310965093e-02,-6.948524621850792471e+01
7.303220000000000000e+09,-3.221439656665836537e-02,-6.950923497875254498e+01
7.303315000000000000e+09,-7.425697666761266191e-02,-6.958709021914455661e+01
7.303410000000000000e+09,-5.734029094548986905e-02,-6.960598619371384643e+01
7.303505000000000000e+09,-6.764022357745602676e-02,-6.965209878663688414e+01
7.303600000000000000e+09,-7.352826674249968164e-03,-6.962762405002474964e+01
7.303695000000000000e+09,-2.509446926832481495e-02,-6.968117835290989603e+01
7.303790000000000000e+09,-2.207983952936842797e-02,-6.971397638346199699e+01
7.303885000000000000e+09,-3.264219822206371191e-02,-6.976035140244576382e+01
7.303980000000000000e+09,-3.038253590779049773e-02,-6.979390440042256216e+01
7.304075000000000000e+09,-4.284361202296338433e-02,-6.984217813682880660e+01
7.304170000000000000e+09,-3.865998923402003129e-03,-6.983901318402031677e+01
7.304265000000000000e+09,-6.944122239471539615e-02,-6.994040106778268751e+01
7.304360000000000000e+09,-3.542452992309108595e-02,-6.994219703560213475e+01
7.304455000000000000e+09,-1.385474804686737116e-02,-6.995643991401698258e+01
7.304550000000000000e+09,-5.854097549560322022e-02,-7.003693880175678999e+01
7.304645000000000000e+09,-4.694484794519837578e-02,-7.006115533449745669e+01
7.304740000000000000e+09,-1.958273003884869468e-02,-7.006960587688217856e+01
7.304835000000000000e+09,-1.235005531924571187e-02,-7.009818586245364713e+01
7.304930000000000000e+09,-5.433383734731478398e-02,-7.017598230477278776e+01
7.305025000000000000e+09,-4.335006766835647340e-02,-7.020081119538490100e+01
7.305120000000000000e+09,-5.541193786046960668e-02,-7.024868572586808568e+01
7.305215000000000000e+09,-2.371351424697820676e-02,-7.025279996254565162e+01
7.305310000000000000e+09,-5.271923463739369708e-02,-7.031761834322746552e+01
7.305405000000000000e+09,-2.107879156973524459e-02,-7.032179056045087862e+01
7.305500000000000000e+09,-3.258234378124313935e-02,-7.036910677295345806e+01
7.305595000000000000e+09,-3.005090243355823532e-02,-7.040238799189684471e+01
7.305690000000000000e+09,-3.583363272211670392e-02,-7.044398338247647473e+01
7.305785000000000000e+09,-3.339618243965958300e-02,-7.047735859248508916e+01
7.305880000000000000e+09,-3.554558577614841397e-02,-7.051532065611264954e+01
7.305975000000000000e+09,-3.056647767120068693e-02,-7.054615420829877337e+01
7.306070000000000000e+09,-2.159272710997583999e-02,-7.057299311802862007e+01
7.306165000000000000e+09,-2.904094456897610144e-02,-7.061625399577867768e+01
7.306260000000000000e+09,-6.677804691388189440e-02,-7.068980375841465502e+01
7.306355000000000000e+09,-8.047301777949655843e-03,-7.066688567356979433e+01
7.306450000000000000e+09,-3.296526774708752328e-02,-7.072761629983000375e+01
7.306545000000000000e+09,-7.866682479543385398e-02,-7.080913051716940743e+01
7.306640000000000000e+09,-1.113097154282627343e-02,-7.077740732420787140e+01
7.306735000000000000e+09,-6.787334628137386972e-02,-7.086996235923749055e+01
7.306830000000000000e+09,-2.534680738037309311e-02,-7.086324848062756132e+01
7.306925000000000000e+09,-2.282959954244745404e-02,-7.089654393308070723e+01
7.307020000000000000e+09,-1.814009292225193803e-02,-7.092766708675158327e+01
7.307115000000000000e+09,1.693017359656323606e-04,-7.094517035238443725e+01
7.307210000000000000e+09,-1.552966515083653576e-02,-7.099668197956263782e+01
7.307305000000000000e+09,-5.431762225798308918e-02,-7.107128259696085593e+01
7.307400000000000000e+09,-1.297923052416649625e-02,-7.106575686551811089e+01
7.307495000000000000e+09,5.035291301666688923e-03,-7.108355500398334925e+01
7.307590000000000000e+09,-6.302069367492890706e-03,-7.113070502494356617e+01
7.307685000000000000e+09,-1.259855754109651116e-02,-7.117281417340824134e+01
7.307780000000000000e+09,-7.130885752441429304e-02,-7.126733713368263068e+01
7.307875000000000000e+09,-5.154903657641796144e-02,-7.128338997302570590e+01
7.307970000000000000e+09,-1.894056927076803731e-02,-7.128659416601112753e+01
7.308065000000000000e+09,-3.302728348336358977e-02,-7.133649354051479463e+01
7.308160000000000000e+09,1.333798566605537417e-03,-7.133794511875589706e+01
7.308255000000000000e+09,-3.527456530972017390e-02,-7.141036614292329432e+01
7.308350000000000000e+09,-5.577247295491361001e-03,-7.141648148520013706e+01
7.308445000000000000e+09,-1.899400517058325022e-02,-7.146571090336630050e+01
7.308540000000000000e+09,-3.904342203773580877e-02,-7.152157298052451040e+01
7.308635000000000000e+09,-2.286657138424175173e-02,-7.154120879016208789e+01
7.308730000000000000e+09,-8.059396212644287516e-03,-7.156221427528156198e+01
7.308825000000000000e+09,-1.964974385903417442e-02,-7.160961728321900921e+01
7.308920000000000000e+09,1.409003822786303317e-03,-7.162437119582826028e+01
7.309015000000000000e+09,-1.578133611853616003e-02,-7.167737419606065430e+01
7.309110000000000000e+09,-2.182601481527512988e-02,-7.171923153504880588e+01
7.309205000000000000e+09,-3.789593074363040159e-02,-7.177111411126823270e+01
7.309300000000000000e+09,-3.179394302729576793e-02,-7.180082478384296962e+01
7.309395000000000000e+09,-3.163866673980919586e-02,-7.183648216784655460e+01
7.309490000000000000e+09,-8.129429930747278377e-03,-7.184878559132855003e+01
7.309585000000000000e+09,-1.680085500085226613e-02,-7.189326967668972657e+01
7.309680000000000000e+09,-1.177912085552179633e-03,-7.191345939406549803e+01
7.309775000000000000e+09,-1.549849228628374931e-02,-7.196359263455730115e+01
7.309870000000000000e+09,-1.758221944292870376e-02,-7.200148902200500345e+01
7.309965000000000000e+09,3.204934011297666530e-02,-7.198767012274016963e+01
7.310060000000000000e+09,3.420837302016366266e-03,-7.205211128584220148e+01
7.310155000000000000e+09,-5.617794204584924955e-02,-7.214752272548113865e+01
7.310250000000000000e+09,-1.431308993122115680e-02,-7.214147053365758211e+01
7.310345000000000000e+09,-3.075770325668258920e-02,-7.219372780727411509e+01
7.310440000000000000e+09,-1.082212319300879244e-02,-7.220960488750151285e+01
7.310535000000000000e+09,-1.791280686833829350e-02,-7.225250823146791390e+01
7.310630000000000000e+09,-1.959093534760825150e-02,-7.228999902023825541e+01
7.310725000000000000e+09,-1.935411505850481717e-02,-7.232557486024022353e+01
7.310820000000000000e+09,-8.122640237459677337e-03,-7.235015604571023573e+01
7.310915000000000000e+09,-1.888103927493034462e-02,-7.239672710503877795e+01
7.311010000000000000e+09,-4.651118100264284294e-02,-7.246016990705756200e+01
7.311105000000000000e+09,-5.289869459446094879e-03,-7.245476125580576365e+01
7.311200000000000000e+09,-4.959402170617011052e-02,-7.253487806834355922e+01
7.311295000000000000e+09,-9.023488802583301549e-03,-7.253012019573104396e+01
7.311390000000000000e+09,1.386635670378666418e-02,-7.254304301051574555e+01
7.311485000000000000e+09,-5.890635998174786891e-02,-7.265162838749235164e+01
7.311580000000000000e+09,8.285048209060619229e-03,-7.262024963959261470e+01
7.311675000000000000e+09,-2.438499079767098010e-02,-7.268873233889041785e+01
7.311770000000000000e+09,7.057232791396472749e-05,-7.270008943605590446e+01
7.311865000000000000e+09,-1.588316411331902600e-02,-7.275185583278819479e+01
7.311960000000000000e+09,3.032482511585499196e-03,-7.276875284645436182e+01
7.312055000000000000e+09,-1.589650468929448834e-03,-7.280918763972594832e+01
7.312150000000000000e+09,-2.164009499497865363e-02,-7.286505074454305486e+01
7.312245000000000000e+09,-1.591680339495837870e-02,-7.289514011323410614e+01
7.312340000000000000e+09,-5.760544808723011556e-03,-7.292079651493894232e+01
7.312435000000000000e+09,1.821497936747107360e-02,-7.293263365105381979e+01
7.312530000000000000e+09,-1.990823193182222894e-03,-7.298865211390554464e+01
7.312625000000000000e+09,-1.611481326898456246e-02,-7.303858876427241853e+01
7.312720000000000000e+09,-9.368233809411208313e-03,-7.306765484510391673e+01
7.312815000000000000e+09,-4.103190598294759184e-02,-7.313513117756852466e+01
7.312910000000000000e+09,-2.561449991659969783e-03,-7.313247338186830859e+01
7.313005000000000000e+09,-2.200336243092237964e-02,-7.318772795459896940e+01
7.313100000000000000e+09,-4.693198683355603862e-02,-7.324846923929267462e+01
7.313195000000000000e+09,-4.515107537260121262e-02,-7.328250098812277713e+01
7.313290000000000000e+09,-5.927564411848607051e-03,-7.327909013745309608e+01
7.313385000000000000e+09,2.639590320916340715e-02,-7.328257933012315561e+01
7.313480000000000000e+09,-3.049380126309131356e-02,-7.337528169488648189e+01
7.313575000000000000e+09,-2.960093005539476962e-02,-7.341020148396985689e+01
7.313670000000000000e+09,-1.427016809344650028e-03,-7.341784023101487833e+01
7.313765000000000000e+09,-2.496258219902358633e-02,-7.347718845669562882e+01
7.313860000000000000e+09,3.106858264061429509e-04,-7.348772784896127064e+01
7.313955000000000000e+09,-4.412960354389383610e-02,-7.356798079862264217e+01
7.314050000000000000e+09,-3.302242641011332580e-02,-7.359268628177993321e+01
7.314145000000000000e+09,-1.421733937230840183e-02,-7.360969385503318563e+01
7.314240000000000000e+09,-1.446814840221577469e-02,-7.364575732435416455e+01
7.314335000000000000e+09,-2.519255285426424962e-02,-7.369229438909728458e+01
7.314430000000000000e+09,-1.601274818136744216e-02,-7.371892724471545932e+01
7.314525000000000000e+09,-2.127033786592846809e-03,-7.374085419061174207e+01
7.314620000000000000e+09,-1.715958858819988109e-02,-7.379169940570442066e+01
7.314715000000000000e+09,3.726459162578521500e-03,-7.380662601824471380e+01
7.314810000000000000e+09,-3.865857877683254173e-02,-7.388482371647519642e+01
7.314905000000000000e+09,-1.183994955334810584e-02,-7.389381774754312460e+01
7.315000000000000000e+09,-1.907997804045180601e-02,-7.393687043632129985e+01
