# freq_Hz, phase_rad_detrended, phase_rad
7.125000000000000000e+09,4.609330777484910158e-02,-2.305481291097376761e+00
7.125063333333333015e+09,1.398550312957964614e-01,-2.235584029514774418e+00
7.125126666666666985e+09,1.334311199654307778e-01,-2.265872402783478012e+00
7.125190000000000000e+09,8.591027237353321411e-02,-2.337257712313720592e+00
7.125253333333333015e+09,8.656959181540235804e-02,-2.360462854810189359e+00
7.125316666666666985e+09,3.208450097701742720e-02,-2.438812407587253261e+00
7.125380000000000000e+09,-5.814435688751329323e-02,-2.552905727389787938e+00
7.125443333333333015e+09,3.761179547806348111e-02,-2.481014036962556180e+00
7.125506666666666985e+09,4.440723502393684186e-02,-2.498083059355354685e+00
7.125570000000000000e+09,5.593893277016181997e-02,-2.510415823547140768e+00
7.125633333333333015e+09,4.521818960977475044e-02,-2.545001028645865748e+00
7.125696666666666985e+09,9.147065300819967604e-02,-2.522613027186119794e+00
7.125760000000000000e+09,2.356854605738956110e-02,-2.614379596074933865e+00
7.125823333333333015e+09,8.239182272270539897e-02,-2.579420781347955938e+00
7.125886666666666985e+09,1.248145154894269027e-01,-2.560862550519913405e+00
7.125950000000000000e+09,1.235804856680005059e-01,-2.585961042279343758e+00
7.126013333333333015e+09,6.761900248464192131e-02,-2.665786987401047359e+00
7.126076666666666985e+09,6.269029768017464477e-03,-2.751001422056343682e+00
7.126140000000000000e+09,5.789167907896253240e-02,-2.723243234683743630e+00
7.126203333333333015e+09,8.833258116797315651e-02,-2.716666794532736962e+00
7.126266666666666985e+09,1.128983284849960356e-02,-2.817574004790889486e+00
7.126330000000000000e+09,6.959625512264766556e-02,-2.783132044455079335e+00
7.126393333333333015e+09,1.020901599407055826e-01,-2.774502601575032479e+00
7.126456666666666985e+09,4.240434676213045151e-03,-2.896216788778196882e+00
7.126520000000000000e+09,7.560509127986270173e-02,-2.848716594112892242e+00
7.126583333333333015e+09,1.628315044214230234e-01,-2.785354642909335876e+00
7.126646666666666985e+09,4.478179775270474394e-02,-2.927268811516733127e+00
7.126710000000000000e+09,9.008563708213435106e-02,-2.905829434125641431e+00
7.126773333333333015e+09,5.887351536916485273e-02,-2.960906017776955945e+00
7.126836666666666985e+09,5.392877525732409083e-02,-2.989715219827134618e+00
7.126900000000000000e+09,-1.633676007770645811e-04,-3.067671824623580790e+00
7.126963333333333015e+09,4.673060443888576998e-02,-3.044642314522255866e+00
7.127026666666666985e+09,9.932311400961912895e-02,-3.015914266889867523e+00
7.127090000000000000e+09,2.888754085734213106e-02,-3.110214301980482432e+00
7.127153333333333015e+09,6.537236583588379446e-02,-3.097593938940285785e+00
7.127216666666666985e+09,3.374571293083006296e-02,-3.153085053784011382e+00
7.127280000000000000e+09,9.087053766471964167e-02,-3.119824690988132865e+00
7.127343333333333015e+09,1.402445461268841953e-01,-3.094315144464306222e+00
7.127406666666666985e+09,1.613689300854357356e-01,-3.097055222444433653e+00
7.127470000000000000e+09,3.587634771732917116e-02,-3.246412266750544173e+00
7.127533333333333015e+09,5.422447171649746878e-03,-3.300730629234561508e+00
7.127596666666666985e+09,4.858822615180136140e-02,-3.281429312193088865e+00
7.127660000000000000e+09,8.481787578475952216e-02,-3.269064124498134660e+00
7.127723333333333015e+09,2.581418859192963211e-02,-3.351932273629309567e+00
7.127786666666666985e+09,1.509064478916419816e-01,-3.250704476268276188e+00
7.127850000000000000e+09,4.765542945469780634e-02,-3.377819956643224319e+00
7.127913333333333015e+09,3.677901967158181407e-02,-3.412560828364678223e+00
7.127976666666666985e+09,9.236401720853937292e-02,-3.380840292766399635e+00
7.128040000000000000e+09,1.194606771171757842e-02,-3.485122704201559340e+00
7.128103333333333015e+09,1.962420851721935477e-02,-3.501309025334068625e+00
7.128166666666666985e+09,6.867625948834499283e-02,-3.476121436301614853e+00
7.128230000000000000e+09,-2.211869116597187102e-02,-3.590780848894276733e+00
7.128293333333333015e+09,1.263789932268979399e-01,-3.466147626439410878e+00
7.128356666666666985e+09,1.033702642647162939e-01,-3.513020817340271496e+00
7.128420000000000000e+09,-2.385200775706364240e-02,-3.664107551300389343e+00
7.128483333333333015e+09,5.506595249670453995e-02,-3.609054052984632222e+00
7.128546666666666985e+09,3.629696055570752478e-02,-3.651687506864301103e+00
7.128610000000000000e+09,2.535274874471182827e-02,-3.686496180613641815e+00
7.128673333333333015e+09,6.693152662760049054e-02,-3.668781864669091064e+00
7.128736666666666985e+09,6.188324702577485681e-02,-3.697694606209261714e+00
7.128800000000000000e+09,7.275490957637087419e-02,-3.710687405597003607e+00
7.128863333333333015e+09,6.643064961263522861e-02,-3.740876127499084269e+00
7.128926666666666985e+09,3.571059767812956309e-02,-3.795460641371927846e+00
7.128990000000000000e+09,2.433213384503218890e-02,-3.830703567143370236e+00
7.129053333333333015e+09,7.076377686785706445e-02,-3.808136386058883271e+00
7.129116666666666985e+09,-3.250066916852123455e-02,-3.935265294033606587e+00
7.129180000000000000e+09,8.127819881101494559e-02,-3.845350887992408317e+00
7.129243333333333015e+09,5.949198315007420135e-02,-3.891001565591694078e+00
7.129306666666666985e+09,3.168363897044468303e-02,-3.942674371709995462e+00
7.129370000000000000e+09,2.245300343076284122e-02,-3.975769469187681260e+00
7.129433333333333015e+09,1.987825264250697721e-01,-3.823304408131719345e+00
7.129496666666666985e+09,1.202631974583656671e-01,-3.925688199037102422e+00
7.129560000000000000e+09,5.999434248333468389e-02,-4.009821515950137361e+00
7.129623333333333015e+09,1.094511843619887514e-01,-3.984229136009821204e+00
7.129686666666666985e+09,7.430370578423328709e-03,-4.110114411732065598e+00
7.129750000000000000e+09,6.236591664503077226e-02,-4.079043327603462110e+00
7.129813333333333015e+09,1.130765409923881748e-01,-4.052197165194449724e+00
7.129876666666666985e+09,9.029099530532125328e-02,-4.098847172820188511e+00
7.129940000000000000e+09,1.125605399725095879e-01,-4.100442090091345193e+00
7.130003333333333015e+09,2.919168744142908167e-02,-4.207675404560429655e+00
7.130066666666666985e+09,7.902429683435929775e-02,-4.181707257106178410e+00
7.130130000000000000e+09,5.073186031286436304e-02,-4.233864155566011256e+00
7.130193333333333015e+09,4.455874765959766393e-02,-4.263901730157289016e+00
7.130256666666666985e+09,3.995024120029100345e-02,-4.292374698555267543e+00
7.130320000000000000e+09,3.070365358383231325e-02,-4.325485748110071249e+00
7.130383333333333015e+09,9.221855485439078848e-02,-4.287835308777516730e+00
7.130446666666666985e+09,1.121022050541959914e-01,-4.291816120516390498e+00
7.130510000000000000e+09,5.221087297047866116e-02,-4.375571914538445739e+00
7.130573333333333015e+09,-9.205822131921337359e-03,-4.460853071579190754e+00
7.130636666666666985e+09,4.576138032519416754e-02,-4.429750331060413160e+00
7.130700000000000000e+09,5.125757899906702164e-02,-4.448118594324885322e+00
7.130763333333333015e+09,9.183435176398280220e-02,-4.431406283498307452e+00
7.130826666666666985e+09,1.558280734188954852e-03,-4.545546816466446316e+00
7.130890000000000000e+09,5.116529695296812008e-02,-4.519804262186005062e+00
7.130953333333333015e+09,1.247127001325880613e-01,-4.470121320944730137e+00
7.131016666666666985e+09,1.087321296854923958e-01,-4.509966353330163713e+00
7.131080000000000000e+09,3.447196379304084957e-02,-4.608090981160960276e+00
7.131143333333333015e+09,9.807101315564814570e-02,-4.568356393736690890e+00
7.131206666666666985e+09,7.177956949350594584e-02,-4.618512299337512061e+00
7.131270000000000000e+09,-3.643649837208418063e-02,-4.750592829141106144e+00
7.131333333333333015e+09,5.656170720657272000e-03,-4.732364621986702602e+00
7.131396666666666985e+09,9.877409180595542182e-02,-4.663111162840083423e+00
7.131460000000000000e+09,1.491758120154695888e-02,-4.770832135382495842e+00
7.131523333333333015e+09,9.339138643102984361e-02,-4.716222792091357974e+00
7.131586666666666985e+09,1.849513119257473193e-02,-4.814983509268484951e+00
7.131650000000000000e+09,1.448541829977685325e-01,-4.712488919401302212e+00
7.131713333333333015e+09,2.942398708627003145e-02,-4.851783577251138624e+00
7.131776666666666985e+09,4.531608154425370572e-02,-4.859755944731833921e+00
7.131840000000000000e+09,5.623829125925716710e-02,-4.872698196955168370e+00
7.131903333333333015e+09,6.121531031748439489e-02,-4.891585639834952204e+00
7.131966666666666985e+09,7.638291898540305880e-02,-4.900282493105705406e+00
7.132030000000000000e+09,4.803365194613196110e-02,-4.952496222083321520e+00
7.132093333333333015e+09,-9.493524554290644346e-03,-5.033887860521748081e+00
7.132156666666666985e+09,1.785655718433343253e-02,-5.030402240721802976e+00
7.132220000000000000e+09,-3.275066960374406477e-02,-5.104873929448218384e+00
7.132283333333333015e+09,5.534473651777904735e-02,-5.040642985264706333e+00
7.132346666666666985e+09,4.889334979013959526e-02,-5.070958833931017651e+00
7.132410000000000000e+09,-5.621361903505306401e-02,-5.199930264694555326e+00
7.132473333333333015e+09,7.961066937225780293e-02,-5.087970438225582370e+00
7.132536666666666985e+09,9.857952420043680775e-02,-5.092866045335748382e+00
7.132600000000000000e+09,1.604835591167592668e-01,-5.054826472357763834e+00
7.132663333333333015e+09,-1.932190336917116724e-02,-5.258496396782039284e+00
7.132726666666666985e+09,3.544422988472284430e-02,-5.227594725466483183e+00
7.132790000000000000e+09,-5.292848495286506250e-02,-5.339831902242416106e+00
7.132853333333333015e+09,1.188228721640545160e-01,-5.191945007063834439e+00
7.132916666666666985e+09,7.969025011433217287e-02,-5.254942091051901798e+00
7.132980000000000000e+09,5.128054242085333669e-02,-5.307216260683718545e+00
7.133043333333333015e+09,8.421937142837698786e-02,-5.298141893614532805e+00
7.133106666666666985e+09,6.772072363164483022e-02,-5.338505003349943934e+00
7.133170000000000000e+09,2.826194459460396047e-02,-5.401828244324988759e+00
7.133233333333333015e+09,2.771828918303054223e-02,-5.426236361674907194e+00
7.133296666666666985e+09,4.839340586250528986e-02,-5.429425706934111417e+00
7.133360000000000000e+09,5.889458795998958607e-02,-5.442788986774631077e+00
7.133423333333333015e+09,7.192566667463928809e-02,-5.453622369998319286e+00
7.133486666666666985e+09,3.396157849892489367e-02,-5.515450920112712652e+00
7.133550000000000000e+09,1.239204476858724036e-02,-5.560884915781054261e+00
7.133613333333333015e+09,3.548370280818780031e-03,-5.593593052207167737e+00
7.133676666666666985e+09,5.852979630617927143e-02,-5.562476088120479112e+00
7.133740000000000000e+09,1.987114416688839924e-02,-5.624999202198115000e+00
7.133803333333333015e+09,1.216100416904541959e-02,-5.656573804133961936e+00
7.133866666666666985e+09,7.319149377470246520e-02,-5.619407776466983861e+00
7.133930000000000000e+09,1.183436905555215191e-01,-5.598120041624502718e+00
7.133993333333333015e+09,-1.019085347555037657e-02,-5.750519047593585675e+00
7.134056666666666985e+09,1.375104415716350559e-01,-5.626682214485072109e+00
7.134120000000000000e+09,-2.244857704587666092e-02,-5.810505695040928842e+00
7.134183333333333015e+09,8.262691364882002176e-04,-5.811095310796567937e+00
7.134246666666666985e+09,9.043768886397174356e-02,-5.745348353007763365e+00
7.134310000000000000e+09,7.118114661580410285e-02,-5.788469357194268916e+00
7.134373333333333015e+09,-3.208803320132069814e-02,-5.915602998949738733e+00
7.134436666666666985e+09,1.504511095271876542e-02,-5.892334316734037181e+00
7.134500000000000000e+09,5.883388709859893595e-02,-5.872410002526502026e+00
7.134563333333333015e+09,8.009568009225365159e-02,-5.875012671471185222e+00
7.134626666666666985e+09,1.309355400815368498e-01,-5.848037273420247040e+00
7.134690000000000000e+09,-4.799850886910483894e-03,-6.007637126327032284e+00
7.134753333333333015e+09,6.126386477314760270e-02,-5.965437872605319214e+00
7.134816666666666985e+09,7.409372937415170668e-03,-6.043156826379389557e+00
7.134880000000000000e+09,1.930938028320827726e-02,-6.055121280971934361e+00
7.134943333333333015e+09,3.419836788437002895e-02,-6.064096755309117626e+00
7.135006666666666985e+09,1.710913914284084569e-02,-6.105050445989325780e+00
7.135070000000000000e+09,1.138492077472426089e-01,-6.032174839322927973e+00
7.135133333333333015e+09,1.298685590869848028e-01,-6.040019949921527243e+00
7.135196666666666985e+09,1.161313134538159986e-01,-6.077621657493371465e+00
7.135260000000000000e+09,3.217738115598312021e-02,-6.185440051729211852e+00
7.135323333333333015e+09,7.346045725970196116e-02,-6.168021437563834475e+00
7.135386666666666985e+09,6.197349607337176991e-02,-6.203372860688840085e+00
7.135450000000000000e+09,5.532730643390948444e-02,-6.233883512266309879e+00
7.135513333333333015e+09,2.600730150519048323e-02,-6.287067979133370343e+00
7.135576666666666985e+09,4.946721011972154969e-02,-6.287472532457514696e+00
7.135640000000000000e+09,-5.422365053009414737e-04,-6.361346441020878650e+00
7.135703333333333015e+09,7.810780163442387902e-02,-6.306560864819157786e+00
7.135766666666666985e+09,2.048953527398200691e-02,-6.388043593118278629e+00
7.135830000000000000e+09,1.136160786579507587e-01,-6.318781511672651341e+00
7.135893333333333015e+09,3.684639434262848567e-02,-6.419415657925977570e+00
7.135956666666666985e+09,1.184182005154248429e-01,-6.361708313691856631e+00
7.136020000000000000e+09,2.447365828170333657e-02,-6.479517317863919601e+00
7.136083333333333015e+09,6.743055674093501040e-02,-6.460424881342695436e+00
7.136146666666666985e+09,1.191631310039653613e-02,-6.539803586921909329e+00
7.136210000000000000e+09,7.675914200364264417e-02,-6.498825219957004684e+00
7.136273333333333015e+09,5.070018480423588159e-02,-6.548748639094418955e+00
7.136336666666666985e+09,4.695839171828897207e-02,-6.576354894119041283e+00
7.136400000000000000e+09,9.090655361439825555e-02,-6.556271194161273463e+00
7.136463333333333015e+09,-4.504965204295885428e-02,-6.716091861756972037e+00
7.136526666666666985e+09,9.768331749118619456e-02,-6.597223354161168452e+00
7.136590000000000000e+09,-1.205536228787540409e-02,-6.730826495878571514e+00
7.136653333333333015e+09,9.081819494578002860e-02,-6.651817400583257545e+00
7.136716666666666985e+09,1.550054123574504672e-01,-6.611494645109928570e+00
7.136780000000000000e+09,-4.327780894808075374e-02,-6.833642328353801254e+00
7.136843333333333015e+09,6.431565318450704893e-02,-6.749913328159554915e+00
7.136906666666666985e+09,1.386675070830163392e-01,-6.699425936199721043e+00
7.136970000000000000e+09,4.231248010669919069e-02,-6.819645425114045700e+00
7.137033333333333015e+09,9.149214039419906186e-02,-6.794330226764887293e+00
7.137096666666666985e+09,6.735044474570361928e-02,-6.842336384352058154e+00
7.137160000000000000e+09,3.492224794111464803e-02,-6.898629043094654634e+00
7.137223333333333015e+09,3.055150328333144927e-02,-6.926864249690779296e+00
7.137286666666666985e+09,-2.861589457962043781e-02,-7.009896109492406602e+00
7.137350000000000000e+09,7.861854627149433838e-02,-6.926526130579299334e+00
7.137413333333333015e+09,2.999536596822327539e-02,-6.999013772820911861e+00
7.137476666666666985e+09,8.788716999870160862e-02,-6.964986430729108946e+00
7.137540000000000000e+09,3.149501158157352876e-02,-7.045243051084578489e+00
7.137603333333333015e+09,-3.002357667207977698e-02,-7.130626101276235751e+00
7.137666666666666985e+09,2.627265984995563741e-02,-7.098194326692879308e+00
7.137730000000000000e+09,3.718095612621574730e-02,-7.111150492354960662e+00
7.137793333333333015e+09,2.206265255821637794e-02,-7.150133257860963987e+00
7.137856666666666985e+09,-3.363715676707013102e-02,-7.229697529124925914e+00
7.137920000000000000e+09,6.957395992344928004e-02,-7.150350874372747967e+00
7.137983333333333015e+09,9.885353825351472778e-02,-7.144935757980690028e+00
7.138046666666666985e+09,4.606473134366328992e-02,-7.221589026829216884e+00
7.138110000000000000e+09,-6.391575298385898662e-02,-7.355433973095080624e+00
7.138173333333333015e+09,1.116767119244865825e-01,-7.203705970124742564e+00
7.138236666666666985e+09,3.322531055138799871e-02,-7.306021833436516566e+00
7.138300000000000000e+09,4.879762164513579137e-04,-7.362623629709794670e+00
7.138363333333333015e+09,4.633784376759741974e-02,-7.340638224096990072e+00
7.138426666666666985e+09,5.221323286831847099e-02,-7.358627296934610484e+00
7.138490000000000000e+09,1.210137953781726949e-01,-7.313691196363097724e+00
7.138553333333333015e+09,2.581671228814030883e-02,-7.432752741391471574e+00
7.138616666666666985e+09,5.407477303932495261e-02,-7.428359142578628393e+00
7.138680000000000000e+09,-3.482205335311405747e-02,-7.541120430909408867e+00
7.138743333333333015e+09,4.379084786529574558e-02,-7.486371991629340528e+00
7.138806666666666985e+09,6.546019716416928702e-02,-7.488567104269142405e+00
7.138870000000000000e+09,-2.046791557037419551e-02,-7.598359678941693396e+00
7.138933333333333015e+09,3.635577179817151006e-02,-7.565400453511489154e+00
7.138996666666666985e+09,2.367553817105072511e-02,-7.601945149077285357e+00
7.139060000000000000e+09,2.047401436338525116e-03,-7.647437747750005066e+00
7.139123333333333015e+09,5.805827729271317850e-02,-7.615291333831971876e+00
7.139186666666666985e+09,2.892661384726924467e-02,-7.668287459216091229e+00
7.139250000000000000e+09,-2.787268888459770722e-02,-7.748951223885965689e+00
7.139313333333333015e+09,6.174874336618785264e-02,-7.683194253573518040e+00
7.139376666666666985e+09,-7.518306482987568984e-03,-7.776325765361372433e+00
7.139440000000000000e+09,-4.674357246231597429e-02,-7.839415493278704794e+00
7.139503333333333015e+09,4.458981177861520706e-02,-7.771946570976115076e+00
7.139566666666666985e+09,5.417408766479958615e-02,-7.786226757028609669e+00
7.139630000000000000e+09,2.065730218516659278e-02,-7.843608004446580573e+00
7.139693333333333015e+09,4.661881181560900700e-02,-7.841510956754145667e+00
7.139756666666666985e+09,3.861658087098085446e-02,-7.873377649637449238e+00
7.139820000000000000e+09,-7.817369556994080426e-03,-7.943676062003765637e+00
7.139883333333333015e+09,3.586943820111798686e-02,-7.923853716183661078e+00
7.139946666666666985e+09,1.536122350645285906e-02,-7.968226392817001624e+00
7.140010000000000000e+09,3.011143538605232095e-02,-7.977340642875743626e+00
7.140073333333333015e+09,4.987922404018174660e-02,-7.981437316159621709e+00
7.140136666666666985e+09,1.197897831170635641e-02,-8.043202023826772518e+00
7.140200000000000000e+09,9.398997897731398155e-02,-7.985055485099506356e+00
7.140263333333333015e+09,7.685525053135755513e-02,-8.026054675483804246e+00
7.140326666666666985e+09,2.706039751086919409e-02,-8.099713990442634071e+00
7.140390000000000000e+09,2.574451728009030660e-02,-8.124894332611754422e+00
7.140453333333333015e+09,1.179533359518156743e-01,-8.056549975878370518e+00
7.140516666666666985e+09,-3.027399469824665346e-02,-8.228641768466774309e+00
7.140580000000000000e+09,1.000422294432770087e-01,-8.122190006263592110e+00
7.140643333333333015e+09,-4.052266645076407769e-02,-8.286619364095974660e+00
7.140706666666666985e+09,4.230017167011368429e-02,-8.227660987913772317e+00
7.140770000000000000e+09,1.706585325953646759e-02,-8.276759768262357042e+00
7.140833333333333015e+09,-1.814724177608084688e-03,-8.319504807637843058e+00
7.140896666666666985e+09,9.319356496919262156e-02,-8.248360980429717770e+00
7.140960000000000000e+09,-3.398453266651557669e-03,-8.368817460603569458e+00
7.141023333333333015e+09,2.890682327747740032e-02,-8.360376645997781964e+00
7.141086666666666985e+09,-6.382953243777222951e-02,-8.476977463651707012e+00
7.141150000000000000e+09,1.123278368405422611e-02,-8.425779609467884512e+00
7.141213333333333015e+09,6.128581223979168158e-02,-8.399591042850488520e+00
7.141276666666666985e+09,6.436906109062867642e-02,-8.420372255938330497e+00
7.141340000000000000e+09,9.759289524697223328e-02,-8.411012883719990896e+00
7.141403333333333015e+09,6.157240366804295206e-02,-8.470897837237261641e+00
7.141466666666666985e+09,4.802098338840288250e-02,-8.508313719455577129e+00
7.141530000000000000e+09,4.870930720176858131e-03,-8.575328234062144617e+00
7.141593333333333015e+09,2.781095623981499898e-02,-8.576252670480513984e+00
7.141656666666666985e+09,3.014360220602974039e-02,-8.597784486452974662e+00
7.141720000000000000e+09,6.523869403067195094e-02,-8.586553856566673915e+00
7.141783333333333015e+09,2.869180421146566573e-02,-8.646965208323887708e+00
7.141846666666666985e+09,4.996310727566743992e-02,-8.649558367198361353e+00
7.141910000000000000e+09,-3.987400909640115287e-02,-8.763259945508771409e+00
7.141973333333333015e+09,7.816362215549510495e-02,-8.669086776194882660e+00
7.142036666666666985e+09,7.518623257219836375e-02,-8.695928627716854820e+00
7.142100000000000000e+09,-4.484820275763468089e-03,-8.799464142503158115e+00
7.142163333333333015e+09,7.981376663198780363e-02,-8.739030017533748307e+00
7.142226666666666985e+09,-2.209613839331048268e-02,-8.864804384497388057e+00
7.142290000000000000e+09,3.441913587449718648e-02,-8.832153572167921851e+00
7.142353333333333015e+09,7.006546447586359250e-02,-8.820371705504896909e+00
7.142416666666666985e+09,5.137210908473122117e-02,-8.862929522834370744e+00
7.142480000000000000e+09,-1.682565148769832319e-02,-8.954991745345141751e+00
7.142543333333333015e+09,6.790723486274785614e-02,-8.894123320933037036e+00
7.142606666666666985e+09,2.026631110709331551e-03,-8.983868386623417024e+00
7.142670000000000000e+09,1.701042374876315932e-02,-8.992749055923704660e+00
7.142733333333333015e+09,1.536653966998624554e-01,-8.879958544910946827e+00
7.142796666666666985e+09,-2.296895928912690010e-03,-9.059785299478397391e+00
7.142860000000000000e+09,9.806477578333883116e-02,-8.983288089704153379e+00
7.142923333333333015e+09,-2.004045147405264515e-02,-9.125257778899886318e+00
7.142986666666666985e+09,6.033662645228687893e-02,-9.068745162912222213e+00
7.143050000000000000e+09,1.003000643970715089e-01,-9.052646186905441539e+00
7.143113333333333015e+09,-4.529106984103670186e-02,-9.222101783081891213e+00
7.143176666666666985e+09,-4.829344244733135838e-03,-9.205504519424266618e+00
7.143240000000000000e+09,6.346641611152392670e-02,-9.161073221006013512e+00
7.143303333333333015e+09,-1.205108558899325999e-04,-9.248524609911768835e+00
7.143366666666666985e+09,1.925695498137436346e-02,-9.253011606013179957e+00
7.143430000000000000e+09,9.280164635462995193e-03,-9.286852858297432789e+00
7.143493333333333015e+09,6.467717312908938254e-02,-9.255320311741813910e+00
7.143556666666666985e+09,6.951035720066478518e-02,-9.274351589608913926e+00
7.143620000000000000e+09,9.597692096173560117e-03,-9.358128716651746615e+00
7.143683333333333015e+09,9.066579623676851440e-02,-9.300925074449159169e+00
7.143746666666666985e+09,1.379671665760575650e-01,-9.277488166048545537e+00
7.143810000000000000e+09,1.075983538338931567e-01,-9.331721440729051409e+00
7.143873333333333015e+09,-4.155747062465664499e-02,-9.504741727125608719e+00
7.143936666666666985e+09,7.927653241268828310e-02,-9.407772186026939210e+00
7.144000000000000000e+09,1.506179593598488964e-02,-9.495851384441984067e+00
7.144063333333333015e+09,1.611741766610563786e-02,-9.518660224650204782e+00
7.144126666666666985e+09,-1.703575021527470312e-02,-9.575677854469926586e+00
7.144190000000000000e+09,1.449497879307948267e-02,-9.568011587399913864e+00
7.144253333333333015e+09,-1.739294987050552521e-01,-9.780300526836390063e+00
7.144316666666666985e+09,1.025306083182204731e-01,-9.527704881751455801e+00
7.144380000000000000e+09,4.292149523791977117e-02,-9.611178456770097966e+00
7.144443333333333015e+09,5.533194130710050729e-02,-9.622632472639258694e+00
7.144506666666666985e+09,3.017903696858859064e-02,-9.671649838916112074e+00
7.144570000000000000e+09,-2.490284379494411837e-02,-9.750596181617986247e+00
7.144633333333333015e+09,6.547868252607891293e-02,-9.684079117235304679e+00
7.144696666666666985e+09,1.545816812450802047e-01,-9.618840580454978806e+00
7.144760000000000000e+09,-3.263182780784035231e-02,-9.829918551445906871e+00
7.144823333333333015e+09,3.232166854050610993e-02,-9.788829517035898320e+00
7.144886666666666985e+09,-2.495384079228912810e-02,-9.869969488307372529e+00
7.144950000000000000e+09,-6.413937499901223305e-02,-9.933019484452099590e+00
7.145013333333333015e+09,-2.630211032155749251e-02,-9.919046681712986313e+00
7.145076666666666985e+09,7.450610640675492391e-02,-9.842102926923352868e+00
7.145140000000000000e+09,-3.079344851662924043e-02,-9.971266943784740988e+00
7.145203333333333015e+09,3.178384361362240895e-02,-9.932554113592830802e+00
7.145266666666666985e+09,1.644275795477767588e-02,-9.971759661190350954e+00
7.145330000000000000e+09,-9.103381372876029332e-03,-1.002117026245634612e+01
7.145393333333333015e+09,-1.240355617698796209e-02,-1.004833489919846556e+01
7.145456666666666985e+09,4.620707756036779301e-02,-1.001358872739978523e+01
7.145520000000000000e+09,5.421417625744417990e-02,-1.002944609064105030e+01
7.145583333333333015e+09,2.358730145606457995e-02,-1.008393742738043741e+01
7.145646666666666985e+09,7.313037303479852369e-02,-1.005825881774037889e+01
7.145710000000000000e+09,9.912411667366782808e-03,-1.014534124104615209e+01
7.145773333333333015e+09,-1.313508535518614906e-02,-1.019225320000671253e+01
7.145836666666666985e+09,9.387621138492718842e-02,-1.010910636520527461e+01
7.145900000000000000e+09,-2.846144086238489024e-02,-1.025530847939092816e+01
7.145963333333333015e+09,2.546171420365261895e-02,-1.022524978626323211e+01
7.146026666666666985e+09,5.713537398466073114e-02,-1.021744058842056546e+01
7.146090000000000000e+09,4.322496244510176666e-02,-1.025521546189846589e+01
7.146153333333333015e+09,4.727168699927020157e-02,-1.027503319928263892e+01
7.146216666666666985e+09,5.155559081551785994e-02,-1.029461375740473272e+01
7.146280000000000000e+09,-2.933031830483656677e-02,-1.039936412846342861e+01
7.146343333333333015e+09,3.271420231927102407e-02,-1.036118406977766249e+01
7.146406666666666985e+09,-3.304394564611889962e-02,-1.045080667968139387e+01
7.146470000000000000e+09,8.619165387192140315e-02,-1.035543554210169503e+01
7.146533333333333015e+09,-3.629773860911456040e-04,-1.046585463529804905e+01
7.146596666666666985e+09,-7.675999908251185389e-03,-1.049703211975888451e+01
7.146660000000000000e+09,2.382949633246234100e-02,-1.048939108545617493e+01
7.146723333333333015e+09,6.432655085193239586e-02,-1.047275849287504634e+01
7.146786666666666985e+09,1.232550136736065838e-02,-1.054862400429829705e+01
7.146850000000000000e+09,6.655381561973783278e-02,-1.051826015198392383e+01
7.146913333333333015e+09,-4.531288102453778777e-02,-1.065399131056654092e+01
7.146976666666666985e+09,-1.232168605772834269e-01,-1.075575975205796198e+01
7.147040000000000000e+09,-2.877468479936240442e-02,-1.068518203821804846e+01
7.147103333333333015e+09,4.605238856060722696e-02,-1.063421942679642029e+01
7.147166666666666985e+09,-7.146113042416146754e-02,-1.077559740771986441e+01
7.147230000000000000e+09,2.799037794043357508e-02,-1.070001036129361083e+01
7.147293333333333015e+09,-4.228974608560953641e-02,-1.079415494725766145e+01
7.147356666666666985e+09,1.444150071987806427e-01,-1.063131465591194669e+01
7.147420000000000000e+09,2.597320489935661669e-02,-1.077362092014971218e+01
7.147483333333333015e+09,-6.746772946196522014e-02,-1.089092631644904152e+01
7.147546666666666985e+09,3.405923586818460080e-03,-1.084391712533893326e+01
7.147610000000000000e+09,7.419514151777839572e-02,-1.079699236934631479e+01
7.147673333333333015e+09,6.306409419011949069e-02,-1.083198787861198120e+01
7.147736666666666985e+09,-1.537598628532954592e-02,-1.093429242102610566e+01
7.147800000000000000e+09,2.357185090509972270e-03,-1.094042371158860760e+01
7.147863333333333015e+09,-6.551979949466790742e-02,-1.103216515811212695e+01
7.147926666666666985e+09,-1.410090299899771082e-01,-1.113151885054577761e+01
7.147990000000000000e+09,-3.856065936352415235e-02,-1.105293494185766612e+01
7.148053333333333015e+09,-3.831273825321979132e-02,-1.107655148268570322e+01
7.148116666666666985e+09,-3.291764087204818168e-02,-1.109502084724287307e+01
7.148180000000000000e+09,-8.136605446763844895e-02,-1.116733372277680481e+01
7.148243333333333015e+09,5.642585419115420109e-02,-1.105340627605635362e+01
7.148306666666666985e+09,-7.158148673038766674e-02,-1.120527807891623695e+01
7.148370000000000000e+09,3.801289499376991898e-02,-1.111954815913042083e+01
7.148433333333333015e+09,-7.476119501722777727e-02,-1.125618671107975999e+01
7.148496666666666985e+09,-1.918771251587330084e-01,-1.139716710315994064e+01
7.148560000000000000e+09,-8.444197828617916457e-02,-1.131359641822539075e+01
7.148623333333333015e+09,4.078352462332901496e-02,-1.121223537725422403e+01
7.148686666666666985e+09,1.177392950087963186e-02,-1.126510943431535239e+01
7.148750000000000000e+09,5.698330012421948254e-02,-1.124376452563001649e+01
7.148813333333333015e+09,7.761441326631768334e-02,-1.124699787442625976e+01
7.148876666666666985e+09,2.265562079111891336e-01,-1.112192054172006372e+01
7.148940000000000000e+09,2.472245213299686384e-01,-1.112511669023929173e+01
7.149003333333333015e+09,2.583112107323870532e-01,-1.113789446277521478e+01
7.149066666666666985e+09,3.378607324183988680e-01,-1.108220940302787838e+01
7.149130000000000000e+09,1.007231129210222065e-01,-1.134321148446359651e+01
7.149193333333333015e+09,1.921014308421273853e-01,-1.127569762848049884e+01
7.149256666666666985e+09,1.753131554206106557e-01,-1.131635036584069098e+01
7.149320000000000000e+09,1.716001080747062701e-01,-1.134392787512493683e+01
7.149383333333333015e+09,1.207604056511453194e-01,-1.141863203948650529e+01
7.149446666666666985e+09,1.038903002094180295e-01,-1.145936660686690800e+01
7.149510000000000000e+09,5.799502504189568697e-02,-1.152912634397277181e+01
7.149573333333333015e+09,1.957474484733587872e-01,-1.141523838247931621e+01
7.149636666666666985e+09,8.493543261546854239e-02,-1.154991486027588188e+01
7.149700000000000000e+09,1.926624377369012819e-01,-1.146605231709279060e+01
7.149763333333333015e+09,1.271171516901841159e-01,-1.155546206507751528e+01
7.149826666666666985e+09,7.852671727954430025e-02,-1.162791696142683051e+01
7.149890000000000000e+09,1.340965780476217617e-01,-1.159621156259709451e+01
7.149953333333333015e+09,9.219883404682605033e-02,-1.166197376853623169e+01
7.150016666666666985e+09,6.677338581983960353e-02,-1.171126367870155960e+01
7.150080000000000000e+09,7.589476169424003160e-02,-1.172600676476550063e+01
7.150143333333333015e+09,-2.174558679681837248e-02,-1.184751157519490050e+01
7.150206666666666985e+09,2.881348648419645997e-02,-1.182081696385222713e+01
7.150270000000000000e+09,1.012272744519027157e-01,-1.177226763782286234e+01
7.150333333333333015e+09,1.787848629448465232e-01,-1.171857451126825644e+01
7.150396666666666985e+09,7.482095606447636271e-02,-1.184640288008730558e+01
7.150460000000000000e+09,1.101539841911005624e-01,-1.183493431389868533e+01
7.150523333333333015e+09,2.590364272002787516e-02,-1.194304911730809948e+01
7.150586666666666985e+09,6.470188838474122406e-02,-1.192811533358206511e+01
7.150650000000000000e+09,1.227068131281754404e-01,-1.189397487077663484e+01
7.150713333333333015e+09,5.215063946865861055e-02,-1.198839550637449314e+01
7.150776666666666985e+09,7.544092922792877687e-02,-1.198896967855389839e+01
7.150840000000000000e+09,2.057959581167523311e-02,-1.206769547390815944e+01
7.150903333333333015e+09,2.018152720730448380e-02,-1.209195800445087166e+01
7.150966666666666985e+09,1.520546344254949389e-01,-1.198394935917135662e+01
7.151030000000000000e+09,2.102292825068019511e-02,-1.213884552728451283e+01
7.151093333333333015e+09,1.103471956104407070e-01,-1.207338572186275982e+01
7.151156666666666985e+09,1.097601634186347042e-01,-1.209783721599324124e+01
7.151220000000000000e+09,1.087812297497610103e-01,-1.212268061160045640e+01
7.151283333333333015e+09,6.174054524968752844e-02,-1.219358575803853739e+01
7.151346666666666985e+09,5.191372781601089059e-02,-1.222727703741088945e+01
7.151410000000000000e+09,1.042717320702113426e-01,-1.219878349509503046e+01
7.151473333333333015e+09,-3.978173305874577181e-03,-1.233089786240912389e+01
7.151536666666666985e+09,6.982175714004057454e-02,-1.228096239390188416e+01
7.151600000000000000e+09,6.343250041493853075e-02,-1.231121611256532766e+01
7.151663333333333015e+09,2.689597029150192498e-02,-1.237161710462677178e+01
7.151726666666666985e+09,-1.611830540820591295e-03,-1.242398936739776971e+01
7.151790000000000000e+09,-9.005843711167216270e-02,-1.253630043590696275e+01
7.151853333333333015e+09,3.414638674630943171e-02,-1.243596007398732262e+01
7.151916666666666985e+09,2.041067155211777617e-01,-1.228986420715079575e+01
7.151980000000000000e+09,2.032215269947457159e-02,-1.249751323191084040e+01
7.152043333333333015e+09,-5.134943091673349613e-02,-1.259304927746538993e+01
7.152106666666666985e+09,-4.729633067226757248e-02,-1.261286063915926547e+01
7.152170000000000000e+09,7.054971755763972396e-03,-1.258237379866957184e+01
7.152233333333333015e+09,7.533996646039220479e-02,-1.253795326590328507e+01
7.152296666666666985e+09,-2.025431882450057230e-02,-1.265741201312685682e+01
7.152360000000000000e+09,-3.468965063684414929e-02,-1.269571180687720435e+01
7.152423333333333015e+09,2.483821904650262979e-02,-1.266004839913219904e+01
7.152486666666666985e+09,-1.353894528527810337e-02,-1.272229002540265519e+01
7.152550000000000000e+09,9.520917350049984407e-02,-1.263740636855488475e+01
7.152613333333333015e+09,4.854361978483190398e-02,-1.270793638420889415e+01
7.152676666666666985e+09,4.095261236439107222e-02,-1.273939185356801040e+01
7.152740000000000000e+09,6.914189945801929582e-02,-1.273506702841238969e+01
7.152803333333333015e+09,-3.688342910859176982e-02,-1.286495681891734222e+01
7.152866666666666985e+09,5.023667531794018259e-02,-1.280170117642948568e+01
7.152930000000000000e+09,8.157089778486259490e-02,-1.279423141590057078e+01
7.152993333333333015e+09,1.097164747124246276e-01,-1.278995030091135021e+01
7.153056666666666985e+09,3.072903542939542376e-02,-1.289280220213305483e+01
7.153120000000000000e+09,2.340542699513292746e-02,-1.292399027250565879e+01
7.153183333333333015e+09,1.230683019024958469e-02,-1.295895333124854965e+01
7.153246666666666985e+09,7.633387435393679255e-02,-1.291879074902353786e+01
7.153310000000000000e+09,-2.631649494323262672e-02,-1.304530558025904874e+01
7.153373333333333015e+09,3.460985683712891614e-03,-1.303939256157011073e+01
7.153436666666666985e+09,1.693591827947926731e-02,-1.304978209091301977e+01
7.153500000000000000e+09,2.097205218263731297e-02,-1.306961041894820319e+01
7.153563333333333015e+09,6.078405903474681793e-02,-1.305366287403410119e+01
7.153626666666666985e+09,2.460787183179924398e-02,-1.311370352317572419e+01
7.153690000000000000e+09,2.835807045299532092e-02,-1.313381778649286957e+01
7.153753333333333015e+09,1.170182640466546076e-01,-1.306902205483755175e+01
7.153816666666666985e+09,4.122631876550819641e-02,-1.316867846205703962e+01
7.153880000000000000e+09,-6.175064689234233128e-02,-1.329551988965323162e+01
7.153943333333333015e+09,4.896569741062073433e-02,-1.320866800728861001e+01
7.154006666666666985e+09,1.295838170635121855e-02,-1.326853978493121744e+01
7.154070000000000000e+09,1.357918847884533875e-01,-1.316957074378745673e+01
7.154133333333333015e+09,2.418584725159433901e-02,-1.330504124326265725e+01
7.154196666666666985e+09,8.768677386983192434e-02,-1.326540477858309863e+01
7.154260000000000000e+09,9.831459628869687606e-02,-1.327864141810223764e+01
7.154323333333333015e+09,7.366685650215032410e-03,-1.339345379067906094e+01
7.154386666666666985e+09,6.244691214083708530e-02,-1.336223802612711431e+01
7.154450000000000000e+09,5.495741780241125696e-02,-1.339359198240354765e+01
7.154513333333333015e+09,-5.654160811331898628e-02,-1.352895547025761935e+01
7.154576666666666985e+09,1.109478169643196566e-02,-1.348518354238654382e+01
7.154640000000000000e+09,6.356227624813470811e-02,-1.345658050977284859e+01
7.154703333333333015e+09,-6.079506333820283714e-02,-1.360480231129752760e+01
7.154766666666666985e+09,-2.526578583546523760e-02,-1.359313749573346541e+01
7.154830000000000000e+09,1.265686075212997252e-01,-1.346516756431470796e+01
7.154893333333333015e+09,1.883205043905498144e-01,-1.342728012938379933e+01
7.154956666666666985e+09,-5.579342083533767038e-02,-1.369525851654836224e+01
7.155020000000000000e+09,1.551866512549846533e-01,-1.350814290639638138e+01
7.155083333333333015e+09,2.465614619247169514e-02,-1.366253787339690184e+01
7.155146666666666985e+09,1.051508803431087102e-01,-1.360590760118494025e+01
7.155210000000000000e+09,6.864195189225519300e-02,-1.366628099157413523e+01
7.155273333333333015e+09,-8.052312830886876327e-02,-1.383931053371326669e+01
7.155336666666666985e+09,-4.186452319195588245e-02,-1.382451639053502923e+01
7.155400000000000000e+09,6.904286655137426010e-03,-1.379961204262627739e+01
7.155463333333333015e+09,7.759922574296318487e-02,-1.375278156547645914e+01
7.155526666666666985e+09,7.837136689288470848e-02,-1.377587388626521303e+01
7.155590000000000000e+09,-2.107569195191949518e-02,-1.389918540704835870e+01
7.155653333333333015e+09,3.664031517911858771e-02,-1.386533386185566208e+01
7.155716666666666985e+09,2.735415325399870312e-02,-1.389848448571912343e+01
7.155780000000000000e+09,-2.975919790216607907e-02,-1.397946229881362967e+01
7.155843333333333015e+09,-7.953492174047838148e-03,-1.398152105502384934e+01
7.155906666666666985e+09,7.511260873223690737e-02,-1.392231941605590606e+01
7.155970000000000000e+09,-8.490447009839030557e-03,-1.402978693373632346e+01
7.156033333333333015e+09,-1.080432647149187630e-02,-1.405596527513631777e+01
7.156096666666666985e+09,1.369342326666274090e-01,-1.393209117793653995e+01
7.156160000000000000e+09,-3.275622059864780056e-02,-1.412564609314015662e+01
7.156223333333333015e+09,4.931440510128659582e-02,-1.406743992937856369e+01
7.156286666666666985e+09,4.105036565253072922e-02,-1.409956843076599498e+01
7.156350000000000000e+09,2.900278229297725829e-03,-1.416158298012723549e+01
7.156413333333333015e+09,9.267291987175951817e-02,-1.409567480042311516e+01
7.156476666666666985e+09,9.485325001378974719e-02,-1.411735893221976035e+01
7.156540000000000000e+09,7.128864242600130297e-02,-1.416478800174555630e+01
7.156603333333333015e+09,-5.689414390548819256e-03,-1.426563052050044789e+01
7.156666666666666985e+09,6.054889065239876800e-02,-1.422325667739617572e+01
7.156730000000000000e+09,3.251939340003850987e-02,-1.427515063658654348e+01
7.156793333333333015e+09,-6.108264160932819209e-02,-1.439261713353425165e+01
7.156856666666666985e+09,-1.020149022177108122e-02,-1.436560044408536996e+01
7.156920000000000000e+09,4.656428460161698979e-02,-1.433269913120032335e+01
7.156983333333333015e+09,6.390503240704958898e-02,-1.433922284533289826e+01
7.157046666666666985e+09,-2.680188028376662146e-02,-1.445379421996238989e+01
7.157110000000000000e+09,-4.126440502371764296e-02,-1.449212120664068237e+01
7.157173333333333015e+09,-2.792806880501608191e-02,-1.450264933235998832e+01
7.157236666666666985e+09,8.451322748017631170e-03,-1.449013440274563003e+01
7.157300000000000000e+09,3.669853350235108280e-02,-1.448575165392963804e+01
7.157363333333333015e+09,2.609936885085417657e-02,-1.452021528051913890e+01
7.157426666666666985e+09,-3.964993798413551929e-02,-1.460982904929280757e+01
7.157490000000000000e+09,-1.446396264961258282e-02,-1.460850753589662609e+01
7.157553333333333015e+09,2.699720206933520217e-02,-1.459091083311601977e+01
7.157616666666666985e+09,2.966288658690174884e-02,-1.461210961053679469e+01
7.157680000000000000e+09,-3.988674692661575705e-02,-1.470552370598865011e+01
7.157743333333333015e+09,-7.032158110499509007e-02,-1.475982300210537090e+01
7.157806666666666985e+09,8.960314893949927750e-02,-1.462376273399921800e+01
7.157870000000000000e+09,8.873970209025650036e-02,-1.464849064278680224e+01
7.157933333333333015e+09,-2.077194452032316008e-02,-1.478186675133572336e+01
7.157996666666666985e+09,-9.785003390962998537e-03,-1.479474427214470467e+01
7.158060000000000000e+09,1.077232712783278146e-01,-1.470110045941375532e+01
7.158123333333333015e+09,-1.293707222394147038e-02,-1.484562526485436607e+01
7.158186666666666985e+09,-9.436830634214743441e-03,-1.486598948520331476e+01
7.158250000000000000e+09,5.294724969970054929e-02,-1.482746986680740697e+01
7.158313333333333015e+09,1.232068901086034174e-01,-1.478107468833684557e+01
7.158376666666666985e+09,-3.345424911803185353e-02,-1.496160028950215626e+01
7.158440000000000000e+09,1.993818632245059064e-02,-1.493207231599968132e+01
7.158503333333333015e+09,1.167884509011827276e-01,-1.485908651335929065e+01
7.158566666666666985e+09,-6.695703156787047305e-02,-1.506669645776701927e+01
7.158630000000000000e+09,9.889517316726781360e-02,-1.492470871496988849e+01
7.158693333333333015e+09,3.446525391320776066e-02,-1.501300309616229001e+01
7.158756666666666985e+09,6.631841972975394128e-02,-1.500501439228441924e+01
7.158820000000000000e+09,1.467148096135240110e-02,-1.508052579299116225e+01
7.158883333333333015e+09,1.124634618003490516e-01,-1.500659827409017311e+01
7.158946666666666985e+09,5.409274352386894691e-02,-1.508883345430532863e+01
7.159010000000000000e+09,1.900286172994114509e-02,-1.514778779803759790e+01
7.159073333333333015e+09,6.557077230451291427e-02,-1.512508434940103363e+01
7.159136666666666985e+09,7.764793790592250389e-04,-1.521374310426516274e+01
7.159200000000000000e+09,-5.394202646244750099e-02,-1.529232607204501093e+01
7.159263333333333015e+09,2.709378090726133337e-02,-1.523515472661330605e+01
7.159326666666666985e+09,4.698647476092787656e-02,-1.523912649469831848e+01
7.159390000000000000e+09,4.734048149527225746e-02,-1.526263694990231556e+01
7.159453333333333015e+09,6.948646466749508477e-02,-1.526435542866843420e+01
7.159516666666666985e+09,2.503950771551011201e-02,-1.533266684755875708e+01
7.159580000000000000e+09,8.159921311381168607e-02,-1.529997160409879697e+01
7.159643333333333015e+09,-4.075848483283728285e-02,-1.544619376398378741e+01
7.159706666666666985e+09,9.890277204133113287e-02,-1.533039696904796045e+01
7.159770000000000000e+09,1.989901206162514313e-02,-1.543326519096600791e+01
7.159833333333333015e+09,1.303187172804065597e-02,-1.546399679323793386e+01
7.159896666666666985e+09,2.654844796940025731e-02,-1.547434467893491572e+01
7.159960000000000000e+09,2.235843078285171259e-03,-1.552252174576437227e+01
7.160023333333333015e+09,-1.009624792200156662e-01,-1.564958453000101457e+01
7.160086666666666985e+09,-5.096962042435038143e-02,-1.562345613314402470e+01
7.160150000000000000e+09,-2.424679704307131090e-02,-1.562059777170075314e+01
7.160213333333333015e+09,1.100605132071770242e-01,-1.551015492338884627e+01
7.160276666666666985e+09,-3.922860608352074507e-02,-1.568330850461821946e+01
7.160340000000000000e+09,3.985620051196647751e-02,-1.562808815996073974e+01
7.160403333333333015e+09,6.358446145837959307e-02,-1.562822436095266809e+01
7.160466666666666985e+09,1.594546476500902088e-02,-1.569972781958471408e+01
7.160530000000000000e+09,5.032447180060728442e-02,-1.568921327448712333e+01
7.160593333333333015e+09,3.442447713705831802e-03,-1.575995976051236624e+01
7.160656666666666985e+09,4.403032368594139712e-02,-1.574323634647880610e+01
7.160720000000000000e+09,1.646859772639786001e-03,-1.580948427233044917e+01
7.160783333333333015e+09,5.829732404511034360e-02,-1.577669826999598612e+01
7.160846666666666985e+09,-8.750522658889536842e-03,-1.586761057863866142e+01
7.160910000000000000e+09,-3.744959630303767995e-02,-1.592017411422115103e+01
7.160973333333333015e+09,3.371181225659825031e-02,-1.587287716759952261e+01
7.161036666666666985e+09,-1.841009248467528892e-02,-1.594886353427947157e+01
7.161100000000000000e+09,3.667367647244468287e-02,-1.591764422726069306e+01
7.161163333333333015e+09,-1.934717900211424535e-02,-1.599752954467325594e+01
7.161226666666666985e+09,-5.573574834931704913e-02,-1.605778257595913772e+01
7.161290000000000000e+09,9.774193165514688530e-02,-1.592816935789301525e+01
7.161353333333333015e+09,2.779787253341936548e-03,-1.604699596423282415e+01
7.161416666666666985e+09,2.458057995811557817e-02,-1.604905963346672593e+01
7.161480000000000000e+09,-6.639320848802299224e-02,-1.616389788385120596e+01
7.161543333333333015e+09,2.805033416977309457e-02,-1.609331880313175134e+01
7.161606666666666985e+09,1.366205536806575083e-01,-1.600861304555920839e+01
7.161670000000000000e+09,4.802164240075157409e-02,-1.612107641877745579e+01
7.161733333333333015e+09,-4.469612589442206740e-02,-1.623765864901097089e+01
7.161796666666666985e+09,8.956802442223832372e-02,-1.612725896063265196e+01
7.161860000000000000e+09,-3.804094257980139560e-02,-1.627873238957303315e+01
7.161923333333333015e+09,6.791636979134452190e-02,-1.619663953914022869e+01
7.161986666666666985e+09,1.382050738047979621e-02,-1.627459986348976884e+01
7.162050000000000000e+09,-8.867362908341291927e-02,-1.640095846189166906e+01
7.162113333333333015e+09,-2.073465809225538692e-02,-1.635688395283885299e+01
7.162176666666666985e+09,5.777668303225880209e-02,-1.630223707365301422e+01
7.162240000000000000e+09,2.753238145056258190e-02,-1.635634583717271795e+01
7.162303333333333015e+09,5.717106357703727326e-02,-1.635057161698458472e+01
7.162366666666666985e+09,-7.069459985714132699e-02,-1.650230174235743874e+01
7.162430000000000000e+09,-1.391036636800535575e-02,-1.646938197080631028e+01
7.162493333333333015e+09,3.992092157860227530e-02,-1.643941514479804411e+01
7.162556666666666985e+09,1.150948910873594855e-02,-1.649169103920658586e+01
7.162620000000000000e+09,-7.240891384019931820e-02,-1.659947390409386259e+01
7.162683333333333015e+09,-4.359003768864866402e-02,-1.659451948988031944e+01
7.162746666666666985e+09,1.596577589120329321e-02,-1.655882813823914290e+01
7.162810000000000000e+09,1.018922270631179572e-01,-1.649676614900556970e+01
7.162873333333333015e+09,-2.792227655691092991e-02,-1.665044511456360254e+01
7.162936666666666985e+09,-9.157348300153600462e-02,-1.673796078294690659e+01
7.163000000000000000e+09,-2.009068860283491631e-02,-1.669034245048654697e+01
7.163063333333333015e+09,-8.767837221515861756e-02,-1.678179459603687462e+01
7.163126666666666985e+09,3.732087963641106398e-02,-1.668065980612398391e+01
7.163190000000000000e+09,6.146428284003491171e-02,-1.668038086485869798e+01
7.163253333333333015e+09,1.134694690596660394e-02,-1.675436266273077379e+01
7.163316666666666985e+09,6.971358821093787128e-03,-1.678260271275432203e+01
7.163380000000000000e+09,5.101675600332455929e-02,-1.676242177751043272e+01
7.163443333333333015e+09,1.195064717855132130e-03,-1.683610793073424361e+01
7.163506666666666985e+09,-5.515827001463691204e-03,-1.686668328439190390e+01
7.163570000000000000e+09,7.139130440236840514e-02,-1.681364061492641326e+01
7.163633333333333015e+09,2.969460619024744119e-02,-1.687920177507687569e+01
7.163696666666666985e+09,-5.649488190029572365e-02,-1.698925572510576032e+01
7.163760000000000000e+09,-1.107983076339884576e-01,-1.706742361277779452e+01
7.163823333333333015e+09,-2.114624469523107564e-02,-1.700163601177737860e+01
7.163886666666666985e+09,-4.159234181439686040e-02,-1.704594657083521980e+01
7.163950000000000000e+09,-4.388415688348246135e-02,-1.707210284784231291e+01
7.164013333333333015e+09,-1.114526816337146897e-02,-1.706322842106054338e+01
7.164076666666666985e+09,-3.713287299085266113e-03,-1.707966090213493260e+01
7.164140000000000000e+09,5.281963546299195400e-02,-1.704699244131086289e+01
7.164203333333333015e+09,1.541662707297888346e-01,-1.696951026798240747e+01
7.164266666666666985e+09,-1.741112679131262553e-02,-1.716495212744218435e+01
7.164330000000000000e+09,-1.516316848984189392e-02,-1.718656863107872113e+01
7.164393333333333015e+09,1.593836167425877193e-02,-1.717933156285296192e+01
7.164456666666666985e+09,-4.724111367700345454e-03,-1.722385849783359646e+01
7.164520000000000000e+09,-5.307872168357619103e-02,-1.729607757008781377e+01
7.164583333333333015e+09,3.467829863553717473e-02,-1.723218501170670791e+01
7.164646666666666985e+09,1.848181680617955180e-02,-1.727224595547474095e+01
7.164710000000000000e+09,-3.567099172389731621e-03,-1.731815933339165170e+01
7.164773333333333015e+09,5.868979688369435621e-02,-1.727976689927357157e+01
7.164836666666666985e+09,7.090929556808589496e-02,-1.729141186252785900e+01
7.164900000000000000e+09,7.367401675461948685e-02,-1.731251160327966687e+01
7.164963333333333015e+09,-3.175376743783786537e-02,-1.744180384941012818e+01
7.165026666666666985e+09,3.894121875211808970e-02,-1.739497332515884764e+01
7.165090000000000000e+09,1.090634647142252334e-02,-1.744687265937788467e+01
7.165153333333333015e+09,-1.594886160961195287e-02,-1.749759232939692666e+01
7.165216666666666985e+09,-5.981385476530576284e-02,-1.756532178449129589e+01
7.165280000000000000e+09,-4.037780238869359550e-02,-1.756975019405302518e+01
7.165343333333333015e+09,5.591884221030696267e-02,-1.749731801139236609e+01
7.165406666666666985e+09,-4.893292013228744963e-02,-1.762603423567330196e+01
7.165470000000000000e+09,-8.850098432428765705e-02,-1.768946676180364364e+01
7.165533333333333015e+09,6.436703206693650259e-02,-1.756046320735076094e+01
7.165596666666666985e+09,-3.358420383490567929e-02,-1.768227890519094458e+01
7.165660000000000000e+09,8.117646051616844716e-02,-1.759138270277821192e+01
7.165723333333333015e+09,-1.051264647501923832e-01,-1.780155008998291422e+01
7.165786666666666985e+09,-6.114792085293530022e-02,-1.778143600802433255e+01
7.165850000000000000e+09,-1.261657210042699262e-02,-1.775676912120983175e+01
7.165913333333333015e+09,-1.241746107851682268e-02,-1.778043447212626305e+01
7.165976666666666985e+09,6.973846430118868511e-02,-1.772214300868523296e+01
7.166040000000000000e+09,-7.279811669047830947e-02,-1.788854405161490746e+01
7.166103333333333015e+09,-8.361007081100524374e-02,-1.792322046767377586e+01
7.166166666666666985e+09,5.872158709793495746e-02,-1.780475327170351107e+01
7.166230000000000000e+09,-7.027026461413754532e-02,-1.795760958535359109e+01
7.166293333333333015e+09,-1.358313754124438333e-01,-1.804703515809023884e+01
7.166356666666666985e+09,8.579052385988816809e-02,-1.784927772075658226e+01
7.166420000000000000e+09,-4.146584185912516318e-02,-1.800039854841360309e+01
7.166483333333333015e+09,-4.975159680919105654e-02,-1.803254876530201045e+01
7.166546666666666985e+09,4.213665063945271072e-02,-1.796452497979204210e+01
7.166610000000000000e+09,-1.526404397044345274e-02,-1.804579013634027973e+01
7.166673333333333015e+09,-7.600609364704880022e-02,-1.813039664795488903e+01
7.166736666666666985e+09,-6.008223721881478241e-03,-1.808426323996840068e+01
7.166800000000000000e+09,-4.468886320832154979e-02,-1.814680834139318222e+01
7.166863333333333015e+09,4.572807437797266061e-02,-1.808025586574489196e+01
7.166926666666666985e+09,8.844247973804897356e-03,-1.814100415408773515e+01
7.166990000000000000e+09,5.304421004925785610e-03,-1.816840844299495572e+01
7.167053333333333015e+09,5.445897211635397639e-02,-1.814311835382153504e+01
7.167116666666666985e+09,3.722257156704600334e-02,-1.818421921630951843e+01
7.167180000000000000e+09,-5.904484292879885743e-02,-1.830435109274370475e+01
7.167243333333333015e+09,9.980090962786647424e-02,-1.816936980212538089e+01
7.167306666666666985e+09,-4.034446934247171157e-02,-1.833337964303406054e+01
7.167370000000000000e+09,1.591652800374276922e-02,-1.830098310762618752e+01
7.167433333333333015e+09,3.136149630600826299e-02,-1.830940260126226349e+01
7.167496666666666985e+09,4.142735183225454421e-02,-1.832320120767435867e+01
7.167560000000000000e+09,-6.969603640634502995e-02,-1.845818905785129971e+01
7.167623333333333015e+09,5.337269615850459559e-04,-1.841182375642171110e+01
7.167686666666666985e+09,2.078270324664188706e-02,-1.841543924207532967e+01
7.167750000000000000e+09,-9.642836903320883835e-02,-1.855651477629318791e+01
7.167813333333333015e+09,-5.752083428192023007e-02,-1.854147170348024076e+01
7.167876666666666985e+09,-7.055234788490594156e-02,-1.857836767902190189e+01
7.167940000000000000e+09,-4.356826664444923836e-03,-1.853603661973944838e+01
7.168003333333333015e+09,5.204372261955114709e-02,-1.850350053239379378e+01
7.168066666666666985e+09,3.785643983857767125e-02,-1.854155227711344267e+01
7.168130000000000000e+09,-6.719181827023135156e-02,-1.867046499716025920e+01
7.168193333333333015e+09,-1.027792254528385740e-01,-1.872991686628120789e+01
7.168256666666666985e+09,5.790180598067351525e-02,-1.859310029678637122e+01
7.168320000000000000e+09,9.372013711118398760e-03,-1.866549455099393384e+01
7.168383333333333015e+09,-3.165001922938870393e-02,-1.873038104587277886e+01
7.168446666666666985e+09,2.444869892454448745e-02,-1.869814678965752464e+01
7.168510000000000000e+09,2.111127094347153843e-02,-1.872534867957693905e+01
7.168573333333333015e+09,1.959316937180943796e-02,-1.875073124308660510e+01
7.168636666666666985e+09,1.753102920867988246e-02,-1.877665784518841363e+01
7.168700000000000000e+09,3.907994156210037318e-02,-1.877897339477333105e+01
7.168763333333333015e+09,-8.794161032557212820e-02,-1.892985940859901106e+01
7.168826666666666985e+09,-8.686990447490217093e-02,-1.895265216468701652e+01
7.168890000000000000e+09,-1.409246264922714431e-02,-1.890373918479968296e+01
7.168953333333333015e+09,-4.754320846132031875e-03,-1.891826550493459536e+01
7.169016666666666985e+09,1.228913334922410172e-02,-1.892508651267791464e+01
7.169080000000000000e+09,3.851170620265520483e-03,-1.895738893734521469e+01
7.169143333333333015e+09,-5.899906708292945723e-02,-1.904410363698675113e+01
7.169206666666666985e+09,7.193948652532000665e-02,-1.893702954531684313e+01
7.169270000000000000e+09,-8.257749473501263537e-02,-1.911541098851551723e+01
7.169333333333333015e+09,1.972453015660846631e-02,-1.903697342556223759e+01
7.169396666666666985e+09,5.062169057851662046e-02,-1.902994072707867090e+01
7.169460000000000000e+09,-8.895486485067394256e-02,-1.919338174444620293e+01
7.169523333333333015e+09,-7.245493833432092856e-02,-1.920074627986819138e+01
7.169586666666666985e+09,-2.157262804637127829e-02,-1.917372843151858319e+01
7.169650000000000000e+09,4.073602642051454836e-02,-1.913528423899003883e+01
7.169713333333333015e+09,-3.320796375266610312e-03,-1.920320552372416145e+01
7.169776666666666985e+09,-4.617305705336249844e-02,-1.926992224634093276e+01
7.169840000000000000e+09,6.918339235270920540e-02,-1.917843025887286856e+01
7.169903333333333015e+09,2.382678515960989785e-02,-1.924765132800430933e+01
7.169966666666666985e+09,3.502191968369317010e-02,-1.926032065541890148e+01
7.170030000000000000e+09,-6.408116997807411508e-02,-1.938328820701867627e+01
7.170093333333333015e+09,2.446878554339804168e-02,-1.931860271343554558e+01
7.170156666666666985e+09,1.789736451279466678e-02,-1.934903859640482437e+01
7.170220000000000000e+09,2.935270725351202259e-02,-1.936144771560211097e+01
7.170283333333333015e+09,-9.023550749445519159e-02,-1.950490039228841965e+01
7.170346666666666985e+09,1.544850842077849506e-02,-1.942308083831186494e+01
7.170410000000000000e+09,-8.002007987125026034e-02,-1.954241388854223516e+01
7.170473333333333015e+09,4.856979924554494232e-02,-1.943768847136344391e+01
7.170536666666666985e+09,-4.583209457155490441e-02,-1.955595482711921917e+01
7.170600000000000000e+09,-1.720283721613924399e-02,-1.955119003170214498e+01
7.170663333333333015e+09,-7.665429542983659417e-02,-1.963450595185384984e+01
7.170726666666666985e+09,3.565662681701553538e-04,-1.958135955209451851e+01
7.170790000000000000e+09,1.242958140462491201e-03,-1.960433762216056763e+01
7.170853333333333015e+09,5.044115386147041136e-02,-1.957900388837756722e+01
7.170916666666666985e+09,-2.770909294512691190e-02,-1.968101859712283996e+01
7.170980000000000000e+09,-8.769669614869357588e-02,-1.976487066226474809e+01
7.171043333333333015e+09,-5.464794486801238804e-02,-1.975568637292240837e+01
7.171106666666666985e+09,1.149111943040992401e-02,-1.971341177056232752e+01
7.171170000000000000e+09,4.474040155741931812e-04,-1.974831994791550471e+01
7.171233333333333015e+09,-4.447149192538191187e-02,-1.981710330579480228e+01
7.171296666666666985e+09,-3.781791656312094574e-03,-1.980027806746407393e+01
7.171360000000000000e+09,-3.330915814449397772e-02,-1.985366989589059727e+01
7.171423333333333015e+09,-3.832451720378315940e-02,-1.988254971688822792e+01
7.171486666666666985e+09,5.605912346788599621e-02,-1.981203053815490023e+01
7.171550000000000000e+09,-6.200465479692240933e-02,-1.995395877835805010e+01
7.171613333333333015e+09,2.367932489600121926e-02,-1.989213926060346793e+01
7.171676666666666985e+09,-3.515983314695247941e-02,-1.997484288058509705e+01
7.171740000000000000e+09,1.497438294133957015e-03,-1.996205007108201812e+01
7.171803333333333015e+09,2.991647850069867332e-02,-1.995749549281379487e+01
7.171866666666666985e+09,-9.901852576446046328e-02,-2.011029495901762942e+01
7.171930000000000000e+09,1.758792556145039043e-02,-2.001755296962972608e+01
7.171993333333333015e+09,3.032885299462506623e-02,-2.002867650413489287e+01
7.172056666666666985e+09,-1.061138998834820768e-02,-2.009348120905654156e+01
7.172120000000000000e+09,-3.315132703392720259e-02,-2.013988560804012451e+01
7.172183333333333015e+09,-2.825049811041679959e-02,-2.015884924105495557e+01
7.172246666666666985e+09,-1.464330570995997505e-02,-2.016910651059317772e+01
7.172310000000000000e+09,-1.381772906778522270e-02,-2.019214539588934443e+01
7.172373333333333015e+09,-6.517829234347871648e-02,-2.026737042110304188e+01
7.172436666666666985e+09,-1.664996450262634653e-03,-2.022772158714850121e+01
7.172500000000000000e+09,2.533631322157958721e-02,-2.022458473941500046e+01
7.172563333333333015e+09,1.362668503792718866e-02,-2.026015882953666036e+01
7.172626666666666985e+09,-5.040964547981019450e-02,-2.034805962199307316e+01
7.172690000000000000e+09,2.554590534526113288e-02,-2.029596853310634330e+01
7.172753333333333015e+09,9.217439044608255472e-03,-2.033616146134500369e+01
7.172816666666666985e+09,-6.583883998511197433e-02,-2.043508220231339934e+01
7.172880000000000000e+09,2.913062367178298473e-02,-2.036397720059484584e+01
7.172943333333333015e+09,-4.613198559792408560e-02,-2.046310427180289437e+01
7.173006666666666985e+09,6.502011947675612191e-02,-2.037581662866655563e+01
7.173070000000000000e+09,-2.988181543219781133e-03,-2.046768939162487300e+01
7.173133333333333015e+09,-8.961865759140152932e-03,-2.049752753777913483e+01
7.173196666666666985e+09,-1.117565157166957590e-01,-2.062418664967503190e+01
7.173260000000000000e+09,-5.476937912586521406e-02,-2.059106397502254282e+01
7.173323333333333015e+09,-2.258473929947868442e-02,-2.058274379713449775e+01
7.173386666666666985e+09,-3.604187801371594446e-02,-2.062006539778707648e+01
7.173450000000000000e+09,-6.230596331531401688e-02,-2.067019394502701601e+01
7.173513333333333015e+09,-1.156316886888220097e-02,-2.064331561251892566e+01
7.173576666666666985e+09,1.622650234559230853e-02,-2.063939040324312657e+01
7.173640000000000000e+09,-5.125009964366711301e-03,-2.068460637749109310e+01
7.173703333333333015e+09,-1.095188608812769360e-01,-2.081286469034634479e+01
7.173766666666666985e+09,9.695232128184017029e-03,-2.071751505927555925e+01
7.173830000000000000e+09,-7.045410975613464188e-02,-2.082152886309788542e+01
7.173893333333333015e+09,-1.853620851553117177e-02,-2.079347542379562341e+01
7.173956666666666985e+09,2.698702736603308949e-02,-2.077181664985273457e+01
7.174020000000000000e+09,-3.049781634308246225e-02,-2.085316595549985408e+01
7.174083333333333015e+09,1.648808797672884907e-02,-2.083004451311838423e+01
7.174146666666666985e+09,2.739112263765974831e-02,-2.084300594039613230e+01
7.174210000000000000e+09,-2.933858683995538286e-04,-2.089455491084052952e+01
7.174273333333333015e+09,-1.772246651426208075e-01,-2.109535065205275828e+01
7.174336666666666985e+09,1.148475766639478479e-02,-2.093050569118241810e+01
7.174400000000000000e+09,-5.772269245607475341e-02,-2.102357760324322911e+01
7.174463333333333015e+09,3.354924782455981358e-02,-2.095617012490060205e+01
7.174526666666666985e+09,5.262705567153957986e-02,-2.096095677899229770e+01
7.174590000000000000e+09,-4.192266288771406835e-02,-2.107937095948989281e+01
7.174653333333333015e+09,-5.524480330213776824e-02,-2.111655756184232402e+01
7.174716666666666985e+09,5.861155700742415320e-03,-2.107931606477811926e+01
7.174780000000000000e+09,-1.802823950458787294e-02,-2.112706992192179101e+01
7.174843333333333015e+09,4.603670145522897883e-02,-2.108686944289998166e+01
7.174906666666666985e+09,-6.341554240176350277e-03,-2.116311216053406241e+01
7.174970000000000000e+09,-4.121525187162689008e-02,-2.122185032010385441e+01
7.175033333333333015e+09,-9.109831483653962891e-02,-2.129559784500710862e+01
7.175096666666666985e+09,-6.273289979855434240e-03,-2.123463728208876589e+01
7.175160000000000000e+09,-5.570050784992730541e-03,-2.125779850483224465e+01
7.175223333333333015e+09,-6.695556936826818628e-02,-2.134304848535386157e+01
7.175286666666666985e+09,1.740770637734811999e-03,-2.129821660728620003e+01
7.175350000000000000e+09,2.566616560510937006e-02,-2.129815567425716694e+01
7.175413333333333015e+09,2.663100400437912185e-02,-2.132105529779623865e+01
7.175476666666666985e+09,-3.652441124722116683e-02,-2.140807517498651436e+01
7.175540000000000000e+09,2.211205344470457135e-02,-2.137330317223259613e+01
7.175603333333333015e+09,-4.883018214765755260e-02,-2.146810986976329971e+01
7.175666666666666985e+09,-1.019613460962531803e-02,-2.145334028416394290e+01
7.175730000000000000e+09,-3.680040387994054640e-02,-2.150380901537226563e+01
7.175793333333333015e+09,-1.132689703250200353e-01,-2.160414204375568303e+01
7.175856666666666985e+09,-8.606437143683365321e-02,-2.160080190680617562e+01
7.175920000000000000e+09,-6.625010336346548456e-03,-2.154522700764369247e+01
7.175983333333333015e+09,-1.071137513918429818e-02,-2.157317783438487169e+01
7.176046666666666985e+09,-9.840030515881892370e-02,-2.168473122634318173e+01
7.176110000000000000e+09,-5.469266475749279266e-02,-2.166488804788019706e+01
7.176173333333333015e+09,-9.307675783908564426e-03,-2.164336752084462034e+01
7.176236666666666985e+09,6.617580075528550765e-02,-2.159174850624410169e+01
7.176300000000000000e+09,-5.773387635525040196e-02,-2.173952264529297906e+01
7.176363333333333015e+09,-2.295977713055563640e-02,-2.172861300800629181e+01
7.176426666666666985e+09,-3.470380566167818870e-02,-2.176422149847608978e+01
7.176490000000000000e+09,-7.852233029718291846e-02,-2.183190448504993597e+01
7.176553333333333015e+09,-5.998517703150341163e-02,-2.183723179372226397e+01
7.176616666666666985e+09,-3.625270989186191173e-02,-2.183736378852129789e+01
7.176680000000000000e+09,-2.904344143606962803e-02,-2.185401898200384707e+01
7.176743333333333015e+09,-9.022377836728878719e-03,-2.185786238034251383e+01
7.176806666666666985e+09,-4.306772606323860941e-02,-2.191577219050769898e+01
7.176870000000000000e+09,-1.452699759389375345e-02,-2.191109592397669559e+01
7.176933333333333015e+09,-5.442094439938927053e-02,-2.197485433272053257e+01
7.176996666666666985e+09,-5.539533378320626866e-02,-2.199969318404269103e+01
7.177060000000000000e+09,-2.221126947502582993e-02,-2.199037358167285205e+01
7.177123333333333015e+09,2.382635466651095157e-02,-2.196820041946965674e+01
7.177186666666666985e+09,-6.869730044112287715e-03,-2.202276096611862144e+01
7.177250000000000000e+09,-3.625819126259699487e-02,-2.207601388927544761e+01
7.177313333333333015e+09,-9.829604643212874748e-02,-2.216191620638332083e+01
7.177376666666666985e+09,-5.864179162249527621e-02,-2.214612641351236277e+01
7.177440000000000000e+09,-3.752572358125405572e-02,-2.214887480740912906e+01
7.177503333333333015e+09,6.248766530812943643e-02,-2.207272588045808703e+01
7.177566666666666985e+09,-1.116764547472435254e-01,-2.227075446245213541e+01
7.177630000000000000e+09,-7.093374751687520074e-02,-2.225387621715977104e+01
7.177693333333333015e+09,-1.369445212136071177e-01,-2.234375145279484798e+01
7.177756666666666985e+09,1.837603475641458317e-02,-2.221229535876349814e+01
7.177820000000000000e+09,-1.523427232655265584e-01,-2.240687857872345035e+01
7.177883333333333015e+09,-3.146392589817637031e-02,-2.230986424329443807e+01
7.177946666666666985e+09,-2.860702419327765256e-02,-2.233087180352821832e+01
7.178010000000000000e+09,-8.589648982244924014e-02,-2.241202573109539387e+01
7.178073333333333015e+09,-3.487268742398086374e-02,-2.238486639063526695e+01
7.178136666666666985e+09,-3.731717229990039186e-02,-2.241117533744986190e+01
7.178200000000000000e+09,1.729017947072719608e-02,-2.238043244761757933e+01
7.178263333333333015e+09,1.351664479610548142e-02,-2.240807044423020500e+01
7.178326666666666985e+09,-5.654592961655424688e-02,-2.250199748058154015e+01
7.178390000000000000e+09,-7.541622898033040201e-02,-2.254473224188365776e+01
7.178453333333333015e+09,1.480271333630511776e-02,-2.247837776150502975e+01
7.178516666666666985e+09,-4.934469543255914914e-02,-2.256638963221256944e+01
7.178580000000000000e+09,-4.087861418511451461e-02,-2.258178801290346627e+01
7.178643333333333015e+09,2.921431782031191915e-02,-2.253555954283604734e+01
7.178706666666666985e+09,-2.669159824117173230e-02,-2.261532992083620641e+01
7.178770000000000000e+09,2.487474761923991196e-02,-2.258762803691413623e+01
7.178833333333333015e+09,-8.585900580680672078e-02,-2.272222625227852433e+01
7.178896666666666985e+09,-7.014138253339297080e-02,-2.273037309094345204e+01
7.178960000000000000e+09,2.869670991021422424e-03,-2.268122649935737911e+01
7.179023333333333015e+09,-1.269681811064629073e-01,-2.283492881339320490e+01
7.179086666666666985e+09,-1.691019187315099259e-01,-2.290092701295658983e+01
7.179150000000000000e+09,-1.155617951420033762e-01,-2.287125135130542830e+01
7.179213333333333015e+09,-7.153855752201820906e-02,-2.285109257562378104e+01
7.179276666666666985e+09,-1.245001825519764793e-02,-2.281586849829563945e+01
7.179340000000000000e+09,-6.858522173549275180e-02,-2.289586816371393851e+01
7.179403333333333015e+09,-4.687984126216093728e-02,-2.289802724517895172e+01
7.179466666666666985e+09,-1.049815238805109630e-01,-2.297999338973597361e+01
7.179530000000000000e+09,-7.883700912070423783e-02,-2.297771333691417794e+01
7.179593333333333015e+09,9.124684310187092251e-03,-2.291361610542162452e+01
7.179656666666666985e+09,-1.906858066178074296e-02,-2.296567383233227133e+01
7.179720000000000000e+09,-1.669606092293562938e-02,-2.298716577453143017e+01
7.179783333333333015e+09,-1.307810899653105707e-01,-2.312511526551215013e+01
7.179846666666666985e+09,-5.818004828859457689e-02,-2.307637868577410600e+01
7.179910000000000000e+09,-1.034002330077754550e-02,-2.305240312272429648e+01
7.179973333333333015e+09,-3.703576354457638331e-02,-2.310296332490643678e+01
7.180036666666666985e+09,-8.903568871723877010e-02,-2.317882771201777814e+01
7.180100000000000000e+09,-7.565235183870910873e-02,-2.318930883707758639e+01
7.180163333333333015e+09,-7.372877836590419065e-02,-2.321124972554278898e+01
7.180226666666666985e+09,-6.930377800211928729e-02,-2.323068918711767950e+01
7.180290000000000000e+09,-1.457348017221313796e-01,-2.333098467277603305e+01
7.180353333333333015e+09,-5.232608809069105860e-02,-2.326144042108260024e+01
7.180416666666666985e+09,-7.457446321060601235e-02,-2.330755325814119061e+01
7.180480000000000000e+09,-1.654278070584496163e-01,-2.342227106392737568e+01
7.180543333333333015e+09,-2.012966112390834894e-01,-2.348200433004601706e+01
7.180606666666666985e+09,-7.358401515724466435e-02,-2.337815619590285365e+01
7.180670000000000000e+09,-1.811994654395441273e-01,-2.350963610812349458e+01
7.180733333333333015e+09,-1.342406987727429168e-01,-2.348654180339503483e+01
7.180796666666666985e+09,-3.939288532702533985e-03,-2.338010485509333591e+01
7.180860000000000000e+09,-6.866531229770700406e-02,-2.346869534079668185e+01
7.180923333333333015e+09,-1.869812391229004334e-01,-2.361087572956021319e+01
7.180986666666666985e+09,-1.958721228297477523e-02,-2.346734616465863255e+01
7.181050000000000000e+09,-4.777567452901365641e-03,-2.347640098176689705e+01
7.181113333333333015e+09,-1.268140839306326484e-01,-2.362230196018297335e+01
7.181176666666666985e+09,-1.247885825254755332e-01,-2.364414092071615414e+01
7.181240000000000000e+09,1.638403539556065880e-02,-2.352683276473346297e+01
7.181303333333333015e+09,1.658288360038859821e-01,-2.340125242606347555e+01
7.181366666666666985e+09,3.133441915565775560e-01,-2.327760153244946295e+01
7.181430000000000000e+09,3.519395490637080570e-01,-2.326287063688033641e+01
7.181493333333333015e+09,1.253378535776974445e-01,-2.351333679430469203e+01
7.181556666666666985e+09,2.115273804063164675e-01,-2.345101172941474488e+01
7.181620000000000000e+09,1.795912123747243072e-01,-2.350681235938434810e+01
7.181683333333333015e+09,2.137556459568514811e-01,-2.349651238774055884e+01
7.181746666666666985e+09,1.192324684999661599e-01,-2.361490002713612313e+01
7.181810000000000000e+09,1.927347926089950647e-02,-2.373872347831319374e+01
7.181873333333333015e+09,3.966222123743534667e-02,-2.374219919827499936e+01
7.181936666666666985e+09,1.292344329684524951e-01,-2.367649144848265763e+01
7.182000000000000000e+09,3.745250116662290907e-02,-2.379213784222282868e+01
7.182063333333333015e+09,6.286086283369130001e-02,-2.379059394249376780e+01
7.182126666666666985e+09,1.098520651915144697e-01,-2.376746720207462005e+01
7.182190000000000000e+09,5.375790552755432827e-02,-2.384742582367692165e+01
7.182253333333333015e+09,7.206279868242759790e-02,-2.385298539246005589e+01
7.182316666666666985e+09,8.267946498111911069e-03,-2.394064470658304700e+01
7.182380000000000000e+09,7.341751743842905853e-02,-2.389935959758107131e+01
7.182443333333333015e+09,-1.012662625244402648e-01,-2.409790783948194814e+01
7.182506666666666985e+09,9.810462213390991337e-03,-2.401069557668279231e+01
7.182570000000000000e+09,-4.667096434474160560e-03,-2.404903759726899892e+01
7.182633333333333015e+09,3.880202594055504051e-02,-2.402943293683231119e+01
7.182696666666666985e+09,6.532261262487182307e-02,-2.402677681208633587e+01
7.182760000000000000e+09,6.264081637327123531e-02,-2.405332307027627436e+01
7.182823333333333015e+09,7.789395261448461838e-02,-2.406193439597340600e+01
7.182886666666666985e+09,4.824264638889630419e-02,-2.411545016413733222e+01
7.182950000000000000e+09,1.090634615315586586e-01,-2.407849381093301488e+01
7.183013333333333015e+09,1.200801956377262059e-02,-2.419941371483913883e+01
7.183076666666666985e+09,6.048380725142621372e-02,-2.417480238908983026e+01
7.183140000000000000e+09,-5.982127036368467543e-02,-2.431897192864327906e+01
7.183203333333333015e+09,2.112367283196192602e-03,-2.428090275293474321e+01
7.183266666666666985e+09,3.839593484082470809e-02,-2.426848364731578656e+01
7.183330000000000000e+09,-5.483271188927218986e-02,-2.438557675598389451e+01
7.183393333333333015e+09,-7.235962909562942968e-02,-2.442696813512858967e+01
7.183456666666666985e+09,-4.464137643041254933e-02,-2.442311434440205176e+01
7.183520000000000000e+09,3.348758323868850084e-02,-2.436884984667095466e+01
7.183583333333333015e+09,8.096207949186862152e-03,-2.441810568389879776e+01
7.183646666666666985e+09,8.595213439246407461e-03,-2.444147114034741364e+01
7.183710000000000000e+09,-1.400497288555513364e-02,-2.448793578861022269e+01
7.183773333333333015e+09,-2.686572592750735566e-03,-2.450048185025575975e+01
7.183836666666666985e+09,4.770685691607212675e-03,-2.451688905391007722e+01
7.183900000000000000e+09,-9.158529137524595853e-02,-2.463710949291527186e+01
7.183963333333333015e+09,-2.872827591264837110e-03,-2.457226149106929824e+01
7.184026666666666985e+09,-1.166218873640048059e-01,-2.470987501278071363e+01
7.184090000000000000e+09,9.640270498896441609e-02,-2.452071488236608587e+01
7.184153333333333015e+09,3.590024430589267013e-02,-2.460508180498716513e+01
7.184216666666666985e+09,1.591645688115761459e-02,-2.464893005435057560e+01
7.184280000000000000e+09,-4.154086949479562918e-02,-2.473025184266487031e+01
7.184343333333333015e+09,-4.227113870822307717e-03,-2.471680254897890094e+01
7.184406666666666985e+09,4.778171585519785936e-02,-2.468865818119155975e+01
7.184470000000000000e+09,-6.535937214795950467e-02,-2.482566373113305858e+01
7.184533333333333015e+09,-5.042873120349256055e-02,-2.483459755212693310e+01
7.184596666666666985e+09,8.103942000056463257e-02,-2.472699386286121381e+01
7.184660000000000000e+09,8.152266481253533925e-02,-2.475037507998758812e+01
7.184723333333333015e+09,-1.847672952054679740e-02,-2.487423893625900817e+01
7.184786666666666985e+09,2.320062177692250316e-02,-2.485642604689988389e+01
7.184850000000000000e+09,1.240495894812454480e-03,-2.490225063472033185e+01
7.184913333333333015e+09,-2.201248689557999683e-02,-2.494936807944906931e+01
7.184976666666666985e+09,4.025790933241069069e-02,-2.491096214515941654e+01
7.185040000000000000e+09,-3.498946235123412407e-02,-2.501007397878140637e+01
7.185103333333333015e+09,-1.221180674663635557e-01,-2.512106704583487371e+01
7.185166666666666985e+09,-1.683296592316452234e-02,-2.503964640623035365e+01
7.185230000000000000e+09,3.317757938244980664e-02,-2.501350032286274327e+01
7.185293333333333015e+09,-1.963923292673541710e-02,-2.509018159711027351e+01
7.185356666666666985e+09,-4.853327014880193246e-02,-2.514294009627101190e+01
7.185420000000000000e+09,-6.296078504126967346e-02,-2.518123207310148715e+01
7.185483333333333015e+09,-2.663790469039994946e-02,-2.516877365468895889e+01
7.185546666666666985e+09,-3.241265715424290761e-02,-2.519841286909148081e+01
7.185610000000000000e+09,-2.311191095211384550e-02,-2.521297658482735571e+01
7.185673333333333015e+09,1.507584270071404831e-02,-2.519865329311286928e+01
7.185736666666666985e+09,-1.216350555683725077e-01,-2.535922865332063125e+01
7.185800000000000000e+09,5.662456338789922938e-02,-2.520483349630270098e+01
7.185863333333333015e+09,-9.576770645223930956e-02,-2.538109022808084703e+01
7.185926666666666985e+09,-6.342993803077234816e-02,-2.537261692159805548e+01
7.185990000000000000e+09,-3.121198461898444521e-02,-2.536426343012460904e+01
7.186053333333333015e+09,3.785329615921639856e-02,-2.531906261128441571e+01
7.186116666666666985e+09,3.613439660996675684e-02,-2.534464597277234077e+01
7.186180000000000000e+09,-5.789931377839252491e-02,-2.546254414509904151e+01
7.186243333333333015e+09,-6.570412833377048401e-02,-2.549421342159242698e+01
7.186306666666666985e+09,-3.456298853215855615e-03,-2.545583005405054777e+01
7.186370000000000000e+09,-1.227225003195080433e-01,-2.559896071745518142e+01
7.186433333333333015e+09,-1.165282697411740287e-02,-2.551175550604812869e+01
7.186496666666666985e+09,-2.053154662052136814e-02,-2.554449868763287768e+01
7.186560000000000000e+09,-1.008119243120830788e-02,-2.555791279538190253e+01
7.186623333333333015e+09,-9.538161334538131086e-02,-2.566707767823442055e+01
7.186686666666666985e+09,-1.119195852280086001e-02,-2.560675248535017801e+01
7.186750000000000000e+09,2.202637531019036032e-02,-2.559739861345553180e+01
7.186813333333333015e+09,-5.037737211414849980e-02,-2.569366682281820857e+01
7.186876666666666985e+09,-3.694596086418755476e-02,-2.570409987350659264e+01
7.186940000000000000e+09,-4.248875512179495217e-02,-2.573350712970253795e+01
7.187003333333333015e+09,-1.230331851748651673e-01,-2.583791602169395318e+01
7.187066666666666985e+09,-1.661060188796845694e-01,-2.590485331733744445e+01
7.187130000000000000e+09,-6.560162339742348081e-02,-2.582821338379319442e+01
7.187193333333333015e+09,-2.839906200099662215e-02,-2.581487528433510548e+01
7.187256666666666985e+09,-1.180680499081177004e-02,-2.582214748926359960e+01
7.187320000000000000e+09,-4.294437864906797131e-03,-2.583849958407569858e+01
7.187383333333333015e+09,2.304145290920089906e-02,-2.583502815523993235e+01
7.187446666666666985e+09,-7.084715558537624247e-02,-2.595278122567318491e+01
7.187510000000000000e+09,-1.301692058797669915e-01,-2.603596773790558316e+01
7.187573333333333015e+09,3.331282016932846091e-02,-2.589635017379482917e+01
7.187636666666666985e+09,-6.979217820679650686e-02,-2.602331963410962956e+01
7.187700000000000000e+09,-8.256344710540730603e-02,-2.605995536494658182e+01
7.187763333333333015e+09,-4.010431139992931548e-02,-2.604136069117911134e+01
7.187826666666666985e+09,-1.080642181276125768e-01,-2.613318505984547002e+01
7.187890000000000000e+09,1.646260605773974817e-02,-2.603252269759845916e+01
7.187953333333333015e+09,-8.472063166902543685e-02,-2.615757039726323185e+01
7.188016666666666985e+09,-1.028540316513364417e-01,-2.619956825918421828e+01
7.188080000000000000e+09,3.859039146621512373e-02,-2.608198829800500818e+01
7.188143333333333015e+09,5.957865382906746277e-02,-2.608486449758015979e+01
7.188206666666666985e+09,-6.074022278595947455e-02,-2.622904783613386570e+01
7.188270000000000000e+09,6.505099464217067862e-03,-2.618566697582202707e+01
7.188333333333333015e+09,-1.999765500628569725e-02,-2.623603419223054090e+01
7.188396666666666985e+09,1.257790241318446078e-02,-2.622732309674974260e+01
7.188460000000000000e+09,-1.750354834936729276e-02,-2.628126900945063937e+01
7.188523333333333015e+09,-4.398940413192065080e-02,-2.633161932717153064e+01
7.188586666666666985e+09,-5.890965131171199687e-02,-2.637040403628966700e+01
7.188650000000000000e+09,-2.780655576523827222e-02,-2.636316540268153119e+01
7.188713333333333015e+09,-7.123806726361792130e-02,-2.643046137611825586e+01
7.188776666666666985e+09,-6.111795326876645618e-02,-2.644420572406174230e+01
7.188840000000000000e+09,-6.685362942818429133e-02,-2.647380586215950515e+01
7.188903333333333015e+09,-6.535884227279353809e-02,-2.649617553694245231e+01
7.188966666666666985e+09,-5.203303949679849438e-02,-2.650671419610513624e+01
7.189030000000000000e+09,-3.462161356116411071e-02,-2.651316723210750581e+01
7.189093333333333015e+09,-5.013226362930822688e-02,-2.655254234411399139e+01
7.189156666666666985e+09,-7.775917495657580503e-02,-2.660403371737993439e+01
7.189220000000000000e+09,-1.021173146310054847e-01,-2.665225631899237158e+01
7.189283333333333015e+09,-6.659391187470120599e-02,-2.664059737817440876e+01
7.189346666666666985e+09,-1.044040035459552485e-01,-2.670227193178433822e+01
7.189410000000000000e+09,-6.445246012194161267e-02,-2.668618485029833209e+01
7.189473333333333015e+09,-4.098322495486783623e-02,-2.668658007706959978e+01
7.189536666666666985e+09,-4.422458117155869672e-02,-2.671368589522496606e+01
7.189600000000000000e+09,3.251572242718836492e-02,-2.666081005356456046e+01
7.189663333333333015e+09,7.024230337783876621e-03,-2.671016600759197246e+01
7.189726666666666985e+09,3.499527309569216982e-02,-2.670605942677273958e+01
7.189790000000000000e+09,-5.084242532993243913e-02,-2.681576158713670566e+01
7.189853333333333015e+09,-6.289046563014721869e-02,-2.685167408937492439e+01
7.189916666666666985e+09,9.379769026371675977e-02,-2.671885039541973939e+01
7.189980000000000000e+09,-1.636514996420501689e-02,-2.685287769758600263e+01
7.190043333333333015e+09,-3.911227599708766434e-02,-2.689948928555689278e+01
7.190106666666666985e+09,-3.061934565624113702e-02,-2.691486081715471812e+01
7.190170000000000000e+09,-3.967793713459855098e-02,-2.694778387057142055e+01
7.190233333333333015e+09,8.365608058184648144e-03,-2.692360478731664131e+01
7.190296666666666985e+09,-6.127878771707173655e-03,-2.696196273608521210e+01
7.190360000000000000e+09,1.450799680508296774e-02,-2.696519132244675987e+01
7.190423333333333015e+09,-1.382755611810217999e-01,-2.714183934237120965e+01
7.190486666666666985e+09,7.904987349252934337e-03,-2.701952325577927283e+01
7.190550000000000000e+09,-6.389598274250829490e-02,-2.711518868780937908e+01
7.190613333333333015e+09,9.396611142978628095e-03,-2.706576055586223006e+01
7.190676666666666985e+09,-6.850292289067283491e-02,-2.716752455183422654e+01
7.190740000000000000e+09,-7.612530535837436219e-03,-2.713049862141772905e+01
7.190803333333333015e+09,-8.293151645088414625e-02,-2.722968206927112078e+01
7.190866666666666985e+09,-3.042196153796083991e-02,-2.720103697629686934e+01
7.190930000000000000e+09,-6.540232589603789393e-03,-2.720101970928651980e+01
7.190993333333333015e+09,-9.690775436948229071e-02,-2.731525169300473976e+01
7.191056666666666985e+09,-7.872808027048705526e-02,-2.732093648084442350e+01
7.191120000000000000e+09,-6.379018645235845497e-02,-2.732986304896429886e+01
7.191183333333333015e+09,-2.931584974512801978e-02,-2.731925317419540988e+01
7.191246666666666985e+09,-4.082737195706798161e-02,-2.735462915834602526e+01
7.191310000000000000e+09,-7.980129330354657213e-02,-2.741746754163051136e+01
7.191373333333333015e+09,3.092136852414739678e-02,-2.733060934174115886e+01
7.191436666666666985e+09,-1.049495672082052522e-01,-2.749034473941218693e+01
7.191500000000000000e+09,-3.695870738704343239e-02,-2.744621834152903261e+01
7.191563333333333015e+09,-3.537791051371641515e-03,-2.743666188713170229e+01
7.191626666666666985e+09,-1.446290541984041056e-02,-2.747145146343884647e+01
7.191690000000000000e+09,-5.058424167344810485e-02,-2.753143726163079563e+01
7.191753333333333015e+09,6.063790245987377148e-02,-2.744407957943548126e+01
7.191816666666666985e+09,-1.377655311308423336e-01,-2.766634747496487279e+01
7.191880000000000000e+09,-7.113693015281441490e-02,-2.762358333592518633e+01
7.191943333333333015e+09,-9.267696289576221602e-02,-2.766898783060613809e+01
7.192006666666666985e+09,-2.584353158378505100e-02,-2.762601886123283990e+01
7.192070000000000000e+09,-3.910649511434627357e-02,-2.766314628670173903e+01
7.192133333333333015e+09,-1.521187885296981790e-02,-2.766311613237837363e+01
7.192196666666666985e+09,-6.457292832396888116e-02,-2.773634164378804456e+01
7.192260000000000000e+09,2.551716881580290419e-02,-2.767011600858661780e+01
7.192323333333333015e+09,-6.933098919435209950e-02,-2.778882862853511071e+01
7.192386666666666985e+09,-2.567928175447775629e-02,-2.776904138303358138e+01
7.192450000000000000e+09,-7.269617576930897940e-03,-2.777449618079437244e+01
7.192513333333333015e+09,-1.489868497873416686e-01,-2.794007787494312822e+01
7.192576666666666985e+09,1.749715028513065818e-02,-2.779745833680899381e+01
7.192640000000000000e+09,-4.941041744558205551e-02,-2.788823036647805154e+01
7.192703333333333015e+09,1.368619327394071661e-02,-2.784899821769686667e+01
7.192766666666666985e+09,-6.038978898651947702e-02,-2.794693866189600584e+01
7.192830000000000000e+09,-1.528607799445325099e-02,-2.792569941284194357e+01
7.192893333333333015e+09,-3.502703446086385952e-02,-2.796930483124669564e+01
7.192956666666666985e+09,2.336127084178230007e-02,-2.793478098788272490e+01
7.193020000000000000e+09,-1.849351569910950843e-02,-2.800050023636162422e+01
7.193083333333333015e+09,-7.443431417690149487e-02,-2.808030549677775767e+01
7.193146666666666985e+09,-9.124013747253201245e-02,-2.812097578201206360e+01
7.193210000000000000e+09,-7.611543651698582380e-02,-2.812971554299452492e+01
7.193273333333333015e+09,2.146468653887012579e-02,-2.805599988187701044e+01
7.193336666666666985e+09,-7.498105360908979833e-02,-2.817631008396364578e+01
7.193400000000000000e+09,-2.931628190972901393e-02,-2.815450977420229250e+01
7.193463333333333015e+09,-4.022134946527700095e-02,-2.818927930369618196e+01
7.193526666666666985e+09,-6.163769546184028059e-03,-2.817908618571576440e+01
7.193590000000000000e+09,-9.505637235047359468e-02,-2.829184325045839543e+01
7.193653333333333015e+09,-6.959342591338923967e-02,-2.829024476595931503e+01
7.193716666666666985e+09,4.496617733093799529e-02,-2.819954962465366677e+01
7.193780000000000000e+09,3.167492210078393100e-03,-2.826521277171286428e+01
7.193843333333333015e+09,3.968546106515802308e-02,-2.825255926479579571e+01
7.193906666666666985e+09,-9.491036091127114105e-03,-2.832560022389075272e+01
7.193970000000000000e+09,-1.123835489920921304e-01,-2.845235719873006275e+01
7.194033333333333015e+09,-2.261259700560103170e-02,-2.838645070868157561e+01
7.194096666666666985e+09,2.332702706813805094e-02,-2.836437554654651549e+01
7.194160000000000000e+09,5.655852694310681272e-03,-2.840591118285868077e+01
7.194223333333333015e+09,-9.619119740939652274e-02,-2.853162269490073299e+01
7.194286666666666985e+09,-2.567068661738503010e-02,-2.848496664604705941e+01
7.194350000000000000e+09,-5.561454550138833497e-02,-2.853877496686940773e+01
7.194413333333333015e+09,4.127018528550863152e-02,-2.846575469802084868e+01
7.194476666666666985e+09,-1.383477634896124187e-02,-2.854472412159366357e+01
7.194540000000000000e+09,-5.304029970190526910e-03,-2.856005783715323076e+01
7.194603333333333015e+09,-5.567670286625769904e-02,-2.863429497198763940e+01
7.194666666666666985e+09,-8.680461904284442198e-02,-2.868928735010256759e+01
7.194730000000000000e+09,-7.460183467901160270e-02,-2.870094902767707623e+01
7.194793333333333015e+09,1.079733225873624747e-02,-2.863941432267766984e+01
7.194856666666666985e+09,-1.424157673496289078e-01,-2.881649188422471042e+01
7.194920000000000000e+09,-7.579842337906939065e-02,-2.877373900219215841e+01
7.194983333333333015e+09,-6.490614110298054129e-02,-2.878671118185441102e+01
7.195046666666666985e+09,-6.651956311952034184e-03,-2.875232145900205794e+01
7.195110000000000000e+09,-1.032452864692281480e-01,-2.887277925109734156e+01
7.195173333333333015e+09,-2.907204819927144968e-02,-2.882247047476572632e+01
7.195236666666666985e+09,4.435357520603133707e-02,-2.877290931329909895e+01
7.195300000000000000e+09,-3.465490861145070767e-02,-2.887578225905458851e+01
7.195363333333333015e+09,-5.866556343068296542e-02,-2.892365737581215868e+01
7.195426666666666985e+09,-1.498687861272429700e-02,-2.890384315293287898e+01
7.195490000000000000e+09,-8.034903500907475404e-02,-2.899306977126757090e+01
7.195553333333333015e+09,-5.016703764049168512e-02,-2.898675223583699534e+01
7.195616666666666985e+09,4.507854421767376607e-03,-2.895594180571340814e+01
7.195680000000000000e+09,8.231528866163984048e-02,-2.890199883341188070e+01
7.195743333333333015e+09,-4.796106552298695647e-02,-2.905613964953451145e+01
7.195806666666666985e+09,4.619868997757237139e-04,-2.903158105905042774e+01
7.195870000000000000e+09,8.722049659766639707e-03,-2.904718545822877473e+01
7.195933333333333015e+09,-1.246332061448072182e-01,-2.920440517597135965e+01
7.195996666666666985e+09,-3.307168853079289761e-02,-2.913670812029601720e+01
7.196060000000000000e+09,1.321547671508263022e-01,-2.899534612655274302e+01
7.196123333333333015e+09,3.390613729546032573e-02,-2.911745921834644690e+01
7.196186666666666985e+09,-3.623142167664639146e-02,-2.921146123925689864e+01
7.196250000000000000e+09,-1.094296480081879963e-01,-2.930852392752677815e+01
7.196313333333333015e+09,-7.566908042697306769e-02,-2.929862782188390824e+01
7.196376666666666985e+09,-8.727826612336642143e-02,-2.933410146951863950e+01
7.196440000000000000e+09,6.526221745928140194e-02,-2.920542544787433314e+01
7.196503333333333015e+09,-7.827539634142866021e-02,-2.937282752361338467e+01
7.196566666666666985e+09,4.672545195094457426e-02,-2.927169113725935290e+01
7.196630000000000000e+09,-3.246402454395891368e-02,-2.937474507569259785e+01
7.196693333333333015e+09,-6.881244884051440636e-02,-2.943495796192749481e+01
7.196756666666666985e+09,-4.532274410387060470e-03,-2.939454224943604288e+01
7.196820000000000000e+09,-5.115042032373295910e-02,-2.946502485728739629e+01
7.196883333333333015e+09,-5.690283835551923630e-03,-2.944342918273755672e+01
7.196946666666666985e+09,1.457906779254614094e-03,-2.946014545406142560e+01
7.197010000000000000e+09,6.742225639836618711e-02,-2.941804556638032153e+01
7.197073333333333015e+09,-4.452918465488053812e-02,-2.955386146937190972e+01
7.197136666666666985e+09,3.009466618689771167e-02,-2.950310208046880689e+01
7.197200000000000000e+09,-4.498979175560435806e-02,-2.960205100034931291e+01
7.197263333333333015e+09,-3.200572313084393272e-02,-2.961293139366289751e+01
7.197326666666666985e+09,-2.075460131426964949e-02,-2.962554473378499864e+01
7.197390000000000000e+09,-1.042763391970424891e-02,-2.963908222832877470e+01
7.197453333333333015e+09,-4.982057638224191010e-02,-2.970233963272931632e+01
7.197516666666666985e+09,2.923720175093791340e-02,-2.964714631653481547e+01
7.197580000000000000e+09,4.099133765674167762e-03,-2.969614884645841713e+01
7.197643333333333015e+09,-1.262906660576845752e-02,-2.973674150876787081e+01
7.197706666666666985e+09,4.760767489797856911e-02,-2.970036922920279565e+01
7.197770000000000000e+09,-7.218720090449437521e-02,-2.984402856694361361e+01
7.197833333333333015e+09,-6.480725200849590806e-02,-2.986051307998561910e+01
7.197896666666666985e+09,-9.337973821117984130e-02,-2.991295002812698201e+01
7.197960000000000000e+09,-2.866156363850436151e-02,-2.987209631549264444e+01
7.198023333333333015e+09,-3.777387533030562849e-02,-2.990507308912279072e+01
7.198086666666666985e+09,-8.070075697213496824e-02,-2.997186443270295797e+01
7.198150000000000000e+09,-5.783432281720379819e-02,-2.997286246048637182e+01
7.198213333333333015e+09,-5.195599149195473387e-02,-2.999084859109946066e+01
7.198276666666666985e+09,3.713432496519786241e-02,-2.992562273658064953e+01
7.198340000000000000e+09,-3.854185787336561475e-02,-3.002516338135755447e+01
7.198403333333333015e+09,-3.040584096157417093e-02,-3.004089182638410449e+01
7.198466666666666985e+09,-7.154171444755164089e-02,-3.010589216180842342e+01
7.198530000000000000e+09,-2.062909012674651876e-02,-3.007884399942595977e+01
7.198593333333333015e+09,9.025582329087455946e-04,-3.008117681300464596e+01
7.198656666666666985e+09,4.095210030189022632e-02,-3.006499173287433990e+01
7.198720000000000000e+09,6.750235434239471033e-03,-3.012305805967999817e+01
7.198783333333333015e+09,-2.328094210852782453e-04,-3.015390556647366438e+01
7.198846666666666985e+09,-9.655468496170271919e-02,-3.027409190395295724e+01
7.198910000000000000e+09,3.331913610977110807e-02,-3.016808254481949092e+01
7.198973333333333015e+09,-3.586607856667711758e-02,-3.026113222143428061e+01
7.199036666666666985e+09,5.062790266524785920e-03,-3.024406781453975412e+01
7.199100000000000000e+09,6.860360934540921107e-02,-3.020439145739887721e+01
7.199163333333333015e+09,-8.706789053935892753e-02,-3.038392741922198326e+01
7.199226666666666985e+09,-7.537605568795413546e-02,-3.039610004630925744e+01
7.199290000000000000e+09,-7.838183502872908548e-02,-3.042297028758837385e+01
7.199353333333333015e+09,-5.039190759666567487e-02,-3.041884482209431795e+01
7.199416666666666985e+09,-1.908065780434498038e-02,-3.041139803424067267e+01
7.199480000000000000e+09,-7.493647211983045509e-02,-3.049111831049449961e+01
7.199543333333333015e+09,1.071723880360444525e-01,-3.033287391227662866e+01
7.199606666666666985e+09,-1.092475084021344856e-01,-3.057315827065348657e+01
7.199670000000000000e+09,-7.178012465418603938e-02,-3.055955534884387603e+01
7.199733333333333015e+09,-6.393884013163031454e-02,-3.057557852625932782e+01
7.199796666666666985e+09,-9.688301277613575735e-02,-3.063238716084250868e+01
7.199860000000000000e+09,1.994729571298847759e-02,-3.053942131429172591e+01
7.199923333333333015e+09,-3.861975248945981321e-02,-3.062185282443251566e+01
7.199986666666666985e+09,5.927288163540822552e-02,-3.054782465224598909e+01
7.200050000000000000e+09,-3.260495574205535263e-02,-3.066356695156179413e+01
7.200113333333333015e+09,-6.937076229191418975e-02,-3.072419722004999443e+01
7.200176666666666985e+09,4.292279639233953503e-03,-3.067439864005718775e+01
7.200240000000000000e+09,-7.631005363847975786e-02,-3.077886543527324292e+01
7.200303333333333015e+09,3.081878755440570217e-02,-3.069560105601869893e+01
7.200366666666666985e+09,5.531612328518065169e-02,-3.069496818222626544e+01
7.200430000000000000e+09,-1.381598677866762159e-01,-3.091230863523646377e+01
7.200493333333333015e+09,4.573582504018958161e-03,-3.079343964688411006e+01
7.200556666666666985e+09,-5.780223893636460275e-02,-3.087967993026316904e+01
7.200620000000000000e+09,6.549010492811646600e-03,-3.083919314277200030e+01
7.200683333333333015e+09,-1.028260216309710984e-01,-3.097243263683412451e+01
7.200746666666666985e+09,-6.134744494059773956e-02,-3.095481852208242657e+01
7.200810000000000000e+09,-6.402725530632125128e-02,-3.098136279438615759e+01
7.200873333333333015e+09,-4.623900028796867900e-02,-3.098743900130614648e+01
7.200936666666666985e+09,-7.069058611193668185e-03,-3.097213352156804689e+01
7.201000000000000000e+09,-3.897790796243327804e-02,-3.102790683285729045e+01
7.201063333333333015e+09,-8.932090405461323712e-02,-3.110211429088781543e+01
7.201126666666666985e+09,-8.758154663919626159e-02,-3.112423939541107387e+01
7.201190000000000000e+09,-1.424752524554016020e-01,-3.120299756316562068e+01
7.201253333333333015e+09,-3.607042548353334155e-02,-3.112045719813175637e+01
7.201316666666666985e+09,-3.944708864241519564e-02,-3.114769832322931720e+01
7.201380000000000000e+09,-1.386931066806837975e-01,-3.127080880320592371e+01
7.201443333333333015e+09,-2.648266104004548538e-02,-3.118246281950329291e+01
7.201506666666666985e+09,4.282283005768050543e-03,-3.117556233739615479e+01
7.201570000000000000e+09,-6.184719640053870648e-02,-3.126555627874080656e+01
7.201633333333333015e+09,-1.083316631521284990e-01,-3.133590520743040031e+01
7.201696666666666985e+09,-1.347069997416916465e-01,-3.138614500595863888e+01
7.201760000000000000e+09,4.350677446569761742e-02,-3.123179569368959108e+01
7.201823333333333015e+09,2.926945695462634944e-02,-3.126989747313866985e+01
7.201886666666666985e+09,-4.827987675986022964e-02,-3.137131126879183185e+01
7.201950000000000000e+09,-1.014930992018570066e-01,-3.144838895317217009e+01
7.202013333333333015e+09,-1.243313871921394309e-01,-3.149509170310079398e+01
7.202076666666666985e+09,-1.197555905923231023e-01,-3.151438036843931911e+01
7.202140000000000000e+09,-4.933661818748902306e-02,-3.146782585797282650e+01
7.202203333333333015e+09,-4.566096633951133299e-02,-3.148801466806319027e+01
7.202266666666666985e+09,-2.091480241491190384e-01,-3.167536618781113944e+01
7.202330000000000000e+09,-1.741319924658633056e-01,-3.166421461806622517e+01
7.202393333333333015e+09,-1.117635277223705259e-01,-3.162571061526107385e+01
7.202456666666666985e+09,-8.165914673859475670e-02,-3.161947069621597350e+01
7.202520000000000000e+09,-7.062247228902762686e-02,-3.163229848370441388e+01
7.202583333333333015e+09,1.965344927233658723e-02,-3.156588702408139113e+01
7.202646666666666985e+09,-1.457622598669914282e-01,-3.175516719515939457e+01
7.202710000000000000e+09,-2.760016561272493618e-02,-3.166086956284313558e+01
7.202773333333333015e+09,-7.080706620270404983e-02,-3.172794092537145616e+01
7.202836666666666985e+09,-8.163572107373440190e-02,-3.176263404218116193e+01
7.202900000000000000e+09,-1.207552206709188169e-01,-3.182561800371635385e+01
7.202963333333333015e+09,-9.019836240148393358e-02,-3.181892560738525688e+01
7.203026666666666985e+09,-1.176019055127532909e-01,-3.187019361243520521e+01
7.203090000000000000e+09,2.006338753409053766e-02,-3.175639278132670285e+01
7.203153333333333015e+09,-6.039556317640659699e-02,-3.186071619397520749e+01
7.203216666666666985e+09,-1.321748028517149010e-01,-3.195635989558918766e+01
7.203280000000000000e+09,-1.126855956722607743e-01,-3.196073515034807855e+01
7.203343333333333015e+09,-6.353362639089965569e-02,-3.193544764300472139e+01
7.203406666666666985e+09,-5.451842904916048838e-02,-3.195029690760166119e+01
7.203470000000000000e+09,-4.051273455822013148e-02,-3.196015567504905874e+01
7.203533333333333015e+09,-4.883892469204198505e-02,-3.199234632712088811e+01
7.203596666666666985e+09,-5.218304648336413720e-02,-3.201955491085088568e+01
7.203660000000000000e+09,-2.095045248691107531e-02,-3.201218677879277408e+01
7.203723333333333015e+09,-3.204219428894106159e-02,-3.204714298253281157e+01
7.203786666666666985e+09,-8.241630318048720483e-02,-3.212138155336303669e+01
7.203850000000000000e+09,-3.025631352650748340e-02,-3.209308602564739488e+01
7.203913333333333015e+09,-1.075626551500832306e-01,-3.219425682920931564e+01
7.203976666666666985e+09,-2.135074711321749419e-02,-3.213190938311078781e+01
7.204040000000000000e+09,-5.302665346175672312e-02,-3.218744975139766495e+01
7.204103333333333015e+09,-5.541017794816838204e-02,-3.221369773782242163e+01
7.204166666666666985e+09,2.064286759394917681e-02,-3.216150915421864909e+01
7.204230000000000000e+09,-1.841523772107152013e-01,-3.239016886096165138e+01
7.204293333333333015e+09,-4.815182557867814239e-02,-3.227803277126795223e+01
7.204356666666666985e+09,-4.686347410256530566e-02,-3.230060888173051836e+01
7.204420000000000000e+09,-3.608744248719375491e-02,-3.231369731205315077e+01
7.204483333333333015e+09,-6.227277607408154836e-02,-3.236374710757838358e+01
7.204546666666666985e+09,-1.212373590019169001e-01,-3.244657615244489790e+01
7.204610000000000000e+09,-7.334557810315800452e-02,-3.242254883348414296e+01
7.204673333333333015e+09,-1.182304771990629888e-01,-3.249129819451838586e+01
7.204736666666666985e+09,-5.567694444985704649e-02,-3.245260912370785888e+01
7.204800000000000000e+09,-4.971653274024845359e-02,-3.247051317393625425e+01
7.204863333333333015e+09,-8.853632617351792078e-02,-3.253319742930786873e+01
7.204926666666666985e+09,-8.087792684335681770e-03,-3.247661335775735836e+01
7.204990000000000000e+09,-1.426175875379911417e-01,-3.263500761454902488e+01
7.205053333333333015e+09,-5.822010216549955430e-02,-3.257447459111487120e+01
7.205116666666666985e+09,-1.315012876137728881e-01,-3.267162023850182351e+01
7.205180000000000000e+09,-1.206276115553279737e-01,-3.268461102438171650e+01
7.205243333333333015e+09,-9.913621367638825177e-02,-3.268698408844078784e+01
7.205306666666666985e+09,-6.415255052216650711e-02,-3.267586488722523796e+01
7.205370000000000000e+09,-1.169814801234210222e-01,-3.275255827876483750e+01
7.205433333333333015e+09,-1.568975265828456145e-01,-3.281633878716226604e+01
7.205496666666666985e+09,-1.233815882153450616e-01,-3.280668731073344446e+01
7.205560000000000000e+09,-1.625950122532699993e-01,-3.286976519670970731e+01
7.205623333333333015e+09,-1.060784781391390652e-01,-3.283711312453358744e+01
7.205686666666666985e+09,-1.403415824127307587e-01,-3.289524069074585100e+01
7.205750000000000000e+09,-1.746191506121306247e-01,-3.295338272088359588e+01
7.205813333333333015e+09,-1.777796500158999038e-01,-3.298040768222570307e+01
7.205876666666666985e+09,-2.687999212559546436e-01,-3.309529241540409572e+01
7.205940000000000000e+09,-1.637790843843021094e-01,-3.301413604047078820e+01
7.206003333333333015e+09,-2.856779920393890393e-01,-3.315989941006422015e+01
7.206066666666666985e+09,-2.069518351602894768e-01,-3.310503771512345850e+01
7.206130000000000000e+09,-1.180552148830784631e-01,-3.304000555678458539e+01
7.206193333333333015e+09,-1.557609682213296765e-01,-3.310157577206118162e+01
7.206256666666666985e+09,-2.843761168961549402e-01,-3.325405538267467875e+01
7.206320000000000000e+09,-3.917444404254055712e-01,-3.338528816814194045e+01
7.206383333333333015e+09,-4.196517622429922767e-01,-3.343705995189786506e+01
7.206446666666666985e+09,2.507888402066953404e-01,-3.279048381138685642e+01
7.206510000000000000e+09,3.169087927554983253e-01,-3.274822832077605739e+01
7.206573333333333015e+09,2.530314889853002569e-01,-3.283597008648460047e+01
7.206636666666666985e+09,2.314439570966939641e-01,-3.288142208031187863e+01
7.206700000000000000e+09,2.183695449281941592e-01,-3.291836095441838950e+01
7.206763333333333015e+09,1.075846007989795794e-01,-3.305301036048594199e+01
7.206826666666666985e+09,6.226194995824840817e-02,-3.312219747326535213e+01
7.206890000000000000e+09,-1.380013633976773235e-03,-3.320970389879558127e+01
7.206953333333333015e+09,9.768775866623968795e-02,-3.313450058843370982e+01
7.207016666666666985e+09,1.048601598241845068e-01,-3.315119264921443687e+01
7.207080000000000000e+09,7.475864985292446363e-02,-3.320515862112404193e+01
7.207143333333333015e+09,3.865556657171254074e-02,-3.326512616634325781e+01
7.207206666666666985e+09,8.666596320298225464e-02,-3.324098023165066706e+01
7.207270000000000000e+09,1.963853900718959267e-02,-3.333187211778479764e+01
7.207333333333333015e+09,1.958660011247559396e-03,-3.337341645871874363e+01
7.207396666666666985e+09,1.500919483621956374e-01,-3.324914763230647452e+01
7.207460000000000000e+09,2.605248352845990212e-02,-3.339705155907855527e+01
7.207523333333333015e+09,-7.068621078474279784e-04,-3.344767536665286656e+01
7.207586666666666985e+09,-3.400327485394427640e-03,-3.347423329396909253e+01
7.207650000000000000e+09,2.134307826805326158e-02,-3.347335435015398275e+01
7.207713333333333015e+09,-6.504430930547755452e-03,-3.352506632129092168e+01
7.207776666666666985e+09,-2.508083280536510529e-02,-3.356750718510408404e+01
7.207840000000000000e+09,-1.342709954546705831e-02,-3.357971791378253101e+01
7.207903333333333015e+09,4.757551934834935992e-02,-3.354257975682705251e+01
7.207966666666666985e+09,3.378406636926456486e-03,-3.361064133147681332e+01
7.208030000000000000e+09,-1.252796494030761210e-01,-3.376316384945516091e+01
7.208093333333333015e+09,6.430352651534576580e-02,-3.359744513547507694e+01
7.208156666666666985e+09,-2.861626074735568181e-02,-3.371422938467612340e+01
7.208220000000000000e+09,3.616111490343598689e-02,-3.367331647096366964e+01
7.208283333333333015e+09,-9.822309279513063984e-02,-3.383156514060058129e+01
7.208346666666666985e+09,6.663435531857686556e-02,-3.369057215442554565e+01
7.208410000000000000e+09,-1.804963035451834230e-02,-3.379912060203665192e+01
7.208473333333333015e+09,-1.628876949927615669e-02,-3.382122420311974764e+01
7.208536666666666985e+09,-5.194038699200831388e-02,-3.388074028255115877e+01
7.208600000000000000e+09,-8.420337177842185383e-02,-3.393686772927557627e+01
7.208663333333333015e+09,5.614281315195768229e-02,-3.382038600628354175e+01
7.208726666666666985e+09,-6.189331783948404109e-02,-3.396228659921365534e+01
7.208790000000000000e+09,4.404480903200180819e-02,-3.388021293428018055e+01
7.208853333333333015e+09,-5.667910933591002731e-02,-3.400480131458643029e+01
7.208916666666666985e+09,7.433582154617823790e-02,-3.389765084564302100e+01
7.208980000000000000e+09,-2.204817219480048607e-02,-3.401789930132233764e+01
7.209043333333333015e+09,-1.077817435705696880e-02,-3.403049376542260518e+01
7.209106666666666985e+09,-5.959265057626339512e-03,-3.404953931806184642e+01
7.209170000000000000e+09,-1.334122521569724995e-03,-3.406877863746413482e+01
7.209233333333333015e+09,-9.448020411133484231e-02,-3.418578918099190389e+01
7.209296666666666985e+09,-4.221292503887497105e-02,-3.415738636385812299e+01
7.209360000000000000e+09,4.872437232190662826e-02,-3.409031352843567930e+01
7.209423333333333015e+09,-2.305025248732306409e-02,-3.418595261518291295e+01
7.209486666666666985e+09,-9.306296623459076045e-02,-3.427982979086885962e+01
7.209550000000000000e+09,-1.249723246765199747e-02,-3.422312851904025877e+01
7.209613333333333015e+09,-4.529378683970719521e-02,-3.427978953535065898e+01
7.209676666666666985e+09,-3.094524170406032226e-02,-3.428930545215335712e+01
7.209740000000000000e+09,-2.949720267366728876e-02,-3.431172187506130200e+01
7.209803333333333015e+09,-4.190045007470644123e-02,-3.434798958440067906e+01
7.209866666666666985e+09,-1.084396142733368151e-02,-3.434079755769165132e+01
7.209930000000000000e+09,-1.067361695150310652e-01,-3.446055422771768662e+01
7.209993333333333015e+09,-2.305439997785185824e-02,-3.440073692011885242e+01
7.210056666666666985e+09,-5.458308955320489986e-02,-3.445613007163254338e+01
7.210120000000000000e+09,1.934658972835734403e-03,-3.442347678504484776e+01
7.210183333333333015e+09,-4.636340151563445033e-03,-3.445391224610758485e+01
7.210246666666666985e+09,3.684411453882319165e-03,-3.446945595644081806e+01
7.210310000000000000e+09,-6.138972885808868796e-02,-3.455839455869079302e+01
7.210373333333333015e+09,-9.671178826589255095e-02,-3.461758108003694190e+01
7.210436666666666985e+09,-8.640090169829051092e-02,-3.463113465540801172e+01
7.210500000000000000e+09,-1.960515444654475914e-02,-3.458820337009427703e+01
7.210563333333333015e+09,-1.964919830195555051e-02,-3.461211187588802574e+01
7.210626666666666985e+09,1.417316726185191555e-02,-3.460215397226289724e+01
7.210690000000000000e+09,-9.124599825552337506e-02,-3.473143759971827649e+01
7.210753333333333015e+09,-4.254144101957280100e-02,-3.470659750442067093e+01
7.210816666666666985e+09,1.247708234998157195e-02,-3.467544344298978842e+01
7.210880000000000000e+09,3.825922884899313203e-02,-3.467352575842912188e+01
7.210943333333333015e+09,9.276273984772132053e-02,-3.464288670936839765e+01
7.211006666666666985e+09,-6.532413815077831032e-02,-3.482483804930557625e+01
7.211070000000000000e+09,4.166486826783000197e-03,-3.477921188626635285e+01
7.211133333333333015e+09,1.576967807264395560e-02,-3.479147315695850295e+01
7.211196666666666985e+09,-1.188793751473582461e-02,-3.484299523448455460e+01
7.211260000000000000e+09,-2.161809470778308651e-02,-3.487658985361594688e+01
7.211323333333333015e+09,-8.688224803172772681e-02,-3.496571846887789548e+01
7.211386666666666985e+09,4.231867686200985190e-02,-3.486038200592282976e+01
7.211450000000000000e+09,-6.937231039637481445e-02,-3.499593745511955944e+01
7.211513333333333015e+09,-6.577662929418437443e-02,-3.501620623595571402e+01
7.211576666666666985e+09,1.221667255632041815e-02,-3.496207739604354714e+01
7.211640000000000000e+09,-3.350125995969932546e-02,-3.503165979049790479e+01
7.211703333333333015e+09,5.476774324547761807e-02,-3.496725524923107287e+01
7.211766666666666985e+09,4.428609680545037008e-03,-3.504145884473434336e+01
7.211830000000000000e+09,-2.122770721844347008e-02,-3.509097962357167688e+01
7.211893333333333015e+09,-5.392285084604253598e-02,-3.514753922913761386e+01
7.211956666666666985e+09,-1.262777196443209959e-02,-3.513010861219434844e+01
7.212020000000000000e+09,-3.696381466191667187e-02,-3.517830911683017092e+01
7.212083333333333015e+09,1.988774383751490404e-02,-3.514532202026908436e+01
7.212146666666666985e+09,-1.211705579103536934e-01,-3.531024478395562483e+01
7.212210000000000000e+09,-1.979108211965296960e-02,-3.523272977010293516e+01
7.212273333333333015e+09,-7.574637014813134783e-02,-3.531254952006975145e+01
7.212336666666666985e+09,-4.476363464888777344e-02,-3.530543124650918685e+01
7.212400000000000000e+09,-4.344350007237096634e-03,-3.528887642380554013e+01
7.212463333333333015e+09,-1.285638200008065724e-02,-3.532125291773672870e+01
7.212526666666666985e+09,-3.080483066280237381e-02,-3.536306582833812229e+01
7.212590000000000000e+09,-1.478716963032411513e-01,-3.550399715591657213e+01
7.212653333333333015e+09,-6.359458547644436521e-02,-3.544358450702811325e+01
7.212716666666666985e+09,-8.553144265263767920e-02,-3.548938582614298554e+01
7.212780000000000000e+09,-6.339947192359574046e-02,-3.549111831735228151e+01
7.212843333333333015e+09,2.520308197424014907e-02,-3.542638022539245668e+01
7.212906666666666985e+09,-4.931661886674021389e-02,-3.552476438817210891e+01
7.212970000000000000e+09,4.753443439663129766e-02,-3.545177779684708241e+01
7.213033333333333015e+09,-7.483976378615153635e-02,-3.559801645696786920e+01
7.213096666666666985e+09,-2.679148534319608643e-03,-3.554972030365471625e+01
7.213160000000000000e+09,-9.456446673654284041e-02,-3.566547008379527739e+01
7.213223333333333015e+09,-1.695297088586755763e-02,-3.561172304988260606e+01
7.213286666666666985e+09,-4.812203681581195269e-05,-3.561868266297223329e+01
7.213350000000000000e+09,1.191858445584159654e-02,-3.563058041841792090e+01
7.213413333333333015e+09,-2.620531517724344894e-02,-3.569256877998934385e+01
7.213476666666666985e+09,6.462802511805421091e-02,-3.562559990163238410e+01
7.213540000000000000e+09,-4.179857743026360595e-02,-3.575589096611904694e+01
7.213603333333333015e+09,-4.025824994089077791e-02,-3.577821510056801202e+01
7.213666666666666985e+09,-4.796946647864075430e-02,-3.580979077904410701e+01
7.213730000000000000e+09,-1.291679930294549195e-01,-3.591485376753325909e+01
7.213793333333333015e+09,9.976944956690658728e-03,-3.579957329148545853e+01
7.213856666666666985e+09,-3.230658748945103298e-02,-3.586572128586993813e+01
7.213920000000000000e+09,-3.002531216809956049e-02,-3.588730447248693167e+01
7.213983333333333015e+09,-3.190045609873948251e-02,-3.591304407835590951e+01
7.214046666666666985e+09,-7.460070513590011387e-02,-3.597960878933174911e+01
7.214110000000000000e+09,-1.182255932155129585e-01,-3.604709813934936591e+01
7.214173333333333015e+09,-4.031093450623046692e-02,-3.599304794257842843e+01
7.214236666666666985e+09,6.100814833658319003e-04,-3.597599138852750400e+01
7.214300000000000000e+09,-2.077717430452707958e-02,-3.602124310625340797e+01
7.214363333333333015e+09,-6.854125315527426210e-03,-3.603118451920274623e+01
7.214426666666666985e+09,-6.016697355357081278e-02,-3.610836182937946859e+01
7.214490000000000000e+09,-1.883891599569409436e-02,-3.609089823375959583e+01
7.214553333333333015e+09,3.415682808476816490e-02,-3.606176695161747858e+01
7.214616666666666985e+09,-6.102597968443035370e-02,-3.618081422132534897e+01
7.214680000000000000e+09,5.864517773129307443e-02,-3.608500752584797056e+01
7.214743333333333015e+09,-5.747864724153117777e-02,-3.622499581275879876e+01
7.214806666666666985e+09,1.005261289766679056e-02,-3.618132901455827977e+01
7.214870000000000000e+09,5.054664783324369637e-02,-3.616469944156104077e+01
7.214933333333333015e+09,-4.582896304665240450e-02,-3.628493951437894083e+01
7.214996666666666985e+09,-1.267877261817318413e-03,-3.626424289053278471e+01
7.215060000000000000e+09,-4.764348627754344534e-02,-3.633448296148684875e+01
7.215123333333333015e+09,-4.640446244643214868e-03,-3.631534438339195958e+01
7.215186666666666985e+09,-4.679329463023407243e-03,-3.633924772854901164e+01
7.215250000000000000e+09,-4.556571194164149574e-02,-3.640399857296597474e+01
7.215313333333333015e+09,2.602964724145806485e-02,-3.635626767572087914e+01
7.215376666666666985e+09,-4.978103817710888279e-02,-3.645594282307812506e+01
7.215440000000000000e+09,-1.051351838801863892e-01,-3.653516143071954048e+01
7.215503333333333015e+09,-4.973871424947162723e-02,-3.650362942302717073e+01
7.215566666666666985e+09,4.170040517024631299e-02,-3.643605476554579070e+01
7.215630000000000000e+09,-2.101597980490055306e-02,-3.652263561245928258e+01
7.215693333333333015e+09,-9.328170234095267688e-02,-3.661876579693367262e+01
7.215756666666666985e+09,-1.027611600113189638e-01,-3.665210971654238392e+01
7.215820000000000000e+09,-2.074115806651377625e-02,-3.659395417653591664e+01
7.215883333333333015e+09,-6.292831493179562585e-02,-3.666000579533954351e+01
7.215946666666666985e+09,2.557403011979886287e-02,-3.659536791222662089e+01
7.216010000000000000e+09,-7.104976363716986043e-02,-3.671585616792160067e+01
7.216073333333333015e+09,-7.122617602625069821e-02,-3.673989704224901942e+01
7.216136666666666985e+09,-8.062424436816684192e-02,-3.677315957252961454e+01
7.216200000000000000e+09,3.592446571465046645e-02,-3.668047532438480118e+01
7.216263333333333015e+09,9.698484283624253521e-02,-3.664327940920155413e+01
7.216326666666666985e+09,8.046493403121957044e-02,-3.668366377994524896e+01
7.216390000000000000e+09,-6.951347035865040880e-02,-3.685750664627313000e+01
7.216453333333333015e+09,3.034025776237569971e-02,-3.678151738009044180e+01
7.216516666666666985e+09,-3.995563624677345160e-03,-3.683971766341617382e+01
7.216580000000000000e+09,-4.386780682082047633e-02,-3.690345436855065486e+01
7.216643333333333015e+09,-4.677972477947633934e-02,-3.693023074844732179e+01
7.216706666666666985e+09,1.797139485098853129e-03,-3.690551834612141846e+01
7.216770000000000000e+09,-5.010841332056514830e-02,-3.698128836086542748e+01
7.216833333333333015e+09,-1.507453135607477179e-01,-3.710578972304361400e+01
7.216896666666666985e+09,-6.952311405221678342e-03,-3.698586118282675983e+01
7.216960000000000000e+09,-7.119822852560275805e-02,-3.707397156188548593e+01
7.217023333333333015e+09,-2.028951039854973715e-01,-3.722953289928338449e+01
7.217086666666666985e+09,1.680139248822598574e-02,-3.703370086474834011e+01
7.217150000000000000e+09,-4.606446550926079908e-02,-3.712043118468416480e+01
7.217213333333333015e+09,-3.614269768981159814e-03,-3.710184545088189623e+01
7.217276666666666985e+09,7.675720992587287128e-03,-3.711441992205899965e+01
7.217340000000000000e+09,6.741582647791233285e-03,-3.713921852234214072e+01
7.217403333333333015e+09,-3.855258018926832619e-02,-3.720837714711753819e+01
7.217466666666666985e+09,-2.428222129729817880e-02,-3.721797125016391306e+01
7.217530000000000000e+09,3.980914153628845042e-02,-3.717774434926866434e+01
7.217593333333333015e+09,-1.860925200325880269e-03,-3.724327887794362368e+01
7.217656666666666985e+09,-4.428238615722790428e-02,-3.730956480083886362e+01
7.217720000000000000e+09,-1.278056340445061778e-01,-3.741695251066448691e+01
7.217783333333333015e+09,-2.628002165849352423e-02,-3.733929136021681217e+01
7.217846666666666985e+09,-6.040387732306129465e-02,-3.739727967782005891e+01
7.217910000000000000e+09,1.010161046491475645e-02,-3.735063865197008681e+01
7.217973333333333015e+09,6.618979748452602507e-03,-3.737798574462489398e+01
7.218036666666666985e+09,-7.940275979737521084e-02,-3.748787194610939366e+01
7.218100000000000000e+09,-2.036140171077960304e-02,-3.745269504996080911e+01
7.218163333333333015e+09,-3.436570678375971966e-02,-3.749056381697212714e+01
7.218226666666666985e+09,8.982461433172517218e-02,-3.739023795779532122e+01
7.218290000000000000e+09,6.804108954497678496e-03,-3.749712292511055267e+01
7.218353333333333015e+09,-2.175662809555944932e-03,-3.752996715881295131e+01
7.218416666666666985e+09,-5.702914027458660939e-02,-3.760868509821665384e+01
7.218480000000000000e+09,-7.642656677153780720e-02,-3.765194698665161610e+01
7.218543333333333015e+09,6.872119579618640728e-03,-3.759251276223879756e+01
7.218606666666666985e+09,1.360526356852176377e-02,-3.760964408018857341e+01
7.218670000000000000e+09,9.342701611757320279e-03,-3.763777110408367577e+01
7.218733333333333015e+09,6.689842613340601929e-02,-3.760407984150003102e+01
7.218796666666666985e+09,-1.184669231825026259e-01,-3.781330965275461864e+01
7.218860000000000000e+09,-7.765376130592471782e-03,-3.772647256764104640e+01
7.218923333333333015e+09,-1.209100375963103602e-01,-3.786348169104477535e+01
7.218986666666666985e+09,1.570976159980119746e-02,-3.775072635378733565e+01
7.219050000000000000e+09,-9.733639766610480137e-02,-3.788763697499158667e+01
7.219113333333333015e+09,-3.400535488495393110e-02,-3.784817039414843975e+01
7.219176666666666985e+09,-2.435489031856974407e-02,-3.786238439152073454e+01
7.219240000000000000e+09,2.680721289141985153e-02,-3.783508675024908285e+01
7.219303333333333015e+09,-8.904762763619089583e-02,-3.797480605271503862e+01
7.219366666666666985e+09,-7.582448269435815291e-02,-3.798544736971154379e+01
7.219430000000000000e+09,1.616021515806664866e-02,-3.791732713379746400e+01
7.219493333333333015e+09,-6.249008428322611053e-02,-3.801984189517709467e+01
7.219556666666666985e+09,-6.887842854212067323e-02,-3.805009470137433425e+01
7.219620000000000000e+09,-6.745679737674947773e-02,-3.807253753214730096e+01
7.219683333333333015e+09,3.416605268099459636e-02,-3.799477914402790191e+01
7.219746666666666985e+09,-3.040373723787581639e-02,-3.808321339588544419e+01
7.219810000000000000e+09,3.099206616444405427e-02,-3.804568205442113538e+01
7.219873333333333015e+09,5.652485547246044462e-02,-3.804401372705145690e+01
7.219936666666666985e+09,-3.415768808930153000e-02,-3.815856073255189784e+01
7.220000000000000000e+09,-6.875153054447480372e-02,-3.821701903694507507e+01
7.220063333333333015e+09,-3.188482068268427838e-02,-3.820401678902162956e+01
7.220126666666666985e+09,-2.838319643902309508e-02,-3.822437962671664025e+01
7.220190000000000000e+09,-1.553959919132807954e-02,-3.823540049140695629e+01
7.220253333333333015e+09,-3.217160154684250983e-02,-3.827589695570080863e+01
7.220316666666666985e+09,-1.328324146311246068e-01,-3.840042223072376970e+01
7.220380000000000000e+09,-4.902463994989858520e-02,-3.834047891798054764e+01
7.220443333333333015e+09,3.977190855962930982e-03,-3.831134154911302403e+01
7.220506666666666985e+09,5.802144301268441495e-02,-3.828116175889498152e+01
7.220570000000000000e+09,-8.141944727830718875e-02,-3.844446711112431814e+01
7.220633333333333015e+09,8.710635331674154713e-03,-3.837820149045234075e+01
7.220696666666666985e+09,-6.071059530442823871e-02,-3.847148718302711501e+01
7.220760000000000000e+09,-3.025116944910877237e-02,-3.846489221911014056e+01
7.220823333333333015e+09,-3.862378538468647093e-02,-3.849712929698372221e+01
7.220886666666666985e+09,-6.344101016814818195e-03,-3.848871407455452953e+01
7.220950000000000000e+09,-4.486963319118331128e-02,-3.855110406866723594e+01
7.221013333333333015e+09,-1.229935306930940442e-02,-3.854239825048337309e+01
7.221076666666666985e+09,-5.123463812120832017e-02,-3.860519799747394387e+01
7.221140000000000000e+09,-1.203059952261398280e-01,-3.869813381651722040e+01
7.221203333333333015e+09,3.577948572879563471e-02,-3.856591279750062284e+01
7.221266666666666985e+09,-8.400694422839194431e-03,-3.863395743959060269e+01
7.221330000000000000e+09,-3.728094981634200167e-02,-3.868670215692244341e+01
7.221393333333333015e+09,2.016327748957280619e-02,-3.865312239155487362e+01
7.221456666666666985e+09,-1.058473749326864777e-01,-3.880299750591547081e+01
7.221520000000000000e+09,-4.200697517237728107e-02,-3.876302156809350663e+01
7.221583333333333015e+09,-9.699550843030380065e-02,-3.884187456328977106e+01
7.221646666666666985e+09,-6.726376357175212206e-02,-3.883600728036956440e+01
7.221710000000000000e+09,7.553195509366616989e-03,-3.878505478322678357e+01
7.221773333333333015e+09,-3.153361076753213865e-02,-3.884800605144202734e+01
7.221836666666666985e+09,-1.094942116712189772e-01,-3.894983111428438605e+01
7.221900000000000000e+09,9.217849128191346608e-04,-3.886327957963835900e+01
7.221963333333333015e+09,-1.569379844291773907e-02,-3.890375962493243378e+01
7.222026666666666985e+09,-6.236117362541193643e-02,-3.897429146205360695e+01
7.222090000000000000e+09,4.056041251514841406e-02,-3.889523433785105055e+01
7.222153333333333015e+09,-8.261748976727290028e-02,-3.904227670207181689e+01
7.222216666666666985e+09,-4.734003594019497996e-02,-3.903086371018341083e+01
7.222280000000000000e+09,-1.226159960658037562e-01,-3.913000413224702356e+01
7.222343333333333015e+09,-4.664148302617121544e-02,-3.907789408114573604e+01
7.222406666666666985e+09,-1.004495149708120039e-01,-3.915556657502905580e+01
7.222470000000000000e+09,-6.325008972623891168e-03,-3.908530653096920560e+01
7.222533333333333015e+09,-5.193809183989372968e-02,-3.915478407577447939e+01
7.222596666666666985e+09,-3.476897743536966345e-02,-3.916147942330863430e+01
7.222660000000000000e+09,-4.430536794090755848e-02,-3.919488027575251010e+01
7.222723333333333015e+09,-9.685478409367220820e-02,-3.927129415384328581e+01
7.222786666666666985e+09,-6.167805484842858732e-02,-3.925998188653671406e+01
7.222850000000000000e+09,5.685797790228264148e-03,-3.921648249583640222e+01
7.222913333333333015e+09,-9.403172198042142327e-02,-3.934006447754505587e+01
7.222976666666666985e+09,-1.121049442374371097e-01,-3.938200216174075052e+01
7.223040000000000000e+09,4.093749671618951425e-02,-3.925282418272546181e+01
7.223103333333333015e+09,5.764237930677040822e-03,-3.931186190344931930e+01
7.223166666666666985e+09,-7.421801927858240333e-02,-3.941570862259691665e+01
7.223230000000000000e+09,-7.611750604617384397e-03,-3.937296681586129665e+01
7.223293333333333015e+09,2.818451519191000898e-02,-3.936103501200310717e+01
7.223356666666666985e+09,2.266745868142550080e-02,-3.939041653045193669e+01
7.223420000000000000e+09,-1.198435040165435339e-02,-3.944893280147335446e+01
7.223483333333333015e+09,-1.624227731100091887e-02,-3.947705519032104604e+01
7.223546666666666985e+09,-9.379991714887125909e-03,-3.949405736666327016e+01
7.223610000000000000e+09,3.335842731107874215e-02,-3.947518340957564931e+01
7.223673333333333015e+09,-1.158464144072581803e-01,-3.964825271323232414e+01
7.223736666666666985e+09,-4.785460836965427234e-02,-3.960412536913339920e+01
7.223800000000000000e+09,5.755854472916155373e-03,-3.957437936822883273e+01
7.223863333333333015e+09,-5.537332287666174579e-03,-3.960953701692776008e+01
7.223926666666666985e+09,4.841118469153116166e-02,-3.957945296188723461e+01
7.223990000000000000e+09,-3.106915099851903506e-02,-3.968279775951529587e+01
7.224053333333333015e+09,-5.607328008971279587e-02,-3.973166635054482754e+01
7.224116666666666985e+09,1.658791805328263536e-02,-3.968286961434051108e+01
7.224180000000000000e+09,-2.717043873006730337e-02,-3.975049243306186497e+01
7.224243333333333015e+09,-9.758988887652719768e-02,-3.984477634514666278e+01
7.224306666666666985e+09,-3.383189906497818811e-02,-3.980488281727379274e+01
7.224370000000000000e+09,-1.054198141074849104e-01,-3.990033519425463737e+01
7.224433333333333015e+09,-9.013709816046855394e-02,-3.990891694024563208e+01
7.224496666666666985e+09,-5.035589361447279089e-02,-3.989300019763830818e+01
7.224560000000000000e+09,-1.126358428135247891e-01,-3.997914460877570519e+01
7.224623333333333015e+09,-7.568263966332722248e-02,-3.996605586756351158e+01
7.224686666666666985e+09,-1.655045844319857906e-02,-3.993078814828206191e+01
7.224750000000000000e+09,-6.249054115833985179e-02,-4.000059269293554109e+01
7.224813333333333015e+09,-8.026908246831965243e-02,-4.004223569618353196e+01
7.224876666666666985e+09,-1.075798131743894714e-01,-4.009341088882827364e+01
7.224940000000000000e+09,2.310927311319233013e-02,-3.998658626447903686e+01
7.225003333333333015e+09,-4.424791088344903756e-02,-4.007780791041401613e+01
7.225066666666666985e+09,-1.097592052568074905e-01,-4.016718366672571960e+01
7.225130000000000000e+09,-1.006336048754761237e-01,-4.018192252828272615e+01
7.225193333333333015e+09,-1.538836411298305507e-01,-4.025903702647542559e+01
7.225256666666666985e+09,6.323541467637028290e-03,-4.012269430581629592e+01
7.225320000000000000e+09,7.346810455746322077e-02,-4.007941420466481475e+01
7.225383333333333015e+09,-9.044178960376569876e-02,-4.026718856076438158e+01
7.225446666666666985e+09,-7.046910783813586932e-03,-4.020765814388277448e+01
7.225510000000000000e+09,1.435871050696349016e-01,-4.008088858996766390e+01
7.225573333333333015e+09,-1.422686665413621654e-01,-4.039060882351700599e+01
7.225636666666666985e+09,-6.056642000818612814e-02,-4.033277103892250182e+01
7.225700000000000000e+09,-3.380301714560829396e-02,-4.032987209799793504e+01
7.225763333333333015e+09,-2.312153845898023974e-02,-4.034305508124964490e+01
7.225826666666666985e+09,1.737620153058827555e-02,-4.032642180319875536e+01
7.225890000000000000e+09,-7.033766706027932969e-02,-4.043800013372762692e+01
7.225953333333333015e+09,-1.672314403863737198e-01,-4.055875836899205922e+01
7.226016666666666985e+09,-8.182589577145904514e-03,-4.042357398012151037e+01
7.226080000000000000e+09,-7.291780175852835555e-02,-4.051217365424089678e+01
7.226143333333333015e+09,-2.328046626452362489e-02,-4.048640078068523707e+01
7.226206666666666985e+09,-1.772202448795212604e-02,-4.050470680084734454e+01
7.226270000000000000e+09,-2.811533540577215717e-02,-4.053896457370350248e+01
7.226333333333333015e+09,-4.407550868813814304e-02,-4.057878920892387242e+01
7.226396666666666985e+09,-9.615709485575507642e-02,-4.065473525703016833e+01
7.226460000000000000e+09,-1.520190237387168963e-01,-4.073446164785146806e+01
7.226523333333333015e+09,-1.057764547874739947e-02,-4.061688473152950962e+01
7.226586666666666985e+09,-9.141407625323694219e-02,-4.072158562424267103e+01
7.226650000000000000e+09,-1.524694063178415604e-01,-4.080650541624562067e+01
7.226713333333333015e+09,-6.089019374633863890e-02,-4.073879066561212170e+01
7.226776666666666985e+09,-6.443650974320291880e-02,-4.076620144354766495e+01
7.226840000000000000e+09,-8.482582983310749114e-02,-4.081045522557590743e+01
7.226903333333333015e+09,-9.154398244476880109e-02,-4.084103784012591376e+01
7.226966666666666985e+09,-3.527541208605100564e-03,-4.077688586082808797e+01
7.227030000000000000e+09,-1.235359488917922022e-01,-4.092075873044962009e+01
7.227093333333333015e+09,-7.980467765440124595e-02,-4.090089192115056704e+01
7.227156666666666985e+09,-1.427837948639734122e-01,-4.098773550029848423e+01
7.227220000000000000e+09,-1.062882468576376027e-01,-4.097510441423048633e+01
7.227283333333333015e+09,1.875730540884745778e-02,-4.087392332390234628e+01
7.227346666666666985e+09,-5.058389755484427042e-02,-4.096712898880437592e+01
7.227410000000000000e+09,-9.830739800028709396e-02,-4.103871695118816376e+01
7.227473333333333015e+09,6.855567578882926227e-02,-4.089571833933738532e+01
7.227536666666666985e+09,-1.460513801467300254e-02,-4.100274361507956655e+01
7.227600000000000000e+09,-1.200964253809146953e-01,-4.113209936438381220e+01
7.227663333333333015e+09,-1.126346216155837965e-01,-4.114850202255682632e+01
7.227726666666666985e+09,-5.273425373828644069e-02,-4.111246611661820083e+01
7.227790000000000000e+09,-7.725997759968095124e-02,-4.116085630241759930e+01
7.227853333333333015e+09,-1.329506891256500012e-01,-4.124041147588191336e+01
7.227916666666666985e+09,1.618686131678259699e-02,-4.111513838737815263e+01
7.227980000000000000e+09,4.028782101244132718e-03,-4.115116092853170215e+01
7.228043333333333015e+09,-8.020855670308435492e-02,-4.125926272927436855e+01
7.228106666666666985e+09,-2.578801357460491772e-02,-4.122870664808456809e+01
7.228170000000000000e+09,-1.100817076389759563e-01,-4.133686480408727704e+01
7.228233333333333015e+09,-8.627304690151760269e-02,-4.133692060528782974e+01
7.228296666666666985e+09,-1.894323877684200852e-02,-4.129345525910182602e+01
7.228360000000000000e+09,-2.203828884729830406e-02,-4.132041477111062733e+01
7.228423333333333015e+09,4.652394271289495009e-04,-4.132177570477420403e+01
7.228486666666666985e+09,1.361052702129228464e-02,-4.133249487911871967e+01
7.228550000000000000e+09,-1.770796990740564070e-02,-4.138767783798575550e+01
7.228613333333333015e+09,-9.037938145022650360e-02,-4.148421371146658743e+01
7.228676666666666985e+09,-1.129358479793651782e-01,-4.153063463993439797e+01
7.228740000000000000e+09,-1.209538565362535678e-01,-4.156251711042963137e+01
7.228803333333333015e+09,-1.830928613417341921e-01,-4.164852057717311595e+01
7.228866666666666985e+09,-1.369633129941263405e-01,-4.162625549076418707e+01
7.228930000000000000e+09,-8.662331617223628655e-03,-4.152181897132562227e+01
7.228993333333333015e+09,-1.703361433420411686e-01,-4.170735724498878483e+01
7.229056666666666985e+09,-9.982537188400897321e-02,-4.166071093546909054e+01
7.229120000000000000e+09,-1.006082893526283328e-01,-4.168535831487605492e+01
7.229183333333333015e+09,-6.893312070318557971e-02,-4.167754760816495008e+01
7.229246666666666985e+09,-1.823657730650225517e-01,-4.181484472246513207e+01
7.229310000000000000e+09,-6.602365314394376128e-02,-4.172236706448239119e+01
7.229373333333333015e+09,-1.455690394109936392e-01,-4.182577691268778608e+01
7.229436666666666985e+09,-1.116881289703002267e-01,-4.181576046418576453e+01
7.229500000000000000e+09,-6.382422790815667213e-02,-4.179176102506163204e+01
7.229563333333333015e+09,-2.370395079477489730e-01,-4.198884076703956225e+01
7.229626666666666985e+09,-1.669013960575185251e-01,-4.194256711708801078e+01
7.229690000000000000e+09,-1.368174750319255395e-01,-4.193634765800042175e+01
7.229753333333333015e+09,-2.874369840030794876e-01,-4.211083162890991360e+01
7.229816666666666985e+09,-2.909877694605427223e-01,-4.213824687630605581e+01
7.229880000000000000e+09,-1.726170272220670654e-01,-4.204374059600558411e+01
7.229943333333333015e+09,-2.676570629283787639e-01,-4.216264509365024082e+01
7.230006666666666985e+09,-2.912181322742526390e-01,-4.221007062493478657e+01
7.230070000000000000e+09,-3.401918875759548655e-01,-4.228290884217483381e+01
7.230133333333333015e+09,-1.904955755571364762e-01,-4.215707699209401937e+01
7.230196666666666985e+09,-2.548475489828945229e-01,-4.224529342745845639e+01
7.230260000000000000e+09,8.445652558638983010e-02,-4.192985381482750995e+01
7.230323333333333015e+09,4.370419667253671037e-01,-4.160113283562654374e+01
7.230386666666666985e+09,4.567284642448186105e-01,-4.160531080004576410e+01
7.230450000000000000e+09,2.697128116542586440e-01,-4.181619091457466908e+01
7.230513333333333015e+09,2.505527610485458467e-01,-4.185921542711838583e+01
7.230576666666666985e+09,1.622058632773075715e-01,-4.197142678682830308e+01
7.230640000000000000e+09,2.425988004300450029e-01,-4.191489831161390356e+01
7.230703333333333015e+09,3.442027266563485455e-02,-4.214694130131632477e+01
7.230766666666666985e+09,1.001124201328522645e-01,-4.210511361578777922e+01
7.230830000000000000e+09,9.881867298888380446e-02,-4.213027182487009270e+01
7.230893333333333015e+09,2.198500193256336388e-02,-4.223096995786475105e+01
7.230956666666666985e+09,5.512319482892280575e-02,-4.222169622690673663e+01
7.231020000000000000e+09,5.851634489670942685e-02,-4.224216753877728792e+01
7.231083333333333015e+09,1.102457701376522436e-01,-4.221430257547469012e+01
7.231146666666666985e+09,6.076024201301777339e-02,-4.228765256553766250e+01
7.231210000000000000e+09,-3.607977124404015967e-02,-4.240835704073305834e+01
7.231273333333333015e+09,-2.478340930685618559e-02,-4.242092514073421938e+01
7.231336666666666985e+09,4.750373898852444654e-02,-4.237250245437751772e+01
7.231400000000000000e+09,1.796015722350574606e-02,-4.242591049808054038e+01
7.231463333333333015e+09,6.291460973942264445e-02,-4.240482050750296139e+01
7.231526666666666985e+09,4.118349301389656603e-02,-4.245041608616716644e+01
7.231590000000000000e+09,4.054681363123080473e-02,-4.247491722748783616e+01
7.231653333333333015e+09,1.108571987016873095e-01,-4.242847130435572467e+01
7.231716666666666985e+09,4.871417901854613319e-02,-4.251447878597754482e+01
7.231780000000000000e+09,-1.079399512438783404e-02,-4.259785142205848274e+01
7.231843333333333015e+09,7.984134900651440603e-02,-4.253108053986591841e+01
7.231906666666666985e+09,5.366300280229552300e-03,-4.262942005053088224e+01
7.231970000000000000e+09,-6.011252501579633645e-03,-4.266466206525069538e+01
7.232033333333333015e+09,5.822190460307297144e-03,-4.267669308422715346e+01
7.232096666666666985e+09,1.024082353489319530e-02,-4.269613891309123943e+01
7.232160000000000000e+09,7.427652891968250515e-02,-4.265596766964479514e+01
7.232223333333333015e+09,1.194861354761656003e-02,-4.274216004695486504e+01
7.232286666666666985e+09,4.932640976030455704e-02,-4.272864671268085601e+01
7.232350000000000000e+09,-1.738334569256494433e-02,-4.281922093007206342e+01
7.232413333333333015e+09,3.132572798801902536e-02,-4.279437631832949052e+01
7.232476666666666985e+09,-7.089177548346015101e-02,-4.292045828373964156e+01
7.232540000000000000e+09,2.865289800976000834e-02,-4.284477807218476642e+01
7.232603333333333015e+09,8.746390509269730273e-02,-4.280983152703983308e+01
7.232666666666666985e+09,3.825233453518706028e-03,-4.291733466061769064e+01
7.232730000000000000e+09,-2.251180412667252995e-02,-4.296753616013621979e+01
7.232793333333333015e+09,-7.490686742123386921e-03,-4.297637950469001566e+01
7.232856666666666985e+09,-1.016309128664687478e-01,-4.309438419275269894e+01
7.232920000000000000e+09,-2.956603133569046804e-03,-4.301957434495814425e+01
7.232983333333333015e+09,-4.134163466993356906e-02,-4.308182383843284669e+01
7.233046666666666985e+09,7.281536926212339722e-02,-4.299153129643912763e+01
7.233110000000000000e+09,-9.420889936535559173e-04,-4.308915321663324960e+01
7.233173333333333015e+09,1.136779275134855993e-01,-4.299839766206445546e+01
7.233236666666666985e+09,-5.450283723682503023e-03,-4.314139033524029543e+01
7.233300000000000000e+09,2.532690691861461119e-02,-4.313447760653600227e+01
7.233363333333333015e+09,-9.796498667090247636e-02,-4.328163396206386437e+01
7.233426666666666985e+09,-1.830687840168820912e-03,-4.320936412517180258e+01
7.233490000000000000e+09,4.631482337199344101e-02,-4.318508307589765138e+01
7.233553333333333015e+09,-2.447900981512418639e-02,-4.327974137102310692e+01
7.233616666666666985e+09,4.372158827923300350e-02,-4.323540523486742870e+01
7.233680000000000000e+09,2.289271590422004010e-02,-4.328009856918044562e+01
7.233743333333333015e+09,-4.611952437002742045e-03,-4.333146769946001342e+01
7.233806666666666985e+09,8.582770126982808279e-02,-4.326489250769185446e+01
7.233870000000000000e+09,8.636564893107845364e-02,-4.328821902196861515e+01
7.233933333333333015e+09,8.279327373766420806e-02,-4.331565585910036731e+01
7.233996666666666985e+09,2.988702951938648766e-02,-4.339242656525732400e+01
7.234060000000000000e+09,-7.920787659135442027e-02,-4.352538593330640282e+01
7.234123333333333015e+09,-2.990092813752198708e-02,-4.349994344679058145e+01
7.234186666666666985e+09,-3.370455272411021497e-02,-4.352761153331584154e+01
7.234250000000000000e+09,1.341886653240891292e-01,-4.338358277720598721e+01
7.234313333333333015e+09,-7.587337179956676891e-02,-4.361750927626764707e+01
7.234376666666666985e+09,-2.490614246277544908e-02,-4.359040650886953472e+01
7.234440000000000000e+09,1.015166429472813547e-01,-4.348784818539781583e+01
7.234503333333333015e+09,-1.168636079015072937e-03,-4.361439792636212331e+01
7.234566666666666985e+09,-1.348832403048305650e-02,-4.365058207625226316e+01
7.234630000000000000e+09,2.851585500984299415e-02,-4.363244235915028213e+01
7.234693333333333015e+09,-4.896059269577790474e-02,-4.373378326879424094e+01
7.234756666666666985e+09,-4.411602091018806959e-02,-4.375280315894699612e+01
7.234820000000000000e+09,5.689569470398225803e-03,-4.372686203050474774e+01
7.234883333333333015e+09,-6.580508875781987399e-02,-4.382222115067130375e+01
7.234946666666666985e+09,-2.146954119824329155e-02,-4.380175006505007218e+01
7.235010000000000000e+09,-3.548940499620556466e-02,-4.383963439078637947e+01
7.235073333333333015e+09,-1.032758631588492904e-01,-4.393128531088736111e+01
7.235136666666666985e+09,3.028593659107059466e-02,-4.382158797307577913e+01
7.235200000000000000e+09,-1.976958729579081364e-02,-4.389550795890098556e+01
7.235263333333333015e+09,-7.776248860899670490e-03,-4.390737908240443232e+01
7.235326666666666985e+09,1.505570428891189749e-02,-4.390841159119329973e+01
7.235390000000000000e+09,6.909312624330965491e-02,-4.387823863117690593e+01
7.235453333333333015e+09,9.923314007616568233e-02,-4.387196307928239492e+01
7.235516666666666985e+09,8.680634992483504675e-02,-4.390825433137239742e+01
7.235580000000000000e+09,1.906843631684296270e-02,-4.399985670691840056e+01
7.235643333333333015e+09,-1.640013988484767538e-01,-4.420679100402205819e+01
7.235706666666666985e+09,-1.506270092173878083e-02,-4.408171676803399919e+01
7.235770000000000000e+09,4.332518515353456223e-02,-4.404719334389672980e+01
7.235833333333333015e+09,-5.389670357400433431e-02,-4.416827969456261371e+01
7.235896666666666985e+09,-9.003672320446298727e-03,-4.414725112524772754e+01
7.235960000000000000e+09,7.552705498818568230e-02,-4.408658485987744058e+01
7.236023333333333015e+09,-9.290276279806874982e-02,-4.427887913960169897e+01
7.236086666666666985e+09,-1.076327489057433695e-01,-4.431747358764805256e+01
7.236150000000000000e+09,6.653014733043249862e-02,-4.416717515335021460e+01
7.236213333333333015e+09,-1.706559520732042756e-02,-4.427463535782597859e+01
7.236276666666666985e+09,4.789614564502642224e-02,-4.423353807891230360e+01
7.236340000000000000e+09,-7.000387652598050181e-02,-4.437530256302165554e+01
7.236403333333333015e+09,1.928874141758285532e-02,-4.430987440701609614e+01
7.236466666666666985e+09,-5.853663765264371932e-02,-4.441156424802500169e+01
7.236530000000000000e+09,-4.512530219696486711e-02,-4.442201737450766075e+01
7.236593333333333015e+09,-1.088979149186357631e-01,-4.450965444916767666e+01
7.236656666666666985e+09,3.197380805783467395e-02,-4.439264718812954413e+01
7.236720000000000000e+09,3.656873167223295695e-03,-4.444482858495849342e+01
7.236783333333333015e+09,3.150411640135075686e-02,-4.444084580366271098e+01
7.236846666666666985e+09,-2.380239390629412810e-02,-4.452001677590870088e+01
7.236910000000000000e+09,1.270287386700630350e-02,-4.450737597007373836e+01
7.236973333333333015e+09,-3.011841424645922416e-02,-4.457406172012554180e+01
7.237036666666666985e+09,-1.178386754201454778e-02,-4.457959163535944214e+01
7.237100000000000000e+09,-6.058805642915388034e-02,-4.465226028618491938e+01
7.237163333333333015e+09,-9.073225809790130825e-02,-4.470626894979201182e+01
7.237226666666666985e+09,3.652871293920156859e-02,-4.460287244069358792e+01
7.237290000000000000e+09,-1.332156572818163909e-01,-4.479648127285260983e+01
7.237353333333333015e+09,-8.115274776504577403e-02,-4.476828282527417713e+01
7.237416666666666985e+09,-6.437811707881735401e-02,-4.477537265652662768e+01
7.237480000000000000e+09,1.159746955977070115e-01,-4.461888430578810727e+01
7.237543333333333015e+09,-4.894946006373857017e-03,-4.476361840933053315e+01
7.237606666666666985e+09,-2.277990358187764741e-02,-4.480536782884470881e+01
7.237670000000000000e+09,4.496679839871831064e-02,-4.476148558880212391e+01
7.237733333333333015e+09,1.201485850594679050e-01,-4.471016826407971223e+01
7.237796666666666985e+09,2.189424588367927527e-02,-4.483228706519417983e+01
7.237860000000000000e+09,-2.648698678066097045e-02,-4.490453275979685799e+01
7.237923333333333015e+09,-6.120433421160242915e-02,-4.496311456916581051e+01
7.237986666666666985e+09,-8.624154725509924901e-02,-4.501201624414797919e+01
7.238050000000000000e+09,-9.152437893403941871e-02,-4.504116353776526438e+01
7.238113333333333015e+09,2.657556666312643756e-02,-4.494692805410610248e+01
7.238176666666666985e+09,2.677790233141763565e-02,-4.497059018037649025e+01
7.238240000000000000e+09,-4.241752033318846316e-02,-4.506365006497943426e+01
7.238303333333333015e+09,1.008056608427665424e-02,-4.503501644049998021e+01
7.238366666666666985e+09,-1.041109043339076834e-01,-4.517307237285683641e+01
7.238430000000000000e+09,3.057976215199431635e-02,-4.506224616830927943e+01
7.238493333333333015e+09,-1.535701791546202344e-01,-4.527026057155423189e+01
7.238556666666666985e+09,1.391708685844861293e-02,-4.512663776747950095e+01
7.238620000000000000e+09,6.452414008577989080e-02,-4.509989517619051469e+01
7.238683333333333015e+09,4.614692902700312516e-02,-4.514213684918763647e+01
7.238746666666666985e+09,3.152615458247964852e-02,-4.518062208557049786e+01
7.238810000000000000e+09,8.340182772244020271e-03,-4.522767251931907140e+01
7.238873333333333015e+09,3.810843788445339442e-02,-4.522176872614520704e+01
7.238936666666666985e+09,1.665846930148262572e-02,-4.526708315666651572e+01
7.239000000000000000e+09,-4.079992578117952462e-02,-4.534840601368752289e+01
7.239063333333333015e+09,1.259071052954325864e-01,-4.520556344454924869e+01
7.239126666666666985e+09,-4.911583959126630816e-02,-4.540445085137462655e+01
7.239190000000000000e+09,1.308063786232551706e-01,-4.524839309509810903e+01
7.239253333333333015e+09,-1.028082252744084713e-01,-4.550587216093411769e+01
7.239316666666666985e+09,-1.802527520225538638e-02,-4.544495367280063647e+01
7.239380000000000000e+09,-2.165502350727877001e-02,-4.547244788304367091e+01
7.239443333333333015e+09,-1.394556819996495278e-02,-4.548860288967469501e+01
7.239506666666666985e+09,5.344316133422921666e-02,-4.544507862207917981e+01
7.239570000000000000e+09,-1.512257681095263706e-02,-4.553750882216236562e+01
7.239633333333333015e+09,2.574125517822523079e-02,-4.552050945211153277e+01
7.239696666666666985e+09,6.344357297984970501e-02,-4.550667159624858016e+01
7.239760000000000000e+09,7.577287627320572483e-03,-4.558640234353945431e+01
7.239823333333333015e+09,-9.337817182109375835e-02,-4.571122226492587259e+01
7.239886666666666985e+09,5.268413760765611187e-02,-4.558902441743580169e+01
7.239950000000000000e+09,7.903595471133684214e-02,-4.558653706227045888e+01
7.240013333333333015e+09,-6.405565695333592657e-02,-4.575349313587314271e+01
7.240076666666666985e+09,4.893259369583091711e-02,-4.566436934716264773e+01
7.240140000000000000e+09,-8.141937977109847679e-02,-4.581858578256792214e+01
7.240203333333333015e+09,9.100094766751709585e-02,-4.567002991706731052e+01
7.240266666666666985e+09,6.592625057947998357e-02,-4.571896907609402660e+01
7.240330000000000000e+09,8.059429397935957695e-02,-4.572816549463248492e+01
7.240393333333333015e+09,-4.337863873431047068e-03,-4.583696211442361346e+01
7.240456666666666985e+09,-7.356371638502423593e-02,-4.593005242887355166e+01
7.240520000000000000e+09,2.840491805424250060e-02,-4.585194825637262994e+01
7.240583333333333015e+09,-1.862076809531032495e-02,-4.592283840446052068e+01
7.240646666666666985e+09,-6.092136436100759056e-02,-4.598900346266455585e+01
7.240710000000000000e+09,-1.769121978973586806e-01,-4.612885875813925196e+01
7.240773333333333015e+09,-4.785872934225920972e-02,-4.602366975152249040e+01
7.240836666666666985e+09,-1.260236839538464437e-02,-4.601227785251396085e+01
7.240900000000000000e+09,4.516269760578950354e-03,-4.601902367629633517e+01
7.240963333333333015e+09,-7.246622680137448924e-02,-4.611987063479663362e+01
7.241026666666666985e+09,-2.575235185064883581e-02,-4.609702122178457984e+01
7.241090000000000000e+09,-1.685004815166735170e-02,-4.611198338002360941e+01
7.241153333333333015e+09,-5.571533433487019238e-02,-4.617471312814515016e+01
7.241216666666666985e+09,-1.434836379677975060e-01,-4.628634589371675645e+01
7.241280000000000000e+09,-3.404704814825976200e-02,-4.620077376583522266e+01
7.241343333333333015e+09,-3.413107843712737122e-02,-4.622472225806243529e+01
7.241406666666666985e+09,5.443735298362639696e-02,-4.616001828858035338e+01
7.241470000000000000e+09,2.468465119687124343e-02,-4.621363545230511960e+01
7.241533333333333015e+09,6.925669688389746170e-02,-4.619292786855643129e+01
7.241596666666666985e+09,3.798121135336174348e-02,-4.624806781602564598e+01
7.241660000000000000e+09,4.119242301194248057e-02,-4.626872106630540316e+01
7.241723333333333015e+09,-3.457306618507516305e-02,-4.636835101744043186e+01
7.241786666666666985e+09,-9.816623958336379019e-03,-4.636745903715236494e+01
7.241850000000000000e+09,2.663681492212077728e-02,-4.635487006021025280e+01
7.241913333333333015e+09,-2.813751350274884544e-02,-4.643350885057312638e+01
7.241976666666666985e+09,5.474029176230743587e-02,-4.637449550724674907e+01
7.242040000000000000e+09,3.619438102673200319e-02,-4.641690587992066241e+01
7.242103333333333015e+09,1.857539573686750600e-02,-4.645838932714853087e+01
7.242166666666666985e+09,-6.940003974460040581e-02,-4.657022922456867775e+01
7.242230000000000000e+09,-5.984563285438326830e-02,-4.658453927961679852e+01
7.242293333333333015e+09,1.571343244190614996e-02,-4.653284467625852017e+01
7.242356666666666985e+09,-3.320813648283404973e-02,-4.660563070712193934e+01
7.242420000000000000e+09,-2.222559761604259165e-02,-4.661851263019348579e+01
7.242483333333333015e+09,4.969997447642526822e-02,-4.657045152003935584e+01
7.242546666666666985e+09,-3.280043033419133280e-02,-4.667681638678831746e+01
7.242610000000000000e+09,1.146566837269347161e-02,-4.665641475001977767e+01
7.242673333333333015e+09,-3.691174768655258731e-02,-4.672865662801736164e+01
7.242736666666666985e+09,-4.012904317801258003e-02,-4.675573838544715954e+01
7.242800000000000000e+09,1.696745475495475830e-02,-4.672250634945253722e+01
7.242863333333333015e+09,-5.348918459328189101e-02,-4.681682745073911178e+01
7.242926666666666985e+09,5.571122561618579994e-02,-4.673149150246832306e+01
7.242990000000000000e+09,-6.403571173418498574e-02,-4.687510290175669780e+01
7.243053333333333015e+09,-6.781765886747592731e-02,-4.690274931082833376e+01
7.243116666666666985e+09,-6.921580131594851082e-02,-4.692801191521547821e+01
7.243180000000000000e+09,-9.630878459529412794e-02,-4.697896936043283489e+01
7.243243333333333015e+09,-3.669550959642720045e-03,-4.691019458873552139e+01
7.243306666666666985e+09,4.581431155238391284e-02,-4.688457518816217373e+01
7.243370000000000000e+09,-7.509635410877990580e-02,-4.702935031576134151e+01
7.243433333333333015e+09,-6.083968781863546837e-02,-4.703895811140954208e+01
7.243496666666666985e+09,-8.263743384436139650e-02,-4.708462031937393988e+01
7.243560000000000000e+09,9.326268838493945168e-02,-4.693258465908298405e+01
7.243623333333333015e+09,1.692229592974570096e-02,-4.703278951347618175e+01
7.243686666666666985e+09,-1.132642782363291190e-02,-4.708490269916823934e+01
7.243750000000000000e+09,-5.015563496287001044e-02,-4.714759636824581435e+01
7.243813333333333015e+09,-9.367101512225417537e-03,-4.713067229673318081e+01
7.243876666666666985e+09,-5.785775436902440561e-02,-4.720302741152865167e+01
7.243940000000000000e+09,8.530223053332974814e-02,-4.708373188856464253e+01
7.244003333333333015e+09,-4.725017562210354072e-02,-4.724014875665807978e+01
7.244066666666666985e+09,-1.048507068923143493e-01,-4.732161374986696245e+01
7.244130000000000000e+09,-4.512334410367913051e-02,-4.728575084901667225e+01
7.244193333333333015e+09,-1.488408387486970241e-01,-4.741333280559969410e+01
7.244256666666666985e+09,-5.576131572239262368e-02,-4.734411774451206867e+01
7.244320000000000000e+09,1.077704073587710809e-01,-4.720445048336924287e+01
7.244383333333333015e+09,-1.247520011928173744e-01,-4.746083735385917635e+01
7.244446666666666985e+09,-1.698792684047845114e-02,-4.737693774144518244e+01
7.244510000000000000e+09,-1.266746029007492780e-02,-4.739648173683311683e+01
7.244573333333333015e+09,4.694997445138682224e-02,-4.736072876402999299e+01
7.244636666666666985e+09,2.958858043214007694e-02,-4.740195461998758475e+01
7.244700000000000000e+09,-8.054914753986253118e-02,-4.753595680989792527e+01
7.244763333333333015e+09,-1.110748857756789221e-01,-4.759034701007208668e+01
7.244826666666666985e+09,-1.265084594002274798e-02,-4.751578743217510947e+01
7.244890000000000000e+09,9.947141883987598021e-02,-4.742752962933321470e+01
7.244953333333333015e+09,-1.582201691004314625e-02,-4.756668752702147174e+01
7.245016666666666985e+09,-2.492635228655615265e-03,-4.757722260727876318e+01
7.245080000000000000e+09,-2.214872466819173269e-02,-4.762074315865630325e+01
7.245143333333333015e+09,-1.280642148071251540e-01,-4.775052311073358169e+01
7.245206666666666985e+09,1.595068203488381187e-02,-4.763037267583024459e+01
7.245270000000000000e+09,-5.229399766331965793e-02,-4.772248181746645912e+01
7.245333333333333015e+09,-7.513271285826306212e-02,-4.776918499459974043e+01
7.245396666666666985e+09,1.034183114317102081e-01,-4.761449843224844614e+01
7.245460000000000000e+09,-5.704766507179215296e-02,-4.779882887068995245e+01
7.245523333333333015e+09,-8.986405085592252817e-02,-4.785550971841242074e+01
7.245586666666666985e+09,-9.010254421338714792e-02,-4.787961267370856433e+01
7.245650000000000000e+09,-5.640334099888377750e-02,-4.786977793243240598e+01
7.245713333333333015e+09,-4.910660441319691927e-02,-4.788634565778472307e+01
7.245776666666666985e+09,9.222199629844851643e-02,-4.776888151901175661e+01
7.245840000000000000e+09,5.485243963552477453e-02,-4.783011553761301826e+01
7.245903333333333015e+09,-1.119979699228963455e-01,-4.802083040910945044e+01
7.245966666666666985e+09,1.325405750201014143e-01,-4.780015632610512455e+01
7.246030000000000000e+09,-2.936703343680591161e-02,-4.798592839650037689e+01
7.246093333333333015e+09,3.152558067533561825e-02,-4.794890024432623932e+01
7.246156666666666985e+09,-2.916651832612870976e-02,-4.803345680526637551e+01
7.246220000000000000e+09,-5.838405798724721762e-02,-4.808653880686583904e+01
7.246283333333333015e+09,1.784672788985375291e-02,-4.803417248292708308e+01
7.246346666666666985e+09,-9.485236511329020459e-02,-4.817073603786856495e+01
7.246410000000000000e+09,-1.590562634657999297e-02,-4.811565376104019265e+01
7.246473333333333015e+09,4.799047806869793931e-02,-4.807562211856325973e+01
7.246536666666666985e+09,3.778054501155736489e-02,-4.810969651355873822e+01
7.246600000000000000e+09,5.093252537749748399e-02,-4.812040899513114312e+01
7.246663333333333015e+09,-7.857918869868996126e-02,-4.827378517114566847e+01
7.246726666666666985e+09,-1.961843425325326962e-02,-4.823868887863891075e+01
7.246790000000000000e+09,-1.558533846301912718e-02,-4.825852024478668056e+01
7.246853333333333015e+09,-1.150306473051188050e-02,-4.827830243299251833e+01
7.246916666666666985e+09,-6.840572222555607595e-02,-4.835906955242623440e+01
7.246980000000000000e+09,-1.517080264206072115e-02,-4.832969909478075010e+01
7.247043333333333015e+09,8.498426422379878886e-02,-4.825340848985322850e+01
7.247106666666666985e+09,-9.752215935496622023e-02,-4.845977937537067248e+01
7.247170000000000000e+09,-9.562872884160356080e-03,-4.839568455083787057e+01
7.247233333333333015e+09,-7.397039363245028198e-02,-4.848395653352450552e+01
7.247296666666666985e+09,-7.551136248343937041e-02,-4.850936196431416647e+01
7.247360000000000000e+09,-2.372392750933016714e-02,-4.848143899127806122e+01
7.247423333333333015e+09,-6.568680116819081150e-02,-4.854726632687526688e+01
7.247486666666666985e+09,-8.840720298429971535e-03,-4.851428470794418502e+01
7.247550000000000000e+09,-7.054504783749848684e-02,-4.859985349742159144e+01
7.247613333333333015e+09,3.553991658314714641e-03,-4.854961891986378220e+01
7.247676666666666985e+09,1.020102184235582854e-02,-4.856683635161842005e+01
7.247740000000000000e+09,-6.391467213548196469e-02,-4.866481650753459576e+01
7.247803333333333015e+09,1.200562347732159196e-02,-4.861276067385980326e+01
7.247866666666666985e+09,-1.363639239691707417e-01,-4.878499468324497457e+01
7.247930000000000000e+09,2.679160318029971677e-02,-4.864570361803384202e+01
7.247993333333333015e+09,1.776760170678670647e-02,-4.867859208144535899e+01
7.248056666666666985e+09,-1.052422759233451188e-01,-4.882546642101416978e+01
7.248120000000000000e+09,-1.418060298981771439e-02,-4.875826921001898739e+01
7.248183333333333015e+09,-1.486539455572852830e-01,-4.891660701452479287e+01
7.248246666666666985e+09,3.541680219495901838e-02,-4.875640072871088648e+01
7.248310000000000000e+09,-4.531055383986881679e-02,-4.886099254668405933e+01
7.248373333333333015e+09,4.758798370210115536e-02,-4.879195847108042727e+01
7.248436666666666985e+09,-6.289184677090275954e-02,-4.892630276349177620e+01
7.248500000000000000e+09,-8.956137558315901970e-02,-4.897683675424237038e+01
7.248563333333333015e+09,7.940387939986948140e-02,-4.883173596119768689e+01
7.248626666666666985e+09,-4.805216774436615879e-02,-4.898305647028026044e+01
7.248690000000000000e+09,-1.513273165276274312e-02,-4.897400149612700204e+01
7.248753333333333015e+09,7.258456492053255715e-03,-4.897547476992052395e+01
7.248816666666666985e+09,-9.107134506403724572e-02,-4.909766903341529343e+01
7.248880000000000000e+09,6.012198506640942242e-02,-4.897034016522285071e+01
7.248943333333333015e+09,-8.859868063827747164e-02,-4.914292529286588262e+01
7.249006666666666985e+09,-3.012481004745382052e-02,-4.910831588421373084e+01
7.249070000000000000e+09,-3.173960348008364463e-02,-4.913379513958437173e+01
7.249133333333333015e+09,-3.632178185479517651e-02,-4.916224177989742117e+01
7.249196666666666985e+09,-7.757362010892165927e-02,-4.922735808009022662e+01
7.249260000000000000e+09,4.967937112418496781e-03,-4.916868098480689042e+01
7.249323333333333015e+09,-7.146229603115017426e-02,-4.926897567988880411e+01
7.249386666666666985e+09,-1.835167217902267112e-02,-4.923972951797534847e+01
7.249450000000000000e+09,3.451573433416399439e-03,-4.924179073430125442e+01
7.249513333333333015e+09,4.212814205835968551e-03,-4.926489395546683880e+01
7.249576666666666985e+09,-1.919397519512244799e-02,-4.931216520680646909e+01
7.249640000000000000e+09,-2.791100074336583248e-02,-4.934474669429305749e+01
7.249703333333333015e+09,-8.078946898608307947e-02,-4.942148962447377869e+01
7.249766666666666985e+09,-2.880222911537799746e-02,-4.939336684654175258e+01
7.249830000000000000e+09,-3.366061438420331342e-02,-4.942208969374891581e+01
7.249893333333333015e+09,-5.980092363945033185e-02,-4.947209446494217389e+01
7.249956666666666985e+09,-6.327411374228830709e-02,-4.949943211698369083e+01
7.250020000000000000e+09,-1.484559754294068057e-01,-4.960847844060914724e+01
7.250083333333333015e+09,-4.313011032678559786e-02,-4.952701703744486394e+01
7.250146666666666985e+09,-1.800128712850295187e-01,-4.968776426034145288e+01
7.250210000000000000e+09,5.623009359833019971e-02,-4.947538575739643107e+01
7.250273333333333015e+09,-7.605403168142998993e-02,-4.963153434461453628e+01
7.250336666666666985e+09,-3.140301753358443193e-02,-4.961074779240502863e+01
7.250400000000000000e+09,-5.398871005937166956e-04,-4.960374912391038293e+01
7.250463333333333015e+09,6.683640670729573685e-03,-4.962039005807739755e+01
7.250526666666666985e+09,3.500214312812488515e-02,-4.961593601755834726e+01
7.250590000000000000e+09,-5.890257765391027078e-02,-4.973370520027872033e+01
7.250653333333333015e+09,-3.998354623456634727e-02,-4.973865063079772142e+01
7.250716666666666985e+09,-1.608116797194014680e-02,-4.973861271447376708e+01
7.250780000000000000e+09,-3.571536572228950490e-02,-4.978211137416212750e+01
7.250843333333333015e+09,-6.837020265879090175e-02,-4.983863067303696681e+01
7.250906666666666985e+09,-1.412122846919316999e-02,-4.980824616078604805e+01
7.250970000000000000e+09,7.742983629379551758e-02,-4.974055955796106332e+01
7.251033333333333015e+09,1.007572570752301999e-02,-4.983177813048567373e+01
7.251096666666666985e+09,2.742479014702325912e-02,-4.983829352798485246e+01
7.251160000000000000e+09,-1.893346912094102663e-01,-5.007891747127929705e+01
7.251223333333333015e+09,-7.699368644804138739e-02,-4.999044092845626608e+01
7.251286666666666985e+09,-2.270499635614697809e-02,-4.996001670030305064e+01
7.251350000000000000e+09,-7.743928885635398274e-02,-5.003861545474159556e+01
7.251413333333333015e+09,-1.243008777734431192e-01,-5.010934150559669575e+01
7.251476666666666985e+09,-1.514475867090681049e-02,-5.002404984843283131e+01
7.251540000000000000e+09,1.947897655321639832e-02,-5.001329057514705312e+01
7.251603333333333015e+09,1.934034181377342065e-02,-5.003729367182450005e+01
7.251666666666666985e+09,-6.267009263419254239e-02,-5.014316856821113788e+01
7.251730000000000000e+09,3.239554454381732285e-04,-5.010403898206985218e+01
7.251793333333333015e+09,7.602333746767442335e-03,-5.012062506570652687e+01
7.251856666666666985e+09,-1.578062203844652345e-01,-5.030989808177643852e+01
7.251920000000000000e+09,4.021065186728378649e-02,-5.013574567146302741e+01
7.251983333333333015e+09,-2.119067920474293487e-02,-5.022101146447339914e+01
7.252046666666666985e+09,-6.006584636879352956e-02,-5.028375109357578765e+01
7.252110000000000000e+09,-4.803172311915204773e-02,-5.029558143226449118e+01
7.252173333333333015e+09,-9.255413315028704346e-02,-5.036396830423396409e+01
7.252236666666666985e+09,-1.159077804740960005e-01,-5.041118641349611806e+01
7.252300000000000000e+09,-4.395349334095755012e-02,-5.036309658830131752e+01
7.252363333333333015e+09,1.705728385167617489e-01,-5.017243471838194324e+01
7.252426666666666985e+09,-3.783327311880668731e-02,-5.040470529195584959e+01
7.252490000000000000e+09,-1.222632555267466614e-02,-5.040296280632806258e+01
7.252553333333333015e+09,4.300391457073260426e-02,-5.037159702814299322e+01
7.252616666666666985e+09,2.976153299508155214e-02,-5.040870387165732325e+01
7.252680000000000000e+09,-1.285313978435738136e-01,-5.059086126443398257e+01
7.252743333333333015e+09,1.546489698700099780e-01,-5.033154535865874379e+01
7.252806666666666985e+09,-1.332100460583447443e-01,-5.064326883652577038e+01
7.252870000000000000e+09,-5.974739402915218989e-02,-5.059367064643458178e+01
7.252933333333333015e+09,-1.432509018857146543e-01,-5.070103861622948926e+01
7.252996666666666985e+09,2.732486635717634726e-02,-5.055432730992527723e+01
7.253060000000000000e+09,-6.477097878274662435e-02,-5.067028761700320416e+01
7.253123333333333015e+09,-6.936194475181167718e-02,-5.069874304491060713e+01
7.253186666666666985e+09,-1.411437257898739972e-02,-5.066735993467646182e+01
7.253250000000000000e+09,-1.161539785204723785e-02,-5.068872542188785957e+01
7.253313333333333015e+09,-6.345248590807983646e-02,-5.076442697188190323e+01
7.253376666666666985e+09,-7.630520050657452202e-02,-5.080114414841907688e+01
7.253440000000000000e+09,-7.251942626723462126e-03,-5.075595535247756374e+01
7.253503333333333015e+09,-8.184992174470551163e-03,-5.078075286396331478e+01
7.253566666666666985e+09,-2.674557524801457475e-02,-5.082317790897553778e+01
7.253630000000000000e+09,-3.309606343691484653e-02,-5.085339285910278306e+01
7.253693333333333015e+09,-7.551163345654288150e-02,-5.091967289106041505e+01
7.253756666666666985e+09,1.119731204072564879e-01,-5.075605259913528755e+01
7.253820000000000000e+09,5.793639643924564098e-02,-5.083395378504164341e+01
7.253883333333333015e+09,-6.116944351662567669e-02,-5.097692408693551869e+01
7.253946666666666985e+09,6.215087451600709301e-02,-5.087746823084156489e+01
7.254010000000000000e+09,6.896190271924496074e-02,-5.089452166457666493e+01
7.254073333333333015e+09,-1.137634348868985512e-01,-5.110111146412115346e+01
7.254136666666666985e+09,-1.219443122472227969e-01,-5.113315680341981562e+01
7.254200000000000000e+09,2.745824805231222854e-02,-5.100761870505862561e+01
7.254263333333333015e+09,-1.135238257663004902e-01,-5.117246524081557624e+01
7.254326666666666985e+09,-1.578574870561766375e-01,-5.124066336404379740e+01
7.254390000000000000e+09,4.867479781005101813e-03,-5.110180285914495357e+01
7.254453333333333015e+09,6.208063511287065239e-02,-5.106845416575143304e+01
7.254516666666666985e+09,-7.632817261971069911e-03,-5.116203208006494663e+01
7.254580000000000000e+09,2.328323677041055362e-02,-5.115498048797057606e+01
7.254643333333333015e+09,8.028694771077482528e-03,-5.119409949190824705e+01
7.254706666666666985e+09,-7.564418437384290428e-02,-5.130163683299184640e+01
7.254770000000000000e+09,-9.681550902991631347e-02,-5.134667261958592377e+01
7.254833333333333015e+09,-7.406783853467402423e-02,-5.134778941102902650e+01
7.254896666666666985e+09,8.526539521186293769e-02,-5.121232063922116140e+01
7.254960000000000000e+09,-1.051231934769703003e-02,-5.133196281571872532e+01
7.255023333333333015e+09,1.387033643513291281e-02,-5.133144462187424040e+01
7.255086666666666985e+09,-3.112893316917109132e-03,-5.137229231356496228e+01
7.255150000000000000e+09,-1.441759008647593987e-01,-5.153721978305114959e+01
7.255213333333333015e+09,-6.201995786739900041e-02,-5.147892830199179315e+01
7.255276666666666985e+09,-1.366714250977096867e-01,-5.157744423116078281e+01
7.255340000000000000e+09,-3.562935407914835650e-02,-5.150026662208055939e+01
7.255403333333333015e+09,-2.212227492747587121e-02,-5.151062400486689796e+01
7.255466666666666985e+09,-2.006726117377866103e-02,-5.153243345305187972e+01
7.255530000000000000e+09,-4.113010494301505560e-02,-5.157736075875945403e+01
7.255593333333333015e+09,-1.965710222436456434e-02,-5.157975221797880749e+01
7.255656666666666985e+09,-3.245455459313717483e-02,-5.161641413228625908e+01
7.255720000000000000e+09,-2.335051900922735513e-02,-5.163117455864068717e+01
7.255783333333333015e+09,-1.581029315882886976e-01,-5.178979143315775957e+01
7.255846666666666985e+09,3.106336466782977368e-02,-5.162448959884031296e+01
7.255910000000000000e+09,6.029033928006555243e-02,-5.161912708616642220e+01
7.255973333333333015e+09,9.964024608584765019e-02,-5.160364164129897802e+01
7.256036666666666985e+09,-1.353688949489395554e-02,-5.174068323881806464e+01
7.256100000000000000e+09,-6.954698204270925999e-02,-5.182055779330421785e+01
7.256163333333333015e+09,1.266974623359118368e-02,-5.176220552696626243e+01
7.256226666666666985e+09,-1.262219939049913364e-02,-5.181136193452869065e+01
7.256290000000000000e+09,-6.173688826819301312e-02,-5.188434108534472955e+01
7.256353333333333015e+09,-1.044269828224528851e-01,-5.195089564183732733e+01
7.256416666666666985e+09,2.561984908446390818e-03,-5.186777113604510703e+01
7.256480000000000000e+09,-8.858714017198110469e-02,-5.198278472306353848e+01
7.256543333333333015e+09,-1.725406173314780744e-02,-5.193531610656304309e+01
7.256606666666666985e+09,6.614236227989067629e-02,-5.187578414448868358e+01
7.256670000000000000e+09,-4.680204512747110357e-02,-5.201259301383405642e+01
7.256733333333333015e+09,-9.032418984659074113e-02,-5.207997962049151397e+01
7.256796666666666985e+09,-1.574387819885458839e-02,-5.202926377078245679e+01
7.256860000000000000e+09,-6.864457312904193031e-02,-5.210602892765064809e+01
7.256923333333333015e+09,-2.593080355764243450e-02,-5.208717962001759361e+01
7.256986666666666985e+09,-2.193809365668641931e-02,-5.210705137205530946e+01
7.257050000000000000e+09,-1.516835082279257563e-01,-5.226066124856455275e+01
7.257113333333333015e+09,1.319677628026951766e-01,-5.200087443947227683e+01
7.257176666666666985e+09,-1.071807112049825150e-01,-5.226388737541862639e+01
7.257240000000000000e+09,1.634128485833912237e-01,-5.201715827756859767e+01
7.257303333333333015e+09,2.591339161943295721e-02,-5.217852219647055989e+01
7.257366666666666985e+09,-2.955580772287902391e-02,-5.225785585775155084e+01
7.257430000000000000e+09,-4.529423646587815711e-02,-5.229745874843288789e+01
7.257493333333333015e+09,-1.870570913212077357e-03,-5.227789954481823287e+01
7.257556666666666985e+09,-9.772655249787476350e-02,-5.239761998834156742e+01
7.257620000000000000e+09,-3.705586434831076303e-02,-5.236081376213034844e+01
7.257683333333333015e+09,-5.466989143101841364e-03,-5.235308934886314347e+01
7.257746666666666985e+09,-2.194778386888884825e-02,-5.239343460552760945e+01
7.257810000000000000e+09,5.784513863840601289e-02,-5.233750614495865250e+01
7.257873333333333015e+09,-6.223076775521718673e-02,-5.248144651329062071e+01
7.257936666666666985e+09,1.000304842697374852e-02,-5.243307715904676769e+01
7.258000000000000000e+09,-2.581818925821721677e-02,-5.249276285867030367e+01
7.258063333333333015e+09,1.037657913334300019e-02,-5.248043255221708137e+01
7.258126666666666985e+09,-8.330870167067416787e-02,-5.259798229495944355e+01
7.258190000000000000e+09,-1.166236299065559479e-01,-5.265516168513366324e+01
7.258253333333333015e+09,7.931061847941123233e-03,-5.255447145531751119e+01
7.258316666666666985e+09,-5.488886742396914542e-02,-5.264115584652809332e+01
7.258380000000000000e+09,-6.606573067544019295e-02,-5.267619717171756832e+01
7.258443333333333015e+09,-8.858016288768766344e-02,-5.272257606586816081e+01
7.258506666666666985e+09,-7.136814770444743772e-02,-5.272922851262359956e+01
7.258570000000000000e+09,-1.686484457816561644e-02,-5.269858967143532169e+01
7.258633333333333015e+09,-9.724787494143072308e-03,-5.271531407628963706e+01
7.258696666666666985e+09,5.561082320024013370e-02,-5.267384292753393282e+01
7.258760000000000000e+09,-1.596396304972103053e-02,-5.276928217572190505e+01
7.258823333333333015e+09,-1.290329086098296330e-01,-5.290621558322035156e+01
7.258886666666666985e+09,-5.286121961140111125e-02,-5.285390835616060201e+01
7.258950000000000000e+09,-6.950182833926987769e-02,-5.289441342682647473e+01
7.259013333333333015e+09,-7.716013576960278897e-03,-5.285649207400250305e+01
7.259076666666666985e+09,-1.597210666643391619e-01,-5.303236158902856090e+01
7.259140000000000000e+09,-2.230228048337394853e-01,-5.311952778913630624e+01
7.259203333333333015e+09,-5.043222022934656934e-02,-5.297080166646991728e+01
7.259266666666666985e+09,-4.355829710912928476e-02,-5.298779220528837186e+01
7.259330000000000000e+09,-4.670746807401116030e-02,-5.301480583819159875e+01
7.259393333333333015e+09,3.655525941344706098e-02,-5.295540757264214449e+01
7.259456666666666985e+09,-4.928404395450058928e-02,-5.306511133794877111e+01
7.259520000000000000e+09,-8.601355534896271138e-02,-5.312570531128157114e+01
7.259583333333333015e+09,-7.234655692881375444e-02,-5.313590277479943325e+01
7.259646666666666985e+09,-5.892996403631656221e-02,-5.314635064384560792e+01
7.259710000000000000e+09,-1.648182770038530975e-01,-5.327610341875148947e+01
7.259773333333333015e+09,6.951387574481771026e-03,-5.312819821611149251e+01
7.259836666666666985e+09,-3.557673526141513776e-02,-5.319459080088573444e+01
7.259900000000000000e+09,-7.010608476060298244e-02,-5.325298461232326019e+01
7.259963333333333015e+09,5.020618755639105757e-02,-5.315653680194461117e+01
7.260026666666666985e+09,2.431080170264721119e-02,-5.320629664973669293e+01
7.260090000000000000e+09,-8.294928785694821727e-03,-5.326276684216337998e+01
7.260153333333333015e+09,-5.309055000135742830e-02,-5.333142692531738049e+01
7.260216666666666985e+09,-1.816669431818738190e-01,-5.348386778043623480e+01
7.260280000000000000e+09,-1.681616463859541000e-01,-5.349422694557866009e+01
7.260343333333333015e+09,-1.204065233414368663e-01,-5.347033628447248788e+01
7.260406666666666985e+09,-1.628905328047736134e-01,-5.353668475587449649e+01
7.260470000000000000e+09,3.035129713002504559e-02,-5.336730738787770179e+01
7.260533333333333015e+09,-2.136545357002717083e-01,-5.363517768264634356e+01
7.260596666666666985e+09,-1.869245214457322390e-01,-5.363231213033047595e+01
7.260660000000000000e+09,-6.421213112605528295e-02,-5.353346420194881006e+01
7.260723333333333015e+09,-1.265965094122094570e-01,-5.361971304217330214e+01
7.260786666666666985e+09,-1.428419851460631662e-01,-5.365982297984583482e+01
7.260850000000000000e+09,-2.070377784595152093e-01,-5.374788323509729082e+01
7.260913333333333015e+09,-4.987765825491408123e-02,-5.361458757683103471e+01
7.260976666666666985e+09,-1.126126856306086665e-02,-5.359983564907786047e+01
7.261040000000000000e+09,-1.688740834753659215e-01,-5.378131292592850343e+01
7.261103333333333015e+09,-2.108957718147692617e-01,-5.384719907620591073e+01
7.261166666666666985e+09,4.157090760978121580e-02,-5.361859685872003922e+01
7.261230000000000000e+09,-1.487838953931159836e-01,-5.383281612366127433e+01
7.261293333333333015e+09,-5.128283387124099590e-02,-5.375917952407741041e+01
7.261356666666666985e+09,-1.181881607890744590e-01,-5.384994931293391573e+01
7.261420000000000000e+09,-2.163850421550819192e-01,-5.397201065623826821e+01
7.261483333333333015e+09,-2.345978143126288273e-01,-5.401408789033381908e+01
7.261546666666666985e+09,-2.404406799892058189e-01,-5.404379521794907504e+01
7.261610000000000000e+09,-2.362016127281805211e-01,-5.406342061262638765e+01
7.261673333333333015e+09,-2.251464867320649432e-01,-5.407622994856861709e+01
7.261736666666666985e+09,-3.966445555541113777e-01,-5.427159247932900143e+01
7.261800000000000000e+09,-1.591928516061855703e-01,-5.405800523731942064e+01
7.261863333333333015e+09,-4.405611982816921568e-01,-5.436323804593326514e+01
7.261926666666666985e+09,-3.150314464919432567e-01,-5.426157275608186126e+01
7.261990000000000000e+09,-1.751470670087797998e-01,-5.414555283853703571e+01
7.262053333333333015e+09,4.927768201046092145e-01,-5.350149341336198461e+01
7.262116666666666985e+09,3.681471591908973551e-01,-5.364998753621404148e+01
7.262180000000000000e+09,2.234475893305400973e-01,-5.381855156801274376e+01
7.262243333333333015e+09,3.265726178805934410e-01,-5.373929100140102832e+01
7.262306666666666985e+09,1.949061171660986247e-01,-5.389482196405420211e+01
7.262370000000000000e+09,2.181501891610722055e-01,-5.389544235399723249e+01
7.262433333333333015e+09,2.207221499252014496e-01,-5.391673485517144826e+01
7.262496666666666985e+09,9.910485126482626583e-02,-5.406221661577049531e+01
7.262560000000000000e+09,2.084477265171642557e-01,-5.397673820245616128e+01
7.262623333333333015e+09,8.249137759249691726e-02,-5.412655901331917363e+01
7.262686666666666985e+09,3.498278616212502357e-02,-5.419793206668821739e+01
7.262750000000000000e+09,1.974064456560782332e-01,-5.405937286913227524e+01
7.262813333333333015e+09,1.739553614924034264e-01,-5.410668841523428796e+01
7.262876666666666985e+09,7.289777524377427653e-02,-5.423161046342159608e+01
7.262940000000000000e+09,1.086659867794779188e-01,-5.421970671382423035e+01
7.263003333333333015e+09,2.183123657736985024e-03,-5.435005403888398234e+01
7.263066666666666985e+09,5.309461052866026876e-02,-5.432300701395173803e+01
7.263130000000000000e+09,-5.138658081023095292e-03,-5.440510474449975931e+01
7.263193333333333015e+09,1.752878818164163022e-01,-5.424854266654032386e+01
7.263256666666666985e+09,6.105630675056517020e-02,-5.438663870354485397e+01
7.263320000000000000e+09,-1.105756006565172811e-02,-5.448261703229941588e+01
7.263383333333333015e+09,2.647132521840234176e-02,-5.446895260895336577e+01
7.263446666666666985e+09,-5.379446953256206143e-03,-5.452466784306369618e+01
7.263510000000000000e+09,3.833501503456204773e-02,-5.450481784301422294e+01
7.263573333333333015e+09,7.785689493787373294e-02,-5.448916042504924917e+01
7.263636666666666985e+09,8.936351578810786123e-03,-5.458194543034665003e+01
7.263700000000000000e+09,9.248117856691351335e-02,-5.452226506529689232e+01
7.263763333333333015e+09,4.634007378612636785e-02,-5.459227063201602448e+01
7.263826666666666985e+09,3.362198302082930468e-02,-5.462885318471965945e+01
7.263890000000000000e+09,3.860392392365952219e-02,-5.464773570575516715e+01
7.263953333333333015e+09,4.932822874512510225e-02,-5.466087586287204658e+01
7.264016666666666985e+09,-5.370036613241779833e-02,-5.478776891968793450e+01
7.264080000000000000e+09,2.369504801027488838e-02,-5.473423796748357972e+01
7.264143333333333015e+09,-2.316013586427345672e-02,-5.480495761329646598e+01
7.264206666666666985e+09,8.697182046965679092e-02,-5.471869011890121470e+01
7.264270000000000000e+09,1.619177954968833433e-01,-5.466760860581199921e+01
7.264333333333333015e+09,1.080444712623318537e-02,-5.484258641612098728e+01
7.264396666666666985e+09,5.304446642490745489e-03,-5.487195087854340869e+01
7.264460000000000000e+09,3.874529261992165630e-03,-5.489724525786191123e+01
7.264523333333333015e+09,1.139949455577067283e-01,-5.481098930350454168e+01
7.264586666666666985e+09,-1.677962004251298822e-03,-5.495052667300517157e+01
7.264650000000000000e+09,-5.544848113884626173e-02,-5.502816165407777049e+01
7.264713333333333015e+09,9.445428960249557804e-02,-5.490212334527477367e+01
7.264776666666666985e+09,5.203119517253185222e-02,-5.496841090164340926e+01
7.264840000000000000e+09,-8.143954680476639396e-02,-5.512574610555905252e+01
7.264903333333333015e+09,-5.920132515415588159e-02,-5.512737234584644597e+01
7.264966666666666985e+09,9.898555962379873563e-03,-5.508213692666858918e+01
7.265030000000000000e+09,-6.931520121386824940e-02,-5.518521514578317522e+01
7.265093333333333015e+09,-8.310281341827874257e-03,-5.514807468784913880e+01
7.265156666666666985e+09,-1.282041453926368035e-01,-5.529183301383863380e+01
7.265220000000000000e+09,-1.518427748565187585e-02,-5.520267760786997968e+01
7.265283333333333015e+09,2.488312105342060931e-03,-5.520886948021699681e+01
7.265346666666666985e+09,-8.137296227695856032e-02,-5.531659521653797640e+01
7.265410000000000000e+09,3.978608985789833241e-02,-5.521930062634145742e+01
7.265473333333333015e+09,8.576348836979263979e-02,-5.519718768976790102e+01
7.265536666666666985e+09,2.011632631136706095e-02,-5.528669931376467161e+01
7.265600000000000000e+09,-2.186104293650004138e-02,-5.535254114495088373e+01
7.265663333333333015e+09,-3.079763965089199473e-02,-5.538534220360361360e+01
7.265726666666666985e+09,5.027558558783340459e-02,-5.532813344030322611e+01
7.265790000000000000e+09,1.375712798707837692e-01,-5.526470220795862076e+01
7.265853333333333015e+09,-7.238463443428599930e-04,-5.542686179611209241e+01
7.265916666666666985e+09,-6.667604370205282294e-02,-5.551667845540814028e+01
7.265980000000000000e+09,-1.992546182239607333e-02,-5.549379233546682144e+01
7.266043333333333015e+09,-4.501115100904939936e-02,-5.554274248659181978e+01
7.266106666666666985e+09,-8.436826024057353379e-02,-5.560596405776201578e+01
7.266170000000000000e+09,-6.866080411776920300e-02,-5.561412106357722251e+01
7.266233333333333015e+09,1.205046426161473505e-01,-5.544882007878164387e+01
7.266296666666666985e+09,-5.807279674876042463e-02,-5.565126198008523062e+01
7.266360000000000000e+09,5.827775181224126300e-02,-5.555877589346223999e+01
7.266423333333333015e+09,6.291575969830631720e-02,-5.557800234751451285e+01
7.266486666666666985e+09,-7.705466062989785314e-02,-5.574183722978139599e+01
7.266550000000000000e+09,-4.991740196174987432e-02,-5.573856443305125197e+01
7.266613333333333015e+09,7.858492214317180924e-02,-5.563392657088467530e+01
7.266676666666666985e+09,-3.045032861134444602e-02,-5.576682628357786342e+01
7.266740000000000000e+09,-5.719816158042334564e-02,-5.581743857848528734e+01
7.266803333333333015e+09,4.242503603592240324e-03,-5.577986237523927571e+01
7.266866666666666985e+09,-1.323586271129997272e-01,-5.594032796789453954e+01
7.266930000000000000e+09,6.882536517134951737e-02,-5.576300843754853531e+01
7.266993333333333015e+09,-3.860963659796112779e-02,-5.589430790125584991e+01
7.267056666666666985e+09,-3.437369046135074768e-02,-5.591393641705791140e+01
7.267120000000000000e+09,1.382847997347624869e-02,-5.588959870856142942e+01
7.267183333333333015e+09,3.787237471422599810e-02,-5.588941927575868363e+01
7.267246666666666985e+09,-6.419745272816612669e-02,-5.601535356513975472e+01
7.267310000000000000e+09,-8.884238359087248682e-03,-5.598390481270901375e+01
7.267373333333333015e+09,9.792282928093243299e-02,-5.590096220700700513e+01
7.267436666666666985e+09,-2.064245512632112423e-02,-5.604339195335293766e+01
7.267500000000000000e+09,2.934182028496934436e-02,-5.601727213987998510e+01
7.267563333333333015e+09,1.525229042578288841e-01,-5.591795551784546348e+01
7.267626666666666985e+09,1.174619122359388257e-03,-5.609316826491927799e+01
7.267690000000000000e+09,4.911644149508731516e-02,-5.606909090448489508e+01
7.267753333333333015e+09,9.834175194291105981e-02,-5.604373005597540924e+01
7.267816666666666985e+09,-8.583359638877396947e-02,-5.625176986624543218e+01
7.267880000000000000e+09,-1.515752748361620661e-02,-5.620495825927861944e+01
7.267943333333333015e+09,8.091387315732134766e-02,-5.613275132057602690e+01
7.268006666666666985e+09,6.857065645263560327e-03,-5.623067259002675655e+01
7.268070000000000000e+09,-4.814354138652987558e-02,-5.630953765899655394e+01
7.268133333333333015e+09,-9.819196902048332731e-02,-5.638345054856885241e+01
7.268196666666666985e+09,2.216963369286872876e-02,-5.628695340779417222e+01
7.268260000000000000e+09,1.183903396822856280e-01,-5.621459716374276638e+01
7.268323333333333015e+09,1.370300459389994785e-02,-5.634314896076948997e+01
7.268386666666666985e+09,9.505511084999085369e-02,-5.628566131645207804e+01
7.268450000000000000e+09,-6.225703339752186594e-02,-5.646683792263760182e+01
7.268513333333333015e+09,9.554106145159835251e-03,-5.641889124503325803e+01
7.268576666666666985e+09,1.748913098452788972e-01,-5.627741850327181794e+01
7.268640000000000000e+09,-2.561909371293324966e-02,-5.650179336876836800e+01
7.268703333333333015e+09,-6.837180137513598766e-02,-5.656841053836857469e+01
7.268766666666666985e+09,-8.881481053100515055e-02,-5.661271800946312283e+01
7.268830000000000000e+09,-3.761642930389541561e-02,-5.658538409017435811e+01
7.268893333333333015e+09,1.455837344584836046e-01,-5.642604838834998304e+01
7.268956666666666985e+09,1.574287375875371708e-02,-5.657975371098838480e+01
7.269020000000000000e+09,-8.388190567495712457e-02,-5.670324295236044065e+01
7.269083333333333015e+09,1.170264220548489220e-02,-5.663152286641800259e+01
7.269146666666666985e+09,-1.094262292457699459e-01,-5.677651619980792930e+01
7.269210000000000000e+09,7.085074495434184882e-02,-5.662010368754616252e+01
7.269273333333333015e+09,-8.179406876796946335e-02,-5.679661296320647779e+01
7.269336666666666985e+09,-6.484536287414499611e-02,-5.680352871925133229e+01
7.269400000000000000e+09,-1.115717465407328746e-02,-5.677370499296959849e+01
7.269463333333333015e+09,2.069764512130944922e-02,-5.676571463513256077e+01
7.269526666666666985e+09,-9.869196307426619796e-02,-5.690896870526648144e+01
7.269590000000000000e+09,1.347667763852840039e-01,-5.669937442774526914e+01
7.269653333333333015e+09,-3.182939060958744903e-02,-5.688983505667847851e+01
7.269716666666666985e+09,-7.670147662940962618e-02,-5.695857160463664570e+01
7.269780000000000000e+09,-1.991911753387398676e-02,-5.692565370747945508e+01
7.269843333333333015e+09,-4.678896579608249340e-02,-5.697638801768000150e+01
7.269906666666666985e+09,-8.918352413227381703e-02,-5.704264703795487179e+01
7.269970000000000000e+09,-5.217178946301714859e-02,-5.702949976522361908e+01
7.270033333333333015e+09,4.991300783103724825e-03,-5.699620113691584322e+01
7.270096666666666985e+09,-7.244119823861439045e-02,-5.709749809787623320e+01
7.270160000000000000e+09,-2.751350125633678090e-02,-5.707643486283195955e+01
7.270223333333333015e+09,-5.394740462755009958e-02,-5.712673322814151788e+01
7.270286666666666985e+09,-5.426174358753144134e-03,-5.710207645981139279e+01
7.270350000000000000e+09,7.752178803934839380e-02,-5.704299295935130232e+01
7.270413333333333015e+09,-1.022330152747912280e-01,-5.724661222460377985e+01
7.270476666666666985e+09,-2.428607328453580294e-02,-5.719252974455220340e+01
7.270540000000000000e+09,-5.693723698033892333e-02,-5.724904537018601047e+01
7.270603333333333015e+09,7.525146642868207891e-02,-5.714072112871532738e+01
7.270666666666666985e+09,-5.368199680333418655e-06,-5.723984242528237587e+01
7.270730000000000000e+09,2.346338872857955948e-02,-5.724023813029244678e+01
7.270793333333333015e+09,-7.780102035360414447e-02,-5.736536700131264155e+01
7.270856666666666985e+09,-9.417270341565853187e-02,-5.740560314631337491e+01
7.270920000000000000e+09,1.731825597440206366e-02,-5.731797664886165222e+01
7.270983333333333015e+09,-9.510704601876796005e-02,-5.745426641279283331e+01
7.271046666666666985e+09,-1.247323588786670712e-01,-5.750775618759140428e+01
7.271110000000000000e+09,-1.119152971747325864e-01,-5.751880358782581482e+01
7.271173333333333015e+09,-1.303221776063381299e-01,-5.756107493019542432e+01
7.271236666666666985e+09,-2.594797056006825642e-02,-5.748056518508782631e+01
7.271300000000000000e+09,-7.524890727587063566e-02,-5.755373058374197370e+01
7.271363333333333015e+09,-1.395776096766780938e-01,-5.764192374808112618e+01
7.271426666666666985e+09,4.980413743981415564e-02,-5.747640646290297184e+01
7.271490000000000000e+09,-2.190962365802562317e-02,-5.757198468593914953e+01
7.271553333333333015e+09,-1.666296623372431895e-02,-5.759060249045319324e+01
7.271616666666666985e+09,-1.034030146759619129e-01,-5.770120700083377585e+01
7.271680000000000000e+09,5.978883811865642883e-02,-5.756187960997749542e+01
7.271743333333333015e+09,-1.107936332748948871e-02,-5.765661227336197925e+01
7.271806666666666985e+09,9.107566575516301555e-02,-5.757832170621800572e+01
7.271870000000000000e+09,2.645818857935466895e-03,-5.769061601505324433e+01
7.271933333333333015e+09,-8.097465050870056302e-02,-5.779810094635821827e+01
7.271996666666666985e+09,-3.250057101219283595e-02,-5.777349132880038951e+01
7.272060000000000000e+09,-3.664172538037036020e-02,-5.780149694510657099e+01
7.272123333333333015e+09,-1.454748127705514094e-01,-5.793419449443509706e+01
7.272186666666666985e+09,-6.591056128165462269e-02,-5.787849470488487214e+01
7.272250000000000000e+09,1.978935097579892499e-02,-5.781665925456542254e+01
7.272313333333333015e+09,-9.858634195231275044e-02,-5.795889940943187923e+01
7.272376666666666985e+09,-2.087385128112373422e-02,-5.790505138069936208e+01
7.272440000000000000e+09,1.149063243445525018e-01,-5.779313566701168980e+01
7.272503333333333015e+09,1.136259701294051183e-02,-5.792054385628164681e+01
7.272566666666666985e+09,2.985338402347537112e-02,-5.792591753120978382e+01
7.272630000000000000e+09,5.848526713494806017e-02,-5.792115011003665614e+01
7.272693333333333015e+09,-4.760556489596723395e-02,-5.805110540400557539e+01
7.272756666666666985e+09,-1.801455262793183465e-02,-5.804537885367621897e+01
7.272820000000000000e+09,7.052954828925805941e-02,-5.798069921469736698e+01
7.272883333333333015e+09,9.716569938296260034e-02,-5.797792752554167350e+01
7.272946666666666985e+09,-2.662426468405243440e-02,-5.812558195154736751e+01
7.273010000000000000e+09,6.139742780342771766e-02,-5.806142472099822527e+01
7.273073333333333015e+09,8.461095399798068684e-02,-5.806207565674168336e+01
7.273136666666666985e+09,-4.339618611668782933e-02,-5.821394725879502374e+01
7.273200000000000000e+09,-1.341827820761736234e-01,-5.832859831669285455e+01
7.273263333333333015e+09,-6.384580884863311212e-02,-5.828212580540365195e+01
7.273326666666666985e+09,5.776836722172618011e-02,-5.818437609127163057e+01
7.273390000000000000e+09,4.508734754274712486e-03,-5.826150018567742705e+01
7.273453333333333015e+09,-7.593260090332165646e-02,-5.836580598327336844e+01
7.273516666666666985e+09,3.636903032015936788e-02,-5.827736881398822533e+01
7.273580000000000000e+09,5.537809689165840155e-02,-5.828222420935506420e+01
7.273643333333333015e+09,3.151387762750346155e-02,-5.832995289055756416e+01
7.273706666666666985e+09,-4.080501645902501195e-02,-5.842613624658243765e+01
7.273770000000000000e+09,-5.335096864764210522e-02,-5.846254666070939265e+01
7.273833333333333015e+09,4.281611395764883810e-02,-5.839024404004243962e+01
7.273896666666666985e+09,-1.120996651258820975e-02,-5.846813458245135564e+01
7.273960000000000000e+09,1.733668454278358695e-02,-5.846345239333399491e+01
7.274023333333333015e+09,4.254580596408885640e-02,-5.846210773385102755e+01
7.274086666666666985e+09,-9.334822961049837886e-02,-5.862186623136429375e+01
7.274150000000000000e+09,-4.281479593080206314e-02,-5.859519725962260139e+01
7.274213333333333015e+09,-2.333609246072398946e-02,-5.859958301809086123e+01
7.274276666666666985e+09,3.020483808119678315e-02,-5.856990654948761943e+01
7.274340000000000000e+09,-4.495750995052816279e-02,-5.866893335945734833e+01
7.274403333333333015e+09,1.558770912880902415e-02,-5.863225260231635616e+01
7.274466666666666985e+09,-1.533081685915789194e-01,-5.882501294197541597e+01
7.274530000000000000e+09,-7.000637946143228874e-02,-5.876557561478361436e+01
7.274593333333333015e+09,6.630638271317224053e-02,-5.865312731454701378e+01
7.274656666666666985e+09,-4.624153884991244468e-02,-5.878953969804877033e+01
7.274720000000000000e+09,-4.467466689087018494e-02,-5.881183728802807309e+01
7.274783333333333015e+09,-1.064329574112292676e-01,-5.889746004048643613e+01
7.274846666666666985e+09,-7.357457274586209905e-02,-5.888846611775974793e+01
7.274910000000000000e+09,-3.993273759730442407e-02,-5.887868874454952817e+01
7.274973333333333015e+09,-4.102174443040951246e-02,-5.890364221332064432e+01
7.275036666666666985e+09,-9.444274137086949850e-02,-5.898092767219978327e+01
7.275100000000000000e+09,4.260090924724835304e-02,-5.886774848352000333e+01
7.275163333333333015e+09,8.860853379620436954e-02,-5.884560532090938523e+01
7.275226666666666985e+09,2.415489265239045835e-02,-5.893392342399154415e+01
7.275290000000000000e+09,9.897477192032511084e-02,-5.888296800666195452e+01
7.275353333333333015e+09,6.882003954425641723e-02,-5.893698720097636112e+01
7.275416666666666985e+09,-6.479169022857433902e-02,-5.909446339268752979e+01
7.275480000000000000e+09,-6.985609403508163950e-02,-5.912339225843238211e+01
7.275543333333333015e+09,-4.970386126053938369e-02,-5.912710448759618487e+01
7.275606666666666985e+09,-1.165887564408052413e-02,-5.911292396391806392e+01
7.275670000000000000e+09,1.016091982870932497e-01,-5.902352035192522806e+01
7.275733333333333015e+09,-6.099243537232013068e-02,-5.920998644752298645e+01
7.275796666666666985e+09,1.258106601287778403e-02,-5.916027740807646040e+01
7.275860000000000000e+09,1.184182498739474454e-01,-5.907830468615340180e+01
7.275923333333333015e+09,1.001217314418880733e-01,-5.912046566652379909e+01
7.275986666666666985e+09,1.872011836283462571e-01,-5.905725067627601987e+01
7.276050000000000000e+09,1.191239748911243623e-02,-5.925640392435325765e+01
7.276113333333333015e+09,-3.507533039915955442e-02,-5.932725611417986755e+01
7.276176666666666985e+09,3.769253007796180555e-03,-5.931227599271159789e+01
7.276240000000000000e+09,-2.954119227523221980e-02,-5.936945089993263025e+01
7.276303333333333015e+09,-2.965079870037357068e-03,-5.936673924946577330e+01
7.276366666666666985e+09,2.345675039322969724e-02,-5.936418188114118522e+01
7.276430000000000000e+09,5.552218068780234717e-02,-5.935598091278495048e+01
7.276493333333333015e+09,5.040347075794926468e-02,-5.938496408465281462e+01
7.276556666666666985e+09,-2.970924395466312262e-02,-5.948894126130409887e+01
7.276620000000000000e+09,-4.962375571844290789e-02,-5.953272023500622367e+01
7.276683333333333015e+09,-1.549097570446633654e-02,-5.952245191693025106e+01
7.276746666666666985e+09,1.188694809871293501e-02,-5.951893845506574365e+01
7.276810000000000000e+09,-3.601723196900508128e-02,-5.959070709707180669e+01
7.276873333333333015e+09,-1.452150983090092495e-01,-5.972376942534981481e+01
7.276936666666666985e+09,-3.998118858496724215e-02,-5.964239997756445177e+01
7.277000000000000000e+09,-5.831248935646726750e-02,-5.968459574027428971e+01
7.277063333333333015e+09,1.053077845179331007e-01,-5.954483992833823436e+01
7.277126666666666985e+09,-4.555666262189106419e-02,-5.971956883741640354e+01
7.277190000000000000e+09,-3.896240026836039760e-02,-5.973683903700121078e+01
7.277253333333333015e+09,3.841059265824497970e-02,-5.968333050601294332e+01
7.277316666666666985e+09,-5.358850603618492414e-02,-5.979919406664571824e+01
7.277380000000000000e+09,-5.713247542868060691e-02,-5.982660249797655894e+01
7.277443333333333015e+09,4.392668548249645255e-02,-5.974940779900371979e+01
7.277506666666666985e+09,2.441177910903746806e-02,-5.979278716731551668e+01
7.277570000000000000e+09,-6.245742917001706473e-02,-5.990352083753291623e+01
7.277633333333333015e+09,5.192018194443903667e-02,-5.981300768835680515e+01
7.277696666666666985e+09,-2.290150976889293588e-02,-5.991169384200880899e+01
7.277760000000000000e+09,-5.631292170804158559e-03,-5.991828808634872416e+01
7.277823333333333015e+09,2.082099978935048057e-02,-5.991570025632691454e+01
7.277886666666666985e+09,-8.682936058105639177e-02,-6.004721507863599328e+01
7.277950000000000000e+09,-3.192498717049829793e-02,-6.001617516716343914e+01
7.278013333333333015e+09,-9.246329112370688108e-02,-6.010057793305499274e+01
7.278076666666666985e+09,-9.552106205325827659e-02,-6.012750016592321600e+01
7.278140000000000000e+09,-3.623552979019706299e-02,-6.009207909559816585e+01
7.278203333333333015e+09,-8.215469256832363953e-02,-6.016186272031463034e+01
7.278266666666666985e+09,5.181306464800172762e-02,-6.005175942503698394e+01
7.278330000000000000e+09,-2.362324041885699444e-02,-6.015106019204218057e+01
7.278393333333333015e+09,2.217719228139714005e-02,-6.012912422127993750e+01
7.278456666666666985e+09,-9.874441324052440905e-02,-6.027391028874053802e+01
7.278520000000000000e+09,2.391462952914480411e-02,-6.017511570790920672e+01
7.278583333333333015e+09,4.584636226248051116e-03,-6.021831016315011453e+01
7.278646666666666985e+09,7.207461690073557747e-02,-6.017468464441429887e+01
7.278710000000000000e+09,-4.780283488159398075e-04,-6.027110175160219541e+01
7.278773333333333015e+09,-1.468234731511302016e-01,-6.044131165834251362e+01
7.278836666666666985e+09,-1.783972520514964799e-02,-6.033619237233520494e+01
7.278900000000000000e+09,2.141326729879722279e-02,-6.032080384176960308e+01
7.278963333333333015e+09,1.918372370597865029e-02,-6.034689784730076667e+01
7.279026666666666985e+09,8.209449271938495940e-02,-6.030785154022569827e+01
7.279090000000000000e+09,-7.144357684410351794e-03,-6.042095485256783149e+01
7.279153333333333015e+09,-1.610981519601750733e-02,-6.045378477201778367e+01
7.279216666666666985e+09,3.795516286402289552e-04,-6.046115986713147095e+01
7.279280000000000000e+09,4.142703713869622106e-02,-6.044397684355975287e+01
7.279343333333333015e+09,-8.783322683619587679e-03,-6.051805166532040658e+01
7.279406666666666985e+09,-3.170766832303684168e-02,-6.056484047289816885e+01
7.279470000000000000e+09,-1.290512916767028173e-02,-6.056990239568114731e+01
7.279533333333333015e+09,-1.214797929415141198e-01,-6.070234152139332906e+01
7.279596666666666985e+09,-1.082263807433818670e-01,-6.071295257113387578e+01
7.279660000000000000e+09,-1.091743629558550310e-03,-6.062968239595805642e+01
7.279723333333333015e+09,-9.191533266477591724e-02,-6.074437044693161170e+01
7.279786666666666985e+09,2.781281795651580069e-02,-6.064850675824899895e+01
7.279850000000000000e+09,-6.284663812900248558e-02,-6.076303067627252119e+01
7.279913333333333015e+09,-1.658577963130909438e-01,-6.088990629639495467e+01
7.279976666666666985e+09,6.479200416590913392e-02,-6.068312095785462645e+01
7.280040000000000000e+09,-3.850342076535184788e-02,-6.081028084472389139e+01
7.280103333333333015e+09,-2.905680858776094055e-02,-6.082469869448464550e+01
7.280166666666666985e+09,5.959847996405187587e-02,-6.075990786787150455e+01
7.280230000000000000e+09,-2.351136850312940396e-02,-6.086688217827703085e+01
7.280293333333333015e+09,-4.941281790960516673e-02,-6.091664808962151056e+01
7.280356666666666985e+09,-1.948370411416533443e-02,-6.091058343776474970e+01
7.280420000000000000e+09,-9.009873045877014874e-02,-6.100506292604769243e+01
7.280483333333333015e+09,1.381588264190369841e-01,-6.080066983110789636e+01
7.280546666666666985e+09,1.956732652018899898e-02,-6.094312579294542331e+01
7.280610000000000000e+09,-5.941479242538605376e-02,-6.104597237382933628e+01
7.280673333333333015e+09,2.956632358478827882e-02,-6.098085571975717301e+01
7.280736666666666985e+09,3.018035922534068050e-02,-6.100410614605529247e+01
7.280800000000000000e+09,8.308567896683882736e-03,-6.104984239932229428e+01
7.280863333333333015e+09,-5.733132705220356229e-02,-6.113934675620918568e+01
7.280926666666666985e+09,-9.305941869527600829e-02,-6.119893930979093000e+01
7.280990000000000000e+09,6.913386314283087586e-02,-6.106061048989116813e+01
7.281053333333333015e+09,1.904783844740620680e-02,-6.113456097652493781e+01
7.281116666666666985e+09,-3.892941811997729928e-02,-6.121640269503065923e+01
7.281180000000000000e+09,3.424064931338222095e-02,-6.116709708953563762e+01
7.281243333333333015e+09,-4.143654352670012031e-02,-6.126663874431406498e+01
7.281306666666666985e+09,1.290698200421687147e-01,-6.111999684268354116e+01
7.281370000000000000e+09,3.558301503815641809e-03,-6.126937282316023214e+01
7.281433333333333015e+09,-7.864702970769599233e-02,-6.137544261631008169e+01
7.281496666666666985e+09,3.539111667531358307e-02,-6.128526893186575109e+01
7.281560000000000000e+09,1.379613396572381134e-01,-6.120656317082183051e+01
7.281623333333333015e+09,-6.183928252113446433e-03,-6.137457290066951998e+01
7.281686666666666985e+09,-8.066565174632955859e-02,-6.147291908610242217e+01
7.281750000000000000e+09,-6.207468434229213017e-02,-6.147819258063638870e+01
7.281813333333333015e+09,4.009821695596826885e-03,-6.143597253653683765e+01
7.281876666666666985e+09,-4.329380420545447805e-02,-6.150714062437656793e+01
7.281940000000000000e+09,-4.131725554650245158e-02,-6.152902853765561986e+01
7.282003333333333015e+09,3.845396764885578023e-02,-6.147312177639860664e+01
7.282066666666666985e+09,1.169448523855294297e-01,-6.141849535360060486e+01
7.282130000000000000e+09,1.898594813691047989e-01,-6.136944518655537451e+01
7.282193333333333015e+09,-8.176258170044548024e-02,-6.166493171156292874e+01
7.282256666666666985e+09,2.017465572888710312e-02,-6.158685893607226802e+01
7.282320000000000000e+09,-2.470871476929659138e-02,-6.165560676850879673e+01
7.282383333333333015e+09,2.353768298178238183e-03,-6.165240874737932586e+01
7.282446666666666985e+09,-1.046430537291342944e-01,-6.178327003134531736e+01
7.282510000000000000e+09,-2.546241318334807602e-02,-6.172795385273786906e+01
7.282573333333333015e+09,6.806480169823458937e-02,-6.165829109979429745e+01
7.282636666666666985e+09,9.499326254142204107e-02,-6.165522710088978897e+01
7.282700000000000000e+09,-7.621090442034272883e-02,-6.185029572978989165e+01
7.282763333333333015e+09,9.157445274441755600e-02,-6.170637483456314243e+01
7.282826666666666985e+09,3.100904319513375640e-02,-6.179080470605109809e+01
7.282890000000000000e+09,-5.031655864068795836e-02,-6.189599476982526483e+01
7.282953333333333015e+09,-9.426306634167502807e-02,-6.196380573946458981e+01
7.283016666666666985e+09,-1.383002944226419118e-01,-6.203170742948389460e+01
7.283080000000000000e+09,6.075546269723020032e-02,-6.185651613430236750e+01
7.283143333333333015e+09,-1.508657000110247282e-02,-6.195622262893904519e+01
7.283206666666666985e+09,9.731923297611899670e-02,-6.186768128790016164e+01
7.283270000000000000e+09,-3.110395214931571672e-02,-6.201996893496393426e+01
7.283333333333333015e+09,-6.357985488681094921e-02,-6.207630929963977451e+01
7.283396666666666985e+09,-1.304376951831898168e-02,-6.204963767620995441e+01
7.283460000000000000e+09,-5.336936383982049392e-02,-6.211382773246945987e+01
7.283523333333333015e+09,-6.039856788290620671e-02,-6.214472139845089060e+01
7.283586666666666985e+09,-1.879793814224441917e-01,-6.229616667392910045e+01
7.283650000000000000e+09,1.152734487502726779e-01,-6.201677830569439465e+01
7.283713333333333015e+09,-3.436190892927015739e-03,-6.215935240727593225e+01
7.283776666666666985e+09,-1.651285401556634724e-02,-6.219629353233725055e+01
7.283840000000000000e+09,-2.073565139160393755e-02,-6.222438079165129921e+01
7.283903333333333015e+09,6.629186626481953226e-02,-6.216121773593321365e+01
7.283966666666666985e+09,-1.425888192242510399e-01,-6.239396288336096319e+01
7.284030000000000000e+09,3.158546757023117380e-02,-6.224365305850448493e+01
7.284093333333333015e+09,-1.545108197303477482e-01,-6.245361380774340887e+01
7.284156666666666985e+09,-1.620044702317358087e-02,-6.233916789697490657e+01
7.284220000000000000e+09,8.069408469818029062e-02,-6.226613782719189771e+01
7.284283333333333015e+09,1.849956114801898366e-02,-6.235219681268006298e+01
7.284346666666666985e+09,-1.294330068468312334e-01,-6.252399384261358506e+01
7.284410000000000000e+09,-7.267452820182285222e-02,-6.249109982590692169e+01
7.284473333333333015e+09,2.801326156944128343e-02,-6.241427649807366151e+01
7.284536666666666985e+09,-1.156503220772719942e-02,-6.247771925378950897e+01
7.284600000000000000e+09,-1.458593898438564906e-01,-6.263587807336397617e+01
7.284663333333333015e+09,-4.595141030353033784e-02,-6.255983455576166108e+01
7.284726666666666985e+09,5.302648664667941603e-02,-6.248472112075013030e+01
7.284790000000000000e+09,3.098341158519701821e-02,-6.253062865774995061e+01
7.284853333333333015e+09,-5.718028593507540336e-02,-6.264265681720856094e+01
7.284916666666666985e+09,4.072427496052455353e-02,-6.256861671825130600e+01
7.284980000000000000e+09,1.019429657001609257e-01,-6.253126248945001464e+01
7.285043333333333015e+09,1.545552030010099998e-02,-6.264161439678841248e+01
7.285106666666666985e+09,-3.199634535688034020e-02,-6.271293072438373173e+01
7.285170000000000000e+09,-1.066913417771431227e-01,-6.281149018274233953e+01
7.285233333333333015e+09,-5.711583863842406572e-02,-6.278577914154195838e+01
7.285296666666666985e+09,-1.362578610263653900e-02,-6.276615355094484983e+01
7.285360000000000000e+09,-8.673430939742132750e-02,-6.286312653617763857e+01
7.285423333333333015e+09,1.060701334067459811e-02,-6.278964967537788766e+01
7.285486666666666985e+09,7.397834600027408669e-03,-6.281672331605720672e+01
7.285550000000000000e+09,-6.490997853482838309e-03,-6.285447661044872092e+01
7.285613333333333015e+09,-3.862754377163923891e-02,-6.291047761830522234e+01
7.285676666666666985e+09,-1.015544792875999747e-02,-6.290586998440101496e+01
7.285740000000000000e+09,2.461708889911307097e-02,-6.289496190951115295e+01
7.285803333333333015e+09,-9.714000992880045260e-02,-6.304058347027740439e+01
7.285866666666666985e+09,1.194614442016188605e-01,-6.284784647808566405e+01
7.285930000000000000e+09,5.108129972541064490e-02,-6.294009108449988332e+01
7.285993333333333015e+09,-1.322609472835978295e-02,-6.302826294089199166e+01
7.286056666666666985e+09,-1.734339763488534913e-01,-6.321233528445116434e+01
7.286120000000000000e+09,1.263159517117884434e-02,-6.305013417486946992e+01
7.286183333333333015e+09,-1.516499762579996968e-01,-6.323828020823665952e+01
7.286246666666666985e+09,-9.360232951531344270e-02,-6.320409702343264513e+01
7.286310000000000000e+09,-1.103467138447129514e-01,-6.324470586970038966e+01
7.286373333333333015e+09,7.700600433678062018e-02,-6.308121761345690004e+01
7.286436666666666985e+09,5.426788417577199652e-02,-6.312782019555658053e+01
7.286500000000000000e+09,3.808326146709362092e-02,-6.316786928020360392e+01
7.286563333333333015e+09,5.506359092404267130e-02,-6.317475341268465883e+01
7.286626666666666985e+09,9.813190655209780289e-02,-6.315554955899528267e+01
7.286690000000000000e+09,-1.591634577214762203e-02,-6.329346227325786600e+01
7.286753333333333015e+09,-1.312722517002740119e-01,-6.343268264112433741e+01
7.286816666666666985e+09,-2.521124394338158936e-02,-6.335048609530579000e+01
7.286880000000000000e+09,-1.955791863353582016e-01,-6.354471849963610453e+01
7.286943333333333015e+09,-1.523987405543252294e-01,-6.352540251579340946e+01
7.287006666666666985e+09,-1.950010151625605204e-01,-6.359186925233998977e+01
7.287070000000000000e+09,-5.429074388163002141e-02,-6.347502344299739718e+01
7.287133333333333015e+09,-1.326995122337137900e-02,-6.345786711227747645e+01
7.287196666666666985e+09,6.941915341359816694e-02,-6.339904246957885192e+01
7.287260000000000000e+09,2.886603399069542775e-02,-6.346346005094009968e+01
7.287323333333333015e+09,-7.361604131470755874e-02,-6.358980658818384057e+01
7.287386666666666985e+09,-6.387644460505015331e-02,-6.360393145341286214e+01
7.287450000000000000e+09,4.409061262887803423e-02,-6.351982885811693791e+01
7.287513333333333015e+09,2.489879643436410106e-02,-6.356288513624979686e+01
7.287576666666666985e+09,-6.102343302618606913e-02,-6.367267182764901889e+01
7.287640000000000000e+09,-9.914077511027130640e-02,-6.373465363167110809e+01
7.287703333333333015e+09,1.994224194930893646e-03,-6.365738309430425090e+01
7.287766666666666985e+09,-4.912455716691255247e-02,-6.373236633760476622e+01
7.287830000000000000e+09,-8.393310772021322919e-04,-6.370794557345306686e+01
7.287893333333333015e+09,1.734748591222512459e-02,-6.371362321840197751e+01
7.287956666666666985e+09,-3.347369292806945396e-02,-6.378830885918095106e+01
7.288020000000000000e+09,-1.526536982199644399e-02,-6.379396499801321596e+01
7.288083333333333015e+09,-1.462540033112205151e-01,-6.394881809344045109e+01
7.288146666666666985e+09,-7.833645170790504153e-02,-6.390476500377581459e+01
7.288210000000000000e+09,-1.069864268174498534e-01,-6.395727944082369731e+01
7.288273333333333015e+09,-7.575078345232810761e-02,-6.394990825939658663e+01
7.288336666666666985e+09,-1.506118104087050824e-02,-6.391308311892380090e+01
7.288400000000000000e+09,-3.626676757380664640e-02,-6.395815316739508205e+01
7.288463333333333015e+09,-1.009241829687255176e-01,-6.404667504472800488e+01
7.288526666666666985e+09,-1.566599714973193613e-02,-6.398528132084768316e+01
7.288590000000000000e+09,-2.812367002050564224e-03,-6.399629215263834681e+01
7.288653333333333015e+09,-4.628969331932353271e-02,-6.406363394089396479e+01
7.288716666666666985e+09,-1.561664173119510224e-01,-6.419737512682492309e+01
7.288780000000000000e+09,-6.524153628809870042e-02,-6.413031470773941578e+01
7.288843333333333015e+09,3.585749345890576478e-02,-6.405308013993075633e+01
7.288906666666666985e+09,-6.261773680110138685e-02,-6.417541983212909429e+01
7.288970000000000000e+09,-1.075412044559413971e-01,-6.424420776172227932e+01
7.289033333333333015e+09,-8.326197567522797272e-02,-6.424379299487991091e+01
7.289096666666666985e+09,-6.110043843804646713e-02,-6.424549591958107442e+01
7.289160000000000000e+09,-9.902936493631386838e-02,-6.430728930801768684e+01
7.289223333333333015e+09,-1.331255964668827119e-01,-6.436525000148658648e+01
7.289286666666666985e+09,2.720441483219815382e-02,-6.422878445212617748e+01
7.289350000000000000e+09,-9.073260933335802747e-02,-6.437058593822975183e+01
7.289413333333333015e+09,-9.537113114107853562e-02,-6.439908892197580315e+01
7.289476666666666985e+09,5.516387379773846078e-02,-6.427241837897567223e+01
7.289540000000000000e+09,-1.247750672190619525e-01,-6.447622178193047660e+01
7.289603333333333015e+09,-1.210873549985507225e-01,-6.449639853164831038e+01
7.289666666666666985e+09,-1.423632548416975396e-01,-6.454153889343012906e+01
7.289730000000000000e+09,-2.700178310755632083e-01,-6.469305793160199869e+01
7.289793333333333015e+09,-1.290369345546196200e-01,-6.457594149701940012e+01
7.289856666666666985e+09,-1.325448301395084627e-01,-6.460331385454296083e+01
7.289920000000000000e+09,-1.861785676306197956e-01,-6.468081205397241717e+01
7.289983333333333015e+09,-1.369569363051397204e-01,-6.465545488458494106e+01
7.290046666666666985e+09,-1.994565381434227902e-01,-6.474181894836191020e+01
7.290110000000000000e+09,-2.169458730293598592e-01,-6.478317274518617808e+01
7.290173333333333015e+09,-2.442005818363810477e-01,-6.483429191593121743e+01
7.290236666666666985e+09,-3.831671546785173632e-01,-6.499712295071202561e+01
7.290300000000000000e+09,-3.274196611593822581e-01,-6.496523991913122131e+01
7.290363333333333015e+09,-5.175424314262357939e-01,-6.517922715133609302e+01
7.290426666666666985e+09,-1.239008276077413484e-02,-6.469793926460930322e+01
7.290490000000000000e+09,3.643212157212332158e-01,-6.434509242806564089e+01
7.290553333333333015e+09,4.123890855075558193e-01,-6.432088902021766330e+01
7.290616666666666985e+09,5.534042970083561386e-01,-6.420373827065519379e+01
7.290680000000000000e+09,4.138629513391691717e-01,-6.436714407826272577e+01
7.290743333333333015e+09,2.627961552286421920e-01,-6.454207533631159777e+01
7.290806666666666985e+09,2.585964322925633496e-01,-6.457013952118600741e+01
7.290870000000000000e+09,1.533108367062538946e-01,-6.469928957871066189e+01
7.290933333333333015e+09,1.492064939745461061e-01,-6.472725838338071469e+01
7.290996666666666985e+09,2.171213350334966208e-01,-6.468320800426009498e+01
7.291060000000000000e+09,1.415005885077391667e-02,-6.491004374238116270e+01
7.291123333333333015e+09,1.772849016144277812e-01,-6.477077336155585385e+01
7.291186666666666985e+09,1.941118424942516185e-01,-6.477781088261470188e+01
7.291250000000000000e+09,1.988156713694735345e-01,-6.479697151567749813e+01
7.291313333333333015e+09,9.788096707474380764e-02,-6.492177068191055866e+01
7.291376666666666985e+09,6.707827157093504411e-02,-6.497643783935303929e+01
7.291440000000000000e+09,5.484673575385556887e-02,-6.501253383710813694e+01
7.291503333333333015e+09,3.511058696388147382e-02,-6.505613444783644184e+01
7.291566666666666985e+09,2.967144641471008981e-02,-6.508543805032429930e+01
7.291630000000000000e+09,5.481220327386893132e-02,-6.508416175540314441e+01
7.291693333333333015e+09,7.284187834925148763e-02,-6.508999654226610687e+01
7.291756666666666985e+09,2.658762686106257433e-01,-6.492082661394340448e+01
7.291820000000000000e+09,1.500005475109844610e-01,-6.506056679698139078e+01
7.291883333333333015e+09,-2.789749794995088905e-02,-6.526232930438033009e+01
7.291946666666666985e+09,1.498754920845328797e-01,-6.510842077628451818e+01
7.292010000000000000e+09,1.436352356152355014e-01,-6.513852549469216058e+01
7.292073333333333015e+09,1.230915058390849026e-01,-6.518293368640631513e+01
7.292136666666666985e+09,2.468628945698014832e-02,-6.530520336472710596e+01
7.292200000000000000e+09,1.183339321686815993e-01,-6.523542018395373532e+01
7.292263333333333015e+09,2.128112212722754748e-01,-6.516480735678814540e+01
7.292326666666666985e+09,1.220364077411062453e-01,-6.527944663225800070e+01
7.292390000000000000e+09,1.447806854177855485e-01,-6.528056681651965221e+01
7.292453333333333015e+09,3.423401893449806721e-02,-6.541497794494128470e+01
7.292516666666666985e+09,-5.037708204284285785e-03,-6.547811413401841207e+01
7.292580000000000000e+09,3.951923194236428571e-02,-6.545742165581009431e+01
7.292643333333333015e+09,1.428594827712998949e-01,-6.537794586691950371e+01
7.292706666666666985e+09,-3.479339326290187273e-02,-6.557946320489205050e+01
7.292770000000000000e+09,7.291788193555248654e-02,-6.549561639163194116e+01
7.292833333333333015e+09,-9.818552441848282797e-02,-6.569058425992432149e+01
7.292896666666666985e+09,6.858435367145432338e-02,-6.554767884377271514e+01
7.292960000000000000e+09,1.098927954482462610e-01,-6.553023486393426822e+01
7.293023333333333015e+09,9.260667325260385496e-02,-6.557138544806825564e+01
7.293086666666666985e+09,-1.116026112431001138e-01,-6.579945919450263148e+01
7.293150000000000000e+09,1.235746729838638203e-02,-6.569936357789914894e+01
7.293213333333333015e+09,1.614721518187423044e-02,-6.571943829195400610e+01
7.293276666666666985e+09,5.894306693564033139e-02,-6.570050690213891187e+01
7.293340000000000000e+09,5.725819182003988317e-03,-6.577758861183056638e+01
7.293403333333333015e+09,-1.097947448919001090e-02,-6.581815836744009118e+01
7.293466666666666985e+09,4.271661117958558407e-02,-6.578832674370998745e+01
7.293530000000000000e+09,1.638965195933508312e-01,-6.569101129723424037e+01
7.293593333333333015e+09,8.553553859145779370e-02,-6.579323674017446422e+01
7.293656666666666985e+09,-1.462390887779463355e-02,-6.591726064958240272e+01
7.293720000000000000e+09,2.517541092919373114e-02,-6.590132579171375937e+01
7.293783333333333015e+09,-1.691877305484013050e-02,-6.596728443763579719e+01
7.293846666666666985e+09,7.814169187385289206e-02,-6.589608843464577603e+01
7.293910000000000000e+09,-3.909370991010518992e-02,-6.603718829836807913e+01
7.293973333333333015e+09,6.964776472996447865e-02,-6.595231128566601342e+01
7.294036666666666985e+09,-7.047807845628994983e-02,-6.611630159079093971e+01
7.294100000000000000e+09,1.468115612138376491e-01,-6.592287641305915713e+01
7.294163333333333015e+09,6.871308829808242535e-02,-6.602483934791291631e+01
7.294226666666666985e+09,7.303699876058544760e-02,-6.604437989938909936e+01
7.294290000000000000e+09,1.673847514015847082e-01,-6.597389660868643091e+01
7.294353333333333015e+09,2.146434870027746911e-02,-6.614368147332574210e+01
7.294416666666666985e+09,1.299182296454546304e-01,-6.605909205431925102e+01
7.294480000000000000e+09,8.862720154631631431e-02,-6.612424754435672014e+01
7.294543333333333015e+09,1.729075638929060688e-01,-6.606383164394847540e+01
7.294606666666666985e+09,3.021669229522672140e-02,-6.623038697748449977e+01
7.294670000000000000e+09,4.387372338935335847e-02,-6.624059440832870393e+01
7.294733333333333015e+09,5.274182269002380963e-02,-6.625559077096637850e+01
7.294796666666666985e+09,-2.370497786871794688e-02,-6.635590203346346527e+01
7.294860000000000000e+09,2.252496854205787713e-02,-6.633353654899103446e+01
7.294923333333333015e+09,-7.319968986156766277e-02,-6.645312566933300502e+01
7.294986666666666985e+09,7.042724138709388626e-02,-6.633336320002301534e+01
7.295050000000000000e+09,6.043208370296326848e-02,-6.636722281964514991e+01
7.295113333333333015e+09,5.929606782483176630e-02,-6.639222329746162643e+01
7.295176666666666985e+09,5.419264717444605139e-02,-6.642119118005068401e+01
7.295240000000000000e+09,2.705175753757771417e-02,-6.647219653162555630e+01
7.295303333333333015e+09,2.924779715252157075e-02,-6.649386495394895746e+01
7.295366666666666985e+09,3.032155683754922393e-02,-6.651665565620260168e+01
7.295430000000000000e+09,1.156112027610731730e-01,-6.645523047221709589e+01
7.295493333333333015e+09,8.914350390678293934e-02,-6.650556263300971693e+01
7.295556666666666985e+09,2.177501565007844420e-02,-6.659679558320509329e+01
7.295620000000000000e+09,-5.278337681718880958e-02,-6.669521843761070556e+01
7.295683333333333015e+09,-2.377214625796852943e-02,-6.669007166898948924e+01
7.295746666666666985e+09,1.182786524989296595e-01,-6.657188533217127713e+01
7.295810000000000000e+09,3.092087274993104984e-03,-6.671093635933355870e+01
7.295873333333333015e+09,-8.507554048480869824e-02,-6.682296844903135025e+01
7.295936666666666985e+09,6.294295543560224360e-02,-6.669881441504962538e+01
7.296000000000000000e+09,-6.480650920971697815e-02,-6.685042834163328962e+01
7.296063333333333015e+09,1.443641179240415795e-01,-6.666512217643753502e+01
7.296126666666666985e+09,8.322424763046853968e-02,-6.675012650866977992e+01
7.296190000000000000e+09,-3.335848860217538459e-02,-6.689057370684076886e+01
7.296253333333333015e+09,5.071801112696050495e-02,-6.683036166904963693e+01
7.296316666666666985e+09,4.749025942092544028e-02,-6.685745388269434386e+01
7.296380000000000000e+09,1.266466909496131166e-01,-6.680216191310400120e+01
7.296443333333333015e+09,-4.435472202044365986e-02,-6.699702778801240299e+01
7.296506666666666985e+09,6.910340134922421385e-02,-6.690743412658108014e+01
7.296570000000000000e+09,5.734893959190401347e-02,-6.694305305027673114e+01
7.296633333333333015e+09,1.005401760495630015e-01,-6.692372627575741717e+01
7.296696666666666985e+09,1.030627771184242647e-01,-6.694506813662690092e+01
7.296760000000000000e+09,-2.603932349815352154e-02,-6.709803469918180951e+01
7.296823333333333015e+09,2.537712285635507214e-02,-6.707048271476564594e+01
7.296886666666666985e+09,3.541698791255498691e-02,-6.708430731164813210e+01
7.296950000000000000e+09,1.465945002696145139e-01,-6.699699426122907653e+01
7.297013333333333015e+09,-1.430541950485064717e-02,-6.718175864294188671e+01
7.297076666666666985e+09,3.123523343408862729e-02,-6.716008245194161930e+01
7.297140000000000000e+09,2.159018253491353789e-01,-6.699928032196457650e+01
7.297203333333333015e+09,-2.634563466817496646e-02,-6.726539224392023186e+01
7.297266666666666985e+09,5.853443317867856877e-02,-6.720437663801205019e+01
7.297330000000000000e+09,1.004359622650525807e-01,-6.718633957086368014e+01
7.297393333333333015e+09,8.526311849300327594e-02,-6.722537687657407446e+01
7.297456666666666985e+09,1.130624822685746267e-01,-6.722144197473717497e+01
7.297520000000000000e+09,4.112420540771211108e-02,-6.731724471353605566e+01
7.297583333333333015e+09,-5.898828231948982648e-03,-6.738813220911404755e+01
7.297646666666666985e+09,1.239068769345408327e-01,-6.728219096588622961e+01
7.297710000000000000e+09,6.664593942412011529e-02,-6.736331636533499534e+01
7.297773333333333015e+09,4.580928492295299748e-02,-6.740801748177416641e+01
7.297836666666666985e+09,1.294286053721123153e-01,-6.734826262326369317e+01
7.297900000000000000e+09,-4.430651013122144377e-02,-6.754586220070537195e+01
7.297963333333333015e+09,3.034119429003112600e-03,-6.752238603308313714e+01
7.298026666666666985e+09,1.852408627180039957e-01,-6.736404375173282233e+01
7.298090000000000000e+09,1.137148568625860889e-01,-6.745943421952658525e+01
7.298153333333333015e+09,7.237643297614226867e-03,-6.758977589502956107e+01
7.298216666666666985e+09,-6.913495950797710066e-03,-6.762779149621664487e+01
7.298280000000000000e+09,5.127431394738835024e-02,-6.759346814825680383e+01
7.298343333333333015e+09,6.518887818614871321e-02,-6.760341804595637427e+01
7.298406666666666985e+09,6.941026445890940977e-02,-6.762306112162195859e+01
7.298470000000000000e+09,1.414980942227686000e-01,-6.757483775379644442e+01
7.298533333333333015e+09,-1.444890775493234969e-01,-6.788468938750688153e+01
7.298596666666666985e+09,7.689477848519743475e-02,-6.768716999341070562e+01
7.298660000000000000e+09,4.821881482047274403e-02,-6.773971041901376111e+01
7.298723333333333015e+09,-1.252545229388601911e-02,-6.782431914806646489e+01
7.298786666666666985e+09,4.120364606490056758e-02,-6.779445451164635017e+01
7.298850000000000000e+09,5.691489596952692409e-02,-6.780260772367972777e+01
7.298913333333333015e+09,8.766958836231708574e-02,-6.779571749322528262e+01
7.298976666666666985e+09,1.200969203253663409e-01,-6.778715462320091945e+01
7.299040000000000000e+09,2.503699129823786507e-01,-6.768074609248191109e+01
7.299103333333333015e+09,-8.068850220951162555e-03,-6.796304931762358592e+01
7.299166666666666985e+09,-1.380937342497645659e-02,-6.799265430276628308e+01
7.299230000000000000e+09,8.519703198005856848e-02,-6.791751235929925201e+01
7.299293333333333015e+09,7.156842678807606717e-02,-6.795500542642957953e+01
7.299356666666666985e+09,7.215395499667920376e-02,-6.797828436015964826e+01
7.299420000000000000e+09,3.095987798221244702e-02,-6.804334289911211897e+01
7.299483333333333015e+09,1.059181046187376296e-01,-6.799224913441393880e+01
7.299546666666666985e+09,8.821461805199248829e-02,-6.803381708291935581e+01
7.299610000000000000e+09,-2.030479531408957428e-02,-6.816620095822378289e+01
7.299673333333333015e+09,2.621914115889012464e-02,-6.814354148368880715e+01
7.299736666666666985e+09,9.999628355259915224e-03,-6.818362545843110922e+01
7.299800000000000000e+09,6.118408349266246660e-02,-6.815630546523205169e+01
7.299863333333333015e+09,-4.445717743593036175e-03,-6.824579972840631115e+01
7.299926666666666985e+09,-2.103227780054339746e-03,-6.826732170038144432e+01
7.299990000000000000e+09,4.967729913377638695e-02,-6.823940563540595861e+01
7.300053333333333015e+09,-6.883530446438612671e-02,-6.838178270094212508e+01
7.300116666666666985e+09,6.363149133505885402e-03,-6.833044870928291914e+01
7.300180000000000000e+09,1.382410537245561954e-01,-6.822243526663021385e+01
7.300243333333333015e+09,-3.247102879203112025e-02,-6.841701181108513197e+01
7.300306666666666985e+09,5.461459555966996504e-02,-6.835379064867177590e+01
7.300370000000000000e+09,3.052962638415124275e-02,-6.840174007978563964e+01
7.300433333333333015e+09,1.015048945722725193e-01,-6.835462927353584917e+01
7.300496666666666985e+09,-4.067046593667100751e-02,-6.852066909598313771e+01
7.300560000000000000e+09,4.914241419213283280e-02,-6.845472067779267888e+01
7.300623333333333015e+09,1.663177354736404823e-01,-6.836140981844951625e+01
7.300686666666666985e+09,-1.433823840746129008e-02,-6.856593025426896304e+01
7.300750000000000000e+09,6.181978297611578910e-02,-6.851363669482371677e+01
7.300813333333333015e+09,1.753122594749356722e-03,-6.859756781714342821e+01
7.300876666666666985e+09,-6.483493430025077942e-02,-6.868802033597710022e+01
7.300940000000000000e+09,4.115435281464385753e-02,-6.860589551080020954e+01
7.301003333333333015e+09,-2.079583999774570202e-02,-6.869171016555094411e+01
7.301066666666666985e+09,3.933436200112794268e-02,-6.865544442549075654e+01
7.301130000000000000e+09,1.482190492669133164e-02,-6.870382134450319711e+01
7.301193333333333015e+09,4.459661436185058392e-02,-6.869791109700638287e+01
7.301256666666666985e+09,-6.926671995880440136e-02,-6.883563889326570973e+01
7.301320000000000000e+09,-4.287587636781609035e-03,-6.879452422288169089e+01
7.301383333333333015e+09,-2.477414703747626845e-04,-6.881434883865362906e+01
7.301446666666666985e+09,5.712653911373877236e-02,-6.878083902000818739e+01
7.301510000000000000e+09,-2.818708792068491675e-02,-6.889001710898095610e+01
7.301573333333333015e+09,5.078062000052341318e-03,-6.888061642099822279e+01
7.301636666666666985e+09,-6.021868749328973536e-02,-6.896977763243023674e+01
7.301700000000000000e+09,8.994989153205779076e-02,-6.884347351534323423e+01
7.301763333333333015e+09,2.322738770161407729e-01,-6.872501399179715520e+01
7.301826666666666985e+09,9.480351557570543264e-03,-6.897167197919439730e+01
7.301890000000000000e+09,5.135888356997497795e-02,-6.895365790912033788e+01
7.301953333333333015e+09,1.178923018351838437e-01,-6.891098895279313297e+01
7.302016666666666985e+09,-3.649094825617282822e-02,-6.908923666482316150e+01
7.302080000000000000e+09,1.281828144582419782e-01,-6.894842736404709171e+01
7.302143333333333015e+09,7.368597355899453305e-02,-6.902678866688468418e+01
7.302206666666666985e+09,3.048400938646977920e-02,-6.909385509299555395e+01
7.302270000000000000e+09,1.247566058695213087e-01,-6.902344695845084743e+01
7.302333333333333015e+09,1.516403030055357704e-02,-6.915690399595814597e+01
7.302396666666666985e+09,3.056080869494337549e-02,-6.916537167950210119e+01
7.302460000000000000e+09,5.969341668291860969e-02,-6.916010353345247097e+01
7.302523333333333015e+09,-4.863771212271217337e-02,-6.929229912419643256e+01
7.302586666666666985e+09,7.994827264283799195e-03,-6.925953104674778160e+01
7.302650000000000000e+09,5.126044503199977953e-03,-6.928626429144721044e+01
7.302713333333333015e+09,-3.236826256056701823e-02,-6.934762306044932245e+01
7.302776666666666985e+09,5.110226106491211340e-02,-6.928801699876251519e+01
7.302840000000000000e+09,1.838893152338982873e-03,-6.936114482861309227e+01
7.302903333333333015e+09,1.100966675604269085e-01,-6.927675151614334936e+01
7.302966666666666985e+09,-1.626387516822092039e-02,-6.942697652081066906e+01
7.303030000000000000e+09,7.918437460422467211e-02,-6.935539273297622742e+01
7.303093333333333015e+09,-1.832459193995816804e-02,-6.947676616145875528e+01
7.303156666666666985e+09,-4.322730654646989024e-02,-6.952553333800395308e+01
7.303220000000000000e+09,1.426091399300730700e-01,-6.936356135346539986e+01
7.303283333333333015e+09,1.580312484684043284e-02,-6.951423183048697751e+01
7.303346666666666985e+09,4.760124338163507218e-02,-6.950629817389086895e+01
7.303410000000000000e+09,6.857490390008535996e-02,-6.950918897531074947e+01
7.303473333333333015e+09,1.308296928237808743e-01,-6.947079864832507212e+01
7.303536666666666985e+09,1.238898245953805599e-01,-6.950160297849214430e+01
7.303600000000000000e+09,7.525398333079635904e-02,-6.957410328169505931e+01
7.303663333333333015e+09,-8.980435209457482415e-02,-6.976302607905844866e+01
7.303726666666666985e+09,7.550695487211100954e-02,-6.962157923403043469e+01
7.303790000000000000e+09,1.225941865768902517e-01,-6.959835646426400046e+01
7.303853333333333015e+09,3.944575761981639062e-02,-6.970536935515907828e+01
7.303916666666666985e+09,6.091044275598278546e-02,-6.970776913196158375e+01
7.303980000000000000e+09,7.919441054065146091e-02,-6.971334962611526009e+01
7.304043333333333015e+09,1.222104828425329970e-01,-6.969419801575172357e+01
7.304106666666666985e+09,1.247767345608252754e-01,-6.971549622597176210e+01
7.304170000000000000e+09,-9.376788328000884576e-02,-6.995790530575094124e+01
7.304233333333333015e+09,9.139711623217294800e-02,-6.979660476817710446e+01
7.304296666666666985e+09,-1.180062589507713255e-02,-6.992366697224269956e+01
7.304360000000000000e+09,3.703039763084348124e-02,-6.989870041065512396e+01
7.304423333333333015e+09,1.253840774021597326e-01,-6.983421119282213851e+01
7.304486666666666985e+09,9.803679196295433940e-02,-6.988542294019968892e+01
7.304550000000000000e+09,6.352920732093991774e-02,-6.994379498678004836e+01
7.304613333333333015e+09,1.755829425664501287e-02,-7.001363036178267407e+01
7.304676666666666985e+09,7.756033610090184993e-02,-6.997749278187710331e+01
7.304740000000000000e+09,3.394970658085583182e-02,-7.004496787333515329e+01
7.304803333333333015e+09,6.077981620501304860e-02,-7.004200222564934109e+01
7.304866666666666985e+09,3.236801141700595963e-02,-7.009427849237602004e+01
7.304930000000000000e+09,8.696177551391315319e-02,-7.006354919021711680e+01
7.304993333333333015e+09,9.867026672466749915e-03,-7.016450840099690822e+01
7.305056666666666985e+09,-1.992689871157438120e-02,-7.021816678831962122e+01
7.305120000000000000e+09,8.153587625749025847e-02,-7.014056847528856053e+01
7.305183333333333015e+09,4.371025331522560009e-03,-7.024159778815287325e+01
7.305246666666666985e+09,6.403377547169952777e-02,-7.020579949995138236e+01
7.305310000000000000e+09,1.677209242837562897e-01,-7.012597681307765640e+01
7.305373333333333015e+09,6.417024416224137440e-02,-7.025339195513718948e+01
7.305436666666666985e+09,2.475803898489914445e-02,-7.031666862225320358e+01
7.305500000000000000e+09,1.065614281715312472e-01,-7.025872969500490228e+01
7.305563333333333015e+09,4.044928924983537399e-02,-7.034870629586461632e+01
7.305626666666666985e+09,1.045917160513312183e-01,-7.030842833100179234e+01
7.305690000000000000e+09,1.056166203329524933e-01,-7.033126788865850187e+01
7.305753333333333015e+09,1.571756980918337376e-02,-7.044503140112028916e+01
7.305816666666666985e+09,-2.205153912815660533e-02,-7.050666497199630101e+01
7.305880000000000000e+09,1.219196110937588173e-01,-7.038655828371273060e+01
7.305943333333333015e+09,7.721830053952771777e-02,-7.045512405620530672e+01
7.306006666666666985e+09,-1.029912402970012408e-04,-7.055630980992346224e+01
7.306070000000000000e+09,9.841016430706872598e-02,-7.048166111631444153e+01
7.306133333333333015e+09,-1.465001715148162020e-02,-7.061858575971133689e+01
7.306196666666666985e+09,8.949983043360987267e-02,-7.053830037406457620e+01
7.306260000000000000e+09,9.170430896178061175e-02,-7.055996035747475048e+01
7.306323333333333015e+09,2.369807674189416957e-02,-7.065183105163298194e+01
7.306386666666666985e+09,6.280282559654892793e-02,-7.063659076471665799e+01
7.306450000000000000e+09,4.721837448249743829e-02,-7.067603967776906870e+01
7.306513333333333015e+09,9.003549943676603107e-02,-7.065708701475313092e+01
7.306576666666666985e+09,1.035102493674884272e-01,-7.066747672676108039e+01
7.306640000000000000e+09,6.161631031558556515e-02,-7.073323512775100141e+01
7.306703333333333015e+09,1.698825690063188176e-01,-7.064883333099859897e+01
7.306766666666666985e+09,2.820481781503758612e-02,-7.081437554412855206e+01
7.306830000000000000e+09,1.624627068771502536e-01,-7.070398211700445756e+01
7.306893333333333015e+09,1.368670532544911111e-01,-7.075344223256544751e+01
7.306956666666666985e+09,6.271386669575917949e-02,-7.085145988106286552e+01
7.307020000000000000e+09,7.002938912478384736e-02,-7.086800882057184481e+01
7.307083333333333015e+09,-2.486618178642174826e-02,-7.098676885342139542e+01
7.307146666666666985e+09,4.536668710845503938e-02,-7.094040044646519050e+01
7.307210000000000000e+09,2.869838901636967421e-02,-7.098093320649562088e+01
7.307273333333333015e+09,1.395904495687574354e-01,-7.089390560788123707e+01
7.307336666666666985e+09,1.157449912806214343e-01,-7.094161552810805915e+01
7.307400000000000000e+09,7.998341104368478227e-03,-7.107322664022264291e+01
7.307463333333333015e+09,1.333479980830816203e-01,-7.097174144518194794e+01
7.307526666666666985e+09,1.137548343991312549e-01,-7.101519907080457017e+01
7.307590000000000000e+09,9.940134215280238550e-02,-7.105341702498922984e+01
7.307653333333333015e+09,6.855913009732717001e-02,-7.110812369898272323e+01
7.307716666666666985e+09,3.304516320591233125e-02,-7.116750212781280993e+01
7.307780000000000000e+09,8.076788221252684252e-02,-7.114364387074452623e+01
7.307843333333333015e+09,6.724115528160723443e-02,-7.118103505961346400e+01
7.307906666666666985e+09,2.394430553518134275e-02,-7.124819637129856176e+01
7.307970000000000000e+09,1.452514857952849070e-01,-7.115075365297678900e+01
7.308033333333333015e+09,1.432491467198815371e-03,-7.131843710924323432e+01
7.308096666666666985e+09,6.479352310887520616e-02,-7.127894053953988873e+01
7.308160000000000000e+09,-1.787146777584780466e-02,-7.138546999236295676e+01
7.308223333333333015e+09,-3.673309238932631615e-02,-7.142819607891478029e+01
7.308286666666666985e+09,1.557780260854713106e-02,-7.139974964585523765e+01
7.308350000000000000e+09,1.035338121369022701e-01,-7.133565809826522752e+01
7.308413333333333015e+09,1.571785095385109798e-01,-7.130587786280196383e+01
7.308476666666666985e+09,5.899544579072824035e-02,-7.142792538848841843e+01
7.308540000000000000e+09,1.067492716922657792e-01,-7.140403602452489906e+01
7.308603333333333015e+09,1.352122985301633662e-01,-7.139943745962533228e+01
7.308666666666666985e+09,9.543471141245163381e-02,-7.146307950868171588e+01
7.308730000000000000e+09,1.098945488617601995e-01,-7.147248413317042548e+01
7.308793333333333015e+09,1.039977534688887317e-01,-7.150224539050162775e+01
7.308856666666666985e+09,7.641898568442684336e-02,-7.155368862022476151e+01
7.308920000000000000e+09,1.433672123416300792e-01,-7.151060485550557644e+01
7.308983333333333015e+09,7.448037932125828320e-02,-7.160335615046427904e+01
7.309046666666666985e+09,1.994353665001256104e-01,-7.150226562522409779e+01
7.309110000000000000e+09,9.518167034036650875e-02,-7.163038378332220191e+01
7.309173333333333015e+09,7.218951180942667634e-02,-7.167724040379114570e+01
7.309236666666666985e+09,9.248067694055350785e-02,-7.168081370059869073e+01
7.309300000000000000e+09,1.287399349074149768e-01,-7.166841890457017428e+01
7.309363333333333015e+09,1.789258567481795126e-01,-7.164209744466741370e+01
7.309426666666666985e+09,6.070661917777897543e-02,-7.178418114417650031e+01
7.309490000000000000e+09,3.331009233600923380e-02,-7.183544213295660086e+01
7.309553333333333015e+09,-8.794601493050890895e-03,-7.190141128872366494e+01
7.309616666666666985e+09,1.748617411846424829e-01,-7.174161940798465764e+01
7.309680000000000000e+09,-3.403417392458152335e-02,-7.197437978503221245e+01
7.309743333333333015e+09,2.468693676104294354e-02,-7.193952313628460615e+01
7.309806666666666985e+09,8.852677599088565330e-02,-7.189954775899343531e+01
7.309870000000000000e+09,5.031005426140211512e-02,-7.196162894266124965e+01
7.309933333333333015e+09,3.178936896728146166e-02,-7.200401408989371532e+01
7.309996666666666985e+09,2.250872891171695755e-02,-7.203715919188762484e+01
7.310060000000000000e+09,1.626694013072977896e-01,-7.192086298143037482e+01
7.310123333333333015e+09,8.559004864906682997e-02,-7.202180679602696500e+01
7.310186666666666985e+09,1.042110487029788146e-01,-7.202705025791138382e+01
7.310250000000000000e+09,3.707010957985801269e-02,-7.211805565897284964e+01
7.310313333333333015e+09,-6.601536125415918832e-03,-7.218559176661646859e+01
7.310376666666666985e+09,5.503871869096599312e-02,-7.214781597373875854e+01
7.310440000000000000e+09,1.515492321472748927e-01,-7.207516992222045360e+01
7.310503333333333015e+09,8.587114245898419540e-02,-7.216471247384708931e+01
7.310566666666666985e+09,1.733086434606576631e-01,-7.210113943478408771e+01
7.310630000000000000e+09,1.714349371175103443e-01,-7.212687760306525320e+01
7.310693333333333015e+09,1.644182814310966023e-01,-7.215775872068999774e+01
7.310756666666666985e+09,7.399070999794332693e-02,-7.227205075406182289e+01
7.310820000000000000e+09,2.274457912825766925e-01,-7.214246013471520769e+01
7.310883333333333015e+09,3.154025004059235471e-02,-7.236223013789552283e+01
7.310946666666666985e+09,8.437340332838516588e-02,-7.233326144654640188e+01
7.311010000000000000e+09,6.562253306441334644e-03,-7.243493705850636388e+01
7.311073333333333015e+09,1.298519168167189264e-01,-7.233551185693441710e+01
7.311136666666666985e+09,1.633155828397434561e-01,-7.232591265285007864e+01
7.311200000000000000e+09,8.328193963852470461e-02,-7.242981075798964241e+01
7.311263333333333015e+09,1.103957615147947990e-01,-7.242656139805137627e+01
7.311326666666666985e+09,-3.483765848345399263e-02,-7.259565927998829693e+01
7.311390000000000000e+09,6.464289607694695405e-02,-7.252004318736624100e+01
7.311453333333333015e+09,1.260762980211467266e-01,-7.248247424736004518e+01
7.311516666666666985e+09,1.665195429975767638e-01,-7.246589546432230122e+01
7.311580000000000000e+09,1.306959224794184138e-01,-7.252558354677879038e+01
7.311643333333333015e+09,-1.117626845153552040e-02,-7.269132019964774827e+01
7.311706666666666985e+09,2.249013195380058505e-01,-7.247910707359689297e+01
7.311770000000000000e+09,1.265268552216269882e-01,-7.260134599985160264e+01
7.311833333333333015e+09,9.827710056549676665e-02,-7.265346021644607788e+01
7.311896666666666985e+09,1.932366195002543918e-02,-7.275627811699989422e+01
7.311960000000000000e+09,7.489136233692761380e-02,-7.272457487855132285e+01
7.312023333333333015e+09,1.326693937222955810e-01,-7.269066130910429990e+01
7.312086666666666985e+09,1.391547009278326641e-01,-7.270804046383710784e+01
7.312150000000000000e+09,4.959824177194604999e-02,-7.282146138493132526e+01
7.312213333333333015e+09,6.310763560166776642e-02,-7.283181645303996277e+01
7.312276666666666985e+09,5.844076148690646733e-02,-7.286034778909339593e+01
7.312340000000000000e+09,1.854577066522722362e-02,-7.292410724185307913e+01
7.312403333333333015e+09,5.913136807585317456e-02,-7.290738610638079820e+01
7.312466666666666985e+09,1.309579358620140965e-01,-7.285942400053330914e+01
7.312530000000000000e+09,1.008553574040718104e-01,-7.291339104092925538e+01
7.312593333333333015e+09,1.513410156868673084e-01,-7.288676984458480490e+01
7.312656666666666985e+09,1.397737221988535339e-01,-7.292220160001149054e+01
7.312720000000000000e+09,1.517372490398969376e-01,-7.293410253510846530e+01
7.312783333333333015e+09,7.580565431587160674e-02,-7.303389859177082144e+01
7.312846666666666985e+09,1.327584590219998972e-01,-7.300081024900336502e+01
7.312910000000000000e+09,9.808726768686426567e-02,-7.305934590227651881e+01
7.312973333333333015e+09,6.315477818306192148e-02,-7.311814285371865196e+01
7.313036666666666985e+09,1.045325723414265440e-01,-7.310062952149895921e+01
7.313100000000000000e+09,3.801395444476440844e-02,-7.319101260133398057e+01
7.313163333333333015e+09,1.003109418419967369e-01,-7.315258007587473799e+01
7.313226666666666985e+09,4.814856670847689202e-03,-7.327194062298457311e+01
7.313290000000000000e+09,1.567693466427044768e-01,-7.314385059495106134e+01
7.313353333333333015e+09,1.007070122075646168e-01,-7.322377739132419094e+01
7.313416666666666985e+09,9.397244845023067228e-02,-7.325437641702021097e+01
7.313480000000000000e+09,3.904686932692413848e-02,-7.333316645808186252e+01
7.313543333333333015e+09,1.265720873646927203e-01,-7.326950570198209789e+01
7.313606666666666985e+09,9.860282381582408107e-02,-7.332133942746963839e+01
7.313670000000000000e+09,1.282902891986594796e-01,-7.331551642402514801e+01
7.313733333333333015e+09,2.289368072192701220e-01,-7.323873436794286818e+01
7.313796666666666985e+09,2.177746666659885477e-01,-7.327376097043450898e+01
7.313860000000000000e+09,-5.294228654589971939e-02,-7.356834238558472805e+01
7.313923333333333015e+09,1.029719510675164429e-01,-7.343629260990965690e+01
7.313986666666666985e+09,9.330732966245136595e-02,-7.346982169325306700e+01
7.314050000000000000e+09,8.822294551146114827e-02,-7.349877053934238802e+01
7.314113333333333015e+09,2.027380687063242704e-01,-7.340811987808586991e+01
7.314176666666666985e+09,-9.559651608726937866e-02,-7.373031892481780858e+01
7.314240000000000000e+09,7.972942564346396921e-02,-7.357885744502540604e+01
7.314303333333333015e+09,1.065894264055913254e-01,-7.357586190620163791e+01
7.314366666666666985e+09,1.045494642642239569e-01,-7.360176633028167714e+01
7.314430000000000000e+09,1.755090529219671680e-02,-7.371262935119170834e+01
7.314493333333333015e+09,1.029459207604332960e-01,-7.365109879766181677e+01
7.314556666666666985e+09,2.241389276003928899e-01,-7.355377025276052905e+01
7.314620000000000000e+09,7.465537839665614683e-02,-7.372711826390226975e+01
7.314683333333333015e+09,1.673543597620295031e-01,-7.365828374447524141e+01
7.314746666666666985e+09,5.135924858265639159e-02,-7.379814331759328638e+01
7.314810000000000000e+09,6.415927433751278386e-02,-7.380920775377644816e+01
7.314873333333333015e+09,1.879290671013080782e-01,-7.370930242295098367e+01
7.314936666666666985e+09,1.004993414266550644e-01,-7.382059661056430855e+01
7.315000000000000000e+09,4.468734004288421602e-02,-7.390027307388642441e+01
