# freq_Hz, amplitude_dBm
7.125000000000000000e+09,-8.918702800744995329e+01
7.125063333333333015e+09,-9.001415453458480442e+01
7.125126666666666985e+09,-8.934118370071013260e+01
7.125190000000000000e+09,-9.045069887000167341e+01
7.125253333333333015e+09,-8.946794699367924864e+01
7.125316666666666985e+09,-8.955641680406779415e+01
7.125380000000000000e+09,-9.125562025781249531e+01
7.125443333333333015e+09,-9.022479188276149387e+01
7.125506666666666985e+09,-9.029289741994259089e+01
7.125570000000000000e+09,-8.957125908615759613e+01
7.125633333333333015e+09,-8.971851416842125104e+01
7.125696666666666985e+09,-8.989282736962434228e+01
7.125760000000000000e+09,-8.977235178203201826e+01
7.125823333333333015e+09,-8.956620755387568522e+01
7.125886666666666985e+09,-8.953184641465860238e+01
7.125950000000000000e+09,-9.014816724409558901e+01
7.126013333333333015e+09,-9.035963635294891105e+01
7.126076666666666985e+09,-9.002442842618499697e+01
7.126140000000000000e+09,-9.011149891776311449e+01
7.126203333333333015e+09,-9.051023407270830035e+01
7.126266666666666985e+09,-8.984871235385689658e+01
7.126330000000000000e+09,-8.979787350175514860e+01
7.126393333333333015e+09,-8.971782219678556203e+01
7.126456666666666985e+09,-8.948032297077519104e+01
7.126520000000000000e+09,-8.970636535202288542e+01
7.126583333333333015e+09,-9.061288545747663647e+01
7.126646666666666985e+09,-9.063137225264935637e+01
7.126710000000000000e+09,-9.002203539553420342e+01
7.126773333333333015e+09,-8.985993131753561158e+01
7.126836666666666985e+09,-8.958500043062103657e+01
7.126900000000000000e+09,-8.976866181008898593e+01
7.126963333333333015e+09,-8.976750593913870091e+01
7.127026666666666985e+09,-9.059203358629457625e+01
7.127090000000000000e+09,-9.008674109951577691e+01
7.127153333333333015e+09,-8.982331417464693857e+01
7.127216666666666985e+09,-8.936894681183241573e+01
7.127280000000000000e+09,-8.933925068874643216e+01
7.127343333333333015e+09,-8.984374817366341404e+01
7.127406666666666985e+09,-9.020575915278374168e+01
7.127470000000000000e+09,-9.085024826981617707e+01
7.127533333333333015e+09,-8.998552376915245077e+01
7.127596666666666985e+09,-9.140545159071928083e+01
7.127660000000000000e+09,-8.987961593442901176e+01
7.127723333333333015e+09,-9.014001467790036770e+01
7.127786666666666985e+09,-8.936936037814631106e+01
7.127850000000000000e+09,-9.061292609284524247e+01
7.127913333333333015e+09,-9.012379958636627464e+01
7.127976666666666985e+09,-9.013000051750380237e+01
7.128040000000000000e+09,-8.934241217295488013e+01
7.128103333333333015e+09,-8.937599699468415793e+01
7.128166666666666985e+09,-9.051349297871908561e+01
7.128230000000000000e+09,-9.038194081307145211e+01
7.128293333333333015e+09,-8.980426372210850161e+01
7.128356666666666985e+09,-9.049448351665904511e+01
7.128420000000000000e+09,-8.997968040220388275e+01
7.128483333333333015e+09,-9.040331156063699325e+01
7.128546666666666985e+09,-8.959934233366944056e+01
7.128610000000000000e+09,-9.038697103120045995e+01
7.128673333333333015e+09,-9.003042657290714601e+01
7.128736666666666985e+09,-8.983160074229274983e+01
7.128800000000000000e+09,-8.995621813043202053e+01
7.128863333333333015e+09,-9.025581757637161218e+01
7.128926666666666985e+09,-8.927988111794905990e+01
7.128990000000000000e+09,-9.110457647955914240e+01
7.129053333333333015e+09,-8.941472042123012898e+01
7.129116666666666985e+09,-8.989132989110373728e+01
7.129180000000000000e+09,-8.925807812678749542e+01
7.129243333333333015e+09,-8.995654677956119372e+01
7.129306666666666985e+09,-8.987283717919871151e+01
7.129370000000000000e+09,-8.970861648905301422e+01
7.129433333333333015e+09,-9.102448757511878341e+01
7.129496666666666985e+09,-9.017261731102004774e+01
7.129560000000000000e+09,-9.080993050532624977e+01
7.129623333333333015e+09,-9.038889721596049753e+01
7.129686666666666985e+09,-9.009667443992414348e+01
7.129750000000000000e+09,-8.943972777180347578e+01
7.129813333333333015e+09,-8.985904909386582062e+01
7.129876666666666985e+09,-8.976468721416080143e+01
7.129940000000000000e+09,-8.959474634503112611e+01
7.130003333333333015e+09,-8.969622579808682872e+01
7.130066666666666985e+09,-9.008251887939364622e+01
7.130130000000000000e+09,-9.047101970051697606e+01
7.130193333333333015e+09,-9.005020673453049085e+01
7.130256666666666985e+09,-8.974538585474334695e+01
7.130320000000000000e+09,-8.998246225273007326e+01
7.130383333333333015e+09,-8.991650048947118989e+01
7.130446666666666985e+09,-8.958746196003548334e+01
7.130510000000000000e+09,-9.025575646061675172e+01
7.130573333333333015e+09,-8.975184327515874827e+01
7.130636666666666985e+09,-8.972371480951494505e+01
7.130700000000000000e+09,-8.990902297848101909e+01
7.130763333333333015e+09,-8.999271822468125492e+01
7.130826666666666985e+09,-9.015607845660414910e+01
7.130890000000000000e+09,-9.005011759935386806e+01
7.130953333333333015e+09,-8.990477474183940387e+01
7.131016666666666985e+09,-8.967992424419540498e+01
7.131080000000000000e+09,-9.066863620868511475e+01
7.131143333333333015e+09,-8.978785137940143102e+01
7.131206666666666985e+09,-8.957182233180860464e+01
7.131270000000000000e+09,-9.026346597782806214e+01
7.131333333333333015e+09,-9.004996877198352934e+01
7.131396666666666985e+09,-8.960595112698328535e+01
7.131460000000000000e+09,-9.040923507386074220e+01
7.131523333333333015e+09,-8.995881285608723488e+01
7.131586666666666985e+09,-8.992816530932111618e+01
7.131650000000000000e+09,-8.956493738077858779e+01
7.131713333333333015e+09,-8.990939544175481046e+01
7.131776666666666985e+09,-9.079589937292190882e+01
7.131840000000000000e+09,-8.937477429993420230e+01
7.131903333333333015e+09,-8.967256835347724575e+01
7.131966666666666985e+09,-8.933057286757004078e+01
7.132030000000000000e+09,-8.977736767143228747e+01
7.132093333333333015e+09,-8.962911546755684356e+01
7.132156666666666985e+09,-8.893201107969773034e+01
7.132220000000000000e+09,-8.944141271610114075e+01
7.132283333333333015e+09,-9.074888472200723299e+01
7.132346666666666985e+09,-8.953652522166714789e+01
7.132410000000000000e+09,-8.999860671509252086e+01
7.132473333333333015e+09,-9.001058701951734520e+01
7.132536666666666985e+09,-9.061233840640051085e+01
7.132600000000000000e+09,-8.994870970404861055e+01
7.132663333333333015e+09,-9.022670402016943569e+01
7.132726666666666985e+09,-8.934056608394284638e+01
7.132790000000000000e+09,-9.024157577604862013e+01
7.132853333333333015e+09,-8.951155859420308047e+01
7.132916666666666985e+09,-9.100448471677863438e+01
7.132980000000000000e+09,-8.963748519955977656e+01
7.133043333333333015e+09,-9.054906996084449133e+01
7.133106666666666985e+09,-8.984885797971162447e+01
7.133170000000000000e+09,-8.967509245878586910e+01
7.133233333333333015e+09,-8.967657484597930306e+01
7.133296666666666985e+09,-8.977084849991727822e+01
7.133360000000000000e+09,-9.011216742606526964e+01
7.133423333333333015e+09,-8.931752629282853206e+01
7.133486666666666985e+09,-8.959922343575797754e+01
7.133550000000000000e+09,-8.864909691841407380e+01
7.133613333333333015e+09,-8.993933011852909942e+01
7.133676666666666985e+09,-9.018549340064228659e+01
7.133740000000000000e+09,-9.003488502984895092e+01
7.133803333333333015e+09,-8.970067575742872634e+01
7.133866666666666985e+09,-8.984128565977464120e+01
7.133930000000000000e+09,-9.055083306239646390e+01
7.133993333333333015e+09,-8.953644705394255254e+01
7.134056666666666985e+09,-8.986222317497868062e+01
7.134120000000000000e+09,-9.010292124259594004e+01
7.134183333333333015e+09,-9.041225033245760301e+01
7.134246666666666985e+09,-9.108073060339974347e+01
7.134310000000000000e+09,-9.006050445570892293e+01
7.134373333333333015e+09,-9.040403520402426807e+01
7.134436666666666985e+09,-9.016433554398646777e+01
7.134500000000000000e+09,-8.962149367903195696e+01
7.134563333333333015e+09,-8.991988261284825512e+01
7.134626666666666985e+09,-8.973512863224644320e+01
7.134690000000000000e+09,-9.020789123381163677e+01
7.134753333333333015e+09,-9.007828511098185231e+01
7.134816666666666985e+09,-8.984812996495045923e+01
7.134880000000000000e+09,-8.956459044091594990e+01
7.134943333333333015e+09,-8.956853054459293162e+01
7.135006666666666985e+09,-8.982707994049735589e+01
7.135070000000000000e+09,-8.973199626550720609e+01
7.135133333333333015e+09,-8.927790793103098110e+01
7.135196666666666985e+09,-8.951224635409960229e+01
7.135260000000000000e+09,-9.112702093596917052e+01
7.135323333333333015e+09,-8.960921223743750375e+01
7.135386666666666985e+09,-8.943137010140461030e+01
7.135450000000000000e+09,-8.914784434184329598e+01
7.135513333333333015e+09,-8.906844455485212109e+01
7.135576666666666985e+09,-8.978047621052240856e+01
7.135640000000000000e+09,-8.973840047229033701e+01
7.135703333333333015e+09,-8.954881238989996461e+01
7.135766666666666985e+09,-9.004103657926675908e+01
7.135830000000000000e+09,-8.946618650674780326e+01
7.135893333333333015e+09,-8.977741787851979893e+01
7.135956666666666985e+09,-9.002358818404518104e+01
7.136020000000000000e+09,-9.123809320017556956e+01
7.136083333333333015e+09,-9.008221807490852484e+01
7.136146666666666985e+09,-9.032834634878993540e+01
7.136210000000000000e+09,-8.984532118502663423e+01
7.136273333333333015e+09,-9.007109751460318137e+01
7.136336666666666985e+09,-8.999469436182155846e+01
7.136400000000000000e+09,-8.938250901963340311e+01
7.136463333333333015e+09,-8.978798865269196483e+01
7.136526666666666985e+09,-8.973134028159037712e+01
7.136590000000000000e+09,-8.998032059530957838e+01
7.136653333333333015e+09,-9.017012524081582114e+01
7.136716666666666985e+09,-8.993145249656004125e+01
7.136780000000000000e+09,-9.024703896243926238e+01
7.136843333333333015e+09,-8.953177707662648288e+01
7.136906666666666985e+09,-9.044632610159142416e+01
7.136970000000000000e+09,-8.921550077594551453e+01
7.137033333333333015e+09,-8.904387020281568255e+01
7.137096666666666985e+09,-8.999921326711771030e+01
7.137160000000000000e+09,-9.003813211641278258e+01
7.137223333333333015e+09,-8.970897872610919421e+01
7.137286666666666985e+09,-8.996070352642377088e+01
7.137350000000000000e+09,-8.954101271129599127e+01
7.137413333333333015e+09,-8.967623074717984366e+01
7.137476666666666985e+09,-8.937820021326730568e+01
7.137540000000000000e+09,-8.983510671377976564e+01
7.137603333333333015e+09,-8.984265573238495506e+01
7.137666666666666985e+09,-8.946112447281907976e+01
7.137730000000000000e+09,-8.920778140148809143e+01
7.137793333333333015e+09,-8.940135622622101153e+01
7.137856666666666985e+09,-8.912888621591201854e+01
7.137920000000000000e+09,-8.950840796747814920e+01
7.137983333333333015e+09,-8.995359119548503202e+01
7.138046666666666985e+09,-8.950134559953239943e+01
7.138110000000000000e+09,-8.903532399070245162e+01
7.138173333333333015e+09,-8.947760864250496127e+01
7.138236666666666985e+09,-9.075325429137453170e+01
7.138300000000000000e+09,-9.008423646443230837e+01
7.138363333333333015e+09,-8.919947700006667901e+01
7.138426666666666985e+09,-8.948626723250553994e+01
7.138490000000000000e+09,-8.972141488925133501e+01
7.138553333333333015e+09,-8.968956842079234093e+01
7.138616666666666985e+09,-8.964944604970419562e+01
7.138680000000000000e+09,-8.972104617532593807e+01
7.138743333333333015e+09,-9.021486343935158914e+01
7.138806666666666985e+09,-8.916706125358095392e+01
7.138870000000000000e+09,-8.952628957078073313e+01
7.138933333333333015e+09,-8.978414852855183881e+01
7.138996666666666985e+09,-8.969889387417944704e+01
7.139060000000000000e+09,-8.993529774955796086e+01
7.139123333333333015e+09,-9.037055718957486761e+01
7.139186666666666985e+09,-8.964785511408221907e+01
7.139250000000000000e+09,-8.940584150937786490e+01
7.139313333333333015e+09,-8.974159908900163884e+01
7.139376666666666985e+09,-9.009227853338614977e+01
7.139440000000000000e+09,-9.040176707674218903e+01
7.139503333333333015e+09,-8.977466014953840556e+01
7.139566666666666985e+09,-9.032191877285562498e+01
7.139630000000000000e+09,-8.987044797666017359e+01
7.139693333333333015e+09,-9.042222121050578210e+01
7.139756666666666985e+09,-8.924359245129278406e+01
7.139820000000000000e+09,-9.005662904364439214e+01
7.139883333333333015e+09,-8.968166368410669520e+01
7.139946666666666985e+09,-9.045060033950299783e+01
7.140010000000000000e+09,-8.924846753161473600e+01
7.140073333333333015e+09,-8.986226492362354179e+01
7.140136666666666985e+09,-9.021621020025860105e+01
7.140200000000000000e+09,-8.984298622690832303e+01
7.140263333333333015e+09,-8.982779253034131273e+01
7.140326666666666985e+09,-8.929034125667072885e+01
7.140390000000000000e+09,-8.911200670493349207e+01
7.140453333333333015e+09,-9.010442551201970218e+01
7.140516666666666985e+09,-8.992173287907719725e+01
7.140580000000000000e+09,-8.914708113961361846e+01
7.140643333333333015e+09,-8.961171369526854846e+01
7.140706666666666985e+09,-8.934904456880278190e+01
7.140770000000000000e+09,-8.966096512194457091e+01
7.140833333333333015e+09,-8.954741447888525840e+01
7.140896666666666985e+09,-8.941926627313148401e+01
7.140960000000000000e+09,-8.936519063380390548e+01
7.141023333333333015e+09,-9.006906729761178099e+01
7.141086666666666985e+09,-8.872381602543043755e+01
7.141150000000000000e+09,-9.042005403747401715e+01
7.141213333333333015e+09,-8.916785307320593290e+01
7.141276666666666985e+09,-9.041717618297290926e+01
7.141340000000000000e+09,-9.035511088755293940e+01
7.141403333333333015e+09,-8.970788214134942962e+01
7.141466666666666985e+09,-8.937005726199843991e+01
7.141530000000000000e+09,-8.991052328686215844e+01
7.141593333333333015e+09,-8.967282338068201852e+01
7.141656666666666985e+09,-8.956514642706032703e+01
7.141720000000000000e+09,-8.940110532321506298e+01
7.141783333333333015e+09,-9.033823020891514943e+01
7.141846666666666985e+09,-8.953352973790417479e+01
7.141910000000000000e+09,-8.960085147400582173e+01
7.141973333333333015e+09,-9.000730002488893433e+01
7.142036666666666985e+09,-8.957879439767194185e+01
7.142100000000000000e+09,-8.968340701464617837e+01
7.142163333333333015e+09,-9.005646154548489335e+01
7.142226666666666985e+09,-9.026858229926700972e+01
7.142290000000000000e+09,-8.992979593643650560e+01
7.142353333333333015e+09,-9.006119964650156362e+01
7.142416666666666985e+09,-9.055265599843268376e+01
7.142480000000000000e+09,-8.995616412174291554e+01
7.142543333333333015e+09,-8.970980852131276606e+01
7.142606666666666985e+09,-8.964526847905659679e+01
7.142670000000000000e+09,-8.954041880619726612e+01
7.142733333333333015e+09,-8.960919879281541967e+01
7.142796666666666985e+09,-8.955640633945448315e+01
7.142860000000000000e+09,-8.953504132768161128e+01
7.142923333333333015e+09,-8.923247150970438213e+01
7.142986666666666985e+09,-8.970392720774414386e+01
7.143050000000000000e+09,-8.979947238764117401e+01
7.143113333333333015e+09,-8.961444006179108612e+01
7.143176666666666985e+09,-8.901322481514773699e+01
7.143240000000000000e+09,-9.079030074659300453e+01
7.143303333333333015e+09,-8.979471317737866798e+01
7.143366666666666985e+09,-8.975548513854143096e+01
7.143430000000000000e+09,-8.965181268471518194e+01
7.143493333333333015e+09,-9.010057709827505334e+01
7.143556666666666985e+09,-9.025319758529725789e+01
7.143620000000000000e+09,-9.029979220635968318e+01
7.143683333333333015e+09,-9.065571356481709131e+01
7.143746666666666985e+09,-8.897304887559586462e+01
7.143810000000000000e+09,-8.984443356010542914e+01
7.143873333333333015e+09,-9.089066617150420768e+01
7.143936666666666985e+09,-8.979273375323023743e+01
7.144000000000000000e+09,-8.996739953096590625e+01
7.144063333333333015e+09,-9.003557273163180241e+01
7.144126666666666985e+09,-9.002185655071251347e+01
7.144190000000000000e+09,-8.940405328254979622e+01
7.144253333333333015e+09,-8.964078016522387315e+01
7.144316666666666985e+09,-9.060231403221436608e+01
7.144380000000000000e+09,-8.921063217853114224e+01
7.144443333333333015e+09,-8.935077074889341020e+01
7.144506666666666985e+09,-8.968042149455926904e+01
7.144570000000000000e+09,-8.962323938454169081e+01
7.144633333333333015e+09,-8.901486200967104878e+01
7.144696666666666985e+09,-8.984650034285891707e+01
7.144760000000000000e+09,-8.970601106108716749e+01
7.144823333333333015e+09,-9.001366750725104282e+01
7.144886666666666985e+09,-8.885483767414288536e+01
7.144950000000000000e+09,-8.949434202470308719e+01
7.145013333333333015e+09,-8.935453273998621171e+01
7.145076666666666985e+09,-9.002210610110989819e+01
7.145140000000000000e+09,-9.004334475879774402e+01
7.145203333333333015e+09,-9.029748778453354419e+01
7.145266666666666985e+09,-8.985071050673076343e+01
7.145330000000000000e+09,-9.010999980061554027e+01
7.145393333333333015e+09,-9.001291215268298629e+01
7.145456666666666985e+09,-8.909787465786374128e+01
7.145520000000000000e+09,-8.971457620723300863e+01
7.145583333333333015e+09,-9.012491678715835519e+01
7.145646666666666985e+09,-9.041639362661811674e+01
7.145710000000000000e+09,-8.938414133766556802e+01
7.145773333333333015e+09,-9.003049548522912460e+01
7.145836666666666985e+09,-9.006753124210607098e+01
7.145900000000000000e+09,-8.989481757290896269e+01
7.145963333333333015e+09,-8.990944116308098444e+01
7.146026666666666985e+09,-9.043891226806493933e+01
7.146090000000000000e+09,-9.014547794518153978e+01
7.146153333333333015e+09,-8.968031524005532162e+01
7.146216666666666985e+09,-8.943820766786046761e+01
7.146280000000000000e+09,-8.955024161636133329e+01
7.146343333333333015e+09,-8.969078724397307667e+01
7.146406666666666985e+09,-9.021139738490933269e+01
7.146470000000000000e+09,-9.039097855471750620e+01
7.146533333333333015e+09,-9.010227200277027748e+01
7.146596666666666985e+09,-8.918287161258271567e+01
7.146660000000000000e+09,-8.929135827373815459e+01
7.146723333333333015e+09,-8.993786929170157407e+01
7.146786666666666985e+09,-8.942463728590792016e+01
7.146850000000000000e+09,-8.968535833058987805e+01
7.146913333333333015e+09,-8.978488719013193986e+01
7.146976666666666985e+09,-8.980844982909843566e+01
7.147040000000000000e+09,-9.002667445793149170e+01
7.147103333333333015e+09,-9.077051234871360919e+01
7.147166666666666985e+09,-9.012128733371230283e+01
7.147230000000000000e+09,-8.945308133325258382e+01
7.147293333333333015e+09,-8.982387767909288812e+01
7.147356666666666985e+09,-9.015115532443041957e+01
7.147420000000000000e+09,-8.996912036028733439e+01
7.147483333333333015e+09,-9.031636197595381077e+01
7.147546666666666985e+09,-8.916751666518926811e+01
7.147610000000000000e+09,-8.874509387520744497e+01
7.147673333333333015e+09,-8.999944300228560223e+01
7.147736666666666985e+09,-9.017685930579284559e+01
7.147800000000000000e+09,-8.974989322331904873e+01
7.147863333333333015e+09,-8.999237997772269182e+01
7.147926666666666985e+09,-8.955974515219025989e+01
7.147990000000000000e+09,-9.006974041966351763e+01
7.148053333333333015e+09,-8.956473087040131986e+01
7.148116666666666985e+09,-8.926421243066053535e+01
7.148180000000000000e+09,-8.993230835962278036e+01
7.148243333333333015e+09,-9.099074087177697834e+01
7.148306666666666985e+09,-9.014140433220356385e+01
7.148370000000000000e+09,-9.090164789176051841e+01
7.148433333333333015e+09,-9.045174982543420583e+01
7.148496666666666985e+09,-9.041240244374628787e+01
7.148560000000000000e+09,-9.099633383857278091e+01
7.148623333333333015e+09,-9.042327879157215875e+01
7.148686666666666985e+09,-9.089926892772582789e+01
7.148750000000000000e+09,-9.053858955711005763e+01
7.148813333333333015e+09,-9.185528701517984018e+01
7.148876666666666985e+09,-9.215952107918994329e+01
7.148940000000000000e+09,-9.091429620880118989e+01
7.149003333333333015e+09,-8.978907603686644734e+01
7.149066666666666985e+09,-9.031058232632585714e+01
7.149130000000000000e+09,-8.949607404055748816e+01
7.149193333333333015e+09,-9.081514326184903041e+01
7.149256666666666985e+09,-8.980773108568155294e+01
7.149320000000000000e+09,-9.018037695565922718e+01
7.149383333333333015e+09,-8.944185830832309136e+01
7.149446666666666985e+09,-8.952332273404060459e+01
7.149510000000000000e+09,-8.965190365897154834e+01
7.149573333333333015e+09,-8.928259209926194728e+01
7.149636666666666985e+09,-8.946922192856709444e+01
7.149700000000000000e+09,-8.994177988831697235e+01
7.149763333333333015e+09,-8.997763077761702277e+01
7.149826666666666985e+09,-8.966179982600736764e+01
7.149890000000000000e+09,-9.041893672252345482e+01
7.149953333333333015e+09,-9.039698888350331174e+01
7.150016666666666985e+09,-8.964057912141754514e+01
7.150080000000000000e+09,-9.041662696666296029e+01
7.150143333333333015e+09,-8.930496004655545050e+01
7.150206666666666985e+09,-8.934280458110418977e+01
7.150270000000000000e+09,-9.018825514272116095e+01
7.150333333333333015e+09,-8.947886734295903466e+01
7.150396666666666985e+09,-8.963830863781001312e+01
7.150460000000000000e+09,-9.031158088973874953e+01
7.150523333333333015e+09,-9.036795446715564140e+01
7.150586666666666985e+09,-8.981906328930654126e+01
7.150650000000000000e+09,-9.005169899347039575e+01
7.150713333333333015e+09,-9.008344447432604341e+01
7.150776666666666985e+09,-8.936558592538192158e+01
7.150840000000000000e+09,-9.033372985857747040e+01
7.150903333333333015e+09,-8.986710173078323294e+01
7.150966666666666985e+09,-8.909446221748143557e+01
7.151030000000000000e+09,-9.041025567885267833e+01
7.151093333333333015e+09,-8.965666846827224390e+01
7.151156666666666985e+09,-8.968560234956150623e+01
7.151220000000000000e+09,-8.966132934448515357e+01
7.151283333333333015e+09,-8.925140620936491587e+01
7.151346666666666985e+09,-8.942470872372081203e+01
7.151410000000000000e+09,-9.040068292786399695e+01
7.151473333333333015e+09,-8.930316782718375634e+01
7.151536666666666985e+09,-8.997385001042732711e+01
7.151600000000000000e+09,-9.017575749578652733e+01
7.151663333333333015e+09,-8.968116463588660281e+01
7.151726666666666985e+09,-9.056600561010682782e+01
7.151790000000000000e+09,-9.002487223317518783e+01
7.151853333333333015e+09,-9.078817072726988613e+01
7.151916666666666985e+09,-9.017012026892783183e+01
7.151980000000000000e+09,-9.051769882293726255e+01
7.152043333333333015e+09,-8.961033054199985770e+01
7.152106666666666985e+09,-9.030034195096163785e+01
7.152170000000000000e+09,-8.956209391655741570e+01
7.152233333333333015e+09,-9.008085897629666761e+01
7.152296666666666985e+09,-8.962755698579351815e+01
7.152360000000000000e+09,-9.012375976050873305e+01
7.152423333333333015e+09,-9.005134817856981044e+01
7.152486666666666985e+09,-9.038215576189574563e+01
7.152550000000000000e+09,-9.005905481069407870e+01
7.152613333333333015e+09,-8.967681154260273502e+01
7.152676666666666985e+09,-8.898770138599581969e+01
7.152740000000000000e+09,-9.002588169207000135e+01
7.152803333333333015e+09,-8.905203713371066954e+01
7.152866666666666985e+09,-8.968442995364041792e+01
7.152930000000000000e+09,-8.977106072204233556e+01
7.152993333333333015e+09,-8.961671386178559828e+01
7.153056666666666985e+09,-9.082209494701626795e+01
7.153120000000000000e+09,-8.971695397173441222e+01
7.153183333333333015e+09,-8.923503345352786198e+01
7.153246666666666985e+09,-9.073876840086759898e+01
7.153310000000000000e+09,-8.989171989233157944e+01
7.153373333333333015e+09,-8.952330180095589185e+01
7.153436666666666985e+09,-9.016614688353337215e+01
7.153500000000000000e+09,-8.977985265474130472e+01
7.153563333333333015e+09,-8.966744591432811262e+01
7.153626666666666985e+09,-9.044441455666208185e+01
7.153690000000000000e+09,-8.962022535708013038e+01
7.153753333333333015e+09,-8.985131555228420552e+01
7.153816666666666985e+09,-8.986327355668424843e+01
7.153880000000000000e+09,-8.943483428170554816e+01
7.153943333333333015e+09,-9.061162036483544568e+01
7.154006666666666985e+09,-8.929100094577300695e+01
7.154070000000000000e+09,-9.000444993067711152e+01
7.154133333333333015e+09,-9.019351654419473618e+01
7.154196666666666985e+09,-8.927554952972165836e+01
7.154260000000000000e+09,-9.035168831911641973e+01
7.154323333333333015e+09,-8.976091440958131784e+01
7.154386666666666985e+09,-8.902700838900804570e+01
7.154450000000000000e+09,-8.944266569893915175e+01
7.154513333333333015e+09,-9.020648825582861718e+01
7.154576666666666985e+09,-8.964441205618010144e+01
7.154640000000000000e+09,-8.979837330337410606e+01
7.154703333333333015e+09,-8.935943212619622500e+01
7.154766666666666985e+09,-8.991206962315663986e+01
7.154830000000000000e+09,-8.976052535749347783e+01
7.154893333333333015e+09,-8.987302693787458452e+01
7.154956666666666985e+09,-8.991869520648054959e+01
7.155020000000000000e+09,-8.942132517464060015e+01
7.155083333333333015e+09,-8.944539875196282708e+01
7.155146666666666985e+09,-9.020359831430704389e+01
7.155210000000000000e+09,-9.030493053857114205e+01
7.155273333333333015e+09,-8.958189260340344617e+01
7.155336666666666985e+09,-9.022445790831457657e+01
7.155400000000000000e+09,-8.994424179570569322e+01
7.155463333333333015e+09,-8.901656102567957873e+01
7.155526666666666985e+09,-8.962432058674038160e+01
7.155590000000000000e+09,-9.028742378650002820e+01
7.155653333333333015e+09,-8.923649851836083258e+01
7.155716666666666985e+09,-8.974951978080889603e+01
7.155780000000000000e+09,-9.005966362256651792e+01
7.155843333333333015e+09,-9.012677675411417511e+01
7.155906666666666985e+09,-9.010968989905897786e+01
7.155970000000000000e+09,-8.986772203287686978e+01
7.156033333333333015e+09,-9.046163939393545661e+01
7.156096666666666985e+09,-9.021698255476550798e+01
7.156160000000000000e+09,-9.004811022557503009e+01
7.156223333333333015e+09,-9.003556559019436634e+01
7.156286666666666985e+09,-9.004157376564856463e+01
7.156350000000000000e+09,-8.928220624755206813e+01
7.156413333333333015e+09,-9.005329976539775316e+01
7.156476666666666985e+09,-8.982126049100413923e+01
7.156540000000000000e+09,-9.027548633245100973e+01
7.156603333333333015e+09,-8.949146561047950854e+01
7.156666666666666985e+09,-8.986316290354963598e+01
7.156730000000000000e+09,-9.058778631019946204e+01
7.156793333333333015e+09,-9.029969653449298050e+01
7.156856666666666985e+09,-8.957635069397719008e+01
7.156920000000000000e+09,-8.963116672244572669e+01
7.156983333333333015e+09,-9.012337326344011501e+01
7.157046666666666985e+09,-9.007054762253217461e+01
7.157110000000000000e+09,-8.991677030130715309e+01
7.157173333333333015e+09,-8.975515097328664638e+01
7.157236666666666985e+09,-8.973707373986277958e+01
7.157300000000000000e+09,-9.089059230783242072e+01
7.157363333333333015e+09,-8.948503169004972335e+01
7.157426666666666985e+09,-8.898059797313098329e+01
7.157490000000000000e+09,-9.006584969437665222e+01
7.157553333333333015e+09,-8.989751856680945252e+01
7.157616666666666985e+09,-8.950823286116188626e+01
7.157680000000000000e+09,-8.955497715308210616e+01
7.157743333333333015e+09,-8.931147388976685875e+01
7.157806666666666985e+09,-8.988407039365671380e+01
7.157870000000000000e+09,-8.979167926863047455e+01
7.157933333333333015e+09,-8.944887919466337678e+01
7.157996666666666985e+09,-9.009716756215073019e+01
7.158060000000000000e+09,-8.991840525860682476e+01
7.158123333333333015e+09,-8.893398133354114066e+01
7.158186666666666985e+09,-8.991987797300524221e+01
7.158250000000000000e+09,-8.983435350027758659e+01
7.158313333333333015e+09,-8.954905961068639897e+01
7.158376666666666985e+09,-8.955473422041039555e+01
7.158440000000000000e+09,-8.974927078714378581e+01
7.158503333333333015e+09,-8.959383610712376367e+01
7.158566666666666985e+09,-8.846089284440478195e+01
7.158630000000000000e+09,-9.017827364913527788e+01
7.158693333333333015e+09,-8.907833789752656628e+01
7.158756666666666985e+09,-9.042460252687320121e+01
7.158820000000000000e+09,-8.927372144973638513e+01
7.158883333333333015e+09,-8.958145632712627560e+01
7.158946666666666985e+09,-8.991610802917635681e+01
7.159010000000000000e+09,-8.994788341453825353e+01
7.159073333333333015e+09,-8.949185128971713254e+01
7.159136666666666985e+09,-8.999684260921327450e+01
7.159200000000000000e+09,-8.965217069778762493e+01
7.159263333333333015e+09,-9.023150155710844444e+01
7.159326666666666985e+09,-8.973118392516020947e+01
7.159390000000000000e+09,-9.011635661442085166e+01
7.159453333333333015e+09,-8.970682198320679390e+01
7.159516666666666985e+09,-8.963332250944134216e+01
7.159580000000000000e+09,-9.050032258618597325e+01
7.159643333333333015e+09,-8.983451237832737490e+01
7.159706666666666985e+09,-8.973794225213154618e+01
7.159770000000000000e+09,-9.025127634162896584e+01
7.159833333333333015e+09,-9.034613711018960203e+01
7.159896666666666985e+09,-9.002751679402555851e+01
7.159960000000000000e+09,-8.912212468848368019e+01
7.160023333333333015e+09,-8.954625472121719554e+01
7.160086666666666985e+09,-8.941182055231293191e+01
7.160150000000000000e+09,-9.049365963693730919e+01
7.160213333333333015e+09,-9.027694151906308662e+01
7.160276666666666985e+09,-8.959824839806999819e+01
7.160340000000000000e+09,-8.977379541636254601e+01
7.160403333333333015e+09,-8.894439422791833749e+01
7.160466666666666985e+09,-8.942581312377585334e+01
7.160530000000000000e+09,-9.052932082518280765e+01
7.160593333333333015e+09,-8.945988687431751885e+01
7.160656666666666985e+09,-8.983310876201649364e+01
7.160720000000000000e+09,-9.110078793973960387e+01
7.160783333333333015e+09,-9.041358987792193602e+01
7.160846666666666985e+09,-8.976900008975574963e+01
7.160910000000000000e+09,-9.010096843495415442e+01
7.160973333333333015e+09,-8.975565759133655774e+01
7.161036666666666985e+09,-9.007442364991420902e+01
7.161100000000000000e+09,-8.974391558919889178e+01
7.161163333333333015e+09,-8.926995906216559717e+01
7.161226666666666985e+09,-8.952996567827739227e+01
7.161290000000000000e+09,-9.072376398660864538e+01
7.161353333333333015e+09,-9.026540708880013142e+01
7.161416666666666985e+09,-8.956541499862899514e+01
7.161480000000000000e+09,-8.947200798989436521e+01
7.161543333333333015e+09,-9.092738725003030709e+01
7.161606666666666985e+09,-9.039432581951396628e+01
7.161670000000000000e+09,-8.936944048662965656e+01
7.161733333333333015e+09,-8.992845597259737644e+01
7.161796666666666985e+09,-8.971594780117867174e+01
7.161860000000000000e+09,-8.952143374119484065e+01
7.161923333333333015e+09,-8.962576359426775241e+01
7.161986666666666985e+09,-8.879245983999172154e+01
7.162050000000000000e+09,-8.992246631404414359e+01
7.162113333333333015e+09,-8.968644494107975618e+01
7.162176666666666985e+09,-9.059734577119866117e+01
7.162240000000000000e+09,-9.038905785491650136e+01
7.162303333333333015e+09,-9.003293759701401200e+01
7.162366666666666985e+09,-8.965433364231829216e+01
7.162430000000000000e+09,-8.995286342256754608e+01
7.162493333333333015e+09,-8.938992241772399439e+01
7.162556666666666985e+09,-9.020200971017158054e+01
7.162620000000000000e+09,-8.977786270791571610e+01
7.162683333333333015e+09,-9.029906753374885398e+01
7.162746666666666985e+09,-8.899425279904832564e+01
7.162810000000000000e+09,-9.002844845472417035e+01
7.162873333333333015e+09,-8.963367616753291145e+01
7.162936666666666985e+09,-9.103748451543370379e+01
7.163000000000000000e+09,-8.984989590458278030e+01
7.163063333333333015e+09,-9.004063454785028853e+01
7.163126666666666985e+09,-8.938140029825561328e+01
7.163190000000000000e+09,-9.008304389993082850e+01
7.163253333333333015e+09,-8.979965986476969420e+01
7.163316666666666985e+09,-9.001765790216309426e+01
7.163380000000000000e+09,-9.003463105454312654e+01
7.163443333333333015e+09,-9.035433221093444445e+01
7.163506666666666985e+09,-9.019443055891767358e+01
7.163570000000000000e+09,-8.990946530772757228e+01
7.163633333333333015e+09,-8.967090392313829739e+01
7.163696666666666985e+09,-8.980506070594691437e+01
7.163760000000000000e+09,-9.042498179340327624e+01
7.163823333333333015e+09,-8.959677932984553195e+01
7.163886666666666985e+09,-9.042376899122533018e+01
7.163950000000000000e+09,-9.050780748038162926e+01
7.164013333333333015e+09,-8.984893674181292056e+01
7.164076666666666985e+09,-8.957222233213256857e+01
7.164140000000000000e+09,-9.023130767651240092e+01
7.164203333333333015e+09,-9.004778986224978610e+01
7.164266666666666985e+09,-8.998033936830057655e+01
7.164330000000000000e+09,-8.991537442091244259e+01
7.164393333333333015e+09,-8.944899904559228787e+01
7.164456666666666985e+09,-8.934527345182489455e+01
7.164520000000000000e+09,-8.954398162578131348e+01
7.164583333333333015e+09,-8.949370792864348800e+01
7.164646666666666985e+09,-8.980178190011429251e+01
7.164710000000000000e+09,-9.003183857543493218e+01
7.164773333333333015e+09,-8.995945015055929161e+01
7.164836666666666985e+09,-8.977017693841447965e+01
7.164900000000000000e+09,-8.905483516350892614e+01
7.164963333333333015e+09,-8.979687486831815590e+01
7.165026666666666985e+09,-9.008381799052715166e+01
7.165090000000000000e+09,-8.900287123394767264e+01
7.165153333333333015e+09,-9.014874181038800316e+01
7.165216666666666985e+09,-9.059535812598167581e+01
7.165280000000000000e+09,-9.048791876964189385e+01
7.165343333333333015e+09,-9.072740705252017790e+01
7.165406666666666985e+09,-8.920810832861981510e+01
7.165470000000000000e+09,-8.982669251051170534e+01
7.165533333333333015e+09,-9.033421615525367088e+01
7.165596666666666985e+09,-9.008003244973862422e+01
7.165660000000000000e+09,-8.969502331343096557e+01
7.165723333333333015e+09,-9.018153902451956583e+01
7.165786666666666985e+09,-8.998140287582971553e+01
7.165850000000000000e+09,-9.063230780260538211e+01
7.165913333333333015e+09,-8.954219681898386796e+01
7.165976666666666985e+09,-8.975112262843857991e+01
7.166040000000000000e+09,-9.055719303304384482e+01
7.166103333333333015e+09,-9.060607622837446229e+01
7.166166666666666985e+09,-9.031751402269338769e+01
7.166230000000000000e+09,-8.965090481730591421e+01
7.166293333333333015e+09,-8.962841339290233122e+01
7.166356666666666985e+09,-9.008815327118199434e+01
7.166420000000000000e+09,-9.035756659147521930e+01
7.166483333333333015e+09,-8.958955987730477943e+01
7.166546666666666985e+09,-9.024437447225793107e+01
7.166610000000000000e+09,-8.999089361034259582e+01
7.166673333333333015e+09,-9.002780437805023439e+01
7.166736666666666985e+09,-9.039214174495452880e+01
7.166800000000000000e+09,-9.071840888481104059e+01
7.166863333333333015e+09,-8.955247442320627727e+01
7.166926666666666985e+09,-9.057010165306112981e+01
7.166990000000000000e+09,-9.001166980793902894e+01
7.167053333333333015e+09,-8.942606633666237315e+01
7.167116666666666985e+09,-9.004357663500357489e+01
7.167180000000000000e+09,-8.923886965367934465e+01
7.167243333333333015e+09,-8.963990433968993443e+01
7.167306666666666985e+09,-8.992886414710372378e+01
7.167370000000000000e+09,-8.964277361293356705e+01
7.167433333333333015e+09,-8.989317694945464154e+01
7.167496666666666985e+09,-8.913343615522768459e+01
7.167560000000000000e+09,-9.007169540821963949e+01
7.167623333333333015e+09,-8.983750320319890648e+01
7.167686666666666985e+09,-8.990590733396876999e+01
7.167750000000000000e+09,-9.045209933535950597e+01
7.167813333333333015e+09,-8.951932546242917965e+01
7.167876666666666985e+09,-9.038054164944804825e+01
7.167940000000000000e+09,-8.999184273511913545e+01
7.168003333333333015e+09,-8.953088119643967957e+01
7.168066666666666985e+09,-8.991470175977289614e+01
7.168130000000000000e+09,-9.057718420683650606e+01
7.168193333333333015e+09,-8.995005490416818361e+01
7.168256666666666985e+09,-8.914441983502351263e+01
7.168320000000000000e+09,-8.982120970152236339e+01
7.168383333333333015e+09,-8.929372264047175634e+01
7.168446666666666985e+09,-9.030031276025125919e+01
7.168510000000000000e+09,-9.023870071193519493e+01
7.168573333333333015e+09,-9.056363006751730893e+01
7.168636666666666985e+09,-8.951205020927889677e+01
7.168700000000000000e+09,-9.024001071803878915e+01
7.168763333333333015e+09,-8.979981057479912465e+01
7.168826666666666985e+09,-9.097933819548663337e+01
7.168890000000000000e+09,-9.048694336400275517e+01
7.168953333333333015e+09,-9.018460316652590336e+01
7.169016666666666985e+09,-9.052784956486731005e+01
7.169080000000000000e+09,-9.006547716707318330e+01
7.169143333333333015e+09,-9.000565917019228834e+01
7.169206666666666985e+09,-8.973013078668537901e+01
7.169270000000000000e+09,-9.013563122787964232e+01
7.169333333333333015e+09,-9.008427622375475607e+01
7.169396666666666985e+09,-8.965368872574686065e+01
7.169460000000000000e+09,-8.966241361284453149e+01
7.169523333333333015e+09,-9.021594946140594118e+01
7.169586666666666985e+09,-9.064154760086188389e+01
7.169650000000000000e+09,-8.960888801857157659e+01
7.169713333333333015e+09,-9.026516695986285299e+01
7.169776666666666985e+09,-9.026548619627271819e+01
7.169840000000000000e+09,-8.988702367674493132e+01
7.169903333333333015e+09,-8.993426623061216674e+01
7.169966666666666985e+09,-8.993556322353722976e+01
7.170030000000000000e+09,-8.966623381494328271e+01
7.170093333333333015e+09,-8.978309960811414214e+01
7.170156666666666985e+09,-9.000160523137446944e+01
7.170220000000000000e+09,-8.978614937484314851e+01
7.170283333333333015e+09,-8.991519079888634280e+01
7.170346666666666985e+09,-8.958783929783868416e+01
7.170410000000000000e+09,-9.025905170056034876e+01
7.170473333333333015e+09,-9.042375594985563225e+01
7.170536666666666985e+09,-8.925404793907814849e+01
7.170600000000000000e+09,-9.061288552951819497e+01
7.170663333333333015e+09,-9.029465262143160942e+01
7.170726666666666985e+09,-8.971450629963746337e+01
7.170790000000000000e+09,-8.997073969523640358e+01
7.170853333333333015e+09,-9.003454306066382173e+01
7.170916666666666985e+09,-8.899947199479922233e+01
7.170980000000000000e+09,-8.958313836751914039e+01
7.171043333333333015e+09,-9.035845243626474144e+01
7.171106666666666985e+09,-9.079665123847748021e+01
7.171170000000000000e+09,-8.967195455057243691e+01
7.171233333333333015e+09,-8.955676992236192291e+01
7.171296666666666985e+09,-8.982726516898875957e+01
7.171360000000000000e+09,-8.965173023604987179e+01
7.171423333333333015e+09,-9.041890911523836394e+01
7.171486666666666985e+09,-9.010267906464399346e+01
7.171550000000000000e+09,-8.984138699463625244e+01
7.171613333333333015e+09,-8.997256571017489080e+01
7.171676666666666985e+09,-9.012575837069478268e+01
7.171740000000000000e+09,-9.064040066918533967e+01
7.171803333333333015e+09,-9.011457364905551515e+01
7.171866666666666985e+09,-8.943007840698258804e+01
7.171930000000000000e+09,-9.001081692148378011e+01
7.171993333333333015e+09,-8.949200722931401231e+01
7.172056666666666985e+09,-8.901894133172304180e+01
7.172120000000000000e+09,-9.002225629264987106e+01
7.172183333333333015e+09,-8.986296853820743991e+01
7.172246666666666985e+09,-8.994687180014696537e+01
7.172310000000000000e+09,-9.032840267455293315e+01
7.172373333333333015e+09,-9.009957047330229329e+01
7.172436666666666985e+09,-8.997241342444850432e+01
7.172500000000000000e+09,-9.105994578422172481e+01
7.172563333333333015e+09,-8.987331138370936401e+01
7.172626666666666985e+09,-8.940925013693924939e+01
7.172690000000000000e+09,-9.021580174233561422e+01
7.172753333333333015e+09,-9.008876467382903286e+01
7.172816666666666985e+09,-9.000217221063032014e+01
7.172880000000000000e+09,-8.999404757593669046e+01
7.172943333333333015e+09,-8.934341670988132478e+01
7.173006666666666985e+09,-8.930527304111532771e+01
7.173070000000000000e+09,-9.056130255872785995e+01
7.173133333333333015e+09,-9.003986297319279686e+01
7.173196666666666985e+09,-8.936960400810585270e+01
7.173260000000000000e+09,-9.077765968984786582e+01
7.173323333333333015e+09,-9.022889638804068113e+01
7.173386666666666985e+09,-8.988150547538805313e+01
7.173450000000000000e+09,-8.880357932468685078e+01
7.173513333333333015e+09,-8.931750809757046738e+01
7.173576666666666985e+09,-8.987631544171290443e+01
7.173640000000000000e+09,-8.994588871302207167e+01
7.173703333333333015e+09,-8.930345239489653864e+01
7.173766666666666985e+09,-8.975910547044129828e+01
7.173830000000000000e+09,-9.002913380118525311e+01
7.173893333333333015e+09,-8.966246500719122992e+01
7.173956666666666985e+09,-8.998166289748706959e+01
7.174020000000000000e+09,-9.038088442479377704e+01
7.174083333333333015e+09,-9.032588128658430549e+01
7.174146666666666985e+09,-9.045804375968634758e+01
7.174210000000000000e+09,-8.940240784621829562e+01
7.174273333333333015e+09,-8.968270720290843201e+01
7.174336666666666985e+09,-8.982567216967481727e+01
7.174400000000000000e+09,-8.995827500690440104e+01
7.174463333333333015e+09,-8.991620444080901109e+01
7.174526666666666985e+09,-9.001059786454825939e+01
7.174590000000000000e+09,-9.030747931328001243e+01
7.174653333333333015e+09,-8.977082365457839330e+01
7.174716666666666985e+09,-8.998411794009211917e+01
7.174780000000000000e+09,-8.995257108100221899e+01
7.174843333333333015e+09,-9.003771931922847216e+01
7.174906666666666985e+09,-8.908393506263524841e+01
7.174970000000000000e+09,-8.968730634753255515e+01
7.175033333333333015e+09,-8.963772674656550521e+01
7.175096666666666985e+09,-8.972630963363732803e+01
7.175160000000000000e+09,-9.032669150882594522e+01
7.175223333333333015e+09,-9.016805271118572307e+01
7.175286666666666985e+09,-8.959847768729106576e+01
7.175350000000000000e+09,-8.991233767904715535e+01
7.175413333333333015e+09,-9.012609498412091114e+01
7.175476666666666985e+09,-8.955872975335552155e+01
7.175540000000000000e+09,-9.059783409720922975e+01
7.175603333333333015e+09,-8.996285834367917289e+01
7.175666666666666985e+09,-8.927140242986502017e+01
7.175730000000000000e+09,-9.077136284511070130e+01
7.175793333333333015e+09,-9.000737644379066182e+01
7.175856666666666985e+09,-9.045592572781130514e+01
7.175920000000000000e+09,-9.044710153617521087e+01
7.175983333333333015e+09,-9.058004890127327258e+01
7.176046666666666985e+09,-8.944129136462868246e+01
7.176110000000000000e+09,-9.060215294338929937e+01
7.176173333333333015e+09,-9.031962448788070219e+01
7.176236666666666985e+09,-8.974898946132069000e+01
7.176300000000000000e+09,-9.034717350313144379e+01
7.176363333333333015e+09,-9.030855953092682853e+01
7.176426666666666985e+09,-8.997035933014370812e+01
7.176490000000000000e+09,-9.064443551697921464e+01
7.176553333333333015e+09,-8.988828153114539532e+01
7.176616666666666985e+09,-9.021064697877878302e+01
7.176680000000000000e+09,-8.930920641889669298e+01
7.176743333333333015e+09,-9.077413572101463046e+01
7.176806666666666985e+09,-9.070840948818860738e+01
7.176870000000000000e+09,-9.013717749302431059e+01
7.176933333333333015e+09,-8.956790996563188401e+01
7.176996666666666985e+09,-8.978952163938352271e+01
7.177060000000000000e+09,-8.993284481500376160e+01
7.177123333333333015e+09,-8.987022619798274548e+01
7.177186666666666985e+09,-8.982499741159465145e+01
7.177250000000000000e+09,-9.057423648772557101e+01
7.177313333333333015e+09,-9.026253224517353146e+01
7.177376666666666985e+09,-8.935779861891566611e+01
7.177440000000000000e+09,-9.089447941361873973e+01
7.177503333333333015e+09,-8.989064010999859988e+01
7.177566666666666985e+09,-8.952217549973225630e+01
7.177630000000000000e+09,-9.029817927345209227e+01
7.177693333333333015e+09,-9.041361871866251931e+01
7.177756666666666985e+09,-8.968796428975261392e+01
7.177820000000000000e+09,-8.948829868244490626e+01
7.177883333333333015e+09,-8.975625641942534116e+01
7.177946666666666985e+09,-8.970245613694086728e+01
7.178010000000000000e+09,-8.953655609269831928e+01
7.178073333333333015e+09,-9.022050372046041389e+01
7.178136666666666985e+09,-8.975765940517021590e+01
7.178200000000000000e+09,-9.036842363011190571e+01
7.178263333333333015e+09,-8.953303584398440762e+01
7.178326666666666985e+09,-8.974672129169915991e+01
7.178390000000000000e+09,-8.998105865512704327e+01
7.178453333333333015e+09,-9.078882093587591839e+01
7.178516666666666985e+09,-8.925470292564205010e+01
7.178580000000000000e+09,-9.122663822521471388e+01
7.178643333333333015e+09,-8.973534838506412825e+01
7.178706666666666985e+09,-8.963987282193960482e+01
7.178770000000000000e+09,-8.969710416667589925e+01
7.178833333333333015e+09,-9.115344974492872154e+01
7.178896666666666985e+09,-9.079652000025308212e+01
7.178960000000000000e+09,-9.093503011935572999e+01
7.179023333333333015e+09,-9.037394187733065110e+01
7.179086666666666985e+09,-8.989281535043500071e+01
7.179150000000000000e+09,-8.960011338499413114e+01
7.179213333333333015e+09,-8.977246822821014405e+01
7.179276666666666985e+09,-8.976938988247121642e+01
7.179340000000000000e+09,-8.929234683843232290e+01
7.179403333333333015e+09,-9.021699267790575050e+01
7.179466666666666985e+09,-8.940839613827074572e+01
7.179530000000000000e+09,-9.069702863287412242e+01
7.179593333333333015e+09,-8.997587852021197818e+01
7.179656666666666985e+09,-9.002054845886644330e+01
7.179720000000000000e+09,-9.028771711836022007e+01
7.179783333333333015e+09,-8.966845545804056883e+01
7.179846666666666985e+09,-8.972128862759734602e+01
7.179910000000000000e+09,-8.968481984422601272e+01
7.179973333333333015e+09,-9.092422267433593674e+01
7.180036666666666985e+09,-9.026961925971795608e+01
7.180100000000000000e+09,-9.066712885430322899e+01
7.180163333333333015e+09,-8.932823592748403030e+01
7.180226666666666985e+09,-9.088433854830989844e+01
7.180290000000000000e+09,-8.930774215296729324e+01
7.180353333333333015e+09,-9.051430336810076938e+01
7.180416666666666985e+09,-9.106610939392800219e+01
7.180480000000000000e+09,-8.961937806936491313e+01
7.180543333333333015e+09,-8.996432096284416957e+01
7.180606666666666985e+09,-8.954449592563115345e+01
7.180670000000000000e+09,-9.072691941447595809e+01
7.180733333333333015e+09,-9.017451094780082599e+01
7.180796666666666985e+09,-9.048756232430645241e+01
7.180860000000000000e+09,-8.984259401650854215e+01
7.180923333333333015e+09,-9.008986395016114557e+01
7.180986666666666985e+09,-9.082817157289427712e+01
7.181050000000000000e+09,-9.097830766540086245e+01
7.181113333333333015e+09,-9.256425764481539886e+01
7.181176666666666985e+09,-9.165152410203218381e+01
7.181240000000000000e+09,-9.300917518736845579e+01
7.181303333333333015e+09,-9.420636937944456690e+01
7.181366666666666985e+09,-9.295212803998630591e+01
7.181430000000000000e+09,-9.086310205898030290e+01
7.181493333333333015e+09,-9.088549663315302496e+01
7.181556666666666985e+09,-9.044955249837316558e+01
7.181620000000000000e+09,-9.016479176886831226e+01
7.181683333333333015e+09,-9.105178076056321856e+01
7.181746666666666985e+09,-9.025639832872299451e+01
7.181810000000000000e+09,-9.097489976093746122e+01
7.181873333333333015e+09,-8.959712060177906778e+01
7.181936666666666985e+09,-8.958183362780984282e+01
7.182000000000000000e+09,-9.061244305072872862e+01
7.182063333333333015e+09,-9.096873983528374197e+01
7.182126666666666985e+09,-9.066685837308212115e+01
7.182190000000000000e+09,-8.951698038859279904e+01
7.182253333333333015e+09,-9.016213699347423471e+01
7.182316666666666985e+09,-9.006336312627092866e+01
7.182380000000000000e+09,-9.024894952186046737e+01
7.182443333333333015e+09,-9.069472350480700129e+01
7.182506666666666985e+09,-9.027145150965252185e+01
7.182570000000000000e+09,-9.041495790483136830e+01
7.182633333333333015e+09,-9.042273833853720078e+01
7.182696666666666985e+09,-9.027381380102477237e+01
7.182760000000000000e+09,-9.010840467930026421e+01
7.182823333333333015e+09,-9.043241341844195347e+01
7.182886666666666985e+09,-8.997497918544655704e+01
7.182950000000000000e+09,-9.086531430117069874e+01
7.183013333333333015e+09,-8.917158173908687502e+01
7.183076666666666985e+09,-9.082328522825028472e+01
7.183140000000000000e+09,-9.038944982139366857e+01
7.183203333333333015e+09,-9.029205206978168974e+01
7.183266666666666985e+09,-9.001018888264722762e+01
7.183330000000000000e+09,-9.051419632664823212e+01
7.183393333333333015e+09,-8.965543617370605034e+01
7.183456666666666985e+09,-9.050160260115524125e+01
7.183520000000000000e+09,-9.019502590156689337e+01
7.183583333333333015e+09,-9.034457597683044128e+01
7.183646666666666985e+09,-8.978213682263147177e+01
7.183710000000000000e+09,-8.992222310932976370e+01
7.183773333333333015e+09,-8.998592250215091326e+01
7.183836666666666985e+09,-9.007807940756595144e+01
7.183900000000000000e+09,-9.157163490015405216e+01
7.183963333333333015e+09,-8.949198316208264714e+01
7.184026666666666985e+09,-8.972819313050271717e+01
7.184090000000000000e+09,-9.035969071836018429e+01
7.184153333333333015e+09,-9.114431658535494307e+01
7.184216666666666985e+09,-9.070430485514592078e+01
7.184280000000000000e+09,-9.025712466954200863e+01
7.184343333333333015e+09,-8.978433435995880529e+01
7.184406666666666985e+09,-8.939811628401318444e+01
7.184470000000000000e+09,-9.126340030954725080e+01
7.184533333333333015e+09,-9.030082339397571900e+01
7.184596666666666985e+09,-9.097742135454261359e+01
7.184660000000000000e+09,-8.963924523952132972e+01
7.184723333333333015e+09,-9.053356185116712140e+01
7.184786666666666985e+09,-9.026999664974887594e+01
7.184850000000000000e+09,-8.992861465663905562e+01
7.184913333333333015e+09,-9.106416214436293899e+01
7.184976666666666985e+09,-9.115308531689473170e+01
7.185040000000000000e+09,-9.060737426683286344e+01
7.185103333333333015e+09,-9.050065211040170254e+01
7.185166666666666985e+09,-8.920412960834789828e+01
7.185230000000000000e+09,-9.049406180817442191e+01
7.185293333333333015e+09,-9.052596004008053399e+01
7.185356666666666985e+09,-9.091703423086612190e+01
7.185420000000000000e+09,-9.004366562050367406e+01
7.185483333333333015e+09,-9.005250755627341164e+01
7.185546666666666985e+09,-9.051915827129776915e+01
7.185610000000000000e+09,-9.037856576452549007e+01
7.185673333333333015e+09,-8.999430564054561899e+01
7.185736666666666985e+09,-9.071170870447927825e+01
7.185800000000000000e+09,-8.966042717943633988e+01
7.185863333333333015e+09,-9.019142231106260965e+01
7.185926666666666985e+09,-9.102516784090022384e+01
7.185990000000000000e+09,-9.086688361619978593e+01
7.186053333333333015e+09,-9.043787741825362048e+01
7.186116666666666985e+09,-9.023514316188828843e+01
7.186180000000000000e+09,-8.998551036308116124e+01
7.186243333333333015e+09,-9.003135503552326213e+01
7.186306666666666985e+09,-9.024834912433402678e+01
7.186370000000000000e+09,-9.070978833958234588e+01
7.186433333333333015e+09,-9.071423114977839930e+01
7.186496666666666985e+09,-9.054671957922658976e+01
7.186560000000000000e+09,-9.049401124950577469e+01
7.186623333333333015e+09,-9.087274237777674557e+01
7.186686666666666985e+09,-8.927895886522472324e+01
7.186750000000000000e+09,-9.046532010267596036e+01
7.186813333333333015e+09,-9.025278581093687080e+01
7.186876666666666985e+09,-9.055568896660909672e+01
7.186940000000000000e+09,-9.016381521733987370e+01
7.187003333333333015e+09,-9.057438845268590910e+01
7.187066666666666985e+09,-9.127656933910651560e+01
7.187130000000000000e+09,-9.022081625941069660e+01
7.187193333333333015e+09,-8.968522543829675442e+01
7.187256666666666985e+09,-9.014161532090412265e+01
7.187320000000000000e+09,-9.028753819995537810e+01
7.187383333333333015e+09,-9.061204607467175265e+01
7.187446666666666985e+09,-8.980136010018931358e+01
7.187510000000000000e+09,-8.923270642899080940e+01
7.187573333333333015e+09,-9.027566829781527247e+01
7.187636666666666985e+09,-9.015677888159004283e+01
7.187700000000000000e+09,-9.062032761778982604e+01
7.187763333333333015e+09,-9.094541567559690520e+01
7.187826666666666985e+09,-9.037146077371556885e+01
7.187890000000000000e+09,-9.042835935900966149e+01
7.187953333333333015e+09,-8.952229569217378469e+01
7.188016666666666985e+09,-9.018926550817978693e+01
7.188080000000000000e+09,-9.099038254652757018e+01
7.188143333333333015e+09,-9.044958031205796090e+01
7.188206666666666985e+09,-8.951651195419569262e+01
7.188270000000000000e+09,-9.000885922868503997e+01
7.188333333333333015e+09,-9.036421983127868884e+01
7.188396666666666985e+09,-9.030955803690247308e+01
7.188460000000000000e+09,-9.046637597931351138e+01
7.188523333333333015e+09,-9.072933033518987145e+01
7.188586666666666985e+09,-9.134278783310614358e+01
7.188650000000000000e+09,-9.051023838079636619e+01
7.188713333333333015e+09,-9.049905563719470081e+01
7.188776666666666985e+09,-9.125564293817525652e+01
7.188840000000000000e+09,-9.062212817204309090e+01
7.188903333333333015e+09,-8.969243975837740379e+01
7.188966666666666985e+09,-9.128798546206468245e+01
7.189030000000000000e+09,-8.924899775249909339e+01
7.189093333333333015e+09,-9.031110490907978772e+01
7.189156666666666985e+09,-9.074530032392971179e+01
7.189220000000000000e+09,-9.000684501776966329e+01
7.189283333333333015e+09,-8.983785798808681022e+01
7.189346666666666985e+09,-9.037155157062875332e+01
7.189410000000000000e+09,-9.001967356389430108e+01
7.189473333333333015e+09,-9.074679347162978615e+01
7.189536666666666985e+09,-9.052186158926724602e+01
7.189600000000000000e+09,-9.043436113596676762e+01
7.189663333333333015e+09,-9.006316430783402893e+01
7.189726666666666985e+09,-9.057547060651556592e+01
7.189790000000000000e+09,-9.076076559102708075e+01
7.189853333333333015e+09,-9.093559174496024866e+01
7.189916666666666985e+09,-9.089377064088715485e+01
7.189980000000000000e+09,-8.962855901835288819e+01
7.190043333333333015e+09,-9.079683728852431557e+01
7.190106666666666985e+09,-9.039654344729869706e+01
7.190170000000000000e+09,-9.086834762857641579e+01
7.190233333333333015e+09,-9.037315460533619671e+01
7.190296666666666985e+09,-9.131611961885815276e+01
7.190360000000000000e+09,-9.009630192905936497e+01
7.190423333333333015e+09,-9.028905193101633131e+01
7.190486666666666985e+09,-9.085358966292974969e+01
7.190550000000000000e+09,-9.114098156103577253e+01
7.190613333333333015e+09,-9.022452959172618137e+01
7.190676666666666985e+09,-9.049748369278012206e+01
7.190740000000000000e+09,-8.997992545918921792e+01
7.190803333333333015e+09,-9.001799467592672954e+01
7.190866666666666985e+09,-9.024535311951092353e+01
7.190930000000000000e+09,-9.056506452694513598e+01
7.190993333333333015e+09,-9.132113002229277754e+01
7.191056666666666985e+09,-9.137062698253319581e+01
7.191120000000000000e+09,-9.066530335624898385e+01
7.191183333333333015e+09,-9.079237821302739064e+01
7.191246666666666985e+09,-9.091545746764754199e+01
7.191310000000000000e+09,-9.105237351874124840e+01
7.191373333333333015e+09,-9.086852128925187344e+01
7.191436666666666985e+09,-8.997699041536442621e+01
7.191500000000000000e+09,-9.073372772557243593e+01
7.191563333333333015e+09,-8.978600789605391697e+01
7.191626666666666985e+09,-9.011603837799681571e+01
7.191690000000000000e+09,-9.019074897830238058e+01
7.191753333333333015e+09,-9.041100459555842406e+01
7.191816666666666985e+09,-9.102053634119377534e+01
7.191880000000000000e+09,-9.000961246604981625e+01
7.191943333333333015e+09,-9.067287129921888322e+01
7.192006666666666985e+09,-9.105176160460685253e+01
7.192070000000000000e+09,-9.098261441837789221e+01
7.192133333333333015e+09,-9.071268835028453736e+01
7.192196666666666985e+09,-9.029492498056202976e+01
7.192260000000000000e+09,-9.040488636670808376e+01
7.192323333333333015e+09,-9.076241106990954677e+01
7.192386666666666985e+09,-9.121680073583601711e+01
7.192450000000000000e+09,-9.022747303309523659e+01
7.192513333333333015e+09,-9.084333898991239664e+01
7.192576666666666985e+09,-9.066589838571658788e+01
7.192640000000000000e+09,-9.061830453073035585e+01
7.192703333333333015e+09,-9.067727893494665636e+01
7.192766666666666985e+09,-9.059589082101881274e+01
7.192830000000000000e+09,-9.014680232151914652e+01
7.192893333333333015e+09,-9.075116626022177968e+01
7.192956666666666985e+09,-9.009439860650984144e+01
7.193020000000000000e+09,-9.060939213129785230e+01
7.193083333333333015e+09,-8.976088689601760962e+01
7.193146666666666985e+09,-9.028813161062930703e+01
7.193210000000000000e+09,-9.027917267578328619e+01
7.193273333333333015e+09,-9.018193164900063152e+01
7.193336666666666985e+09,-9.099705646166839301e+01
7.193400000000000000e+09,-8.996739474109190837e+01
7.193463333333333015e+09,-9.024587572280545089e+01
7.193526666666666985e+09,-9.043111164185981465e+01
7.193590000000000000e+09,-9.118593966247667026e+01
7.193653333333333015e+09,-8.978692762778237579e+01
7.193716666666666985e+09,-9.036906230299443621e+01
7.193780000000000000e+09,-9.046419743561996540e+01
7.193843333333333015e+09,-8.957310735188042372e+01
7.193906666666666985e+09,-9.081927564102397810e+01
7.193970000000000000e+09,-9.090289627344331791e+01
7.194033333333333015e+09,-9.027099747104026051e+01
7.194096666666666985e+09,-9.083917844423822885e+01
7.194160000000000000e+09,-9.008644655366427401e+01
7.194223333333333015e+09,-8.980423669581691115e+01
7.194286666666666985e+09,-8.976356891408512695e+01
7.194350000000000000e+09,-9.007561628606100612e+01
7.194413333333333015e+09,-9.046833264800497432e+01
7.194476666666666985e+09,-9.099919080633235069e+01
7.194540000000000000e+09,-9.022692163838340207e+01
7.194603333333333015e+09,-8.993942631276152611e+01
7.194666666666666985e+09,-9.012140833990812894e+01
7.194730000000000000e+09,-9.055748075421278998e+01
7.194793333333333015e+09,-9.040222292577337271e+01
7.194856666666666985e+09,-9.069960477045073333e+01
7.194920000000000000e+09,-9.098027719249088818e+01
7.194983333333333015e+09,-8.960389354328296463e+01
7.195046666666666985e+09,-9.003103285910358977e+01
7.195110000000000000e+09,-9.087422866903742147e+01
7.195173333333333015e+09,-9.089067316563895815e+01
7.195236666666666985e+09,-9.041408415215425975e+01
7.195300000000000000e+09,-9.035806448765497123e+01
7.195363333333333015e+09,-8.991194007808059041e+01
7.195426666666666985e+09,-9.028977304297137607e+01
7.195490000000000000e+09,-9.037546892793842801e+01
7.195553333333333015e+09,-9.046417869030813108e+01
7.195616666666666985e+09,-9.100854140259939129e+01
7.195680000000000000e+09,-9.079212540244827778e+01
7.195743333333333015e+09,-9.032278940180363236e+01
7.195806666666666985e+09,-9.086067350993326386e+01
7.195870000000000000e+09,-9.121728769041828855e+01
7.195933333333333015e+09,-9.140184048896630031e+01
7.195996666666666985e+09,-9.007916064499603692e+01
7.196060000000000000e+09,-9.055086785650379966e+01
7.196123333333333015e+09,-9.053226053218014613e+01
7.196186666666666985e+09,-9.008772885553042897e+01
7.196250000000000000e+09,-9.059524771128954512e+01
7.196313333333333015e+09,-9.037209760000774850e+01
7.196376666666666985e+09,-9.098043027142716710e+01
7.196440000000000000e+09,-9.052689159477708358e+01
7.196503333333333015e+09,-9.078206257571616788e+01
7.196566666666666985e+09,-9.012414086957440418e+01
7.196630000000000000e+09,-9.030835394662949511e+01
7.196693333333333015e+09,-8.997052234792165848e+01
7.196756666666666985e+09,-9.095839334366688433e+01
7.196820000000000000e+09,-9.038560763438348999e+01
7.196883333333333015e+09,-9.056767033817776280e+01
7.196946666666666985e+09,-9.066993062803385328e+01
7.197010000000000000e+09,-9.021577349130802759e+01
7.197073333333333015e+09,-9.098275991590719514e+01
7.197136666666666985e+09,-9.106597440189688086e+01
7.197200000000000000e+09,-9.009192040893198339e+01
7.197263333333333015e+09,-9.096362907404135001e+01
7.197326666666666985e+09,-9.042716305952060907e+01
7.197390000000000000e+09,-9.068038962404182257e+01
7.197453333333333015e+09,-9.077025327911960062e+01
7.197516666666666985e+09,-8.969918272443889862e+01
7.197580000000000000e+09,-9.035632029950518529e+01
7.197643333333333015e+09,-9.117170810682199544e+01
7.197706666666666985e+09,-9.107102984348370001e+01
7.197770000000000000e+09,-8.983333838891964263e+01
7.197833333333333015e+09,-9.064633156490015153e+01
7.197896666666666985e+09,-9.109980659065456621e+01
7.197960000000000000e+09,-9.002140068407874196e+01
7.198023333333333015e+09,-9.091017289768673493e+01
7.198086666666666985e+09,-9.046275780656229415e+01
7.198150000000000000e+09,-9.080706526750709884e+01
7.198213333333333015e+09,-9.034070875267778433e+01
7.198276666666666985e+09,-9.136041268479462474e+01
7.198340000000000000e+09,-8.972710805851335181e+01
7.198403333333333015e+09,-9.061260378838329643e+01
7.198466666666666985e+09,-9.115217902742492129e+01
7.198530000000000000e+09,-9.033794927644282780e+01
7.198593333333333015e+09,-9.010210736485356620e+01
7.198656666666666985e+09,-9.061583278245657880e+01
7.198720000000000000e+09,-9.119449611139194189e+01
7.198783333333333015e+09,-9.068457434051777000e+01
7.198846666666666985e+09,-9.100125820800425913e+01
7.198910000000000000e+09,-9.115843436416272993e+01
7.198973333333333015e+09,-9.083085448028285214e+01
7.199036666666666985e+09,-9.164509402241642988e+01
7.199100000000000000e+09,-9.020980558274081318e+01
7.199163333333333015e+09,-8.973781120163600633e+01
7.199226666666666985e+09,-9.061587784224911957e+01
7.199290000000000000e+09,-9.126171948656224231e+01
7.199353333333333015e+09,-9.083143784926463127e+01
7.199416666666666985e+09,-9.047826985811749978e+01
7.199480000000000000e+09,-9.110704873793126524e+01
7.199543333333333015e+09,-9.053840498444883167e+01
7.199606666666666985e+09,-9.036551764517439267e+01
7.199670000000000000e+09,-9.089059163318695767e+01
7.199733333333333015e+09,-9.046081729008341199e+01
7.199796666666666985e+09,-9.115980970375410664e+01
7.199860000000000000e+09,-9.028772037761365254e+01
7.199923333333333015e+09,-9.030107622977497783e+01
7.199986666666666985e+09,-9.062536990368839440e+01
7.200050000000000000e+09,-9.060411393985701523e+01
7.200113333333333015e+09,-9.138757981582971013e+01
7.200176666666666985e+09,-9.026354444609722805e+01
7.200240000000000000e+09,-9.080253500111294329e+01
7.200303333333333015e+09,-9.141208340812424638e+01
7.200366666666666985e+09,-9.050095743617069388e+01
7.200430000000000000e+09,-9.088951816778526904e+01
7.200493333333333015e+09,-9.024633305992480814e+01
7.200556666666666985e+09,-9.075865474909512898e+01
7.200620000000000000e+09,-9.092735673600707003e+01
7.200683333333333015e+09,-8.989983439971796031e+01
7.200746666666666985e+09,-9.062930417582727216e+01
7.200810000000000000e+09,-8.937158677002123852e+01
7.200873333333333015e+09,-9.025747588881172589e+01
7.200936666666666985e+09,-9.053536464654686711e+01
7.201000000000000000e+09,-9.095879547550104860e+01
7.201063333333333015e+09,-9.111167839501013077e+01
7.201126666666666985e+09,-9.053757825700826345e+01
7.201190000000000000e+09,-9.045726655851618148e+01
7.201253333333333015e+09,-9.014583129616711688e+01
7.201316666666666985e+09,-9.092324462872528557e+01
7.201380000000000000e+09,-9.030354497845259232e+01
7.201443333333333015e+09,-9.144261855166692499e+01
7.201506666666666985e+09,-9.113447733040926835e+01
7.201570000000000000e+09,-9.047911615796161300e+01
7.201633333333333015e+09,-9.104030279499363587e+01
7.201696666666666985e+09,-8.982471406625617760e+01
7.201760000000000000e+09,-9.156562739450650668e+01
7.201823333333333015e+09,-9.048020871821910305e+01
7.201886666666666985e+09,-9.086178927233056868e+01
7.201950000000000000e+09,-9.035796531669149090e+01
7.202013333333333015e+09,-9.073191821372620325e+01
7.202076666666666985e+09,-9.106936631961701778e+01
7.202140000000000000e+09,-9.085038681449113085e+01
7.202203333333333015e+09,-9.099997001800653607e+01
7.202266666666666985e+09,-9.070893054435595104e+01
7.202330000000000000e+09,-9.082362034100222559e+01
7.202393333333333015e+09,-9.092311507669471382e+01
7.202456666666666985e+09,-9.099696910750773782e+01
7.202520000000000000e+09,-9.076328196544984905e+01
7.202583333333333015e+09,-9.044483298094924351e+01
7.202646666666666985e+09,-9.135876413571737942e+01
7.202710000000000000e+09,-9.060359107851694205e+01
7.202773333333333015e+09,-9.088647731169496069e+01
7.202836666666666985e+09,-9.006144122212786840e+01
7.202900000000000000e+09,-9.096820552738664389e+01
7.202963333333333015e+09,-9.050319999125490256e+01
7.203026666666666985e+09,-9.121626853775907762e+01
7.203090000000000000e+09,-9.098780055389036647e+01
7.203153333333333015e+09,-9.103953522361882733e+01
7.203216666666666985e+09,-9.096650416402002293e+01
7.203280000000000000e+09,-9.073114870218404349e+01
7.203343333333333015e+09,-9.182742920674459697e+01
7.203406666666666985e+09,-9.070590320510915205e+01
7.203470000000000000e+09,-9.066918235138803084e+01
7.203533333333333015e+09,-9.088052031297679889e+01
7.203596666666666985e+09,-8.997016939272619140e+01
7.203660000000000000e+09,-9.109837214641862602e+01
7.203723333333333015e+09,-9.045796998345866768e+01
7.203786666666666985e+09,-9.063712444351452291e+01
7.203850000000000000e+09,-9.113770647090815658e+01
7.203913333333333015e+09,-9.072439662521662740e+01
7.203976666666666985e+09,-9.074926075751054100e+01
7.204040000000000000e+09,-9.099864115379139662e+01
7.204103333333333015e+09,-9.154778278509752454e+01
7.204166666666666985e+09,-9.089224455538465008e+01
7.204230000000000000e+09,-9.102773529677521935e+01
7.204293333333333015e+09,-9.080255378410141986e+01
7.204356666666666985e+09,-9.071988453406129338e+01
7.204420000000000000e+09,-9.074214740458465656e+01
7.204483333333333015e+09,-9.121772049633227653e+01
7.204546666666666985e+09,-9.077872629621074907e+01
7.204610000000000000e+09,-9.108203792004113097e+01
7.204673333333333015e+09,-9.071674024547797899e+01
7.204736666666666985e+09,-9.176232414091396095e+01
7.204800000000000000e+09,-9.050171682830089992e+01
7.204863333333333015e+09,-9.085346816921997970e+01
7.204926666666666985e+09,-9.075808525153776429e+01
7.204990000000000000e+09,-9.067604427656976895e+01
7.205053333333333015e+09,-9.089264623379689567e+01
7.205116666666666985e+09,-9.090191980594595123e+01
7.205180000000000000e+09,-9.082208519478074038e+01
7.205243333333333015e+09,-9.041758860195251657e+01
7.205306666666666985e+09,-9.088174840519917552e+01
7.205370000000000000e+09,-9.102218160970265615e+01
7.205433333333333015e+09,-9.149434241206982676e+01
7.205496666666666985e+09,-9.057287349249948250e+01
7.205560000000000000e+09,-9.073757919175888276e+01
7.205623333333333015e+09,-9.132124929642607469e+01
7.205686666666666985e+09,-9.111750412429258006e+01
7.205750000000000000e+09,-9.229745435312452173e+01
7.205813333333333015e+09,-9.145676291592353380e+01
7.205876666666666985e+09,-9.135403444026984232e+01
7.205940000000000000e+09,-9.136090395043436274e+01
7.206003333333333015e+09,-9.152300546006372883e+01
7.206066666666666985e+09,-9.085718735202726748e+01
7.206130000000000000e+09,-9.123343439394922427e+01
7.206193333333333015e+09,-9.175213009924863172e+01
7.206256666666666985e+09,-9.272835422732582344e+01
7.206320000000000000e+09,-9.437576146776555674e+01
7.206383333333333015e+09,-9.845334601059261104e+01
7.206446666666666985e+09,-9.440535288932345281e+01
7.206510000000000000e+09,-9.299267500021848321e+01
7.206573333333333015e+09,-9.211841724881327309e+01
7.206636666666666985e+09,-9.167306686651099312e+01
7.206700000000000000e+09,-9.162783996295181055e+01
7.206763333333333015e+09,-9.096550312752556522e+01
7.206826666666666985e+09,-9.066727319591441869e+01
7.206890000000000000e+09,-9.193011847890480226e+01
7.206953333333333015e+09,-9.050038433121468984e+01
7.207016666666666985e+09,-9.153764536813669395e+01
7.207080000000000000e+09,-9.085030938955391377e+01
7.207143333333333015e+09,-9.108252356525864002e+01
7.207206666666666985e+09,-9.089660503725704643e+01
7.207270000000000000e+09,-9.038551527391908280e+01
7.207333333333333015e+09,-9.127029685634650491e+01
7.207396666666666985e+09,-9.107711945379165286e+01
7.207460000000000000e+09,-9.127587047591909197e+01
7.207523333333333015e+09,-9.140487243714193255e+01
7.207586666666666985e+09,-9.067414822976337518e+01
7.207650000000000000e+09,-9.006741329535216778e+01
7.207713333333333015e+09,-9.137355242542457745e+01
7.207776666666666985e+09,-9.094159206286971653e+01
7.207840000000000000e+09,-9.049973962393062266e+01
7.207903333333333015e+09,-9.064772597800931919e+01
7.207966666666666985e+09,-9.042197178071938879e+01
7.208030000000000000e+09,-9.143691086750754948e+01
7.208093333333333015e+09,-9.102768367093159441e+01
7.208156666666666985e+09,-9.114732800850759986e+01
7.208220000000000000e+09,-9.145278791251941186e+01
7.208283333333333015e+09,-9.133751665885631610e+01
7.208346666666666985e+09,-9.019729912260510218e+01
7.208410000000000000e+09,-9.058478549117992884e+01
7.208473333333333015e+09,-9.152331517428125096e+01
7.208536666666666985e+09,-9.091740821377172210e+01
7.208600000000000000e+09,-9.072558605473645343e+01
7.208663333333333015e+09,-9.035180513459326335e+01
7.208726666666666985e+09,-9.082764444815815352e+01
7.208790000000000000e+09,-9.145679751988241435e+01
7.208853333333333015e+09,-9.014678413878492336e+01
7.208916666666666985e+09,-9.065893662700216282e+01
7.208980000000000000e+09,-9.047370147504005899e+01
7.209043333333333015e+09,-9.049301255607610983e+01
7.209106666666666985e+09,-9.140264638505527728e+01
7.209170000000000000e+09,-9.097329198528589700e+01
7.209233333333333015e+09,-9.157843550029687663e+01
7.209296666666666985e+09,-9.062753299351933833e+01
7.209360000000000000e+09,-9.083520796357605320e+01
7.209423333333333015e+09,-9.088676383172537498e+01
7.209486666666666985e+09,-9.035096094425283297e+01
7.209550000000000000e+09,-9.049120400716333279e+01
7.209613333333333015e+09,-9.149071651590998044e+01
7.209676666666666985e+09,-9.029443134509600100e+01
7.209740000000000000e+09,-9.095786472182824411e+01
7.209803333333333015e+09,-9.090295435703805538e+01
7.209866666666666985e+09,-9.050695267645060937e+01
7.209930000000000000e+09,-9.087458806081345131e+01
7.209993333333333015e+09,-9.093737570963588723e+01
7.210056666666666985e+09,-9.139534300268894640e+01
7.210120000000000000e+09,-9.062546529384619021e+01
7.210183333333333015e+09,-9.082137230376812909e+01
7.210246666666666985e+09,-9.148918027836131728e+01
7.210310000000000000e+09,-9.086887968411785721e+01
7.210373333333333015e+09,-9.104482568677343579e+01
7.210436666666666985e+09,-9.210380842067971230e+01
7.210500000000000000e+09,-9.113112591058273892e+01
7.210563333333333015e+09,-9.104497076804703681e+01
7.210626666666666985e+09,-9.123846780025310466e+01
7.210690000000000000e+09,-9.085841160360405411e+01
7.210753333333333015e+09,-9.141707670737936553e+01
7.210816666666666985e+09,-9.036543077571747062e+01
7.210880000000000000e+09,-9.110301150613176446e+01
7.210943333333333015e+09,-9.091472035801314178e+01
7.211006666666666985e+09,-9.070567085738402113e+01
7.211070000000000000e+09,-9.052687109084101280e+01
7.211133333333333015e+09,-9.157342233141579868e+01
7.211196666666666985e+09,-9.097336296667160127e+01
7.211260000000000000e+09,-9.061323259625666537e+01
7.211323333333333015e+09,-9.135462285559042073e+01
7.211386666666666985e+09,-9.086137236301729558e+01
7.211450000000000000e+09,-9.005854653104002239e+01
7.211513333333333015e+09,-9.120314849152855174e+01
7.211576666666666985e+09,-9.118761271639321819e+01
7.211640000000000000e+09,-9.073745590920364634e+01
7.211703333333333015e+09,-9.039630540028367989e+01
7.211766666666666985e+09,-9.028691710005608684e+01
7.211830000000000000e+09,-9.104291945491702620e+01
7.211893333333333015e+09,-9.133594513030732287e+01
7.211956666666666985e+09,-9.057832199176102961e+01
7.212020000000000000e+09,-9.062245466715322095e+01
7.212083333333333015e+09,-9.081354594732951568e+01
7.212146666666666985e+09,-9.162623066527055471e+01
7.212210000000000000e+09,-9.063420351030561051e+01
7.212273333333333015e+09,-9.109517372202333263e+01
7.212336666666666985e+09,-9.173477280768406672e+01
7.212400000000000000e+09,-9.048106182844584566e+01
7.212463333333333015e+09,-9.089634931122533601e+01
7.212526666666666985e+09,-9.159031884141475643e+01
7.212590000000000000e+09,-9.089505642636322591e+01
7.212653333333333015e+09,-9.172577519954286629e+01
7.212716666666666985e+09,-9.109525560313531400e+01
7.212780000000000000e+09,-9.047018005724117984e+01
7.212843333333333015e+09,-9.079460615392005707e+01
7.212906666666666985e+09,-9.016404190838336774e+01
7.212970000000000000e+09,-9.138034971658950667e+01
7.213033333333333015e+09,-9.068857314803872782e+01
7.213096666666666985e+09,-9.177897849878709735e+01
7.213160000000000000e+09,-9.148739302181915889e+01
7.213223333333333015e+09,-9.124258360541790580e+01
7.213286666666666985e+09,-9.086682092109967357e+01
7.213350000000000000e+09,-9.096418483857752335e+01
7.213413333333333015e+09,-9.099227521767319615e+01
7.213476666666666985e+09,-9.061209526184308061e+01
7.213540000000000000e+09,-9.027291393918966378e+01
7.213603333333333015e+09,-9.048228357751867179e+01
7.213666666666666985e+09,-9.139649508356113472e+01
7.213730000000000000e+09,-9.118108576287829692e+01
7.213793333333333015e+09,-9.138343749183874820e+01
7.213856666666666985e+09,-9.001887606421081500e+01
7.213920000000000000e+09,-9.093080278945400607e+01
7.213983333333333015e+09,-9.126043684060400096e+01
7.214046666666666985e+09,-9.137115498660840274e+01
7.214110000000000000e+09,-9.124003334315547420e+01
7.214173333333333015e+09,-9.227529079578339122e+01
7.214236666666666985e+09,-9.092692133057639126e+01
7.214300000000000000e+09,-9.080447375359713647e+01
7.214363333333333015e+09,-9.090420274799581080e+01
7.214426666666666985e+09,-9.185635445470423122e+01
7.214490000000000000e+09,-9.079539655943870002e+01
7.214553333333333015e+09,-9.143251993781808551e+01
7.214616666666666985e+09,-9.096689286038176192e+01
7.214680000000000000e+09,-9.151679964566625358e+01
7.214743333333333015e+09,-9.111106599406495832e+01
7.214806666666666985e+09,-9.048612459037742894e+01
7.214870000000000000e+09,-9.125565803061226688e+01
7.214933333333333015e+09,-9.156456907788678734e+01
7.214996666666666985e+09,-9.112407936735951353e+01
7.215060000000000000e+09,-9.058950278712123350e+01
7.215123333333333015e+09,-9.209580444573140312e+01
7.215186666666666985e+09,-9.108763992807190846e+01
7.215250000000000000e+09,-9.037324201697641968e+01
7.215313333333333015e+09,-9.063001234773672365e+01
7.215376666666666985e+09,-9.084080870112076411e+01
7.215440000000000000e+09,-9.102810994215211338e+01
7.215503333333333015e+09,-9.085239107056364105e+01
7.215566666666666985e+09,-9.088537764495866611e+01
7.215630000000000000e+09,-9.007873516965673844e+01
7.215693333333333015e+09,-9.078503431375116861e+01
7.215756666666666985e+09,-9.041753113378095463e+01
7.215820000000000000e+09,-9.065281902479992482e+01
7.215883333333333015e+09,-9.057340923939712241e+01
7.215946666666666985e+09,-9.059625803518484588e+01
7.216010000000000000e+09,-9.080555271958837693e+01
7.216073333333333015e+09,-9.046672716125047486e+01
7.216136666666666985e+09,-9.086301489732963432e+01
7.216200000000000000e+09,-9.069206592526741417e+01
7.216263333333333015e+09,-9.010697957740836728e+01
7.216326666666666985e+09,-9.047958189533495954e+01
7.216390000000000000e+09,-9.068048414856889394e+01
7.216453333333333015e+09,-9.090192034642134900e+01
7.216516666666666985e+09,-9.018700341932711240e+01
7.216580000000000000e+09,-9.086273062178369742e+01
7.216643333333333015e+09,-9.092305621621177636e+01
7.216706666666666985e+09,-9.101625661501736886e+01
7.216770000000000000e+09,-9.072066518302258942e+01
7.216833333333333015e+09,-9.161204287689170656e+01
7.216896666666666985e+09,-9.149504408380700227e+01
7.216960000000000000e+09,-9.102584124863858506e+01
7.217023333333333015e+09,-9.169582159848329184e+01
7.217086666666666985e+09,-9.179143327296303312e+01
7.217150000000000000e+09,-9.023729296948224032e+01
7.217213333333333015e+09,-9.143886071087464984e+01
7.217276666666666985e+09,-9.048954982296189087e+01
7.217340000000000000e+09,-9.096307322927782479e+01
7.217403333333333015e+09,-9.097547798722504808e+01
7.217466666666666985e+09,-9.122960033829673421e+01
7.217530000000000000e+09,-9.178960089960384039e+01
7.217593333333333015e+09,-9.088950092798727098e+01
7.217656666666666985e+09,-9.167253810975836359e+01
7.217720000000000000e+09,-9.136481505589792107e+01
7.217783333333333015e+09,-9.135513110530739311e+01
7.217846666666666985e+09,-9.098661450504451409e+01
7.217910000000000000e+09,-9.148272587452616733e+01
7.217973333333333015e+09,-9.117288762072915631e+01
7.218036666666666985e+09,-9.142975506162839849e+01
7.218100000000000000e+09,-9.150237891588311356e+01
7.218163333333333015e+09,-9.136945465826124746e+01
7.218226666666666985e+09,-9.122345057289122394e+01
7.218290000000000000e+09,-9.035348210082034370e+01
7.218353333333333015e+09,-9.085223213339889980e+01
7.218416666666666985e+09,-9.163328214819173922e+01
7.218480000000000000e+09,-9.057070501173186017e+01
7.218543333333333015e+09,-9.085103234169791619e+01
7.218606666666666985e+09,-9.160618601765555979e+01
7.218670000000000000e+09,-9.093330646936377093e+01
7.218733333333333015e+09,-9.096097656352253580e+01
7.218796666666666985e+09,-9.027155964728342497e+01
7.218860000000000000e+09,-9.115283468316066262e+01
7.218923333333333015e+09,-9.130372673336202638e+01
7.218986666666666985e+09,-9.196769347966665009e+01
7.219050000000000000e+09,-9.121559539137713557e+01
7.219113333333333015e+09,-9.112314176529190490e+01
7.219176666666666985e+09,-9.030646420964626486e+01
7.219240000000000000e+09,-9.135491065484853834e+01
7.219303333333333015e+09,-9.078256552801894941e+01
7.219366666666666985e+09,-9.102686564303854766e+01
7.219430000000000000e+09,-9.186852331773164337e+01
7.219493333333333015e+09,-9.131381849210136181e+01
7.219556666666666985e+09,-9.127236577235268555e+01
7.219620000000000000e+09,-9.132218954619695239e+01
7.219683333333333015e+09,-9.131572899099381857e+01
7.219746666666666985e+09,-9.152513616149919073e+01
7.219810000000000000e+09,-9.123333287020047067e+01
7.219873333333333015e+09,-9.122096310499435390e+01
7.219936666666666985e+09,-9.100190044684588031e+01
7.220000000000000000e+09,-9.105641823975611260e+01
7.220063333333333015e+09,-9.139617659283010198e+01
7.220126666666666985e+09,-9.203719988840254018e+01
7.220190000000000000e+09,-9.003937700514225639e+01
7.220253333333333015e+09,-9.086900623036952140e+01
7.220316666666666985e+09,-9.216204475308791189e+01
7.220380000000000000e+09,-9.215446731943204384e+01
7.220443333333333015e+09,-9.233351231213914900e+01
7.220506666666666985e+09,-9.165103542437108786e+01
7.220570000000000000e+09,-9.084180735117590189e+01
7.220633333333333015e+09,-9.130786609620115257e+01
7.220696666666666985e+09,-9.200159667455409362e+01
7.220760000000000000e+09,-9.132936005647573552e+01
7.220823333333333015e+09,-9.127508987273743912e+01
7.220886666666666985e+09,-9.124628663670208084e+01
7.220950000000000000e+09,-9.063960720953404859e+01
7.221013333333333015e+09,-9.088441925647396147e+01
7.221076666666666985e+09,-9.171276027464564606e+01
7.221140000000000000e+09,-9.126741464021905870e+01
7.221203333333333015e+09,-9.113386298661492901e+01
7.221266666666666985e+09,-9.149192201692720516e+01
7.221330000000000000e+09,-9.095995944476156581e+01
7.221393333333333015e+09,-9.066536190112685745e+01
7.221456666666666985e+09,-9.089613580522063785e+01
7.221520000000000000e+09,-9.190881062170990390e+01
7.221583333333333015e+09,-9.164252507920781454e+01
7.221646666666666985e+09,-9.095948016678676140e+01
7.221710000000000000e+09,-9.161386737763683641e+01
7.221773333333333015e+09,-9.118891829128540394e+01
7.221836666666666985e+09,-9.176712227074987993e+01
7.221900000000000000e+09,-9.096124766307683274e+01
7.221963333333333015e+09,-9.083688829937949549e+01
7.222026666666666985e+09,-9.115437692853519991e+01
7.222090000000000000e+09,-9.081731496905034362e+01
7.222153333333333015e+09,-9.101390629179752523e+01
7.222216666666666985e+09,-9.116157362959832255e+01
7.222280000000000000e+09,-9.211589388751461627e+01
7.222343333333333015e+09,-9.158603537136797001e+01
7.222406666666666985e+09,-9.106178020681178964e+01
7.222470000000000000e+09,-9.114249967711941736e+01
7.222533333333333015e+09,-9.099473961199576877e+01
7.222596666666666985e+09,-9.141859438206707011e+01
7.222660000000000000e+09,-9.128576932603280625e+01
7.222723333333333015e+09,-9.102695424724740292e+01
7.222786666666666985e+09,-9.115826446471470490e+01
7.222850000000000000e+09,-9.110474901424350946e+01
7.222913333333333015e+09,-9.134147492808666868e+01
7.222976666666666985e+09,-9.218179689863600856e+01
7.223040000000000000e+09,-9.190336504085786373e+01
7.223103333333333015e+09,-9.098328990284710471e+01
7.223166666666666985e+09,-9.095527444391535710e+01
7.223230000000000000e+09,-9.191047525375029181e+01
7.223293333333333015e+09,-9.193863508249863514e+01
7.223356666666666985e+09,-9.138766593881794620e+01
7.223420000000000000e+09,-9.102066485335173240e+01
7.223483333333333015e+09,-9.096756086323553347e+01
7.223546666666666985e+09,-9.155788653938934374e+01
7.223610000000000000e+09,-9.171400751245046479e+01
7.223673333333333015e+09,-9.103075782713366948e+01
7.223736666666666985e+09,-9.133393488779431379e+01
7.223800000000000000e+09,-9.142266932889513953e+01
7.223863333333333015e+09,-9.131646796078102568e+01
7.223926666666666985e+09,-9.074563016917105074e+01
7.223990000000000000e+09,-9.204331258629514423e+01
7.224053333333333015e+09,-9.077064374537681601e+01
7.224116666666666985e+09,-9.234274972666358394e+01
7.224180000000000000e+09,-9.040769109792262270e+01
7.224243333333333015e+09,-9.091723724796534611e+01
7.224306666666666985e+09,-9.184692255606577760e+01
7.224370000000000000e+09,-9.121717440299354962e+01
7.224433333333333015e+09,-9.278837214861061966e+01
7.224496666666666985e+09,-9.220671026871664822e+01
7.224560000000000000e+09,-9.137317686861464949e+01
7.224623333333333015e+09,-9.181398896747322169e+01
7.224686666666666985e+09,-9.053273799387918075e+01
7.224750000000000000e+09,-9.113046169353752646e+01
7.224813333333333015e+09,-9.126238294983949118e+01
7.224876666666666985e+09,-9.124977404541817805e+01
7.224940000000000000e+09,-9.156120454103830753e+01
7.225003333333333015e+09,-9.118232312189715572e+01
7.225066666666666985e+09,-9.145488361986103598e+01
7.225130000000000000e+09,-9.168879040632675981e+01
7.225193333333333015e+09,-9.151412635873143131e+01
7.225256666666666985e+09,-9.102990538647269148e+01
7.225320000000000000e+09,-9.157368299732138439e+01
7.225383333333333015e+09,-9.166562392307126572e+01
7.225446666666666985e+09,-9.132271699437829682e+01
7.225510000000000000e+09,-9.109882990457688834e+01
7.225573333333333015e+09,-9.202984333757292745e+01
7.225636666666666985e+09,-9.109785116429235075e+01
7.225700000000000000e+09,-9.156849918517801257e+01
7.225763333333333015e+09,-9.119441536066035781e+01
7.225826666666666985e+09,-9.140164459540594066e+01
7.225890000000000000e+09,-9.082869140556169896e+01
7.225953333333333015e+09,-9.047264405409663368e+01
7.226016666666666985e+09,-9.089991985333503521e+01
7.226080000000000000e+09,-9.078641645897096168e+01
7.226143333333333015e+09,-9.169654917647910963e+01
7.226206666666666985e+09,-9.087950994941643046e+01
7.226270000000000000e+09,-9.204612667665085723e+01
7.226333333333333015e+09,-9.143714785416418067e+01
7.226396666666666985e+09,-9.166061739132892683e+01
7.226460000000000000e+09,-9.176973362842872461e+01
7.226523333333333015e+09,-9.120998787075981795e+01
7.226586666666666985e+09,-9.093496797773381957e+01
7.226650000000000000e+09,-9.062997201472300901e+01
7.226713333333333015e+09,-9.066227117429151861e+01
7.226776666666666985e+09,-9.130070185528170157e+01
7.226840000000000000e+09,-9.145712664554193339e+01
7.226903333333333015e+09,-9.224020171281445357e+01
7.226966666666666985e+09,-9.143965261248270338e+01
7.227030000000000000e+09,-9.087872326724638583e+01
7.227093333333333015e+09,-9.212450679576710399e+01
7.227156666666666985e+09,-9.193103976370970543e+01
7.227220000000000000e+09,-9.237004268033645360e+01
7.227283333333333015e+09,-9.214845788059778897e+01
7.227346666666666985e+09,-9.046234209200977716e+01
7.227410000000000000e+09,-9.119238061719316590e+01
7.227473333333333015e+09,-9.130745021603058831e+01
7.227536666666666985e+09,-9.126169200235159451e+01
7.227600000000000000e+09,-9.079555337608454124e+01
7.227663333333333015e+09,-9.170797422243003894e+01
7.227726666666666985e+09,-9.184439383701949566e+01
7.227790000000000000e+09,-9.118154456472441893e+01
7.227853333333333015e+09,-9.135165091015268501e+01
7.227916666666666985e+09,-9.147402894642333138e+01
7.227980000000000000e+09,-9.213697860156058539e+01
7.228043333333333015e+09,-9.125793840172133287e+01
7.228106666666666985e+09,-9.047204471829131478e+01
7.228170000000000000e+09,-9.246712065290913074e+01
7.228233333333333015e+09,-9.185677340030360938e+01
7.228296666666666985e+09,-9.095819857426926092e+01
7.228360000000000000e+09,-9.093178864381241056e+01
7.228423333333333015e+09,-9.074740497155733010e+01
7.228486666666666985e+09,-9.117350443700476603e+01
7.228550000000000000e+09,-9.084185403180205753e+01
7.228613333333333015e+09,-9.152213118917778445e+01
7.228676666666666985e+09,-9.107957831497493828e+01
7.228740000000000000e+09,-9.113113158705040462e+01
7.228803333333333015e+09,-9.114245005911556063e+01
7.228866666666666985e+09,-9.034062289104247157e+01
7.228930000000000000e+09,-9.067933928753093653e+01
7.228993333333333015e+09,-9.074640040548052866e+01
7.229056666666666985e+09,-9.138179840302520063e+01
7.229120000000000000e+09,-9.088530440702298563e+01
7.229183333333333015e+09,-9.137589669488252753e+01
7.229246666666666985e+09,-9.181420846979906969e+01
7.229310000000000000e+09,-9.142901435923987208e+01
7.229373333333333015e+09,-9.168746306696297665e+01
7.229436666666666985e+09,-9.053688899744216201e+01
7.229500000000000000e+09,-9.103658100085698379e+01
7.229563333333333015e+09,-9.084787940793472671e+01
7.229626666666666985e+09,-9.211873602749599854e+01
7.229690000000000000e+09,-9.143193368758750239e+01
7.229753333333333015e+09,-9.108870353465428593e+01
7.229816666666666985e+09,-9.322169236449897767e+01
7.229880000000000000e+09,-9.118966416049164536e+01
7.229943333333333015e+09,-9.237749891158355808e+01
7.230006666666666985e+09,-9.224046371865229332e+01
7.230070000000000000e+09,-9.366371598800770926e+01
7.230133333333333015e+09,-9.353858355970531591e+01
7.230196666666666985e+09,-9.622619340299098667e+01
7.230260000000000000e+09,-1.002983686271288946e+02
7.230323333333333015e+09,-9.538847654480298388e+01
7.230386666666666985e+09,-9.292426801567080474e+01
7.230450000000000000e+09,-9.191815726913944218e+01
7.230513333333333015e+09,-9.077830804385639851e+01
7.230576666666666985e+09,-9.176454639621729825e+01
7.230640000000000000e+09,-9.242901518168997654e+01
7.230703333333333015e+09,-9.197370695124521944e+01
7.230766666666666985e+09,-9.140644182106774451e+01
7.230830000000000000e+09,-9.184565645222215835e+01
7.230893333333333015e+09,-9.176977801042538374e+01
7.230956666666666985e+09,-9.147471623905745730e+01
7.231020000000000000e+09,-9.060055889111312410e+01
7.231083333333333015e+09,-9.054357101113726003e+01
7.231146666666666985e+09,-9.213948262830990643e+01
7.231210000000000000e+09,-9.150811415917523561e+01
7.231273333333333015e+09,-9.185839230152760138e+01
7.231336666666666985e+09,-9.193488780903564361e+01
7.231400000000000000e+09,-9.164497057225902665e+01
7.231463333333333015e+09,-9.243039504895025971e+01
7.231526666666666985e+09,-9.044791127169094125e+01
7.231590000000000000e+09,-9.138666585768609707e+01
7.231653333333333015e+09,-9.157905829235004092e+01
7.231716666666666985e+09,-9.196541814161096795e+01
7.231780000000000000e+09,-9.195653470101179039e+01
7.231843333333333015e+09,-9.125248408012966195e+01
7.231906666666666985e+09,-9.155008117229047571e+01
7.231970000000000000e+09,-9.152793211586106281e+01
7.232033333333333015e+09,-9.107122323439324418e+01
7.232096666666666985e+09,-9.132470328794617842e+01
7.232160000000000000e+09,-9.118268186153811428e+01
7.232223333333333015e+09,-9.088324251223305339e+01
7.232286666666666985e+09,-9.105784344896831328e+01
7.232350000000000000e+09,-9.099056143767066374e+01
7.232413333333333015e+09,-9.115424613659762088e+01
7.232476666666666985e+09,-9.012385139030658365e+01
7.232540000000000000e+09,-9.079747361653390669e+01
7.232603333333333015e+09,-9.176350301265655673e+01
7.232666666666666985e+09,-9.220373602634295196e+01
7.232730000000000000e+09,-9.108018551398083673e+01
7.232793333333333015e+09,-9.071673485215031008e+01
7.232856666666666985e+09,-9.112955360383340064e+01
7.232920000000000000e+09,-9.140454466887128149e+01
7.232983333333333015e+09,-9.140962897303010948e+01
7.233046666666666985e+09,-9.116105481445896430e+01
7.233110000000000000e+09,-9.129300204881282355e+01
7.233173333333333015e+09,-9.163913314912363717e+01
7.233236666666666985e+09,-9.228106142248977051e+01
7.233300000000000000e+09,-9.172801619471297840e+01
7.233363333333333015e+09,-9.157709759233733848e+01
7.233426666666666985e+09,-9.201806682797298720e+01
7.233490000000000000e+09,-9.169905394865834580e+01
7.233553333333333015e+09,-9.159866768493124312e+01
7.233616666666666985e+09,-9.183807233158773897e+01
7.233680000000000000e+09,-9.120938578302028077e+01
7.233743333333333015e+09,-9.124655308185680269e+01
7.233806666666666985e+09,-9.119682620036643073e+01
7.233870000000000000e+09,-9.197456326250774339e+01
7.233933333333333015e+09,-9.115413025105465294e+01
7.233996666666666985e+09,-9.154175446851948550e+01
7.234060000000000000e+09,-9.025789082945934183e+01
7.234123333333333015e+09,-9.098392415325834293e+01
7.234186666666666985e+09,-9.156941302666167815e+01
7.234250000000000000e+09,-9.157135343666702454e+01
7.234313333333333015e+09,-9.156646800793666330e+01
7.234376666666666985e+09,-9.038949357628362691e+01
7.234440000000000000e+09,-9.186728319545976262e+01
7.234503333333333015e+09,-9.178262807780086519e+01
7.234566666666666985e+09,-9.158094299058828369e+01
7.234630000000000000e+09,-9.180846593422415935e+01
7.234693333333333015e+09,-9.137177779144468559e+01
7.234756666666666985e+09,-9.113448256402318748e+01
7.234820000000000000e+09,-9.131553758693895873e+01
7.234883333333333015e+09,-9.204510942159404863e+01
7.234946666666666985e+09,-9.130981191314445766e+01
7.235010000000000000e+09,-9.157510014637438189e+01
7.235073333333333015e+09,-9.078656664036030577e+01
7.235136666666666985e+09,-9.158044700196049348e+01
7.235200000000000000e+09,-9.080903202908257299e+01
7.235263333333333015e+09,-9.114197410100271668e+01
7.235326666666666985e+09,-9.059394462307942320e+01
7.235390000000000000e+09,-9.129214996288234829e+01
7.235453333333333015e+09,-9.161849672272346368e+01
7.235516666666666985e+09,-9.138791365271524114e+01
7.235580000000000000e+09,-9.158677559725391859e+01
7.235643333333333015e+09,-9.246550732630629454e+01
7.235706666666666985e+09,-9.146888867486701713e+01
7.235770000000000000e+09,-9.212186414540630608e+01
7.235833333333333015e+09,-9.058595752482003149e+01
7.235896666666666985e+09,-9.165886316352035124e+01
7.235960000000000000e+09,-9.125250708842548875e+01
7.236023333333333015e+09,-9.172540076931284148e+01
7.236086666666666985e+09,-9.104210092159559053e+01
7.236150000000000000e+09,-9.168963557520874019e+01
7.236213333333333015e+09,-9.163336248885141799e+01
7.236276666666666985e+09,-9.198267461175568371e+01
7.236340000000000000e+09,-9.124036838068234090e+01
7.236403333333333015e+09,-9.112497512258890708e+01
7.236466666666666985e+09,-9.195423098474505252e+01
7.236530000000000000e+09,-9.153289823829730665e+01
7.236593333333333015e+09,-9.111569014449919734e+01
7.236656666666666985e+09,-9.125682993431058776e+01
7.236720000000000000e+09,-9.134440865781468233e+01
7.236783333333333015e+09,-9.256292887579286344e+01
7.236846666666666985e+09,-9.171836473525972622e+01
7.236910000000000000e+09,-9.146636110831396138e+01
7.236973333333333015e+09,-9.175242376445274317e+01
7.237036666666666985e+09,-9.069392179413358690e+01
7.237100000000000000e+09,-9.132203348967433953e+01
7.237163333333333015e+09,-9.078957929283714634e+01
7.237226666666666985e+09,-9.159805830463284337e+01
7.237290000000000000e+09,-9.103374398695272873e+01
7.237353333333333015e+09,-9.142814096580983119e+01
7.237416666666666985e+09,-9.092670424872980561e+01
7.237480000000000000e+09,-9.162898247371299476e+01
7.237543333333333015e+09,-9.103138114359397548e+01
7.237606666666666985e+09,-9.162462212011611484e+01
7.237670000000000000e+09,-9.184570881612053483e+01
7.237733333333333015e+09,-9.145605204233285690e+01
7.237796666666666985e+09,-9.167971303974319142e+01
7.237860000000000000e+09,-9.070105926891793047e+01
7.237923333333333015e+09,-9.105589666950865535e+01
7.237986666666666985e+09,-9.049091529529204081e+01
7.238050000000000000e+09,-9.181870579134779575e+01
7.238113333333333015e+09,-9.206146429304253331e+01
7.238176666666666985e+09,-9.086410906463925130e+01
7.238240000000000000e+09,-9.105294015967275811e+01
7.238303333333333015e+09,-9.169031244833135474e+01
7.238366666666666985e+09,-9.068316346173988052e+01
7.238430000000000000e+09,-9.188050154559925886e+01
7.238493333333333015e+09,-9.077615332033857953e+01
7.238556666666666985e+09,-9.143358600718691775e+01
7.238620000000000000e+09,-9.218794771897159990e+01
7.238683333333333015e+09,-9.225138617838126720e+01
7.238746666666666985e+09,-9.198996439092688604e+01
7.238810000000000000e+09,-9.104360568198158887e+01
7.238873333333333015e+09,-9.241416778696026313e+01
7.238936666666666985e+09,-9.118447204802826889e+01
7.239000000000000000e+09,-9.211334093507386456e+01
7.239063333333333015e+09,-9.182098769236725389e+01
7.239126666666666985e+09,-9.134498024206124001e+01
7.239190000000000000e+09,-9.149435072941138003e+01
7.239253333333333015e+09,-9.230274752884263023e+01
7.239316666666666985e+09,-9.227354860615044174e+01
7.239380000000000000e+09,-9.165189378907209061e+01
7.239443333333333015e+09,-9.163533909510880449e+01
7.239506666666666985e+09,-9.221163340641523121e+01
7.239570000000000000e+09,-9.228395989957670054e+01
7.239633333333333015e+09,-9.087607462117449586e+01
7.239696666666666985e+09,-9.198394447272167440e+01
7.239760000000000000e+09,-9.126625320000985653e+01
7.239823333333333015e+09,-9.175140043717368599e+01
7.239886666666666985e+09,-9.145140020932869618e+01
7.239950000000000000e+09,-9.247247303374301453e+01
7.240013333333333015e+09,-9.085230215921899344e+01
7.240076666666666985e+09,-9.249763606747585243e+01
7.240140000000000000e+09,-9.183623299941305618e+01
7.240203333333333015e+09,-9.135545117991949837e+01
7.240266666666666985e+09,-9.302988466792618283e+01
7.240330000000000000e+09,-9.181891261282304129e+01
7.240393333333333015e+09,-9.262373372315188647e+01
7.240456666666666985e+09,-9.175147910922012784e+01
7.240520000000000000e+09,-9.162327963849944013e+01
7.240583333333333015e+09,-9.170558501899941461e+01
7.240646666666666985e+09,-9.118499675615146316e+01
7.240710000000000000e+09,-9.123210667126768669e+01
7.240773333333333015e+09,-9.169478109189689974e+01
7.240836666666666985e+09,-9.081508565232608987e+01
7.240900000000000000e+09,-9.179217397370747733e+01
7.240963333333333015e+09,-9.182954322382299495e+01
7.241026666666666985e+09,-9.176589530867460098e+01
7.241090000000000000e+09,-9.222595331725356971e+01
7.241153333333333015e+09,-9.079843919606345537e+01
7.241216666666666985e+09,-9.121683167471223896e+01
7.241280000000000000e+09,-9.119208399937021170e+01
7.241343333333333015e+09,-9.145086181253311963e+01
7.241406666666666985e+09,-9.100739057833438039e+01
7.241470000000000000e+09,-9.163620195478574715e+01
7.241533333333333015e+09,-9.129900051423236107e+01
7.241596666666666985e+09,-9.165361299589656596e+01
7.241660000000000000e+09,-9.139375413377081259e+01
7.241723333333333015e+09,-9.200720129407432069e+01
7.241786666666666985e+09,-9.082234979035300171e+01
7.241850000000000000e+09,-9.198372524476398837e+01
7.241913333333333015e+09,-9.109084683340080346e+01
7.241976666666666985e+09,-9.144502529528340062e+01
7.242040000000000000e+09,-9.162700121455733893e+01
7.242103333333333015e+09,-9.160585670952946202e+01
7.242166666666666985e+09,-9.201767992003210850e+01
7.242230000000000000e+09,-9.181528975741247223e+01
7.242293333333333015e+09,-9.335427857732278767e+01
7.242356666666666985e+09,-9.158914774733733566e+01
7.242420000000000000e+09,-9.204366509423530829e+01
7.242483333333333015e+09,-9.132161030504278187e+01
7.242546666666666985e+09,-9.096868779677467387e+01
7.242610000000000000e+09,-9.197223285981428376e+01
7.242673333333333015e+09,-9.105588128554325067e+01
7.242736666666666985e+09,-9.058142262475818995e+01
7.242800000000000000e+09,-9.148855536887214157e+01
7.242863333333333015e+09,-9.162095553894174316e+01
7.242926666666666985e+09,-9.163529311306491820e+01
7.242990000000000000e+09,-9.127599598120907842e+01
7.243053333333333015e+09,-9.151057850754114043e+01
7.243116666666666985e+09,-9.099625059502503177e+01
7.243180000000000000e+09,-9.153197013412673755e+01
7.243243333333333015e+09,-9.130638105881834576e+01
7.243306666666666985e+09,-9.138173919342966656e+01
7.243370000000000000e+09,-9.126092521060530771e+01
7.243433333333333015e+09,-9.222713868791247194e+01
7.243496666666666985e+09,-9.241086647133718657e+01
7.243560000000000000e+09,-9.310685769804555889e+01
7.243623333333333015e+09,-9.161795533358139210e+01
7.243686666666666985e+09,-9.105964553578996856e+01
7.243750000000000000e+09,-9.243490597229256878e+01
7.243813333333333015e+09,-9.118931363462027662e+01
7.243876666666666985e+09,-9.136221239354068757e+01
7.243940000000000000e+09,-9.173722895117754206e+01
7.244003333333333015e+09,-9.102794131012636569e+01
7.244066666666666985e+09,-9.158040372155183206e+01
7.244130000000000000e+09,-9.166580851127882568e+01
7.244193333333333015e+09,-9.166705479648805976e+01
7.244256666666666985e+09,-9.111644680887832237e+01
7.244320000000000000e+09,-9.232602945567836628e+01
7.244383333333333015e+09,-9.177073595352584334e+01
7.244446666666666985e+09,-9.043492066678786045e+01
7.244510000000000000e+09,-9.162666131655471702e+01
7.244573333333333015e+09,-9.272176323402783282e+01
7.244636666666666985e+09,-9.092119762916824754e+01
7.244700000000000000e+09,-9.098981380685955855e+01
7.244763333333333015e+09,-9.214267976777063041e+01
7.244826666666666985e+09,-9.150498685219822903e+01
7.244890000000000000e+09,-9.245165830801077789e+01
7.244953333333333015e+09,-9.140450699248316369e+01
7.245016666666666985e+09,-9.184450095315825990e+01
7.245080000000000000e+09,-9.172976077923223670e+01
7.245143333333333015e+09,-9.096220685662538585e+01
7.245206666666666985e+09,-9.150030643968165123e+01
7.245270000000000000e+09,-9.152839244966779120e+01
7.245333333333333015e+09,-9.133861778640456919e+01
7.245396666666666985e+09,-9.178948704245047452e+01
7.245460000000000000e+09,-9.095678565099694879e+01
7.245523333333333015e+09,-9.187464495773342321e+01
7.245586666666666985e+09,-9.156957155307202356e+01
7.245650000000000000e+09,-9.128041561796030123e+01
7.245713333333333015e+09,-9.116687724969540341e+01
7.245776666666666985e+09,-9.195200152571754870e+01
7.245840000000000000e+09,-9.178507842026311891e+01
7.245903333333333015e+09,-9.213073535796200986e+01
7.245966666666666985e+09,-9.236274746732854624e+01
7.246030000000000000e+09,-9.220018603750074249e+01
7.246093333333333015e+09,-9.154931679504899478e+01
7.246156666666666985e+09,-9.143748534796046101e+01
7.246220000000000000e+09,-9.148551083539626916e+01
7.246283333333333015e+09,-9.184285573715962414e+01
7.246346666666666985e+09,-9.172891368623412234e+01
7.246410000000000000e+09,-9.170307516006411674e+01
7.246473333333333015e+09,-9.166211793527885732e+01
7.246536666666666985e+09,-9.120846652777133556e+01
7.246600000000000000e+09,-9.173461260570564946e+01
7.246663333333333015e+09,-9.196790015152244280e+01
7.246726666666666985e+09,-9.081055234863052306e+01
7.246790000000000000e+09,-9.196605175802524457e+01
7.246853333333333015e+09,-9.272980346757523762e+01
7.246916666666666985e+09,-9.147771841465242915e+01
7.246980000000000000e+09,-9.142741254551941665e+01
7.247043333333333015e+09,-9.185272544654770854e+01
7.247106666666666985e+09,-9.260462842522336757e+01
7.247170000000000000e+09,-9.105408260288893985e+01
7.247233333333333015e+09,-9.156415879612413278e+01
7.247296666666666985e+09,-9.118960007128619338e+01
7.247360000000000000e+09,-9.099184720705331131e+01
7.247423333333333015e+09,-9.120841079060610923e+01
7.247486666666666985e+09,-9.057445773714617587e+01
7.247550000000000000e+09,-9.121486742619632082e+01
7.247613333333333015e+09,-9.134735067403121889e+01
7.247676666666666985e+09,-9.096540867665737551e+01
7.247740000000000000e+09,-9.211366255800132308e+01
7.247803333333333015e+09,-9.169792638555016140e+01
7.247866666666666985e+09,-9.167850486970607449e+01
7.247930000000000000e+09,-9.202781462666040113e+01
7.247993333333333015e+09,-9.232822114916940848e+01
7.248056666666666985e+09,-9.132019386151358731e+01
7.248120000000000000e+09,-9.287943240341300566e+01
7.248183333333333015e+09,-9.185942610503514061e+01
7.248246666666666985e+09,-9.149507336443400618e+01
7.248310000000000000e+09,-9.106657427532636007e+01
7.248373333333333015e+09,-9.230308684305592237e+01
7.248436666666666985e+09,-9.096045502394510152e+01
7.248500000000000000e+09,-9.233743188727859774e+01
7.248563333333333015e+09,-9.210980071585555606e+01
7.248626666666666985e+09,-9.205616557055451210e+01
7.248690000000000000e+09,-9.184784798612656687e+01
7.248753333333333015e+09,-9.147941004648210139e+01
7.248816666666666985e+09,-9.203184738598834258e+01
7.248880000000000000e+09,-9.139149066761555673e+01
7.248943333333333015e+09,-9.179817487640627860e+01
7.249006666666666985e+09,-9.162035518171867921e+01
7.249070000000000000e+09,-9.166792470781740576e+01
7.249133333333333015e+09,-9.148338850214591389e+01
7.249196666666666985e+09,-9.126667546025643674e+01
7.249260000000000000e+09,-9.367383984007599906e+01
7.249323333333333015e+09,-9.190423634334791814e+01
7.249386666666666985e+09,-9.197550555992046384e+01
7.249450000000000000e+09,-9.258773507595192598e+01
7.249513333333333015e+09,-9.136070518262340556e+01
7.249576666666666985e+09,-9.110549083869247511e+01
7.249640000000000000e+09,-9.162613516991655160e+01
7.249703333333333015e+09,-9.139174766193576716e+01
7.249766666666666985e+09,-9.090894647272025964e+01
7.249830000000000000e+09,-9.173238728419747190e+01
7.249893333333333015e+09,-9.174531086120325085e+01
7.249956666666666985e+09,-9.074801503202769482e+01
7.250020000000000000e+09,-9.198117604137016201e+01
7.250083333333333015e+09,-9.157147089538494811e+01
7.250146666666666985e+09,-9.214763745770257231e+01
7.250210000000000000e+09,-9.127817570005234415e+01
7.250273333333333015e+09,-9.261384538173247449e+01
7.250336666666666985e+09,-9.113559242697013474e+01
7.250400000000000000e+09,-9.134115505478820296e+01
7.250463333333333015e+09,-9.248511621176805875e+01
7.250526666666666985e+09,-9.198767913727562018e+01
7.250590000000000000e+09,-9.145352985477664731e+01
7.250653333333333015e+09,-9.266726562116932087e+01
7.250716666666666985e+09,-9.158419554993905365e+01
7.250780000000000000e+09,-9.151060664438435310e+01
7.250843333333333015e+09,-9.229399046846425847e+01
7.250906666666666985e+09,-9.148191928902227232e+01
7.250970000000000000e+09,-9.157549508642645719e+01
7.251033333333333015e+09,-9.174231794972456555e+01
7.251096666666666985e+09,-9.168903789166408558e+01
7.251160000000000000e+09,-9.239904126999434197e+01
7.251223333333333015e+09,-9.244974189344915771e+01
7.251286666666666985e+09,-9.159595865505059464e+01
7.251350000000000000e+09,-9.106028420795938416e+01
7.251413333333333015e+09,-9.223284360776830226e+01
7.251476666666666985e+09,-9.092128060823453950e+01
7.251540000000000000e+09,-9.269840199971048378e+01
7.251603333333333015e+09,-9.233717484628311922e+01
7.251666666666666985e+09,-9.114187470485633469e+01
7.251730000000000000e+09,-9.129993583523327061e+01
7.251793333333333015e+09,-9.084647224062214832e+01
7.251856666666666985e+09,-9.281032051484305612e+01
7.251920000000000000e+09,-9.163150833435241793e+01
7.251983333333333015e+09,-9.115182544701292500e+01
7.252046666666666985e+09,-9.253653795403734250e+01
7.252110000000000000e+09,-9.123488643519452523e+01
7.252173333333333015e+09,-9.176307530101396992e+01
7.252236666666666985e+09,-9.205164118069737356e+01
7.252300000000000000e+09,-9.151803709598537750e+01
7.252363333333333015e+09,-9.169250192752681983e+01
7.252426666666666985e+09,-9.146248792764177438e+01
7.252490000000000000e+09,-9.115954630208608478e+01
7.252553333333333015e+09,-9.248526712710223308e+01
7.252616666666666985e+09,-9.108578240053253694e+01
7.252680000000000000e+09,-9.246224939399481002e+01
7.252743333333333015e+09,-9.191303080703981720e+01
7.252806666666666985e+09,-9.218117644463208649e+01
7.252870000000000000e+09,-9.113415938687433027e+01
7.252933333333333015e+09,-9.185117013645339057e+01
7.252996666666666985e+09,-9.208358042928877296e+01
7.253060000000000000e+09,-9.272736331718940050e+01
7.253123333333333015e+09,-9.239965208945989161e+01
7.253186666666666985e+09,-9.159252606204995573e+01
7.253250000000000000e+09,-9.083583472234832357e+01
7.253313333333333015e+09,-9.144456706680500702e+01
7.253376666666666985e+09,-9.210101076779395157e+01
7.253440000000000000e+09,-9.175750468274807758e+01
7.253503333333333015e+09,-9.202262689915862381e+01
7.253566666666666985e+09,-9.153298785883407618e+01
7.253630000000000000e+09,-9.204815564061203759e+01
7.253693333333333015e+09,-9.130774902140237259e+01
7.253756666666666985e+09,-9.202102313905203346e+01
7.253820000000000000e+09,-9.146008314763983549e+01
7.253883333333333015e+09,-9.175085393746678619e+01
7.253946666666666985e+09,-9.215978590013504856e+01
7.254010000000000000e+09,-9.164750527929729174e+01
7.254073333333333015e+09,-9.168377881152221676e+01
7.254136666666666985e+09,-9.196626481733419212e+01
7.254200000000000000e+09,-9.217074414346055278e+01
7.254263333333333015e+09,-9.152689291333305732e+01
7.254326666666666985e+09,-9.231790263459403434e+01
7.254390000000000000e+09,-9.143538511227795595e+01
7.254453333333333015e+09,-9.198389850224575071e+01
7.254516666666666985e+09,-9.197112310679861480e+01
7.254580000000000000e+09,-9.159495379569793272e+01
7.254643333333333015e+09,-9.280607873436218824e+01
7.254706666666666985e+09,-9.335267829822635122e+01
7.254770000000000000e+09,-9.157409645848240132e+01
7.254833333333333015e+09,-9.122614176609629055e+01
7.254896666666666985e+09,-9.163531778024022856e+01
7.254960000000000000e+09,-9.244472062071645269e+01
7.255023333333333015e+09,-9.196507655292003847e+01
7.255086666666666985e+09,-9.241639264454398983e+01
7.255150000000000000e+09,-9.136742717307599548e+01
7.255213333333333015e+09,-9.141360961057296208e+01
7.255276666666666985e+09,-9.302331268243848683e+01
7.255340000000000000e+09,-9.232153589223004531e+01
7.255403333333333015e+09,-9.252721783943886180e+01
7.255466666666666985e+09,-9.177901993453006924e+01
7.255530000000000000e+09,-9.181042172077580688e+01
7.255593333333333015e+09,-9.201333576533895098e+01
7.255656666666666985e+09,-9.298165388158827227e+01
7.255720000000000000e+09,-9.187836961725372475e+01
7.255783333333333015e+09,-9.242167578880182077e+01
7.255846666666666985e+09,-9.135498526590430401e+01
7.255910000000000000e+09,-9.236582954685684399e+01
7.255973333333333015e+09,-9.238536018798583882e+01
7.256036666666666985e+09,-9.178940077403530040e+01
7.256100000000000000e+09,-9.150424954865952998e+01
7.256163333333333015e+09,-9.061247695090668230e+01
7.256226666666666985e+09,-9.320632343718459367e+01
7.256290000000000000e+09,-9.189479222093740418e+01
7.256353333333333015e+09,-9.228685082778993376e+01
7.256416666666666985e+09,-9.243642400878422904e+01
7.256480000000000000e+09,-9.153043844768633619e+01
7.256543333333333015e+09,-9.248858089206846955e+01
7.256606666666666985e+09,-9.161051184934949276e+01
7.256670000000000000e+09,-9.182296884445462126e+01
7.256733333333333015e+09,-9.253214106616427159e+01
7.256796666666666985e+09,-9.295999603389984145e+01
7.256860000000000000e+09,-9.262302250040340823e+01
7.256923333333333015e+09,-9.195127942276099020e+01
7.256986666666666985e+09,-9.205120614228589204e+01
7.257050000000000000e+09,-9.138371412816459838e+01
7.257113333333333015e+09,-9.220779334960731433e+01
7.257176666666666985e+09,-9.204171806544194112e+01
7.257240000000000000e+09,-9.182921279130871994e+01
7.257303333333333015e+09,-9.229560816247884247e+01
7.257366666666666985e+09,-9.112127599648997034e+01
7.257430000000000000e+09,-9.154507977234979421e+01
7.257493333333333015e+09,-9.222307699563386052e+01
7.257556666666666985e+09,-9.217836465854810513e+01
7.257620000000000000e+09,-9.176661409617715037e+01
7.257683333333333015e+09,-9.175940292542972543e+01
7.257746666666666985e+09,-9.280722727404881311e+01
7.257810000000000000e+09,-9.209580608953844205e+01
7.257873333333333015e+09,-9.236922496423903794e+01
7.257936666666666985e+09,-9.117671297692339749e+01
7.258000000000000000e+09,-9.393052427837874063e+01
7.258063333333333015e+09,-9.176488055972183133e+01
7.258126666666666985e+09,-9.266032225363183272e+01
7.258190000000000000e+09,-9.288931067546502618e+01
7.258253333333333015e+09,-9.211930952834120490e+01
7.258316666666666985e+09,-9.257091184974014197e+01
7.258380000000000000e+09,-9.232973354754678041e+01
7.258443333333333015e+09,-9.230192532483445689e+01
7.258506666666666985e+09,-9.131794859808046283e+01
7.258570000000000000e+09,-9.241785032972096303e+01
7.258633333333333015e+09,-9.267715756996997811e+01
7.258696666666666985e+09,-9.225739021314750232e+01
7.258760000000000000e+09,-9.268070216751517876e+01
7.258823333333333015e+09,-9.182502547582869568e+01
7.258886666666666985e+09,-9.262304241413770001e+01
7.258950000000000000e+09,-9.190366469707169017e+01
7.259013333333333015e+09,-9.276089763148289080e+01
7.259076666666666985e+09,-9.231896934684266398e+01
7.259140000000000000e+09,-9.196674841040933757e+01
7.259203333333333015e+09,-9.195036873568419367e+01
7.259266666666666985e+09,-9.209334569282060556e+01
7.259330000000000000e+09,-9.303351057527648038e+01
7.259393333333333015e+09,-9.289456758155776583e+01
7.259456666666666985e+09,-9.147588097593765610e+01
7.259520000000000000e+09,-9.265211486893736037e+01
7.259583333333333015e+09,-9.268356041398226353e+01
7.259646666666666985e+09,-9.194898372668686193e+01
7.259710000000000000e+09,-9.261403571712266114e+01
7.259773333333333015e+09,-9.180829656860976229e+01
7.259836666666666985e+09,-9.244666920500959861e+01
7.259900000000000000e+09,-9.125766719964684626e+01
7.259963333333333015e+09,-9.256407198741065656e+01
7.260026666666666985e+09,-9.220837276191687693e+01
7.260090000000000000e+09,-9.364588090237212725e+01
7.260153333333333015e+09,-9.215861274059477637e+01
7.260216666666666985e+09,-9.229625228622147404e+01
7.260280000000000000e+09,-9.194180072336918386e+01
7.260343333333333015e+09,-9.232560977904250876e+01
7.260406666666666985e+09,-9.225516993818048661e+01
7.260470000000000000e+09,-9.227731054092016905e+01
7.260533333333333015e+09,-9.185550789445110809e+01
7.260596666666666985e+09,-9.270385694302558477e+01
7.260660000000000000e+09,-9.253822359268851017e+01
7.260723333333333015e+09,-9.244353416193726503e+01
7.260786666666666985e+09,-9.272234083247201397e+01
7.260850000000000000e+09,-9.191187897546002716e+01
7.260913333333333015e+09,-9.186963658224536289e+01
7.260976666666666985e+09,-9.322514915224022047e+01
7.261040000000000000e+09,-9.230503675898927440e+01
7.261103333333333015e+09,-9.209459927978468841e+01
7.261166666666666985e+09,-9.119937718507905799e+01
7.261230000000000000e+09,-9.189221596881174037e+01
7.261293333333333015e+09,-9.173904233369358963e+01
7.261356666666666985e+09,-9.247503976134706249e+01
7.261420000000000000e+09,-9.331807184650986642e+01
7.261483333333333015e+09,-9.214820063771821879e+01
7.261546666666666985e+09,-9.176297070836051262e+01
7.261610000000000000e+09,-9.361855293665578870e+01
7.261673333333333015e+09,-9.428578524814125217e+01
7.261736666666666985e+09,-9.308807685365209750e+01
7.261800000000000000e+09,-9.459385212495493533e+01
7.261863333333333015e+09,-9.356241106257760975e+01
7.261926666666666985e+09,-9.587781238253187155e+01
7.261990000000000000e+09,-9.845808668697631560e+01
7.262053333333333015e+09,-9.724323045283831846e+01
7.262116666666666985e+09,-9.543360211668496618e+01
7.262180000000000000e+09,-9.292530884996043028e+01
7.262243333333333015e+09,-9.327667563606837575e+01
7.262306666666666985e+09,-9.256903314804402783e+01
7.262370000000000000e+09,-9.315165168655897787e+01
7.262433333333333015e+09,-9.369333554430895106e+01
7.262496666666666985e+09,-9.234043441159613508e+01
7.262560000000000000e+09,-9.191311927089920175e+01
7.262623333333333015e+09,-9.295176681651810213e+01
7.262686666666666985e+09,-9.207743606937680170e+01
7.262750000000000000e+09,-9.193341758744095671e+01
7.262813333333333015e+09,-9.263061774044132335e+01
7.262876666666666985e+09,-9.164372420520079743e+01
7.262940000000000000e+09,-9.317694817231210891e+01
7.263003333333333015e+09,-9.135341536791217720e+01
7.263066666666666985e+09,-9.210689408340181217e+01
7.263130000000000000e+09,-9.250764021078569499e+01
7.263193333333333015e+09,-9.245122644567109660e+01
7.263256666666666985e+09,-9.174699593510345608e+01
7.263320000000000000e+09,-9.222791999499588655e+01
7.263383333333333015e+09,-9.194023320149449319e+01
7.263446666666666985e+09,-9.255133069883891039e+01
7.263510000000000000e+09,-9.167110631724258951e+01
7.263573333333333015e+09,-9.244441540347597197e+01
7.263636666666666985e+09,-9.143513720631887054e+01
7.263700000000000000e+09,-9.286706303230258186e+01
7.263763333333333015e+09,-9.203793000439027594e+01
7.263826666666666985e+09,-9.180604798425926560e+01
7.263890000000000000e+09,-9.147061656247265660e+01
7.263953333333333015e+09,-9.255397777586863128e+01
7.264016666666666985e+09,-9.246154058677157650e+01
7.264080000000000000e+09,-9.286960848130534885e+01
7.264143333333333015e+09,-9.164367307823040676e+01
7.264206666666666985e+09,-9.218139905437965353e+01
7.264270000000000000e+09,-9.229539198649619891e+01
7.264333333333333015e+09,-9.176977660018681604e+01
7.264396666666666985e+09,-9.235074376964389842e+01
7.264460000000000000e+09,-9.202942917525787436e+01
7.264523333333333015e+09,-9.198936488629001929e+01
7.264586666666666985e+09,-9.178243523581480190e+01
7.264650000000000000e+09,-9.168369723299095142e+01
7.264713333333333015e+09,-9.234122592333778812e+01
7.264776666666666985e+09,-9.175769151189415140e+01
7.264840000000000000e+09,-9.328399390130161350e+01
7.264903333333333015e+09,-9.211191660381631152e+01
7.264966666666666985e+09,-9.176051683659028413e+01
7.265030000000000000e+09,-9.303840385945161984e+01
7.265093333333333015e+09,-9.232086673047483316e+01
7.265156666666666985e+09,-9.185052610431725384e+01
7.265220000000000000e+09,-9.125966922508891344e+01
7.265283333333333015e+09,-9.129561875651425851e+01
7.265346666666666985e+09,-9.274393756910193076e+01
7.265410000000000000e+09,-9.183196567366464080e+01
7.265473333333333015e+09,-9.215201011194992020e+01
7.265536666666666985e+09,-9.163397050645309605e+01
7.265600000000000000e+09,-9.301617871572675256e+01
7.265663333333333015e+09,-9.402837114919304895e+01
7.265726666666666985e+09,-9.314768143540925394e+01
7.265790000000000000e+09,-9.122591806397650771e+01
7.265853333333333015e+09,-9.219752615186416733e+01
7.265916666666666985e+09,-9.211142927568056393e+01
7.265980000000000000e+09,-9.172856253045695496e+01
7.266043333333333015e+09,-9.195297657236507405e+01
7.266106666666666985e+09,-9.205031457876997081e+01
7.266170000000000000e+09,-9.098627759560038442e+01
7.266233333333333015e+09,-9.223949280174949195e+01
7.266296666666666985e+09,-9.153492972016849194e+01
7.266360000000000000e+09,-9.249690793464449712e+01
7.266423333333333015e+09,-9.206967930565319591e+01
7.266486666666666985e+09,-9.195119868388077577e+01
7.266550000000000000e+09,-9.285943644497311311e+01
7.266613333333333015e+09,-9.235818526619996760e+01
7.266676666666666985e+09,-9.299854419281111007e+01
7.266740000000000000e+09,-9.208078414231367503e+01
7.266803333333333015e+09,-9.252484940407192937e+01
7.266866666666666985e+09,-9.152600933111229153e+01
7.266930000000000000e+09,-9.255127951473755843e+01
7.266993333333333015e+09,-9.199406199945462959e+01
7.267056666666666985e+09,-9.255773273607081819e+01
7.267120000000000000e+09,-9.159256107998943719e+01
7.267183333333333015e+09,-9.199613122583667746e+01
7.267246666666666985e+09,-9.307325596734702344e+01
7.267310000000000000e+09,-9.219695920353547081e+01
7.267373333333333015e+09,-9.251613472304079266e+01
7.267436666666666985e+09,-9.149187038063649879e+01
7.267500000000000000e+09,-9.157032592530671877e+01
7.267563333333333015e+09,-9.229857936065872082e+01
7.267626666666666985e+09,-9.227525299313568041e+01
7.267690000000000000e+09,-9.172948262061446201e+01
7.267753333333333015e+09,-9.187708502292343837e+01
7.267816666666666985e+09,-9.156588983962380723e+01
7.267880000000000000e+09,-9.206831037138886131e+01
7.267943333333333015e+09,-9.285686413228377489e+01
7.268006666666666985e+09,-9.335564487186817928e+01
7.268070000000000000e+09,-9.191001858778896860e+01
7.268133333333333015e+09,-9.272611818399789740e+01
7.268196666666666985e+09,-9.220541420464016369e+01
7.268260000000000000e+09,-9.214460121952456007e+01
7.268323333333333015e+09,-9.123901455428749330e+01
7.268386666666666985e+09,-9.215263007491017788e+01
7.268450000000000000e+09,-9.343833392083418232e+01
7.268513333333333015e+09,-9.275367071252014739e+01
7.268576666666666985e+09,-9.208938616921606979e+01
7.268640000000000000e+09,-9.202442797897192861e+01
7.268703333333333015e+09,-9.240150379802491898e+01
7.268766666666666985e+09,-9.205352552384619003e+01
7.268830000000000000e+09,-9.372621431351228694e+01
7.268893333333333015e+09,-9.374249238574446963e+01
7.268956666666666985e+09,-9.292970293022071360e+01
7.269020000000000000e+09,-9.252898802374065212e+01
7.269083333333333015e+09,-9.208257695468373072e+01
7.269146666666666985e+09,-9.221481416695647226e+01
7.269210000000000000e+09,-9.234480754635144706e+01
7.269273333333333015e+09,-9.253960527244285572e+01
7.269336666666666985e+09,-9.314666970989803474e+01
7.269400000000000000e+09,-9.172529787437719051e+01
7.269463333333333015e+09,-9.222330642077658069e+01
7.269526666666666985e+09,-9.214833741805300349e+01
7.269590000000000000e+09,-9.242754245100172739e+01
7.269653333333333015e+09,-9.142782917122968911e+01
7.269716666666666985e+09,-9.243753350953849690e+01
7.269780000000000000e+09,-9.242219662511475065e+01
7.269843333333333015e+09,-9.235388658303982368e+01
7.269906666666666985e+09,-9.251256370977972665e+01
7.269970000000000000e+09,-9.260681481053268271e+01
7.270033333333333015e+09,-9.247931709775777165e+01
7.270096666666666985e+09,-9.191407026942222558e+01
7.270160000000000000e+09,-9.127316800365014160e+01
7.270223333333333015e+09,-9.294645039952719401e+01
7.270286666666666985e+09,-9.246508543391274770e+01
7.270350000000000000e+09,-9.172767791045920660e+01
7.270413333333333015e+09,-9.139654662153861864e+01
7.270476666666666985e+09,-9.274098746346257371e+01
7.270540000000000000e+09,-9.160425424265631023e+01
7.270603333333333015e+09,-9.126310170350248541e+01
7.270666666666666985e+09,-9.241185837363063627e+01
7.270730000000000000e+09,-9.234476781651900978e+01
7.270793333333333015e+09,-9.234379520931199181e+01
7.270856666666666985e+09,-9.126333650636810546e+01
7.270920000000000000e+09,-9.189594516689896864e+01
7.270983333333333015e+09,-9.298842578504441292e+01
7.271046666666666985e+09,-9.198488570276103360e+01
7.271110000000000000e+09,-9.288050073212301072e+01
7.271173333333333015e+09,-9.166094174459533406e+01
7.271236666666666985e+09,-9.191222823856990942e+01
7.271300000000000000e+09,-9.222756255223386290e+01
7.271363333333333015e+09,-9.175188172885766846e+01
7.271426666666666985e+09,-9.234839113629477936e+01
7.271490000000000000e+09,-9.361969849010110067e+01
7.271553333333333015e+09,-9.168501075964256586e+01
7.271616666666666985e+09,-9.187727328562914408e+01
7.271680000000000000e+09,-9.366825256763928564e+01
7.271743333333333015e+09,-9.357661297560680680e+01
7.271806666666666985e+09,-9.349757397465579345e+01
7.271870000000000000e+09,-9.217567768787606042e+01
7.271933333333333015e+09,-9.177829170546296211e+01
7.271996666666666985e+09,-9.240959760455508842e+01
7.272060000000000000e+09,-9.223889557592355004e+01
7.272123333333333015e+09,-9.279304709901607850e+01
7.272186666666666985e+09,-9.174839638130448805e+01
7.272250000000000000e+09,-9.238948109037201561e+01
7.272313333333333015e+09,-9.221968418756284791e+01
7.272376666666666985e+09,-9.240529860887313873e+01
7.272440000000000000e+09,-9.247084467655943740e+01
7.272503333333333015e+09,-9.278458484566927211e+01
7.272566666666666985e+09,-9.140903318864712901e+01
7.272630000000000000e+09,-9.211927649762819215e+01
7.272693333333333015e+09,-9.157242246412189957e+01
7.272756666666666985e+09,-9.322027366449729868e+01
7.272820000000000000e+09,-9.286605286946318927e+01
7.272883333333333015e+09,-9.289467475738072721e+01
7.272946666666666985e+09,-9.176365826725191255e+01
7.273010000000000000e+09,-9.164170988167036569e+01
7.273073333333333015e+09,-9.197923148779230473e+01
7.273136666666666985e+09,-9.286205037142693186e+01
7.273200000000000000e+09,-9.239805035766116248e+01
7.273263333333333015e+09,-9.271601707818952320e+01
7.273326666666666985e+09,-9.201724577317241938e+01
7.273390000000000000e+09,-9.199082279216314362e+01
7.273453333333333015e+09,-9.228176401764912384e+01
7.273516666666666985e+09,-9.166337054978359333e+01
7.273580000000000000e+09,-9.222981974432184415e+01
7.273643333333333015e+09,-9.248913345930192520e+01
7.273706666666666985e+09,-9.227116578405330927e+01
7.273770000000000000e+09,-9.195901218193624516e+01
7.273833333333333015e+09,-9.201001989251733448e+01
7.273896666666666985e+09,-9.174338046033571459e+01
7.273960000000000000e+09,-9.234446478723528173e+01
7.274023333333333015e+09,-9.317777942973825134e+01
7.274086666666666985e+09,-9.116146576901273590e+01
7.274150000000000000e+09,-9.204678148045401542e+01
7.274213333333333015e+09,-9.241669462064822937e+01
7.274276666666666985e+09,-9.270444922685783240e+01
7.274340000000000000e+09,-9.246317432650884882e+01
7.274403333333333015e+09,-9.261899373031241112e+01
7.274466666666666985e+09,-9.261694843240857722e+01
7.274530000000000000e+09,-9.195500589447794937e+01
7.274593333333333015e+09,-9.203055952037496468e+01
7.274656666666666985e+09,-9.235961226600061025e+01
7.274720000000000000e+09,-9.337098224887576237e+01
7.274783333333333015e+09,-9.241217241501374247e+01
7.274846666666666985e+09,-9.192347238834258860e+01
7.274910000000000000e+09,-9.353474429574387727e+01
7.274973333333333015e+09,-9.187401130115469527e+01
7.275036666666666985e+09,-9.235646367702028670e+01
7.275100000000000000e+09,-9.285285996147138121e+01
7.275163333333333015e+09,-9.251149486569548230e+01
7.275226666666666985e+09,-9.173231600677654285e+01
7.275290000000000000e+09,-9.233888177125039931e+01
7.275353333333333015e+09,-9.216084541492369908e+01
7.275416666666666985e+09,-9.195821372666429738e+01
7.275480000000000000e+09,-9.143803779007087940e+01
7.275543333333333015e+09,-9.242331254408401264e+01
7.275606666666666985e+09,-9.298917971280405936e+01
7.275670000000000000e+09,-9.352774453054922787e+01
7.275733333333333015e+09,-9.244443898812436089e+01
7.275796666666666985e+09,-9.246272988453034714e+01
7.275860000000000000e+09,-9.284491362172310858e+01
7.275923333333333015e+09,-9.240250404325323075e+01
7.275986666666666985e+09,-9.153307003122412766e+01
7.276050000000000000e+09,-9.303928369352554739e+01
7.276113333333333015e+09,-9.135108399325105211e+01
7.276176666666666985e+09,-9.328738969456509267e+01
7.276240000000000000e+09,-9.161659352057444039e+01
7.276303333333333015e+09,-9.244013826940206968e+01
7.276366666666666985e+09,-9.232634837185726440e+01
7.276430000000000000e+09,-9.195198297790248887e+01
7.276493333333333015e+09,-9.263696355156042728e+01
7.276556666666666985e+09,-9.172390425699383343e+01
7.276620000000000000e+09,-9.303253304733802054e+01
7.276683333333333015e+09,-9.196002859857459555e+01
7.276746666666666985e+09,-9.233006408230656348e+01
7.276810000000000000e+09,-9.330485985446219388e+01
7.276873333333333015e+09,-9.185559622089728293e+01
7.276936666666666985e+09,-9.202699295514221944e+01
7.277000000000000000e+09,-9.239877610053609658e+01
7.277063333333333015e+09,-9.234488667044537635e+01
7.277126666666666985e+09,-9.238157392674639823e+01
7.277190000000000000e+09,-9.271895614680268238e+01
7.277253333333333015e+09,-9.281773696000709606e+01
7.277316666666666985e+09,-9.362103134605422383e+01
7.277380000000000000e+09,-9.226518372132012757e+01
7.277443333333333015e+09,-9.307568761561779525e+01
7.277506666666666985e+09,-9.220524178208708577e+01
7.277570000000000000e+09,-9.203350941896304960e+01
7.277633333333333015e+09,-9.258170371394288622e+01
7.277696666666666985e+09,-9.329233191491624666e+01
7.277760000000000000e+09,-9.296475701500844480e+01
7.277823333333333015e+09,-9.249894207796771184e+01
7.277886666666666985e+09,-9.413434432707312283e+01
7.277950000000000000e+09,-9.255095079062762409e+01
7.278013333333333015e+09,-9.192326278604710410e+01
7.278076666666666985e+09,-9.373170433981400151e+01
7.278140000000000000e+09,-9.363992621681632045e+01
7.278203333333333015e+09,-9.266120703273792003e+01
7.278266666666666985e+09,-9.258070927767056446e+01
7.278330000000000000e+09,-9.361917351862703640e+01
7.278393333333333015e+09,-9.198185567033755206e+01
7.278456666666666985e+09,-9.278102429612106050e+01
7.278520000000000000e+09,-9.205777741002789583e+01
7.278583333333333015e+09,-9.312769096428436910e+01
7.278646666666666985e+09,-9.319248651389901283e+01
7.278710000000000000e+09,-9.182218026235659636e+01
7.278773333333333015e+09,-9.259912424343154669e+01
7.278836666666666985e+09,-9.226154838267255798e+01
7.278900000000000000e+09,-9.220975652529361355e+01
7.278963333333333015e+09,-9.221384376511687719e+01
7.279026666666666985e+09,-9.248948452897819550e+01
7.279090000000000000e+09,-9.209687756409714154e+01
7.279153333333333015e+09,-9.196912034742985043e+01
7.279216666666666985e+09,-9.222408835727152621e+01
7.279280000000000000e+09,-9.291276683401393655e+01
7.279343333333333015e+09,-9.316439262416677991e+01
7.279406666666666985e+09,-9.329542057650216691e+01
7.279470000000000000e+09,-9.278598452526972551e+01
7.279533333333333015e+09,-9.293488598252189092e+01
7.279596666666666985e+09,-9.196596800989830456e+01
7.279660000000000000e+09,-9.221525795052323815e+01
7.279723333333333015e+09,-9.349506576544268910e+01
7.279786666666666985e+09,-9.306357514669949182e+01
7.279850000000000000e+09,-9.366238705447570112e+01
7.279913333333333015e+09,-9.309755964746057089e+01
7.279976666666666985e+09,-9.216716802135458408e+01
7.280040000000000000e+09,-9.253946500321931978e+01
7.280103333333333015e+09,-9.185076299965442104e+01
7.280166666666666985e+09,-9.226173218733569570e+01
7.280230000000000000e+09,-9.356247741574817667e+01
7.280293333333333015e+09,-9.419028246357638068e+01
7.280356666666666985e+09,-9.340691225009916820e+01
7.280420000000000000e+09,-9.268834698767611258e+01
7.280483333333333015e+09,-9.313900955190808872e+01
7.280546666666666985e+09,-9.291127760606258335e+01
7.280610000000000000e+09,-9.278820033990854199e+01
7.280673333333333015e+09,-9.236916152852265327e+01
7.280736666666666985e+09,-9.185407278924543562e+01
7.280800000000000000e+09,-9.258019487066928832e+01
7.280863333333333015e+09,-9.260082980467470293e+01
7.280926666666666985e+09,-9.182217010116984568e+01
7.280990000000000000e+09,-9.271992891536554282e+01
7.281053333333333015e+09,-9.209287626976896490e+01
7.281116666666666985e+09,-9.319843633222829737e+01
7.281180000000000000e+09,-9.233005871121011410e+01
7.281243333333333015e+09,-9.305208473108372402e+01
7.281306666666666985e+09,-9.252123782744246228e+01
7.281370000000000000e+09,-9.264357635162158999e+01
7.281433333333333015e+09,-9.163154143659895112e+01
7.281496666666666985e+09,-9.335003470893903454e+01
7.281560000000000000e+09,-9.159397314847618077e+01
7.281623333333333015e+09,-9.322767777597944416e+01
7.281686666666666985e+09,-9.300068718121204370e+01
7.281750000000000000e+09,-9.144589986744040289e+01
7.281813333333333015e+09,-9.193630174793543119e+01
7.281876666666666985e+09,-9.231756646693703772e+01
7.281940000000000000e+09,-9.220520210010900541e+01
7.282003333333333015e+09,-9.256262658982302582e+01
7.282066666666666985e+09,-9.304634888762763012e+01
7.282130000000000000e+09,-9.317993002391162349e+01
7.282193333333333015e+09,-9.299910895804012512e+01
7.282256666666666985e+09,-9.219658355965924557e+01
7.282320000000000000e+09,-9.323592666751900992e+01
7.282383333333333015e+09,-9.412197666472827962e+01
7.282446666666666985e+09,-9.212391197355616157e+01
7.282510000000000000e+09,-9.232424908580769340e+01
7.282573333333333015e+09,-9.345440625237966970e+01
7.282636666666666985e+09,-9.220443927057442579e+01
7.282700000000000000e+09,-9.227495359172891654e+01
7.282763333333333015e+09,-9.212372269190153418e+01
7.282826666666666985e+09,-9.312873076728926947e+01
7.282890000000000000e+09,-9.250615702644228122e+01
7.282953333333333015e+09,-9.258059067664689223e+01
7.283016666666666985e+09,-9.343508035172413884e+01
7.283080000000000000e+09,-9.265803752585141240e+01
7.283143333333333015e+09,-9.406287068140127872e+01
7.283206666666666985e+09,-9.372243023271684592e+01
7.283270000000000000e+09,-9.206715053059694753e+01
7.283333333333333015e+09,-9.312790064530599921e+01
7.283396666666666985e+09,-9.272138699655175742e+01
7.283460000000000000e+09,-9.186046479775770024e+01
7.283523333333333015e+09,-9.329353642032924654e+01
7.283586666666666985e+09,-9.249490643640936582e+01
7.283650000000000000e+09,-9.179503357829102583e+01
7.283713333333333015e+09,-9.248227449338186545e+01
7.283776666666666985e+09,-9.282178475477850554e+01
7.283840000000000000e+09,-9.284383102091643991e+01
7.283903333333333015e+09,-9.337201944756245098e+01
7.283966666666666985e+09,-9.334472275348332460e+01
7.284030000000000000e+09,-9.297847640172506090e+01
7.284093333333333015e+09,-9.269009891634696885e+01
7.284156666666666985e+09,-9.228793218490747563e+01
7.284220000000000000e+09,-9.264554805229045087e+01
7.284283333333333015e+09,-9.256367620399558405e+01
7.284346666666666985e+09,-9.220786249131205636e+01
7.284410000000000000e+09,-9.263001972603973400e+01
7.284473333333333015e+09,-9.312280010678711051e+01
7.284536666666666985e+09,-9.220293034828770828e+01
7.284600000000000000e+09,-9.218104775403384110e+01
7.284663333333333015e+09,-9.347488319295391079e+01
7.284726666666666985e+09,-9.321002195463684359e+01
7.284790000000000000e+09,-9.158901484973654306e+01
7.284853333333333015e+09,-9.284952509012386201e+01
7.284916666666666985e+09,-9.339619838567726617e+01
7.284980000000000000e+09,-9.376973704449304137e+01
7.285043333333333015e+09,-9.275322685577847892e+01
7.285106666666666985e+09,-9.293772743544815285e+01
7.285170000000000000e+09,-9.291610656841875482e+01
7.285233333333333015e+09,-9.248792426512611087e+01
7.285296666666666985e+09,-9.290371520355540724e+01
7.285360000000000000e+09,-9.257176063840157099e+01
7.285423333333333015e+09,-9.264687681650963214e+01
7.285486666666666985e+09,-9.195963236931312679e+01
7.285550000000000000e+09,-9.361936779799631836e+01
7.285613333333333015e+09,-9.218002016700610568e+01
7.285676666666666985e+09,-9.206626947110092374e+01
7.285740000000000000e+09,-9.314794904157609778e+01
7.285803333333333015e+09,-9.257095352711257874e+01
7.285866666666666985e+09,-9.310745119970641781e+01
7.285930000000000000e+09,-9.266514668757068307e+01
7.285993333333333015e+09,-9.267848681828469637e+01
7.286056666666666985e+09,-9.235110515585142821e+01
7.286120000000000000e+09,-9.288184084995012313e+01
7.286183333333333015e+09,-9.338501064093294701e+01
7.286246666666666985e+09,-9.239884697039747152e+01
7.286310000000000000e+09,-9.235403159060602718e+01
7.286373333333333015e+09,-9.399285227958191058e+01
7.286436666666666985e+09,-9.430439069298688537e+01
7.286500000000000000e+09,-9.276628375754482647e+01
7.286563333333333015e+09,-9.289625504515302623e+01
7.286626666666666985e+09,-9.173627863944241767e+01
7.286690000000000000e+09,-9.394488984612780769e+01
7.286753333333333015e+09,-9.233808308360198680e+01
7.286816666666666985e+09,-9.239169378911330455e+01
7.286880000000000000e+09,-9.311218225320479291e+01
7.286943333333333015e+09,-9.245859016288689247e+01
7.287006666666666985e+09,-9.234889525141380773e+01
7.287070000000000000e+09,-9.223699168337601861e+01
7.287133333333333015e+09,-9.158210575814571541e+01
7.287196666666666985e+09,-9.251082756734496115e+01
7.287260000000000000e+09,-9.281110459543106117e+01
7.287323333333333015e+09,-9.254330234374583597e+01
7.287386666666666985e+09,-9.334894192389283774e+01
7.287450000000000000e+09,-9.346490526337254323e+01
7.287513333333333015e+09,-9.205316850956782559e+01
7.287576666666666985e+09,-9.232194985359987527e+01
7.287640000000000000e+09,-9.291315537067795560e+01
7.287703333333333015e+09,-9.316776194942669065e+01
7.287766666666666985e+09,-9.221385207060791345e+01
7.287830000000000000e+09,-9.208357647516092470e+01
7.287893333333333015e+09,-9.257174304979844237e+01
7.287956666666666985e+09,-9.244146393769895553e+01
7.288020000000000000e+09,-9.238895144287688765e+01
7.288083333333333015e+09,-9.211867556286507863e+01
7.288146666666666985e+09,-9.358022744695401229e+01
7.288210000000000000e+09,-9.222716168297807826e+01
7.288273333333333015e+09,-9.271311187693122235e+01
7.288336666666666985e+09,-9.311060083025222411e+01
7.288400000000000000e+09,-9.316925111510872171e+01
7.288463333333333015e+09,-9.251393589715674182e+01
7.288526666666666985e+09,-9.270026493538480850e+01
7.288590000000000000e+09,-9.266519456713072600e+01
7.288653333333333015e+09,-9.266034514266721089e+01
7.288716666666666985e+09,-9.270096742758495623e+01
7.288780000000000000e+09,-9.293516619696816861e+01
7.288843333333333015e+09,-9.286694515953786322e+01
7.288906666666666985e+09,-9.348522341306063765e+01
7.288970000000000000e+09,-9.256513857214117991e+01
7.289033333333333015e+09,-9.313807947170319324e+01
7.289096666666666985e+09,-9.250265922712429756e+01
7.289160000000000000e+09,-9.191591615198660747e+01
7.289223333333333015e+09,-9.319437421040029790e+01
7.289286666666666985e+09,-9.397714444054969363e+01
7.289350000000000000e+09,-9.316979986906211764e+01
7.289413333333333015e+09,-9.254712300545011772e+01
7.289476666666666985e+09,-9.235202850706066613e+01
7.289540000000000000e+09,-9.215560451788938678e+01
7.289603333333333015e+09,-9.354490144208662628e+01
7.289666666666666985e+09,-9.287329186230320488e+01
7.289730000000000000e+09,-9.212864141898151615e+01
7.289793333333333015e+09,-9.334672916205384752e+01
7.289856666666666985e+09,-9.338332171063385090e+01
7.289920000000000000e+09,-9.423326577402269777e+01
7.289983333333333015e+09,-9.281042561112965927e+01
7.290046666666666985e+09,-9.392745589152670505e+01
7.290110000000000000e+09,-9.360510258040845599e+01
7.290173333333333015e+09,-9.380463255431473613e+01
7.290236666666666985e+09,-9.328376575234125312e+01
7.290300000000000000e+09,-9.431976209599972094e+01
7.290363333333333015e+09,-9.669721521143110010e+01
7.290426666666666985e+09,-9.853770500219725648e+01
7.290490000000000000e+09,-9.950019115589554985e+01
7.290553333333333015e+09,-9.735004580277467312e+01
7.290616666666666985e+09,-9.515724641947363693e+01
7.290680000000000000e+09,-9.427382347087711878e+01
7.290743333333333015e+09,-9.305317113200692347e+01
7.290806666666666985e+09,-9.366224273170671211e+01
7.290870000000000000e+09,-9.286813058933829268e+01
7.290933333333333015e+09,-9.359476003073923778e+01
7.290996666666666985e+09,-9.268307566693931676e+01
7.291060000000000000e+09,-9.358874323246696747e+01
7.291123333333333015e+09,-9.215861798362148249e+01
7.291186666666666985e+09,-9.258392340049559266e+01
7.291250000000000000e+09,-9.266886751263001543e+01
7.291313333333333015e+09,-9.307640827361271363e+01
7.291376666666666985e+09,-9.419081930144920989e+01
7.291440000000000000e+09,-9.348199154061120453e+01
7.291503333333333015e+09,-9.358458188602006089e+01
7.291566666666666985e+09,-9.328662738683748046e+01
7.291630000000000000e+09,-9.242533900466760599e+01
7.291693333333333015e+09,-9.268090102659198237e+01
7.291756666666666985e+09,-9.302502571969741041e+01
7.291820000000000000e+09,-9.346418321675227503e+01
7.291883333333333015e+09,-9.361377058572219312e+01
7.291946666666666985e+09,-9.225820586172861226e+01
7.292010000000000000e+09,-9.276546260022988122e+01
7.292073333333333015e+09,-9.323075489638092961e+01
7.292136666666666985e+09,-9.403986113351660947e+01
7.292200000000000000e+09,-9.329552652554447434e+01
7.292263333333333015e+09,-9.312700989646896232e+01
7.292326666666666985e+09,-9.316566756004152694e+01
7.292390000000000000e+09,-9.312318459920010127e+01
7.292453333333333015e+09,-9.312667439914619649e+01
7.292516666666666985e+09,-9.217556281004775087e+01
7.292580000000000000e+09,-9.312363066147619861e+01
7.292643333333333015e+09,-9.245051048832715423e+01
7.292706666666666985e+09,-9.220104926513226928e+01
7.292770000000000000e+09,-9.301435928711761392e+01
7.292833333333333015e+09,-9.409664290084621996e+01
7.292896666666666985e+09,-9.291456536163198621e+01
7.292960000000000000e+09,-9.318138595924567369e+01
7.293023333333333015e+09,-9.272268674551689571e+01
7.293086666666666985e+09,-9.234332409341664061e+01
7.293150000000000000e+09,-9.302633656946133556e+01
7.293213333333333015e+09,-9.251310712229022215e+01
7.293276666666666985e+09,-9.243346354930164921e+01
7.293340000000000000e+09,-9.329088357960873168e+01
7.293403333333333015e+09,-9.384908819258662049e+01
7.293466666666666985e+09,-9.434452689313962992e+01
7.293530000000000000e+09,-9.362656891644422785e+01
7.293593333333333015e+09,-9.255609993463133378e+01
7.293656666666666985e+09,-9.317681476168817767e+01
7.293720000000000000e+09,-9.367117227156131776e+01
7.293783333333333015e+09,-9.379723522217766174e+01
7.293846666666666985e+09,-9.343959843393081144e+01
7.293910000000000000e+09,-9.268184683414993685e+01
7.293973333333333015e+09,-9.289513904826409885e+01
7.294036666666666985e+09,-9.181484470787536623e+01
7.294100000000000000e+09,-9.280969217027276841e+01
7.294163333333333015e+09,-9.304861969448715797e+01
7.294226666666666985e+09,-9.273422908234992690e+01
7.294290000000000000e+09,-9.310253326094398574e+01
7.294353333333333015e+09,-9.271554182499548347e+01
7.294416666666666985e+09,-9.235860354843134701e+01
7.294480000000000000e+09,-9.355705101943856050e+01
7.294543333333333015e+09,-9.339446979033368734e+01
7.294606666666666985e+09,-9.378090471616395973e+01
7.294670000000000000e+09,-9.215832943188547688e+01
7.294733333333333015e+09,-9.248057133056275347e+01
7.294796666666666985e+09,-9.247582342982363457e+01
7.294860000000000000e+09,-9.331055430408513018e+01
7.294923333333333015e+09,-9.404528617346520036e+01
7.294986666666666985e+09,-9.325586485853668250e+01
7.295050000000000000e+09,-9.396624263384829590e+01
7.295113333333333015e+09,-9.226549815854605185e+01
7.295176666666666985e+09,-9.292033345031509839e+01
7.295240000000000000e+09,-9.291830269107305185e+01
7.295303333333333015e+09,-9.391232719397258677e+01
7.295366666666666985e+09,-9.343893028876728124e+01
7.295430000000000000e+09,-9.332290331966993335e+01
7.295493333333333015e+09,-9.318670767366654673e+01
7.295556666666666985e+09,-9.330556756182971867e+01
7.295620000000000000e+09,-9.372995029008492907e+01
7.295683333333333015e+09,-9.423761494649855308e+01
7.295746666666666985e+09,-9.244775283456014847e+01
7.295810000000000000e+09,-9.248238348849918111e+01
7.295873333333333015e+09,-9.320101641789679547e+01
7.295936666666666985e+09,-9.301190789454821584e+01
7.296000000000000000e+09,-9.296200197222388795e+01
7.296063333333333015e+09,-9.273866060650937015e+01
7.296126666666666985e+09,-9.307873728473171582e+01
7.296190000000000000e+09,-9.331101541750244621e+01
7.296253333333333015e+09,-9.303116523393264004e+01
7.296316666666666985e+09,-9.401166176484052528e+01
7.296380000000000000e+09,-9.322641863812160068e+01
7.296443333333333015e+09,-9.288522759460546752e+01
7.296506666666666985e+09,-9.268491370745935853e+01
7.296570000000000000e+09,-9.218009111076595730e+01
7.296633333333333015e+09,-9.281444004050676710e+01
7.296696666666666985e+09,-9.380341310149879064e+01
7.296760000000000000e+09,-9.289738380512274318e+01
7.296823333333333015e+09,-9.305754089781139271e+01
7.296886666666666985e+09,-9.305808103528754316e+01
7.296950000000000000e+09,-9.348301854358311402e+01
7.297013333333333015e+09,-9.312388448069940239e+01
7.297076666666666985e+09,-9.298356899761967043e+01
7.297140000000000000e+09,-9.344682186013990588e+01
7.297203333333333015e+09,-9.330167086912106811e+01
7.297266666666666985e+09,-9.323353986191413867e+01
7.297330000000000000e+09,-9.268496380974526971e+01
7.297393333333333015e+09,-9.321428122697106744e+01
7.297456666666666985e+09,-9.343441305369182714e+01
7.297520000000000000e+09,-9.362297116611577508e+01
7.297583333333333015e+09,-9.313415608084918063e+01
7.297646666666666985e+09,-9.292503595111953985e+01
7.297710000000000000e+09,-9.324036248600430099e+01
7.297773333333333015e+09,-9.311960003647465101e+01
7.297836666666666985e+09,-9.273342257476281247e+01
7.297900000000000000e+09,-9.357424813569126343e+01
7.297963333333333015e+09,-9.179143597683372491e+01
7.298026666666666985e+09,-9.279266915566483931e+01
7.298090000000000000e+09,-9.291411500197111195e+01
7.298153333333333015e+09,-9.284374857710540141e+01
7.298216666666666985e+09,-9.290506442245009566e+01
7.298280000000000000e+09,-9.334386953138881893e+01
7.298343333333333015e+09,-9.302878485803830699e+01
7.298406666666666985e+09,-9.409959094676138136e+01
7.298470000000000000e+09,-9.192947927030083122e+01
7.298533333333333015e+09,-9.337977867454796410e+01
7.298596666666666985e+09,-9.263536217194481992e+01
7.298660000000000000e+09,-9.351397651772575159e+01
7.298723333333333015e+09,-9.386962359579590043e+01
7.298786666666666985e+09,-9.369807311488672497e+01
7.298850000000000000e+09,-9.387086038182447112e+01
7.298913333333333015e+09,-9.368143191051768781e+01
7.298976666666666985e+09,-9.416295603328211428e+01
7.299040000000000000e+09,-9.304738299021231285e+01
7.299103333333333015e+09,-9.296128674471331976e+01
7.299166666666666985e+09,-9.291906743762010024e+01
7.299230000000000000e+09,-9.217280848087897027e+01
7.299293333333333015e+09,-9.429662778768793885e+01
7.299356666666666985e+09,-9.247127916695879435e+01
7.299420000000000000e+09,-9.252641217095204240e+01
7.299483333333333015e+09,-9.377872529403235546e+01
7.299546666666666985e+09,-9.240548518252549570e+01
7.299610000000000000e+09,-9.400175756597226950e+01
7.299673333333333015e+09,-9.339333891639945762e+01
7.299736666666666985e+09,-9.307402268158409697e+01
7.299800000000000000e+09,-9.343488836173912659e+01
7.299863333333333015e+09,-9.343772961453744585e+01
7.299926666666666985e+09,-9.335484873079904844e+01
7.299990000000000000e+09,-9.228340512008816177e+01
7.300053333333333015e+09,-9.376727111891250388e+01
7.300116666666666985e+09,-9.361061376927212052e+01
7.300180000000000000e+09,-9.354511402356671113e+01
7.300243333333333015e+09,-9.354245741893102206e+01
7.300306666666666985e+09,-9.331733387114633160e+01
7.300370000000000000e+09,-9.340931833224786374e+01
7.300433333333333015e+09,-9.322568325365025999e+01
7.300496666666666985e+09,-9.364740718292507893e+01
7.300560000000000000e+09,-9.350516551886882155e+01
7.300623333333333015e+09,-9.417745047542560144e+01
7.300686666666666985e+09,-9.389332405712502805e+01
7.300750000000000000e+09,-9.282315190132671034e+01
7.300813333333333015e+09,-9.370423446394991629e+01
7.300876666666666985e+09,-9.327285571361670691e+01
7.300940000000000000e+09,-9.381905676366125135e+01
7.301003333333333015e+09,-9.396899222185460587e+01
7.301066666666666985e+09,-9.212316953630769945e+01
7.301130000000000000e+09,-9.213318481510400204e+01
7.301193333333333015e+09,-9.316362104422350399e+01
7.301256666666666985e+09,-9.356661362367057677e+01
7.301320000000000000e+09,-9.303729872335313189e+01
7.301383333333333015e+09,-9.325053319446294608e+01
7.301446666666666985e+09,-9.261326778040327667e+01
7.301510000000000000e+09,-9.285782290199696831e+01
7.301573333333333015e+09,-9.319469090334436601e+01
7.301636666666666985e+09,-9.342098279514303272e+01
7.301700000000000000e+09,-9.199482314934422789e+01
7.301763333333333015e+09,-9.384890752338469611e+01
7.301826666666666985e+09,-9.254327874678006083e+01
7.301890000000000000e+09,-9.241077979898869899e+01
7.301953333333333015e+09,-9.265251827106592941e+01
7.302016666666666985e+09,-9.441592204950279665e+01
7.302080000000000000e+09,-9.287915655427850936e+01
7.302143333333333015e+09,-9.281284612229896425e+01
7.302206666666666985e+09,-9.398461465615015697e+01
7.302270000000000000e+09,-9.302120068015703680e+01
7.302333333333333015e+09,-9.403495147194018955e+01
7.302396666666666985e+09,-9.314393201143305134e+01
7.302460000000000000e+09,-9.372707083020995356e+01
7.302523333333333015e+09,-9.410107458539000902e+01
7.302586666666666985e+09,-9.194139493042465006e+01
7.302650000000000000e+09,-9.290622828071056460e+01
7.302713333333333015e+09,-9.401982555004273934e+01
7.302776666666666985e+09,-9.272930729797505478e+01
7.302840000000000000e+09,-9.340354344347767324e+01
7.302903333333333015e+09,-9.316826535861672198e+01
7.302966666666666985e+09,-9.397323772706825196e+01
7.303030000000000000e+09,-9.401032503953423713e+01
7.303093333333333015e+09,-9.368034319593917303e+01
7.303156666666666985e+09,-9.340364331599121783e+01
7.303220000000000000e+09,-9.238547552972518417e+01
7.303283333333333015e+09,-9.274535475294993603e+01
7.303346666666666985e+09,-9.387684083463311424e+01
7.303410000000000000e+09,-9.246613081959365843e+01
7.303473333333333015e+09,-9.329662971158570883e+01
7.303536666666666985e+09,-9.228635845003142890e+01
7.303600000000000000e+09,-9.284050112943255328e+01
7.303663333333333015e+09,-9.347337279243879493e+01
7.303726666666666985e+09,-9.337284031809252838e+01
7.303790000000000000e+09,-9.322373394731259566e+01
7.303853333333333015e+09,-9.326997627527950385e+01
7.303916666666666985e+09,-9.313538529965089197e+01
7.303980000000000000e+09,-9.359008383456192348e+01
7.304043333333333015e+09,-9.295524726976785246e+01
7.304106666666666985e+09,-9.331321298936722997e+01
7.304170000000000000e+09,-9.295327126088321279e+01
7.304233333333333015e+09,-9.300226240152520063e+01
7.304296666666666985e+09,-9.275057777518441071e+01
7.304360000000000000e+09,-9.365336743600752811e+01
7.304423333333333015e+09,-9.305171360517925905e+01
7.304486666666666985e+09,-9.296037144118740514e+01
7.304550000000000000e+09,-9.303280803258755327e+01
7.304613333333333015e+09,-9.302223647306989562e+01
7.304676666666666985e+09,-9.291579966655652356e+01
7.304740000000000000e+09,-9.360595268198937902e+01
7.304803333333333015e+09,-9.351373133701554252e+01
7.304866666666666985e+09,-9.318526206168449733e+01
7.304930000000000000e+09,-9.393310950784631075e+01
7.304993333333333015e+09,-9.329662668025386552e+01
7.305056666666666985e+09,-9.353605379001240294e+01
7.305120000000000000e+09,-9.302549036176631603e+01
7.305183333333333015e+09,-9.267248503010736727e+01
7.305246666666666985e+09,-9.322667733232685805e+01
7.305310000000000000e+09,-9.480159033404204649e+01
7.305373333333333015e+09,-9.303380789066702050e+01
7.305436666666666985e+09,-9.333591326242141406e+01
7.305500000000000000e+09,-9.274157734506657391e+01
7.305563333333333015e+09,-9.342251811078817525e+01
7.305626666666666985e+09,-9.450718567467218634e+01
7.305690000000000000e+09,-9.371706734398217975e+01
7.305753333333333015e+09,-9.418294900957705806e+01
7.305816666666666985e+09,-9.292475799579673890e+01
7.305880000000000000e+09,-9.382621440244612643e+01
7.305943333333333015e+09,-9.274445939182596987e+01
7.306006666666666985e+09,-9.318354711859842610e+01
7.306070000000000000e+09,-9.279816426712842770e+01
7.306133333333333015e+09,-9.311620574093593916e+01
7.306196666666666985e+09,-9.251183242304337284e+01
7.306260000000000000e+09,-9.387821434888121530e+01
7.306323333333333015e+09,-9.254121150954819086e+01
7.306386666666666985e+09,-9.332597748061408538e+01
7.306450000000000000e+09,-9.277148750750376394e+01
7.306513333333333015e+09,-9.293957089192997501e+01
7.306576666666666985e+09,-9.282826827785964952e+01
7.306640000000000000e+09,-9.328872143262161387e+01
7.306703333333333015e+09,-9.434324843335694766e+01
7.306766666666666985e+09,-9.289364006276620955e+01
7.306830000000000000e+09,-9.287821347917557091e+01
7.306893333333333015e+09,-9.327769626001240511e+01
7.306956666666666985e+09,-9.434424165837477005e+01
7.307020000000000000e+09,-9.249234696092032948e+01
7.307083333333333015e+09,-9.318648859646209814e+01
7.307146666666666985e+09,-9.418396627218317008e+01
7.307210000000000000e+09,-9.382655363928628844e+01
7.307273333333333015e+09,-9.301464581910268237e+01
7.307336666666666985e+09,-9.300344774229499478e+01
7.307400000000000000e+09,-9.428304603711309539e+01
7.307463333333333015e+09,-9.323385118511966141e+01
7.307526666666666985e+09,-9.394811848807168531e+01
7.307590000000000000e+09,-9.274983666638392776e+01
7.307653333333333015e+09,-9.336375615755910928e+01
7.307716666666666985e+09,-9.348763223896443719e+01
7.307780000000000000e+09,-9.289619840717348609e+01
7.307843333333333015e+09,-9.313632942918363256e+01
7.307906666666666985e+09,-9.310575110985476499e+01
7.307970000000000000e+09,-9.324511298151598737e+01
7.308033333333333015e+09,-9.363837295551101647e+01
7.308096666666666985e+09,-9.291734811118386972e+01
7.308160000000000000e+09,-9.324802370740783886e+01
7.308223333333333015e+09,-9.346397740231644491e+01
7.308286666666666985e+09,-9.336315976823142648e+01
7.308350000000000000e+09,-9.347140860352436675e+01
7.308413333333333015e+09,-9.352830357745554579e+01
7.308476666666666985e+09,-9.328444057090402453e+01
7.308540000000000000e+09,-9.274363185094095741e+01
7.308603333333333015e+09,-9.258590408516039361e+01
7.308666666666666985e+09,-9.437742418194392258e+01
7.308730000000000000e+09,-9.341615982041133748e+01
7.308793333333333015e+09,-9.359429925699578234e+01
7.308856666666666985e+09,-9.223533794804316699e+01
7.308920000000000000e+09,-9.324773459894552730e+01
7.308983333333333015e+09,-9.314902423519475860e+01
7.309046666666666985e+09,-9.353818117236441765e+01
7.309110000000000000e+09,-9.282533425289514639e+01
7.309173333333333015e+09,-9.382775051918878262e+01
7.309236666666666985e+09,-9.387551523678509113e+01
7.309300000000000000e+09,-9.305398177000375881e+01
7.309363333333333015e+09,-9.317169061110881501e+01
7.309426666666666985e+09,-9.290783533658628812e+01
7.309490000000000000e+09,-9.467185945038595207e+01
7.309553333333333015e+09,-9.263377742609364418e+01
7.309616666666666985e+09,-9.332625988611977164e+01
7.309680000000000000e+09,-9.313231004606059571e+01
7.309743333333333015e+09,-9.292719058788499353e+01
7.309806666666666985e+09,-9.418539760886724821e+01
7.309870000000000000e+09,-9.275675261930916804e+01
7.309933333333333015e+09,-9.429710989248398789e+01
7.309996666666666985e+09,-9.179225921978098768e+01
7.310060000000000000e+09,-9.282089432307463994e+01
7.310123333333333015e+09,-9.423820473403289100e+01
7.310186666666666985e+09,-9.328876237634395352e+01
7.310250000000000000e+09,-9.315447410502719094e+01
7.310313333333333015e+09,-9.313629808689336187e+01
7.310376666666666985e+09,-9.306906899054584414e+01
7.310440000000000000e+09,-9.363243631966454927e+01
7.310503333333333015e+09,-9.363983768805779562e+01
7.310566666666666985e+09,-9.380678292080551728e+01
7.310630000000000000e+09,-9.348720840372055818e+01
7.310693333333333015e+09,-9.274495693368024263e+01
7.310756666666666985e+09,-9.436892993287288789e+01
7.310820000000000000e+09,-9.348478417836390975e+01
7.310883333333333015e+09,-9.313247318494929061e+01
7.310946666666666985e+09,-9.413657072299292849e+01
7.311010000000000000e+09,-9.396394106454411599e+01
7.311073333333333015e+09,-9.252272883050713403e+01
7.311136666666666985e+09,-9.461495249663445861e+01
7.311200000000000000e+09,-9.299636523993302717e+01
7.311263333333333015e+09,-9.261188805628799514e+01
7.311326666666666985e+09,-9.387729192569184988e+01
7.311390000000000000e+09,-9.387715620273152695e+01
7.311453333333333015e+09,-9.326345604141378942e+01
7.311516666666666985e+09,-9.348829799534071583e+01
7.311580000000000000e+09,-9.365805136676179643e+01
7.311643333333333015e+09,-9.274571912362958415e+01
7.311706666666666985e+09,-9.316176512295400869e+01
7.311770000000000000e+09,-9.272928387406672357e+01
7.311833333333333015e+09,-9.354606470133157359e+01
7.311896666666666985e+09,-9.375972984867621562e+01
7.311960000000000000e+09,-9.334007160659527358e+01
7.312023333333333015e+09,-9.465604356808245257e+01
7.312086666666666985e+09,-9.275739154183651181e+01
7.312150000000000000e+09,-9.386523831202708834e+01
7.312213333333333015e+09,-9.336195905411598517e+01
7.312276666666666985e+09,-9.259024890039182765e+01
7.312340000000000000e+09,-9.248113468076041954e+01
7.312403333333333015e+09,-9.366430088892715844e+01
7.312466666666666985e+09,-9.386309029562256967e+01
7.312530000000000000e+09,-9.331037690476392754e+01
7.312593333333333015e+09,-9.263037523650758942e+01
7.312656666666666985e+09,-9.211964098969363590e+01
7.312720000000000000e+09,-9.261696484975871613e+01
7.312783333333333015e+09,-9.376932858292393291e+01
7.312846666666666985e+09,-9.362896193491167196e+01
7.312910000000000000e+09,-9.252324912783215893e+01
7.312973333333333015e+09,-9.373918875514758042e+01
7.313036666666666985e+09,-9.352619130402437975e+01
7.313100000000000000e+09,-9.371494476723367484e+01
7.313163333333333015e+09,-9.372001336310725605e+01
7.313226666666666985e+09,-9.330377523407287299e+01
7.313290000000000000e+09,-9.326692452754991791e+01
7.313353333333333015e+09,-9.389859689288749678e+01
7.313416666666666985e+09,-9.227462513965517132e+01
7.313480000000000000e+09,-9.364019444834808326e+01
7.313543333333333015e+09,-9.275266974099372419e+01
7.313606666666666985e+09,-9.269961110466830689e+01
7.313670000000000000e+09,-9.307541668577920291e+01
7.313733333333333015e+09,-9.337552079916669356e+01
7.313796666666666985e+09,-9.317490296585390297e+01
7.313860000000000000e+09,-9.305831236596942801e+01
7.313923333333333015e+09,-9.338986185424694497e+01
7.313986666666666985e+09,-9.329036293096544341e+01
7.314050000000000000e+09,-9.259406707567086414e+01
7.314113333333333015e+09,-9.377317066773214549e+01
7.314176666666666985e+09,-9.348844919971097056e+01
7.314240000000000000e+09,-9.263026064556734696e+01
7.314303333333333015e+09,-9.369063483443638063e+01
7.314366666666666985e+09,-9.497656703229449704e+01
7.314430000000000000e+09,-9.284273660412580398e+01
7.314493333333333015e+09,-9.323414678628191155e+01
7.314556666666666985e+09,-9.399310489572764027e+01
7.314620000000000000e+09,-9.437467880259647757e+01
7.314683333333333015e+09,-9.456416990276615309e+01
7.314746666666666985e+09,-9.298030973890746509e+01
7.314810000000000000e+09,-9.344861824186999399e+01
7.314873333333333015e+09,-9.341266657129142459e+01
7.314936666666666985e+09,-9.404416488659003903e+01
7.315000000000000000e+09,-9.299278476334164623e+01
