# freq_Hz, phase_rad_detrended, phase_rad
7.125000000000000000e+09,1.044721215938753112e-01,-2.245188403171578972e+00
7.125063333333333015e+09,9.924526726164462076e-02,-2.274280058603749488e+00
7.125126666666666985e+09,1.819916722629484340e-01,-2.215398454702385500e+00
7.125190000000000000e+09,8.997326106752456809e-02,-2.331281666997756297e+00
7.125253333333333015e+09,2.616674094245796667e-02,-2.418952988222762723e+00
7.125316666666666985e+09,7.324225592420052777e-02,-2.395742274341293943e+00
7.125380000000000000e+09,1.829195955882934044e-02,-2.474557371806271000e+00
7.125443333333333015e+09,1.033642586345084879e-02,-2.506377706601589317e+00
7.125506666666666985e+09,6.643558803222582299e-02,-2.474143345533095228e+00
7.125570000000000000e+09,5.401574596241864867e-02,-2.510427988702508273e+00
7.125633333333333015e+09,1.629431845703788184e-01,-2.425365351194487928e+00
7.125696666666666985e+09,7.734941830014330222e-02,-2.534823918564997225e+00
7.125760000000000000e+09,6.513782147160984692e-02,-2.570900316493136550e+00
7.125823333333333015e+09,1.482084026719241443e-01,-2.511694536392769184e+00
7.125886666666666985e+09,1.072203682881043285e-01,-2.576547371876862780e+00
7.125950000000000000e+09,7.721456087772127219e-02,-2.630417980386851706e+00
7.126013333333333015e+09,8.262289194070504550e-02,-2.648874450423807758e+00
7.126076666666666985e+09,8.546782224115734294e-02,-2.669894321223636346e+00
7.126140000000000000e+09,9.706857217545783456e-02,-2.682158372389275680e+00
7.126203333333333015e+09,3.443032589251382447e-02,-2.768661419771825560e+00
7.126266666666666985e+09,3.512908733574926501e-02,-2.791827459428863900e+00
7.126330000000000000e+09,3.052501173961719161e-03,-2.847768846690591271e+00
7.126393333333333015e+09,6.549185096043919074e-02,-2.809194298003719670e+00
7.126456666666666985e+09,8.350519094601738246e-02,-2.815045759118422364e+00
7.126520000000000000e+09,7.707469412074985371e-02,-2.845341057043629718e+00
7.126583333333333015e+09,4.285351096296352580e-03,-2.941995201167689089e+00
7.126646666666666985e+09,3.363380458130116324e-02,-2.936511548782958059e+00
7.126710000000000000e+09,1.247190792393344516e-01,-2.869291075224864596e+00
7.126773333333333015e+09,1.834097597321759920e-02,-2.999533979590928379e+00
7.126836666666666985e+09,1.080793471239336334e-01,-2.933660409540152170e+00
7.126900000000000000e+09,8.363285634531258950e-02,-2.981971701418713039e+00
7.126963333333333015e+09,1.128968331286417381e-01,-2.976572525735323715e+00
7.127026666666666985e+09,-3.224235300473576871e-02,-3.145576512968641048e+00
7.127090000000000000e+09,4.267277192611063086e-02,-3.094526189137741579e+00
7.127153333333333015e+09,5.249418162547758726e-02,-3.108569580538314447e+00
7.127216666666666985e+09,-1.770670010187647136e-02,-3.202635263365942286e+00
7.127280000000000000e+09,5.607445334337679554e-02,-3.152718911020294890e+00
7.127343333333333015e+09,1.069087757087054946e-01,-3.125749389754906016e+00
7.127406666666666985e+09,7.394324015666287053e-02,-3.182579726407229526e+00
7.127470000000000000e+09,3.825691044272883090e-02,-3.242130857220769435e+00
7.127533333333333015e+09,3.290659021382325022e-02,-3.271345978549614841e+00
7.127596666666666985e+09,2.391892459641198343e-02,-3.304198445267299888e+00
7.127660000000000000e+09,2.920223650116993142e-02,-3.322779934462147811e+00
7.127723333333333015e+09,1.291903515367565092e-01,-3.246656620526508163e+00
7.127786666666666985e+09,1.387641927328444602e-01,-3.260947580430693993e+00
7.127850000000000000e+09,9.592985235607631722e-02,-3.327646721907068006e+00
7.127913333333333015e+09,2.539113601423625965e-02,-3.422050239348847889e+00
7.127976666666666985e+09,7.776497972632823164e-02,-3.393541196737036802e+00
7.128040000000000000e+09,1.869739495089506320e-02,-3.476473582612409796e+00
7.128103333333333015e+09,1.405765406901888781e-01,-3.378459237972721851e+00
7.128166666666666985e+09,8.262601899417365559e-02,-3.460274560769010854e+00
7.128230000000000000e+09,9.605873579116286365e-02,-3.470706645071961471e+00
7.128293333333333015e+09,4.895745625286895830e-02,-3.541672725709861247e+00
7.128356666666666985e+09,7.794114905649118796e-02,-3.536553834006519903e+00
7.128420000000000000e+09,1.052583726236329120e-01,-3.533101411539318004e+00
7.128483333333333015e+09,5.459194074826978493e-02,-3.607632644514287001e+00
7.128546666666666985e+09,4.831735995070252088e-02,-3.637772026412128046e+00
7.128610000000000000e+09,-5.817286818853517616e-03,-3.715771474281631015e+00
7.128673333333333015e+09,3.873548220942346632e-02,-3.695083506353293856e+00
7.128736666666666985e+09,1.360594350015089660e-01,-3.621624354661148182e+00
7.128800000000000000e+09,3.895673269789057258e-02,-3.742591858064706400e+00
7.128863333333333015e+09,1.144377369099434105e-01,-3.690975654952593388e+00
7.128926666666666985e+09,4.387514774225609315e-02,-3.785403045220227636e+00
7.128990000000000000e+09,5.880667326783850513e-02,-3.794336320794585049e+00
7.129053333333333015e+09,8.736682803627449090e-02,-3.789640967126088889e+00
7.129116666666666985e+09,7.456846923606308408e-02,-3.826304127026240121e+00
7.129180000000000000e+09,8.297997207481699888e-02,-3.841757425287426031e+00
7.129243333333333015e+09,1.010080465636868929e-01,-3.847594151898503068e+00
7.129306666666666985e+09,3.181605095559403296e-02,-3.940650948606869708e+00
7.129370000000000000e+09,1.687518703373531714e-01,-3.827579930324716440e+00
7.129433333333333015e+09,4.314539722244958853e-02,-3.977051204539559848e+00
7.129496666666666985e+09,1.137869541483929048e-01,-3.930274448713890312e+00
7.129560000000000000e+09,6.883436391376784869e-02,-3.999091840048128343e+00
7.129623333333333015e+09,4.330602160964147629e-02,-4.048484983452194541e+00
7.129686666666666985e+09,9.019633124421488901e-02,-4.025459474917894909e+00
7.129750000000000000e+09,5.631187868826437182e-03,-4.133889419392889231e+00
7.129813333333333015e+09,1.334582881739745375e-01,-4.029927120187680956e+00
7.129876666666666985e+09,7.906651014625332152e-02,-4.108183699315683057e+00
7.129940000000000000e+09,1.079468397049172523e-01,-4.103168170856958952e+00
7.130003333333333015e+09,2.711413391606765089e-02,-4.207865677745414423e+00
7.130066666666666985e+09,7.064282536598476270e-02,-4.188201787395771092e+00
7.130130000000000000e+09,9.461513352357897588e-03,-4.273247900509337782e+00
7.130193333333333015e+09,8.831774201017061898e-02,-4.218256472951138036e+00
7.130256666666666985e+09,5.623528635880603588e-02,-4.274203729702776400e+00
7.130320000000000000e+09,1.971080481132343465e-01,-4.157195769048287914e+00
7.130383333333333015e+09,9.897763449521157497e-02,-4.279190983765916556e+00
7.130446666666666985e+09,1.041419104786687200e-01,-4.297891508882733191e+00
7.130510000000000000e+09,1.146997871579467088e-01,-4.311198433303402133e+00
7.130573333333333015e+09,8.110160076313199795e-02,-4.368661420798156669e+00
7.130636666666666985e+09,2.843281703171918195e-02,-4.445195005629509311e+00
7.130700000000000000e+09,8.497191770236689479e-02,-4.412520706058801423e+00
7.130763333333333015e+09,8.881509664339581889e-02,-4.432542328217712324e+00
7.130826666666666985e+09,5.933358741576455486e-02,-4.485888638545290519e+00
7.130890000000000000e+09,5.007169413093492949e-02,-4.519015332930059969e+00
7.130953333333333015e+09,-2.540718658368490424e-02,-4.618359014744619628e+00
7.131016666666666985e+09,7.753154143461582493e-02,-4.539285087826258724e+00
7.131080000000000000e+09,5.256538966777224431e-02,-4.588116040693042130e+00
7.131143333333333015e+09,1.005228218248683802e-01,-4.564023409635892925e+00
7.131206666666666985e+09,6.271557076783285112e-02,-4.625695461793202234e+00
7.131270000000000000e+09,1.219803081623194174e-02,-4.700077802844409014e+00
7.131333333333333015e+09,5.868986881622095808e-02,-4.677450765944359823e+00
7.131396666666666985e+09,1.018877985570254552e-01,-4.658117637303836212e+00
7.131460000000000000e+09,2.499210196310741594e-02,-4.758878134997360121e+00
7.131523333333333015e+09,1.780118135036232729e-01,-4.629723224556784089e+00
7.131586666666666985e+09,5.008863274482777683e-02,-4.781511206415853366e+00
7.131650000000000000e+09,4.941756042336908905e-02,-4.806047079836917924e+00
7.131713333333333015e+09,1.434380561964445633e-01,-4.735891385163782275e+00
7.131776666666666985e+09,3.026005614897009366e-02,-4.872934186311537630e+00
7.131840000000000000e+09,4.207629159395231966e-02,-4.884982751966495229e+00
7.131903333333333015e+09,3.517252269019977007e-02,-4.915751321969853649e+00
7.131966666666666985e+09,1.183836123558847930e-01,-4.856405033404442406e+00
7.132030000000000000e+09,3.017269875135397683e-02,-4.968480748108920153e+00
7.132093333333333015e+09,1.113140083615018483e-01,-4.911204239598378152e+00
7.132156666666666985e+09,2.628425012444690623e-02,-5.020098798935706874e+00
7.132220000000000000e+09,6.390614696854157728e-02,-5.006341703191552028e+00
7.132283333333333015e+09,1.089980544751263380e-01,-4.985114596784573138e+00
7.132346666666666985e+09,-3.474527010482297840e-02,-5.152722722464803340e+00
7.132410000000000000e+09,6.018018050424966958e-02,-5.081662072955670517e+00
7.132473333333333015e+09,9.280875159870660696e-02,-5.072898302961153405e+00
7.132536666666666985e+09,3.812645859084273781e-02,-5.151445397068957099e+00
7.132600000000000000e+09,3.457543284395381278e-02,-5.178861223915785850e+00
7.132663333333333015e+09,7.111323143272940683e-02,-5.166188226426957186e+00
7.132726666666666985e+09,7.390640120486047238e-02,-5.187259857754765946e+00
7.132790000000000000e+09,8.254881349554121783e-02,-5.202482246564025026e+00
7.132853333333333015e+09,1.246595005702397785e-01,-5.184236360589266290e+00
7.132916666666666985e+09,2.083342743536498176e-02,-5.311927234824080912e+00
7.132980000000000000e+09,-1.237627753417847032e-02,-5.369001740893571295e+00
7.133043333333333015e+09,9.899994958718938420e-02,-5.281490314872143266e+00
7.133106666666666985e+09,8.521459928211871926e-02,-5.319140466277487711e+00
7.133170000000000000e+09,-2.788303733552588426e-02,-5.456102903994738185e+00
7.133233333333333015e+09,1.054967969952702589e-02,-5.441534988059625100e+00
7.133296666666666985e+09,1.562982499764160593e-01,-5.319651218883016952e+00
7.133360000000000000e+09,-9.055020833532267943e-03,-5.508869290792571149e+00
7.133423333333333015e+09,5.768718396573735419e-02,-5.465991887093241353e+00
7.133486666666666985e+09,3.365173539141608217e-02,-5.513892136767836405e+00
7.133550000000000000e+09,1.178390680781049582e-02,-5.559624766451047861e+00
7.133613333333333015e+09,3.650559919512286200e-02,-5.558767875163682426e+00
7.133676666666666985e+09,9.894706788452456436e-02,-5.520191207574554504e+00
7.133740000000000000e+09,2.961248277255368322e-02,-5.613390593786465210e+00
7.133803333333333015e+09,-4.791893297957550146e-02,-5.714786810638200265e+00
7.133866666666666985e+09,2.502296883961552254e-02,-5.665709709919283021e+00
7.133930000000000000e+09,6.067992418026424417e-02,-5.653917555678581230e+00
7.133993333333333015e+09,5.073812230577257054e-02,-5.687724158652678774e+00
7.134056666666666985e+09,6.677212385880615386e-02,-5.695554958199918971e+00
7.134120000000000000e+09,1.201099697681398126e-01,-5.666081913390525138e+00
7.134183333333333015e+09,1.099544280494892945e-01,-5.700102256208781526e+00
7.134246666666666985e+09,1.008234932804876749e-01,-5.733097992078064031e+00
7.134310000000000000e+09,1.350594235167754675e-01,-5.722726862941716064e+00
7.134373333333333015e+09,7.332896041341196991e-02,-5.808322127145019387e+00
7.134436666666666985e+09,7.855909760465351610e-03,-5.897659978897905830e+00
7.134500000000000000e+09,4.417358039579255546e-02,-5.885207109362518452e+00
7.134563333333333015e+09,4.743130129317130184e-02,-5.905814189565086636e+00
7.134626666666666985e+09,8.277544686253879291e-02,-5.894334845095658970e+00
7.134690000000000000e+09,5.366504422403295393e-02,-5.947310048834104634e+00
7.134753333333333015e+09,1.182940918425954280e-01,-5.906545802315481986e+00
7.134816666666666985e+09,-3.300445118174533121e-02,-6.081709146439762570e+00
7.134880000000000000e+09,2.499574854477693009e-02,-6.047573747813187239e+00
7.134943333333333015e+09,6.935697881664815156e-02,-6.027077318641255843e+00
7.135006666666666985e+09,9.440228376342663097e-02,-6.025896814794751144e+00
7.135070000000000000e+09,1.239314474274166855e-02,-6.131770754915041977e+00
7.135133333333333015e+09,1.005959960866320557e-01,-6.067432704671094967e+00
7.135196666666666985e+09,1.236195171371958779e-01,-6.068273984720804926e+00
7.135260000000000000e+09,1.494789599717041284e-01,-6.066279342985906098e+00
7.135323333333333015e+09,1.757633201108621535e-02,-6.222046772046463836e+00
7.135386666666666985e+09,7.591684314612479056e-02,-6.187571062011702594e+00
7.135450000000000000e+09,7.836713227394387360e-02,-6.208985573983489381e+00
7.135513333333333015e+09,2.125653219482170897e-02,-6.289960975162551371e+00
7.135576666666666985e+09,6.459606600983658353e-02,-6.270486242447813829e+00
7.135640000000000000e+09,3.344159936915680476e-02,-6.325505510188433433e+00
7.135703333333333015e+09,5.820700415595769783e-02,-6.324604906501238410e+00
7.135766666666666985e+09,3.893736798457325676e-02,-6.367739343772900185e+00
7.135830000000000000e+09,4.352353431974886888e-02,-6.387017978537664398e+00
7.135893333333333015e+09,-4.154738752894182596e-02,-6.495953701485964515e+00
7.135956666666666985e+09,-2.542982799444537534e-03,-6.480814097856741007e+00
7.136020000000000000e+09,5.263050491498511008e-02,-6.449505411242254738e+00
7.136083333333333015e+09,1.072686107226594743e-02,-6.515273856184579770e+00
7.136146666666666985e+09,1.174040289565336792e-01,-6.432461489400585819e+00
7.136210000000000000e+09,-1.269784800374473832e-02,-6.586428167460807614e+00
7.136273333333333015e+09,8.152219816649264317e-03,-6.589442900740019482e+00
7.136336666666666985e+09,5.582066821552889024e-02,-6.565639253441417189e+00
7.136400000000000000e+09,1.201841569489330297e-01,-6.525140565807952875e+00
7.136463333333333015e+09,3.441034744449389393e-02,-6.634779176412331836e+00
7.136526666666666985e+09,-7.312026300435192638e-02,-6.766174587961121034e+00
7.136590000000000000e+09,3.942709884348971627e-03,-6.712976416172359961e+00
7.136653333333333015e+09,5.199563263681472591e-02,-6.688788294519837585e+00
7.136716666666666985e+09,1.581434522866214110e-01,-6.606505275969970725e+00
7.136780000000000000e+09,1.788852241531913023e-02,-6.770625006941212831e+00
7.136843333333333015e+09,3.811656687529563214e-02,-6.774261763581179707e+00
7.136906666666666985e+09,3.560840124196928969e-02,-6.800634730314779830e+00
7.136970000000000000e+09,5.885643270611495836e-02,-6.801251499950243584e+00
7.137033333333333015e+09,5.553532477462752581e-02,-6.828437408981670842e+00
7.137096666666666985e+09,1.366740976312730282e-02,-6.894170125093448398e+00
7.137160000000000000e+09,4.797515119224726732e-02,-6.883727184763934304e+00
7.137223333333333015e+09,4.703055645115661321e-02,-6.908536580604964783e+00
7.137286666666666985e+09,9.206012907285465730e-02,-6.887371809083544072e+00
7.137350000000000000e+09,1.062336543870934236e-02,-6.992673373817295257e+00
7.137413333333333015e+09,7.429452171072536970e-02,-6.952867018645219055e+00
7.137476666666666985e+09,1.124213205240653934e-02,-7.039784209403815218e+00
7.137540000000000000e+09,1.086714609269314735e-01,-6.966219681629230109e+00
7.137603333333333015e+09,1.086792915582979191e-02,-7.087888014499941214e+00
7.137666666666666985e+09,9.016953307522790340e-02,-7.032451211680816883e+00
7.137730000000000000e+09,7.496738074362596649e-02,-7.071518165112362198e+00
7.137793333333333015e+09,1.060112647636204386e-01,-7.064339082191973596e+00
7.137856666666666985e+09,-7.949265631508239949e-02,-7.273707804370950214e+00
7.137920000000000000e+09,3.087009318719946549e-02,-7.187209855968611727e+00
7.137983333333333015e+09,4.137186744340581868e-02,-7.200572882812011244e+00
7.138046666666666985e+09,5.057227971697653146e-02,-7.215237271638717864e+00
7.138110000000000000e+09,2.463436723662937311e-02,-7.265039985219004848e+00
7.138173333333333015e+09,7.797374352097996564e-02,-7.235565410034260125e+00
7.138236666666666985e+09,7.979062881108411887e-02,-7.257613325844433305e+00
7.138300000000000000e+09,3.175914148025427153e-03,-7.358092841607431822e+00
7.138363333333333015e+09,4.229185203992891218e-02,-7.342841704815471715e+00
7.138426666666666985e+09,3.922712373914194472e-02,-7.369771234216198508e+00
7.138490000000000000e+09,8.313199839027518578e-02,-7.349731160665005092e+00
7.138553333333333015e+09,-4.484444114839369888e-02,-7.501572401303617355e+00
7.138616666666666985e+09,3.358123149223057879e-02,-7.447011529762932902e+00
7.138680000000000000e+09,1.343775324907010571e-01,-7.370080029864405802e+00
7.138743333333333015e+09,9.308198739653938958e-03,-7.519014164715392745e+00
7.138806666666666985e+09,-1.370595465459700790e-04,-7.552324224101869987e+00
7.138870000000000000e+09,6.387787352207485725e-02,-7.512174092132855030e+00
7.138933333333333015e+09,1.093131843785783985e-01,-7.490603582376291314e+00
7.138996666666666985e+09,8.549205463828624119e-02,-7.538289513216860804e+00
7.139060000000000000e+09,-9.692261375026767212e-03,-7.657338630329779683e+00
7.139123333333333015e+09,1.288051374866441279e-01,-7.542706032568048613e+00
7.139186666666666985e+09,5.936514225598266137e-02,-7.636010828898987413e+00
7.139250000000000000e+09,5.795623877135192004e-02,-7.661284533483224024e+00
7.139313333333333015e+09,1.188071570580842007e-01,-7.624298416296435121e+00
7.139376666666666985e+09,2.594819232337464143e-02,-7.741022182131418461e+00
7.139440000000000000e+09,3.644069385890791324e-02,-7.754394481695491059e+00
7.139503333333333015e+09,1.204663644899461872e-03,-7.813495313009442889e+00
7.139566666666666985e+09,6.933702821739462507e-02,-7.769227749537221506e+00
7.139630000000000000e+09,1.770763672916331188e-02,-7.844721942125396197e+00
7.139693333333333015e+09,-1.569405658168321338e-02,-7.901988436535848592e+00
7.139756666666666985e+09,-2.139784616299600373e-03,-7.912298965670742312e+00
7.139820000000000000e+09,1.384428896676670462e-02,-7.920179693187615833e+00
7.139883333333333015e+09,-3.972575712658521496e-02,-7.997614540380573622e+00
7.139946666666666985e+09,7.716424447476377679e-02,-7.904589339879501964e+00
7.140010000000000000e+09,-1.899412519694720913e-03,-8.007517797973900286e+00
7.140073333333333015e+09,-2.373204769819281523e-03,-8.031856391323630717e+00
7.140136666666666985e+09,1.182832020440454102e-01,-7.935064785610043359e+00
7.140200000000000000e+09,5.233345348684359521e-02,-8.024879335267184999e+00
7.140263333333333015e+09,8.097671071239176399e-02,-8.020100879141580208e+00
7.140326666666666985e+09,5.918666293083418850e-02,-8.065755728023077609e+00
7.140390000000000000e+09,6.037530113026079448e-02,-8.088431890923594381e+00
7.140453333333333015e+09,5.863860077107219126e-02,-8.114033392382722809e+00
7.140516666666666985e+09,8.020625840381789828e-02,-8.116330535849916927e+00
7.140580000000000000e+09,4.922420236609603705e-02,-8.171177392987582166e+00
7.140643333333333015e+09,-7.348672432687664013e-04,-8.245001263696886795e+00
7.140706666666666985e+09,4.366299878594404049e-02,-8.224468198767951321e+00
7.140770000000000000e+09,6.482932087164172685e-02,-8.227166677781859505e+00
7.140833333333333015e+09,-9.819540103466195546e-03,-8.325680339856907253e+00
7.140896666666666985e+09,9.003608541875252058e-02,-8.249689515434965870e+00
7.140960000000000000e+09,1.798507425721851405e-03,-8.361791894527602409e+00
7.141023333333333015e+09,6.987769938135279801e-02,-8.317577503671914840e+00
7.141086666666666985e+09,-3.966540614951874488e-02,-8.450985410303060164e+00
7.141150000000000000e+09,2.156411129242030711e-02,-8.413620693960726982e+00
7.141213333333333015e+09,2.137474354235280316e-02,-8.437674862810737864e+00
7.141276666666666985e+09,5.111298971035616034e-02,-8.431801417743008287e+00
7.141340000000000000e+09,2.109784804624759147e-02,-8.485681360506726278e+00
7.141403333333333015e+09,3.963855146888306535e-02,-8.491005458184030630e+00
7.141466666666666985e+09,1.273344307873163217e-01,-8.427174379965874706e+00
7.141530000000000000e+09,1.850389868028656792e-02,-8.559869713172844286e+00
7.141593333333333015e+09,3.347767683153435314e-02,-8.568760736121202370e+00
7.141656666666666985e+09,5.482085021628435584e-02,-8.571282363836729701e+00
7.141720000000000000e+09,-4.085338912522828991e-03,-8.654053354065476711e+00
7.141783333333333015e+09,2.232618356309501451e-03,-8.671600197896250251e+00
7.141846666666666985e+09,1.811520944619076090e-01,-8.516545522890929476e+00
7.141910000000000000e+09,5.235340596679449732e-02,-8.669209012485982413e+00
7.141973333333333015e+09,4.708031514807586859e-03,-8.740719188037578746e+00
7.142036666666666985e+09,-1.046239032422846549e-02,-8.779754410976888579e+00
7.142100000000000000e+09,1.733784635776913774e-02,-8.775818975394834354e+00
7.142163333333333015e+09,3.267738033579981050e-02,-8.784344242516743506e+00
7.142226666666666985e+09,7.479916049709345316e-02,-8.766087263455389689e+00
7.142290000000000000e+09,-8.924061811475070272e-02,-8.953991843167177223e+00
7.142353333333333015e+09,6.920377251938347740e-02,-8.819412253632982868e+00
7.142416666666666985e+09,4.637712505244451222e-02,-8.866103702199865211e+00
7.142480000000000000e+09,9.467313936016630294e-02,-8.841672488992083245e+00
7.142543333333333015e+09,3.439935280347583557e-02,-8.925811076648713538e+00
7.142606666666666985e+09,1.285730523343744380e-01,-8.855502178217758313e+00
7.142670000000000000e+09,-3.448386286686933033e-02,-9.042423894518941907e+00
7.142733333333333015e+09,5.018538630138102974e-02,-8.981619446450634925e+00
7.142796666666666985e+09,8.316204676838800935e-02,-8.972507587083901726e+00
7.142860000000000000e+09,1.874071732778403998e-02,-9.060793717624111565e+00
7.142923333333333015e+09,4.211216103638015795e-02,-9.061287075015458825e+00
7.142986666666666985e+09,4.953860708311808025e-02,-9.077725430068994683e+00
7.143050000000000000e+09,1.055248884947310728e-01,-9.045603949756991113e+00
7.143113333333333015e+09,-2.242279119460022230e-02,-9.197416430546262234e+00
7.143176666666666985e+09,5.698730237555693634e-02,-9.141871138076382408e+00
7.143240000000000000e+09,3.069146230583541524e-02,-9.192031779245709799e+00
7.143303333333333015e+09,6.438402785331120981e-02,-9.182204014798173830e+00
7.143366666666666985e+09,7.798392120049690845e-02,-9.192468922551265464e+00
7.143430000000000000e+09,2.773398324343823163e-02,-9.266583661608263967e+00
7.143493333333333015e+09,5.116198832297058630e-02,-9.267020457628337482e+00
7.143556666666666985e+09,-7.528213614246936913e-03,-9.349575460665832338e+00
7.143620000000000000e+09,2.270364825222870309e-02,-9.343208399899296523e+00
7.143683333333333015e+09,5.742787335769072854e-02,-9.332348975893443921e+00
7.143746666666666985e+09,2.364710839148465027e-02,-9.389994541959923779e+00
7.143810000000000000e+09,1.328433271889117862e-02,-9.424222118732460629e+00
7.143873333333333015e+09,8.048403251703817318e-02,-9.380887220033919505e+00
7.143936666666666985e+09,5.180405047242153671e-02,-9.433432003178809921e+00
7.144000000000000000e+09,1.327729516280165001e-01,-9.376327903123158336e+00
7.144063333333333015e+09,1.872566908370938421e-01,-9.345708965014020819e+00
7.144126666666666985e+09,1.930846989952783588e-02,-9.537521987051526651e+00
7.144190000000000000e+09,9.721422409304736334e-02,-9.483481033957950501e+00
7.144253333333333015e+09,5.350370197071541156e-02,-9.551056357180222278e+00
7.144316666666666985e+09,-3.672201054051882352e-02,-9.665146870791399891e+00
7.144380000000000000e+09,5.999286120518121379e-02,-9.592296800145639679e+00
7.144443333333333015e+09,1.723083573139660984e-03,-9.674431378877621057e+00
7.144506666666666985e+09,-1.316822741668222108e-01,-9.831701537717526307e+00
7.144570000000000000e+09,1.554575571561933600e-02,-9.708338308935024585e+00
7.144633333333333015e+09,4.737028449972058297e-02,-9.700378581250866716e+00
7.144696666666666985e+09,3.721664639847688250e-02,-9.734397020452384197e+00
7.144760000000000000e+09,-9.473247985685162575e-04,-9.796425792749035466e+00
7.144823333333333015e+09,2.662546201791649025e-02,-9.792717807032493837e+00
7.144886666666666985e+09,1.972272282965192858e-02,-9.823485347321032179e+00
7.144950000000000000e+09,-2.424424101616295957e-02,-9.891317112266456490e+00
7.145013333333333015e+09,8.292580831447260437e-02,-9.808011864035760752e+00
7.145076666666666985e+09,-1.618069969472912817e-02,-9.930983173145239817e+00
7.145140000000000000e+09,4.615003486827617962e-02,-9.892517239681840380e+00
7.145203333333333015e+09,6.121820836762736917e-02,-9.901313867282429015e+00
7.145266666666666985e+09,-4.472193691317905007e-02,-1.003111881366351277e+01
7.145330000000000000e+09,-8.337212267335303295e-04,-1.001109539907700707e+01
7.145393333333333015e+09,4.644178839923185365e-02,-9.987684690550647559e+00
7.145456666666666985e+09,-6.087499930240625190e-02,-1.011886627935256300e+01
7.145520000000000000e+09,-8.612360898169590939e-02,-1.016797969013179248e+01
7.145583333333333015e+09,1.503634957375936665e-01,-9.955357386512112328e+00
7.145646666666666985e+09,6.068792258231781034e-02,-1.006889776076766196e+01
7.145710000000000000e+09,4.005999402447812940e-02,-1.011339049042544502e+01
7.145773333333333015e+09,1.822633949024421440e-02,-1.015908894605928481e+01
7.145836666666666985e+09,3.819821414482760247e-02,-1.016298187250497520e+01
7.145900000000000000e+09,1.041028821273837224e-01,-1.012094200562236246e+01
7.145963333333333015e+09,9.099292891400700967e-02,-1.015791675993567900e+01
7.146026666666666985e+09,-7.993291306208405445e-02,-1.035270740301171344e+01
7.146090000000000000e+09,-1.067048347013965781e-02,-1.030730977451970887e+01
7.146153333333333015e+09,-1.998012765949574998e-02,-1.034048421980900478e+01
7.146216666666666985e+09,4.283037728170668856e-02,-1.030153851596774572e+01
7.146280000000000000e+09,2.664192141870103114e-02,-1.034159177293069121e+01
7.146343333333333015e+09,5.982180757577992836e-02,-1.033227668787355569e+01
7.146406666666666985e+09,-2.694000082222203218e-02,-1.044290329737149747e+01
7.146470000000000000e+09,-7.113412436194010979e-03,-1.044694151008540928e+01
7.146533333333333015e+09,6.387552217375791486e-02,-1.039981737657540073e+01
7.146596666666666985e+09,-8.932175656952168197e-02,-1.057687945641895411e+01
7.146660000000000000e+09,-1.876564787764323228e-02,-1.053018814882668508e+01
7.146723333333333015e+09,-4.470424959271923626e-02,-1.057999155164170091e+01
7.146786666666666985e+09,-1.288364279403708679e-04,-1.055928093957719938e+01
7.146850000000000000e+09,-5.158340062587107866e-02,-1.063460030487473595e+01
7.146913333333333015e+09,8.823923361102714580e-03,-1.059805778198770199e+01
7.146976666666666985e+09,-9.780061690508468075e-02,-1.072854712335416671e+01
7.147040000000000000e+09,-2.461072588428159236e-02,-1.067922203343296950e+01
7.147103333333333015e+09,4.206178272026939169e-02,-1.063641432592835834e+01
7.147166666666666985e+09,8.000683825017951278e-02,-1.062233407149872555e+01
7.147230000000000000e+09,5.185102437170741041e-03,-1.072102060841167415e+01
7.147293333333333015e+09,1.970432389662413186e-02,-1.073036618805183018e+01
7.147356666666666985e+09,7.775120075215369297e-02,-1.069618411229657440e+01
7.147420000000000000e+09,-5.257881522110530170e-02,-1.085037892936977677e+01
7.147483333333333015e+09,3.346518326628533657e-02,-1.078819973198199200e+01
7.147546666666666985e+09,7.969371788357726416e-02,-1.076583599846497385e+01
7.147610000000000000e+09,-4.485337025684010825e-02,-1.091424788770533461e+01
7.147673333333333015e+09,-1.233149167584102202e-02,-1.090559081022394139e+01
7.147736666666666985e+09,-5.082756734311288938e-02,-1.096795168699149059e+01
7.147800000000000000e+09,-4.428840425827473837e-04,-1.094143180479090027e+01
7.147863333333333015e+09,-1.021542501989181062e-02,-1.097506914686814916e+01
7.147926666666666985e+09,-1.203798285143165003e-02,-1.100075650579963238e+01
7.147990000000000000e+09,-8.917654915738815191e-02,-1.110175987320552871e+01
7.148053333333333015e+09,-5.093113799281212550e-02,-1.108737926314089606e+01
7.148116666666666985e+09,-6.294383240949308345e-02,-1.112325675865751684e+01
7.148180000000000000e+09,-1.044126176093396197e-01,-1.118859034495730320e+01
7.148243333333333015e+09,-3.527256103378206831e-02,-1.114331508948168903e+01
7.148306666666666985e+09,3.338979992925317219e-03,-1.112856834955492147e+01
7.148370000000000000e+09,-1.241007941032332695e-01,-1.127987292475102343e+01
7.148433333333333015e+09,-3.745226545695068410e-02,-1.121708919720468067e+01
7.148496666666666985e+09,-1.719053275492292698e-01,-1.137540706039723659e+01
7.148560000000000000e+09,-4.360759278169901165e-02,-1.127097412672931220e+01
7.148623333333333015e+09,-1.900361547967648335e-01,-1.144126748984431785e+01
7.148686666666666985e+09,-1.827436294607416301e-01,-1.145783976560857198e+01
7.148750000000000000e+09,-6.421919392758645984e-02,-1.136318013117502268e+01
7.148813333333333015e+09,-1.977305420680934844e-01,-1.152055628041546953e+01
7.148876666666666985e+09,5.237565502795717975e-01,-1.082293398916808158e+01
7.148940000000000000e+09,3.546065655812373763e-01,-1.101594877496602187e+01
7.149003333333333015e+09,2.564742016753296383e-01,-1.113794593997187299e+01
7.149066666666666985e+09,1.812468615546407591e-01,-1.123703808119283565e+01
7.149130000000000000e+09,2.565614278352601474e-01,-1.118558831601215964e+01
7.149193333333333015e+09,1.406082947655509230e-01,-1.132540625018147473e+01
7.149256666666666985e+09,1.261564577595244430e-01,-1.136372288828777499e+01
7.149320000000000000e+09,1.404244708266855213e-01,-1.137331967632055729e+01
7.149383333333333015e+09,1.355192409575227686e-01,-1.140208970728932591e+01
7.149446666666666985e+09,1.920982078498489898e-01,-1.136937554149727703e+01
7.149510000000000000e+09,1.182522495529259032e-01,-1.146708630089413994e+01
7.149573333333333015e+09,7.403422639268875116e-02,-1.153516912515398296e+01
7.149636666666666985e+09,1.200046684900932803e-01,-1.151306348415685576e+01
7.149700000000000000e+09,7.939098172069769532e-02,-1.157754197202619117e+01
7.149763333333333015e+09,1.473668306964501795e-01,-1.153343092415004456e+01
7.149826666666666985e+09,6.652237873190181006e-02,-1.163814017721487026e+01
7.149890000000000000e+09,1.451207956194515702e-01,-1.158340656142726033e+01
7.149953333333333015e+09,5.886698784303057153e-02,-1.169352517030362471e+01
7.150016666666666985e+09,2.569666700430790485e-01,-1.151929028920351605e+01
7.150080000000000000e+09,1.023817836226204037e-01,-1.169773997672391808e+01
7.150143333333333015e+09,4.916314413830669139e-02,-1.177482341730817161e+01
7.150206666666666985e+09,1.447389816986852651e-01,-1.170311238084773287e+01
7.150270000000000000e+09,1.356726687207245874e-01,-1.173604349492563692e+01
7.150333333333333015e+09,7.068549947002367162e-02,-1.182489546527627766e+01
7.150396666666666985e+09,1.141046548569697450e-01,-1.180534111098960892e+01
7.150460000000000000e+09,1.065590136150120770e-01,-1.183675155333117246e+01
7.150523333333333015e+09,4.428438121128763783e-02,-1.192289098683483672e+01
7.150586666666666985e+09,-8.058086174057521589e-02,-1.207162103088697691e+01
7.150650000000000000e+09,1.182381957194600375e-02,-1.200308115067406156e+01
7.150713333333333015e+09,3.067828473932365796e-02,-1.200809148660662729e+01
7.150776666666666985e+09,1.322478903821284746e-01,-1.193038668206409625e+01
7.150840000000000000e+09,1.025190244942475459e-01,-1.198398034905158305e+01
7.150903333333333015e+09,3.383489912124026944e-02,-1.207652927552453370e+01
7.150966666666666985e+09,6.740843279227703988e-02,-1.206682054295377071e+01
7.151030000000000000e+09,8.689779997988367199e-02,-1.207119597686610746e+01
7.151093333333333015e+09,9.079023703737476580e-04,-1.218105067557522325e+01
7.151156666666666985e+09,5.524697891256025173e-02,-1.215057640013331408e+01
7.151220000000000000e+09,6.654058120821737532e-02,-1.216314759893759678e+01
7.151283333333333015e+09,-3.993585641527630514e-03,-1.225754656688694766e+01
7.151346666666666985e+09,-4.228895805325727508e-02,-1.231970674039895464e+01
7.151410000000000000e+09,3.780117668693883104e-02,-1.226348140675869836e+01
7.151473333333333015e+09,1.416013631907677706e-01,-1.218354602135447529e+01
7.151536666666666985e+09,5.936612279139552584e-03,-1.234307557336638084e+01
7.151600000000000000e+09,1.207699400744211005e-01,-1.225210704667103911e+01
7.151663333333333015e+09,3.437210348621988487e-03,-1.239330457749644765e+01
7.151726666666666985e+09,5.776589508407425910e-03,-1.241482999943693599e+01
7.151790000000000000e+09,1.347626493054665531e-01,-1.230970874073982024e+01
7.151853333333333015e+09,5.782274420641897450e-02,-1.241051344693880765e+01
7.151916666666666985e+09,5.274508520233034403e-02,-1.243945590704283610e+01
7.151980000000000000e+09,6.774644542964836091e-02,-1.244831934791546146e+01
7.152043333333333015e+09,7.439559730228850754e-02,-1.246553499714276114e+01
7.152106666666666985e+09,4.255478968220138825e-02,-1.252124060586279164e+01
7.152170000000000000e+09,4.385609352082830981e-02,-1.254380410312410454e+01
7.152233333333333015e+09,-6.630126226649935006e-04,-1.261218801036753767e+01
7.152296666666666985e+09,2.407458353694025277e-02,-1.261131521530820976e+01
7.152360000000000000e+09,-5.979059872009706567e-02,-1.271904519866485295e+01
7.152423333333333015e+09,7.528287954571233342e-02,-1.260783652149898693e+01
7.152486666666666985e+09,-5.635546321625994892e-03,-1.271261974846659903e+01
7.152550000000000000e+09,8.773834142986913776e-02,-1.264311066181470977e+01
7.152613333333333015e+09,2.110622916647741931e-02,-1.273360757517804487e+01
7.152676666666666985e+09,-1.473468887530238192e-02,-1.279331329432009845e+01
7.152740000000000000e+09,7.213193567804232487e-02,-1.273031147086636317e+01
7.152803333333333015e+09,2.491789458333926177e-02,-1.280139031306100605e+01
7.152866666666666985e+09,2.168040144849214812e-02,-1.282849260729613050e+01
7.152930000000000000e+09,-8.569174107118548989e-02,-1.295972955091541401e+01
7.152993333333333015e+09,-4.333295509832524317e-03,-1.290223590645400087e+01
7.153056666666666985e+09,9.052515373451086589e-03,-1.291271489667099459e+01
7.153120000000000000e+09,4.423116466452725604e-02,-1.290140104847985825e+01
7.153183333333333015e+09,5.282968471196802795e-02,-1.291666732953202334e+01
7.153246666666666985e+09,2.673486060774266093e-02,-1.296662695473652605e+01
7.153310000000000000e+09,8.806165504530660826e-02,-1.292916496139890192e+01
7.153373333333333015e+09,-2.455622608340668478e-02,-1.306564764362722464e+01
7.153436666666666985e+09,7.526229770795822560e-02,-1.298969392093613351e+01
7.153500000000000000e+09,1.492603949173805233e-01,-1.293956062482665459e+01
7.153563333333333015e+09,4.764794243738457169e-02,-1.306503787840625641e+01
7.153626666666666985e+09,1.334300007353128592e-02,-1.312320762187038348e+01
7.153690000000000000e+09,-1.366899230196061410e-02,-1.317408441534581875e+01
7.153753333333333015e+09,8.129583120641825644e-05,-1.318419892831259155e+01
7.153816666666666985e+09,-8.332982699036151075e-03,-1.321647800794277750e+01
7.153880000000000000e+09,9.277940428819597685e-02,-1.313923042205548519e+01
7.153943333333333015e+09,4.506331628200754835e-02,-1.321081131116161345e+01
7.154006666666666985e+09,1.030527483320931026e-02,-1.326943415371035506e+01
7.154070000000000000e+09,-3.441229564930203821e-02,-1.333801652529280624e+01
7.154133333333333015e+09,-1.302309103330046014e-02,-1.334049212177674804e+01
7.154196666666666985e+09,-1.328956149398763387e-02,-1.336462339333770899e+01
7.154260000000000000e+09,-4.510148695814741870e-02,-1.342030011990147464e+01
7.154323333333333015e+09,6.764564470530665119e-02,-1.333141778933796395e+01
7.154386666666666985e+09,2.956784914099230832e-03,-1.341997145022944515e+01
7.154450000000000000e+09,4.616450876900124456e-02,-1.340062852747415256e+01
7.154513333333333015e+09,1.063698272797566347e-01,-1.336428801006333700e+01
7.154576666666666985e+09,-1.066016436131462797e-01,-1.360112428205651725e+01
7.154640000000000000e+09,8.804859563010580814e-02,-1.343033884391287103e+01
7.154703333333333015e+09,-4.018161124832708708e-02,-1.358243385189124375e+01
7.154766666666666985e+09,6.437131459670375477e-02,-1.350174572714649024e+01
7.154830000000000000e+09,4.786764392540199253e-02,-1.354211419891739787e+01
7.154893333333333015e+09,-6.161071592169697908e-02,-1.367545735986443667e+01
7.154956666666666985e+09,1.163314045765311278e-01,-1.352138004046648589e+01
7.155020000000000000e+09,2.008662530013083369e-03,-1.365956758361294376e+01
7.155083333333333015e+09,4.931113262964537114e-02,-1.363612991461292090e+01
7.155146666666666985e+09,2.686802968590384921e-02,-1.368243781865693620e+01
7.155210000000000000e+09,1.124507117321194016e-02,-1.372192557826957149e+01
7.155273333333333015e+09,-1.926635423912337330e-02,-1.377630180478151267e+01
7.155336666666666985e+09,-1.969917636632345648e-03,-1.378287016927929542e+01
7.155400000000000000e+09,-2.292606358092008634e-02,-1.382769111632352654e+01
7.155463333333333015e+09,-3.065407520789520390e-02,-1.385928392905010753e+01
7.155526666666666985e+09,-1.966700911421170872e-02,-1.387216166405670137e+01
7.155590000000000000e+09,9.024515601955940269e-02,-1.378611430002287008e+01
7.155653333333333015e+09,3.735029914154353037e-02,-1.386287395800082578e+01
7.155716666666666985e+09,9.893954375639069099e-02,-1.382514951448592200e+01
7.155780000000000000e+09,6.231525797714176917e-02,-1.388563860136511074e+01
7.155843333333333015e+09,1.141133071995064086e-01,-1.385770535324268593e+01
7.155906666666666985e+09,5.293933900668967851e-02,-1.394274412253544604e+01
7.155970000000000000e+09,-1.896508292272969243e-02,-1.403851334556480523e+01
7.156033333333333015e+09,3.799426145819850831e-02,-1.400541880228382041e+01
7.156096666666666985e+09,-2.127761186756416123e-02,-1.408855547670952291e+01
7.156160000000000000e+09,-2.429903326873805725e-02,-1.411544169921063663e+01
7.156223333333333015e+09,-1.479646901025333250e-02,-1.412980393605209528e+01
7.156286666666666985e+09,4.975547955978676384e-02,-1.408911678858232897e+01
7.156350000000000000e+09,1.646855908600564078e-02,-1.414626851015571951e+01
7.156413333333333015e+09,7.423835812428336567e-02,-1.411236351221738161e+01
7.156476666666666985e+09,4.828014995088558692e-02,-1.416218652149105672e+01
7.156540000000000000e+09,5.078573365001481932e-02,-1.418354573889153336e+01
7.156603333333333015e+09,-2.747746815689566802e-02,-1.428567374179838367e+01
7.156666666666666985e+09,-4.728630798029165305e-02,-1.432934738272205699e+01
7.156730000000000000e+09,1.506240144493684596e-01,-1.415530186139200275e+01
7.156793333333333015e+09,7.411417112426121889e-02,-1.425567650581704982e+01
7.156856666666666985e+09,4.571957542271576358e-03,-1.434908352049931679e+01
7.156920000000000000e+09,1.362773445141272077e-01,-1.424124293462740098e+01
7.156983333333333015e+09,2.565209691682923676e-02,-1.437573298332430838e+01
7.157046666666666985e+09,-7.012143377820123646e-02,-1.449537131511961263e+01
7.157110000000000000e+09,7.893337072974304647e-02,-1.437018131171161173e+01
7.157173333333333015e+09,1.092463654290245501e-01,-1.436373311811193609e+01
7.157236666666666985e+09,-1.055195487612152760e-01,-1.460236383340244970e+01
7.157300000000000000e+09,8.051123491490486117e-02,-1.444019785082627294e+01
7.157363333333333015e+09,6.268837170178898077e-02,-1.448188551513899469e+01
7.157426666666666985e+09,3.019134490429564721e-04,-1.456813677449201805e+01
7.157490000000000000e+09,6.720266348074943608e-02,-1.452510082556025139e+01
7.157553333333333015e+09,-7.434862257076524372e-02,-1.469051691271170590e+01
7.157616666666666985e+09,-2.413218405150630019e-02,-1.466416527529239033e+01
7.157680000000000000e+09,1.086400687220336891e-01,-1.455525782361879017e+01
7.157743333333333015e+09,-4.852564301194028928e-02,-1.473628833645270753e+01
7.157806666666666985e+09,5.265681493741958263e-02,-1.465897067960328748e+01
7.157870000000000000e+09,4.192922096564721812e-02,-1.469356307467499967e+01
7.157933333333333015e+09,-1.389370533687461773e-02,-1.477325080207746488e+01
7.157996666666666985e+09,1.030956700297913642e-02,-1.477291233083755095e+01
7.158060000000000000e+09,2.331380924012727007e-02,-1.478377288970034620e+01
7.158123333333333015e+09,3.254192517599108214e-02,-1.479840957486442221e+01
7.158186666666666985e+09,4.646053331984845158e-02,-1.480835576782084217e+01
7.158250000000000000e+09,-3.187007979330047647e-02,-1.491055118203359697e+01
7.158313333333333015e+09,5.283654993289133017e-02,-1.484970935340734499e+01
7.158376666666666985e+09,-8.433354261657299844e-02,-1.501074424705708665e+01
7.158440000000000000e+09,7.124452721742002836e-03,-1.494315105281837752e+01
7.158503333333333015e+09,9.622079736215205514e-02,-1.487791950927790730e+01
7.158566666666666985e+09,-2.097665577181651031e-02,-1.501898176351215319e+01
7.158630000000000000e+09,-7.772626447918540293e-02,-1.509959617331912796e+01
7.158693333333333015e+09,-4.539342486557629286e-03,-1.505027405242644356e+01
7.158756666666666985e+09,-3.190250783090142761e-02,-1.510150201887106114e+01
7.158820000000000000e+09,5.818978281407893860e-02,-1.503527452932602415e+01
7.158883333333333015e+09,-2.792339364889073750e-02,-1.514525250688859970e+01
7.158946666666666985e+09,-9.524078830108173577e-02,-1.523643470264106448e+01
7.159010000000000000e+09,9.928109454367728404e-03,-1.515513060598555839e+01
7.159073333333333015e+09,3.028645162500076538e-02,-1.515863706491453122e+01
7.159136666666666985e+09,-3.658401946377587421e-02,-1.524937233710358520e+01
7.159200000000000000e+09,-7.287501919089578450e-02,-1.530952813793064493e+01
7.159263333333333015e+09,3.944404017315505939e-02,-1.522107387966619996e+01
7.159326666666666985e+09,6.275411244791406773e-02,-1.522162860849171828e+01
7.159390000000000000e+09,3.891230742751261573e-02,-1.526933521461205956e+01
7.159453333333333015e+09,-2.862647708506038668e-02,-1.536073880022457594e+01
7.159516666666666985e+09,-4.163576280379999162e-02,-1.539761288704325537e+01
7.159580000000000000e+09,-1.479678321179278555e-02,-1.539463870855118799e+01
7.159643333333333015e+09,7.582657939681780590e-02,-1.532788014704252078e+01
7.159706666666666985e+09,6.572571088245382498e-03,-1.542099895645103302e+01
7.159770000000000000e+09,2.228550413361496396e-02,-1.542915082450560682e+01
7.159833333333333015e+09,-7.225937149270400539e-02,-1.554756050123186562e+01
7.159896666666666985e+09,6.072211508333325014e-02,-1.543844381575576818e+01
7.159960000000000000e+09,-2.776650703689398370e-02,-1.555079723897593880e+01
7.160023333333333015e+09,9.100472352608335314e-02,-1.545589080951290128e+01
7.160086666666666985e+09,1.186067384060152108e-02,-1.555889966029866045e+01
7.160150000000000000e+09,5.860140361440002721e-02,-1.553602373162446781e+01
7.160213333333333015e+09,2.763485984135272133e-02,-1.559085507649745495e+01
7.160276666666666985e+09,4.867433358806039223e-02,-1.559368040385102461e+01
7.160340000000000000e+09,-4.200507875587788931e-02,-1.570822461729456876e+01
7.160403333333333015e+09,-7.633629814320208595e-02,-1.576642063778183633e+01
7.160466666666666985e+09,-1.851443728905266539e-02,-1.573246357802796069e+01
7.160530000000000000e+09,1.399889910348584010e-02,-1.572381504273502806e+01
7.160593333333333015e+09,-8.107875146363241470e-03,-1.576978661808482052e+01
7.160656666666666985e+09,-3.354510226313323074e-02,-1.581908864630186429e+01
7.160720000000000000e+09,-4.440418089183495454e-02,-1.585381252603050939e+01
7.160783333333333015e+09,-2.434414828043607315e-02,-1.585761729451871638e+01
7.160846666666666985e+09,-3.465283187654932817e-03,-1.586060323052621257e+01
7.160910000000000000e+09,2.468268102085779958e-02,-1.585632006741763966e+01
7.160973333333333015e+09,-3.197738946626493828e-02,-1.593684493900436827e+01
7.161036666666666985e+09,7.116729397493060105e-02,-1.585756505666345006e+01
7.161100000000000000e+09,4.332354889432821210e-02,-1.590927360284399228e+01
7.161163333333333015e+09,9.890297987393736889e-02,-1.587755897296398899e+01
7.161226666666666985e+09,1.987225406326231791e-02,-1.598045449987494138e+01
7.161290000000000000e+09,1.821223637193369882e-02,-1.600597931866620982e+01
7.161353333333333015e+09,2.325002141427745528e-02,-1.602480633472347549e+01
7.161416666666666985e+09,-2.773715072983407026e-03,-1.607469487231101013e+01
7.161480000000000000e+09,7.124201144644715100e-02,-1.602454394689152295e+01
7.161543333333333015e+09,-8.053244526553982041e-03,-1.612770400396446391e+01
7.161606666666666985e+09,6.116772342304699350e-02,-1.608234783711480276e+01
7.161670000000000000e+09,1.406601581948052626e-02,-1.615331434581831260e+01
7.161733333333333015e+09,-7.236412362370714391e-03,-1.619848157510010367e+01
7.161796666666666985e+09,5.927821737330418728e-02,-1.615583174646437215e+01
7.161860000000000000e+09,4.046779365256014671e-02,-1.619850697128505601e+01
7.161923333333333015e+09,6.761934240964251330e-02,-1.619522022362791347e+01
7.161986666666666985e+09,-6.659841696392732047e-02,-1.635330278410176064e+01
7.162050000000000000e+09,6.474935438620477157e-02,-1.624581981385123441e+01
7.162113333333333015e+09,1.160809710933818906e-02,-1.632282587222804437e+01
7.162176666666666985e+09,-2.893789315345784985e-02,-1.638723666359111419e+01
7.162240000000000000e+09,1.466792442545354902e-01,-1.623548432728272672e+01
7.162303333333333015e+09,4.086311677142262511e-02,-1.636516525586578297e+01
7.162366666666666985e+09,-2.241586691443941959e-02,-1.645230904065191879e+01
7.162430000000000000e+09,-2.837629282943510134e-03,-1.645659560412003231e+01
7.162493333333333015e+09,-1.411963499295865176e-02,-1.649174241092998727e+01
7.162556666666666985e+09,-3.999120291977575903e-02,-1.654147877995708171e+01
7.162620000000000000e+09,8.432149465278371281e-04,-1.652450916319071794e+01
7.162683333333333015e+09,-2.277600752285380281e-02,-1.657199318675970545e+01
7.162746666666666985e+09,2.821087714954373382e-02,-1.654487110318758525e+01
7.162810000000000000e+09,-4.352021782654702520e-03,-1.660129880321972351e+01
7.162873333333333015e+09,-1.010542508775458259e-02,-1.663091700762442926e+01
7.162936666666666985e+09,3.793795073167416376e-02,-1.660673843290527785e+01
7.163000000000000000e+09,-2.580320402241653710e-03,-1.667112150513913349e+01
7.163063333333333015e+09,3.960529984473382115e-02,-1.665280068599176744e+01
7.163126666666666985e+09,7.916675196626243860e-02,-1.663710403497051260e+01
7.163190000000000000e+09,1.276992987125886714e-01,-1.661243628932412975e+01
7.163253333333333015e+09,6.417307744214539866e-02,-1.669982731169417889e+01
7.163316666666666985e+09,7.193897172967922415e-02,-1.671592621850691884e+01
7.163380000000000000e+09,1.155909389284026645e-01,-1.669613905240813878e+01
7.163443333333333015e+09,-1.095226249913139327e-02,-1.684654705493561266e+01
7.163506666666666985e+09,-2.943425539015720460e-03,-1.686240301907544037e+01
7.163570000000000000e+09,-4.353393842776398515e-02,-1.692685833306412846e+01
7.163633333333333015e+09,6.866029542396745455e-02,-1.683852890031233684e+01
7.163696666666666985e+09,-5.831003759206510040e-02,-1.698936403442831278e+01
7.163760000000000000e+09,-5.011248098901077697e-02,-1.700503127892519828e+01
7.163823333333333015e+09,2.833187617344279374e-02,-1.695045172286268809e+01
7.163886666666666985e+09,-5.934997322827584298e-02,-1.706199837336468050e+01
7.163950000000000000e+09,6.872456122896508646e-02,-1.695778864000704544e+01
7.164013333333333015e+09,-2.582814753302997701e-02,-1.707620614986898389e+01
7.164076666666666985e+09,-3.268597720499144543e-03,-1.707751140115672683e+01
7.164140000000000000e+09,-1.885437224447272797e-02,-1.711696197678030984e+01
7.164203333333333015e+09,-3.870013218148216083e-02,-1.716067253781725910e+01
7.164266666666666985e+09,-2.236532990843542734e-02,-1.716820253664448970e+01
7.164330000000000000e+09,3.489103563296680477e-02,-1.713481097220269334e+01
7.164393333333333015e+09,-1.110464720624548818e-02,-1.720467145614184545e+01
7.164456666666666985e+09,2.269011793802278021e-02,-1.719474149209785452e+01
7.164520000000000000e+09,-1.436901728149919677e-02,-1.725566542841731632e+01
7.164583333333333015e+09,8.699304317168810030e-03,-1.725646190791825418e+01
7.164646666666666985e+09,-3.866408411536781387e-02,-1.732769009745106814e+01
7.164710000000000000e+09,-3.301558250878144918e-02,-1.734590639694442160e+01
7.164773333333333015e+09,1.269609689763768756e-01,-1.720979464655887270e+01
7.164836666666666985e+09,1.045011479104118735e-02,-1.735017030184448217e+01
7.164900000000000000e+09,5.069634780726417489e-02,-1.733378886992820256e+01
7.164963333333333015e+09,-5.095234476231880194e-02,-1.745930236359739141e+01
7.165026666666666985e+09,-2.560435716938513906e-02,-1.745781917710473152e+01
7.165090000000000000e+09,2.723821135215231948e-02,-1.742884140968313744e+01
7.165153333333333015e+09,-3.590359603451176440e-02,-1.751584801816940740e+01
7.165216666666666985e+09,1.055326374582321591e-02,-1.749325595948934975e+01
7.165280000000000000e+09,-1.005924405865599169e-01,-1.762826646492167271e+01
7.165343333333333015e+09,-2.380849740201895770e-02,-1.757534732283707157e+01
7.165406666666666985e+09,1.221867302049162163e-02,-1.756318495351450437e+01
7.165470000000000000e+09,-4.433113093334739574e-02,-1.764359955856828321e+01
7.165533333333333015e+09,7.210351608411613711e-02,-1.755102971265076306e+01
7.165596666666666985e+09,-9.182621494768739012e-02,-1.773882424478250641e+01
7.165660000000000000e+09,-8.933194546950318227e-02,-1.776019477640426203e+01
7.165723333333333015e+09,-5.618027166033101594e-02,-1.775090790369503324e+01
7.165786666666666985e+09,7.909427322399409377e-03,-1.771068300581257660e+01
7.165850000000000000e+09,1.434982785061933441e-02,-1.772810740638396609e+01
7.165913333333333015e+09,-7.575647025894127751e-02,-1.784207850559346653e+01
7.165976666666666985e+09,-2.534777557163891970e-02,-1.781553461200644151e+01
7.166040000000000000e+09,-1.303047840984916661e-02,-1.782708211594425762e+01
7.166103333333333015e+09,-1.367242202668705886e-03,-1.783928368083701699e+01
7.166166666666666985e+09,-4.274376915796196386e-02,-1.790452500889258758e+01
7.166230000000000000e+09,-3.082432892963993254e-02,-1.791647036976387142e+01
7.166293333333333015e+09,-1.122626382416633817e-01,-1.802177348017583469e+01
7.166356666666666985e+09,8.685177180751324499e-02,-1.784652387122693540e+01
7.166420000000000000e+09,-6.173642300911552638e-03,-1.796341408643496607e+01
7.166483333333333015e+09,-1.020610462470727953e-01,-1.808316629148107069e+01
7.166546666666666985e+09,8.281760392485182365e-02,-1.792215244240941985e+01
7.166610000000000000e+09,-3.350269961740437452e-02,-1.806233754705161942e+01
7.166673333333333015e+09,-3.341295932697718740e-02,-1.808611260786079811e+01
7.166736666666666985e+09,4.690495457580823313e-03,-1.807187395417651388e+01
7.166800000000000000e+09,5.417390320121029390e-02,-1.804625534753282778e+01
7.166863333333333015e+09,-5.569298057856997275e-02,-1.817998703241221392e+01
7.166926666666666985e+09,-3.888835781120647539e-02,-1.818704721074512776e+01
7.166990000000000000e+09,-1.722010071662793962e-02,-1.818924375475048905e+01
7.167053333333333015e+09,7.448284563776397249e-02,-1.812140560949570300e+01
7.167116666666666985e+09,-4.222370023072130607e-03,-1.822397562625681644e+01
7.167180000000000000e+09,-8.332214296363815720e-02,-1.832694020029732229e+01
7.167243333333333015e+09,1.304310140885185376e-01,-1.813705184434510898e+01
7.167306666666666985e+09,6.586803644335503805e-03,-1.828476085588923183e+01
7.167370000000000000e+09,5.033441254172643653e-02,-1.826487804809178073e+01
7.167433333333333015e+09,1.974309283988517905e-02,-1.831933416889356536e+01
7.167496666666666985e+09,-5.830667019789004257e-02,-1.842124873303128041e+01
7.167560000000000000e+09,-8.959089627399663414e-03,-1.839576595356072986e+01
7.167623333333333015e+09,-4.061825436355803731e-03,-1.841473349046962937e+01
7.167686666666666985e+09,-1.432164765898846781e-02,-1.844885811379253582e+01
7.167750000000000000e+09,1.282462587856159075e-02,-1.844557664135459518e+01
7.167813333333333015e+09,-2.727823712648813625e-02,-1.850954430545958473e+01
7.167876666666666985e+09,4.552578918585226120e-02,-1.846060508024752167e+01
7.167940000000000000e+09,-9.428082650394742359e-02,-1.862427649703692722e+01
7.168003333333333015e+09,-4.112669979685890098e-02,-1.859498717142977853e+01
7.168066666666666985e+09,7.716401450653265215e-02,-1.850056125822666431e+01
7.168130000000000000e+09,-2.314943799136059965e-02,-1.862473951182416343e+01
7.168193333333333015e+09,1.006337944623822978e-01,-1.852482108047036036e+01
7.168256666666666985e+09,-6.961495503117021144e-02,-1.871893463106419020e+01
7.168320000000000000e+09,-3.244551367290426924e-02,-1.870562999080553013e+01
7.168383333333333015e+09,-1.999307264942729034e-02,-1.871704235088199653e+01
7.168446666666666985e+09,-9.325580810590139436e-02,-1.881416988743874441e+01
7.168510000000000000e+09,3.806799135709582060e-03,-1.874097208129707681e+01
7.168573333333333015e+09,-3.246854801423992853e-02,-1.880111222954663219e+01
7.168636666666666985e+09,7.396757604325898683e-03,-1.878511172502834015e+01
7.168700000000000000e+09,1.856839751278371864e-02,-1.879780488621982570e+01
7.168763333333333015e+09,1.290306670663099453e-02,-1.882733501812558430e+01
7.168826666666666985e+09,-7.655388975512522620e-02,-1.894065677568761785e+01
7.168890000000000000e+09,-6.806627055854619357e-02,-1.895603395759097864e+01
7.168953333333333015e+09,7.050953555967609532e-02,-1.884132295257236223e+01
7.169016666666666985e+09,-5.831034028251735890e-02,-1.899400762951483301e+01
7.169080000000000000e+09,2.468965321189031670e-02,-1.893487243712036516e+01
7.169143333333333015e+09,-2.966982998962564011e-02,-1.901309672142182450e+01
7.169206666666666985e+09,1.466580889596258430e-02,-1.899262588363617610e+01
7.169270000000000000e+09,4.614479697416840054e-02,-1.898501169665791011e+01
7.169333333333333015e+09,-1.077435221982625535e-02,-1.906579564695184814e+01
7.169396666666666985e+09,1.628251885988163394e-02,-1.906260357697208008e+01
7.169460000000000000e+09,-9.583595498813579638e-02,-1.919858685192004089e+01
7.169523333333333015e+09,-9.532010607138374780e-03,-1.913614770863898329e+01
7.169586666666666985e+09,7.041033819543685013e-03,-1.914343946531224105e+01
7.169650000000000000e+09,-5.836365406801391487e-02,-1.923270895429974203e+01
7.169713333333333015e+09,-8.191440177007791590e-04,-1.919902924534936872e+01
7.169776666666666985e+09,5.783206914003358179e-03,-1.921629169551794192e+01
7.169840000000000000e+09,-6.395407849958090196e-02,-1.930989378203113205e+01
7.169903333333333015e+09,5.560878826560866628e-03,-1.926424362580493010e+01
7.169966666666666985e+09,-3.659284684864516635e-02,-1.933026215258041347e+01
7.170030000000000000e+09,-3.381911310734153631e-02,-1.935135321993871571e+01
7.170093333333333015e+09,-5.540813344087780479e-02,-1.939680704137219536e+01
7.170156666666666985e+09,-8.593287201216881499e-02,-1.945119658104376015e+01
7.170220000000000000e+09,-2.732354458436603295e-02,-1.941645205471556324e+01
7.170283333333333015e+09,9.295203316503730662e-02,-1.932004127806610327e+01
7.170346666666666985e+09,6.478491707624556284e-02,-1.937207319525516880e+01
7.170410000000000000e+09,3.845893596285065996e-02,-1.942226397746850708e+01
7.170473333333333015e+09,-3.660652643222661595e-02,-1.952119424096319023e+01
7.170536666666666985e+09,1.249356023096126478e-02,-1.949595895540027968e+01
7.170600000000000000e+09,1.220871333637774114e-02,-1.952010860339480303e+01
7.170663333333333015e+09,-6.909472935242533254e-02,-1.962527684718321197e+01
7.170726666666666985e+09,1.858803276718390407e-02,-1.956145888616388007e+01
7.170790000000000000e+09,-2.466539036852566369e-02,-1.962857711039952946e+01
7.170853333333333015e+09,2.748656033982754820e-02,-1.960028996079078212e+01
7.170916666666666985e+09,-6.507782378218962549e-02,-1.971671914601307662e+01
7.170980000000000000e+09,2.146065308032518715e-03,-1.967336005802279431e+01
7.171043333333333015e+09,3.043767670444808005e-02,-1.966893324772632212e+01
7.171106666666666985e+09,-1.997266420968557554e-02,-1.974320838974039560e+01
7.171170000000000000e+09,-2.579095637883810355e-02,-1.977289148300949151e+01
7.171233333333333015e+09,1.752075324827018221e-03,-1.976921325240576621e+01
7.171296666666666985e+09,4.242083110460015405e-02,-1.975240929772593290e+01
7.171360000000000000e+09,-8.593063600191186424e-03,-1.982728799353066762e+01
7.171423333333333015e+09,-7.601382929847488867e-02,-1.991857356032889115e+01
7.171486666666666985e+09,-1.550071963294996635e-02,-1.988192525176330960e+01
7.171550000000000000e+09,-1.837041093975599892e-02,-1.990865974417005546e+01
7.171613333333333015e+09,1.021291240688171342e-02,-1.990394122192335757e+01
7.171676666666666985e+09,4.576443169244370779e-02,-1.989225450373807291e+01
7.171740000000000000e+09,-6.732348992770909035e-02,-2.002920722645783158e+01
7.171803333333333015e+09,9.970410486877057110e-02,-1.988604443276129530e+01
7.171866666666666985e+09,3.527435740238615836e-02,-1.997433898132795349e+01
7.171930000000000000e+09,-4.960122021667956460e-02,-2.008307936004662508e+01
7.171993333333333015e+09,7.117850814979576057e-02,-1.998616443278009314e+01
7.172056666666666985e+09,-1.583236175139539625e-01,-2.023953135954411664e+01
7.172120000000000000e+09,-2.750374630929997011e-02,-2.013257628943907207e+01
7.172183333333333015e+09,-7.169131202415357507e-02,-2.020062865625386550e+01
7.172246666666666985e+09,-3.924220404588396605e-03,-2.015672636573457766e+01
7.172310000000000000e+09,-2.912212085303167441e-02,-2.020578906728296076e+01
7.172373333333333015e+09,-1.041672955086880847e-02,-2.021094847708040376e+01
7.172436666666666985e+09,-7.628861644850104540e-02,-2.030068516507831333e+01
7.172500000000000000e+09,-9.924475746066008242e-02,-2.034750610719041219e+01
7.172563333333333015e+09,5.167262824742735461e-02,-2.022045352258193063e+01
7.172626666666666985e+09,3.040212733301927983e-02,-2.026558882459661604e+01
7.172690000000000000e+09,-6.729806862688647584e-02,-2.038715382165646162e+01
7.172753333333333015e+09,3.471242629198911800e-02,-2.030900812783719545e+01
7.172816666666666985e+09,1.833992007189522155e-02,-2.034924543515756312e+01
7.172880000000000000e+09,-1.263308951446262540e-02,-2.040408324584386435e+01
7.172943333333333015e+09,-9.151376326705928932e-03,-2.042446633375604748e+01
7.173006666666666985e+09,-1.844082358235930030e-01,-2.062358799435287438e+01
7.173070000000000000e+09,2.731034724717318340e-02,-2.043573421238205157e+01
7.173133333333333015e+09,-8.294419002911723737e-02,-2.056985355075828181e+01
7.173196666666666985e+09,1.268059749046912543e-02,-2.049809356433863883e+01
7.173260000000000000e+09,-2.359972887262529184e-03,-2.053699893581631031e+01
7.173323333333333015e+09,-4.247660310166523345e-02,-2.060098036713065284e+01
7.173386666666666985e+09,-4.781951610740975411e-02,-2.063018808123634074e+01
7.173450000000000000e+09,-6.926261042583803373e-02,-2.067549597665470884e+01
7.173513333333333015e+09,-8.023130600900785225e-02,-2.071032947333782204e+01
7.173576666666666985e+09,-4.509103234660472026e-03,-2.065847207166374844e+01
7.173640000000000000e+09,-4.716883178167918800e-02,-2.072499660131037302e+01
7.173703333333333015e+09,-4.272804636303817460e-02,-2.074442061699167539e+01
7.173766666666666985e+09,6.838830007644958187e-04,-2.072487348872814650e+01
7.173830000000000000e+09,2.886904433957582228e-02,-2.072055312848894459e+01
7.173893333333333015e+09,1.266157338043072400e-02,-2.076062540054802952e+01
7.173956666666666985e+09,-4.137298310600812101e-02,-2.083852475813474570e+01
7.174020000000000000e+09,1.314592864074981549e-02,-2.080787064748759363e+01
7.174083333333333015e+09,-7.652815894090991833e-02,-2.092140953616919319e+01
7.174146666666666985e+09,2.727463616992054085e-02,-2.084147154215864006e+01
7.174210000000000000e+09,-5.772752467215624961e-02,-2.095033850410065668e+01
7.174273333333333015e+09,9.573208080077222348e-03,-2.090690257244802908e+01
7.174336666666666985e+09,-3.469522061447705141e-02,-2.097503580224286068e+01
7.174400000000000000e+09,-1.057441944325887562e-03,-2.096526282467264934e+01
7.174463333333333015e+09,-1.019617953906362118e-01,-2.109003197921856909e+01
7.174526666666666985e+09,-2.997711272268333005e-03,-2.101493269620047499e+01
7.174590000000000000e+09,4.791180870056876984e-02,-2.098788797732758127e+01
7.174653333333333015e+09,-2.472706095589671804e-02,-2.108439164808365263e+01
7.174716666666666985e+09,-1.019723905340512715e-01,-2.118550177876208096e+01
7.174780000000000000e+09,6.262583639914964806e-02,-2.104476835292882342e+01
7.174843333333333015e+09,-9.080086935339437559e-02,-2.122205985978097331e+01
7.174906666666666985e+09,-1.336940193272582178e-01,-2.128881781085511449e+01
7.174970000000000000e+09,-9.057786990368299485e-03,-2.118804637961816439e+01
7.175033333333333015e+09,4.230498195706644537e-03,-2.119862289553202928e+01
7.175096666666666985e+09,-2.597278716339346261e-02,-2.125269098199107276e+01
7.175160000000000000e+09,-4.143137916862826842e-02,-2.129201437509624739e+01
7.175223333333333015e+09,-2.998751936655708050e-02,-2.130443531639411958e+01
7.175286666666666985e+09,-4.478199104956104293e-02,-2.134309458917706337e+01
7.175350000000000000e+09,-2.964425785808799674e-02,-2.135182165708553015e+01
7.175413333333333015e+09,-2.462272720607572296e-02,-2.137066492753346125e+01
7.175476666666666985e+09,-8.965670504248990369e-02,-2.145956370647014921e+01
7.175540000000000000e+09,2.821697304607795331e-03,-2.139095010522266094e+01
7.175603333333333015e+09,-1.838091646362727261e-02,-2.143601752009083583e+01
7.175666666666666985e+09,-1.404209528002908769e-02,-2.145554350000751498e+01
7.175730000000000000e+09,-9.588850292247386164e-02,-2.156125470874956562e+01
7.175793333333333015e+09,3.914008495973675394e-02,-2.145009092196729483e+01
7.175856666666666985e+09,-5.964481371314533931e-02,-2.157274062174045426e+01
7.175920000000000000e+09,-3.298796520343927341e-02,-2.156994857433035406e+01
7.175983333333333015e+09,-2.935015065476065388e-02,-2.159017556088161527e+01
7.176046666666666985e+09,-8.170760564448187324e-02,-2.166639781697161382e+01
7.176110000000000000e+09,-2.757679965337445083e-02,-2.163613181208044622e+01
7.176173333333333015e+09,-1.905692356060484371e-02,-2.165147673708728604e+01
7.176236666666666985e+09,5.931304721688945847e-02,-2.159697156741006552e+01
7.176300000000000000e+09,-1.121370947476272306e-01,-2.179228651047452558e+01
7.176363333333333015e+09,-7.986826705552729777e-02,-2.178388248388203152e+01
7.176426666666666985e+09,4.682950773893779228e-02,-2.168104951018784021e+01
7.176490000000000000e+09,-7.218813562647596882e-02,-2.182393195465319735e+01
7.176553333333333015e+09,-8.673698620700776019e-03,-2.178428231874702803e+01
7.176616666666666985e+09,-1.226281173474177422e-01,-2.192210153857402233e+01
7.176680000000000000e+09,-1.310381208793032215e-02,-2.183644203441447473e+01
7.176743333333333015e+09,-7.260178674797046483e-02,-2.191980481017412075e+01
7.176806666666666985e+09,5.629527592118321877e-02,-2.181477254860524440e+01
7.176870000000000000e+09,-2.622166506240120043e-02,-2.192115429068876864e+01
7.176933333333333015e+09,-4.198119200179917243e-02,-2.196077861872810999e+01
7.176996666666666985e+09,-3.326293564224869215e-03,-2.194598852139047551e+01
7.177060000000000000e+09,-3.306216113057658390e-02,-2.199958919005676705e+01
7.177123333333333015e+09,3.530399230356806584e-03,-2.198686143079577704e+01
7.177186666666666985e+09,-3.392685615235890850e-02,-2.204818348727843258e+01
7.177250000000000000e+09,-1.982244743865635428e-02,-2.205794387966467340e+01
7.177313333333333015e+09,6.677809619059615898e-03,-2.205530842370689726e+01
7.177376666666666985e+09,-6.425506421035009907e-03,-2.209227654084726922e+01
7.177440000000000000e+09,-4.824156066459295289e-02,-2.215795739619043303e+01
7.177503333333333015e+09,-5.278555511514326781e-02,-2.218636619174092317e+01
7.177566666666666985e+09,-6.490219559353249679e-02,-2.222234763331958618e+01
7.177630000000000000e+09,-1.055017304867895689e-01,-2.228681196931245267e+01
7.177693333333333015e+09,4.388445745995284142e-03,-2.220078659417961120e+01
7.177756666666666985e+09,1.592688059637481501e-02,-2.221311296042950545e+01
7.177820000000000000e+09,-1.738547976830773223e-02,-2.227029012189379387e+01
7.177883333333333015e+09,1.721919469085264609e-02,-2.225955024853457331e+01
7.177946666666666985e+09,5.939631923675747771e-02,-2.224123792508894581e+01
7.178010000000000000e+09,-4.035443308066533064e-02,-2.236485347850597805e+01
7.178073333333333015e+09,-7.449019290611502697e-02,-2.242285403943136757e+01
7.178136666666666985e+09,-1.423585487263068217e-02,-2.238646450249815700e+01
7.178200000000000000e+09,-6.932179304023833311e-02,-2.246541524176570448e+01
7.178263333333333015e+09,-5.409902729326176996e-03,-2.242536815255440175e+01
7.178326666666666985e+09,-5.734077571502638193e-02,-2.250116382664037928e+01
7.178390000000000000e+09,-7.783915474084679431e-02,-2.254552700676613952e+01
7.178453333333333015e+09,6.763207621855116258e-02,-2.242392057690634743e+01
7.178516666666666985e+09,-3.719496806327882155e-02,-2.255261242228845120e+01
7.178580000000000000e+09,-7.093405321883494707e-02,-2.261021630854395070e+01
7.178643333333333015e+09,-1.564843559897965974e-02,-2.257879549202370484e+01
7.178706666666666985e+09,3.753504565981202745e-02,-2.254947681186518693e+01
7.178770000000000000e+09,2.049727703444403915e-02,-2.259037938159049475e+01
7.178833333333333015e+09,4.054843275023145566e-02,-2.259419302697464715e+01
7.178896666666666985e+09,-1.946954817922730285e-02,-2.267807580900404929e+01
7.178960000000000000e+09,-1.627696959955216016e-02,-2.269874803152431753e+01
7.179023333333333015e+09,-1.360397652093610077e-01,-2.284237562823406620e+01
7.179086666666666985e+09,-1.178202781262100984e-01,-2.284802094225085511e+01
7.179150000000000000e+09,-1.278296150052291580e-01,-2.288189508022981400e+01
7.179213333333333015e+09,-5.799554877525281427e-02,-2.283592581509978103e+01
7.179276666666666985e+09,1.565450284887148769e-02,-2.278614056457593406e+01
7.179340000000000000e+09,-1.074577569586914194e-01,-2.293311762548310284e+01
7.179403333333333015e+09,-9.958649838620203809e-02,-2.294911116801055329e+01
7.179466666666666985e+09,-9.796508919772506374e-02,-2.297135455992235364e+01
7.179530000000000000e+09,-6.749476082058691873e-02,-2.296474903264482137e+01
7.179593333333333015e+09,-3.241376698229458952e-02,-2.295353283990647242e+01
7.179656666666666985e+09,-2.848394124819009221e-02,-2.297346781527264170e+01
7.179720000000000000e+09,-1.065638217459827786e-01,-2.307541249687004026e+01
7.179783333333333015e+09,-6.580179759414406249e-02,-2.305851527381814137e+01
7.179846666666666985e+09,-5.532754673189188566e-02,-2.307190582405617008e+01
7.179910000000000000e+09,-8.935548204403431782e-02,-2.312979856046791838e+01
7.179973333333333015e+09,-6.587569441660434677e-02,-2.313018357394042823e+01
7.180036666666666985e+09,-9.236839046870670700e-02,-2.318054107109280437e+01
7.180100000000000000e+09,1.461038055857599716e-02,-2.309742710116546505e+01
7.180163333333333015e+09,-1.113842094121189064e-01,-2.324728649223576582e+01
7.180226666666666985e+09,-1.967182045204154406e-01,-2.335648528844433969e+01
7.180290000000000000e+09,-1.352492577351256386e-01,-2.331888114275898971e+01
7.180353333333333015e+09,-1.130475193992843685e-01,-2.332054420552275431e+01
7.180416666666666985e+09,2.076044867431292573e-02,-2.321060103854943435e+01
7.180480000000000000e+09,-9.529124883561479464e-02,-2.335051753715930545e+01
7.180543333333333015e+09,-7.864318544829629332e-02,-2.335773427487159282e+01
7.180606666666666985e+09,-1.332340124163451378e-01,-2.343618990293991544e+01
7.180670000000000000e+09,-1.444725866714442475e-01,-2.347129327829495438e+01
7.180733333333333015e+09,-1.313854628637436406e-01,-2.348207095558719715e+01
7.180796666666666985e+09,-1.162512140521130277e-01,-2.349080150787550991e+01
7.180860000000000000e+09,-7.546591672604563428e-02,-2.347388101164938234e+01
7.180923333333333015e+09,-9.573720149333553309e-02,-2.351801709751661207e+01
7.180986666666666985e+09,-1.924510899087756854e-01,-2.363859578703199205e+01
7.181050000000000000e+09,-1.480924064177457922e-01,-2.361810190464090553e+01
7.181113333333333015e+09,-1.333397082796388133e-01,-2.362721400760274193e+01
7.181176666666666985e+09,-6.799999035791515212e-02,-2.358573909078095809e+01
7.181240000000000000e+09,-5.431365304801261118e-03,-2.354703526682778403e+01
7.181303333333333015e+09,1.604678258543863478e-01,-2.340500087676853624e+01
7.181366666666666985e+09,1.222550417518917243e-01,-2.346707846197130820e+01
7.181430000000000000e+09,2.804166263576988172e-01,-2.333278167846511053e+01
7.181493333333333015e+09,2.605700692880965619e-01,-2.337649303663465261e+01
7.181556666666666985e+09,1.577028800242814555e-01,-2.350322502699874150e+01
7.181620000000000000e+09,1.831144854906625596e-01,-2.350167822263196626e+01
7.181683333333333015e+09,9.807823895480538567e-02,-2.361057927026776682e+01
7.181746666666666985e+09,5.584379473785006098e-02,-2.367667851558499947e+01
7.181810000000000000e+09,-2.958126658989002067e-02,-2.378596837801234543e+01
7.181873333333333015e+09,6.214242625043908674e-02,-2.371810948627195614e+01
7.181936666666666985e+09,1.431580919570301091e-01,-2.366095862166563890e+01
7.182000000000000000e+09,-6.156531874296433671e-03,-2.383413804659690882e+01
7.182063333333333015e+09,9.174017287329405690e-02,-2.376010614294892420e+01
7.182126666666666985e+09,4.773713316617289593e-02,-2.382797398375632270e+01
7.182190000000000000e+09,5.927358087805600917e-02,-2.384030233714437941e+01
7.182253333333333015e+09,3.097108450470997809e-02,-2.389246963461733131e+01
7.182316666666666985e+09,-8.300198338872633030e-03,-2.395560571856119125e+01
7.182380000000000000e+09,6.351411775260729087e-02,-2.390765620356965471e+01
7.182443333333333015e+09,-3.281095405341716287e-02,-2.402784607647528503e+01
7.182506666666666985e+09,-2.264120823710769059e-02,-2.404154113175924934e+01
7.182570000000000000e+09,-5.613913840122108923e-03,-2.404837863846220358e+01
7.182633333333333015e+09,9.837046492493328742e-02,-2.396825906079709156e+01
7.182696666666666985e+09,-1.834592051265104828e-02,-2.410884024733461928e+01
7.182760000000000000e+09,6.094601473208172138e-02,-2.405341311318982633e+01
7.182823333333333015e+09,-7.019312206956840328e-03,-2.414524324122880472e+01
7.182886666666666985e+09,7.211199367815979144e-02,-2.408997673644362791e+01
7.182950000000000000e+09,8.658301476549468134e-02,-2.409937051645623640e+01
7.183013333333333015e+09,-5.719401707148819014e-02,-2.426701234939316265e+01
7.183076666666666985e+09,1.127093598840644972e-02,-2.422241219743320784e+01
7.183140000000000000e+09,8.964171766950457254e-02,-2.416790621685204954e+01
7.183203333333333015e+09,3.367150088803683161e-02,-2.424774123473345711e+01
7.183266666666666985e+09,2.661162123553495462e-02,-2.427866591548623632e+01
7.183330000000000000e+09,1.081776821461701843e-01,-2.422096465567521051e+01
7.183393333333333015e+09,-4.523966811612467609e-02,-2.439824680703744519e+01
7.183456666666666985e+09,3.890810470517180875e-02,-2.433796383531642249e+01
7.183520000000000000e+09,-5.270492203716514723e-02,-2.445344166315836532e+01
7.183583333333333015e+09,7.691580722736546250e-02,-2.434768573499377808e+01
7.183646666666666985e+09,6.231805547642466081e-03,-2.444223453777377841e+01
7.183710000000000000e+09,5.505804039788486648e-02,-2.441727310402314188e+01
7.183773333333333015e+09,4.531186228817318806e-02,-2.445088408323279339e+01
7.183836666666666985e+09,5.216564252339495056e-02,-2.446789510409784896e+01
7.183900000000000000e+09,-4.584789548099266199e-02,-2.458977344320217640e+01
7.183963333333333015e+09,9.548292934439928104e-03,-2.455824205588635323e+01
7.184026666666666985e+09,3.845239180611770280e-02,-2.455320275811494923e+01
7.184090000000000000e+09,-7.079379036593991259e-02,-2.468631374138694667e+01
7.184153333333333015e+09,1.207300020341861568e-02,-2.462731175191719402e+01
7.184216666666666985e+09,1.884288242059994900e-03,-2.466136526497882997e+01
7.184280000000000000e+09,-6.459013017844483784e-02,-2.475170448449927818e+01
7.184343333333333015e+09,1.043392596306347286e-02,-2.470054522945737574e+01
7.184406666666666985e+09,-6.178065297583401616e-02,-2.479662460949654701e+01
7.184470000000000000e+09,4.020486874250295273e-02,-2.471850388887815342e+01
7.184533333333333015e+09,3.945076484855647436e-02,-2.474312279387203972e+01
7.184596666666666985e+09,-2.778312240596747529e-02,-2.483422148222650705e+01
7.184660000000000000e+09,7.670392567742112533e-02,-2.475359923524305827e+01
7.184723333333333015e+09,-3.216670681636912832e-02,-2.488633466883678835e+01
7.184786666666666985e+09,1.041974382817585365e-01,-2.477383532483860407e+01
7.184850000000000000e+09,-2.939591969678545524e-02,-2.493129348391708788e+01
7.184913333333333015e+09,-2.052820997434423589e-02,-2.494629057529459004e+01
7.184976666666666985e+09,-1.503812397124093536e-02,-2.496466529039142657e+01
7.185040000000000000e+09,2.099798049036039060e-02,-2.495249398702976507e+01
7.185103333333333015e+09,-1.508388689544304384e-02,-2.501244065551551188e+01
7.185166666666666985e+09,5.717199743289924641e-02,-2.496404957228744692e+01
7.185230000000000000e+09,5.464253854929879139e-02,-2.499044383227065325e+01
7.185293333333333015e+09,-6.475740471599422676e-02,-2.513370857663588609e+01
7.185356666666666985e+09,-1.852571635897959368e-02,-2.511134168937914524e+01
7.185420000000000000e+09,3.909109601379157084e-02,-2.507758967810598350e+01
7.185483333333333015e+09,-1.386062509850098934e-01,-2.527915182620472478e+01
7.185546666666666985e+09,-5.091008956277676134e-03,-2.516950138527626990e+01
7.185610000000000000e+09,-9.223058235052405962e-02,-2.528050575977012215e+01
7.185673333333333015e+09,7.322433611751222315e-03,-2.520481754490778670e+01
7.185736666666666985e+09,-9.040407653681015177e-02,-2.532640885615662540e+01
7.185800000000000000e+09,-1.854568069749618076e-02,-2.527841526141725481e+01
7.185863333333333015e+09,-2.459570260023369315e-02,-2.530833008441959819e+01
7.185926666666666985e+09,-9.100752715677629112e-02,-2.539860671007641457e+01
7.185990000000000000e+09,-1.106582328690102202e-01,-2.544212221688858833e+01
7.186053333333333015e+09,8.476678357514089157e-03,-2.534685210676167344e+01
7.186116666666666985e+09,-9.331829720462536670e-02,-2.547251188342409023e+01
7.186180000000000000e+09,-9.945767579855058216e-02,-2.550251606311795527e+01
7.186243333333333015e+09,7.157210934693125637e-03,-2.541976597748431743e+01
7.186306666666666985e+09,-5.996487187144339259e-02,-2.551075286139072773e+01
7.186370000000000000e+09,-2.167670427777323994e-03,-2.547682046104700504e+01
7.186433333333333015e+09,-1.801410150909426022e-01,-2.567865860681011370e+01
7.186496666666666985e+09,-8.861928258543372294e-03,-2.553124432107765429e+01
7.186560000000000000e+09,-2.327392464802002792e-02,-2.556952111856707077e+01
7.186623333333333015e+09,-3.835211615947997643e-02,-2.560846411117847055e+01
7.186686666666666985e+09,-6.905065889959871583e-03,-2.560088186200889382e+01
7.186750000000000000e+09,1.427853875812701290e-02,-2.560356305846075031e+01
7.186813333333333015e+09,-2.302598673849942656e-02,-2.566473238505731658e+01
7.186876666666666985e+09,4.573021139291455484e-02,-2.561984098802584242e+01
7.186940000000000000e+09,1.150590088566971758e-02,-2.567793009963302708e+01
7.187003333333333015e+09,-1.771298085801120692e-02,-2.573101378247665139e+01
7.187066666666666985e+09,-8.516187979365241745e-02,-2.582232748251256993e+01
7.187130000000000000e+09,-4.703018710727135954e-02,-2.580806059092579474e+01
7.187193333333333015e+09,-9.754396727177194748e-02,-2.588243917219023515e+01
7.187256666666666985e+09,-4.490854214848383208e-02,-2.585366854816722437e+01
7.187320000000000000e+09,-5.714230371206596715e-02,-2.588976711083041238e+01
7.187383333333333015e+09,-1.118581528213056231e-01,-2.596834776103959541e+01
7.187446666666666985e+09,-4.558471273600872564e-02,-2.592593912205457229e+01
7.187510000000000000e+09,-1.581024294441490952e-02,-2.592002945336258435e+01
7.187573333333333015e+09,1.951945563504864367e-03,-2.592613206595460440e+01
7.187636666666666985e+09,2.243738430713904108e-02,-2.592951142831124756e+01
7.187700000000000000e+09,3.964491423246130353e-02,-2.593616869948586867e+01
7.187763333333333015e+09,6.198703978090236433e-02,-2.593769137503703348e+01
7.187826666666666985e+09,-1.404155790433847528e-02,-2.603758477382254810e+01
7.187890000000000000e+09,-8.806363301635755647e-02,-2.613547165003451056e+01
7.187953333333333015e+09,-8.535403773330330068e-02,-2.615662685585106217e+01
7.188016666666666985e+09,-6.394402964206591378e-02,-2.615908164886010212e+01
7.188080000000000000e+09,-1.912642448574430887e-02,-2.613812884480372034e+01
7.188143333333333015e+09,-1.208678696962195431e-02,-2.615495400838720386e+01
7.188206666666666985e+09,-3.677560739767926634e-02,-2.620350762991553495e+01
7.188270000000000000e+09,-2.215761551483552694e-02,-2.621275443913263459e+01
7.188333333333333015e+09,-8.262201066489183177e-02,-2.629708363538230032e+01
7.188396666666666985e+09,-3.857078560992377447e-02,-2.627689721142760604e+01
7.188460000000000000e+09,-1.292345089097608479e-01,-2.639142573582738294e+01
7.188523333333333015e+09,-9.759884468057578033e-02,-2.638365487269813769e+01
7.188586666666666985e+09,-2.217257780531056710e-02,-2.633209340692281586e+01
7.188650000000000000e+09,9.531852157103060108e-03,-2.632425377806034561e+01
7.188713333333333015e+09,4.593897398081026040e-03,-2.635305653391930747e+01
7.188776666666666985e+09,-1.404438343084315477e-01,-2.652195906672575987e+01
7.188840000000000000e+09,-1.907427712371045914e-02,-2.642445431064097860e+01
7.188903333333333015e+09,-5.365806918296556205e-02,-2.648290290380017709e+01
7.188966666666666985e+09,1.064163538653062346e-02,-2.644246800033095823e+01
7.189030000000000000e+09,-1.742774119082355355e-01,-2.665125184872533026e+01
7.189093333333333015e+09,-9.188504241141970397e-02,-2.659272428032845426e+01
7.189156666666666985e+09,5.188885676941978886e-02,-2.647281518224789210e+01
7.189220000000000000e+09,-1.370562566317445885e-02,-2.656227446578009221e+01
7.189283333333333015e+09,4.165725975460787822e-02,-2.653077638146225325e+01
7.189346666666666985e+09,3.621496391616929600e-02,-2.656008347840096562e+01
7.189410000000000000e+09,-5.038026618093738307e-02,-2.667054350959767817e+01
7.189473333333333015e+09,-9.193918672248457824e-02,-2.673596723123916519e+01
7.189536666666666985e+09,-4.103568403348845095e-02,-2.670892852965044995e+01
7.189600000000000000e+09,-2.385938967215039952e-02,-2.671561703638905172e+01
7.189663333333333015e+09,-6.621601501024088066e-03,-2.672224404931753128e+01
7.189726666666666985e+09,-6.572261257964129300e-02,-2.680520986149642226e+01
7.189790000000000000e+09,-3.603558373076154453e-02,-2.679938763374748589e+01
7.189853333333333015e+09,6.069013508414755620e-02,-2.672652671603218266e+01
7.189916666666666985e+09,-1.373789023887184158e-03,-2.681245544124049474e+01
7.189980000000000000e+09,-7.630863306044588512e-02,-2.691125508637699326e+01
7.190043333333333015e+09,-7.638429858431550201e-02,-2.693519555300046875e+01
7.190106666666666985e+09,9.712526701871837531e-03,-2.687296352881455874e+01
7.190170000000000000e+09,-1.766408091071980380e-02,-2.692420493752709376e+01
7.190233333333333015e+09,1.498796879065267262e-02,-2.691541768892532716e+01
7.190296666666666985e+09,-7.781994400491498709e-02,-2.703209040282116860e+01
7.190360000000000000e+09,1.152751249349748264e-02,-2.696660774742269595e+01
7.190423333333333015e+09,-1.176489966442666457e-01,-2.711964905766040346e+01
7.190486666666666985e+09,-8.329184566439096216e-02,-2.710915670778047115e+01
7.190550000000000000e+09,2.301121662776495214e-02,-2.702671844658825506e+01
7.190613333333333015e+09,-2.122806341103355976e-02,-2.709482252772699340e+01
7.190676666666666985e+09,5.314785778858066578e-02,-2.704431140762731900e+01
7.190740000000000000e+09,-8.614156053102206556e-02,-2.720746562704686511e+01
7.190803333333333015e+09,-8.689478345135981385e-02,-2.723208365106714623e+01
7.190866666666666985e+09,-1.921544737747638010e-02,-2.718826911609353658e+01
7.190930000000000000e+09,-6.483072111314669428e-02,-2.725774919092881277e+01
7.190993333333333015e+09,-2.194686749668761649e-02,-2.723873013841229351e+01
7.191056666666666985e+09,-5.635214830389756457e-02,-2.729700022031978079e+01
7.191120000000000000e+09,-2.279294474766402345e-02,-2.728730581786315668e+01
7.191183333333333015e+09,2.010264574620634903e-02,-2.726827502846922613e+01
7.191246666666666985e+09,-7.877358324812888668e-02,-2.739101605856383514e+01
7.191310000000000000e+09,9.193553175058610805e-02,-2.724417174466472602e+01
7.191373333333333015e+09,-9.449675738120433266e-02,-2.745446883489645984e+01
7.191436666666666985e+09,1.470789439528275011e-02,-2.736912898422025009e+01
7.191500000000000000e+09,2.147708542132420462e-03,-2.740555397117300629e+01
7.191563333333333015e+09,1.232332031141325501e-02,-2.741924316050366528e+01
7.191626666666666985e+09,2.470330964708722377e-02,-2.743072797226826509e+01
7.191690000000000000e+09,-4.075906860107281204e-02,-2.752005515161636851e+01
7.191753333333333015e+09,7.088684130678757356e-03,-2.749607219998422636e+01
7.191816666666666985e+09,2.247846002902065266e-02,-2.750454722518615824e+01
7.191880000000000000e+09,-6.659240525671705768e-02,-2.761748289157183578e+01
7.191943333333333015e+09,-1.209746061580219134e-01,-2.769572989357274651e+01
7.192006666666666985e+09,-7.025713421644042000e-03,-2.760564580193664597e+01
7.192070000000000000e+09,2.652127588391550717e-02,-2.759596361373102980e+01
7.192133333333333015e+09,-1.345315903419006531e-01,-2.778088128105645183e+01
7.192196666666666985e+09,-9.003769384419513244e-02,-2.776025218565902009e+01
7.192260000000000000e+09,-4.436595203913995533e-02,-2.773844524495390473e+01
7.192323333333333015e+09,-8.770248691693538490e-02,-2.780564658093164354e+01
7.192386666666666985e+09,-7.474453648630685620e-02,-2.781655343160095839e+01
7.192450000000000000e+09,3.901389850802772230e-02,-2.772665979770656364e+01
7.192513333333333015e+09,2.704768773612187260e-02,-2.776249080957840931e+01
7.192576666666666985e+09,-3.820459709830714701e-02,-2.785160789551277816e+01
7.192640000000000000e+09,-5.352635005731443130e-02,-2.789079444957172882e+01
7.192703333333333015e+09,-4.561933663185513410e-02,-2.790675223724621290e+01
7.192766666666666985e+09,-1.031005835645970592e-03,-2.788602870755027752e+01
7.192830000000000000e+09,-1.162916667617217570e-01,-2.802515416957595917e+01
7.192893333333333015e+09,-5.929828602324604958e-02,-2.799202558993742329e+01
7.192956666666666985e+09,-7.531932319736256431e-02,-2.803191142821182069e+01
7.193020000000000000e+09,-5.990158828038261163e-02,-2.804035849439444661e+01
7.193083333333333015e+09,4.013357931608751983e-02,-2.796418812789791630e+01
7.193146666666666985e+09,-6.858994477421731517e-02,-2.809677645308849492e+01
7.193210000000000000e+09,-4.698817656386466979e-02,-2.809903948597774814e+01
7.193273333333333015e+09,-1.188920280528904527e-02,-2.808780531331911590e+01
7.193336666666666985e+09,-1.691686611668075102e-03,-2.810147259822577226e+01
7.193400000000000000e+09,-1.400023905699043780e-01,-2.826364810328361443e+01
7.193463333333333015e+09,-1.893572655979980368e-02,-2.816644624037344968e+01
7.193526666666666985e+09,-4.484667823281895949e-02,-2.821622199314674617e+01
7.193590000000000000e+09,6.913827985428611100e-03,-2.818832628802844198e+01
7.193653333333333015e+09,-4.645174383817618491e-02,-2.826555666095165265e+01
7.193716666666666985e+09,-3.272270008910993511e-02,-2.827569241830286018e+01
7.193780000000000000e+09,-3.805832807348252800e-03,-2.827064035212103832e+01
7.193843333333333015e+09,1.232498452953478818e-02,-2.827837433588376115e+01
7.193906666666666985e+09,-8.335093832993223373e-02,-2.839791505984350550e+01
7.193970000000000000e+09,-4.357310507986511539e-02,-2.838200202769338176e+01
7.194033333333333015e+09,-5.593328319771373458e-02,-2.841822700691083625e+01
7.194096666666666985e+09,-6.723367429216509095e-02,-2.845339219910556139e+01
7.194160000000000000e+09,-5.407118023145685015e-02,-2.846409450614479653e+01
7.194223333333333015e+09,8.806956789694453391e-03,-2.842508117022358505e+01
7.194286666666666985e+09,-6.504520234109634202e-02,-2.852279813045431922e+01
7.194350000000000000e+09,-1.110179094142438316e-02,-2.849271952015458709e+01
7.194413333333333015e+09,-9.536910351521044049e-02,-2.860085163382831297e+01
7.194476666666666985e+09,-2.215505875125600710e-02,-2.855150239016430191e+01
7.194540000000000000e+09,-1.277847608674065327e-02,-2.856599060859972639e+01
7.194603333333333015e+09,-2.825829651628808392e-02,-2.860533523012921719e+01
7.194666666666666985e+09,-4.989907189244036090e-02,-2.865084080660530930e+01
7.194730000000000000e+09,-3.852698626799266890e-02,-2.866333352208080143e+01
7.194793333333333015e+09,-7.238591404752980907e-02,-2.872105725096028195e+01
7.194856666666666985e+09,-5.431874270968961582e-02,-2.872685488072271909e+01
7.194920000000000000e+09,-3.969809455299611045e-02,-2.873609903366563145e+01
7.194983333333333015e+09,-1.445572662253020724e-01,-2.886482300643787724e+01
7.195046666666666985e+09,-4.858067481804795307e-02,-2.879271121613089690e+01
7.195110000000000000e+09,-9.586651818852232054e-02,-2.886386186060098069e+01
7.195173333333333015e+09,4.017587302937286609e-02,-2.875168427048302533e+01
7.195236666666666985e+09,6.623873068981467327e-02,-2.874948621392286086e+01
7.195300000000000000e+09,-2.280075091540822996e-03,-2.884186982080382222e+01
7.195363333333333015e+09,1.339400565455051151e-02,-2.885006054115767071e+01
7.195426666666666985e+09,-1.041417774125967810e-01,-2.899146112532509534e+01
7.195490000000000000e+09,-1.200618095090888460e-01,-2.903124595852153078e+01
7.195553333333333015e+09,-6.524151959153812186e-02,-2.900029046970358593e+01
7.195616666666666985e+09,-1.103789127638563627e-01,-2.906929266397617795e+01
7.195680000000000000e+09,-1.342161357891669127e-02,-2.899620016589117810e+01
7.195743333333333015e+09,-2.446086867126950892e-02,-2.903110422208314034e+01
7.195806666666666985e+09,-2.051441411108356760e-02,-2.905102256862323173e+01
7.195870000000000000e+09,-1.412480273745586601e-02,-2.906849775834954386e+01
7.195933333333333015e+09,-9.558143085645198767e-02,-2.917381918756814585e+01
7.195996666666666985e+09,-1.106913407000220673e-01,-2.921279389851198971e+01
7.196060000000000000e+09,-5.083204271353736203e-02,-2.917679940162544838e+01
7.196123333333333015e+09,-1.123755142363584980e-01,-2.926220767424821290e+01
7.196186666666666985e+09,-2.334749774996680571e-02,-2.919704445886176103e+01
7.196250000000000000e+09,-7.193286008303445556e-02,-2.926949462229476850e+01
7.196313333333333015e+09,-4.074899993753788863e-02,-2.926217556324921176e+01
7.196376666666666985e+09,-7.450466272258182698e-02,-2.931979602713419908e+01
7.196440000000000000e+09,-9.583919531052842444e-02,-2.936499536082208905e+01
7.196503333333333015e+09,-2.630471896450359282e-02,-2.931932568557600405e+01
7.196566666666666985e+09,1.552047552958413235e-02,-2.930136529218185615e+01
7.196630000000000000e+09,-1.302156610706610707e-01,-2.947096622988204118e+01
7.196693333333333015e+09,-5.930510886366135992e-02,-2.942392047877498484e+01
7.196756666666666985e+09,6.628522625089061648e-03,-2.938185164838651176e+01
7.196820000000000000e+09,-8.217862281888344000e-02,-2.949452359493009013e+01
7.196883333333333015e+09,-2.930681123314826664e-02,-2.946551658444429478e+01
7.196946666666666985e+09,-7.428571084709645334e-02,-2.953436028515852030e+01
7.197010000000000000e+09,-1.092666282050345217e-01,-2.959320600361606424e+01
7.197073333333333015e+09,-3.403324833374199443e-02,-2.954183742484471509e+01
7.197136666666666985e+09,-9.373720894167547613e-03,-2.954104269850541442e+01
7.197200000000000000e+09,-9.648286836400288280e-02,-2.965201664707485563e+01
7.197263333333333015e+09,2.672019625777011242e-03,-2.957672656018501556e+01
7.197326666666666985e+09,9.120671710114436337e-03,-2.959414270920095547e+01
7.197390000000000000e+09,-7.584062714443007280e-03,-2.963471224472545629e+01
7.197453333333333015e+09,2.755039523563596049e-02,-2.962344258787498319e+01
7.197516666666666985e+09,-1.459347335658378597e-02,-2.968945125756747672e+01
7.197580000000000000e+09,-1.729215994099675413e-02,-2.971601474525183306e+01
7.197643333333333015e+09,-1.865347366268821361e-02,-2.974124086007313039e+01
7.197706666666666985e+09,-4.574398302146676087e-03,-2.975102658581286619e+01
7.197770000000000000e+09,-8.088384888131727735e-02,-2.985120083749197661e+01
7.197833333333333015e+09,-1.326654930826620671e-02,-2.980744833901853141e+01
7.197896666666666985e+09,-1.445270506486906470e-01,-2.996257364145923319e+01
7.197960000000000000e+09,-1.520083875631428327e-02,-2.985711223066679665e+01
7.198023333333333015e+09,-4.252439522016970841e-02,-2.990830058823059545e+01
7.198086666666666985e+09,-6.416324777962501003e-02,-2.995380424188999058e+01
7.198150000000000000e+09,3.177685366555493829e-02,-2.988172894154475046e+01
7.198213333333333015e+09,-8.109504939423217706e-02,-3.001846564570448095e+01
7.198276666666666985e+09,-4.292036413050936972e-02,-3.000415576154069797e+01
7.198340000000000000e+09,-7.267161077916739487e-02,-3.005777180928929937e+01
7.198403333333333015e+09,-1.074425756216115246e-01,-3.011640757523168332e+01
7.198466666666666985e+09,-7.493391820544559323e-02,-3.010776371891545722e+01
7.198530000000000000e+09,3.075233258327614294e-02,-3.002594226922667886e+01
7.198593333333333015e+09,-1.081916424866768978e-01,-3.018875104539657173e+01
7.198656666666666985e+09,-2.532220037421240022e-02,-3.012974640438438456e+01
7.198720000000000000e+09,8.578667276486839910e-02,-3.004250233234490963e+01
7.198783333333333015e+09,-2.109174238330879803e-02,-3.017324554859302665e+01
7.198846666666666985e+09,-7.223077056692162046e-02,-3.024824937787691681e+01
7.198910000000000000e+09,-6.330297429392928166e-02,-3.026318638270353034e+01
7.198973333333333015e+09,5.298356279899962828e-02,-3.017076464671054481e+01
7.199036666666666985e+09,-3.977173324033600466e-02,-3.028738474385015422e+01
7.199100000000000000e+09,-4.852873793871737007e-02,-3.032000654964814146e+01
7.199163333333333015e+09,-2.676530229244633574e-02,-3.032210791510181380e+01
7.199226666666666985e+09,-6.249859166678106703e-02,-3.038170600557642231e+01
7.199290000000000000e+09,-9.407895674947042153e-03,-3.035248011068453167e+01
7.199353333333333015e+09,-1.585651187982790589e-01,-3.052550213490746955e+01
7.199416666666666985e+09,-5.594273103428193394e-02,-3.044674454824374621e+01
7.199480000000000000e+09,-1.071271717441142357e-01,-3.052179379005352189e+01
7.199543333333333015e+09,-4.670559040780730697e-02,-3.048523700981682083e+01
7.199606666666666985e+09,-2.189325654148177591e-02,-3.048428947705077263e+01
7.199670000000000000e+09,-1.113378192220864094e-01,-3.059759884083131709e+01
7.199733333333333015e+09,9.137152868795794802e-03,-3.050098866984004076e+01
7.199796666666666985e+09,-1.200617684688332076e-01,-3.065405239227794709e+01
7.199860000000000000e+09,-1.429514302266525760e-01,-3.070080685513570629e+01
7.199923333333333015e+09,-3.036351633946310358e-02,-3.061208374234846019e+01
7.199986666666666985e+09,2.188278592020864721e-02,-3.058370224118872827e+01
7.200050000000000000e+09,-8.208096204776182958e-02,-3.071153079025663857e+01
7.200113333333333015e+09,-4.464575528328751375e-02,-3.069796038459210763e+01
7.200176666666666985e+09,-6.656428098091637935e-02,-3.074374371138967632e+01
7.200240000000000000e+09,2.316699452527970493e-02,-3.067787723698342361e+01
7.200303333333333015e+09,-1.028654320396427124e-01,-3.082777446464828586e+01
7.200366666666666985e+09,-6.942033145115900084e-02,-3.081819416515974197e+01
7.200430000000000000e+09,-8.185630370707741577e-03,-3.078082426517923409e+01
7.200493333333333015e+09,-4.827861890544582479e-02,-3.084478205481391200e+01
7.200556666666666985e+09,-1.683544643266472463e-01,-3.098872270133539075e+01
7.200620000000000000e+09,2.831786915827905204e-02,-3.081591516895007032e+01
7.200683333333333015e+09,-9.877156315486956828e-02,-3.096686940236315877e+01
7.200746666666666985e+09,-1.154086591607779155e-01,-3.100737129946934445e+01
7.200810000000000000e+09,-9.187997998970232061e-02,-3.100770742139787473e+01
7.200873333333333015e+09,-4.085978021572955754e-02,-3.098055202272384534e+01
7.200936666666666985e+09,-4.644680827570368820e-02,-3.101000385188409325e+01
7.201000000000000000e+09,2.627723442905960383e-02,-3.096114461027893583e+01
7.201063333333333015e+09,-4.774717624144031447e-02,-3.105903382204937913e+01
7.201126666666666985e+09,4.128869072324548029e-02,-3.099386275618497066e+01
7.201190000000000000e+09,-4.094999100095719768e-02,-3.109996623900911317e+01
7.201253333333333015e+09,-9.122788725574082491e-02,-3.117410893636350266e+01
7.201316666666666985e+09,-2.271616999306047546e-02,-3.112946202020109965e+01
7.201380000000000000e+09,-3.568656399825442804e-02,-3.116629721530623343e+01
7.201443333333333015e+09,5.487966489338091947e-02,-3.109959578751420395e+01
7.201506666666666985e+09,-4.916109573558458123e-02,-3.122750134924344678e+01
7.201570000000000000e+09,-7.392012281894366765e-02,-3.127612517742674569e+01
7.201633333333333015e+09,-1.249876544773727005e-01,-3.135105751018478060e+01
7.201696666666666985e+09,-7.299223729535597727e-02,-3.132292689410304121e+01
7.201760000000000000e+09,-4.207218737018081356e-02,-3.131587164527780942e+01
7.201823333333333015e+09,-1.515742684773258020e-02,-3.131282168585496706e+01
7.201886666666666985e+09,-5.771909882643910805e-02,-3.137924815893394737e+01
7.201950000000000000e+09,1.032970176172653964e-03,-3.134436089103127898e+01
7.202013333333333015e+09,2.639317031543697567e-02,-3.134286549199195449e+01
7.202076666666666985e+09,-4.896857624963857347e-02,-3.144209203965697341e+01
7.202140000000000000e+09,3.619044480057453939e-03,-3.141336922002721721e+01
7.202203333333333015e+09,-8.324755296936459104e-02,-3.152410061857657908e+01
7.202266666666666985e+09,-3.695332404754836375e-02,-3.150167119075470623e+01
7.202330000000000000e+09,4.296226625324806037e-02,-3.144562040155384963e+01
7.202393333333333015e+09,-4.114707402556661009e-02,-3.155359454293260768e+01
7.202456666666666985e+09,-7.173678381949599725e-03,-3.154348594838926445e+01
7.202520000000000000e+09,-1.757212578120430635e-01,-3.173589832891896378e+01
7.202583333333333015e+09,-4.747328442606502108e-02,-3.163151515663292912e+01
7.202646666666666985e+09,5.581275482324699055e-02,-3.155209391848389089e+01
7.202710000000000000e+09,-9.889679043606491859e-02,-3.173066826484281222e+01
7.202773333333333015e+09,3.316681170986157667e-04,-3.165530460738958851e+01
7.202836666666666985e+09,-2.504060688258391565e-02,-3.170454168348954482e+01
7.202900000000000000e+09,-3.433434403735091678e-02,-3.173770022174392125e+01
7.202963333333333015e+09,-6.058142343692907161e-02,-3.178781210224343923e+01
7.203026666666666985e+09,-1.717773230124564066e-02,-3.176827321220803313e+01
7.203090000000000000e+09,-6.157777949245613058e-02,-3.183653806049918344e+01
7.203153333333333015e+09,-1.437621094157179868e-01,-3.194258719152205117e+01
7.203216666666666985e+09,-1.055676905584697067e-01,-3.192825757376508022e+01
7.203280000000000000e+09,-7.955018500159383166e-02,-3.192610486930814417e+01
7.203343333333333015e+09,-9.979084531660475932e-02,-3.197021033072276452e+01
7.203406666666666985e+09,-1.283079718725588236e-01,-3.202259225837899237e+01
7.203470000000000000e+09,-9.580710743783527050e-02,-3.201395619504420864e+01
7.203533333333333015e+09,-3.293785493332279657e-02,-3.197495174363930559e+01
7.203596666666666985e+09,-1.437797872382482467e-01,-3.210965847704450482e+01
7.203660000000000000e+09,-7.305775313749052202e-02,-3.206280124404369047e+01
7.203723333333333015e+09,-1.183538399141639275e-01,-3.213196213191996975e+01
7.203786666666666985e+09,-1.030167049378647448e-01,-3.214048979804394435e+01
7.203850000000000000e+09,-6.013066160267754867e-02,-3.212146855580869698e+01
7.203913333333333015e+09,-8.799676413104151607e-02,-3.217319945943700787e+01
7.203976666666666985e+09,-8.981077557574934644e-02,-3.219887827198165553e+01
7.204040000000000000e+09,-5.806403828606221396e-02,-3.219099633579190822e+01
7.204103333333333015e+09,-5.177821656578629472e-02,-3.220857531517157213e+01
7.204166666666666985e+09,-7.530171335908164565e-02,-3.225596361306480730e+01
7.204230000000000000e+09,-1.109752771334058252e-01,-3.231550197793907842e+01
7.204293333333333015e+09,-1.048647237945843358e-01,-3.233325622570019675e+01
7.204356666666666985e+09,-1.405857826190270998e-01,-3.239284208562491330e+01
7.204420000000000000e+09,-1.733690186239513764e-01,-3.244949012272944344e+01
7.204483333333333015e+09,-1.272666846375187788e-01,-3.242725258984295067e+01
7.204546666666666985e+09,-1.092828442823119417e-01,-3.243313355058802472e+01
7.204610000000000000e+09,-5.993292203328337564e-02,-3.240764842943860202e+01
7.204673333333333015e+09,2.243163004651904657e-02,-3.234914867845873943e+01
7.204736666666666985e+09,8.957058430087982970e-02,-3.230587452530465242e+01
7.204800000000000000e+09,-1.268635890606475414e-01,-3.254617349976578566e+01
7.204863333333333015e+09,-7.711507744661361130e-02,-3.252028978925169866e+01
7.204926666666666985e+09,-8.652603363496069733e-02,-3.255356554654031953e+01
7.204990000000000000e+09,-1.931596513736835163e-01,-3.268406396537864822e+01
7.205053333333333015e+09,-4.915877280885894152e-02,-3.256392788791376347e+01
7.205116666666666985e+09,-1.553979920975550044e-01,-3.269403190830274042e+01
7.205180000000000000e+09,-1.977096565269818029e-01,-3.276020837383210704e+01
7.205243333333333015e+09,-2.072722355913541037e-01,-3.279363575399608521e+01
7.205306666666666985e+09,-1.015646114350872153e-01,-3.271179293094009211e+01
7.205370000000000000e+09,-1.448429585751753734e-01,-3.277893607918012009e+01
7.205433333333333015e+09,-9.692593160142592978e-02,-3.275488385330597652e+01
7.205496666666666985e+09,-7.809190170848268053e-02,-3.275991462451331415e+01
7.205560000000000000e+09,-1.519257293543745391e-01,-3.285761325325914584e+01
7.205623333333333015e+09,-1.259015554277667093e-01,-3.285545388043214388e+01
7.205686666666666985e+09,-2.003904315981230866e-01,-3.295380755770277403e+01
7.205750000000000000e+09,-1.152604743279184163e-01,-3.289254240153251629e+01
7.205813333333333015e+09,-8.995886526304275321e-02,-3.289110559356758046e+01
7.205876666666666985e+09,-1.769753424956732601e-01,-3.300198687190015079e+01
7.205940000000000000e+09,-1.795683598515864787e-01,-3.302844469035600383e+01
7.206003333333333015e+09,-2.609659681935312392e-01,-3.313370709979788842e+01
7.206066666666666985e+09,-2.712163325325960272e-01,-3.316782226523690014e+01
7.206130000000000000e+09,-2.527477184153212875e-01,-3.317321845221956522e+01
7.206193333333333015e+09,-1.189935455735238179e-01,-3.306332908047770758e+01
7.206256666666666985e+09,-2.460533058249154692e-01,-3.321425364182937301e+01
7.206320000000000000e+09,-1.299562562138163457e-01,-3.312202139331787976e+01
7.206383333333333015e+09,-1.906903946843812037e-01,-3.320662033288839154e+01
7.206446666666666985e+09,2.916776040293882488e-01,-3.274811713527489587e+01
7.206510000000000000e+09,3.155286040296161332e-01,-3.274813093637427386e+01
7.206573333333333015e+09,1.916948129752498176e-01,-3.289582952852858000e+01
7.206636666666666985e+09,2.692856119279696259e-01,-3.284210353067613397e+01
7.206700000000000000e+09,1.670352055018256010e-01,-3.296821873820189097e+01
7.206763333333333015e+09,1.853168690658222317e-01,-3.297380187573783417e+01
7.206826666666666985e+09,1.716756754369299642e-01,-3.301130787046700021e+01
7.206890000000000000e+09,3.604314815228093494e-02,-3.317080519885125511e+01
7.206953333333333015e+09,8.787942783918367695e-02,-3.314283372026429220e+01
7.207016666666666985e+09,9.743660479256277540e-02,-3.315714134441119398e+01
7.207080000000000000e+09,5.833349726616887665e-02,-3.322010925303752771e+01
7.207143333333333015e+09,1.245744684676992620e-01,-3.317773308293560319e+01
7.207206666666666985e+09,5.384295680299544529e-02,-3.327232939570058079e+01
7.207270000000000000e+09,2.793237509432344723e-02,-3.332210477850919261e+01
7.207333333333333015e+09,-2.748576717732476027e-02,-3.340138772188045380e+01
7.207396666666666985e+09,9.104130395193976710e-03,-3.338866262540820884e+01
7.207460000000000000e+09,-4.766442742010212896e-04,-3.342210820117754366e+01
7.207523333333333015e+09,3.277805552250612209e-02,-3.341271830248044239e+01
7.207586666666666985e+09,9.043152521685016154e-02,-3.337892963388637213e+01
7.207650000000000000e+09,-5.357751317375658573e-02,-3.354680347337692581e+01
7.207713333333333015e+09,-2.201455796766538242e-02,-3.353910531927077443e+01
7.207776666666666985e+09,9.392199585086302704e-03,-3.353156336281796257e+01
7.207840000000000000e+09,-3.688652907185030472e-02,-3.360170689257483900e+01
7.207903333333333015e+09,-6.671985699761506794e-02,-3.365540502160054359e+01
7.207966666666666985e+09,3.964573809646765312e-03,-3.360858539189322869e+01
7.208030000000000000e+09,2.321485760605668247e-02,-3.361319990919675860e+01
7.208093333333333015e+09,-5.642484761226995715e-02,-3.371670441551502506e+01
7.208156666666666985e+09,7.464925167512603821e-02,-3.360949511732756889e+01
7.208220000000000000e+09,-3.548320340858879263e-02,-3.374349237351122355e+01
7.208283333333333015e+09,-2.323113753283934102e-02,-3.375510510873542103e+01
7.208346666666666985e+09,3.866515749231780319e-02,-3.371707361481053766e+01
7.208410000000000000e+09,8.302820281365086430e-02,-3.369657537058881047e+01
7.208473333333333015e+09,-5.593918571224776315e-02,-3.385940756021464892e+01
7.208536666666666985e+09,-3.384612775990092359e-02,-3.386117930336257587e+01
7.208600000000000000e+09,-1.192644702934586576e-02,-3.386312442373163378e+01
7.208663333333333015e+09,-2.370256192064346124e-02,-3.389876533972287120e+01
7.208726666666666985e+09,5.080262303134475133e-02,-3.384812495587115677e+01
7.208790000000000000e+09,-2.396485819085114599e-02,-3.394675723819295854e+01
7.208853333333333015e+09,-4.270414696211588534e-02,-3.398936132806416310e+01
7.208916666666666985e+09,4.206171769749289524e-02,-3.392846026450483521e+01
7.208980000000000000e+09,-7.251702136130688814e-04,-3.399511195351588100e+01
7.209043333333333015e+09,-1.606985523078208189e-02,-3.403432143963265588e+01
7.209106666666666985e+09,-4.029474402919674958e-03,-3.404614585990506725e+01
7.209170000000000000e+09,5.280973713909276057e-02,-3.401317144946299464e+01
7.209233333333333015e+09,-6.853424141610275910e-03,-3.409669941184331066e+01
7.209296666666666985e+09,-1.445917314688145439e-01,-3.425830252027078870e+01
7.209360000000000000e+09,-7.648859029332299997e-02,-3.421406418019523699e+01
7.209423333333333015e+09,2.088534914150841360e-02,-3.414055504186001144e+01
7.209486666666666985e+09,-2.128858422126000960e-02,-3.420659377632305365e+01
7.209550000000000000e+09,2.159067917099122269e-02,-3.418757931403074934e+01
7.209613333333333015e+09,1.395584679071504297e-02,-3.421907894751096535e+01
7.209676666666666985e+09,-8.249113189679491143e-02,-3.433939072729841513e+01
7.209740000000000000e+09,-1.614343813717766807e-02,-3.429690783463873771e+01
7.209803333333333015e+09,4.350102725001647741e-02,-3.426112817035148339e+01
7.209866666666666985e+09,-7.989148659243028305e-02,-3.440838548529387708e+01
7.209930000000000000e+09,-9.580324987952337779e-02,-3.444816204968091000e+01
7.209993333333333015e+09,-5.444130516457335034e-02,-3.443066490606589980e+01
7.210056666666666985e+09,-3.580446791345792690e-02,-3.443589286991472420e+01
7.210120000000000000e+09,-4.328715786056847037e-02,-3.446724036096177457e+01
7.210183333333333015e+09,-3.392430800464296681e-02,-3.448174231220579600e+01
7.210246666666666985e+09,-9.731311201898762420e-02,-3.456899591732041443e+01
7.210310000000000000e+09,3.520262927169426348e-02,-3.446034497712933842e+01
7.210373333333333015e+09,-1.472628187139477518e-01,-3.466667522621492026e+01
7.210436666666666985e+09,1.896784280640417819e-02,-3.452430936579484921e+01
7.210500000000000000e+09,-8.557959191909958463e-02,-3.465272160161995885e+01
7.210563333333333015e+09,-6.387023304640848664e-02,-3.465487704384720757e+01
7.210626666666666985e+09,5.612227582172124585e-02,-3.455874933607935162e+01
7.210690000000000000e+09,7.716115119853839133e-02,-3.456157526180214035e+01
7.210753333333333015e+09,-1.315248251421508030e-02,-3.467575369661483364e+01
7.210816666666666985e+09,-7.506351233237751330e-02,-3.476152952753327696e+01
7.210880000000000000e+09,-7.439110015159400291e-02,-3.478472191645243328e+01
7.210943333333333015e+09,-5.479522284836946255e-02,-3.478899084024881461e+01
7.211006666666666985e+09,-3.097572374788626348e-02,-3.478903614224860519e+01
7.211070000000000000e+09,-8.117626338138705933e-02,-3.486310148298205291e+01
7.211133333333333015e+09,-2.951320493755105190e-02,-3.483530322563782278e+01
7.211196666666666985e+09,-6.344481121197986795e-02,-3.489309963301252537e+01
7.211260000000000000e+09,5.526510582599541976e-02,-3.479825451707448991e+01
7.211323333333333015e+09,-2.476715494209003054e-02,-3.490215157894218123e+01
7.211386666666666985e+09,2.646925232728847277e-02,-3.487477997277308361e+01
7.211450000000000000e+09,2.425700562520205494e-02,-3.490085702057510986e+01
7.211513333333333015e+09,3.531130578520702556e-02,-3.491366752151504471e+01
7.211576666666666985e+09,-7.489955952242866033e-02,-3.504774318792262022e+01
7.211640000000000000e+09,-5.739726408364731469e-03,-3.500244815590849612e+01
7.211703333333333015e+09,-2.828980838736327996e-02,-3.504886303898744160e+01
7.211766666666666985e+09,-2.129921282545410577e-02,-3.506573724452547225e+01
7.211830000000000000e+09,-6.366858323321622493e-02,-3.513197141603317419e+01
7.211893333333333015e+09,3.859174813047872021e-02,-3.505357588576941907e+01
7.211956666666666985e+09,-4.524516953242851969e-02,-3.516127760453226614e+01
7.212020000000000000e+09,-2.028224177938398043e-02,-3.516017947787916853e+01
7.212083333333333015e+09,-5.167600895522639348e-02,-3.521543804615495077e+01
7.212146666666666985e+09,-6.620136155253675270e-02,-3.525382819985253491e+01
7.212210000000000000e+09,-2.715432073022583381e-02,-3.523864596012982986e+01
7.212273333333333015e+09,-3.372714448646974006e-02,-3.526908358498601359e+01
7.212336666666666985e+09,-7.658192215335191122e-02,-3.533580316375317665e+01
7.212400000000000000e+09,-4.744357896918671713e-02,-3.533052962166861732e+01
7.212463333333333015e+09,-4.795960795032527813e-02,-3.535491045174969571e+01
7.212526666666666985e+09,-7.201109842737452027e-02,-3.540282674332701873e+01
7.212590000000000000e+09,-3.409180282383772465e-02,-3.538877224882308781e+01
7.212653333333333015e+09,2.052377329086141344e-03,-3.537649286977011087e+01
7.212716666666666985e+09,-3.796781374084901017e-02,-3.544037786194031980e+01
7.212780000000000000e+09,-5.542369829189652819e-02,-3.548169854759130715e+01
7.212843333333333015e+09,-1.026778800486596310e-01,-3.555281753044767612e+01
7.212906666666666985e+09,-9.386079830651539169e-02,-3.556786524980580566e+01
7.212970000000000000e+09,-2.612293385761432774e-02,-3.552399218645685153e+01
7.213033333333333015e+09,-1.199646618485843419e-01,-3.564169871554742741e+01
7.213096666666666985e+09,-1.906202574941744388e-01,-3.573621911229329129e+01
7.213160000000000000e+09,6.610243070532817455e-02,-3.550336122519372850e+01
7.213223333333333015e+09,-2.362999540664389997e-02,-3.561695845240530645e+01
7.213286666666666985e+09,4.666920765068027777e-03,-3.561252633733387540e+01
7.213350000000000000e+09,-3.154166558176285662e-02,-3.567259972478064611e+01
7.213413333333333015e+09,5.770927370153344782e-02,-3.560721358659728963e+01
7.213476666666666985e+09,-3.255314988301449830e-03,-3.569204297638706436e+01
7.213540000000000000e+09,6.524766194685582832e-02,-3.564740480055184690e+01
7.213603333333333015e+09,-7.707055284775776727e-02,-3.581358781644640743e+01
7.213666666666666985e+09,-6.431454787334445200e-02,-3.582469661257193394e+01
7.213730000000000000e+09,-3.151698091841126370e-02,-3.581576384671694058e+01
7.213793333333333015e+09,1.020894753659717935e-02,-3.579790271936187196e+01
7.213856666666666985e+09,-1.891169181576302094e-01,-3.602109338615603917e+01
7.213920000000000000e+09,-1.799541372865576250e-02,-3.587383668282701166e+01
7.213983333333333015e+09,3.100845467083246376e-02,-3.584869761552746326e+01
7.214046666666666985e+09,-4.694514520720360906e-02,-3.595051601650577311e+01
7.214110000000000000e+09,-1.050357452232830724e-01,-3.603247141762145844e+01
7.214173333333333015e+09,-1.921282772055832311e-02,-3.597051330121867352e+01
7.214236666666666985e+09,-1.436132475510021322e-02,-3.598952659935349629e+01
7.214300000000000000e+09,-1.037703224765209598e-01,-3.610280039817452291e+01
7.214363333333333015e+09,-6.748699452803208487e-02,-3.609038187132597386e+01
7.214426666666666985e+09,9.898170785077553546e-02,-3.594777797004744002e+01
7.214490000000000000e+09,-4.286797093539718162e-02,-3.611349244993321861e+01
7.214553333333333015e+09,2.439161421969515686e-02,-3.607009766587807320e+01
7.214616666666666985e+09,-1.277295256050621219e-01,-3.624608360680310426e+01
7.214680000000000000e+09,2.752124021305490942e-02,-3.611469764208492705e+01
7.214743333333333015e+09,-4.140682849751442518e-04,-3.616649775168256298e+01
7.214806666666666985e+09,4.164098576252683870e-02,-3.614830749873534188e+01
7.214870000000000000e+09,-4.768658647083157121e-02,-3.626149987206864012e+01
7.214933333333333015e+09,-3.152590744622330021e-02,-3.626920399414363771e+01
7.214996666666666985e+09,-5.840673628087245106e-02,-3.631994962407856065e+01
7.215060000000000000e+09,-3.919853628057268224e-02,-3.632460622517820070e+01
7.215123333333333015e+09,2.805199039717365395e-02,-3.628122049960006024e+01
7.215186666666666985e+09,-2.993930580416304110e-02,-3.636307659690167782e+01
7.215250000000000000e+09,-1.695248605340538006e-02,-3.637395457825085998e+01
7.215313333333333015e+09,6.165067119719225275e-02,-3.631921622209986822e+01
7.215376666666666985e+09,-6.185753822038009275e-02,-3.646658923261771434e+01
7.215440000000000000e+09,-1.376370692280914909e-02,-3.644236020242009033e+01
7.215503333333333015e+09,1.481389027080126652e-02,-3.643764740632641974e+01
7.215566666666666985e+09,1.683967894812354871e-02,-3.645948641874903728e+01
7.215630000000000000e+09,6.971037570011162643e-03,-3.649321986122708950e+01
7.215693333333333015e+09,-8.602914657188165393e-02,-3.661008484646892214e+01
7.215756666666666985e+09,1.471160239090352206e-02,-3.653320889860608389e+01
7.215820000000000000e+09,-5.302482391478235968e-02,-3.662481012601170960e+01
7.215883333333333015e+09,-2.308323644162157962e-02,-3.661873333963848864e+01
7.215946666666666985e+09,-9.244356795567654217e-02,-3.671195847225281739e+01
7.216010000000000000e+09,-1.054997578621197363e-02,-3.665392968118295869e+01
7.216073333333333015e+09,-9.318588137648475822e-02,-3.676043038787317840e+01
7.216136666666666985e+09,-7.844483490129050551e-02,-3.676955414249825793e+01
7.216200000000000000e+09,-1.276110272262087619e-02,-3.672773521141919417e+01
7.216263333333333015e+09,-4.375841796395718575e-03,-3.674321475159290884e+01
7.216326666666666985e+09,3.453659612006276802e-03,-3.675925005128478062e+01
7.216390000000000000e+09,-8.309586962077730732e-03,-3.679487809895847761e+01
7.216453333333333015e+09,-1.094158143808527939e-01,-3.691984912747719250e+01
7.216516666666666985e+09,-8.773351641554683056e-02,-3.692203163061216031e+01
7.216580000000000000e+09,-5.700781649863984057e-02,-3.691517073179519315e+01
7.216643333333333015e+09,-2.603435247051066881e-02,-3.690806206886666985e+01
7.216706666666666985e+09,4.332694942515047387e-02,-3.686256556807128959e+01
7.216770000000000000e+09,-7.654657883450965983e-02,-3.700630389743088955e+01
7.216833333333333015e+09,4.870830782856216956e-03,-3.694875128891312954e+01
7.216896666666666985e+09,-4.248083739027919137e-02,-3.701996775818653873e+01
7.216960000000000000e+09,-4.955221199542592103e-02,-3.705090393389162529e+01
7.217023333333333015e+09,4.369329224305573689e-02,-3.698152323075275660e+01
7.217086666666666985e+09,-4.927703802449201476e-02,-3.709835836212057814e+01
7.217150000000000000e+09,-9.866193013741053619e-02,-3.717160805533343648e+01
7.217213333333333015e+09,-1.153890297222659456e-01,-3.721219995601789776e+01
7.217276666666666985e+09,-7.762143794140285991e-02,-3.719829716533730846e+01
7.217340000000000000e+09,-1.233028298158700409e-02,-3.715687081147743953e+01
7.217403333333333015e+09,-1.472416781155061472e-03,-3.716987774637694741e+01
7.217466666666666985e+09,7.319425947682134392e-02,-3.711907587121891083e+01
7.217530000000000000e+09,2.742739619397838169e-02,-3.718870753560169362e+01
7.217593333333333015e+09,2.766301386892422443e-02,-3.721233671902668760e+01
7.217656666666666985e+09,3.871436984250209434e-02,-3.722515016415305666e+01
7.217720000000000000e+09,-5.985575253468766732e-02,-3.734758508763018625e+01
7.217783333333333015e+09,-3.683935307194019515e-03,-3.731527807150263243e+01
7.217846666666666985e+09,-5.329837943040161008e-02,-3.738875731672611380e+01
7.217910000000000000e+09,-2.932746475003966680e-02,-3.738865120314535773e+01
7.217973333333333015e+09,1.951837387117905109e-03,-3.738123670210814709e+01
7.218036666666666985e+09,-3.118627698980702689e-02,-3.743823961758534580e+01
7.218100000000000000e+09,-9.460294245349842868e-02,-3.752552108414864307e+01
7.218163333333333015e+09,-9.513010143686528863e-02,-3.754991304423194975e+01
7.218226666666666985e+09,-2.544409407222758546e-02,-3.750409183796759294e+01
7.218290000000000000e+09,-9.277062587591444753e-02,-3.759528317087088567e+01
7.218353333333333015e+09,-5.893789346618660829e-02,-3.758531523956109766e+01
7.218416666666666985e+09,1.289635573499907650e-01,-3.742127858984519406e+01
7.218480000000000000e+09,2.168988444975639140e-02,-3.755241706384503431e+01
7.218543333333333015e+09,-4.880266351454309870e-02,-3.764677441290927362e+01
7.218606666666666985e+09,-6.313933853385833572e-02,-3.768497588902886974e+01
7.218670000000000000e+09,-4.282855857133682775e-02,-3.768852991016628806e+01
7.218733333333333015e+09,-1.704314274173484023e-01,-3.783999758011190551e+01
7.218796666666666985e+09,-6.843213755816890398e-02,-3.776186309135299979e+01
7.218860000000000000e+09,4.996774308356322081e-02,-3.766732801181121459e+01
7.218923333333333015e+09,-7.393810643741005606e-03,-3.774855436663812469e+01
7.218986666666666985e+09,8.558720748719395033e-02,-3.767943814960746352e+01
7.219050000000000000e+09,-1.161605648951535841e-02,-3.780050621468411265e+01
7.219113333333333015e+09,-9.470260485440462617e-02,-3.790745756414860779e+01
7.219176666666666985e+09,-8.613888778930345325e-02,-3.792275864818378750e+01
7.219240000000000000e+09,1.369301518039378607e-02,-3.784679154631403009e+01
7.219303333333333015e+09,-8.702376730216343503e-02,-3.797137312989652713e+01
7.219366666666666985e+09,-7.083481746293784909e-02,-3.797904898115724137e+01
7.219430000000000000e+09,-6.795691623428012917e-02,-3.800003588102852348e+01
7.219493333333333015e+09,-3.068465200978920393e-02,-3.798662841790397948e+01
7.219556666666666985e+09,-5.183798999732402990e-02,-3.803164655699145413e+01
7.219620000000000000e+09,-1.233749068905609647e-02,-3.801601085878312603e+01
7.219683333333333015e+09,-1.442871265002736436e-01,-3.817182529569428340e+01
7.219746666666666985e+09,-7.254887186947200917e-02,-3.812395184216375554e+01
7.219810000000000000e+09,3.605986695825436072e-02,-3.803920790443564215e+01
7.219873333333333015e+09,-5.518258459171931918e-02,-3.815431515708555565e+01
7.219936666666666985e+09,-1.138726591255689868e-01,-3.823687003271967910e+01
7.220000000000000000e+09,6.751405098616913847e-02,-3.807934812370754685e+01
7.220063333333333015e+09,-1.218008469919595882e-02,-3.818290706049285177e+01
7.220126666666666985e+09,-1.627797451930490524e-02,-3.821086975141324160e+01
7.220190000000000000e+09,-8.279578608431137354e-02,-3.830125236407785394e+01
7.220253333333333015e+09,-2.172055915064419196e-02,-3.826404193824412658e+01
7.220316666666666985e+09,-3.527317331643331499e-02,-3.830145935351018949e+01
7.220380000000000000e+09,-3.405266818246133198e-02,-3.832410364947582337e+01
7.220443333333333015e+09,-3.620134184775736230e-02,-3.835011712424105923e+01
7.220506666666666985e+09,-4.493228012427863405e-02,-3.838271286361786139e+01
7.220570000000000000e+09,-1.507357619131965976e-02,-3.837671896078484224e+01
7.220633333333333015e+09,-7.513286145831443719e-02,-3.846064304715144289e+01
7.220696666666666985e+09,2.178778740867670649e-02,-3.838758719938472552e+01
7.220760000000000000e+09,-8.735401115921348492e-02,-3.852059379905256264e+01
7.220823333333333015e+09,-1.487333137647226522e-01,-3.860583790275767768e+01
7.220886666666666985e+09,-7.389015833677348155e-02,-3.855485954843000229e+01
7.220950000000000000e+09,-4.782529695742709919e-02,-3.855265948815059573e+01
7.221013333333333015e+09,-1.275268893834891060e-03,-3.852997426118660940e+01
7.221076666666666985e+09,8.485284823487404537e-02,-3.846771094515818135e+01
7.221140000000000000e+09,-3.317403246793304561e-02,-3.860960262696092826e+01
7.221203333333333015e+09,-1.279272319045077211e-02,-3.861308611878338581e+01
7.221266666666666985e+09,-7.887693598289047259e-02,-3.870303513267576534e+01
7.221330000000000000e+09,-3.941088136636494710e-02,-3.868743387915917964e+01
7.221393333333333015e+09,-7.408126716202190210e-02,-3.874596906605478353e+01
7.221456666666666985e+09,-9.122364385157055722e-02,-3.878697624384427201e+01
7.221520000000000000e+09,-8.844899752887869226e-02,-3.880806639862151997e+01
7.221583333333333015e+09,-1.006638227937912689e-01,-3.884414602498637237e+01
7.221646666666666985e+09,1.178095513452603882e-02,-3.875556604815799489e+01
7.221710000000000000e+09,-6.075802012303199717e-02,-3.885196982451549985e+01
7.221773333333333015e+09,-7.030505623814775618e-02,-3.888538166173055544e+01
7.221836666666666985e+09,-5.031104127455421349e-02,-3.888925244786723567e+01
7.221900000000000000e+09,-1.150667794930839705e-01,-3.897787298718537130e+01
7.221963333333333015e+09,-1.032145580830317044e-01,-3.898988556687525886e+01
7.222026666666666985e+09,-9.634484881115668031e-02,-3.900688065870366472e+01
7.222090000000000000e+09,-4.675368372015498153e-02,-3.898115429471226889e+01
7.222153333333333015e+09,-1.174743910976872030e-02,-3.897001285120182246e+01
7.222216666666666985e+09,-2.540154492459834046e-02,-3.900753175811692586e+01
7.222280000000000000e+09,2.909265800324334350e-02,-3.897690235628869004e+01
7.222343333333333015e+09,2.046155798337423448e-02,-3.900939825740850608e+01
7.222406666666666985e+09,-2.911657500249731356e-02,-3.908284119149465141e+01
7.222470000000000000e+09,-4.194705291969569316e-02,-3.911953647051178962e+01
7.222533333333333015e+09,-1.522850339388526208e-02,-3.911668272208558506e+01
7.222596666666666985e+09,5.581841868355752467e-03,-3.911973717792361782e+01
7.222660000000000000e+09,2.565191129098565170e-02,-3.912353190960093485e+01
7.222723333333333015e+09,-1.494795183458563770e-02,-3.918799657382611201e+01
7.222786666666666985e+09,1.438415844876317351e-02,-3.918252926464303698e+01
7.222850000000000000e+09,-8.799441850671030352e-02,-3.930877264269845028e+01
7.222913333333333015e+09,8.927152913663860545e-03,-3.923571587237768199e+01
7.222976666666666985e+09,-1.154216184625624919e-01,-3.938392944485418923e+01
7.223040000000000000e+09,-4.849368309874790839e-02,-3.934086631059031447e+01
7.223103333333333015e+09,-1.219700050109793210e-01,-3.943820743360248571e+01
7.223166666666666985e+09,-1.238678871373366519e-02,-3.935248901840517988e+01
7.223230000000000000e+09,1.672219433431365587e-02,-3.934724483645707238e+01
7.223293333333333015e+09,-1.263710308055721043e-02,-3.940046893497189018e+01
7.223356666666666985e+09,-8.250211425650633146e-02,-3.949419874724777912e+01
7.223420000000000000e+09,-2.485142437098630808e-02,-3.946041285846219893e+01
7.223483333333333015e+09,-5.813012924667049219e-02,-3.951755636443782294e+01
7.223546666666666985e+09,-1.835116445389672890e-02,-3.950164220074498900e+01
7.223610000000000000e+09,-8.260709856921266692e-02,-3.958976293596025187e+01
7.223673333333333015e+09,7.763235304253157665e-03,-3.952325740318672587e+01
7.223736666666666985e+09,-5.681647565570813185e-02,-3.961170191524696094e+01
7.223800000000000000e+09,-6.595041249112654214e-02,-3.964470065318198522e+01
7.223863333333333015e+09,4.195030324072490657e-02,-3.956066473855007359e+01
7.223926666666666985e+09,-6.520622276033805065e-02,-3.969168606565141744e+01
7.223990000000000000e+09,-1.589313605902731297e-01,-3.980927600458095839e+01
7.224053333333333015e+09,-1.512542947932047355e-01,-3.982546373988382982e+01
7.224116666666666985e+09,-3.147559147206635544e-02,-3.972954983766296522e+01
7.224180000000000000e+09,-2.177820114512485361e-02,-3.974371724843562959e+01
7.224243333333333015e+09,-3.707532671434421445e-02,-3.978287917510479588e+01
7.224306666666666985e+09,1.683589142154318097e-02,-3.975283275806918226e+01
7.224370000000000000e+09,-7.338653861847177495e-02,-3.986691998920913704e+01
7.224433333333333015e+09,4.010647394927957521e-03,-3.981338760429534318e+01
7.224496666666666985e+09,-1.461015603221937909e-01,-3.998736461311274581e+01
7.224560000000000000e+09,1.439570472779649890e-02,-3.985073214916269535e+01
7.224623333333333015e+09,-1.487794113995448697e-01,-4.003777206638964259e+01
7.224686666666666985e+09,4.756402830813755145e-02,-3.986529342778223395e+01
7.224750000000000000e+09,-1.077101063137746451e-01,-4.004443236350408597e+01
7.224813333333333015e+09,-8.188305570711662540e-02,-4.004247011399703382e+01
7.224876666666666985e+09,-9.571957416852683309e-03,-3.999402381680705076e+01
7.224940000000000000e+09,5.230108976938652177e-03,-4.000308655151319925e+01
7.225003333333333015e+09,-3.919761443425784364e-02,-4.007137907602433557e+01
7.225066666666666985e+09,4.362118519694035967e-02,-4.001242507749307720e+01
7.225130000000000000e+09,-1.076885925974195857e-01,-4.018759965638738407e+01
7.225193333333333015e+09,5.324221448928057043e-02,-4.005053365040062374e+01
7.225256666666666985e+09,-1.054477049595305971e-01,-4.023308837094937473e+01
7.225320000000000000e+09,-9.578427018278290461e-02,-4.024728973727256687e+01
7.225383333333333015e+09,-4.408581674809397555e-02,-4.021945608493781776e+01
7.225446666666666985e+09,-1.123825966416731603e-01,-4.031161766593134388e+01
7.225510000000000000e+09,3.296467667342994901e-02,-4.019013519371618059e+01
7.225573333333333015e+09,2.162935301932122911e-02,-4.022533531847022914e+01
7.225636666666666985e+09,-4.023573744466801827e-02,-4.031106521003449217e+01
7.225700000000000000e+09,-7.892028155272612366e-02,-4.037361455524215614e+01
7.225763333333333015e+09,1.282468641691281164e-02,-4.030573438837246414e+01
7.225826666666666985e+09,-1.221653455851381409e-01,-4.046458922147478887e+01
7.225890000000000000e+09,-2.456552573204362488e-02,-4.039085420272130023e+01
7.225953333333333015e+09,1.567790777635025279e-03,-4.038858568731156140e+01
7.226016666666666985e+09,-9.715358086475589516e-02,-4.051117186005422610e+01
7.226080000000000000e+09,-1.386657667587058995e-01,-4.057654884704778908e+01
7.226143333333333015e+09,-6.286410703813771761e-02,-4.052461198842716072e+01
7.226206666666666985e+09,-2.387774727637292926e-02,-4.050949042976566972e+01
7.226270000000000000e+09,-5.455125019920359364e-02,-4.056402873378844021e+01
7.226333333333333015e+09,4.185959200910360778e-02,-4.049148269267973888e+01
7.226396666666666985e+09,-4.186166440916849751e-03,-4.056139325223004022e+01
7.226460000000000000e+09,-7.248945945345042219e-02,-4.065356134634251362e+01
7.226523333333333015e+09,-6.226863848736030604e-02,-4.066720532647602937e+01
7.226586666666666985e+09,-1.452464767690457847e-01,-4.077404796585798863e+01
7.226650000000000000e+09,-2.158172724684703780e-02,-4.067424801743572971e+01
7.226713333333333015e+09,-4.554620534722175762e-02,-4.072207729663571740e+01
7.226776666666666985e+09,-5.435093874589824736e-02,-4.075474683113466767e+01
7.226840000000000000e+09,-5.032804248765643251e-02,-4.077458873597636568e+01
7.226903333333333015e+09,-1.579933374025515036e-01,-4.090611883199120058e+01
7.226966666666666985e+09,-1.139632843698947795e-01,-4.088595358005848368e+01
7.227030000000000000e+09,-6.260770423681805141e-02,-4.085846280102535388e+01
7.227093333333333015e+09,-1.491726610549761745e-01,-4.096889255894345183e+01
7.227156666666666985e+09,-9.013064631320588660e-02,-4.093371534530162137e+01
7.227220000000000000e+09,3.292425555851252739e-02,-4.083452524452984278e+01
7.227283333333333015e+09,-7.526446720581247973e-02,-4.096657876839410761e+01
7.227346666666666985e+09,9.357650212807300250e-02,-4.082160260016016906e+01
7.227410000000000000e+09,-9.232287685820494971e-02,-4.103136678024638684e+01
7.227473333333333015e+09,9.364600524015997962e-02,-4.086926269924796173e+01
7.227536666666666985e+09,-5.468447883630034312e-02,-4.104145798442469584e+01
7.227600000000000000e+09,-4.769213815681183632e-02,-4.105833044484481320e+01
7.227663333333333015e+09,-2.750141142109185921e-02,-4.106200451920904015e+01
7.227726666666666985e+09,-6.789648144864202095e-02,-4.112626439033686410e+01
7.227790000000000000e+09,-1.395578907946060099e-03,-4.108362828889577401e+01
7.227853333333333015e+09,-5.046432208938966824e-02,-4.115656183317715744e+01
7.227916666666666985e+09,-3.856721065978518936e-02,-4.116852952284783385e+01
7.227980000000000000e+09,-2.384747823465716010e-02,-4.117767459152231169e+01
7.228043333333333015e+09,-7.437256199992248185e-02,-4.125206447638751683e+01
7.228106666666666985e+09,-4.590102969517317888e-02,-4.124745774518304131e+01
7.228170000000000000e+09,-2.392333121260037387e-02,-4.124934484780040833e+01
7.228233333333333015e+09,-1.309845094678223631e-01,-4.138027082715523619e+01
7.228296666666666985e+09,-3.027533891375355779e-02,-4.130342645770144827e+01
7.228360000000000000e+09,-1.283008012860449298e-01,-4.142531672117367947e+01
7.228423333333333015e+09,-7.877553716504337444e-02,-4.139965625815228378e+01
7.228486666666666985e+09,-1.483158705620724049e-02,-4.135957710914372143e+01
7.228550000000000000e+09,-2.442025969869092705e-01,-4.161281292017436328e+01
7.228613333333333015e+09,-1.356421878477647169e-01,-4.152811731213483171e+01
7.228676666666666985e+09,-1.557631886384314157e-02,-4.143191624425118391e+01
7.228740000000000000e+09,-1.141237849926213244e-01,-4.155432851147990192e+01
7.228803333333333015e+09,-2.149274447084010831e-01,-4.167899697229528755e+01
7.228866666666666985e+09,-1.572257214230461386e-01,-4.164516005011020638e+01
7.228930000000000000e+09,-1.803179124112119780e-01,-4.169211704219831915e+01
7.228993333333333015e+09,-1.269560113391463574e-01,-4.166261994222619336e+01
7.229056666666666985e+09,-9.762964084061565018e-02,-4.165715837282760248e+01
7.229120000000000000e+09,-8.823489517980220853e-02,-4.167162842826672886e+01
7.229183333333333015e+09,-4.815633437258526328e-02,-4.165541466855945174e+01
7.229246666666666985e+09,-2.535550184288126729e-02,-4.165647863712969468e+01
7.229310000000000000e+09,-1.221485444393906050e-01,-4.177713648082614384e+01
7.229373333333333015e+09,-4.553473471567315300e-02,-4.172438747220236621e+01
7.229436666666666985e+09,-1.843958126065317060e-01,-4.188711335119349854e+01
7.229500000000000000e+09,-1.199280472731203417e-01,-4.184651038695969305e+01
7.229563333333333015e+09,-1.299600057877086101e-01,-4.188040714657422825e+01
7.229626666666666985e+09,-2.643941697860583417e-01,-4.203870611167285176e+01
7.229690000000000000e+09,-1.237431442908913937e-01,-4.192191988727729068e+01
7.229753333333333015e+09,-1.581627718351370504e-01,-4.198020431592147617e+01
7.229816666666666985e+09,-2.554452094393653283e-01,-4.210135155462598533e+01
7.229880000000000000e+09,-1.849951301163770268e-01,-4.205476627640260290e+01
7.229943333333333015e+09,-3.215509303041912403e-01,-4.221518687769035694e+01
7.230006666666666985e+09,-2.441968864460264399e-01,-4.216169763493246592e+01
7.230070000000000000e+09,-1.442050922429345405e-01,-4.208557064182931384e+01
7.230133333333333015e+09,-5.014529800012326177e-01,-4.246668333068721779e+01
7.230196666666666985e+09,-2.167625237662846871e-01,-4.220585767555255075e+01
7.230260000000000000e+09,5.708304787727769281e-02,-4.195587690500892819e+01
7.230323333333333015e+09,7.991958530792757642e-01,-4.123762890090653599e+01
7.230386666666666985e+09,5.250635883269367810e-01,-4.153562596675914875e+01
7.230450000000000000e+09,2.749403293883574406e-01,-4.180961402679767502e+01
7.230513333333333015e+09,1.855889489440585294e-01,-4.192283020834157981e+01
7.230576666666666985e+09,1.931111843624577773e-01,-4.193917277402345434e+01
7.230640000000000000e+09,5.744131938381258351e-02,-4.209870744010203936e+01
7.230703333333333015e+09,1.480421538932503722e-01,-4.203197140669220744e+01
7.230766666666666985e+09,7.489772543659256598e-02,-4.212898063624914613e+01
7.230830000000000000e+09,4.644980697785427992e-02,-4.218129335580782424e+01
7.230893333333333015e+09,1.636435361121613141e-02,-4.223524361027440222e+01
7.230956666666666985e+09,7.564572441761185928e-02,-4.219982704056794631e+01
7.231020000000000000e+09,1.572286899167636420e-01,-4.214210887616873435e+01
7.231083333333333015e+09,1.841631027667034459e-01,-4.213903926441874148e+01
7.231146666666666985e+09,9.210774084251482918e-02,-4.225495942744286992e+01
7.231210000000000000e+09,5.229126927256544377e-02,-4.231864070011275913e+01
7.231273333333333015e+09,-3.822523352710049949e-04,-4.239517902282053541e+01
7.231336666666666985e+09,5.893015506776322354e-02,-4.235973141651778207e+01
7.231400000000000000e+09,1.295851341897247266e-02,-4.242956785926617869e+01
7.231463333333333015e+09,1.703046769887421874e-01,-4.229608649679634880e+01
7.231526666666666985e+09,1.680186978280318044e-01,-4.232223727705733296e+01
7.231590000000000000e+09,1.585103061014407899e-01,-4.235561046988352984e+01
7.231653333333333015e+09,7.861689603288368744e-02,-4.245936868105202677e+01
7.231716666666666985e+09,1.338204969163854230e-01,-4.242802988126880592e+01
7.231780000000000000e+09,-4.458817312389129484e-02,-4.263030335240868851e+01
7.231843333333333015e+09,1.123307754334561537e-01,-4.249724920495128089e+01
7.231906666666666985e+09,2.840945203590194978e-02,-4.260503532944910887e+01
7.231970000000000000e+09,6.489156722967237556e-02,-4.259241801535494432e+01
7.232033333333333015e+09,-5.153228476878268793e-03,-4.268632761216144189e+01
7.232096666666666985e+09,-5.059033866146478431e-03,-4.271009821865098388e+01
7.232160000000000000e+09,-4.753251355680987444e-02,-4.277643649944158710e+01
7.232223333333333015e+09,-6.171693255225818575e-02,-4.281448571953664128e+01
7.232286666666666985e+09,1.719450164310387663e-02,-4.275943908644156011e+01
7.232350000000000000e+09,-4.002718158787388347e-02,-4.284052557077247769e+01
7.232413333333333015e+09,2.335732038461912907e-02,-4.280100586989959055e+01
7.232476666666666985e+09,1.068676170760127775e-01,-4.274136037430847068e+01
7.232540000000000000e+09,2.348328208979921783e-02,-4.284860951039462407e+01
7.232603333333333015e+09,5.427491049385224642e-02,-4.284168268309017691e+01
7.232666666666666985e+09,3.947453578636839211e-02,-4.288034785889794165e+01
7.232730000000000000e+09,4.171744732123983113e-02,-4.290196974846301003e+01
7.232793333333333015e+09,4.479364629239057649e-02,-4.292275835059179911e+01
7.232856666666666985e+09,-1.795438225740753069e-02,-4.300937118024153705e+01
7.232920000000000000e+09,9.275549984778308499e-03,-4.300600604909929814e+01
7.232983333333333015e+09,4.233525598592535744e-02,-4.299681114419809091e+01
7.233046666666666985e+09,-1.031584920617163448e-01,-4.316616969334567244e+01
7.233110000000000000e+09,-6.248432108245083327e-02,-4.314936032346634676e+01
7.233173333333333015e+09,5.075871126990705307e-03,-4.310566493235684504e+01
7.233236666666666985e+09,-9.100035890043045583e-03,-4.314370564047415968e+01
7.233300000000000000e+09,-5.353362487627322253e-02,-4.321200403055999573e+01
7.233363333333333015e+09,4.343513618930217035e-02,-4.313890007059436016e+01
7.233426666666666985e+09,4.736427468561998921e-02,-4.315883573319831612e+01
7.233490000000000000e+09,-1.136608349809336005e-01,-4.334372564396447558e+01
7.233553333333333015e+09,9.515123895294408385e-02,-4.315877837113054483e+01
7.233616666666666985e+09,-6.307383078862471848e-02,-4.334086824197238741e+01
7.233680000000000000e+09,-3.338445275024071179e-02,-4.333504366503360927e+01
7.233743333333333015e+09,5.316430143048478385e-02,-4.327235971195282360e+01
7.233806666666666985e+09,8.649453498055237333e-02,-4.326289427950302979e+01
7.233870000000000000e+09,-1.247109913784072432e-03,-4.337450072549697921e+01
7.233933333333333015e+09,2.593177926110001863e-02,-4.337118663742203495e+01
7.233996666666666985e+09,-2.606139095309600862e-02,-4.344704460873650476e+01
7.234060000000000000e+09,-5.826387300394486601e-02,-4.350311189188729344e+01
7.234123333333333015e+09,-7.279331644136277646e-02,-4.354150613642431722e+01
7.234186666666666985e+09,-2.721337872255702450e-02,-4.351979099980579235e+01
7.234250000000000000e+09,4.119066554218875353e-02,-4.347525175664098640e+01
7.234313333333333015e+09,-7.572757547563924163e-02,-4.361603479875842027e+01
7.234376666666666985e+09,4.468467256601371673e-02,-4.351948735181704109e+01
7.234440000000000000e+09,2.710561433445946022e-03,-4.358532626404954868e+01
7.234503333333333015e+09,1.086174131166686152e-01,-4.350328421346593899e+01
7.234566666666666985e+09,2.610559807215651063e-02,-4.360966082961072487e+01
7.234630000000000000e+09,3.726134588632135092e-02,-4.362236988289649986e+01
7.234693333333333015e+09,3.119429161263553851e-02,-4.365230173827012550e+01
7.234756666666666985e+09,-1.636452161049106735e-02,-4.372372535259319193e+01
7.234820000000000000e+09,4.783742030375748300e-02,-4.368338821177889031e+01
7.234883333333333015e+09,-7.493025602506975247e-03,-4.376258345878509459e+01
7.234946666666666985e+09,-1.163474901379402127e-02,-4.379058998329632146e+01
7.235010000000000000e+09,2.229408215299599760e-02,-4.378052595322947127e+01
7.235073333333333015e+09,-3.413961272750754006e-02,-4.386082444920991463e+01
7.235136666666666985e+09,-1.088444571249027604e-01,-4.395939409470725678e+01
7.235200000000000000e+09,-1.379182600267370162e-02,-4.388820626468496755e+01
7.235263333333333015e+09,1.382575544369046838e-02,-4.388445348433854321e+01
7.235326666666666985e+09,-1.394156424098014213e-03,-4.392353819730660547e+01
7.235390000000000000e+09,1.225292503903574470e-04,-4.394588631273172297e+01
7.235453333333333015e+09,-2.183800980118633106e-02,-4.399171165288324659e+01
7.235516666666666985e+09,-4.803550601893391558e-02,-4.404177395020126795e+01
7.235580000000000000e+09,-1.002590644652343599e-01,-4.411786230974717427e+01
7.235643333333333015e+09,7.056820937183516662e-02,-4.397089983701004456e+01
7.235706666666666985e+09,2.678160378394522922e-03,-4.406265468710375899e+01
7.235770000000000000e+09,5.320448569378299908e-02,-4.403599316288798349e+01
7.235833333333333015e+09,-8.622830059316299867e-03,-4.412168527974102261e+01
7.235896666666666985e+09,-7.975536405481165048e-02,-4.421668261483679174e+01
7.235960000000000000e+09,-4.694874949648664142e-02,-4.420774080137840656e+01
7.236023333333333015e+09,2.449339806247508022e-03,-4.418220751317527828e+01
7.236086666666666985e+09,2.363143786568855376e-02,-4.418489021621611812e+01
7.236150000000000000e+09,-5.120023369535431357e-02,-4.428358668887710081e+01
7.236213333333333015e+09,-4.180928609206802093e-02,-4.429806054237342039e+01
7.236276666666666985e+09,-2.541484871919408306e-02,-4.430553090610082023e+01
7.236340000000000000e+09,-3.793451572239803227e-02,-4.434191537420396401e+01
7.236403333333333015e+09,-1.113539417222142447e-01,-4.443919960130338609e+01
7.236466666666666985e+09,-7.365736904652919748e-03,-4.435907619758610565e+01
7.236530000000000000e+09,4.660299013224289411e-03,-4.437091496276816827e+01
7.236593333333333015e+09,-6.034656763122114853e-02,-4.445978663051255353e+01
7.236656666666666985e+09,3.030946422690306008e-02,-4.439299539975436915e+01
7.236720000000000000e+09,-2.946704152753198969e-02,-4.447663670660875113e+01
7.236783333333333015e+09,1.693603018262876958e-01,-4.430167416435487127e+01
7.236846666666666985e+09,-7.125740872515962110e-02,-4.456615667600625841e+01
7.236910000000000000e+09,-2.340744727916899137e-02,-4.454217151566020760e+01
7.236973333333333015e+09,3.554799881479908663e-02,-4.450708087066617935e+01
7.237036666666666985e+09,-1.451157355220971112e-01,-4.471160940610302248e+01
7.237100000000000000e+09,6.331104986649904731e-03,-4.458402736669421529e+01
7.237163333333333015e+09,1.329405169951769494e-02,-4.460092922108128732e+01
7.237226666666666985e+09,-5.187322313666697937e-03,-4.464327539619474550e+01
7.237290000000000000e+09,-4.684074657205883341e-02,-4.470879362155274350e+01
7.237353333333333015e+09,-1.278441527304821079e-01,-4.481366182881111371e+01
7.237416666666666985e+09,-6.688092361976316624e-03,-4.471637056954288170e+01
7.237480000000000000e+09,-1.080676756212994860e-02,-4.474435404584264120e+01
7.237543333333333015e+09,-1.178804997564313339e-01,-4.487529257913688241e+01
7.237606666666666985e+09,-6.504682662114191771e-02,-4.484632370710187388e+01
7.237670000000000000e+09,1.767234970340325617e-02,-4.478746933187693458e+01
7.237733333333333015e+09,-5.561284697498791729e-02,-4.488461932965526557e+01
7.237796666666666985e+09,-3.491968238555642756e-02,-4.488779096616610786e+01
7.237860000000000000e+09,-8.022065024801605659e-02,-4.495695673512850732e+01
7.237923333333333015e+09,-7.604142347295805848e-02,-4.497664230945305519e+01
7.237986666666666985e+09,1.155670416284237945e-02,-4.491290898291753564e+01
7.238050000000000000e+09,2.538893251866625178e-04,-4.494807659885513118e+01
7.238113333333333015e+09,-1.743427518620208616e-01,-4.514653804114194457e+01
7.238176666666666985e+09,-2.159214466077941097e-02,-4.501765223504097690e+01
7.238240000000000000e+09,-4.662052372992775418e-02,-4.506654541521007218e+01
7.238303333333333015e+09,-6.753889517696620715e-03,-4.505054358209744692e+01
7.238366666666666985e+09,-4.481700545421318793e-02,-4.511247149913423726e+01
7.238430000000000000e+09,6.252547432103483516e-02,-4.502899382045892906e+01
7.238493333333333015e+09,-5.779218727009549639e-02,-4.517317628314999922e+01
7.238556666666666985e+09,-2.734663813055249193e-02,-4.516659553511040315e+01
7.238620000000000000e+09,4.150390689890315343e-02,-4.512160979118088733e+01
7.238683333333333015e+09,-6.689097393672227554e-02,-4.525386947311645258e+01
7.238746666666666985e+09,8.003045899453553602e-02,-4.513081284128513460e+01
7.238810000000000000e+09,1.000601968457104363e-01,-4.513464790453389952e+01
7.238873333333333015e+09,-2.159308845598673088e-03,-4.526073221132515556e+01
7.238936666666666985e+09,-2.057888954171005480e-02,-4.530301659312120677e+01
7.239000000000000000e+09,1.415415298144040435e-02,-4.529214835169799613e+01
7.239063333333333015e+09,1.020273700501874714e-01,-4.522813993572918889e+01
7.239126666666666985e+09,-6.017373762832534112e-02,-4.541420584450798259e+01
7.239190000000000000e+09,-3.417482390384662949e-02,-4.541207173188310975e+01
7.239253333333333015e+09,-9.940368471175275999e-02,-4.550116539379095570e+01
7.239316666666666985e+09,-2.280737826227152709e-02,-4.544843388844174825e+01
7.239380000000000000e+09,-7.926788149860186650e-02,-4.552875919277768446e+01
7.239443333333333015e+09,-7.000879234526280470e-02,-4.554336490472428522e+01
7.239506666666666985e+09,3.071876891151958944e-02,-4.546650214456778372e+01
7.239570000000000000e+09,-1.270391721568842058e-03,-4.552235610630047802e+01
7.239633333333333015e+09,-5.365632628299721318e-02,-4.559860684196184621e+01
7.239696666666666985e+09,5.084014409484893804e-02,-4.551797517268427384e+01
7.239760000000000000e+09,9.538320833868141335e-02,-4.549729690954038119e+01
7.239823333333333015e+09,-4.022352059116940382e-03,-4.562056727103779252e+01
7.239886666666666985e+09,1.637793996361835980e-02,-4.562403178011533100e+01
7.239950000000000000e+09,-5.887758078751659241e-02,-4.572315210196640578e+01
7.240013333333333015e+09,-6.925638119053445507e-02,-4.575739570346902951e+01
7.240076666666666985e+09,-9.096489933979512443e-02,-4.580296902271856396e+01
7.240140000000000000e+09,-1.237392367509002611e-01,-4.585960816122961603e+01
7.240203333333333015e+09,-1.799513532490948364e-02,-4.577772886090323112e+01
7.240266666666666985e+09,-2.518375023061025786e-02,-4.580878227690920568e+01
7.240330000000000000e+09,3.030977530509204598e-02,-4.577715355247344320e+01
7.240393333333333015e+09,-7.053839651192106430e-04,-4.583203351284359428e+01
7.240456666666666985e+09,-4.500114113952236039e-04,-4.585564294138981722e+01
7.240520000000000000e+09,4.581740183575533365e-02,-4.583324032924260649e+01
7.240583333333333015e+09,6.014298426399733444e-02,-4.584277954791430432e+01
7.240646666666666985e+09,2.107090013625168012e-02,-4.590571643314198980e+01
7.240710000000000000e+09,-2.910144953962401360e-02,-4.597975358391780532e+01
7.240773333333333015e+09,1.387757202031281167e-02,-4.596063936345781542e+01
7.240836666666666985e+09,-8.007031802999620140e-02,-4.607845205460806426e+01
7.240900000000000000e+09,-2.063754537047657323e-03,-4.602431029221505554e+01
7.240963333333333015e+09,-1.262170853737174525e-01,-4.617232842415166516e+01
7.241026666666666985e+09,-1.481315248254944095e-01,-4.621810766470371590e+01
7.241090000000000000e+09,6.438780240170416391e-02,-4.602945313857613030e+01
7.241153333333333015e+09,9.092265522664888522e-02,-4.602678308685112540e+01
7.241216666666666985e+09,1.573631099530103938e-02,-4.612583423218274703e+01
7.241280000000000000e+09,1.463966186749843246e-02,-4.615079568241015551e+01
7.241343333333333015e+09,-1.351244472593293722e-02,-4.620281259010353381e+01
7.241406666666666985e+09,-4.194351922579642178e-02,-4.625510846570367107e+01
7.241470000000000000e+09,-1.210540613502786300e-02,-4.624913515371250838e+01
7.241533333333333015e+09,-2.849953262125382025e-02,-4.628939408129867417e+01
7.241596666666666985e+09,-1.700464894529574167e-02,-4.630176399872298987e+01
7.241660000000000000e+09,-9.299443312014687990e-02,-4.640161858399778083e+01
7.241723333333333015e+09,-1.221607052593540743e-01,-4.645464965723659390e+01
7.241786666666666985e+09,1.664656675608000569e-02,-4.633970718632144070e+01
7.241850000000000000e+09,4.992533595753911868e-02,-4.633029321821992141e+01
7.241913333333333015e+09,8.488224588951709393e-03,-4.639559513068811469e+01
7.241976666666666985e+09,3.846788194368144786e-02,-4.638948027443365874e+01
7.242040000000000000e+09,-4.398764052095316401e-02,-4.649580059799824028e+01
7.242103333333333015e+09,-1.148852222713969695e-02,-4.648716628080403268e+01
7.242166666666666985e+09,-5.691341829872698099e-02,-4.655645597797589375e+01
7.242230000000000000e+09,1.424818434729715477e-01,-4.638092551730413504e+01
7.242293333333333015e+09,7.832471462081258551e-02,-4.646894744725590698e+01
7.242356666666666985e+09,7.492034632092270385e-02,-4.649621661665607064e+01
7.242420000000000000e+09,2.939404379507948306e-02,-4.656560772028185369e+01
7.242483333333333015e+09,-9.603145106062527248e-03,-4.662846971028293552e+01
7.242546666666666985e+09,1.863810444377378417e-02,-4.662409326183303904e+01
7.242610000000000000e+09,1.622373381840702677e-02,-4.665037243355834562e+01
7.242673333333333015e+09,-7.520928982244612371e-02,-4.676567025829914570e+01
7.242736666666666985e+09,-7.862628393962722839e-02,-4.679295205351626663e+01
7.242800000000000000e+09,-5.855507347160227027e-02,-4.679674564414818150e+01
7.242863333333333015e+09,3.326926218388592815e-02,-4.672878610959263312e+01
7.242926666666666985e+09,4.779205185625556851e-02,-4.673812812102054437e+01
7.242990000000000000e+09,-1.172090560277112559e-01,-4.692699403000411706e+01
7.243053333333333015e+09,-7.421664660068216790e-02,-4.690786642167702780e+01
7.243116666666666985e+09,-1.431084157307438431e-01,-4.700062299190736326e+01
7.243180000000000000e+09,-7.598181661812475340e-03,-4.688897755893803776e+01
7.243243333333333015e+09,2.901505477609589434e-03,-4.690234267289855552e+01
7.243306666666666985e+09,-4.104878707568104801e-02,-4.697015776655212704e+01
7.243370000000000000e+09,2.396303475598671184e-02,-4.692901074582006515e+01
7.243433333333333015e+09,-1.516117786077302299e-01,-4.712845036028372192e+01
7.243496666666666985e+09,-9.709678411304167867e-02,-4.709780016688930715e+01
7.243560000000000000e+09,-6.125505960746124856e-03,-4.703069368983695853e+01
7.243623333333333015e+09,-8.376163131529779093e-03,-4.705680914810734805e+01
7.243686666666666985e+09,-6.403049362667445621e-03,-4.707870083543875950e+01
7.243750000000000000e+09,3.868640884701335381e-02,-4.705747617832901852e+01
7.243813333333333015e+09,-7.458218883007816657e-02,-4.719460957710571591e+01
7.243876666666666985e+09,-7.322122216262272332e-02,-4.721711341153854136e+01
7.243940000000000000e+09,4.430458284168281580e-02,-4.712345240763417564e+01
7.244003333333333015e+09,2.771154198207881336e-02,-4.716391024959338552e+01
7.244066666666666985e+09,-7.305324839208537924e-04,-4.721621712515965896e+01
7.244130000000000000e+09,-1.294114606477521079e-01,-4.736876285442343004e+01
7.244193333333333015e+09,-6.443028876739731459e-02,-4.732764648364268112e+01
7.244256666666666985e+09,9.476551378941167059e-02,-4.719231548218615302e+01
7.244320000000000000e+09,-4.764063797843220982e-02,-4.735858643505393673e+01
7.244383333333333015e+09,-3.320040523821177203e-02,-4.736801100341365611e+01
7.244446666666666985e+09,-6.383461134070955723e-02,-4.742251001061609372e+01
7.244510000000000000e+09,-2.171465378629022780e-02,-4.740425485416162132e+01
7.244573333333333015e+09,-6.397924462740434137e-02,-4.747038424610267526e+01
7.244636666666666985e+09,-4.469588766975363114e-02,-4.747496569024496438e+01
7.244700000000000000e+09,-4.350273965910389506e-02,-4.749763734333425447e+01
7.244763333333333015e+09,9.737422326062983302e-02,-4.738062518151446056e+01
7.244826666666666985e+09,-5.557978201386504225e-02,-4.755744398788923633e+01
7.244890000000000000e+09,-2.012794603165701801e-02,-4.754585695300663417e+01
7.244953333333333015e+09,6.734840745627224123e-02,-4.748224540061864474e+01
7.245016666666666985e+09,1.905868266926802335e-02,-4.755439992650592274e+01
7.245080000000000000e+09,-2.236030524037815326e-01,-4.782092646267857816e+01
7.245143333333333015e+09,-5.713418655249569156e-02,-4.767832239792723925e+01
7.245206666666666985e+09,-1.899091824478205126e-02,-4.766404393071979939e+01
7.245270000000000000e+09,4.916832884281774341e-02,-4.761974948473180547e+01
7.245333333333333015e+09,-5.426151523177225044e-02,-4.774704412990633529e+01
7.245396666666666985e+09,3.049767151867399662e-02,-4.768614974425616992e+01
7.245460000000000000e+09,-5.339989351958251973e-02,-4.779391211039403231e+01
7.245523333333333015e+09,-1.247446130757765559e-01,-4.788912163105016617e+01
7.245586666666666985e+09,1.437772810852777639e-02,-4.777386409096613562e+01
7.245650000000000000e+09,1.732456437082419143e-04,-4.781193337453089498e+01
7.245713333333333015e+09,-2.447907953211370113e-03,-4.783841932922742046e+01
7.245776666666666985e+09,-5.054233149819253867e-02,-4.791037855387268252e+01
7.245840000000000000e+09,5.358831485049364574e-02,-4.783011270862393616e+01
7.245903333333333015e+09,1.760040673870122419e-02,-4.788996541783533445e+01
7.245966666666666985e+09,-1.087126820778934189e-01,-4.804014330775220287e+01
7.246030000000000000e+09,-5.613652539331326352e-02,-4.801143195216756965e+01
7.246093333333333015e+09,-1.958365845852938492e-02,-4.799874388633239164e+01
7.246156666666666985e+09,-4.413985488965010973e-02,-4.804716488386378614e+01
7.246220000000000000e+09,-1.234134909481809927e-02,-4.803923117916889396e+01
7.246283333333333015e+09,-1.783112642516471169e-02,-4.806858575759918040e+01
7.246346666666666985e+09,-5.471382299910487745e-02,-4.812933325527306749e+01
7.246410000000000000e+09,-9.090103996506115891e-03,-4.810757433737040856e+01
7.246473333333333015e+09,-5.865796664631517388e-02,-4.818100700112015744e+01
7.246536666666666985e+09,-4.717356303487463265e-04,-4.814668557120413084e+01
7.246600000000000000e+09,1.505429820892132398e-01,-4.801953565458450868e+01
7.246663333333333015e+09,-7.409489531772095461e-02,-4.826803833309138980e+01
7.246726666666666985e+09,-7.387066019288823782e-02,-4.829167889906683087e+01
7.246790000000000000e+09,-5.117475839404050930e-02,-4.829284779836758901e+01
7.246853333333333015e+09,-6.905224239712737244e-02,-4.833459008347061570e+01
7.246916666666666985e+09,9.088435082491486128e-02,-4.819851829134884724e+01
7.246980000000000000e+09,-3.315316288315273141e-03,-4.831658275956169035e+01
7.247043333333333015e+09,9.791344592579775963e-02,-4.823921879844751714e+01
7.247106666666666985e+09,-7.065063328453646818e-02,-4.843164767875812515e+01
7.247170000000000000e+09,1.454256442585233344e-02,-4.837031928214734222e+01
7.247233333333333015e+09,4.401023016276894850e-02,-4.836471641751036543e+01
7.247296666666666985e+09,-5.519476030033843017e-02,-4.848778620907374659e+01
7.247360000000000000e+09,5.892650873810367784e-02,-4.839752974113491746e+01
7.247423333333333015e+09,3.223644101336020640e-02,-4.844808460995960075e+01
7.247486666666666985e+09,-1.075737625992587709e-01,-4.861175961467249351e+01
7.247550000000000000e+09,-5.471065290581833551e-02,-4.858276130607899290e+01
7.247613333333333015e+09,-2.306553752983120376e-02,-4.857498099180261875e+01
7.247676666666666985e+09,9.432027667713782648e-03,-4.856634822770534754e+01
7.247740000000000000e+09,-2.801029372033525533e-02,-4.862765535019333640e+01
7.247803333333333015e+09,-7.944059821557658552e-02,-4.870295045578818360e+01
7.247866666666666985e+09,-2.359731274989940175e-02,-4.867097197142278020e+01
7.247930000000000000e+09,6.035783859717724908e-02,-4.861088162117564337e+01
7.247993333333333015e+09,-1.466407759193302240e-01,-4.884174503679176382e+01
7.248056666666666985e+09,5.302323657407015389e-02,-4.866594582539863723e+01
7.248120000000000000e+09,-1.732908381150437549e-01,-4.891612470118769096e+01
7.248183333333333015e+09,-1.022778185803758788e-01,-4.886897648275296291e+01
7.248246666666666985e+09,-5.504192735126167690e-02,-4.884560539262378853e+01
7.248310000000000000e+09,-2.736043777900931673e-03,-4.881716431015037472e+01
7.248373333333333015e+09,-1.695670778124735989e-02,-4.885524977525366097e+01
7.248436666666666985e+09,2.426340421473582865e-02,-4.883789446435761761e+01
7.248500000000000000e+09,-8.689871637530899307e-02,-4.897292138604760225e+01
7.248563333333333015e+09,-7.313455582699646129e-02,-4.898302202659922955e+01
7.248626666666666985e+09,5.446989214540565172e-03,-4.892830528265763945e+01
7.248690000000000000e+09,-2.308446943096242876e-02,-4.898070154240308227e+01
7.248753333333333015e+09,-1.810316216450118532e-01,-4.916251349571707152e+01
7.248816666666666985e+09,2.105142259615178091e-02,-4.898429525257618167e+01
7.248880000000000000e+09,-5.591226333102383705e-03,-4.903480270260504170e+01
7.248943333333333015e+09,-1.597661882655643240e-03,-4.905467393925454189e+01
7.249006666666666985e+09,6.975090689991247928e-04,-4.907624356940316090e+01
7.249070000000000000e+09,-1.514948028074201147e-01,-4.925230068237918601e+01
7.249133333333333015e+09,-8.929468929376582764e-02,-4.921396536996547155e+01
7.249196666666666985e+09,5.396645777898356755e-02,-4.909456902399300304e+01
7.249260000000000000e+09,4.920151641205450233e-02,-4.912319876645953798e+01
7.249323333333333015e+09,-7.121549844690377995e-02,-4.926748058241843609e+01
7.249386666666666985e+09,4.678131352211067906e-02,-4.917334857154969541e+01
7.249450000000000000e+09,-1.755913906440298433e-02,-4.926155382523614890e+01
7.249513333333333015e+09,2.689601907493255339e-02,-4.924096346819641923e+01
7.249576666666666985e+09,-7.634683629898120216e-02,-4.936807112467061387e+01
7.249640000000000000e+09,-6.401992869040640244e-02,-4.937960901816197890e+01
7.249703333333333015e+09,2.968064014420690455e-02,-4.930977325042697146e+01
7.249766666666666985e+09,-9.467465006093078728e-02,-4.945799334173238293e+01
7.249830000000000000e+09,-4.126588425072696964e-02,-4.942844937702212604e+01
7.249893333333333015e+09,2.885732722719325238e-02,-4.938219096664381169e+01
7.249956666666666985e+09,5.671026561533665244e-02,-4.937820282935594207e+01
7.250020000000000000e+09,-6.273315014260560929e-02,-4.952151104621382416e+01
7.250083333333333015e+09,-5.648705745286264346e-02,-4.953912975462402102e+01
7.250146666666666985e+09,-1.093485798847595447e-01,-4.961585607815586485e+01
7.250210000000000000e+09,-2.180348090355508361e-01,-4.974840710840659597e+01
7.250273333333333015e+09,-1.164023447006456990e-02,-4.956587733494104953e+01
7.250336666666666985e+09,-4.622677195821012219e-02,-4.962432867352913490e+01
7.250400000000000000e+09,3.586971167708696839e-02,-4.956609699099377764e+01
7.250463333333333015e+09,6.138648058399098772e-02,-4.956444502318682055e+01
7.250526666666666985e+09,-5.045973948097781658e-02,-4.970015604435172918e+01
7.250590000000000000e+09,-6.232801604966198283e-02,-4.973588912202035317e+01
7.250653333333333015e+09,-2.043564667333441776e-02,-4.971786155374396543e+01
7.250716666666666985e+09,-7.155997958016513394e-02,-4.979285068775107703e+01
7.250780000000000000e+09,-5.416359606652321190e-02,-4.979931910533704098e+01
7.250843333333333015e+09,-9.094252157140658710e-03,-4.977811456252759825e+01
7.250906666666666985e+09,3.295325281477090584e-02,-4.975993185865596047e+01
7.250970000000000000e+09,-2.970702651870027466e-02,-4.984645693908903752e+01
7.251033333333333015e+09,2.221319977348912289e-02,-4.981840151389678795e+01
7.251096666666666985e+09,-1.831743964375931455e-02,-4.988279695441431727e+01
7.251160000000000000e+09,-8.027681203404313237e-02,-4.996862112790420696e+01
7.251223333333333015e+09,3.575015750519838775e-02,-4.987645895946490526e+01
7.251286666666666985e+09,-1.409087319670732086e-02,-4.995016479126708475e+01
7.251350000000000000e+09,-1.207287826269407560e-01,-5.008066750179726512e+01
7.251413333333333015e+09,-4.739439687959645653e-02,-5.003119791714952669e+01
7.251476666666666985e+09,-1.224241604703166786e-01,-5.013009248184052069e+01
7.251540000000000000e+09,7.221002942372933830e-03,-5.002431211952777090e+01
7.251603333333333015e+09,-5.539658237325539858e-02,-5.011079450594300511e+01
7.251666666666666985e+09,-7.523480947438088151e-02,-5.015449753414441147e+01
7.251730000000000000e+09,-7.275517270621634225e-02,-5.017588269847618676e+01
7.251793333333333015e+09,5.951863760788711488e-02,-5.006747368926168917e+01
7.251856666666666985e+09,-9.729893866077077291e-02,-5.024815606663062084e+01
7.251920000000000000e+09,9.352928247793101946e-03,-5.016536900082199679e+01
7.251983333333333015e+09,-1.248371232115204066e-01,-5.032342385338125723e+01
7.252046666666666985e+09,4.558292572649236263e-02,-5.017686860554318429e+01
7.252110000000000000e+09,-7.794317340135847871e-02,-5.032425950577097495e+01
7.252173333333333015e+09,6.234395120713287497e-02,-5.020783718226242343e+01
7.252236666666666985e+09,3.557146198713923013e-02,-5.025847447258235690e+01
7.252300000000000000e+09,-8.679063268661479924e-02,-5.040470136835605786e+01
7.252363333333333015e+09,4.288600921990592951e-02,-5.029888952754947695e+01
7.252426666666666985e+09,-5.801457628681561118e-02,-5.042365491415613832e+01
7.252490000000000000e+09,-5.303573381823412092e-02,-5.044254087278749665e+01
7.252553333333333015e+09,-2.004787406562513752e-02,-5.043341781413482749e+01
7.252616666666666985e+09,-3.718361194222552513e-02,-5.047441835311170877e+01
7.252680000000000000e+09,2.213714461264970623e-02,-5.043896239765643941e+01
7.252743333333333015e+09,9.143762804526289756e-02,-5.039352671532376604e+01
7.252806666666666985e+09,4.116980974870898535e-02,-5.046765933472059373e+01
7.252870000000000000e+09,-2.344226931813153669e-02,-5.055613621488704013e+01
7.252933333333333015e+09,-3.178584358721536773e-03,-5.055973733102757706e+01
7.252996666666666985e+09,-1.000728817677298821e-02,-5.059043083594590229e+01
7.253060000000000000e+09,1.400439072497761117e-02,-5.059028395814375756e+01
7.253123333333333015e+09,-7.316153434264549560e-02,-5.070131468431132049e+01
7.253186666666666985e+09,-1.561070899807504020e-02,-5.066762866006703092e+01
7.253250000000000000e+09,-7.860578632039505464e-02,-5.075448853848928366e+01
7.253313333333333015e+09,-3.246955549604990665e-02,-5.073221710876455148e+01
7.253376666666666985e+09,-5.349934867012962059e-03,-5.072896228923578832e+01
7.253440000000000000e+09,-1.980286486978855010e-02,-5.076728002033850373e+01
7.253503333333333015e+09,-3.762243393288855486e-02,-5.080896439050120961e+01
7.253566666666666985e+09,-5.466329533366831583e-02,-5.084987005300226315e+01
7.253630000000000000e+09,-8.044465887814311600e-02,-5.089951621764668488e+01
7.253693333333333015e+09,-5.961757177291104881e-02,-5.090255393164105868e+01
7.253756666666666985e+09,2.743234352026746592e-02,-5.083936881744815395e+01
7.253820000000000000e+09,-1.318217956287952575e-01,-5.102248775769716360e+01
7.253883333333333015e+09,-1.047113362902436506e-01,-5.101924209945821787e+01
7.253946666666666985e+09,-1.092014820514393136e-01,-5.104759704631968731e+01
7.254010000000000000e+09,-1.330969522307867692e-02,-5.097557006059126650e+01
7.254073333333333015e+09,-5.423211133780370119e-02,-5.104035727780593135e+01
7.254136666666666985e+09,-4.765982190192374901e-02,-5.105764978946999832e+01
7.254200000000000000e+09,-7.562349419777802950e-02,-5.110947826286578533e+01
7.254263333333333015e+09,-2.397421607167871116e-02,-5.108169378583963294e+01
7.254326666666666985e+09,-7.572004015446509584e-02,-5.115730441102235915e+01
7.254390000000000000e+09,-3.073536644164676090e-02,-5.113618453840948064e+01
7.254453333333333015e+09,-1.529448567872861986e-01,-5.128225882985506701e+01
7.254516666666666985e+09,2.213344167690678432e-02,-5.113104533249114780e+01
7.254580000000000000e+09,-1.332812865384340739e-01,-5.131032486180609453e+01
7.254643333333333015e+09,-2.325594031156441588e-02,-5.122416431667916470e+01
7.254706666666666985e+09,-2.272554452741815112e-02,-5.124749872199529221e+01
7.254770000000000000e+09,-1.818147145945303578e-01,-5.143045269316201740e+01
7.254833333333333015e+09,-7.914784501193850019e-02,-5.135165062467935826e+01
7.254896666666666985e+09,-2.966120825266216343e-02,-5.132602878902036281e+01
7.254960000000000000e+09,1.891289912470028867e-02,-5.130131948274260623e+01
7.255023333333333015e+09,-1.600067222666154976e-01,-5.150410390523386184e+01
7.255086666666666985e+09,-1.982956054680329316e-02,-5.138779154461432341e+01
7.255150000000000000e+09,-1.380516586084965525e-01,-5.152987844377596360e+01
7.255213333333333015e+09,-5.586472335635761510e-02,-5.147155630962343054e+01
7.255276666666666985e+09,-8.123154859937642414e-03,-5.144767954222728434e+01
7.255340000000000000e+09,-5.695122067706392954e-03,-5.146911631053499292e+01
7.255403333333333015e+09,-1.641300453605083476e-01,-5.165141603492740785e+01
7.255466666666666985e+09,1.747771882104132146e-02,-5.149367307184613196e+01
7.255530000000000000e+09,-8.276953149538002208e-02,-5.161778512326249313e+01
7.255593333333333015e+09,-7.631023237721024088e-02,-5.163519062524392922e+01
7.255656666666666985e+09,-5.367265804442666877e-02,-5.163641785201141943e+01
7.255720000000000000e+09,-1.515349127825018627e-01,-5.175814490784943445e+01
7.255783333333333015e+09,-8.210290801017094964e-03,-5.163868508696755555e+01
7.255846666666666985e+09,-1.737419735394851728e-01,-5.182808157080630451e+01
7.255910000000000000e+09,-7.935324881501770733e-02,-5.175755764718177687e+01
7.255973333333333015e+09,-1.039574846242885542e-02,-5.171246494792912785e+01
7.256036666666666985e+09,-6.171693095122776640e-02,-5.178765093151786658e+01
7.256100000000000000e+09,-3.243888268825401155e-02,-5.178223768435483976e+01
7.256163333333333015e+09,-5.883418237070259238e-02,-5.183249778513722816e+01
7.256226666666666985e+09,-7.084770705362331000e-02,-5.186837611092008871e+01
7.256290000000000000e+09,-1.156615717449582803e-01,-5.193705477671136350e+01
7.256353333333333015e+09,-6.696677933035033448e-02,-5.191222478539669538e+01
7.256416666666666985e+09,-7.482418260740075766e-02,-5.194394698977402669e+01
7.256480000000000000e+09,2.424639011530871358e-02,-5.186874121815092309e+01
7.256543333333333015e+09,-5.810059588360871885e-02,-5.197495300524978035e+01
7.256606666666666985e+09,-3.961888554838566279e-02,-5.198033609601483107e+01
7.256670000000000000e+09,-6.210534362159592092e-02,-5.202668735518764720e+01
7.256733333333333015e+09,-3.745940544741444000e-02,-5.202590621811341265e+01
7.256796666666666985e+09,-1.041476508280325675e-01,-5.211645926459430456e+01
7.256860000000000000e+09,-1.497205110819805896e-01,-5.218589692594785845e+01
7.256923333333333015e+09,-1.658658267388801733e-02,-5.207662779863970570e+01
7.256986666666666985e+09,2.377940277584400519e-02,-5.206012661429025457e+01
7.257050000000000000e+09,-3.233443870902874551e-02,-5.214010525687473319e+01
7.257113333333333015e+09,5.297379846157923566e-02,-5.207866182080406503e+01
7.257176666666666985e+09,7.519239424296131347e-02,-5.208030802612295673e+01
7.257240000000000000e+09,2.663721097903248847e-03,-5.217670150036795462e+01
7.257303333333333015e+09,-1.018081330109623650e-01,-5.230503815557642611e+01
7.257366666666666985e+09,-1.417401355317338130e-01,-5.236883495919747844e+01
7.257430000000000000e+09,-4.468645339942867167e-02,-5.229564607816511312e+01
7.257493333333333015e+09,5.183952280745529606e-03,-5.226964047358454479e+01
7.257556666666666985e+09,-5.821880928445466452e-02,-5.235690803625001877e+01
7.257620000000000000e+09,7.382327031223923086e-02,-5.224873075775327180e+01
7.257683333333333015e+09,-2.890878433731813857e-03,-5.234930970759884872e+01
7.257746666666666985e+09,-1.901556925709257939e-02,-5.238929919952248326e+01
7.257810000000000000e+09,-1.674149147882175725e-01,-5.256156334615354808e+01
7.257873333333333015e+09,-5.417970601590127444e-02,-5.247219293848117161e+01
7.257936666666666985e+09,-3.364930618304384780e-02,-5.247552733974826111e+01
7.258000000000000000e+09,-5.050884079395245863e-02,-5.251625167545910955e+01
7.258063333333333015e+09,7.143190518795705657e-02,-5.241817573057713986e+01
7.258126666666666985e+09,-6.177092437607711872e-02,-5.257524336124111386e+01
7.258190000000000000e+09,-7.981842840564468133e-03,-5.254531908080554103e+01
7.258253333333333015e+09,-7.275203749730962954e-02,-5.263395407656223313e+01
7.258316666666666985e+09,9.629680988392408381e-02,-5.248877003028127319e+01
7.258380000000000000e+09,3.831442494219317041e-02,-5.257061721632260998e+01
7.258443333333333015e+09,9.112419345497357881e-02,-5.254167224890976939e+01
7.258506666666666985e+09,-1.470402698130612862e-02,-5.267136527044632999e+01
7.258570000000000000e+09,-1.760453308433795883e-02,-5.269813057764896769e+01
7.258633333333333015e+09,-9.583888497900971970e-02,-5.280022973064357927e+01
7.258696666666666985e+09,-8.611072600839975166e-02,-5.281436637277324309e+01
7.258760000000000000e+09,-6.846759126732138157e-02,-5.282058803913177059e+01
7.258823333333333015e+09,7.049135809769069283e-02,-5.270549389086669834e+01
7.258886666666666985e+09,-1.245800271083297162e-01,-5.292443007717299963e+01
7.258950000000000000e+09,-1.645094199467038720e-01,-5.298822427111097966e+01
7.259013333333333015e+09,-1.707949407363429373e-01,-5.301837459300055855e+01
7.259076666666666985e+09,-3.791177785237209719e-02,-5.290935623121686149e+01
7.259140000000000000e+09,-1.140457137902828322e-01,-5.300935496825471915e+01
7.259203333333333015e+09,-1.052906702032814223e-01,-5.302446472576732361e+01
7.259266666666666985e+09,-3.264207253544526566e-02,-5.297568092919976124e+01
7.259330000000000000e+09,2.836900346038362386e-02,-5.293853465430387217e+01
7.259393333333333015e+09,-4.960392995525353399e-02,-5.304037238881911520e+01
7.259456666666666985e+09,-9.043406708354950752e-02,-5.310506732704769206e+01
7.259520000000000000e+09,-5.366031796576464785e-03,-5.304386409286065884e+01
7.259583333333333015e+09,-1.889173492374425223e-01,-5.325128021140113077e+01
7.259646666666666985e+09,-1.095153988224311092e-01,-5.319574306208639314e+01
7.259710000000000000e+09,-5.433543454704192754e-02,-5.316442789891094378e+01
7.259773333333333015e+09,-4.603172683993506098e-02,-5.317998899230378385e+01
7.259836666666666985e+09,-1.840435108655213980e-02,-5.317622641765034075e+01
7.259900000000000000e+09,-4.518090385168704870e-02,-5.322686777151541548e+01
7.259963333333333015e+09,-2.676954797543373843e-02,-5.323232121673910200e+01
7.260026666666666985e+09,-1.055044924056502964e-01,-5.333492096226925838e+01
7.260090000000000000e+09,-1.464376304050745148e-01,-5.339971890136862953e+01
7.260153333333333015e+09,-5.977901103420890649e-03,-5.328312397316691573e+01
7.260216666666666985e+09,-3.246595643297922607e-02,-5.333347682959641389e+01
7.260280000000000000e+09,-1.473800994073570791e-02,-5.333961368420411020e+01
7.260343333333333015e+09,-1.433267243879328134e-01,-5.349206719975124713e+01
7.260406666666666985e+09,-9.643402962323222027e-02,-5.346903930608682032e+01
7.260470000000000000e+09,-1.193212837717965158e-01,-5.351579136133499759e+01
7.260533333333333015e+09,-1.664842799726358180e-01,-5.358681915863577672e+01
7.260596666666666985e+09,-2.037341185337098182e-01,-5.364793379829712450e+01
7.260660000000000000e+09,5.246769545417606651e-02,-5.341559678540884448e+01
7.260723333333333015e+09,-5.479914796305962454e-02,-5.354672842992602710e+01
7.260786666666666985e+09,-1.639306973495280317e-01,-5.367972478041276929e+01
7.260850000000000000e+09,-1.470087244823048422e-01,-5.368666760864515197e+01
7.260913333333333015e+09,-1.315213819449994048e-01,-5.369504506720778636e+01
7.260976666666666985e+09,-6.178285332764232862e-02,-5.364917133969070306e+01
7.261040000000000000e+09,-5.912280723386231784e-03,-5.361716556818638679e+01
7.261103333333333015e+09,-2.072718600750249607e-01,-5.384238994863763850e+01
7.261166666666666985e+09,-8.464179598755094958e-02,-5.374362468565043827e+01
7.261230000000000000e+09,-2.584018979086764034e-01,-5.394124958867150355e+01
7.261293333333333015e+09,-1.016267489555175985e-01,-5.380833924081795061e+01
7.261356666666666985e+09,-9.480489802945157862e-02,-5.382538219099215837e+01
7.261420000000000000e+09,-1.352442125965609421e-01,-5.388968630665921467e+01
7.261483333333333015e+09,-2.092827282684979195e-01,-5.398758962343075751e+01
7.261546666666666985e+09,-1.437402020223643717e-01,-5.394591189828489775e+01
7.261610000000000000e+09,-3.166456643227419931e-01,-5.414268216168521519e+01
7.261673333333333015e+09,-3.394632562213644178e-01,-5.418936455468377744e+01
7.261736666666666985e+09,-3.295192171834102624e-01,-5.420328531674577022e+01
7.261800000000000000e+09,-2.102212318544118830e-01,-5.410785213251671166e+01
7.261863333333333015e+09,-6.212353806476755835e-02,-5.398361923982700716e+01
7.261926666666666985e+09,-5.469290518947502733e-01,-5.449228955475692970e+01
7.261990000000000000e+09,-4.435816563866410434e-01,-5.441280696034876030e+01
7.262053333333333015e+09,4.768844480147720333e-01,-5.351620565704729415e+01
7.262116666666666985e+09,7.212433698169533614e-01,-5.329571153634505265e+01
7.262180000000000000e+09,5.315043894577868855e-01,-5.350931531780415895e+01
7.262243333333333015e+09,4.097153479129502784e-01,-5.365496916044893538e+01
7.262306666666666985e+09,2.492422067034709698e-01,-5.383930710275869558e+01
7.262370000000000000e+09,2.360763488512134245e-01,-5.387633776171055899e+01
7.262433333333333015e+09,7.985307830539056795e-02,-5.405642583335632168e+01
7.262496666666666985e+09,1.295782650499432975e-01,-5.403056544771204273e+01
7.262560000000000000e+09,1.302476555077021203e-01,-5.405376085835389688e+01
7.262623333333333015e+09,1.650490900516814463e-01,-5.404282422490985027e+01
7.262686666666666985e+09,2.551839727563489646e-01,-5.397655414330546364e+01
7.262750000000000000e+09,6.128378765283315488e-02,-5.419431912950858532e+01
7.262813333333333015e+09,7.435260479729777217e-02,-5.420511511346406053e+01
7.262876666666666985e+09,-6.460657292709015564e-02,-5.436793909228872224e+01
7.262940000000000000e+09,3.606783999138230001e-02,-5.429112948047019671e+01
7.263003333333333015e+09,1.707550321967943319e-02,-5.433398661834150545e+01
7.263066666666666985e+09,2.581378799297837645e-01,-5.411678904273167490e+01
7.263130000000000000e+09,1.206235819070329285e-01,-5.427816814185436556e+01
7.263193333333333015e+09,5.252596398490538832e-02,-5.437013056087610607e+01
7.263256666666666985e+09,2.559592799360643767e-02,-5.442092539796767880e+01
7.263320000000000000e+09,6.922134353948905527e-02,-5.440116478352173601e+01
7.263383333333333015e+09,3.413542404410918607e-02,-5.446011550411672175e+01
7.263446666666666985e+09,-1.576130733268286122e-01,-5.467572880258793333e+01
7.263510000000000000e+09,-1.260277982499502514e-02,-5.455458331018603957e+01
7.263573333333333015e+09,6.527256483666121767e-02,-5.450057276662433026e+01
7.263636666666666985e+09,5.003577800047054325e-02,-5.453967435456046076e+01
7.263700000000000000e+09,7.777935310529926483e-02,-5.453579558055557186e+01
7.263763333333333015e+09,1.347546020667707012e-01,-5.450268513269404025e+01
7.263826666666666985e+09,3.929409090289226469e-02,-5.462201044495785851e+01
7.263890000000000000e+09,-2.394760336827062019e-02,-5.470911694032896833e+01
7.263953333333333015e+09,6.291667350467378128e-03,-5.470274247071017015e+01
7.264016666666666985e+09,-9.209537498091435737e-02,-5.482499431414149171e+01
7.264080000000000000e+09,-1.694310392768016982e-02,-5.477370684418819735e+01
7.264143333333333015e+09,4.575253876840434941e-02,-5.473487600259205266e+01
7.264206666666666985e+09,8.816568026700366545e-02,-5.471632766219372712e+01
7.264270000000000000e+09,-7.177107334265997451e-02,-5.490012921690300374e+01
7.264333333333333015e+09,4.806119439125922099e-02,-5.480416175026902437e+01
7.264396666666666985e+09,5.184251904586290038e-02,-5.482424522671469447e+01
7.264460000000000000e+09,4.165339307851212425e-02,-5.485829915378165111e+01
7.264523333333333015e+09,-3.095438560428931396e-02,-5.495477173356439948e+01
7.264586666666666985e+09,-1.027502397567303660e-02,-5.495795717303605699e+01
7.264650000000000000e+09,6.334448083863719603e-02,-5.490820246932135262e+01
7.264713333333333015e+09,2.496678293674392535e-03,-5.499291507296625525e+01
7.264776666666666985e+09,3.040292000369504422e-02,-5.498887363235651549e+01
7.264840000000000000e+09,-7.832479362457434036e-02,-5.512146614708471759e+01
7.264903333333333015e+09,1.784408833042050446e-02,-5.504916206622933572e+01
7.264966666666666985e+09,5.871447207033497762e-02,-5.503215648358969503e+01
7.265030000000000000e+09,1.194033678961403666e-02,-5.510279541997035579e+01
7.265093333333333015e+09,5.092416106566588496e-02,-5.508767639679390982e+01
7.265156666666666985e+09,-7.264579547969418627e-02,-5.523511115443954367e+01
7.265220000000000000e+09,4.790023279793587108e-02,-5.513842992726186054e+01
7.265283333333333015e+09,-1.390847277242812652e-02,-5.522410343393183041e+01
7.265346666666666985e+09,7.858428332338007749e-02,-5.515547547893629599e+01
7.265410000000000000e+09,-2.669491925370692798e-02,-5.528461948261332992e+01
7.265473333333333015e+09,6.852908856090778045e-02,-5.521326027589864793e+01
7.265536666666666985e+09,-1.546550429404192073e-02,-5.532111966985354456e+01
7.265600000000000000e+09,3.908132151025967005e-02,-5.529043764514918280e+01
7.265663333333333015e+09,7.520912429599491134e-02,-5.527817464346338738e+01
7.265726666666666985e+09,3.085245315831031121e-02,-5.534639611570101891e+01
7.265790000000000000e+09,-4.011438769876463084e-02,-5.544122775765802658e+01
7.265853333333333015e+09,-7.482023486580402505e-02,-5.549979840592501290e+01
7.265916666666666985e+09,-3.885027267734386669e-02,-5.548769324483649257e+01
7.265980000000000000e+09,-1.058535645918823320e-02,-5.548329312971827676e+01
7.266043333333333015e+09,-6.385966408628007684e-02,-5.556043223844531553e+01
7.266106666666666985e+09,-4.968153977858946746e-02,-5.557011891523789870e+01
7.266170000000000000e+09,9.183107310416716018e-02,-5.545247110345474795e+01
7.266233333333333015e+09,2.875066795255776242e-02,-5.553941630970629717e+01
7.266296666666666985e+09,1.033836002218464500e-01,-5.548864817853728937e+01
7.266360000000000000e+09,5.045384813445963346e-02,-5.556544273172428205e+01
7.266423333333333015e+09,-5.660470558780161809e-03,-5.564542185151745457e+01
7.266486666666666985e+09,1.062542545257230131e-01,-5.555737192753323228e+01
7.266550000000000000e+09,1.025916775341286780e-01,-5.558489930562443249e+01
7.266613333333333015e+09,-5.492692832553558446e-02,-5.576628271258403657e+01
7.266676666666666985e+09,8.317629078360511130e-02,-5.565204429457516966e+01
7.266740000000000000e+09,-7.519975512827414832e-02,-5.583428514158699585e+01
7.266803333333333015e+09,1.018218900394671778e-01,-5.568112829751886039e+01
7.266866666666666985e+09,-4.199218629163681271e-02,-5.584880717495023816e+01
7.266930000000000000e+09,7.610447217530236230e-02,-5.575457531758324592e+01
7.266993333333333015e+09,-3.108601883369743746e-02,-5.588563060969185159e+01
7.267056666666666985e+09,-1.619286725374280422e-02,-5.589460225921217074e+01
7.267120000000000000e+09,-7.217272634765237171e-02,-5.597444691940602013e+01
7.267183333333333015e+09,-4.833498632333288469e-02,-5.597447398048130651e+01
7.267246666666666985e+09,-1.364531180832528889e-02,-5.596364910706657980e+01
7.267310000000000000e+09,2.329951415853770413e-02,-5.595056908219964953e+01
7.267373333333333015e+09,-4.722495634145928989e-02,-5.604495835379925239e+01
7.267436666666666985e+09,-2.133905509674605128e-02,-5.604293725365482004e+01
7.267500000000000000e+09,1.019396677114059457e-02,-5.603526903288687322e+01
7.267563333333333015e+09,-2.473370859524237630e-02,-5.609406150935320312e+01
7.267626666666666985e+09,1.505571193976891209e-01,-5.594263548246020434e+01
7.267690000000000000e+09,-1.121972106815363190e-01,-5.622925461363937671e+01
7.267753333333333015e+09,-2.750024269444395486e-02,-5.616842244675222418e+01
7.267816666666666985e+09,-9.858081341066338155e-02,-5.626336781856838343e+01
7.267880000000000000e+09,4.244579466866582607e-02,-5.614620601158900115e+01
7.267943333333333015e+09,7.758304517324887684e-02,-5.613493356218435082e+01
7.268006666666666985e+09,-5.045150214758820084e-02,-5.628683291060546878e+01
7.268070000000000000e+09,1.518151112792764934e-02,-5.624506469842955880e+01
7.268133333333333015e+09,-5.327448082174157662e-02,-5.633738549147916785e+01
7.268196666666666985e+09,-4.922313827722035739e-02,-5.635719895003492041e+01
7.268260000000000000e+09,-3.027387725905583693e-02,-5.636211449011636176e+01
7.268323333333333015e+09,1.467569212547203961e-02,-5.634102972183178082e+01
7.268386666666666985e+09,-8.590927034823891972e-03,-5.638816114209235053e+01
7.268450000000000000e+09,-9.390464343336191178e-02,-5.649733965959049442e+01
7.268513333333333015e+09,6.171207646580967321e-03,-5.642112860961049847e+01
7.268576666666666985e+09,-6.896135166414296691e-04,-5.645185423187399465e+01
7.268640000000000000e+09,8.191096734052649708e-02,-5.639311845211676655e+01
7.268703333333333015e+09,-9.343477762947571819e-02,-5.659232899818637463e+01
7.268766666666666985e+09,-7.226847802337488247e-02,-5.659502749968055468e+01
7.268830000000000000e+09,-1.524439468349996218e-01,-5.669906776959211214e+01
7.268893333333333015e+09,5.230135925465617674e-03,-5.656525848793125277e+01
7.268956666666666985e+09,4.734745646793214746e-02,-5.654700596848906713e+01
7.269020000000000000e+09,-4.851021260665788759e-02,-5.666672843866359699e+01
7.269083333333333015e+09,-1.781679545053549418e-02,-5.665989982260708047e+01
7.269146666666666985e+09,4.749760806429037530e-02,-5.661845022019252838e+01
7.269210000000000000e+09,-6.962940207570511575e-02,-5.675944203143247080e+01
7.269273333333333015e+09,-9.583017715428354677e-03,-5.672326044817179991e+01
7.269336666666666985e+09,1.881131289501283277e-01,-5.654942910260651701e+01
7.269400000000000000e+09,3.693347709964456271e-02,-5.672447355555694770e+01
7.269463333333333015e+09,8.825871369413107459e-02,-5.669701312006239391e+01
7.269526666666666985e+09,-6.592225815014529644e-02,-5.687505889300661721e+01
7.269590000000000000e+09,3.355585780688841169e-03,-5.682964585017572290e+01
7.269653333333333015e+09,-1.640719770676923872e-04,-5.685703030903341926e+01
7.269716666666666985e+09,-9.560965418293676521e-02,-5.697634069233923526e+01
7.269780000000000000e+09,2.892455009956051981e-02,-5.687567128915667070e+01
7.269843333333333015e+09,3.395116873357295617e-02,-5.689450947162260519e+01
7.269906666666666985e+09,-7.267425799987847768e-02,-5.702499969945633040e+01
7.269970000000000000e+09,-8.525457724592655495e-02,-5.706144481980198435e+01
7.270033333333333015e+09,2.797754957822462529e-02,-5.697207749407778010e+01
7.270096666666666985e+09,-5.772481126253126149e-02,-5.708164465601880977e+01
7.270160000000000000e+09,-9.232074870273976330e-02,-5.714010539455862414e+01
7.270223333333333015e+09,-2.156872143840615763e-02,-5.709321816839423036e+01
7.270286666666666985e+09,-2.418583238601712537e-02,-5.711970008044211511e+01
7.270350000000000000e+09,-8.410702185857843460e-02,-5.720348607101428939e+01
7.270413333333333015e+09,4.059146540491553878e-03,-5.713918470371515212e+01
7.270476666666666985e+09,9.754183462298726681e-02,-5.706956681673293730e+01
7.270540000000000000e+09,-1.100094969689990876e-02,-5.720197440215243034e+01
7.270603333333333015e+09,-1.578163639179308575e-02,-5.723061988994726335e+01
7.270666666666666985e+09,1.074291979829382626e-01,-5.713127385667280578e+01
7.270730000000000000e+09,1.382733706812615537e-01,-5.712429448507442942e+01
7.270793333333333015e+09,7.444585930985425648e-02,-5.721198679754544258e+01
7.270856666666666985e+09,8.756159036863664369e-03,-5.730154129891870696e+01
7.270920000000000000e+09,-1.121286412816004940e-01,-5.744629090033711094e+01
7.270983333333333015e+09,2.549798521418011887e-02,-5.733252907494094330e+01
7.271046666666666985e+09,-6.356326348289087491e-02,-5.744545512473828808e+01
7.271110000000000000e+09,1.187258399118533703e-01,-5.728703082244348366e+01
7.271173333333333015e+09,2.565924374077610537e-01,-5.717302902604718184e+01
7.271236666666666985e+09,1.171145241244175850e-02,-5.744177481214277492e+01
7.271300000000000000e+09,-5.348935590358649961e-02,-5.753084042155874300e+01
7.271363333333333015e+09,-6.960481238515114910e-03,-5.750817634799361855e+01
7.271426666666666985e+09,4.310417560864010511e-02,-5.748197649224640315e+01
7.271490000000000000e+09,-4.538330836388126954e-02,-5.759432877731886435e+01
7.271553333333333015e+09,-5.921583489906367959e-02,-5.763202610495398659e+01
7.271616666666666985e+09,-8.391841120308640711e-02,-5.768059348235794914e+01
7.271680000000000000e+09,-1.071097475141158384e-02,-5.763125084700622125e+01
7.271743333333333015e+09,-1.886032851068364380e-02,-5.766326500186543313e+01
7.271806666666666985e+09,1.618829781189887740e-01,-5.750638649633603450e+01
7.271870000000000000e+09,-1.661250996315288830e-02,-5.770874678551778203e+01
7.271933333333333015e+09,-2.193811145328794510e-02,-5.773793718810785691e+01
7.271996666666666985e+09,1.266766070438052338e-02,-5.772719621705046222e+01
7.272060000000000000e+09,3.813817619654003011e-02,-5.772559050265791569e+01
7.272123333333333015e+09,-4.543019807201886806e-02,-5.783302367802641442e+01
7.272186666666666985e+09,9.131399134935236361e-02,-5.772014428970531696e+01
7.272250000000000000e+09,1.423390986304013950e-01,-5.769298398352387380e+01
7.272313333333333015e+09,-1.080732133817008389e-01,-5.796726109663592297e+01
7.272376666666666985e+09,2.196632940783160848e-02,-5.786108635494666430e+01
7.272440000000000000e+09,2.169960291315931045e-02,-5.788521788254094247e+01
7.272503333333333015e+09,8.932143581967721957e-02,-5.784146085073436439e+01
7.272566666666666985e+09,-1.243337507349551174e-01,-5.807898083838927761e+01
7.272630000000000000e+09,-1.866299266929161149e-03,-5.798037818802118437e+01
7.272693333333333015e+09,-8.657817792626332221e-02,-5.808895486778013151e+01
7.272756666666666985e+09,7.822528281344887091e-03,-5.801841896267279708e+01
7.272820000000000000e+09,-6.111437154871168786e-03,-5.805621772920895296e+01
7.272883333333333015e+09,6.152262829054677695e-02,-5.801244846486314088e+01
7.272946666666666985e+09,2.060127176616930456e-01,-5.789182317659226840e+01
7.273010000000000000e+09,-4.369036395930692152e-02,-5.816539105931321529e+01
7.273073333333333015e+09,-4.705877712097361609e-02,-5.819262427357448786e+01
7.273136666666666985e+09,1.228017384845969673e-02,-5.815715012370532833e+01
7.273200000000000000e+09,4.774508495782470163e-02,-5.814555001369591025e+01
7.273263333333333015e+09,-1.210233587197322436e-01,-5.833818325847339992e+01
7.273326666666666985e+09,-1.460141696431591640e-01,-5.838703887049677377e+01
7.273390000000000000e+09,2.085850437081404607e-02,-5.824403099758274038e+01
7.273453333333333015e+09,4.190084873913235697e-02,-5.824685345431436190e+01
7.273516666666666985e+09,-2.416473083884795869e-02,-5.833678383499228914e+01
7.273580000000000000e+09,1.368287667449195055e-01,-5.819965513850845440e+01
7.273643333333333015e+09,-3.640811612648064965e-02,-5.839675682247980149e+01
7.273706666666666985e+09,6.975714318446080142e-02,-5.831445636426879986e+01
7.273770000000000000e+09,-1.209655238756255358e-01,-5.852904383242882602e+01
7.273833333333333015e+09,2.970225678545546089e-02,-5.840224085286769196e+01
7.273896666666666985e+09,6.794315369620562706e-02,-5.838786475705721557e+01
7.273960000000000000e+09,8.222774447894209970e-02,-5.839744496737408497e+01
7.274023333333333015e+09,7.343895190111027205e-02,-5.843009856105185662e+01
7.274086666666666985e+09,-5.745385790830681572e-02,-5.858485617196155459e+01
7.274150000000000000e+09,-8.815705972204312957e-02,-5.863942417487489678e+01
7.274213333333333015e+09,5.981560748559644480e-02,-5.851531630876718992e+01
7.274276666666666985e+09,-6.756176571954597421e-03,-5.860575289392502185e+01
7.274340000000000000e+09,6.395278676302496024e-02,-5.855890873168964816e+01
7.274403333333333015e+09,3.319128295708395626e-02,-5.861353503659552899e+01
7.274466666666666985e+09,6.649224880226967116e-02,-5.860409887185061706e+01
7.274530000000000000e+09,-1.972885645268718235e-02,-5.871418477820552084e+01
7.274593333333333015e+09,4.232551730734712692e-02,-5.867599520554509240e+01
7.274656666666666985e+09,8.610573094586015941e-02,-5.865607979300685315e+01
7.274720000000000000e+09,-5.387193924243405263e-02,-5.881992226429509429e+01
7.274783333333333015e+09,-9.727320422435070668e-02,-5.888718833037661682e+01
7.274846666666666985e+09,-1.377059035642957951e-01,-5.895148583081683569e+01
7.274910000000000000e+09,8.654970248757365425e-02,-5.875109502586490606e+01
7.274973333333333015e+09,-9.503306971998171093e-02,-5.895654259917206730e+01
7.275036666666666985e+09,-1.079734447754177040e-01,-5.899334777532778418e+01
7.275100000000000000e+09,5.674637000018378785e-02,-5.885249276165211541e+01
7.275163333333333015e+09,1.513855254356428759e-01,-5.878171840731660325e+01
7.275226666666666985e+09,-6.269557802004754876e-02,-5.901966431187223350e+01
7.275290000000000000e+09,4.963748160438541390e-02,-5.893119605334774036e+01
7.275353333333333015e+09,6.102257057492010972e-03,-5.899859607899458069e+01
7.275416666666666985e+09,-8.632631829488701669e-02,-5.911488945544689244e+01
7.275480000000000000e+09,-2.035530606655555630e-02,-5.907278324431850791e+01
7.275543333333333015e+09,-6.875278804486129047e-02,-5.914504552739675347e+01
7.275606666666666985e+09,5.570677336330476237e-02,-5.904445076708852724e+01
7.275670000000000000e+09,-8.378110250369985579e-02,-5.920780344405547879e+01
7.275733333333333015e+09,1.961400192813300691e-02,-5.912827314072357865e+01
7.275796666666666985e+09,8.841948995454629312e-02,-5.908333245379744625e+01
7.275860000000000000e+09,-4.307510493331534462e-02,-5.923869184978491376e+01
7.275923333333333015e+09,-1.787152173306267855e-01,-5.939819676328216502e+01
7.275986666666666985e+09,-7.102432435772954022e-02,-5.931437067140954156e+01
7.276050000000000000e+09,6.364992968001814688e-02,-5.920356121847139974e+01
7.276113333333333015e+09,-4.924513317675405233e-02,-5.934032108242811887e+01
7.276176666666666985e+09,-5.262529349275979484e-02,-5.936756604384439839e+01
7.276240000000000000e+09,-5.020068248436615477e-02,-5.938900623393561062e+01
7.276303333333333015e+09,-6.396790949473540877e-03,-5.936906714350066494e+01
7.276366666666666985e+09,1.304780928147124541e-01,-5.925605706083675273e+01
7.276430000000000000e+09,-2.844182951841389695e-02,-5.943884178426981890e+01
7.276493333333333015e+09,-2.320364496100779661e-02,-5.945746840081201867e+01
7.276556666666666985e+09,-1.880535570160901671e-02,-5.947693491265289367e+01
7.276620000000000000e+09,6.385124146202514339e-02,-5.941814311658919934e+01
7.276683333333333015e+09,-6.005516458446180650e-02,-5.956591432373529216e+01
7.276746666666666985e+09,8.106040019825400122e-03,-5.952161792023128584e+01
7.276810000000000000e+09,1.418752675665047036e-02,-5.953940123459440059e+01
7.276873333333333015e+09,4.304760337483060084e-03,-5.957314880211317387e+01
7.276936666666666985e+09,2.146234694831861134e-02,-5.957985601660261210e+01
7.277000000000000000e+09,6.722642290012004196e-02,-5.955795674175075760e+01
7.277063333333333015e+09,-7.042534782366516311e-02,-5.971947331357448263e+01
7.277126666666666985e+09,8.301411651243739698e-02,-5.958989865033831990e+01
7.277190000000000000e+09,-3.744857529258638351e-02,-5.973422614324328350e+01
7.277253333333333015e+09,-1.421754364448659658e-01,-5.986281780549550291e+01
7.277316666666666985e+09,4.449621664406322452e-04,-5.974406220798414324e+01
7.277380000000000000e+09,5.942490567050384698e-02,-5.970894706558001985e+01
7.277443333333333015e+09,-2.635887518132307150e-02,-5.981859564753178660e+01
7.277506666666666985e+09,4.782230795420616687e-03,-5.981131934265498273e+01
7.277570000000000000e+09,5.050063638654478382e-02,-5.978946573816379839e+01
7.277633333333333015e+09,3.186962926103120708e-02,-5.983196154638925890e+01
7.277696666666666985e+09,-3.200211562455024250e-02,-5.991969809237511413e+01
7.277760000000000000e+09,4.968207002217184254e-02,-5.986187870782799791e+01
7.277823333333333015e+09,7.416412181829201700e-02,-5.986126145713181756e+01
7.277886666666666985e+09,-1.265114458391991548e-01,-6.008580182588958962e+01
7.277950000000000000e+09,-1.150098148417484367e-01,-6.009816499599174477e+01
7.278013333333333015e+09,-1.482771114583414374e-02,-6.002184769339577031e+01
7.278076666666666985e+09,2.021128830520524389e-02,-6.001067349504500470e+01
7.278140000000000000e+09,1.830706298403583787e-02,-6.003644252146577998e+01
7.278203333333333015e+09,1.778958798877283698e-02,-6.006082479756098280e+01
7.278266666666666985e+09,-1.278616472667479798e-01,-6.023034083391677740e+01
7.278330000000000000e+09,-1.604540654346138240e-01,-6.028679805318459017e+01
7.278393333333333015e+09,-1.180484140612705346e-01,-6.026825720291085275e+01
7.278456666666666985e+09,-1.590517314897965662e-02,-6.018997876309883566e+01
7.278520000000000000e+09,5.587721544735302359e-02,-6.014206117560244991e+01
7.278583333333333015e+09,-5.951473902162973673e-02,-6.028131793117103854e+01
7.278646666666666985e+09,3.386772717739461314e-02,-6.021180026607228797e+01
7.278710000000000000e+09,-1.368044856599084369e-01,-6.040633728000953084e+01
7.278773333333333015e+09,7.616412075442724472e-02,-6.021723347469480103e+01
7.278836666666666985e+09,1.483080227590960476e-02,-6.030243159427359956e+01
7.278900000000000000e+09,-5.993992348535925885e-02,-6.040106712113480114e+01
7.278963333333333015e+09,-6.173007209239500526e-02,-6.042672207084178382e+01
7.279026666666666985e+09,8.994110941164734641e-02,-6.029891569043768129e+01
7.279090000000000000e+09,-2.684943081509061358e-02,-6.043957103176435908e+01
7.279153333333333015e+09,-1.215016085586313466e-01,-6.055808801060784674e+01
7.279216666666666985e+09,2.657394409624203035e-04,-6.046018546370818569e+01
7.279280000000000000e+09,-6.805727382008086579e-02,-6.055237327806917591e+01
7.279343333333333015e+09,5.515675630023508802e-02,-6.045302404904879978e+01
7.279406666666666985e+09,1.991696537657361432e-02,-6.051212864107240108e+01
7.279470000000000000e+09,-4.935984165642537391e-02,-6.060527024920534700e+01
7.279533333333333015e+09,9.528459143939471687e-02,-6.048449061720945963e+01
7.279596666666666985e+09,6.760744434872378861e-02,-6.053603256540041144e+01
7.279660000000000000e+09,3.116083314761652900e-02,-6.059634397770112457e+01
7.279723333333333015e+09,1.038885509431466403e-01,-6.054748106100553429e+01
7.279786666666666985e+09,-7.883524315194989640e-02,-6.075406965620090460e+01
7.279850000000000000e+09,-1.599007026655385744e-03,-6.070069822117521596e+01
7.279913333333333015e+09,-1.000944659216926880e-01,-6.082305848117020020e+01
7.279976666666666985e+09,-1.077066373055259874e-01,-6.085453545365430728e+01
7.280040000000000000e+09,7.410376988870837067e-02,-6.069658984755967879e+01
7.280103333333333015e+09,1.659937438508052310e-02,-6.077795904416325357e+01
7.280166666666666985e+09,8.401565512095032773e-03,-6.081002165413651284e+01
7.280230000000000000e+09,-2.597991633202667572e-02,-6.086826793708057437e+01
7.280293333333333015e+09,-4.579332200223973359e-02,-6.091194614385039330e+01
7.280356666666666985e+09,-7.398130621309917387e-02,-6.096399892916153362e+01
7.280420000000000000e+09,-1.179504844665046903e-02,-6.092567747249501764e+01
7.280483333333333015e+09,2.348744397971813669e-02,-6.091425978116825490e+01
7.280546666666666985e+09,-3.735164620143649472e-02,-6.099896367244969042e+01
7.280610000000000000e+09,5.230004494874407328e-02,-6.093317678239944968e+01
7.280673333333333015e+09,-1.165353009739078516e-03,-6.101050698145753870e+01
7.280736666666666985e+09,3.399409896330496395e-02,-6.099921233058476844e+01
7.280800000000000000e+09,-4.564079618590710652e-02,-6.110271202683392744e+01
7.280863333333333015e+09,-6.579999879467379742e-02,-6.114673603054230000e+01
7.280926666666666985e+09,5.329292785486927642e-02,-6.105150790499303071e+01
7.280990000000000000e+09,1.181409339910857170e-01,-6.101052469995676120e+01
7.281053333333333015e+09,-4.621000934382379910e-02,-6.119874044439160343e+01
7.281116666666666985e+09,-9.013486242488255584e-02,-6.126653009857260912e+01
7.281180000000000000e+09,-8.262461011854327353e-02,-6.128288464736620966e+01
7.281243333333333015e+09,2.513251777337899284e-02,-6.119899232057422722e+01
7.281306666666666985e+09,-2.109460024340137352e-02,-6.126908423969095452e+01
7.281370000000000000e+09,-1.292424181967533059e-01,-6.140109685874423917e+01
7.281433333333333015e+09,3.142092534560703143e-02,-6.126429831630182576e+01
7.281496666666666985e+09,-1.315222441855397051e-01,-6.145110628693324628e+01
7.281560000000000000e+09,-6.497205252697568767e-02,-6.140842089637428813e+01
7.281623333333333015e+09,1.054230879290827261e-01,-6.126189055701817665e+01
7.281686666666666985e+09,-3.678305078968691078e-02,-6.142796149683722007e+01
7.281750000000000000e+09,-7.393383666924790987e-02,-6.148897708381638694e+01
7.281813333333333015e+09,-2.641446322139984204e-02,-6.146532251146847869e+01
7.281876666666666985e+09,-2.009988506513593620e-02,-6.148287273441249567e+01
7.281940000000000000e+09,3.348357149304348468e-02,-6.145315407895392212e+01
7.282003333333333015e+09,-9.301591519302121469e-02,-6.160351836673991954e+01
7.282066666666666985e+09,-6.632523374630494573e-02,-6.160069248639348416e+01
7.282130000000000000e+09,1.100291807236857267e-01,-6.144820287302343331e+01
7.282193333333333015e+09,-5.879198199431101557e-02,-6.164088883684103592e+01
7.282256666666666985e+09,-1.434698721316607362e-02,-6.162030864316016476e+01
7.282320000000000000e+09,6.107069310576918042e-02,-6.156875576394117644e+01
7.282383333333333015e+09,-9.292599914751065171e-03,-6.166298385806130256e+01
7.282446666666666985e+09,2.403745609638008318e-02,-6.165351860315044519e+01
7.282510000000000000e+09,-7.283811167472009629e-02,-6.177425897202149230e+01
7.282573333333333015e+09,-1.323838307653701918e-01,-6.185766949221174826e+01
7.282636666666666985e+09,-3.795855718563245773e-02,-6.178710901973228431e+01
7.282700000000000000e+09,-1.284252857469283526e-01,-6.190144054939352003e+01
7.282763333333333015e+09,-5.887483392015724348e-02,-6.185575489866635479e+01
7.282826666666666985e+09,4.598048900106022074e-02,-6.177476437684541821e+01
7.282890000000000000e+09,-8.842754835683308556e-03,-6.185345242178209446e+01
7.282953333333333015e+09,-4.940675005406092168e-02,-6.191788121810041901e+01
7.283016666666666985e+09,-5.174752625654832627e-02,-6.194408679540284623e+01
7.283080000000000000e+09,2.101306457561236130e-03,-6.191410276378867650e+01
7.283143333333333015e+09,1.030846500922280029e-01,-6.183698422125395666e+01
7.283206666666666985e+09,-1.454543308614546504e-01,-6.210938800330757203e+01
7.283270000000000000e+09,-1.186169402439674059e-02,-6.199966016757046106e+01
7.283333333333333015e+09,-8.840964254837047065e-03,-6.202050423890084119e+01
7.283396666666666985e+09,-4.753259526260222856e-02,-6.208306067100888015e+01
7.283460000000000000e+09,-7.568454144509928483e-02,-6.213507741829099018e+01
7.283523333333333015e+09,-6.112961907862057842e-02,-6.214438729702444419e+01
7.283586666666666985e+09,-2.954290360003852811e-02,-6.213666538264614303e+01
7.283650000000000000e+09,1.939275239557645136e-01,-6.193705975618994586e+01
7.283713333333333015e+09,1.576320824166543844e-02,-6.213908887300398476e+01
7.283776666666666985e+09,6.617273447102434147e-02,-6.211254414787489964e+01
7.283840000000000000e+09,-5.566789992239051799e-02,-6.225824958336792037e+01
7.283903333333333015e+09,-7.860125339054491178e-02,-6.230504773793602169e+01
7.283966666666666985e+09,4.412981310139940661e-02,-6.220618147254435115e+01
7.284030000000000000e+09,-5.600750166503587479e-02,-6.233018358841039230e+01
7.284093333333333015e+09,5.865436605821372495e-02,-6.223938652178708963e+01
7.284156666666666985e+09,-6.487210164297607662e-02,-6.238677779058855322e+01
7.284220000000000000e+09,-5.963858484482642552e-02,-6.240540907489034339e+01
7.284283333333333015e+09,3.943572371569104007e-02,-6.233019956742943180e+01
7.284346666666666985e+09,-5.755099998898316471e-02,-6.245105109223437978e+01
7.284410000000000000e+09,-7.982656844482960423e-02,-6.249719146179016604e+01
7.284473333333333015e+09,-5.017426637380140164e-02,-6.249140396081874371e+01
7.284536666666666985e+09,-6.390009527114415278e-02,-6.252899459081636735e+01
7.284600000000000000e+09,-6.331368034602746775e-02,-6.255227297699119049e+01
7.284663333333333015e+09,-4.500127053287172885e-02,-6.255782536827764062e+01
7.284726666666666985e+09,1.443187113255035570e-01,-6.239237018751953912e+01
7.284790000000000000e+09,1.224390037305767009e-02,-6.254830979957193193e+01
7.284853333333333015e+09,1.723165817403327083e-02,-6.256718684287089616e+01
7.284916666666666985e+09,-9.635769302582275486e-02,-6.270464099517069201e+01
7.284980000000000000e+09,7.139466757116963436e-03,-6.262500863648769212e+01
7.285043333333333015e+09,-6.140357047801359158e-02,-6.271741647482276250e+01
7.285106666666666985e+09,-9.317170696090926185e-02,-6.277304941240560510e+01
7.285170000000000000e+09,-6.642266986518308158e-02,-6.277016517640981164e+01
7.285233333333333015e+09,-3.533295814774106702e-02,-6.276294026579231655e+01
7.285296666666666985e+09,-3.636447243622598080e-02,-6.278783658118107525e+01
7.285360000000000000e+09,-4.973235788909846633e-04,-6.277583423342334612e+01
7.285423333333333015e+09,-2.998220425581621384e-03,-6.280219993136998369e+01
7.285486666666666985e+09,8.500488018057694717e-03,-6.281456602402661815e+01
7.285550000000000000e+09,-1.659581178170554949e-02,-6.286352712492598727e+01
7.285613333333333015e+09,1.374098705613135962e-02,-6.285705512718809018e+01
7.285676666666666985e+09,4.827418894883805933e-03,-6.288983349644961862e+01
7.285740000000000000e+09,-7.366687835695984177e-02,-6.299219259480106814e+01
7.285803333333333015e+09,1.932078632520983774e-02,-6.292306973121883118e+01
7.285866666666666985e+09,-1.144503911620091685e-01,-6.308070570980633107e+01
7.285930000000000000e+09,-1.057014950418988519e-03,-6.299117713469434676e+01
7.285993333333333015e+09,3.928793396215013445e-02,-6.297469698688171746e+01
7.286056666666666985e+09,-3.781766853027335173e-02,-6.307566739047441473e+01
7.286120000000000000e+09,3.656661504506075744e-02,-6.302514790799902755e+01
7.286183333333333015e+09,5.886920921810911977e-02,-6.302671011492558506e+01
7.286246666666666985e+09,-1.146507315617384393e-03,-6.311059063255958534e+01
7.286310000000000000e+09,5.655127384012814673e-02,-6.307675765250378674e+01
7.286373333333333015e+09,1.296367727931553304e-01,-6.302753695465036543e+01
7.286436666666666985e+09,9.051284660691294448e-02,-6.309052568193688160e+01
7.286500000000000000e+09,-1.062907974906011077e-01,-6.331119412713433547e+01
7.286563333333333015e+09,-1.413220511466377616e-01,-6.337009018188997800e+01
7.286626666666666985e+09,-1.928616258612692036e-02,-6.327191909442974804e+01
7.286690000000000000e+09,-7.000343983209944554e-02,-6.334650117277565329e+01
7.286753333333333015e+09,7.886292698010777258e-03,-6.329247624134549000e+01
7.286816666666666985e+09,-1.751554612528849475e-02,-6.334174288126872909e+01
7.286880000000000000e+09,-8.142923569146631735e-02,-6.342952137193484674e+01
7.286943333333333015e+09,-6.145111547226633775e-02,-6.343340805281559369e+01
7.287006666666666985e+09,-1.527070384216315801e-01,-6.354852877686489165e+01
7.287070000000000000e+09,-2.832059611500170604e-02,-6.344800713565820871e+01
7.287133333333333015e+09,-7.817703018921662306e-02,-6.352172837083236345e+01
7.287196666666666985e+09,1.792612089295175792e-02,-6.344949002085013490e+01
7.287260000000000000e+09,6.336088122376537513e-02,-6.342792006161926821e+01
7.287323333333333015e+09,1.261337992496436300e-01,-6.338901194469332268e+01
7.287386666666666985e+09,-8.705124678197506682e-02,-6.362606179182522226e+01
7.287450000000000000e+09,-1.308629970836321377e-01,-6.369373834322648520e+01
7.287513333333333015e+09,2.453113183354105331e-02,-6.356220901540925183e+01
7.287576666666666985e+09,-3.389307679129416329e-02,-6.364449802513436083e+01
7.287640000000000000e+09,2.705726566036048553e-02,-6.360741248378231205e+01
7.287703333333333015e+09,-6.084455274660172108e-02,-6.371917910328922119e+01
7.287766666666666985e+09,-5.054072442312929070e-02,-6.373274007606602254e+01
7.287830000000000000e+09,-2.517859892981988423e-02,-6.373124275167231900e+01
7.287893333333333015e+09,-1.255654531166285892e-01,-6.385549440695907464e+01
7.287956666666666985e+09,-1.405869832356216875e-01,-6.389438073817834152e+01
7.288020000000000000e+09,-6.630160514313843123e-02,-6.384396016118579809e+01
7.288083333333333015e+09,2.273518440199495672e-02,-6.377878817274027057e+01
7.288146666666666985e+09,2.763079252245859152e-02,-6.379775736572008782e+01
7.288210000000000000e+09,-2.067720526321181751e-02,-6.386993016460569095e+01
7.288273333333333015e+09,-1.914827396893059586e-02,-6.389226603441101560e+01
7.288336666666666985e+09,4.328423883940502037e-03,-6.389265413765842538e+01
7.288400000000000000e+09,7.443568768920272305e-02,-6.384641167495310299e+01
7.288463333333333015e+09,-6.957221202058860854e-02,-6.401428437576250019e+01
7.288526666666666985e+09,-1.094560728802207450e-01,-6.407803303772240611e+01
7.288590000000000000e+09,-5.090158976049963258e-02,-6.404334335570263192e+01
7.288653333333333015e+09,-1.284857086629784817e-01,-6.414479227570505770e+01
7.288716666666666985e+09,9.768535203303940762e-02,-6.394248601610897254e+01
7.288780000000000000e+09,-7.914567499454960853e-03,-6.407195073674141383e+01
7.288843333333333015e+09,2.758507797760501035e-02,-6.406031589236428658e+01
7.288906666666666985e+09,-8.000480281988586739e-02,-6.419177057426172439e+01
7.288970000000000000e+09,-1.109457912225906284e-01,-6.424657636376436187e+01
7.289033333333333015e+09,8.279993766277016221e-02,-6.407669543597894801e+01
7.289096666666666985e+09,6.652814696191455823e-02,-6.411683202777975055e+01
7.289160000000000000e+09,-1.722750502641900994e-01,-6.437950002610578792e+01
7.289223333333333015e+09,-4.993178275131526789e-02,-6.428102155969286002e+01
7.289286666666666985e+09,5.289443993993359072e-02,-6.420206013810188495e+01
7.289350000000000000e+09,-7.078005316185453921e-02,-6.434959943230327895e+01
7.289413333333333015e+09,-1.504326830094413481e-01,-6.445311686325081268e+01
7.289476666666666985e+09,-1.383693462700534837e-01,-6.446491832761169860e+01
7.289540000000000000e+09,-1.563777836268798183e-01,-6.450679156606813081e+01
7.289603333333333015e+09,-9.734550420456855591e-02,-6.447162408774575226e+01
7.289666666666666985e+09,-1.813864898482648869e-01,-6.457952987448972237e+01
7.289730000000000000e+09,-2.510906040898248648e-01,-6.467309878983090243e+01
7.289793333333333015e+09,-2.387553527395738229e-01,-6.468462833958058411e+01
7.289856666666666985e+09,-1.697812296661993514e-01,-6.463951901760748342e+01
7.289920000000000000e+09,-2.156415805262241747e-01,-6.470924416956745517e+01
7.289983333333333015e+09,-2.064535390295105799e-01,-6.472392092917034745e+01
7.290046666666666985e+09,-4.336130734114505003e-01,-6.497494526465256115e+01
7.290110000000000000e+09,-4.187701923144686589e-01,-6.498396718465552624e+01
7.290173333333333015e+09,-1.976654657983374364e-01,-6.478672725923900089e+01
7.290236666666666985e+09,-4.598937410187744490e-01,-6.507282033555971168e+01
7.290300000000000000e+09,-4.511348385657925064e-01,-6.508792623420666246e+01
7.290363333333333015e+09,-2.859054971704892978e-01,-6.494656169391097933e+01
7.290426666666666985e+09,-1.915792837352086053e-01,-6.487610028157597242e+01
7.290490000000000000e+09,1.877056306080788772e-01,-6.452068016833261765e+01
7.290553333333333015e+09,4.347376541926024629e-01,-6.429751294584804100e+01
7.290616666666666985e+09,4.403239450585800796e-01,-6.431579145608201031e+01
7.290680000000000000e+09,4.085071872589480790e-01,-6.437147301498157503e+01
7.290743333333333015e+09,2.592938731315683754e-01,-6.454455113020890167e+01
7.290806666666666985e+09,3.435284620558434199e-01,-6.448418134238457355e+01
7.290870000000000000e+09,1.221830366413030333e-01,-6.472939156889904666e+01
7.290933333333333015e+09,1.788797341201160407e-01,-6.469655967252016637e+01
7.290996666666666985e+09,2.197951348079527634e-01,-6.467950907293227658e+01
7.291060000000000000e+09,2.545791091122850958e-01,-6.466858989972789118e+01
7.291123333333333015e+09,1.892641582807073064e-01,-6.475776965165940169e+01
7.291186666666666985e+09,1.122786717464947515e-01,-6.485861993929388802e+01
7.291250000000000000e+09,1.512357561009878282e-01,-6.484352765603901503e+01
7.291313333333333015e+09,1.779512685599797805e-01,-6.484067694467995580e+01
7.291376666666666985e+09,8.687790284525931384e-02,-6.495561511149495004e+01
7.291440000000000000e+09,1.515058153719905931e-01,-6.491485200006783884e+01
7.291503333333333015e+09,1.130457117515533128e-01,-6.497717690478820884e+01
7.291566666666666985e+09,2.049279639872736425e-02,-6.509359462124130857e+01
7.291630000000000000e+09,1.943683864023739716e-01,-6.494358383233726784e+01
7.291693333333333015e+09,1.158241689433481270e-01,-6.504599285089624061e+01
7.291756666666666985e+09,6.862442502554699786e-02,-6.511705739591431552e+01
7.291820000000000000e+09,1.327177346654764278e-01,-6.507682888737431881e+01
7.291883333333333015e+09,9.190626844605276347e-02,-6.514150515469336256e+01
7.291946666666666985e+09,7.859497355316591438e-02,-6.517868125068652319e+01
7.292010000000000000e+09,4.099793326247436198e-03,-6.527704123201337438e+01
7.292073333333333015e+09,2.231488555780458682e-01,-6.508185697086119603e+01
7.292136666666666985e+09,4.285478474696446938e-02,-6.528601584279255121e+01
7.292200000000000000e+09,1.099231828969351454e-01,-6.524281224574251326e+01
7.292263333333333015e+09,1.590789454449463847e-01,-6.521752128429410789e+01
7.292326666666666985e+09,4.869736166575933112e-02,-6.535176766917356872e+01
7.292390000000000000e+09,1.183300586608027061e-01,-6.530599977327847228e+01
7.292453333333333015e+09,6.840668394052329404e-02,-6.537978794909868441e+01
7.292516666666666985e+09,-3.224627414874703391e-02,-6.550430570828790167e+01
7.292580000000000000e+09,-1.678457492076290691e-03,-6.549760269273117785e+01
7.292643333333333015e+09,1.566935217963134619e-01,-6.536309551454272082e+01
7.292706666666666985e+09,5.743352614346974860e-02,-6.548622031129551146e+01
7.292770000000000000e+09,6.528190293713009851e-02,-6.550223673560179805e+01
7.292833333333333015e+09,-3.915140552136620045e-02,-6.563053484516022706e+01
7.292896666666666985e+09,-1.987131582495749171e-02,-6.563511955656376529e+01
7.292960000000000000e+09,6.516203307137402589e-02,-6.557395100876736649e+01
7.293023333333333015e+09,5.305097304764672117e-02,-6.560992686989104072e+01
7.293086666666666985e+09,4.589878025635130143e-02,-6.564094386378260992e+01
7.293150000000000000e+09,1.963258445963589338e-01,-6.551438160054220816e+01
7.293213333333333015e+09,8.017167239250966304e-02,-6.565440057384600436e+01
7.293276666666666985e+09,-1.167539019323413640e-01,-6.587519094927112917e+01
7.293340000000000000e+09,5.574294092033937886e-02,-6.572655890751805430e+01
7.293403333333333015e+09,6.123451202337548693e-02,-6.574493213751496512e+01
7.293466666666666985e+09,5.022030207406658064e-02,-6.577981114856454781e+01
7.293530000000000000e+09,1.947672175080157331e-01,-6.565912903423020452e+01
7.293593333333333015e+09,7.111151783361435719e-02,-6.580664953500453862e+01
7.293656666666666985e+09,4.036750880408135345e-02,-6.586125834513435962e+01
7.293720000000000000e+09,-5.418603854771220085e-02,-6.597967669358608589e+01
7.293783333333333015e+09,5.550470978671739886e-02,-6.589385074635126216e+01
7.293846666666666985e+09,2.685640384145386861e-01,-6.570465621882371465e+01
7.293910000000000000e+09,6.612352570303414723e-02,-6.593096153263516612e+01
7.293973333333333015e+09,4.550853935410259510e-02,-6.597544132008370354e+01
7.294036666666666985e+09,1.131385698195686018e-01,-6.593167609071851132e+01
7.294100000000000000e+09,-5.560769964183975844e-02,-6.612428716127986661e+01
7.294163333333333015e+09,8.135127526180951918e-02,-6.601119298747582320e+01
7.294226666666666985e+09,3.647382713755575878e-02,-6.607993523670035074e+01
7.294290000000000000e+09,8.350607586821467976e-02,-6.605676778906963875e+01
7.294353333333333015e+09,1.059269390919723719e-01,-6.605821172694547272e+01
7.294416666666666985e+09,1.367353972296712072e-01,-6.605126806990806188e+01
7.294480000000000000e+09,2.314746598666772570e-02,-6.618872080225099808e+01
7.294543333333333015e+09,1.127468118563541566e-01,-6.612298625748125858e+01
7.294606666666666985e+09,1.543917452867162865e-01,-6.610520612515082917e+01
7.294670000000000000e+09,1.038585196400134691e-01,-6.617960415189747891e+01
7.294733333333333015e+09,8.351775302770647613e-02,-6.622380971960973284e+01
7.294796666666666985e+09,5.521171632490506909e-02,-6.627598055741246696e+01
7.294860000000000000e+09,1.724982057009469827e-01,-6.618255886913637198e+01
7.294923333333333015e+09,1.745650519089991803e-01,-6.620435682402826671e+01
7.294986666666666985e+09,1.160747360495406610e-02,-6.639117920343258561e+01
7.295050000000000000e+09,2.034378583814060448e-01,-6.622321361975573950e+01
7.295113333333333015e+09,5.448716941218378906e-02,-6.639602910982489448e+01
7.295176666666666985e+09,-1.299770355397811272e-02,-6.648737878389134437e+01
7.295240000000000000e+09,1.490734400147175620e-02,-6.648333853743548616e+01
7.295303333333333015e+09,2.027394334532175435e-01,-6.631937124908368730e+01
7.295366666666666985e+09,-4.457979606728201816e-02,-6.659055527970446065e+01
7.295430000000000000e+09,1.775929973688050723e-01,-6.639224728736797942e+01
7.295493333333333015e+09,-5.271966328838573190e-02,-6.664642474912511716e+01
7.295556666666666985e+09,-8.250584578617292664e-02,-6.670007573272317813e+01
7.295620000000000000e+09,9.975879254528763340e-02,-6.654167589549166451e+01
7.295683333333333015e+09,5.178202554733957186e-02,-6.661351746358921844e+01
7.295746666666666985e+09,1.901145415732230504e-02,-6.667015283607950948e+01
7.295810000000000000e+09,1.025635897076995207e-01,-6.661046550162907920e+01
7.295873333333333015e+09,9.694363841883557598e-02,-6.663995025401753480e+01
7.295936666666666985e+09,1.692353962565249503e-01,-6.659152329728013342e+01
7.296000000000000000e+09,6.926966631731090729e-02,-6.671535382831928018e+01
7.296063333333333015e+09,-3.447193746622190247e-02,-6.684296023320241886e+01
7.296126666666666985e+09,1.744345905231625693e-02,-6.681490963778415448e+01
7.296190000000000000e+09,9.383132227169710404e-02,-6.676238657566472057e+01
7.296253333333333015e+09,-3.370208597726787048e-02,-6.691378478501329141e+01
7.296316666666666985e+09,1.673666070117008076e-02,-6.688721083943512724e+01
7.296380000000000000e+09,1.216251766979468130e-01,-6.680618712453829744e+01
7.296443333333333015e+09,1.958155173203124377e-02,-6.693209555060415994e+01
7.296506666666666985e+09,4.221341286454105557e-02,-6.693332849057158285e+01
7.296570000000000000e+09,1.079725012409369356e-01,-6.689143420329513390e+01
7.296633333333333015e+09,4.058358555838026405e-02,-6.698268792007762329e+01
7.296696666666666985e+09,1.563659809781938748e-01,-6.689077032575775661e+01
7.296760000000000000e+09,-5.724516828855996664e-02,-6.712824627612444317e+01
7.296823333333333015e+09,-1.666217971444439172e-02,-6.711152808865027453e+01
7.296886666666666985e+09,-1.102396794273374780e-02,-6.712975467797883766e+01
7.296950000000000000e+09,2.252680324732807549e-01,-6.691732747866242903e+01
7.297013333333333015e+09,-2.271700335768400691e-02,-6.718917731559334072e+01
7.297076666666666985e+09,1.542851228668382646e-01,-6.703603999046909223e+01
7.297140000000000000e+09,-9.997059215933745691e-03,-6.722418697365147011e+01
7.297203333333333015e+09,-6.905598067723417444e-02,-6.730711069621270326e+01
7.297266666666666985e+09,-9.512088504591531546e-02,-6.735704040168167239e+01
7.297330000000000000e+09,-1.113900394960865015e-02,-6.729692332168497160e+01
7.297393333333333015e+09,-8.180000778565954533e-03,-6.731782911961386162e+01
7.297456666666666985e+09,1.211592986186929011e-01,-6.721235462131687655e+01
7.297520000000000000e+09,3.436002456267317484e-02,-6.732301869647251635e+01
7.297583333333333015e+09,3.082038827950839277e-02,-6.735042313385561386e+01
7.297646666666666985e+09,4.670942235070185689e-02,-6.735839890088469417e+01
7.297710000000000000e+09,7.152580373558237170e-02,-6.735744732059976059e+01
7.297773333333333015e+09,3.882058656768094806e-02,-6.741401733886726788e+01
7.297836666666666985e+09,2.634944519056148238e-02,-6.745035328134466113e+01
7.297900000000000000e+09,-4.082489364662933440e-04,-6.750097577657163583e+01
7.297963333333333015e+09,1.083444790916558986e-01,-6.741608784964311951e+01
7.298026666666666985e+09,1.539083044862650240e-01,-6.739438882534878417e+01
7.298090000000000000e+09,7.758446986548506175e-02,-6.749457746106949685e+01
7.298153333333333015e+09,6.380401985234129825e-02,-6.753222271218226069e+01
7.298216666666666985e+09,7.813185638920572273e-02,-6.754175967674567005e+01
7.298280000000000000e+09,-2.150489379317832572e-04,-6.764397138317274027e+01
7.298343333333333015e+09,1.214494633748159913e-01,-6.754617167195993943e+01
7.298406666666666985e+09,1.274020484566023015e-01,-6.756408388797810005e+01
7.298470000000000000e+09,1.314274710606753160e-01,-6.758392326647395976e+01
7.298533333333333015e+09,-6.062144054983775732e-02,-6.779983697918441976e+01
7.298596666666666985e+09,-1.227466064088815756e-01,-6.788582694614339630e+01
7.298660000000000000e+09,-2.940662069056543260e-02,-6.781635176152502709e+01
7.298723333333333015e+09,1.708682071480893683e-02,-6.779372312121958544e+01
7.298786666666666985e+09,1.031075848915037341e-01,-6.773156715814317863e+01
7.298850000000000000e+09,-4.157049670344292736e-02,-6.790011004083773116e+01
7.298913333333333015e+09,-2.685390372299423234e-02,-6.790925824895721519e+01
7.298976666666666985e+09,-5.481347002253755818e-02,-6.796108261635703229e+01
7.299040000000000000e+09,4.370617918326047402e-02,-6.788642776825085434e+01
7.299103333333333015e+09,-6.741511992831306088e-02,-6.802141386846236060e+01
7.299166666666666985e+09,-3.729667842546291467e-02,-6.801516022805978423e+01
7.299230000000000000e+09,1.857759249814421310e-01,-6.781595242575248506e+01
7.299293333333333015e+09,1.346107547434627350e-01,-6.789098239709041138e+01
7.299356666666666985e+09,4.973729728956755025e-02,-6.799972065564458035e+01
7.299420000000000000e+09,8.094707585166815988e-02,-6.799237567818208561e+01
7.299483333333333015e+09,3.060253374349031219e-02,-6.806658502139021039e+01
7.299546666666666985e+09,7.934190783848293904e-02,-6.804171044839549154e+01
7.299610000000000000e+09,1.622444847133408530e-01,-6.798267267262056635e+01
7.299673333333333015e+09,8.792518960626694025e-02,-6.808085676882726034e+01
7.299736666666666985e+09,-5.785800073492453066e-02,-6.825050476026872559e+01
7.299800000000000000e+09,2.965673924461498245e-02,-6.818685482138911880e+01
7.299863333333333015e+09,-4.674757124250561446e-02,-6.828712393297584526e+01
7.299926666666666985e+09,9.507304577594766215e-02,-6.816916811705767998e+01
7.299990000000000000e+09,3.439152531555578207e-02,-6.825371443861800458e+01
7.300053333333333015e+09,1.040401050119328374e-01,-6.820793066002123339e+01
7.300116666666666985e+09,-1.155874153516833758e-02,-6.834739430766860835e+01
7.300180000000000000e+09,4.231601815399699262e-02,-6.831738434907938995e+01
7.300243333333333015e+09,1.958367700032113135e-01,-6.818772839833010835e+01
7.300306666666666985e+09,-2.247319069267916802e-02,-6.842990316012594576e+01
7.300370000000000000e+09,1.075615398899998354e-01,-6.832373323064321369e+01
7.300433333333333015e+09,3.943223943156226596e-02,-6.841572733220158398e+01
7.300496666666666985e+09,5.709479049525612027e-02,-6.842192958223783705e+01
7.300560000000000000e+09,1.685081719316343651e-01,-6.833438100190140574e+01
7.300623333333333015e+09,-4.882432544660275653e-02,-6.857557830037957558e+01
7.300686666666666985e+09,1.003553316681404795e-01,-6.845026344436477928e+01
7.300750000000000000e+09,3.225361410180482835e-02,-6.854222996303104765e+01
7.300813333333333015e+09,3.061550598579287907e-02,-6.856773287224700653e+01
7.300876666666666985e+09,9.988743683429390785e-02,-6.852232574249877928e+01
7.300940000000000000e+09,-4.650756173496972679e-02,-6.869258554216764878e+01
7.301003333333333015e+09,-7.348394278167802440e-02,-6.874342672431430401e+01
7.301066666666666985e+09,4.828453118616948814e-02,-6.864552305144673028e+01
7.301130000000000000e+09,9.164730991700764662e-02,-6.862602507381549799e+01
7.301193333333333015e+09,1.962086901059478805e-02,-6.872191631582185778e+01
7.301256666666666985e+09,7.732739714157332855e-03,-6.875766924621856901e+01
7.301320000000000000e+09,1.680556111806197350e-01,-6.862121117585171248e+01
7.301383333333333015e+09,1.282034065661719069e-02,-6.880031124747564775e+01
7.301446666666666985e+09,-2.654229440503286241e-02,-6.886353868363758579e+01
7.301510000000000000e+09,-2.877673665959434857e-02,-6.888963792699208000e+01
7.301573333333333015e+09,-9.041496852934471917e-02,-6.897514095996143624e+01
7.301636666666666985e+09,1.578270347185934952e-01,-6.875076375781377180e+01
7.301700000000000000e+09,7.524850439020269732e-02,-6.885720708924210953e+01
7.301763333333333015e+09,4.938589889690092605e-02,-6.890693449583501717e+01
7.301826666666666985e+09,8.821196168153733197e-02,-6.889197323415065455e+01
7.301890000000000000e+09,1.187755503756733333e-01,-6.888527444655646548e+01
7.301953333333333015e+09,-2.790338525694835425e-02,-6.905581818328869304e+01
7.302016666666666985e+09,-1.148643910441080607e-01,-6.916664399017612652e+01
7.302080000000000000e+09,1.031861062939896101e-01,-6.897245829393797578e+01
7.302143333333333015e+09,5.554589722012792663e-02,-6.904396330411177019e+01
7.302206666666666985e+09,1.009417032568080685e-01,-6.902243229917503697e+01
7.302270000000000000e+09,5.527855208868004411e-03,-6.914171094832290976e+01
7.302333333333333015e+09,1.860634552601254654e-01,-6.898504014937159923e+01
7.302396666666666985e+09,9.242053906417879716e-02,-6.910254786666747862e+01
7.302460000000000000e+09,7.876745323608247418e-02,-6.914006575359552187e+01
7.302523333333333015e+09,4.490187737253847899e-02,-6.919779613055901279e+01
7.302586666666666985e+09,4.596142445335260618e-02,-6.922060138457813139e+01
7.302650000000000000e+09,1.152567882658814824e-01,-6.917517082186554944e+01
7.302713333333333015e+09,5.005654882853605159e-02,-6.926423586240284180e+01
7.302776666666666985e+09,5.157084412206813795e-02,-6.928658636820958350e+01
7.302840000000000000e+09,3.913731618985138994e-02,-6.932288469724140612e+01
7.302903333333333015e+09,1.397741992615664230e-01,-6.924611261526962380e+01
7.302966666666666985e+09,-3.412873055410159395e-03,-6.941316448868688838e+01
7.303030000000000000e+09,9.267474875845493898e-02,-6.934094166797261494e+01
7.303093333333333015e+09,1.096311328159771392e-01,-6.934785008501503967e+01
7.303156666666666985e+09,2.069936471460209759e-02,-6.946064665421668849e+01
7.303220000000000000e+09,8.970947560413833344e-02,-6.941550134442675812e+01
7.303283333333333015e+09,1.008822875398607266e-01,-6.942819333359098266e+01
7.303346666666666985e+09,-3.755570064691937660e-02,-6.959049612287803654e+01
7.303410000000000000e+09,3.639309193826534283e-02,-6.954041213139279876e+01
7.303473333333333015e+09,7.310002536941340168e-02,-6.952756999906125657e+01
7.303536666666666985e+09,3.747361430855278286e-02,-6.958706121122239097e+01
7.303600000000000000e+09,5.433999260162636347e-02,-6.959405963402926432e+01
7.303663333333333015e+09,2.806736304179935360e-02,-6.964419706468868299e+01
7.303726666666666985e+09,-1.509205460159535050e-02,-6.971122128343235147e+01
7.303790000000000000e+09,1.101677364445379226e-01,-6.960982629348616513e+01
7.303853333333333015e+09,1.400258762048736116e-01,-6.960383295482543531e+01
7.303916666666666985e+09,1.455080305181866152e-02,-6.975317282907876404e+01
7.303980000000000000e+09,1.499044473821271595e-01,-6.964168398584840247e+01
7.304043333333333015e+09,1.063844465905532388e-01,-6.970906878773992332e+01
7.304106666666666985e+09,3.390528563237182880e-02,-6.980541274979803745e+01
7.304170000000000000e+09,8.340632121404212285e-02,-6.977977651531631409e+01
7.304233333333333015e+09,8.164654944155813610e-02,-6.980540108818874501e+01
7.304296666666666985e+09,9.573081473936895236e-02,-6.981518162399086691e+01
7.304360000000000000e+09,9.397265717029767984e-02,-6.984080458265987090e+01
7.304423333333333015e+09,-1.932668621122957120e-02,-6.997796872714134508e+01
7.304486666666666985e+09,2.279212599536037942e-01,-6.975458558207645865e+01
7.304550000000000000e+09,1.057092818145264346e-01,-6.990066236131546873e+01
7.304613333333333015e+09,2.062539168281318780e-02,-7.000961105254712891e+01
7.304676666666666985e+09,9.750015268770084731e-02,-6.995660109264251503e+01
7.304740000000000000e+09,9.320403675472732630e-02,-6.998476200967509442e+01
7.304803333333333015e+09,3.694886572777988931e-02,-7.006488198180198879e+01
7.304866666666666985e+09,1.180063032031881676e-01,-7.000768934542685429e+01
7.304930000000000000e+09,9.573841552467854399e-02,-7.005382203420496978e+01
7.304993333333333015e+09,1.628037322435886836e-01,-7.001062151858599236e+01
7.305056666666666985e+09,1.697700352871009954e-01,-7.002752001664275383e+01
7.305120000000000000e+09,-1.523165314320351627e-02,-7.023638650617267842e+01
7.305183333333333015e+09,3.475914724923256927e-02,-7.021026050688017506e+01
7.305246666666666985e+09,-1.997396633535686306e-02,-7.028885842156503827e+01
7.305310000000000000e+09,1.407107709688375508e-01,-7.015203848536079079e+01
7.305373333333333015e+09,1.106180646726784289e-01,-7.020599599275655578e+01
7.305436666666666985e+09,8.706660278964761801e-02,-7.025341225573986037e+01
7.305500000000000000e+09,3.421295745378927222e-02,-7.033013070217566565e+01
7.305563333333333015e+09,5.889067155764848849e-02,-7.032931778917141230e+01
7.305626666666666985e+09,7.393734015361985712e-02,-7.033813592167571471e+01
7.305690000000000000e+09,1.722929137092137353e-01,-7.026364514922005355e+01
7.305753333333333015e+09,8.021037043761225505e-02,-7.037959249359127512e+01
7.305816666666666985e+09,4.740160186358366445e-03,-7.047892750494280278e+01
7.305880000000000000e+09,1.383419558285226003e-01,-7.036919051040057127e+01
7.305943333333333015e+09,-2.249434907143665896e-02,-7.055389161640047746e+01
7.306006666666666985e+09,7.599356582642258218e-02,-7.047926850260256515e+01
7.306070000000000000e+09,4.686477921549681014e-02,-7.053226209031342364e+01
7.306133333333333015e+09,5.780588974346301256e-03,-7.059721108165452108e+01
7.306196666666666985e+09,1.276711345822576504e-01,-7.049918533714655666e+01
7.306260000000000000e+09,3.661077107524590701e-02,-7.061411050175350113e+01
7.306323333333333015e+09,1.296823665432356165e-01,-7.054490370738544414e+01
7.306386666666666985e+09,9.219824659356845586e-02,-7.060625262843507244e+01
7.306450000000000000e+09,7.553586098788400705e-02,-7.064677981514068961e+01
7.306513333333333015e+09,1.686855335692172275e-01,-7.057749494365928911e+01
7.306576666666666985e+09,8.853974273260689642e-02,-7.068150553559617322e+01
7.306640000000000000e+09,-9.102498056350327715e-03,-7.080301257748475052e+01
7.306703333333333015e+09,1.773594610751842993e-01,-7.064041541945314862e+01
7.306766666666666985e+09,9.654102477783510494e-02,-7.074509865685077159e+01
7.306830000000000000e+09,-5.404010158301275624e-03,-7.087090849288652805e+01
7.306893333333333015e+09,2.016659604194757094e-01,-7.068770332340868379e+01
7.306956666666666985e+09,3.563569264851196294e-02,-7.087759839227992131e+01
7.307020000000000000e+09,4.867460349468899494e-02,-7.088842428253336436e+01
7.307083333333333015e+09,7.419871468614758214e-02,-7.088676497244183849e+01
7.307146666666666985e+09,8.720358038273445800e-02,-7.089762490784552540e+01
7.307210000000000000e+09,1.058879249178090731e-01,-7.090280536441038350e+01
7.307273333333333015e+09,2.879797707781506233e-02,-7.100376011334999760e+01
7.307336666666666985e+09,-2.832842352361808480e-03,-7.105925573388044825e+01
7.307400000000000000e+09,9.456343084559648560e-02,-7.098572426178242267e+01
7.307463333333333015e+09,1.361740788191951879e-01,-7.096797841490844405e+01
7.307526666666666985e+09,1.191591956889084258e-01,-7.100885809913900459e+01
7.307590000000000000e+09,-1.716177762483539482e-02,-7.116904387355268113e+01
7.307653333333333015e+09,6.192933594108751549e-02,-7.111381756108637830e+01
7.307716666666666985e+09,7.383409684706521148e-02,-7.112577760128067439e+01
7.307780000000000000e+09,1.355391696647103572e-01,-7.108793732956296196e+01
7.307843333333333015e+09,1.757900826847418330e-01,-7.107155121764253636e+01
7.307906666666666985e+09,4.488775177068760058e-02,-7.122631834965687858e+01
7.307970000000000000e+09,1.193267989683306496e-01,-7.117574410355916825e+01
7.308033333333333015e+09,6.913797551791844853e-02,-7.124979772810951317e+01
7.308096666666666985e+09,1.411153518511838456e-01,-7.120168515287619471e+01
7.308160000000000000e+09,1.422197313699768983e-01,-7.122444557445734858e+01
7.308223333333333015e+09,8.393506529387195769e-04,-7.138969075627431948e+01
7.308286666666666985e+09,8.406670791367787388e-02,-7.133032820011352726e+01
7.308350000000000000e+09,1.751759467222768762e-02,-7.142074211445492438e+01
7.308413333333333015e+09,1.223048364105778774e-01,-7.133981967381650691e+01
7.308476666666666985e+09,1.652897417918808287e-01,-7.132069956953547774e+01
7.308540000000000000e+09,1.566247583402144983e-01,-7.135322935408676415e+01
7.308603333333333015e+09,1.740776774517058811e-01,-7.135964123607520548e+01
7.308666666666666985e+09,1.422975481204105108e-01,-7.141528616650677463e+01
7.308730000000000000e+09,2.228949811225504618e-01,-7.135855353460424055e+01
7.308793333333333015e+09,7.834278718760856464e-03,-7.159747903810797709e+01
7.308856666666666985e+09,1.001150473174305944e-01,-7.152906307060958113e+01
7.308920000000000000e+09,8.089345045618756558e-03,-7.164495357398099884e+01
7.308983333333333015e+09,-1.120649088231573387e-01,-7.178897262894972187e+01
7.309046666666666985e+09,8.214223652537100406e-02,-7.161863028470146730e+01
7.309110000000000000e+09,1.770609272800527378e-02,-7.170693122959876575e+01
7.309173333333333015e+09,5.216671077639034593e-02,-7.169633541265000076e+01
7.309236666666666985e+09,1.082045622771801163e-01,-7.166416236224948477e+01
7.309300000000000000e+09,1.075766822256838395e-01,-7.168865504340091377e+01
7.309363333333333015e+09,-3.943973812566525794e-02,-7.185953626485186874e+01
7.309426666666666985e+09,3.776411712669869303e-02,-7.180619721069977857e+01
7.309490000000000000e+09,1.180480890622135348e-01,-7.174977803986421065e+01
7.309553333333333015e+09,4.148475320906186425e-02,-7.185020617681696820e+01
7.309616666666666985e+09,7.577920540316540610e-02,-7.183977652572313843e+01
7.309680000000000000e+09,6.300092489540531915e-02,-7.187641960733084545e+01
7.309743333333333015e+09,1.238591572589626821e-01,-7.183942617606687975e+01
7.309806666666666985e+09,1.568358116834502880e-01,-7.183031432274268013e+01
7.309870000000000000e+09,1.058128881713855662e-01,-7.190520204735469179e+01
7.309933333333333015e+09,1.381465388788996052e-01,-7.189673319774711047e+01
7.309996666666666985e+09,7.526615245282641808e-02,-7.198347838527311637e+01
7.310060000000000000e+09,4.522003850611611142e-02,-7.203738930031977361e+01
7.310123333333333015e+09,1.305224099686341788e-01,-7.197595172995720247e+01
7.310186666666666985e+09,5.405018513476989028e-02,-7.207628875589099948e+01
7.310250000000000000e+09,2.366207365678008046e-02,-7.213054166846893622e+01
7.310313333333333015e+09,1.587536842289978267e-01,-7.201931485899666541e+01
7.310376666666666985e+09,4.851268970438127326e-02,-7.215342065462155574e+01
7.310440000000000000e+09,1.028881097003164768e-01,-7.212291003572522641e+01
7.310503333333333015e+09,-2.043310640024742497e-02,-7.227009605292573724e+01
7.310566666666666985e+09,1.864636592368640322e-02,-7.225488138170207719e+01
7.310630000000000000e+09,1.977404893010543674e-01,-7.209965205942430089e+01
7.310693333333333015e+09,3.834780650952041015e-02,-7.228290954331578178e+01
7.310756666666666985e+09,9.195985622966418305e-03,-7.233592616530262376e+01
7.310820000000000000e+09,2.960725355723070606e-02,-7.233937969846795113e+01
7.310883333333333015e+09,9.501700387077960386e-02,-7.229783474925434916e+01
7.310946666666666985e+09,1.340375557099235948e-01,-7.228267899851547895e+01
7.311010000000000000e+09,5.254743354036861547e-02,-7.238803392178463980e+01
7.311073333333333015e+09,9.022598793757197200e-02,-7.237422016848738338e+01
7.311136666666666985e+09,1.463428733979270646e-01,-7.234196808412730206e+01
7.311200000000000000e+09,2.977250768887529375e-02,-7.248240325093630076e+01
7.311263333333333015e+09,9.120325513683269492e-02,-7.244483730458793502e+01
7.311326666666666985e+09,9.672893885540645442e-02,-7.246317642196964925e+01
7.311390000000000000e+09,1.033678272879683391e-01,-7.248040233463703430e+01
7.311453333333333015e+09,1.146171473819492803e-01,-7.249301781564264502e+01
7.311516666666666985e+09,4.912088570125661136e-02,-7.258237887842361147e+01
7.311580000000000000e+09,8.782745702389149756e-02,-7.256753710820092351e+01
7.311643333333333015e+09,1.064738244335643458e-01,-7.257275554189085653e+01
7.311706666666666985e+09,4.339713632556652101e-02,-7.265969703109912814e+01
7.311770000000000000e+09,1.452430606864254514e-01,-7.258171590783821614e+01
7.311833333333333015e+09,1.810320423408029455e-02,-7.273272056539050823e+01
7.311896666666666985e+09,8.709247360857830245e-02,-7.268759609711594294e+01
7.311960000000000000e+09,5.333567587101128993e-03,-7.279321980423736704e+01
7.312023333333333015e+09,6.089759321034193817e-02,-7.276152057971407316e+01
7.312086666666666985e+09,-2.024519077637876308e-02,-7.286652816480072659e+01
7.312150000000000000e+09,1.012069742176890941e-01,-7.276894080090659145e+01
7.312213333333333015e+09,7.818542774401748829e-03,-7.288619403344982572e+01
7.312276666666666985e+09,1.520067360232246756e-02,-7.290267670372219300e+01
7.312340000000000000e+09,-2.156488859066030273e-02,-7.296330706701476743e+01
7.312403333333333015e+09,1.238586460525681332e-01,-7.284174833347148592e+01
7.312466666666666985e+09,1.896573872834750318e-01,-7.279981439334085280e+01
7.312530000000000000e+09,1.069278263187953826e-01,-7.290640875540513832e+01
7.312593333333333015e+09,2.597101261842738040e-02,-7.301123037020545326e+01
7.312656666666666985e+09,1.311859393450731659e-01,-7.292988024457908125e+01
7.312720000000000000e+09,1.606700062021957365e-01,-7.292426097882156455e+01
7.312783333333333015e+09,-1.519981688842619860e-02,-7.312399560301211920e+01
7.312846666666666985e+09,7.289221643399912409e-02,-7.305976837078996766e+01
7.312910000000000000e+09,1.892834122329247748e-01,-7.296724197609066209e+01
7.312973333333333015e+09,9.363712842048244056e-02,-7.308675306100303715e+01
7.313036666666666985e+09,-3.977701731456306788e-02,-7.324403200783835644e+01
7.313100000000000000e+09,5.171690799200234778e-02,-7.317640288363173795e+01
7.313163333333333015e+09,5.053332893017170591e-02,-7.320145126379317446e+01
7.313226666666666985e+09,1.848335532986311591e-02,-7.325736603849375683e+01
7.313290000000000000e+09,9.329595875976792740e-02,-7.320641823616379895e+01
7.313353333333333015e+09,6.873089224694695076e-02,-7.325484810377622580e+01
7.313416666666666985e+09,2.419078044239597602e-02,-7.332325301668105055e+01
7.313480000000000000e+09,8.579282886692851662e-02,-7.328551576935645073e+01
7.313543333333333015e+09,2.950572944303075928e-02,-7.336566766987996857e+01
7.313606666666666985e+09,6.326492010212803052e-02,-7.335577328032114508e+01
7.313670000000000000e+09,1.040990204353278159e-01,-7.333880398108787801e+01
7.313733333333333015e+09,1.359247377715178118e-02,-7.345317532884600098e+01
7.313796666666666985e+09,9.806025136278151422e-02,-7.339257235236031818e+01
7.313860000000000000e+09,1.063171542335226150e-01,-7.340818025058950980e+01
7.313923333333333015e+09,1.553825255877399059e-01,-7.338297968033523944e+01
7.313986666666666985e+09,8.272910173447201032e-02,-7.347949790528845426e+01
7.314050000000000000e+09,4.955898566883831791e-02,-7.353653282245402067e+01
7.314113333333333015e+09,6.981753827763270692e-02,-7.354013907094515901e+01
7.314176666666666985e+09,8.668430950849881356e-02,-7.354713710081425404e+01
7.314240000000000000e+09,1.311101556673150981e-01,-7.352657605575537048e+01
7.314303333333333015e+09,1.526800340185161531e-01,-7.352887097850410214e+01
7.314366666666666985e+09,1.426991398851100712e-01,-7.356271667373778200e+01
7.314430000000000000e+09,7.406979128097646026e-02,-7.365521082344153569e+01
7.314493333333333015e+09,7.542553325995982050e-02,-7.367771988256248505e+01
7.314556666666666985e+09,5.597785684454947841e-02,-7.372103236007816918e+01
7.314620000000000000e+09,4.752431097311671238e-02,-7.375335070704922202e+01
7.314683333333333015e+09,-4.745738576501423722e-02,-7.387219720488728569e+01
7.314746666666666985e+09,2.148843631439945057e-02,-7.382711618390814579e+01
7.314810000000000000e+09,5.491004455549841623e-02,-7.381755937676666690e+01
7.314873333333333015e+09,3.465156222225118654e-02,-7.386168266019984685e+01
7.314936666666666985e+09,-2.036614589893304128e-02,-7.394056516942130486e+01
7.315000000000000000e+09,1.612883486287728374e-01,-7.378277547599353170e+01
