# freq_Hz, amplitude_dBm
7.125000000000000000e+09,-8.978772852313699104e+01
7.125063333333333015e+09,-8.996945009627380330e+01
7.125126666666666985e+09,-8.948065427085920476e+01
7.125190000000000000e+09,-9.035147286038494485e+01
7.125253333333333015e+09,-8.942940188134838309e+01
7.125316666666666985e+09,-9.013413540888137732e+01
7.125380000000000000e+09,-8.990341020274108530e+01
7.125443333333333015e+09,-8.964262160257506196e+01
7.125506666666666985e+09,-9.035852917170961973e+01
7.125570000000000000e+09,-8.992054207993632531e+01
7.125633333333333015e+09,-8.925045463894478814e+01
7.125696666666666985e+09,-9.062567277023690338e+01
7.125760000000000000e+09,-8.999220170283096820e+01
7.125823333333333015e+09,-9.047892858485857914e+01
7.125886666666666985e+09,-9.022759041868469865e+01
7.125950000000000000e+09,-8.929498365846913543e+01
7.126013333333333015e+09,-9.012405363680696269e+01
7.126076666666666985e+09,-8.994072001481418965e+01
7.126140000000000000e+09,-9.035259155657995223e+01
7.126203333333333015e+09,-9.027411095602576552e+01
7.126266666666666985e+09,-9.012270014742527735e+01
7.126330000000000000e+09,-9.039595770878077019e+01
7.126393333333333015e+09,-9.011642301783497544e+01
7.126456666666666985e+09,-8.963778127784277672e+01
7.126520000000000000e+09,-8.955856432649545695e+01
7.126583333333333015e+09,-9.010246307656063891e+01
7.126646666666666985e+09,-8.979826848816452411e+01
7.126710000000000000e+09,-9.038161842977801541e+01
7.126773333333333015e+09,-8.986245687157574480e+01
7.126836666666666985e+09,-9.054934915560781405e+01
7.126900000000000000e+09,-9.002596572127120567e+01
7.126963333333333015e+09,-8.914168783669677509e+01
7.127026666666666985e+09,-8.950358506721099161e+01
7.127090000000000000e+09,-9.026980456867090652e+01
7.127153333333333015e+09,-8.959235316891643208e+01
7.127216666666666985e+09,-8.919539427749809590e+01
7.127280000000000000e+09,-9.015495744017327695e+01
7.127343333333333015e+09,-9.073840800486590297e+01
7.127406666666666985e+09,-8.962593437708009958e+01
7.127470000000000000e+09,-9.022447764531577263e+01
7.127533333333333015e+09,-8.992453129116647403e+01
7.127596666666666985e+09,-8.954728081124082451e+01
7.127660000000000000e+09,-8.987805490421344246e+01
7.127723333333333015e+09,-8.986754000191419323e+01
7.127786666666666985e+09,-9.013233381900539598e+01
7.127850000000000000e+09,-9.020946506811382903e+01
7.127913333333333015e+09,-8.986713243258995476e+01
7.127976666666666985e+09,-8.930712610028278675e+01
7.128040000000000000e+09,-8.976552956673563699e+01
7.128103333333333015e+09,-8.974824915609170262e+01
7.128166666666666985e+09,-8.997648169861294321e+01
7.128230000000000000e+09,-8.935962716702250930e+01
7.128293333333333015e+09,-8.991851131766100025e+01
7.128356666666666985e+09,-8.951420252489462825e+01
7.128420000000000000e+09,-8.986693847386752054e+01
7.128483333333333015e+09,-8.945897695504847036e+01
7.128546666666666985e+09,-8.979135265229884055e+01
7.128610000000000000e+09,-8.910832216414638651e+01
7.128673333333333015e+09,-8.994740385228749346e+01
7.128736666666666985e+09,-9.006946524201937621e+01
7.128800000000000000e+09,-8.989997480382938022e+01
7.128863333333333015e+09,-9.051568076585346034e+01
7.128926666666666985e+09,-9.019585623779762784e+01
7.128990000000000000e+09,-9.012920623768735595e+01
7.129053333333333015e+09,-9.049273900982581154e+01
7.129116666666666985e+09,-9.005187601023821742e+01
7.129180000000000000e+09,-8.938067370389083521e+01
7.129243333333333015e+09,-8.984459625762846713e+01
7.129306666666666985e+09,-8.999150013816857552e+01
7.129370000000000000e+09,-9.026227869842571749e+01
7.129433333333333015e+09,-9.090067715221476874e+01
7.129496666666666985e+09,-8.991678511686018282e+01
7.129560000000000000e+09,-8.894027017645322530e+01
7.129623333333333015e+09,-9.036286562687836010e+01
7.129686666666666985e+09,-9.003875137449131216e+01
7.129750000000000000e+09,-9.053530239586527273e+01
7.129813333333333015e+09,-9.048139302923131311e+01
7.129876666666666985e+09,-8.960094598786548659e+01
7.129940000000000000e+09,-8.992744949689569012e+01
7.130003333333333015e+09,-8.958546620302959695e+01
7.130066666666666985e+09,-8.987809104559049445e+01
7.130130000000000000e+09,-9.012579189551244951e+01
7.130193333333333015e+09,-9.028724196500837706e+01
7.130256666666666985e+09,-8.962278970458123695e+01
7.130320000000000000e+09,-8.909224854427195339e+01
7.130383333333333015e+09,-8.982066337186179794e+01
7.130446666666666985e+09,-8.997893461394087922e+01
7.130510000000000000e+09,-9.047705154225054969e+01
7.130573333333333015e+09,-8.983095497467758150e+01
7.130636666666666985e+09,-8.969176791013053673e+01
7.130700000000000000e+09,-8.988946591564582889e+01
7.130763333333333015e+09,-8.990897474878232742e+01
7.130826666666666985e+09,-8.964236306536801635e+01
7.130890000000000000e+09,-8.998758093996009677e+01
7.130953333333333015e+09,-9.043493175030563691e+01
7.131016666666666985e+09,-8.961279351609260857e+01
7.131080000000000000e+09,-8.980247438596987308e+01
7.131143333333333015e+09,-9.007989099431669899e+01
7.131206666666666985e+09,-8.942564844795026602e+01
7.131270000000000000e+09,-8.959436644060173194e+01
7.131333333333333015e+09,-8.956759813259270686e+01
7.131396666666666985e+09,-8.979972074484240352e+01
7.131460000000000000e+09,-9.019775087834116789e+01
7.131523333333333015e+09,-9.039722110981946912e+01
7.131586666666666985e+09,-9.002960181903472403e+01
7.131650000000000000e+09,-8.975795280793830955e+01
7.131713333333333015e+09,-8.991486631575286026e+01
7.131776666666666985e+09,-8.928255663498896411e+01
7.131840000000000000e+09,-8.871137582958270684e+01
7.131903333333333015e+09,-9.014661617878915933e+01
7.131966666666666985e+09,-8.987933202075836903e+01
7.132030000000000000e+09,-8.946560867640815218e+01
7.132093333333333015e+09,-8.952339952291710290e+01
7.132156666666666985e+09,-8.971509508065383898e+01
7.132220000000000000e+09,-9.038847719238899003e+01
7.132283333333333015e+09,-9.022380468660540487e+01
7.132346666666666985e+09,-9.009189971826577903e+01
7.132410000000000000e+09,-8.950247361321642359e+01
7.132473333333333015e+09,-8.944831773048129264e+01
7.132536666666666985e+09,-8.968777009562313651e+01
7.132600000000000000e+09,-8.975952129291059123e+01
7.132663333333333015e+09,-8.973169373604198995e+01
7.132726666666666985e+09,-9.008788433212097857e+01
7.132790000000000000e+09,-8.954250389714218272e+01
7.132853333333333015e+09,-8.889071219802050905e+01
7.132916666666666985e+09,-9.021888935614430238e+01
7.132980000000000000e+09,-8.962440686802963796e+01
7.133043333333333015e+09,-8.950676427791876222e+01
7.133106666666666985e+09,-9.004587532578339903e+01
7.133170000000000000e+09,-8.980785681860450609e+01
7.133233333333333015e+09,-9.075172797409516079e+01
7.133296666666666985e+09,-8.996394826754993801e+01
7.133360000000000000e+09,-8.938711416261440945e+01
7.133423333333333015e+09,-9.065604342214705014e+01
7.133486666666666985e+09,-9.017867755926828011e+01
7.133550000000000000e+09,-8.935172451633150104e+01
7.133613333333333015e+09,-9.000401011421850228e+01
7.133676666666666985e+09,-8.916772470678560580e+01
7.133740000000000000e+09,-8.970880566132706235e+01
7.133803333333333015e+09,-8.931650905013050590e+01
7.133866666666666985e+09,-8.979381155110797863e+01
7.133930000000000000e+09,-8.979829640754209663e+01
7.133993333333333015e+09,-8.939274294325777248e+01
7.134056666666666985e+09,-8.953635734655767919e+01
7.134120000000000000e+09,-8.921492424341066396e+01
7.134183333333333015e+09,-8.969144646867390236e+01
7.134246666666666985e+09,-9.025470213844684508e+01
7.134310000000000000e+09,-8.936065343740112610e+01
7.134373333333333015e+09,-8.960004105143930531e+01
7.134436666666666985e+09,-8.941457237956198867e+01
7.134500000000000000e+09,-8.998718306070360029e+01
7.134563333333333015e+09,-9.048060437903305342e+01
7.134626666666666985e+09,-8.934303333748911768e+01
7.134690000000000000e+09,-8.971609148898875219e+01
7.134753333333333015e+09,-9.029386567439323130e+01
7.134816666666666985e+09,-9.010804679190817978e+01
7.134880000000000000e+09,-8.982125238076632456e+01
7.134943333333333015e+09,-8.948570651596998005e+01
7.135006666666666985e+09,-9.003423738535775556e+01
7.135070000000000000e+09,-8.991433244561389415e+01
7.135133333333333015e+09,-9.095317004326888366e+01
7.135196666666666985e+09,-9.012817840376564504e+01
7.135260000000000000e+09,-9.014392491257468976e+01
7.135323333333333015e+09,-8.949030877515711779e+01
7.135386666666666985e+09,-8.998009463017504572e+01
7.135450000000000000e+09,-8.952387694833038267e+01
7.135513333333333015e+09,-8.932446496667265023e+01
7.135576666666666985e+09,-8.971452581632323131e+01
7.135640000000000000e+09,-8.963828537140039998e+01
7.135703333333333015e+09,-9.007044547424735015e+01
7.135766666666666985e+09,-8.955081684549183763e+01
7.135830000000000000e+09,-9.015912681093868741e+01
7.135893333333333015e+09,-9.031720125250801345e+01
7.135956666666666985e+09,-8.995793748988350558e+01
7.136020000000000000e+09,-8.899109305897613353e+01
7.136083333333333015e+09,-9.001624083940841103e+01
7.136146666666666985e+09,-9.028251106931364234e+01
7.136210000000000000e+09,-9.004152155102229926e+01
7.136273333333333015e+09,-9.043247271911178586e+01
7.136336666666666985e+09,-9.076223116114164213e+01
7.136400000000000000e+09,-8.952917284181080504e+01
7.136463333333333015e+09,-9.072406044417796522e+01
7.136526666666666985e+09,-9.015503456190474196e+01
7.136590000000000000e+09,-8.973062039040112836e+01
7.136653333333333015e+09,-8.996083739145083769e+01
7.136716666666666985e+09,-8.930225346073726200e+01
7.136780000000000000e+09,-9.043815719298926581e+01
7.136843333333333015e+09,-8.973061333888659874e+01
7.136906666666666985e+09,-9.017818418101140310e+01
7.136970000000000000e+09,-8.896187368096649095e+01
7.137033333333333015e+09,-8.979973111941475850e+01
7.137096666666666985e+09,-8.887303299359808761e+01
7.137160000000000000e+09,-9.041752581886092344e+01
7.137223333333333015e+09,-8.974340210675849505e+01
7.137286666666666985e+09,-9.082483509477356165e+01
7.137350000000000000e+09,-8.978942501622570660e+01
7.137413333333333015e+09,-8.964868657107098215e+01
7.137476666666666985e+09,-8.895696323391416627e+01
7.137540000000000000e+09,-8.964156516775850037e+01
7.137603333333333015e+09,-8.960517986803108670e+01
7.137666666666666985e+09,-8.956057888872713590e+01
7.137730000000000000e+09,-8.995248770405630978e+01
7.137793333333333015e+09,-8.957415612234390778e+01
7.137856666666666985e+09,-8.978307666271071241e+01
7.137920000000000000e+09,-8.981906931369144331e+01
7.137983333333333015e+09,-9.006601982097572545e+01
7.138046666666666985e+09,-8.959518636302647110e+01
7.138110000000000000e+09,-8.995647964282171927e+01
7.138173333333333015e+09,-8.974915805853235895e+01
7.138236666666666985e+09,-9.004873126975783748e+01
7.138300000000000000e+09,-9.021565364783590724e+01
7.138363333333333015e+09,-9.051289559240784399e+01
7.138426666666666985e+09,-8.903242190931260325e+01
7.138490000000000000e+09,-8.908047635774047990e+01
7.138553333333333015e+09,-8.983361489012455081e+01
7.138616666666666985e+09,-8.971665599407118918e+01
7.138680000000000000e+09,-8.954294031517008534e+01
7.138743333333333015e+09,-9.024037099564915820e+01
7.138806666666666985e+09,-8.998633361029524735e+01
7.138870000000000000e+09,-8.984924950590892934e+01
7.138933333333333015e+09,-8.933385127745410159e+01
7.138996666666666985e+09,-8.970540261695464324e+01
7.139060000000000000e+09,-8.942594402362874462e+01
7.139123333333333015e+09,-9.049774609671447934e+01
7.139186666666666985e+09,-8.925121636911065082e+01
7.139250000000000000e+09,-8.938122588416797498e+01
7.139313333333333015e+09,-9.013830384444760568e+01
7.139376666666666985e+09,-8.963914917144427363e+01
7.139440000000000000e+09,-9.019857147351132198e+01
7.139503333333333015e+09,-9.009327175995709069e+01
7.139566666666666985e+09,-9.053936933688838451e+01
7.139630000000000000e+09,-8.941661181863402419e+01
7.139693333333333015e+09,-8.978119585378021839e+01
7.139756666666666985e+09,-8.941731051534083008e+01
7.139820000000000000e+09,-8.894726305937143707e+01
7.139883333333333015e+09,-8.995120081197242712e+01
7.139946666666666985e+09,-9.001453449328919021e+01
7.140010000000000000e+09,-8.917758722359762658e+01
7.140073333333333015e+09,-8.963409211139071431e+01
7.140136666666666985e+09,-8.971800953121760358e+01
7.140200000000000000e+09,-8.912338493520772431e+01
7.140263333333333015e+09,-8.963411676989018417e+01
7.140326666666666985e+09,-8.999869579060657543e+01
7.140390000000000000e+09,-8.985444187764285573e+01
7.140453333333333015e+09,-8.927248254241294489e+01
7.140516666666666985e+09,-8.963011722801385872e+01
7.140580000000000000e+09,-8.938447632290291267e+01
7.140643333333333015e+09,-8.946247176923235145e+01
7.140706666666666985e+09,-8.990175185774458555e+01
7.140770000000000000e+09,-9.000778622933630402e+01
7.140833333333333015e+09,-8.974799119804394820e+01
7.140896666666666985e+09,-8.939854642477970970e+01
7.140960000000000000e+09,-8.976265927860839611e+01
7.141023333333333015e+09,-9.010105155512380293e+01
7.141086666666666985e+09,-8.912286341033816939e+01
7.141150000000000000e+09,-9.008191001013371135e+01
7.141213333333333015e+09,-9.008699821820003706e+01
7.141276666666666985e+09,-8.996329774924740263e+01
7.141340000000000000e+09,-9.037137053177596613e+01
7.141403333333333015e+09,-8.907587954761048366e+01
7.141466666666666985e+09,-8.914818085928139624e+01
7.141530000000000000e+09,-8.910437576848325136e+01
7.141593333333333015e+09,-8.971237157148974006e+01
7.141656666666666985e+09,-8.998629269322916002e+01
7.141720000000000000e+09,-9.067749910203471586e+01
7.141783333333333015e+09,-8.931994566102532929e+01
7.141846666666666985e+09,-8.979121180988553874e+01
7.141910000000000000e+09,-9.054912838250629648e+01
7.141973333333333015e+09,-9.031173608217008564e+01
7.142036666666666985e+09,-9.005574054871688361e+01
7.142100000000000000e+09,-8.973707773125256892e+01
7.142163333333333015e+09,-8.995668942036033400e+01
7.142226666666666985e+09,-8.906126433260658359e+01
7.142290000000000000e+09,-8.997890056496859756e+01
7.142353333333333015e+09,-8.941113883962299269e+01
7.142416666666666985e+09,-8.952101388517847624e+01
7.142480000000000000e+09,-8.943814533936185285e+01
7.142543333333333015e+09,-8.995010935159467635e+01
7.142606666666666985e+09,-9.011350554650057632e+01
7.142670000000000000e+09,-8.914702039849656501e+01
7.142733333333333015e+09,-8.991438341567494774e+01
7.142796666666666985e+09,-8.988576883470489065e+01
7.142860000000000000e+09,-8.983391308273357367e+01
7.142923333333333015e+09,-8.972464523512158507e+01
7.142986666666666985e+09,-8.957929491175421788e+01
7.143050000000000000e+09,-8.981739979006185592e+01
7.143113333333333015e+09,-9.038964203251545371e+01
7.143176666666666985e+09,-8.956753918742222709e+01
7.143240000000000000e+09,-8.966823076067487364e+01
7.143303333333333015e+09,-9.015964307284284018e+01
7.143366666666666985e+09,-8.975727066309312363e+01
7.143430000000000000e+09,-9.009381132520891811e+01
7.143493333333333015e+09,-8.988568647585043436e+01
7.143556666666666985e+09,-9.007251706018850257e+01
7.143620000000000000e+09,-9.002043410131616952e+01
7.143683333333333015e+09,-9.022952010755757613e+01
7.143746666666666985e+09,-8.997390727293571899e+01
7.143810000000000000e+09,-8.923937351418189223e+01
7.143873333333333015e+09,-8.894612770160833293e+01
7.143936666666666985e+09,-8.973890841788177397e+01
7.144000000000000000e+09,-8.920220553372830352e+01
7.144063333333333015e+09,-8.897308646757771555e+01
7.144126666666666985e+09,-9.065254583220473705e+01
7.144190000000000000e+09,-9.020607638830270503e+01
7.144253333333333015e+09,-9.027830505065455213e+01
7.144316666666666985e+09,-9.045724660247674365e+01
7.144380000000000000e+09,-9.010634846155411992e+01
7.144443333333333015e+09,-9.018815733862641082e+01
7.144506666666666985e+09,-9.050324297854447764e+01
7.144570000000000000e+09,-8.999504420840059993e+01
7.144633333333333015e+09,-8.918291890797843280e+01
7.144696666666666985e+09,-9.022412368393489146e+01
7.144760000000000000e+09,-9.072418691814739589e+01
7.144823333333333015e+09,-8.940328469592715521e+01
7.144886666666666985e+09,-8.932770300011836184e+01
7.144950000000000000e+09,-8.941314487936435285e+01
7.145013333333333015e+09,-8.967829304451760208e+01
7.145076666666666985e+09,-8.981828773047426751e+01
7.145140000000000000e+09,-8.958929347776467011e+01
7.145203333333333015e+09,-8.911028801760467388e+01
7.145266666666666985e+09,-8.936419867016360286e+01
7.145330000000000000e+09,-8.932614607058513911e+01
7.145393333333333015e+09,-9.046759480874337100e+01
7.145456666666666985e+09,-8.937924359367671912e+01
7.145520000000000000e+09,-9.041232748986760726e+01
7.145583333333333015e+09,-9.034517417228664726e+01
7.145646666666666985e+09,-8.958183372236649689e+01
7.145710000000000000e+09,-8.995224097116702922e+01
7.145773333333333015e+09,-8.939329125790264641e+01
7.145836666666666985e+09,-8.897438342502022124e+01
7.145900000000000000e+09,-8.994944451008102249e+01
7.145963333333333015e+09,-9.039527159812382706e+01
7.146026666666666985e+09,-9.017209982772922672e+01
7.146090000000000000e+09,-8.950684543741371613e+01
7.146153333333333015e+09,-9.019549315362326070e+01
7.146216666666666985e+09,-9.003426671145098226e+01
7.146280000000000000e+09,-8.942960255229870370e+01
7.146343333333333015e+09,-9.041662214305914347e+01
7.146406666666666985e+09,-8.952909971734894157e+01
7.146470000000000000e+09,-8.977169192792965191e+01
7.146533333333333015e+09,-8.999856830635184224e+01
7.146596666666666985e+09,-8.992309713411096084e+01
7.146660000000000000e+09,-8.955219594778655789e+01
7.146723333333333015e+09,-9.070618147017475508e+01
7.146786666666666985e+09,-8.974130591795612588e+01
7.146850000000000000e+09,-9.026211956211808740e+01
7.146913333333333015e+09,-8.989797189417060963e+01
7.146976666666666985e+09,-8.894011963337503346e+01
7.147040000000000000e+09,-9.014685794617935244e+01
7.147103333333333015e+09,-8.994444772399691601e+01
7.147166666666666985e+09,-9.020305761222232377e+01
7.147230000000000000e+09,-9.068028773243182172e+01
7.147293333333333015e+09,-8.966455257913467847e+01
7.147356666666666985e+09,-8.965821654373833383e+01
7.147420000000000000e+09,-8.939516874964068904e+01
7.147483333333333015e+09,-8.988582715531335054e+01
7.147546666666666985e+09,-9.070091900602982093e+01
7.147610000000000000e+09,-9.020584417113886389e+01
7.147673333333333015e+09,-8.994142341661080309e+01
7.147736666666666985e+09,-8.978398967670179331e+01
7.147800000000000000e+09,-8.994465589367541725e+01
7.147863333333333015e+09,-8.948475254172920756e+01
7.147926666666666985e+09,-9.053981730059211941e+01
7.147990000000000000e+09,-9.011656571790823023e+01
7.148053333333333015e+09,-9.002684700204498824e+01
7.148116666666666985e+09,-8.966217665517274327e+01
7.148180000000000000e+09,-9.048100235306861805e+01
7.148243333333333015e+09,-9.052434025301630527e+01
7.148306666666666985e+09,-9.065738137295204524e+01
7.148370000000000000e+09,-9.030605508231889189e+01
7.148433333333333015e+09,-9.020367725865364150e+01
7.148496666666666985e+09,-9.084304903955566601e+01
7.148560000000000000e+09,-9.015534884108788560e+01
7.148623333333333015e+09,-9.111751282138587271e+01
7.148686666666666985e+09,-9.104098252826267412e+01
7.148750000000000000e+09,-9.119139094817737146e+01
7.148813333333333015e+09,-9.337034064791923527e+01
7.148876666666666985e+09,-9.311472539319282760e+01
7.148940000000000000e+09,-9.141410622445611978e+01
7.149003333333333015e+09,-8.964729385290340247e+01
7.149066666666666985e+09,-8.980201706570315423e+01
7.149130000000000000e+09,-8.962341606104821778e+01
7.149193333333333015e+09,-8.976477562399155374e+01
7.149256666666666985e+09,-9.030498157996834152e+01
7.149320000000000000e+09,-8.991852486283376322e+01
7.149383333333333015e+09,-8.982992236743486103e+01
7.149446666666666985e+09,-8.941486506774441523e+01
7.149510000000000000e+09,-8.992532864249267277e+01
7.149573333333333015e+09,-8.908311752060070887e+01
7.149636666666666985e+09,-9.054040010724381204e+01
7.149700000000000000e+09,-9.016282428136840110e+01
7.149763333333333015e+09,-8.957849306441889325e+01
7.149826666666666985e+09,-9.016323890081211800e+01
7.149890000000000000e+09,-9.004933391776120288e+01
7.149953333333333015e+09,-8.923678503628183023e+01
7.150016666666666985e+09,-8.996870901118282404e+01
7.150080000000000000e+09,-9.015327581862776185e+01
7.150143333333333015e+09,-8.887203537828514754e+01
7.150206666666666985e+09,-8.999199358620130340e+01
7.150270000000000000e+09,-8.983238082537252467e+01
7.150333333333333015e+09,-8.969810507644621111e+01
7.150396666666666985e+09,-8.971619447349213772e+01
7.150460000000000000e+09,-8.929577927811401139e+01
7.150523333333333015e+09,-8.965194452624119492e+01
7.150586666666666985e+09,-9.004613430433458632e+01
7.150650000000000000e+09,-8.925305321250925772e+01
7.150713333333333015e+09,-8.934680991391304872e+01
7.150776666666666985e+09,-8.956413702957421208e+01
7.150840000000000000e+09,-8.912003690649406451e+01
7.150903333333333015e+09,-9.054216295274203219e+01
7.150966666666666985e+09,-8.956340495398896451e+01
7.151030000000000000e+09,-8.986328024766547173e+01
7.151093333333333015e+09,-9.037241597636844403e+01
7.151156666666666985e+09,-8.963569827758755082e+01
7.151220000000000000e+09,-8.948406682133919787e+01
7.151283333333333015e+09,-8.988764163359788029e+01
7.151346666666666985e+09,-8.921329388744223365e+01
7.151410000000000000e+09,-8.946399383399653971e+01
7.151473333333333015e+09,-8.957839603642983661e+01
7.151536666666666985e+09,-8.989145862228973272e+01
7.151600000000000000e+09,-8.942632933255549688e+01
7.151663333333333015e+09,-9.060920357641477096e+01
7.151726666666666985e+09,-8.929923907513320103e+01
7.151790000000000000e+09,-9.046879906274158145e+01
7.151853333333333015e+09,-8.951756568367972022e+01
7.151916666666666985e+09,-8.935932599478503846e+01
7.151980000000000000e+09,-8.992438114051701348e+01
7.152043333333333015e+09,-8.960165692112859404e+01
7.152106666666666985e+09,-8.971003539652170389e+01
7.152170000000000000e+09,-8.974949668779092349e+01
7.152233333333333015e+09,-8.964022600448905109e+01
7.152296666666666985e+09,-8.977507174691396585e+01
7.152360000000000000e+09,-8.920856071288793032e+01
7.152423333333333015e+09,-9.015342884085767139e+01
7.152486666666666985e+09,-9.045210786893940735e+01
7.152550000000000000e+09,-8.909400654756119309e+01
7.152613333333333015e+09,-9.031267246144950889e+01
7.152676666666666985e+09,-8.945990984478514463e+01
7.152740000000000000e+09,-8.972701312267396645e+01
7.152803333333333015e+09,-9.006998980630683604e+01
7.152866666666666985e+09,-8.978674715999666489e+01
7.152930000000000000e+09,-8.938225931950239556e+01
7.152993333333333015e+09,-9.020887929031771080e+01
7.153056666666666985e+09,-8.942707441266321666e+01
7.153120000000000000e+09,-9.040590941335709374e+01
7.153183333333333015e+09,-8.952892040970738208e+01
7.153246666666666985e+09,-8.970356365105674001e+01
7.153310000000000000e+09,-9.008082091897455257e+01
7.153373333333333015e+09,-9.088247027016691959e+01
7.153436666666666985e+09,-8.996703126668805339e+01
7.153500000000000000e+09,-8.991740450660095973e+01
7.153563333333333015e+09,-9.049049015708595789e+01
7.153626666666666985e+09,-8.896499438920912439e+01
7.153690000000000000e+09,-8.944038170691221978e+01
7.153753333333333015e+09,-8.901412370474022850e+01
7.153816666666666985e+09,-8.970505681346664062e+01
7.153880000000000000e+09,-9.035326642518111839e+01
7.153943333333333015e+09,-8.923052434927305399e+01
7.154006666666666985e+09,-8.978601950416715738e+01
7.154070000000000000e+09,-8.994063843167397465e+01
7.154133333333333015e+09,-8.948718182335623794e+01
7.154196666666666985e+09,-9.060909493385733526e+01
7.154260000000000000e+09,-8.975384586110457974e+01
7.154323333333333015e+09,-8.954699248787778743e+01
7.154386666666666985e+09,-8.996920597538959896e+01
7.154450000000000000e+09,-8.980474082104917954e+01
7.154513333333333015e+09,-8.984159211433453152e+01
7.154576666666666985e+09,-9.018288278824051929e+01
7.154640000000000000e+09,-9.026801513037626989e+01
7.154703333333333015e+09,-8.953421046356552893e+01
7.154766666666666985e+09,-8.927479786133270068e+01
7.154830000000000000e+09,-8.976531126982303022e+01
7.154893333333333015e+09,-8.951538105536643286e+01
7.154956666666666985e+09,-8.929816630301158398e+01
7.155020000000000000e+09,-8.951933638337619925e+01
7.155083333333333015e+09,-8.960760610201438681e+01
7.155146666666666985e+09,-8.958241667008624631e+01
7.155210000000000000e+09,-8.945630055395423597e+01
7.155273333333333015e+09,-8.966035035457917957e+01
7.155336666666666985e+09,-8.939294357489190190e+01
7.155400000000000000e+09,-8.960114525548291908e+01
7.155463333333333015e+09,-9.023761614259299790e+01
7.155526666666666985e+09,-8.956053399328069986e+01
7.155590000000000000e+09,-8.997087561771401454e+01
7.155653333333333015e+09,-9.041328817200378865e+01
7.155716666666666985e+09,-9.037774095822557285e+01
7.155780000000000000e+09,-9.013937251133683048e+01
7.155843333333333015e+09,-9.017768506583186650e+01
7.155906666666666985e+09,-8.873615047172870618e+01
7.155970000000000000e+09,-8.911436205072692474e+01
7.156033333333333015e+09,-8.951555044684624818e+01
7.156096666666666985e+09,-9.006385069753315520e+01
7.156160000000000000e+09,-8.918180785382017461e+01
7.156223333333333015e+09,-8.932259316084845580e+01
7.156286666666666985e+09,-8.962435881702847951e+01
7.156350000000000000e+09,-9.030510026553554326e+01
7.156413333333333015e+09,-8.931467230740962293e+01
7.156476666666666985e+09,-8.964136934576893623e+01
7.156540000000000000e+09,-8.967526726347333010e+01
7.156603333333333015e+09,-9.023705707776800011e+01
7.156666666666666985e+09,-9.016414820397736207e+01
7.156730000000000000e+09,-9.100830918843945483e+01
7.156793333333333015e+09,-9.030409414589624362e+01
7.156856666666666985e+09,-9.043066485724150994e+01
7.156920000000000000e+09,-9.005792454627417953e+01
7.156983333333333015e+09,-8.969651002585891320e+01
7.157046666666666985e+09,-8.925051278093997098e+01
7.157110000000000000e+09,-8.965139254071496566e+01
7.157173333333333015e+09,-8.988983842407330371e+01
7.157236666666666985e+09,-9.007254988803325091e+01
7.157300000000000000e+09,-8.900346897184894601e+01
7.157363333333333015e+09,-9.085729744279520048e+01
7.157426666666666985e+09,-8.977634720266200929e+01
7.157490000000000000e+09,-9.016561367734807675e+01
7.157553333333333015e+09,-8.979655261984540005e+01
7.157616666666666985e+09,-9.014035798326391102e+01
7.157680000000000000e+09,-8.952146853622642197e+01
7.157743333333333015e+09,-9.025771130919028451e+01
7.157806666666666985e+09,-8.963425802820415811e+01
7.157870000000000000e+09,-8.941868859667694380e+01
7.157933333333333015e+09,-8.919695890350475054e+01
7.157996666666666985e+09,-9.022765713023483158e+01
7.158060000000000000e+09,-8.960257161260122416e+01
7.158123333333333015e+09,-9.008031564128783941e+01
7.158186666666666985e+09,-8.942138148898452243e+01
7.158250000000000000e+09,-8.936761872493516989e+01
7.158313333333333015e+09,-9.142432235395767748e+01
7.158376666666666985e+09,-9.046238705289397330e+01
7.158440000000000000e+09,-8.986089114469984906e+01
7.158503333333333015e+09,-8.968438544035281268e+01
7.158566666666666985e+09,-9.056527207715014072e+01
7.158630000000000000e+09,-9.078364375683543130e+01
7.158693333333333015e+09,-9.059509391980454041e+01
7.158756666666666985e+09,-8.913085749527837720e+01
7.158820000000000000e+09,-8.998147995260578114e+01
7.158883333333333015e+09,-8.966116727113535489e+01
7.158946666666666985e+09,-9.002011603359052572e+01
7.159010000000000000e+09,-8.979617341296169286e+01
7.159073333333333015e+09,-8.983301935471129696e+01
7.159136666666666985e+09,-9.013612997644897007e+01
7.159200000000000000e+09,-8.937360823004976851e+01
7.159263333333333015e+09,-9.059995877874015946e+01
7.159326666666666985e+09,-8.960788085228909949e+01
7.159390000000000000e+09,-9.030924097469652168e+01
7.159453333333333015e+09,-9.024723513579390044e+01
7.159516666666666985e+09,-8.926635573386116107e+01
7.159580000000000000e+09,-8.921317811610245485e+01
7.159643333333333015e+09,-8.974027756912576592e+01
7.159706666666666985e+09,-9.061354930832197851e+01
7.159770000000000000e+09,-9.003114898437564761e+01
7.159833333333333015e+09,-8.954239028251548405e+01
7.159896666666666985e+09,-8.984271223357131930e+01
7.159960000000000000e+09,-8.987215530783785766e+01
7.160023333333333015e+09,-8.956041695661907909e+01
7.160086666666666985e+09,-8.984754824824679531e+01
7.160150000000000000e+09,-8.997728119217012477e+01
7.160213333333333015e+09,-9.054557223491104878e+01
7.160276666666666985e+09,-8.937633837064157660e+01
7.160340000000000000e+09,-9.055915833372728230e+01
7.160403333333333015e+09,-9.000747646350640707e+01
7.160466666666666985e+09,-9.038296894246397528e+01
7.160530000000000000e+09,-9.023658366953135612e+01
7.160593333333333015e+09,-9.022459922866485726e+01
7.160656666666666985e+09,-9.002027153263426840e+01
7.160720000000000000e+09,-8.967482350357389009e+01
7.160783333333333015e+09,-8.926555519447728670e+01
7.160846666666666985e+09,-9.013471636549692789e+01
7.160910000000000000e+09,-9.105764051545489224e+01
7.160973333333333015e+09,-9.081950027481369148e+01
7.161036666666666985e+09,-8.971495104460777270e+01
7.161100000000000000e+09,-9.055234197427873255e+01
7.161163333333333015e+09,-8.970617168530287699e+01
7.161226666666666985e+09,-9.021977911144516327e+01
7.161290000000000000e+09,-8.964002411224089428e+01
7.161353333333333015e+09,-8.995984329032596349e+01
7.161416666666666985e+09,-8.980611527976613218e+01
7.161480000000000000e+09,-8.982757717049706514e+01
7.161543333333333015e+09,-8.962853078427730225e+01
7.161606666666666985e+09,-9.025668871535981452e+01
7.161670000000000000e+09,-8.969651182421350200e+01
7.161733333333333015e+09,-9.100049871550521630e+01
7.161796666666666985e+09,-8.960309926245633960e+01
7.161860000000000000e+09,-9.045735362725378081e+01
7.161923333333333015e+09,-8.973617184480985998e+01
7.161986666666666985e+09,-8.973991819521744162e+01
7.162050000000000000e+09,-8.943404874906684654e+01
7.162113333333333015e+09,-9.008267270752838840e+01
7.162176666666666985e+09,-9.014250487799913003e+01
7.162240000000000000e+09,-8.983675137658957510e+01
7.162303333333333015e+09,-9.021035342702484172e+01
7.162366666666666985e+09,-9.010415527082591325e+01
7.162430000000000000e+09,-8.965775298912865310e+01
7.162493333333333015e+09,-9.054303991768978221e+01
7.162556666666666985e+09,-9.038281970304366553e+01
7.162620000000000000e+09,-8.981302477995834010e+01
7.162683333333333015e+09,-9.011284045039690227e+01
7.162746666666666985e+09,-9.003493265529640155e+01
7.162810000000000000e+09,-9.026259336813365053e+01
7.162873333333333015e+09,-9.005993428603120776e+01
7.162936666666666985e+09,-8.985133137321581387e+01
7.163000000000000000e+09,-8.971720738008593798e+01
7.163063333333333015e+09,-9.073549340777672967e+01
7.163126666666666985e+09,-8.988536214166558125e+01
7.163190000000000000e+09,-9.034883822296164624e+01
7.163253333333333015e+09,-9.058793091527221009e+01
7.163316666666666985e+09,-9.034972801176832036e+01
7.163380000000000000e+09,-8.982547266382552209e+01
7.163443333333333015e+09,-8.999647989907442991e+01
7.163506666666666985e+09,-8.983431457397138331e+01
7.163570000000000000e+09,-8.938805692405081516e+01
7.163633333333333015e+09,-8.993383878017937150e+01
7.163696666666666985e+09,-8.978938818001378763e+01
7.163760000000000000e+09,-8.958401856816908548e+01
7.163823333333333015e+09,-8.961670476228577797e+01
7.163886666666666985e+09,-8.930891911197079480e+01
7.163950000000000000e+09,-9.040300875574030215e+01
7.164013333333333015e+09,-8.981115514707954617e+01
7.164076666666666985e+09,-9.047408897534290872e+01
7.164140000000000000e+09,-9.039429228302766717e+01
7.164203333333333015e+09,-8.954585930946453232e+01
7.164266666666666985e+09,-9.031979380178908912e+01
7.164330000000000000e+09,-9.039841829102647353e+01
7.164393333333333015e+09,-8.997587285833100168e+01
7.164456666666666985e+09,-9.010745391207311172e+01
7.164520000000000000e+09,-8.905719991098462174e+01
7.164583333333333015e+09,-8.978746628781922823e+01
7.164646666666666985e+09,-8.966522216387562594e+01
7.164710000000000000e+09,-8.993758619637756624e+01
7.164773333333333015e+09,-8.956619583831626130e+01
7.164836666666666985e+09,-8.899033644168427770e+01
7.164900000000000000e+09,-9.033943203612018635e+01
7.164963333333333015e+09,-9.035210750396424828e+01
7.165026666666666985e+09,-9.031387139236318262e+01
7.165090000000000000e+09,-8.949561830306755894e+01
7.165153333333333015e+09,-9.030057956264592178e+01
7.165216666666666985e+09,-9.023569035268849348e+01
7.165280000000000000e+09,-8.987832854561317220e+01
7.165343333333333015e+09,-9.197100386020154872e+01
7.165406666666666985e+09,-8.927195625733665452e+01
7.165470000000000000e+09,-8.937045334870097690e+01
7.165533333333333015e+09,-9.009727513169173108e+01
7.165596666666666985e+09,-8.961568675104906845e+01
7.165660000000000000e+09,-9.040481473283705327e+01
7.165723333333333015e+09,-9.022316347168170125e+01
7.165786666666666985e+09,-8.955140177835681925e+01
7.165850000000000000e+09,-9.013964030671404259e+01
7.165913333333333015e+09,-8.923564005421424383e+01
7.165976666666666985e+09,-9.006003349645547473e+01
7.166040000000000000e+09,-9.029582663490357675e+01
7.166103333333333015e+09,-8.965092663465257772e+01
7.166166666666666985e+09,-9.000842733061026024e+01
7.166230000000000000e+09,-9.066331489519103570e+01
7.166293333333333015e+09,-8.994600093637244242e+01
7.166356666666666985e+09,-9.073731155520805203e+01
7.166420000000000000e+09,-8.948357865920681320e+01
7.166483333333333015e+09,-8.986274473319468825e+01
7.166546666666666985e+09,-8.982653051746191863e+01
7.166610000000000000e+09,-8.924820901799191120e+01
7.166673333333333015e+09,-9.023797147457449341e+01
7.166736666666666985e+09,-9.020722399463281249e+01
7.166800000000000000e+09,-8.972721881713147241e+01
7.166863333333333015e+09,-8.971855746140236931e+01
7.166926666666666985e+09,-8.999876778725068505e+01
7.166990000000000000e+09,-8.973935178546724956e+01
7.167053333333333015e+09,-9.102199008391750112e+01
7.167116666666666985e+09,-9.014605198225552840e+01
7.167180000000000000e+09,-8.989110405505070389e+01
7.167243333333333015e+09,-8.965144645397921863e+01
7.167306666666666985e+09,-9.010037427285143963e+01
7.167370000000000000e+09,-9.031065964698240123e+01
7.167433333333333015e+09,-8.970602138700502337e+01
7.167496666666666985e+09,-8.978168458709419042e+01
7.167560000000000000e+09,-8.916909251712809237e+01
7.167623333333333015e+09,-9.056747521518144595e+01
7.167686666666666985e+09,-8.955573851474676417e+01
7.167750000000000000e+09,-9.001351057944222589e+01
7.167813333333333015e+09,-8.923259955102408014e+01
7.167876666666666985e+09,-8.970634900139984325e+01
7.167940000000000000e+09,-9.013621561508730906e+01
7.168003333333333015e+09,-8.991081965868126247e+01
7.168066666666666985e+09,-9.003274433338431493e+01
7.168130000000000000e+09,-9.026648714624647596e+01
7.168193333333333015e+09,-8.992754287497331234e+01
7.168256666666666985e+09,-8.996403167594507977e+01
7.168320000000000000e+09,-9.083100995527135524e+01
7.168383333333333015e+09,-9.075486311575764375e+01
7.168446666666666985e+09,-8.983466406494721923e+01
7.168510000000000000e+09,-9.085841643753326480e+01
7.168573333333333015e+09,-9.035522364784378624e+01
7.168636666666666985e+09,-8.966186484606326701e+01
7.168700000000000000e+09,-9.012337607733567779e+01
7.168763333333333015e+09,-9.061030538498465603e+01
7.168826666666666985e+09,-8.948759720151143426e+01
7.168890000000000000e+09,-9.066348037242052271e+01
7.168953333333333015e+09,-9.019279521568064695e+01
7.169016666666666985e+09,-9.014015972639435859e+01
7.169080000000000000e+09,-9.077360622545990054e+01
7.169143333333333015e+09,-8.923754999934925536e+01
7.169206666666666985e+09,-9.016092619962584820e+01
7.169270000000000000e+09,-9.118367733347082549e+01
7.169333333333333015e+09,-8.994689071552713244e+01
7.169396666666666985e+09,-8.990416689890196267e+01
7.169460000000000000e+09,-9.027245505536657788e+01
7.169523333333333015e+09,-8.992646413077807210e+01
7.169586666666666985e+09,-9.014551469366743675e+01
7.169650000000000000e+09,-9.003685495902431057e+01
7.169713333333333015e+09,-8.932555476292480989e+01
7.169776666666666985e+09,-8.964834946595883025e+01
7.169840000000000000e+09,-8.992658368942716152e+01
7.169903333333333015e+09,-9.065671915037512463e+01
7.169966666666666985e+09,-8.926168487929049888e+01
7.170030000000000000e+09,-9.051544674243262989e+01
7.170093333333333015e+09,-9.001780102037466236e+01
7.170156666666666985e+09,-8.929539575766429493e+01
7.170220000000000000e+09,-8.961131592177656557e+01
7.170283333333333015e+09,-9.051702384357888320e+01
7.170346666666666985e+09,-8.979894262704530661e+01
7.170410000000000000e+09,-9.023786118616354202e+01
7.170473333333333015e+09,-8.953842793223225272e+01
7.170536666666666985e+09,-9.028333417807850481e+01
7.170600000000000000e+09,-8.994832079052500262e+01
7.170663333333333015e+09,-9.062261389203392525e+01
7.170726666666666985e+09,-9.046321917802910662e+01
7.170790000000000000e+09,-9.012353342280930235e+01
7.170853333333333015e+09,-8.973786071659111485e+01
7.170916666666666985e+09,-9.073624821031678778e+01
7.170980000000000000e+09,-8.966142590984226501e+01
7.171043333333333015e+09,-8.989022649257063335e+01
7.171106666666666985e+09,-9.086869963460371480e+01
7.171170000000000000e+09,-8.939831691441925443e+01
7.171233333333333015e+09,-8.948598343590433046e+01
7.171296666666666985e+09,-9.054315578631245387e+01
7.171360000000000000e+09,-8.980875144306128277e+01
7.171423333333333015e+09,-9.017664488102300879e+01
7.171486666666666985e+09,-9.012025528084316761e+01
7.171550000000000000e+09,-9.092658247442503239e+01
7.171613333333333015e+09,-8.990198571887862045e+01
7.171676666666666985e+09,-9.008432669269963355e+01
7.171740000000000000e+09,-9.022518800547585727e+01
7.171803333333333015e+09,-9.049506599071436597e+01
7.171866666666666985e+09,-9.027942777422785525e+01
7.171930000000000000e+09,-9.026738175760382887e+01
7.171993333333333015e+09,-8.893022612113983882e+01
7.172056666666666985e+09,-9.057662884811369963e+01
7.172120000000000000e+09,-9.028257156813151596e+01
7.172183333333333015e+09,-8.964937611649816063e+01
7.172246666666666985e+09,-8.960067640827574564e+01
7.172310000000000000e+09,-8.975549370700336738e+01
7.172373333333333015e+09,-9.004231363279627942e+01
7.172436666666666985e+09,-8.972565808593850534e+01
7.172500000000000000e+09,-8.944368274573287181e+01
7.172563333333333015e+09,-8.984924983512796359e+01
7.172626666666666985e+09,-8.937003789750576743e+01
7.172690000000000000e+09,-8.977951987274457224e+01
7.172753333333333015e+09,-9.077842976207921311e+01
7.172816666666666985e+09,-9.025778039968942323e+01
7.172880000000000000e+09,-9.043586405290825780e+01
7.172943333333333015e+09,-9.003309887340574846e+01
7.173006666666666985e+09,-9.001775036906181526e+01
7.173070000000000000e+09,-8.933803870515731660e+01
7.173133333333333015e+09,-8.893452100620672240e+01
7.173196666666666985e+09,-9.046228144973306939e+01
7.173260000000000000e+09,-8.887297673270758480e+01
7.173323333333333015e+09,-8.999910347375200104e+01
7.173386666666666985e+09,-8.916297926092603632e+01
7.173450000000000000e+09,-8.993640584273347827e+01
7.173513333333333015e+09,-9.032693104354180491e+01
7.173576666666666985e+09,-9.005661369239740566e+01
7.173640000000000000e+09,-9.069976551575679480e+01
7.173703333333333015e+09,-9.034042565272839909e+01
7.173766666666666985e+09,-8.963814488605055431e+01
7.173830000000000000e+09,-8.992888767269705852e+01
7.173893333333333015e+09,-8.972357312909322502e+01
7.173956666666666985e+09,-8.985411253391256992e+01
7.174020000000000000e+09,-9.021787755334985093e+01
7.174083333333333015e+09,-8.954863757178077321e+01
7.174146666666666985e+09,-9.033350791534176949e+01
7.174210000000000000e+09,-9.026994121161904161e+01
7.174273333333333015e+09,-8.980347991995185453e+01
7.174336666666666985e+09,-9.040061746347410576e+01
7.174400000000000000e+09,-8.976706495937122554e+01
7.174463333333333015e+09,-9.023620424780233407e+01
7.174526666666666985e+09,-9.021496460313551324e+01
7.174590000000000000e+09,-9.033585873439081126e+01
7.174653333333333015e+09,-8.934383828122294346e+01
7.174716666666666985e+09,-9.008148215162361794e+01
7.174780000000000000e+09,-9.021395045705021687e+01
7.174843333333333015e+09,-9.054929640897873355e+01
7.174906666666666985e+09,-8.957591512222563779e+01
7.174970000000000000e+09,-9.029602164196759873e+01
7.175033333333333015e+09,-8.982205582073147809e+01
7.175096666666666985e+09,-9.030084511318916896e+01
7.175160000000000000e+09,-8.942298815576580751e+01
7.175223333333333015e+09,-8.973768575519591195e+01
7.175286666666666985e+09,-8.999606450233655153e+01
7.175350000000000000e+09,-8.942973857249049274e+01
7.175413333333333015e+09,-8.999777278391164259e+01
7.175476666666666985e+09,-8.976776622143661655e+01
7.175540000000000000e+09,-9.029741880304027291e+01
7.175603333333333015e+09,-9.026078137855650141e+01
7.175666666666666985e+09,-9.090581747432538862e+01
7.175730000000000000e+09,-9.139591279446192118e+01
7.175793333333333015e+09,-8.954677038447142934e+01
7.175856666666666985e+09,-8.956760843962916852e+01
7.175920000000000000e+09,-8.993710985935314284e+01
7.175983333333333015e+09,-8.985450241571163588e+01
7.176046666666666985e+09,-9.010739918354238398e+01
7.176110000000000000e+09,-9.031479377867286473e+01
7.176173333333333015e+09,-8.971930520814899523e+01
7.176236666666666985e+09,-9.077600252818058379e+01
7.176300000000000000e+09,-9.035490347640450182e+01
7.176363333333333015e+09,-8.971596248555231057e+01
7.176426666666666985e+09,-8.994437687314116658e+01
7.176490000000000000e+09,-8.990710752631468949e+01
7.176553333333333015e+09,-9.009388269830465390e+01
7.176616666666666985e+09,-8.981746438550572975e+01
7.176680000000000000e+09,-8.939751568411625726e+01
7.176743333333333015e+09,-8.988788869134302217e+01
7.176806666666666985e+09,-9.023436223817986956e+01
7.176870000000000000e+09,-9.028108422251807497e+01
7.176933333333333015e+09,-8.982796457730594852e+01
7.176996666666666985e+09,-9.045911487962138153e+01
7.177060000000000000e+09,-8.998062750884456307e+01
7.177123333333333015e+09,-8.935259416667827281e+01
7.177186666666666985e+09,-8.918612844248335136e+01
7.177250000000000000e+09,-9.006534875873747126e+01
7.177313333333333015e+09,-9.015218643722421632e+01
7.177376666666666985e+09,-8.994365558498166990e+01
7.177440000000000000e+09,-8.975105746456810607e+01
7.177503333333333015e+09,-8.938726901721473439e+01
7.177566666666666985e+09,-8.902558218137421875e+01
7.177630000000000000e+09,-9.050591693540977190e+01
7.177693333333333015e+09,-8.969627979976357324e+01
7.177756666666666985e+09,-8.989642744469016122e+01
7.177820000000000000e+09,-8.985522112912626369e+01
7.177883333333333015e+09,-9.041387889651650767e+01
7.177946666666666985e+09,-8.991045211522168756e+01
7.178010000000000000e+09,-9.026437882935256596e+01
7.178073333333333015e+09,-9.031533378655333877e+01
7.178136666666666985e+09,-8.966288162822755226e+01
7.178200000000000000e+09,-8.988881354083392239e+01
7.178263333333333015e+09,-8.975833423069184391e+01
7.178326666666666985e+09,-8.994204362008841258e+01
7.178390000000000000e+09,-9.020643310752817001e+01
7.178453333333333015e+09,-9.003925235189079501e+01
7.178516666666666985e+09,-8.972103548058781541e+01
7.178580000000000000e+09,-9.015969067002143333e+01
7.178643333333333015e+09,-8.978285633165887702e+01
7.178706666666666985e+09,-8.985950892760074282e+01
7.178770000000000000e+09,-9.075783415198546322e+01
7.178833333333333015e+09,-8.957984948161549710e+01
7.178896666666666985e+09,-9.019340452804050301e+01
7.178960000000000000e+09,-9.030173501853724360e+01
7.179023333333333015e+09,-9.034831528863854544e+01
7.179086666666666985e+09,-9.038875617500647763e+01
7.179150000000000000e+09,-9.003607783239149853e+01
7.179213333333333015e+09,-8.975159918984699914e+01
7.179276666666666985e+09,-9.062530816729078254e+01
7.179340000000000000e+09,-8.977162316076874049e+01
7.179403333333333015e+09,-8.992884252331792538e+01
7.179466666666666985e+09,-8.966978572514128132e+01
7.179530000000000000e+09,-9.009952221783423454e+01
7.179593333333333015e+09,-8.988590766382910147e+01
7.179656666666666985e+09,-8.915120454835690111e+01
7.179720000000000000e+09,-9.013624794579047261e+01
7.179783333333333015e+09,-8.974756458621193644e+01
7.179846666666666985e+09,-9.028928116809048277e+01
7.179910000000000000e+09,-8.978625878539358496e+01
7.179973333333333015e+09,-8.939176901742763448e+01
7.180036666666666985e+09,-8.999033662389628319e+01
7.180100000000000000e+09,-8.994744632380152893e+01
7.180163333333333015e+09,-9.045714735591353417e+01
7.180226666666666985e+09,-9.037147719756276842e+01
7.180290000000000000e+09,-9.006745399623392245e+01
7.180353333333333015e+09,-9.036478111076465325e+01
7.180416666666666985e+09,-9.019245146438885286e+01
7.180480000000000000e+09,-8.942748080067575245e+01
7.180543333333333015e+09,-8.992402741687774892e+01
7.180606666666666985e+09,-9.001980040021884122e+01
7.180670000000000000e+09,-9.050307109128569039e+01
7.180733333333333015e+09,-9.053347094836438202e+01
7.180796666666666985e+09,-9.010556597625182462e+01
7.180860000000000000e+09,-9.035574498500176333e+01
7.180923333333333015e+09,-9.021044184050293779e+01
7.180986666666666985e+09,-9.056676013338835673e+01
7.181050000000000000e+09,-9.165047988105976629e+01
7.181113333333333015e+09,-9.078072646862673878e+01
7.181176666666666985e+09,-9.173834679741213449e+01
7.181240000000000000e+09,-9.204021942196114026e+01
7.181303333333333015e+09,-9.348282857084831221e+01
7.181366666666666985e+09,-9.138174320293006758e+01
7.181430000000000000e+09,-9.120873459391165738e+01
7.181493333333333015e+09,-9.079654391041617600e+01
7.181556666666666985e+09,-8.989885629061930672e+01
7.181620000000000000e+09,-9.059529375031489451e+01
7.181683333333333015e+09,-8.962896499463101918e+01
7.181746666666666985e+09,-9.049357609879363906e+01
7.181810000000000000e+09,-9.064802564521281170e+01
7.181873333333333015e+09,-9.031133908597900017e+01
7.181936666666666985e+09,-9.071356761275959002e+01
7.182000000000000000e+09,-9.080622940836695989e+01
7.182063333333333015e+09,-8.978064822615210971e+01
7.182126666666666985e+09,-9.032021075108738728e+01
7.182190000000000000e+09,-8.980917746474760577e+01
7.182253333333333015e+09,-9.035671957248999320e+01
7.182316666666666985e+09,-9.017786509883721635e+01
7.182380000000000000e+09,-9.039120523822319342e+01
7.182443333333333015e+09,-9.169109225332640278e+01
7.182506666666666985e+09,-9.074531648304706266e+01
7.182570000000000000e+09,-8.992398939864889940e+01
7.182633333333333015e+09,-9.052758940038033586e+01
7.182696666666666985e+09,-9.014703363956981264e+01
7.182760000000000000e+09,-9.081929075285881936e+01
7.182823333333333015e+09,-9.012287295121646480e+01
7.182886666666666985e+09,-8.959768373681978915e+01
7.182950000000000000e+09,-9.076944727702992566e+01
7.183013333333333015e+09,-9.030474013227390628e+01
7.183076666666666985e+09,-9.064964796110707823e+01
7.183140000000000000e+09,-9.020513188045106290e+01
7.183203333333333015e+09,-9.042371082143573346e+01
7.183266666666666985e+09,-9.053115317713510990e+01
7.183330000000000000e+09,-9.081503920445734934e+01
7.183393333333333015e+09,-9.049428721355887717e+01
7.183456666666666985e+09,-9.028110655969078380e+01
7.183520000000000000e+09,-9.004907028747416575e+01
7.183583333333333015e+09,-9.083156022896018555e+01
7.183646666666666985e+09,-9.009785589476452117e+01
7.183710000000000000e+09,-9.100877514957477388e+01
7.183773333333333015e+09,-9.100749963097705120e+01
7.183836666666666985e+09,-9.051220863800600114e+01
7.183900000000000000e+09,-9.077254481712787992e+01
7.183963333333333015e+09,-9.094574863778277063e+01
7.184026666666666985e+09,-9.028194211941256242e+01
7.184090000000000000e+09,-9.051310512354632465e+01
7.184153333333333015e+09,-9.005199017643170123e+01
7.184216666666666985e+09,-9.087626487122602725e+01
7.184280000000000000e+09,-9.028208426624948402e+01
7.184343333333333015e+09,-9.036367249465283180e+01
7.184406666666666985e+09,-9.058400699811633672e+01
7.184470000000000000e+09,-8.981222974051775054e+01
7.184533333333333015e+09,-9.034096583693015248e+01
7.184596666666666985e+09,-9.033872033651989852e+01
7.184660000000000000e+09,-9.039405198517957274e+01
7.184723333333333015e+09,-8.972574500758702243e+01
7.184786666666666985e+09,-9.059028615763838843e+01
7.184850000000000000e+09,-8.956337391785409352e+01
7.184913333333333015e+09,-9.107782056731487330e+01
7.184976666666666985e+09,-9.040956350953194942e+01
7.185040000000000000e+09,-8.938317155606709719e+01
7.185103333333333015e+09,-9.012605618652672490e+01
7.185166666666666985e+09,-9.085454604952599311e+01
7.185230000000000000e+09,-9.102021782782288994e+01
7.185293333333333015e+09,-9.031943878493092370e+01
7.185356666666666985e+09,-8.984913033057566167e+01
7.185420000000000000e+09,-9.047244384091800384e+01
7.185483333333333015e+09,-9.059094180155508980e+01
7.185546666666666985e+09,-9.067967411344497464e+01
7.185610000000000000e+09,-8.965632109504655034e+01
7.185673333333333015e+09,-9.011687266644514693e+01
7.185736666666666985e+09,-8.967396869648545987e+01
7.185800000000000000e+09,-9.086220379360783284e+01
7.185863333333333015e+09,-9.005664861790634745e+01
7.185926666666666985e+09,-9.051113796491830499e+01
7.185990000000000000e+09,-9.041484980541802940e+01
7.186053333333333015e+09,-9.091221296650522277e+01
7.186116666666666985e+09,-9.005310167521645326e+01
7.186180000000000000e+09,-9.012437480186488870e+01
7.186243333333333015e+09,-9.057511456577556430e+01
7.186306666666666985e+09,-8.997665905368043582e+01
7.186370000000000000e+09,-9.026039092634606220e+01
7.186433333333333015e+09,-8.984116684790043905e+01
7.186496666666666985e+09,-9.020465890128313902e+01
7.186560000000000000e+09,-8.989198270016342462e+01
7.186623333333333015e+09,-9.016010413850546001e+01
7.186686666666666985e+09,-9.040879735727664013e+01
7.186750000000000000e+09,-8.954507100595807856e+01
7.186813333333333015e+09,-9.058530721987261813e+01
7.186876666666666985e+09,-8.936000387806623735e+01
7.186940000000000000e+09,-9.067636869012511625e+01
7.187003333333333015e+09,-9.060280858535163873e+01
7.187066666666666985e+09,-9.160062894765098918e+01
7.187130000000000000e+09,-9.009055473968233230e+01
7.187193333333333015e+09,-9.032460204605973786e+01
7.187256666666666985e+09,-9.030303593294043196e+01
7.187320000000000000e+09,-9.044436518855025042e+01
7.187383333333333015e+09,-8.992972070616195879e+01
7.187446666666666985e+09,-9.121741435689637001e+01
7.187510000000000000e+09,-8.942182124717632519e+01
7.187573333333333015e+09,-9.058918094068019400e+01
7.187636666666666985e+09,-9.035061029677532929e+01
7.187700000000000000e+09,-9.027009682483037523e+01
7.187763333333333015e+09,-9.112767686846596860e+01
7.187826666666666985e+09,-9.090262269735958967e+01
7.187890000000000000e+09,-9.128998801340699742e+01
7.187953333333333015e+09,-9.110187513445686136e+01
7.188016666666666985e+09,-8.992301581810158950e+01
7.188080000000000000e+09,-9.080448699635658727e+01
7.188143333333333015e+09,-9.020107472022571926e+01
7.188206666666666985e+09,-9.053663333229818022e+01
7.188270000000000000e+09,-9.105398296587702589e+01
7.188333333333333015e+09,-9.062389165201653896e+01
7.188396666666666985e+09,-9.008396729956731974e+01
7.188460000000000000e+09,-8.996735665869083221e+01
7.188523333333333015e+09,-9.071053347948387113e+01
7.188586666666666985e+09,-9.032905494523674861e+01
7.188650000000000000e+09,-9.122155648198958033e+01
7.188713333333333015e+09,-9.025245740630943203e+01
7.188776666666666985e+09,-9.068846809815423171e+01
7.188840000000000000e+09,-9.052334162068129331e+01
7.188903333333333015e+09,-8.959838280593112358e+01
7.188966666666666985e+09,-9.054262070977463850e+01
7.189030000000000000e+09,-9.043634791012433993e+01
7.189093333333333015e+09,-9.138602012613864645e+01
7.189156666666666985e+09,-9.061153916675421272e+01
7.189220000000000000e+09,-9.051386405381995814e+01
7.189283333333333015e+09,-9.112197633639470951e+01
7.189346666666666985e+09,-9.061317869440620143e+01
7.189410000000000000e+09,-9.081223035343795402e+01
7.189473333333333015e+09,-9.093541311684023754e+01
7.189536666666666985e+09,-9.044376593642896012e+01
7.189600000000000000e+09,-9.049212639630391664e+01
7.189663333333333015e+09,-9.096481902777685491e+01
7.189726666666666985e+09,-9.092199843802318071e+01
7.189790000000000000e+09,-9.044761709729650079e+01
7.189853333333333015e+09,-9.065884478540735358e+01
7.189916666666666985e+09,-9.052795755279041146e+01
7.189980000000000000e+09,-8.971164926326954969e+01
7.190043333333333015e+09,-9.099862072707222183e+01
7.190106666666666985e+09,-8.987116415452918261e+01
7.190170000000000000e+09,-9.047541920525216597e+01
7.190233333333333015e+09,-9.028553251012033343e+01
7.190296666666666985e+09,-9.006909024060445290e+01
7.190360000000000000e+09,-9.042015649666234367e+01
7.190423333333333015e+09,-9.034901069330450696e+01
7.190486666666666985e+09,-9.053392797788015400e+01
7.190550000000000000e+09,-9.004017595743940205e+01
7.190613333333333015e+09,-8.973823792240061437e+01
7.190676666666666985e+09,-9.007738258925998309e+01
7.190740000000000000e+09,-9.012731445638665662e+01
7.190803333333333015e+09,-9.073897495692352777e+01
7.190866666666666985e+09,-9.042785152854622766e+01
7.190930000000000000e+09,-9.016374051344899954e+01
7.190993333333333015e+09,-8.996675091197680274e+01
7.191056666666666985e+09,-9.166931635000922540e+01
7.191120000000000000e+09,-9.080147188070026232e+01
7.191183333333333015e+09,-9.070005376411702969e+01
7.191246666666666985e+09,-8.980293232629736622e+01
7.191310000000000000e+09,-9.054564672158218741e+01
7.191373333333333015e+09,-9.066198042571977567e+01
7.191436666666666985e+09,-9.033757644572881418e+01
7.191500000000000000e+09,-9.068676768387774700e+01
7.191563333333333015e+09,-9.016776602652115002e+01
7.191626666666666985e+09,-9.164359677955545180e+01
7.191690000000000000e+09,-9.020295538742556118e+01
7.191753333333333015e+09,-9.043271221745467869e+01
7.191816666666666985e+09,-9.039516797885086419e+01
7.191880000000000000e+09,-9.052095309346960050e+01
7.191943333333333015e+09,-9.050782552320552554e+01
7.192006666666666985e+09,-9.025858454741938885e+01
7.192070000000000000e+09,-9.074139515132380041e+01
7.192133333333333015e+09,-8.999337134214675871e+01
7.192196666666666985e+09,-8.998081168409291308e+01
7.192260000000000000e+09,-9.086494641939786732e+01
7.192323333333333015e+09,-9.108604575594875996e+01
7.192386666666666985e+09,-9.051195887774946414e+01
7.192450000000000000e+09,-9.048107806274688869e+01
7.192513333333333015e+09,-9.026095593929014171e+01
7.192576666666666985e+09,-9.017663454207152540e+01
7.192640000000000000e+09,-9.018962229881364578e+01
7.192703333333333015e+09,-9.057441628610378359e+01
7.192766666666666985e+09,-9.047025881791498136e+01
7.192830000000000000e+09,-9.102750818257804610e+01
7.192893333333333015e+09,-9.037357938669188684e+01
7.192956666666666985e+09,-9.024657634783947913e+01
7.193020000000000000e+09,-8.985090689683586618e+01
7.193083333333333015e+09,-9.050173869524260795e+01
7.193146666666666985e+09,-9.147345663807256244e+01
7.193210000000000000e+09,-8.962599212803351634e+01
7.193273333333333015e+09,-9.038108778474848748e+01
7.193336666666666985e+09,-8.958390253959919391e+01
7.193400000000000000e+09,-9.061448258301820147e+01
7.193463333333333015e+09,-9.066367589495476409e+01
7.193526666666666985e+09,-9.067837465681935782e+01
7.193590000000000000e+09,-9.029719262300105243e+01
7.193653333333333015e+09,-9.129261711891800246e+01
7.193716666666666985e+09,-9.092523446356820216e+01
7.193780000000000000e+09,-9.049281412705386174e+01
7.193843333333333015e+09,-8.985340336982949339e+01
7.193906666666666985e+09,-9.037007751256858512e+01
7.193970000000000000e+09,-9.057127768133614154e+01
7.194033333333333015e+09,-9.068680138036111771e+01
7.194096666666666985e+09,-9.019058429980232461e+01
7.194160000000000000e+09,-9.072195092708112441e+01
7.194223333333333015e+09,-9.058666295558295189e+01
7.194286666666666985e+09,-9.070897987755944314e+01
7.194350000000000000e+09,-9.032735557690813266e+01
7.194413333333333015e+09,-9.105847163053596205e+01
7.194476666666666985e+09,-9.095401561963521431e+01
7.194540000000000000e+09,-9.005592571792745105e+01
7.194603333333333015e+09,-9.029578028491117436e+01
7.194666666666666985e+09,-9.015186360335621885e+01
7.194730000000000000e+09,-9.053945426294482957e+01
7.194793333333333015e+09,-9.024486478632385911e+01
7.194856666666666985e+09,-9.129160551412360292e+01
7.194920000000000000e+09,-9.031655143595686752e+01
7.194983333333333015e+09,-9.121203202265475340e+01
7.195046666666666985e+09,-9.094872287855483250e+01
7.195110000000000000e+09,-9.056073527917496335e+01
7.195173333333333015e+09,-9.060146154116964112e+01
7.195236666666666985e+09,-9.102564507757099932e+01
7.195300000000000000e+09,-9.014220626071366382e+01
7.195363333333333015e+09,-9.038882034325952475e+01
7.195426666666666985e+09,-9.017110191780480477e+01
7.195490000000000000e+09,-9.084860324077661176e+01
7.195553333333333015e+09,-9.078774680589178558e+01
7.195616666666666985e+09,-9.054208341486631184e+01
7.195680000000000000e+09,-9.009951933797722745e+01
7.195743333333333015e+09,-9.029180621810105833e+01
7.195806666666666985e+09,-9.148649779687561079e+01
7.195870000000000000e+09,-8.941870629195705078e+01
7.195933333333333015e+09,-8.996519754085761633e+01
7.195996666666666985e+09,-9.067290917075447965e+01
7.196060000000000000e+09,-9.067933691640718052e+01
7.196123333333333015e+09,-9.041636288964730284e+01
7.196186666666666985e+09,-9.124102666262253081e+01
7.196250000000000000e+09,-9.014221408226327981e+01
7.196313333333333015e+09,-9.111200395389229811e+01
7.196376666666666985e+09,-8.996862270553036467e+01
7.196440000000000000e+09,-9.122238494441683088e+01
7.196503333333333015e+09,-9.017779708913975867e+01
7.196566666666666985e+09,-9.053660563285268381e+01
7.196630000000000000e+09,-9.063476622340054689e+01
7.196693333333333015e+09,-9.004500950235340895e+01
7.196756666666666985e+09,-9.015235617394026235e+01
7.196820000000000000e+09,-9.046765446395768606e+01
7.196883333333333015e+09,-9.057067272984794215e+01
7.196946666666666985e+09,-9.080899591970897688e+01
7.197010000000000000e+09,-9.140919754316641388e+01
7.197073333333333015e+09,-9.044426551483084609e+01
7.197136666666666985e+09,-9.083686893609693414e+01
7.197200000000000000e+09,-9.060518005716212997e+01
7.197263333333333015e+09,-9.059427653638921640e+01
7.197326666666666985e+09,-9.035328136719269310e+01
7.197390000000000000e+09,-9.032099212017621426e+01
7.197453333333333015e+09,-9.086224463809061547e+01
7.197516666666666985e+09,-9.081255504219879526e+01
7.197580000000000000e+09,-9.056640551896749969e+01
7.197643333333333015e+09,-9.074130308155405089e+01
7.197706666666666985e+09,-8.965317144057573273e+01
7.197770000000000000e+09,-9.139438705201288826e+01
7.197833333333333015e+09,-9.123506475193087795e+01
7.197896666666666985e+09,-9.014279160100696231e+01
7.197960000000000000e+09,-9.055909942412598923e+01
7.198023333333333015e+09,-9.067302422818949026e+01
7.198086666666666985e+09,-9.035544516075663068e+01
7.198150000000000000e+09,-9.016313379138429696e+01
7.198213333333333015e+09,-9.077873834621740912e+01
7.198276666666666985e+09,-9.039141002990834295e+01
7.198340000000000000e+09,-8.989477666243273291e+01
7.198403333333333015e+09,-9.084799141124830157e+01
7.198466666666666985e+09,-9.047462565586448591e+01
7.198530000000000000e+09,-9.041192154974621076e+01
7.198593333333333015e+09,-9.011558008977399936e+01
7.198656666666666985e+09,-9.068851811672215035e+01
7.198720000000000000e+09,-9.063441295938515907e+01
7.198783333333333015e+09,-9.112958590796813496e+01
7.198846666666666985e+09,-9.086171077988596778e+01
7.198910000000000000e+09,-9.058036807450298511e+01
7.198973333333333015e+09,-9.040625873776741628e+01
7.199036666666666985e+09,-9.146698603015630624e+01
7.199100000000000000e+09,-9.114879610992629466e+01
7.199163333333333015e+09,-9.061347091103856144e+01
7.199226666666666985e+09,-9.017751700464717146e+01
7.199290000000000000e+09,-9.096569715334163675e+01
7.199353333333333015e+09,-9.057229292941227072e+01
7.199416666666666985e+09,-9.070898401365077746e+01
7.199480000000000000e+09,-9.192150680871291968e+01
7.199543333333333015e+09,-9.209471721216642948e+01
7.199606666666666985e+09,-9.050271244099729984e+01
7.199670000000000000e+09,-9.083867618056584092e+01
7.199733333333333015e+09,-9.010086419851907635e+01
7.199796666666666985e+09,-9.108793099527922266e+01
7.199860000000000000e+09,-9.125246781376839067e+01
7.199923333333333015e+09,-9.069631128784310192e+01
7.199986666666666985e+09,-9.051226030341852891e+01
7.200050000000000000e+09,-9.064321230076942015e+01
7.200113333333333015e+09,-9.030700965449074147e+01
7.200176666666666985e+09,-9.029719414230902430e+01
7.200240000000000000e+09,-9.089913406642308757e+01
7.200303333333333015e+09,-9.088490812935566510e+01
7.200366666666666985e+09,-9.074808533154592283e+01
7.200430000000000000e+09,-8.995840630235935009e+01
7.200493333333333015e+09,-9.143841656939649454e+01
7.200556666666666985e+09,-8.987735278953121565e+01
7.200620000000000000e+09,-9.131591081899642859e+01
7.200683333333333015e+09,-9.100453654278267379e+01
7.200746666666666985e+09,-9.050803855592690184e+01
7.200810000000000000e+09,-9.087732654448169001e+01
7.200873333333333015e+09,-8.993086502933306292e+01
7.200936666666666985e+09,-9.105422865284248246e+01
7.201000000000000000e+09,-9.064740350598898999e+01
7.201063333333333015e+09,-9.023476914876070509e+01
7.201126666666666985e+09,-9.048300224613683440e+01
7.201190000000000000e+09,-8.985396572541156957e+01
7.201253333333333015e+09,-9.124352634771604187e+01
7.201316666666666985e+09,-9.091534955730034540e+01
7.201380000000000000e+09,-9.063939997679356964e+01
7.201443333333333015e+09,-9.088985796353016156e+01
7.201506666666666985e+09,-9.116474409853890393e+01
7.201570000000000000e+09,-9.052184786693050000e+01
7.201633333333333015e+09,-9.091056759023882705e+01
7.201696666666666985e+09,-9.070478342128275528e+01
7.201760000000000000e+09,-9.092692108123331707e+01
7.201823333333333015e+09,-9.076995954480203466e+01
7.201886666666666985e+09,-9.046036280200226543e+01
7.201950000000000000e+09,-9.005466334004509577e+01
7.202013333333333015e+09,-9.051243302790274470e+01
7.202076666666666985e+09,-9.134588634668057239e+01
7.202140000000000000e+09,-9.068218792965416242e+01
7.202203333333333015e+09,-8.997129330315291895e+01
7.202266666666666985e+09,-9.103213961104458463e+01
7.202330000000000000e+09,-9.130207910856604769e+01
7.202393333333333015e+09,-9.079756058311627953e+01
7.202456666666666985e+09,-9.101877108075598244e+01
7.202520000000000000e+09,-9.020995703052379611e+01
7.202583333333333015e+09,-9.033790748524823755e+01
7.202646666666666985e+09,-9.027898659761999056e+01
7.202710000000000000e+09,-9.013460686742629946e+01
7.202773333333333015e+09,-9.110672142297688936e+01
7.202836666666666985e+09,-9.098387883469274584e+01
7.202900000000000000e+09,-9.051266328538218886e+01
7.202963333333333015e+09,-9.107477148095411223e+01
7.203026666666666985e+09,-9.100959323154911829e+01
7.203090000000000000e+09,-9.089657411713231738e+01
7.203153333333333015e+09,-9.097427119150644614e+01
7.203216666666666985e+09,-9.074690940120228788e+01
7.203280000000000000e+09,-9.130907962257948896e+01
7.203343333333333015e+09,-9.220215561114370928e+01
7.203406666666666985e+09,-9.007080675477868681e+01
7.203470000000000000e+09,-9.116822116349422345e+01
7.203533333333333015e+09,-9.081593370307246005e+01
7.203596666666666985e+09,-9.109264904137924646e+01
7.203660000000000000e+09,-9.111641010091473447e+01
7.203723333333333015e+09,-8.987887922442104127e+01
7.203786666666666985e+09,-9.125682967291437819e+01
7.203850000000000000e+09,-9.058897308169476048e+01
7.203913333333333015e+09,-9.078040820442710412e+01
7.203976666666666985e+09,-9.093020207162395252e+01
7.204040000000000000e+09,-9.048959724295676210e+01
7.204103333333333015e+09,-9.199799996408316360e+01
7.204166666666666985e+09,-9.133866779654189827e+01
7.204230000000000000e+09,-9.150359093605084126e+01
7.204293333333333015e+09,-9.063538054713161785e+01
7.204356666666666985e+09,-9.021416289806828104e+01
7.204420000000000000e+09,-9.083184226970912789e+01
7.204483333333333015e+09,-9.096046784485079684e+01
7.204546666666666985e+09,-9.057454374648186501e+01
7.204610000000000000e+09,-9.015741223434118012e+01
7.204673333333333015e+09,-9.125720323590431349e+01
7.204736666666666985e+09,-9.139797640111980570e+01
7.204800000000000000e+09,-9.034623287413219828e+01
7.204863333333333015e+09,-9.087498660335813838e+01
7.204926666666666985e+09,-9.054356330528764829e+01
7.204990000000000000e+09,-9.030050465056574183e+01
7.205053333333333015e+09,-9.121734580354841171e+01
7.205116666666666985e+09,-8.988422751958944446e+01
7.205180000000000000e+09,-9.070184942544032936e+01
7.205243333333333015e+09,-9.084804334941331661e+01
7.205306666666666985e+09,-9.007495440202731629e+01
7.205370000000000000e+09,-9.120096749200398278e+01
7.205433333333333015e+09,-9.075931843296805823e+01
7.205496666666666985e+09,-9.023054830417169114e+01
7.205560000000000000e+09,-9.132832621858264588e+01
7.205623333333333015e+09,-9.125754019904979941e+01
7.205686666666666985e+09,-9.154403421241404715e+01
7.205750000000000000e+09,-9.084577231777616646e+01
7.205813333333333015e+09,-9.124580962195793177e+01
7.205876666666666985e+09,-9.136144385790694855e+01
7.205940000000000000e+09,-9.100112921671204447e+01
7.206003333333333015e+09,-9.149763194631006513e+01
7.206066666666666985e+09,-9.198422327410845867e+01
7.206130000000000000e+09,-9.088885050145562161e+01
7.206193333333333015e+09,-9.198429337899224834e+01
7.206256666666666985e+09,-9.267181507615673297e+01
7.206320000000000000e+09,-9.226649633100871029e+01
7.206383333333333015e+09,-9.562564704483489209e+01
7.206446666666666985e+09,-9.420958779454093701e+01
7.206510000000000000e+09,-9.398275675816211105e+01
7.206573333333333015e+09,-9.175802560138421882e+01
7.206636666666666985e+09,-9.121981869512543994e+01
7.206700000000000000e+09,-9.170779102364976154e+01
7.206763333333333015e+09,-9.132248414276634207e+01
7.206826666666666985e+09,-9.123140298883853916e+01
7.206890000000000000e+09,-9.095291026657079669e+01
7.206953333333333015e+09,-9.127126241254359229e+01
7.207016666666666985e+09,-9.056646739621481856e+01
7.207080000000000000e+09,-9.077047674445852010e+01
7.207143333333333015e+09,-9.028912220444432535e+01
7.207206666666666985e+09,-9.184307496498655610e+01
7.207270000000000000e+09,-9.071549967583021612e+01
7.207333333333333015e+09,-9.089541859792865353e+01
7.207396666666666985e+09,-9.106203731006814905e+01
7.207460000000000000e+09,-9.087606433198088496e+01
7.207523333333333015e+09,-9.026090213738881118e+01
7.207586666666666985e+09,-9.065996245600854309e+01
7.207650000000000000e+09,-9.055867531410825677e+01
7.207713333333333015e+09,-9.031186045448016841e+01
7.207776666666666985e+09,-9.003203146143215463e+01
7.207840000000000000e+09,-9.146286937337693246e+01
7.207903333333333015e+09,-9.028115960218642044e+01
7.207966666666666985e+09,-9.080652820148071669e+01
7.208030000000000000e+09,-9.074143280528987532e+01
7.208093333333333015e+09,-9.175250191726755133e+01
7.208156666666666985e+09,-9.087473151485971812e+01
7.208220000000000000e+09,-9.080021025845590543e+01
7.208283333333333015e+09,-9.105090520950804489e+01
7.208346666666666985e+09,-9.066092979446361255e+01
7.208410000000000000e+09,-9.008772491468269550e+01
7.208473333333333015e+09,-9.012624404885995943e+01
7.208536666666666985e+09,-9.044165668350153453e+01
7.208600000000000000e+09,-9.104282922754720175e+01
7.208663333333333015e+09,-9.011098916102807266e+01
7.208726666666666985e+09,-8.953998967507159534e+01
7.208790000000000000e+09,-9.054726824189144452e+01
7.208853333333333015e+09,-9.079814917776286620e+01
7.208916666666666985e+09,-9.058540899563351445e+01
7.208980000000000000e+09,-9.171166417982526298e+01
7.209043333333333015e+09,-9.012231206089360569e+01
7.209106666666666985e+09,-9.037258241912451240e+01
7.209170000000000000e+09,-9.059002059601738210e+01
7.209233333333333015e+09,-9.106099060507078491e+01
7.209296666666666985e+09,-9.028977068352614310e+01
7.209360000000000000e+09,-9.082401858002651807e+01
7.209423333333333015e+09,-9.118106769714549387e+01
7.209486666666666985e+09,-9.058154328895511753e+01
7.209550000000000000e+09,-9.035075422696661462e+01
7.209613333333333015e+09,-9.082501615811943907e+01
7.209676666666666985e+09,-9.138277087821623468e+01
7.209740000000000000e+09,-9.111215363401532841e+01
7.209803333333333015e+09,-9.138946869422696295e+01
7.209866666666666985e+09,-9.095027844690829966e+01
7.209930000000000000e+09,-9.006390101515484048e+01
7.209993333333333015e+09,-9.075670816242889316e+01
7.210056666666666985e+09,-9.141157252479248996e+01
7.210120000000000000e+09,-9.112335360726918054e+01
7.210183333333333015e+09,-9.067476083698426237e+01
7.210246666666666985e+09,-9.026888559967241576e+01
7.210310000000000000e+09,-9.052044651971715439e+01
7.210373333333333015e+09,-9.098726122366245761e+01
7.210436666666666985e+09,-9.152544299145135653e+01
7.210500000000000000e+09,-9.145285583902915505e+01
7.210563333333333015e+09,-9.179198831739125808e+01
7.210626666666666985e+09,-9.047291827567545397e+01
7.210690000000000000e+09,-9.010159656620163560e+01
7.210753333333333015e+09,-9.044622429330544833e+01
7.210816666666666985e+09,-9.035667599193024557e+01
7.210880000000000000e+09,-9.086008446368450109e+01
7.210943333333333015e+09,-9.120908532531394997e+01
7.211006666666666985e+09,-9.114583124369798384e+01
7.211070000000000000e+09,-9.040779856143996085e+01
7.211133333333333015e+09,-9.052722720229432696e+01
7.211196666666666985e+09,-9.071670143479022386e+01
7.211260000000000000e+09,-8.993504632017692302e+01
7.211323333333333015e+09,-9.048837478106031540e+01
7.211386666666666985e+09,-9.150457833929948492e+01
7.211450000000000000e+09,-9.153836059122262725e+01
7.211513333333333015e+09,-9.139600907957645859e+01
7.211576666666666985e+09,-9.121268040090386364e+01
7.211640000000000000e+09,-9.147266713341635125e+01
7.211703333333333015e+09,-9.122377769399584224e+01
7.211766666666666985e+09,-9.187759180025295791e+01
7.211830000000000000e+09,-9.037521430157816837e+01
7.211893333333333015e+09,-9.047135754452553158e+01
7.211956666666666985e+09,-9.096210413859539301e+01
7.212020000000000000e+09,-8.997048647868007265e+01
7.212083333333333015e+09,-9.033070789463226902e+01
7.212146666666666985e+09,-9.050735927375230006e+01
7.212210000000000000e+09,-9.129693940568138544e+01
7.212273333333333015e+09,-9.089800299658385541e+01
7.212336666666666985e+09,-9.138022348316545163e+01
7.212400000000000000e+09,-8.993756375762374944e+01
7.212463333333333015e+09,-9.128240076423759319e+01
7.212526666666666985e+09,-9.108629327929978103e+01
7.212590000000000000e+09,-9.127001223822728093e+01
7.212653333333333015e+09,-9.190198109794545189e+01
7.212716666666666985e+09,-9.116951250423042552e+01
7.212780000000000000e+09,-9.092463596102729184e+01
7.212843333333333015e+09,-9.079752312616859911e+01
7.212906666666666985e+09,-9.117039863375862296e+01
7.212970000000000000e+09,-9.091066193067572954e+01
7.213033333333333015e+09,-9.144486474847438728e+01
7.213096666666666985e+09,-9.106172643044979509e+01
7.213160000000000000e+09,-9.127052596431181541e+01
7.213223333333333015e+09,-9.030691216914354413e+01
7.213286666666666985e+09,-9.091458708102589981e+01
7.213350000000000000e+09,-9.032266696747795720e+01
7.213413333333333015e+09,-9.130232380949874482e+01
7.213476666666666985e+09,-9.125426788827300584e+01
7.213540000000000000e+09,-9.133666004807601269e+01
7.213603333333333015e+09,-9.138650124701609911e+01
7.213666666666666985e+09,-9.105934285008410711e+01
7.213730000000000000e+09,-9.081266897909081592e+01
7.213793333333333015e+09,-9.048577870784336596e+01
7.213856666666666985e+09,-9.060944036317771122e+01
7.213920000000000000e+09,-9.044870813241287522e+01
7.213983333333333015e+09,-9.096581250748451453e+01
7.214046666666666985e+09,-9.124823311866903452e+01
7.214110000000000000e+09,-9.178063219759138747e+01
7.214173333333333015e+09,-9.100095559542756973e+01
7.214236666666666985e+09,-9.069213625395248357e+01
7.214300000000000000e+09,-9.127833794467525763e+01
7.214363333333333015e+09,-9.089935677437236450e+01
7.214426666666666985e+09,-9.144335906152039684e+01
7.214490000000000000e+09,-8.988287808616092889e+01
7.214553333333333015e+09,-9.094251085519016442e+01
7.214616666666666985e+09,-9.081117582095623675e+01
7.214680000000000000e+09,-9.092490228672991748e+01
7.214743333333333015e+09,-9.104957029694492121e+01
7.214806666666666985e+09,-9.127065883501347798e+01
7.214870000000000000e+09,-9.056183879230013645e+01
7.214933333333333015e+09,-9.124672591329775173e+01
7.214996666666666985e+09,-9.128101349453476132e+01
7.215060000000000000e+09,-9.097835133025448329e+01
7.215123333333333015e+09,-9.135485497350673256e+01
7.215186666666666985e+09,-9.099667216810779280e+01
7.215250000000000000e+09,-9.128774837857150715e+01
7.215313333333333015e+09,-9.100560607479856401e+01
7.215376666666666985e+09,-9.111264984463008432e+01
7.215440000000000000e+09,-9.144572207744576531e+01
7.215503333333333015e+09,-9.075329243035911020e+01
7.215566666666666985e+09,-9.057454391328914767e+01
7.215630000000000000e+09,-9.179783328179850344e+01
7.215693333333333015e+09,-9.097373273151481499e+01
7.215756666666666985e+09,-9.178179710062609331e+01
7.215820000000000000e+09,-9.001941298903849997e+01
7.215883333333333015e+09,-9.093053485494314714e+01
7.215946666666666985e+09,-9.106335698423808367e+01
7.216010000000000000e+09,-9.041180502384789008e+01
7.216073333333333015e+09,-9.066702997199611502e+01
7.216136666666666985e+09,-9.106569877460350426e+01
7.216200000000000000e+09,-9.158181045074522331e+01
7.216263333333333015e+09,-9.080198230536566939e+01
7.216326666666666985e+09,-9.127418069307394433e+01
7.216390000000000000e+09,-9.134764331550977090e+01
7.216453333333333015e+09,-9.071952187100940534e+01
7.216516666666666985e+09,-9.152685984576697820e+01
7.216580000000000000e+09,-9.113519857593452400e+01
7.216643333333333015e+09,-9.082607258158894581e+01
7.216706666666666985e+09,-9.039712994053243733e+01
7.216770000000000000e+09,-9.092570580467652519e+01
7.216833333333333015e+09,-9.133970178741398627e+01
7.216896666666666985e+09,-9.066433019694844120e+01
7.216960000000000000e+09,-9.106903176223323726e+01
7.217023333333333015e+09,-9.103551051786752168e+01
7.217086666666666985e+09,-9.159024272485397944e+01
7.217150000000000000e+09,-9.100583676281259216e+01
7.217213333333333015e+09,-9.090597309891185773e+01
7.217276666666666985e+09,-9.103143888085998015e+01
7.217340000000000000e+09,-9.177575973509735263e+01
7.217403333333333015e+09,-9.127177986457361669e+01
7.217466666666666985e+09,-9.085974844501205894e+01
7.217530000000000000e+09,-9.127618015301715104e+01
7.217593333333333015e+09,-9.159073308869480456e+01
7.217656666666666985e+09,-9.141520758877467756e+01
7.217720000000000000e+09,-9.111358656457392158e+01
7.217783333333333015e+09,-9.211335444938131900e+01
7.217846666666666985e+09,-9.178239020416283722e+01
7.217910000000000000e+09,-9.092614960245563793e+01
7.217973333333333015e+09,-9.108709310653654256e+01
7.218036666666666985e+09,-9.092667293828472452e+01
7.218100000000000000e+09,-9.086495585838754607e+01
7.218163333333333015e+09,-9.107249062279760210e+01
7.218226666666666985e+09,-9.150111887743662464e+01
7.218290000000000000e+09,-9.076574011021938304e+01
7.218353333333333015e+09,-9.094562116073529978e+01
7.218416666666666985e+09,-9.111071385959219526e+01
7.218480000000000000e+09,-9.165884044446798384e+01
7.218543333333333015e+09,-9.150810419258696982e+01
7.218606666666666985e+09,-9.106232720709866157e+01
7.218670000000000000e+09,-9.102752724667976736e+01
7.218733333333333015e+09,-9.124970962238168681e+01
7.218796666666666985e+09,-9.168964221136127435e+01
7.218860000000000000e+09,-9.109377067077130619e+01
7.218923333333333015e+09,-9.068742200680178200e+01
7.218986666666666985e+09,-9.213466584965016182e+01
7.219050000000000000e+09,-9.113924324833882906e+01
7.219113333333333015e+09,-9.180424768702380334e+01
7.219176666666666985e+09,-9.171411785843410769e+01
7.219240000000000000e+09,-9.177526631966014747e+01
7.219303333333333015e+09,-9.087626012527385910e+01
7.219366666666666985e+09,-9.166203693257014606e+01
7.219430000000000000e+09,-9.147173946555750490e+01
7.219493333333333015e+09,-9.054765763261144684e+01
7.219556666666666985e+09,-9.140463960611850780e+01
7.219620000000000000e+09,-9.094604851680345803e+01
7.219683333333333015e+09,-9.116573295369590824e+01
7.219746666666666985e+09,-9.141436914608560471e+01
7.219810000000000000e+09,-9.179214310869022597e+01
7.219873333333333015e+09,-9.092138495935886056e+01
7.219936666666666985e+09,-9.167038989769396551e+01
7.220000000000000000e+09,-9.155500836383701824e+01
7.220063333333333015e+09,-9.154655459896800096e+01
7.220126666666666985e+09,-9.145173175884534089e+01
7.220190000000000000e+09,-9.104254411462427754e+01
7.220253333333333015e+09,-9.056538041380233039e+01
7.220316666666666985e+09,-9.055912266082678741e+01
7.220380000000000000e+09,-9.087109294015151306e+01
7.220443333333333015e+09,-9.172957750007988409e+01
7.220506666666666985e+09,-9.052207604684511466e+01
7.220570000000000000e+09,-9.065309528124181782e+01
7.220633333333333015e+09,-9.066973885816634038e+01
7.220696666666666985e+09,-9.116074260542816887e+01
7.220760000000000000e+09,-9.082793554608132069e+01
7.220823333333333015e+09,-9.141620751812050116e+01
7.220886666666666985e+09,-9.162282383767174565e+01
7.220950000000000000e+09,-9.102761843891511262e+01
7.221013333333333015e+09,-9.057102676649910222e+01
7.221076666666666985e+09,-9.172923902176188449e+01
7.221140000000000000e+09,-9.140051195603753342e+01
7.221203333333333015e+09,-9.265094270276136967e+01
7.221266666666666985e+09,-9.132933855736298767e+01
7.221330000000000000e+09,-9.068939124795760165e+01
7.221393333333333015e+09,-9.223285742047222868e+01
7.221456666666666985e+09,-9.108014886770943974e+01
7.221520000000000000e+09,-9.121215488381621128e+01
7.221583333333333015e+09,-9.134217047741678641e+01
7.221646666666666985e+09,-9.111127027674865531e+01
7.221710000000000000e+09,-9.154112528531165083e+01
7.221773333333333015e+09,-9.043983489306918955e+01
7.221836666666666985e+09,-9.110699434102586736e+01
7.221900000000000000e+09,-9.048267612039337848e+01
7.221963333333333015e+09,-9.044315022030565387e+01
7.222026666666666985e+09,-9.078345101271196427e+01
7.222090000000000000e+09,-9.072038963123009125e+01
7.222153333333333015e+09,-9.049674136216899001e+01
7.222216666666666985e+09,-9.245356271950556959e+01
7.222280000000000000e+09,-9.126083946361137578e+01
7.222343333333333015e+09,-9.156694971392337834e+01
7.222406666666666985e+09,-9.126602224152179588e+01
7.222470000000000000e+09,-9.053733176233004087e+01
7.222533333333333015e+09,-9.181340404344064154e+01
7.222596666666666985e+09,-9.154729255481268524e+01
7.222660000000000000e+09,-9.082172699124500070e+01
7.222723333333333015e+09,-9.102613455327477254e+01
7.222786666666666985e+09,-9.038922388779722894e+01
7.222850000000000000e+09,-9.121826570676117285e+01
7.222913333333333015e+09,-9.101160268381977403e+01
7.222976666666666985e+09,-9.066307666889150596e+01
7.223040000000000000e+09,-9.144905812877040319e+01
7.223103333333333015e+09,-9.173525302212063082e+01
7.223166666666666985e+09,-9.150100637195259878e+01
7.223230000000000000e+09,-9.147007025767751998e+01
7.223293333333333015e+09,-9.162556553508649415e+01
7.223356666666666985e+09,-9.124648413633765642e+01
7.223420000000000000e+09,-9.137401157698283782e+01
7.223483333333333015e+09,-9.081936444800957986e+01
7.223546666666666985e+09,-9.143832719073881776e+01
7.223610000000000000e+09,-9.088790352564713260e+01
7.223673333333333015e+09,-9.230305367714274212e+01
7.223736666666666985e+09,-9.127556691871404837e+01
7.223800000000000000e+09,-9.170660938681764662e+01
7.223863333333333015e+09,-9.164867262274643167e+01
7.223926666666666985e+09,-9.157925446639539757e+01
7.223990000000000000e+09,-9.093765379285370898e+01
7.224053333333333015e+09,-9.166497867774046426e+01
7.224116666666666985e+09,-9.125278799092126292e+01
7.224180000000000000e+09,-9.235736812548887542e+01
7.224243333333333015e+09,-9.141518910673040921e+01
7.224306666666666985e+09,-9.069124308447510430e+01
7.224370000000000000e+09,-9.094783007341249004e+01
7.224433333333333015e+09,-9.186482592594430230e+01
7.224496666666666985e+09,-9.141776976838951896e+01
7.224560000000000000e+09,-9.155073029305094678e+01
7.224623333333333015e+09,-9.174603053703890509e+01
7.224686666666666985e+09,-9.111305182791977586e+01
7.224750000000000000e+09,-9.177139657021058383e+01
7.224813333333333015e+09,-9.179773234839059626e+01
7.224876666666666985e+09,-9.055874629630093864e+01
7.224940000000000000e+09,-9.125902912451510929e+01
7.225003333333333015e+09,-9.213346197338944421e+01
7.225066666666666985e+09,-9.159441231755420176e+01
7.225130000000000000e+09,-9.172139546345194105e+01
7.225193333333333015e+09,-9.100310790360950364e+01
7.225256666666666985e+09,-9.170767947585542856e+01
7.225320000000000000e+09,-9.080951810354736153e+01
7.225383333333333015e+09,-9.182231896291193607e+01
7.225446666666666985e+09,-9.070808490508065347e+01
7.225510000000000000e+09,-9.084170140384016179e+01
7.225573333333333015e+09,-9.094646581540567354e+01
7.225636666666666985e+09,-9.061727848890397752e+01
7.225700000000000000e+09,-9.201937289385107022e+01
7.225763333333333015e+09,-9.144055923535381680e+01
7.225826666666666985e+09,-9.155113845517632853e+01
7.225890000000000000e+09,-9.109334159342544979e+01
7.225953333333333015e+09,-9.151456561135317713e+01
7.226016666666666985e+09,-9.191027253594613455e+01
7.226080000000000000e+09,-9.107031649816124741e+01
7.226143333333333015e+09,-9.165260863272411029e+01
7.226206666666666985e+09,-9.147199452089260774e+01
7.226270000000000000e+09,-9.160174404710006968e+01
7.226333333333333015e+09,-9.141029016139327723e+01
7.226396666666666985e+09,-9.116157627445575429e+01
7.226460000000000000e+09,-9.049546812617063551e+01
7.226523333333333015e+09,-9.127788388420563592e+01
7.226586666666666985e+09,-9.150415398912018361e+01
7.226650000000000000e+09,-9.102214427308275901e+01
7.226713333333333015e+09,-9.085830311802411074e+01
7.226776666666666985e+09,-9.120299163891048977e+01
7.226840000000000000e+09,-9.081586250310448349e+01
7.226903333333333015e+09,-9.175590789663631597e+01
7.226966666666666985e+09,-9.085493312610965688e+01
7.227030000000000000e+09,-9.156353152347533353e+01
7.227093333333333015e+09,-9.158727267100191227e+01
7.227156666666666985e+09,-9.127047720409123599e+01
7.227220000000000000e+09,-9.190031657807601562e+01
7.227283333333333015e+09,-9.129125452235790306e+01
7.227346666666666985e+09,-9.088911943561799944e+01
7.227410000000000000e+09,-9.058156054921097677e+01
7.227473333333333015e+09,-9.167210513354694967e+01
7.227536666666666985e+09,-9.281400366578638739e+01
7.227600000000000000e+09,-9.151911628874272253e+01
7.227663333333333015e+09,-9.224748654460097441e+01
7.227726666666666985e+09,-9.229247256319155213e+01
7.227790000000000000e+09,-9.160216966261407379e+01
7.227853333333333015e+09,-9.141021969342632758e+01
7.227916666666666985e+09,-9.077501179250724306e+01
7.227980000000000000e+09,-9.149981786164538278e+01
7.228043333333333015e+09,-9.161116660290460345e+01
7.228106666666666985e+09,-9.171400873137065446e+01
7.228170000000000000e+09,-9.136468161166000357e+01
7.228233333333333015e+09,-9.103999377290324446e+01
7.228296666666666985e+09,-9.156330980584989732e+01
7.228360000000000000e+09,-9.155215145752779904e+01
7.228423333333333015e+09,-9.129818837222333627e+01
7.228486666666666985e+09,-9.182073385904855911e+01
7.228550000000000000e+09,-9.159011208598073495e+01
7.228613333333333015e+09,-9.276232749849219772e+01
7.228676666666666985e+09,-9.070609087089908940e+01
7.228740000000000000e+09,-9.195017656644603221e+01
7.228803333333333015e+09,-9.076000905256373130e+01
7.228866666666666985e+09,-9.176798172980453216e+01
7.228930000000000000e+09,-9.195755648971217511e+01
7.228993333333333015e+09,-9.055345782263634646e+01
7.229056666666666985e+09,-9.085540945625442077e+01
7.229120000000000000e+09,-9.088996474252147095e+01
7.229183333333333015e+09,-9.096417681445967673e+01
7.229246666666666985e+09,-9.097002940744170019e+01
7.229310000000000000e+09,-9.143944079092797494e+01
7.229373333333333015e+09,-9.130131084044903389e+01
7.229436666666666985e+09,-9.128746270907272731e+01
7.229500000000000000e+09,-9.146387403926880211e+01
7.229563333333333015e+09,-9.127751264740574300e+01
7.229626666666666985e+09,-9.117848805849702387e+01
7.229690000000000000e+09,-9.135639357632578594e+01
7.229753333333333015e+09,-9.299334285018886703e+01
7.229816666666666985e+09,-9.203008418612485286e+01
7.229880000000000000e+09,-9.126434039331587655e+01
7.229943333333333015e+09,-9.333456288174927806e+01
7.230006666666666985e+09,-9.310618119300377771e+01
7.230070000000000000e+09,-9.217200501345828911e+01
7.230133333333333015e+09,-9.301653852423120838e+01
7.230196666666666985e+09,-9.774334079124967900e+01
7.230260000000000000e+09,-1.037667711507721293e+02
7.230323333333333015e+09,-9.680394987825570752e+01
7.230386666666666985e+09,-9.425987449486117953e+01
7.230450000000000000e+09,-9.244959105279787082e+01
7.230513333333333015e+09,-9.182836349581428692e+01
7.230576666666666985e+09,-9.203198746100511585e+01
7.230640000000000000e+09,-9.071766442350681814e+01
7.230703333333333015e+09,-9.215344043299849375e+01
7.230766666666666985e+09,-9.176754193146925331e+01
7.230830000000000000e+09,-9.133034314779749252e+01
7.230893333333333015e+09,-9.197273521498898674e+01
7.230956666666666985e+09,-9.084969826016930483e+01
7.231020000000000000e+09,-9.202396131929398848e+01
7.231083333333333015e+09,-9.176532773487714678e+01
7.231146666666666985e+09,-9.110525522447821345e+01
7.231210000000000000e+09,-9.089741743932751206e+01
7.231273333333333015e+09,-9.193895311915494517e+01
7.231336666666666985e+09,-9.211740019428509640e+01
7.231400000000000000e+09,-9.171107681672218348e+01
7.231463333333333015e+09,-9.118971931459458347e+01
7.231526666666666985e+09,-9.093473271190680407e+01
7.231590000000000000e+09,-9.135115495239786298e+01
7.231653333333333015e+09,-9.100941650022488716e+01
7.231716666666666985e+09,-9.187468149696729824e+01
7.231780000000000000e+09,-9.114922443944125519e+01
7.231843333333333015e+09,-9.174938918421410960e+01
7.231906666666666985e+09,-9.109741402311756531e+01
7.231970000000000000e+09,-9.097547467581040337e+01
7.232033333333333015e+09,-9.111593837942302798e+01
7.232096666666666985e+09,-9.112562279039170221e+01
7.232160000000000000e+09,-9.070973439201219435e+01
7.232223333333333015e+09,-9.261420388938108772e+01
7.232286666666666985e+09,-9.145204086822511158e+01
7.232350000000000000e+09,-9.137562030021283022e+01
7.232413333333333015e+09,-9.181496529414887675e+01
7.232476666666666985e+09,-9.182640590905306510e+01
7.232540000000000000e+09,-9.148643321850454413e+01
7.232603333333333015e+09,-9.140398072535916185e+01
7.232666666666666985e+09,-9.093379639437020501e+01
7.232730000000000000e+09,-9.108398789924650885e+01
7.232793333333333015e+09,-9.111193613738873864e+01
7.232856666666666985e+09,-9.236852992156543962e+01
7.232920000000000000e+09,-9.128424206794193196e+01
7.232983333333333015e+09,-9.132807887720814222e+01
7.233046666666666985e+09,-9.139643763117678077e+01
7.233110000000000000e+09,-9.145101664311589218e+01
7.233173333333333015e+09,-9.100358296578967554e+01
7.233236666666666985e+09,-9.189154693150413777e+01
7.233300000000000000e+09,-9.153219584984894652e+01
7.233363333333333015e+09,-9.142724362592053922e+01
7.233426666666666985e+09,-9.113029487946158724e+01
7.233490000000000000e+09,-9.126273954191472626e+01
7.233553333333333015e+09,-9.125099592950621741e+01
7.233616666666666985e+09,-9.173651791810947032e+01
7.233680000000000000e+09,-9.005570248242497655e+01
7.233743333333333015e+09,-9.167855841191203581e+01
7.233806666666666985e+09,-8.986163254551146906e+01
7.233870000000000000e+09,-9.110149650229126905e+01
7.233933333333333015e+09,-9.122784800577193209e+01
7.233996666666666985e+09,-9.144232281004599372e+01
7.234060000000000000e+09,-9.182154496365726004e+01
7.234123333333333015e+09,-9.110416252323439323e+01
7.234186666666666985e+09,-9.145759270261045515e+01
7.234250000000000000e+09,-9.214318540485678000e+01
7.234313333333333015e+09,-9.131483297652303577e+01
7.234376666666666985e+09,-9.157507873376107455e+01
7.234440000000000000e+09,-9.156549962772048445e+01
7.234503333333333015e+09,-9.128478484293857775e+01
7.234566666666666985e+09,-9.060234440641156084e+01
7.234630000000000000e+09,-9.260472615810405728e+01
7.234693333333333015e+09,-9.149741030830736577e+01
7.234756666666666985e+09,-9.084309844596029393e+01
7.234820000000000000e+09,-9.123973381987390496e+01
7.234883333333333015e+09,-9.143440332656356873e+01
7.234946666666666985e+09,-9.128226795555825390e+01
7.235010000000000000e+09,-9.153072610856385438e+01
7.235073333333333015e+09,-9.106690373908351432e+01
7.235136666666666985e+09,-9.128989160084854859e+01
7.235200000000000000e+09,-9.159080020787308740e+01
7.235263333333333015e+09,-9.017417377451728555e+01
7.235326666666666985e+09,-9.170874458440036392e+01
7.235390000000000000e+09,-9.152032391313107951e+01
7.235453333333333015e+09,-9.148492742324958726e+01
7.235516666666666985e+09,-9.195046812205482922e+01
7.235580000000000000e+09,-9.197167856409822662e+01
7.235643333333333015e+09,-9.212612062252287615e+01
7.235706666666666985e+09,-9.149273484283826008e+01
7.235770000000000000e+09,-9.124423260409747627e+01
7.235833333333333015e+09,-9.204719727836133814e+01
7.235896666666666985e+09,-9.169220777505307751e+01
7.235960000000000000e+09,-9.165843470691501693e+01
7.236023333333333015e+09,-9.218589145618329894e+01
7.236086666666666985e+09,-9.179489208390164379e+01
7.236150000000000000e+09,-9.178237074763613634e+01
7.236213333333333015e+09,-9.171017108742525181e+01
7.236276666666666985e+09,-9.117057651968849541e+01
7.236340000000000000e+09,-9.183965519775532016e+01
7.236403333333333015e+09,-9.109803546022625653e+01
7.236466666666666985e+09,-9.261966132517036954e+01
7.236530000000000000e+09,-9.127014460598003609e+01
7.236593333333333015e+09,-9.120012486158996978e+01
7.236656666666666985e+09,-9.192934524008182962e+01
7.236720000000000000e+09,-9.136234327519623832e+01
7.236783333333333015e+09,-9.166774853372901077e+01
7.236846666666666985e+09,-9.239471185993336633e+01
7.236910000000000000e+09,-9.132538191040322317e+01
7.236973333333333015e+09,-9.185570655175905586e+01
7.237036666666666985e+09,-9.175280500821172325e+01
7.237100000000000000e+09,-9.075045298807893346e+01
7.237163333333333015e+09,-9.173303254672316598e+01
7.237226666666666985e+09,-9.170265473262092826e+01
7.237290000000000000e+09,-9.156053577019220313e+01
7.237353333333333015e+09,-9.179091952109632757e+01
7.237416666666666985e+09,-9.233923200611459947e+01
7.237480000000000000e+09,-9.179125204877217925e+01
7.237543333333333015e+09,-9.122166698759744463e+01
7.237606666666666985e+09,-9.091006796230266218e+01
7.237670000000000000e+09,-9.196963577236644483e+01
7.237733333333333015e+09,-9.112758017214304118e+01
7.237796666666666985e+09,-9.198933658661718482e+01
7.237860000000000000e+09,-9.134828409079324274e+01
7.237923333333333015e+09,-9.265557883670730632e+01
7.237986666666666985e+09,-9.062731671995319971e+01
7.238050000000000000e+09,-9.181780915596834802e+01
7.238113333333333015e+09,-9.185081699246086373e+01
7.238176666666666985e+09,-9.196511998241282981e+01
7.238240000000000000e+09,-9.163976835728190906e+01
7.238303333333333015e+09,-9.109963984298906325e+01
7.238366666666666985e+09,-9.097588994041734622e+01
7.238430000000000000e+09,-9.151456713453468694e+01
7.238493333333333015e+09,-9.129586598796741725e+01
7.238556666666666985e+09,-9.157663724174381059e+01
7.238620000000000000e+09,-9.190288063988222689e+01
7.238683333333333015e+09,-9.164780609718597759e+01
7.238746666666666985e+09,-9.147719518886216861e+01
7.238810000000000000e+09,-9.189475427675525054e+01
7.238873333333333015e+09,-9.140906386803420958e+01
7.238936666666666985e+09,-9.178924794262273679e+01
7.239000000000000000e+09,-9.179284267247339812e+01
7.239063333333333015e+09,-9.210306594699940774e+01
7.239126666666666985e+09,-9.182118740960729042e+01
7.239190000000000000e+09,-9.147168217238090904e+01
7.239253333333333015e+09,-9.174320515865260006e+01
7.239316666666666985e+09,-9.220022429380270523e+01
7.239380000000000000e+09,-9.173007782419898604e+01
7.239443333333333015e+09,-9.094846670574258951e+01
7.239506666666666985e+09,-9.094972080417689142e+01
7.239570000000000000e+09,-9.156034608599691182e+01
7.239633333333333015e+09,-9.167610993686020038e+01
7.239696666666666985e+09,-9.100308726576062668e+01
7.239760000000000000e+09,-9.179718130554279298e+01
7.239823333333333015e+09,-9.141535263000859857e+01
7.239886666666666985e+09,-9.165581070232317984e+01
7.239950000000000000e+09,-9.124923918334970097e+01
7.240013333333333015e+09,-9.112019994634273701e+01
7.240076666666666985e+09,-9.183220574585119778e+01
7.240140000000000000e+09,-9.154070122936617793e+01
7.240203333333333015e+09,-9.202848535717822642e+01
7.240266666666666985e+09,-9.104096641444246529e+01
7.240330000000000000e+09,-9.069161481211861542e+01
7.240393333333333015e+09,-9.091472772796302593e+01
7.240456666666666985e+09,-9.093215007894103508e+01
7.240520000000000000e+09,-9.072302723468837371e+01
7.240583333333333015e+09,-9.100248588866671184e+01
7.240646666666666985e+09,-9.139268290671969908e+01
7.240710000000000000e+09,-9.263232770911082525e+01
7.240773333333333015e+09,-9.074962882583693613e+01
7.240836666666666985e+09,-9.154745544296660853e+01
7.240900000000000000e+09,-9.071878510073374002e+01
7.240963333333333015e+09,-9.166989552422478482e+01
7.241026666666666985e+09,-9.111771400640635932e+01
7.241090000000000000e+09,-9.133985922251157774e+01
7.241153333333333015e+09,-9.116542408098533201e+01
7.241216666666666985e+09,-9.085713207617084208e+01
7.241280000000000000e+09,-9.273014820598919528e+01
7.241343333333333015e+09,-9.172800939112633500e+01
7.241406666666666985e+09,-9.219994624693350715e+01
7.241470000000000000e+09,-9.153082071389762575e+01
7.241533333333333015e+09,-9.160445931872763481e+01
7.241596666666666985e+09,-9.140997534350842102e+01
7.241660000000000000e+09,-9.179575285899974801e+01
7.241723333333333015e+09,-9.146746254938095433e+01
7.241786666666666985e+09,-9.173252593559979573e+01
7.241850000000000000e+09,-9.179583685546397476e+01
7.241913333333333015e+09,-9.188583005703868878e+01
7.241976666666666985e+09,-9.193545141486681871e+01
7.242040000000000000e+09,-9.148585062849230098e+01
7.242103333333333015e+09,-9.142596994029815960e+01
7.242166666666666985e+09,-9.171535330144766363e+01
7.242230000000000000e+09,-9.166079304490540380e+01
7.242293333333333015e+09,-9.122730752192555315e+01
7.242356666666666985e+09,-9.168090471012155263e+01
7.242420000000000000e+09,-9.145802852980806108e+01
7.242483333333333015e+09,-9.138323968853532620e+01
7.242546666666666985e+09,-9.200795365692985683e+01
7.242610000000000000e+09,-9.171158913956652725e+01
7.242673333333333015e+09,-9.222885326920430771e+01
7.242736666666666985e+09,-9.185931629002824650e+01
7.242800000000000000e+09,-9.169140983013255664e+01
7.242863333333333015e+09,-9.208268666331147756e+01
7.242926666666666985e+09,-9.112884229113278423e+01
7.242990000000000000e+09,-9.179763695429100778e+01
7.243053333333333015e+09,-9.115178532427380276e+01
7.243116666666666985e+09,-9.163106191510883036e+01
7.243180000000000000e+09,-9.064442906077366047e+01
7.243243333333333015e+09,-9.151274524442384006e+01
7.243306666666666985e+09,-9.229739069391197859e+01
7.243370000000000000e+09,-9.134055408170631551e+01
7.243433333333333015e+09,-9.139415221611038476e+01
7.243496666666666985e+09,-9.156741963446016541e+01
7.243560000000000000e+09,-9.096791255086515093e+01
7.243623333333333015e+09,-9.147374219725443822e+01
7.243686666666666985e+09,-9.151492763992044388e+01
7.243750000000000000e+09,-9.310192830024936939e+01
7.243813333333333015e+09,-9.180523474098721692e+01
7.243876666666666985e+09,-9.127611586021308199e+01
7.243940000000000000e+09,-9.265064240317408917e+01
7.244003333333333015e+09,-9.170974115466039223e+01
7.244066666666666985e+09,-9.077913898448203156e+01
7.244130000000000000e+09,-9.166166165007382460e+01
7.244193333333333015e+09,-9.235750486156923955e+01
7.244256666666666985e+09,-9.214202124732067034e+01
7.244320000000000000e+09,-9.147638269081130602e+01
7.244383333333333015e+09,-9.118661293327532746e+01
7.244446666666666985e+09,-9.211636403802125983e+01
7.244510000000000000e+09,-9.183843667726733884e+01
7.244573333333333015e+09,-9.233442767757132685e+01
7.244636666666666985e+09,-9.350593364548174691e+01
7.244700000000000000e+09,-9.270922896246425182e+01
7.244763333333333015e+09,-9.049189777222892417e+01
7.244826666666666985e+09,-9.193576759619402594e+01
7.244890000000000000e+09,-9.075131038546972206e+01
7.244953333333333015e+09,-9.170182843628288083e+01
7.245016666666666985e+09,-9.180839262286205837e+01
7.245080000000000000e+09,-9.271894422294323590e+01
7.245143333333333015e+09,-9.022029197556628333e+01
7.245206666666666985e+09,-9.189138625189914933e+01
7.245270000000000000e+09,-9.125069858032827597e+01
7.245333333333333015e+09,-9.201253526309233166e+01
7.245396666666666985e+09,-9.185054704305152029e+01
7.245460000000000000e+09,-9.245870414233172596e+01
7.245523333333333015e+09,-9.062143541662452151e+01
7.245586666666666985e+09,-9.156934080235701856e+01
7.245650000000000000e+09,-9.116232596277234279e+01
7.245713333333333015e+09,-9.284995626715770811e+01
7.245776666666666985e+09,-9.273737043871632579e+01
7.245840000000000000e+09,-9.094138841262299877e+01
7.245903333333333015e+09,-9.047692003916999681e+01
7.245966666666666985e+09,-9.196830861278967006e+01
7.246030000000000000e+09,-9.250991628622692531e+01
7.246093333333333015e+09,-9.161056973174774498e+01
7.246156666666666985e+09,-9.203740238877919921e+01
7.246220000000000000e+09,-9.067260614437617505e+01
7.246283333333333015e+09,-9.163986843410484084e+01
7.246346666666666985e+09,-9.218449006175980287e+01
7.246410000000000000e+09,-9.139095991587441858e+01
7.246473333333333015e+09,-9.177848573552977030e+01
7.246536666666666985e+09,-9.165476306482128166e+01
7.246600000000000000e+09,-9.139301861113986547e+01
7.246663333333333015e+09,-9.056121798661800426e+01
7.246726666666666985e+09,-9.259402496983297226e+01
7.246790000000000000e+09,-9.187266774915160283e+01
7.246853333333333015e+09,-9.047201774896720394e+01
7.246916666666666985e+09,-9.267470993435048854e+01
7.246980000000000000e+09,-9.186005893873587524e+01
7.247043333333333015e+09,-9.199330699217739493e+01
7.247106666666666985e+09,-9.242080677963663504e+01
7.247170000000000000e+09,-9.157529015341219747e+01
7.247233333333333015e+09,-9.161014604701618680e+01
7.247296666666666985e+09,-9.104289820186036764e+01
7.247360000000000000e+09,-9.188581824347670590e+01
7.247423333333333015e+09,-9.264748191409536560e+01
7.247486666666666985e+09,-9.125798820735846562e+01
7.247550000000000000e+09,-9.145485902766284880e+01
7.247613333333333015e+09,-9.318758344092563561e+01
7.247676666666666985e+09,-9.122018285081477984e+01
7.247740000000000000e+09,-9.196085596547766272e+01
7.247803333333333015e+09,-9.172630051239571003e+01
7.247866666666666985e+09,-9.117816045918686996e+01
7.247930000000000000e+09,-9.120750045475824663e+01
7.247993333333333015e+09,-9.195528963206265871e+01
7.248056666666666985e+09,-9.188349492545741271e+01
7.248120000000000000e+09,-9.159638091209347976e+01
7.248183333333333015e+09,-9.277353174913602629e+01
7.248246666666666985e+09,-9.218365799681407680e+01
7.248310000000000000e+09,-9.182058077627031878e+01
7.248373333333333015e+09,-9.098751012262539462e+01
7.248436666666666985e+09,-9.197308492757903764e+01
7.248500000000000000e+09,-9.200192690270984031e+01
7.248563333333333015e+09,-9.180364139877053731e+01
7.248626666666666985e+09,-9.178279013491237492e+01
7.248690000000000000e+09,-9.272154200110128386e+01
7.248753333333333015e+09,-9.166019492868363727e+01
7.248816666666666985e+09,-9.247901953529640195e+01
7.248880000000000000e+09,-9.268681761809993702e+01
7.248943333333333015e+09,-9.163425420187111570e+01
7.249006666666666985e+09,-9.235878663326590754e+01
7.249070000000000000e+09,-9.209764234026698659e+01
7.249133333333333015e+09,-9.232483040466721036e+01
7.249196666666666985e+09,-9.253405031236883360e+01
7.249260000000000000e+09,-9.142012696146184680e+01
7.249323333333333015e+09,-9.159905056330788398e+01
7.249386666666666985e+09,-9.233288129954243573e+01
7.249450000000000000e+09,-9.226925321254771006e+01
7.249513333333333015e+09,-9.198907243869010131e+01
7.249576666666666985e+09,-9.174562410951207880e+01
7.249640000000000000e+09,-9.156536887173190564e+01
7.249703333333333015e+09,-9.183488253695588810e+01
7.249766666666666985e+09,-9.093571691789281886e+01
7.249830000000000000e+09,-9.212435523010670124e+01
7.249893333333333015e+09,-9.174963968415654847e+01
7.249956666666666985e+09,-9.148996110309951746e+01
7.250020000000000000e+09,-9.144658076995533236e+01
7.250083333333333015e+09,-9.080372923043330502e+01
7.250146666666666985e+09,-9.099769687889238412e+01
7.250210000000000000e+09,-9.263736799026453639e+01
7.250273333333333015e+09,-9.187495897366457598e+01
7.250336666666666985e+09,-9.107414171859574026e+01
7.250400000000000000e+09,-9.061319701752037759e+01
7.250463333333333015e+09,-9.211539291123466455e+01
7.250526666666666985e+09,-9.042280324026029348e+01
7.250590000000000000e+09,-9.154644042622905431e+01
7.250653333333333015e+09,-9.054804271523174464e+01
7.250716666666666985e+09,-9.214446934619701324e+01
7.250780000000000000e+09,-9.282672483876852709e+01
7.250843333333333015e+09,-9.163037298189523483e+01
7.250906666666666985e+09,-9.212609261521163262e+01
7.250970000000000000e+09,-9.100496052260308488e+01
7.251033333333333015e+09,-9.116346249570696614e+01
7.251096666666666985e+09,-9.252321166862301993e+01
7.251160000000000000e+09,-9.172629796549409775e+01
7.251223333333333015e+09,-9.216689033502680672e+01
7.251286666666666985e+09,-9.281395797364004352e+01
7.251350000000000000e+09,-9.152999430811767922e+01
7.251413333333333015e+09,-9.246309897468856320e+01
7.251476666666666985e+09,-9.303330653662685279e+01
7.251540000000000000e+09,-9.191146114070711803e+01
7.251603333333333015e+09,-9.213085934972619384e+01
7.251666666666666985e+09,-9.278404244159241898e+01
7.251730000000000000e+09,-9.152976274655399891e+01
7.251793333333333015e+09,-9.136585910283821477e+01
7.251856666666666985e+09,-9.161593409140658650e+01
7.251920000000000000e+09,-9.170845195303863306e+01
7.251983333333333015e+09,-9.181276804779673739e+01
7.252046666666666985e+09,-9.157200705523050033e+01
7.252110000000000000e+09,-9.127084987648915160e+01
7.252173333333333015e+09,-9.109604028013677635e+01
7.252236666666666985e+09,-9.167057820890134678e+01
7.252300000000000000e+09,-9.185579575726461599e+01
7.252363333333333015e+09,-9.218476602610721216e+01
7.252426666666666985e+09,-9.099105045664602187e+01
7.252490000000000000e+09,-9.241654673973413026e+01
7.252553333333333015e+09,-9.179861170279954763e+01
7.252616666666666985e+09,-9.058580108832748579e+01
7.252680000000000000e+09,-9.239555312809818588e+01
7.252743333333333015e+09,-9.211035530376179281e+01
7.252806666666666985e+09,-9.152513732749348208e+01
7.252870000000000000e+09,-9.080228669330553259e+01
7.252933333333333015e+09,-9.176246162556074637e+01
7.252996666666666985e+09,-9.150396583141289852e+01
7.253060000000000000e+09,-9.168767354253384383e+01
7.253123333333333015e+09,-9.179792659167529223e+01
7.253186666666666985e+09,-9.178062222388952307e+01
7.253250000000000000e+09,-9.175702643953398763e+01
7.253313333333333015e+09,-9.214417544794841319e+01
7.253376666666666985e+09,-9.226014655242700258e+01
7.253440000000000000e+09,-9.223270518022253839e+01
7.253503333333333015e+09,-9.208064690371679717e+01
7.253566666666666985e+09,-9.171081868125531855e+01
7.253630000000000000e+09,-9.207176097058703590e+01
7.253693333333333015e+09,-9.120537229790610922e+01
7.253756666666666985e+09,-9.164420205693532751e+01
7.253820000000000000e+09,-9.229068239185208711e+01
7.253883333333333015e+09,-9.160755287757214660e+01
7.253946666666666985e+09,-9.155854293900860341e+01
7.254010000000000000e+09,-9.252548927569499426e+01
7.254073333333333015e+09,-9.169766567725409345e+01
7.254136666666666985e+09,-9.211305800997638471e+01
7.254200000000000000e+09,-9.196870889259331250e+01
7.254263333333333015e+09,-9.090345260673659311e+01
7.254326666666666985e+09,-9.147558507909235459e+01
7.254390000000000000e+09,-9.170734634947265818e+01
7.254453333333333015e+09,-9.160779536034034720e+01
7.254516666666666985e+09,-9.101466410829564779e+01
7.254580000000000000e+09,-9.177699357382445555e+01
7.254643333333333015e+09,-9.208869188517795124e+01
7.254706666666666985e+09,-9.209675470971312450e+01
7.254770000000000000e+09,-9.190469885284224461e+01
7.254833333333333015e+09,-9.246490026057614386e+01
7.254896666666666985e+09,-9.233949412577830174e+01
7.254960000000000000e+09,-9.201987897470687017e+01
7.255023333333333015e+09,-9.100381254816566923e+01
7.255086666666666985e+09,-9.170105279623325600e+01
7.255150000000000000e+09,-9.151648738426027307e+01
7.255213333333333015e+09,-9.168544863151899449e+01
7.255276666666666985e+09,-9.176133526857107370e+01
7.255340000000000000e+09,-9.234611222608205594e+01
7.255403333333333015e+09,-9.252332945717589041e+01
7.255466666666666985e+09,-9.217011033712756785e+01
7.255530000000000000e+09,-9.160466459788932525e+01
7.255593333333333015e+09,-9.188761081404859965e+01
7.255656666666666985e+09,-9.189143534533756963e+01
7.255720000000000000e+09,-9.138169101197540556e+01
7.255783333333333015e+09,-9.155848972575583389e+01
7.255846666666666985e+09,-9.215328383149366687e+01
7.255910000000000000e+09,-9.255002361158963708e+01
7.255973333333333015e+09,-9.208851171746442787e+01
7.256036666666666985e+09,-9.126753736975288689e+01
7.256100000000000000e+09,-9.247828757036347724e+01
7.256163333333333015e+09,-9.286223716299488729e+01
7.256226666666666985e+09,-9.211078948244237097e+01
7.256290000000000000e+09,-9.281130923949058342e+01
7.256353333333333015e+09,-9.185286193082933437e+01
7.256416666666666985e+09,-9.182423373679783651e+01
7.256480000000000000e+09,-9.233871623443791066e+01
7.256543333333333015e+09,-9.240506772772653221e+01
7.256606666666666985e+09,-9.299659572934024254e+01
7.256670000000000000e+09,-9.178710869521788140e+01
7.256733333333333015e+09,-9.209914692726638918e+01
7.256796666666666985e+09,-9.127128544164806101e+01
7.256860000000000000e+09,-9.164520680596473312e+01
7.256923333333333015e+09,-9.244763098339085161e+01
7.256986666666666985e+09,-9.192282327954173127e+01
7.257050000000000000e+09,-9.132215020181598675e+01
7.257113333333333015e+09,-9.245087032381933057e+01
7.257176666666666985e+09,-9.206807399452527818e+01
7.257240000000000000e+09,-9.212546589874537517e+01
7.257303333333333015e+09,-9.190360342130975368e+01
7.257366666666666985e+09,-9.271362200616003690e+01
7.257430000000000000e+09,-9.118054166945327665e+01
7.257493333333333015e+09,-9.338911924625706718e+01
7.257556666666666985e+09,-9.214447788891298785e+01
7.257620000000000000e+09,-9.219141201813482667e+01
7.257683333333333015e+09,-9.221673285823520416e+01
7.257746666666666985e+09,-9.180487656963629206e+01
7.257810000000000000e+09,-9.268004965382517923e+01
7.257873333333333015e+09,-9.183348897356408713e+01
7.257936666666666985e+09,-9.130611447723246954e+01
7.258000000000000000e+09,-9.189876758327153539e+01
7.258063333333333015e+09,-9.264616191755278862e+01
7.258126666666666985e+09,-9.232693559169990749e+01
7.258190000000000000e+09,-9.233950275579587696e+01
7.258253333333333015e+09,-9.255973938127483791e+01
7.258316666666666985e+09,-9.198952701100537865e+01
7.258380000000000000e+09,-9.137526913832026310e+01
7.258443333333333015e+09,-9.367908321028201613e+01
7.258506666666666985e+09,-9.158530029759782565e+01
7.258570000000000000e+09,-9.228184129564448313e+01
7.258633333333333015e+09,-9.277476980032398046e+01
7.258696666666666985e+09,-9.124288487922896707e+01
7.258760000000000000e+09,-9.222142052868139217e+01
7.258823333333333015e+09,-9.205755050516151528e+01
7.258886666666666985e+09,-9.223897971523841477e+01
7.258950000000000000e+09,-9.169982554544007769e+01
7.259013333333333015e+09,-9.166220914632398831e+01
7.259076666666666985e+09,-9.122908168491703407e+01
7.259140000000000000e+09,-9.155688461623674357e+01
7.259203333333333015e+09,-9.250838923454182350e+01
7.259266666666666985e+09,-9.213687104154361407e+01
7.259330000000000000e+09,-9.278208769575775250e+01
7.259393333333333015e+09,-9.195281486791620296e+01
7.259456666666666985e+09,-9.299089371153493744e+01
7.259520000000000000e+09,-9.095314929594368891e+01
7.259583333333333015e+09,-9.190626693864521712e+01
7.259646666666666985e+09,-9.205465849935347933e+01
7.259710000000000000e+09,-9.238180747059297460e+01
7.259773333333333015e+09,-9.094214522820904278e+01
7.259836666666666985e+09,-9.223794858595368851e+01
7.259900000000000000e+09,-9.271702988558035941e+01
7.259963333333333015e+09,-9.188869343988986316e+01
7.260026666666666985e+09,-9.157877500923449077e+01
7.260090000000000000e+09,-9.173421099067903128e+01
7.260153333333333015e+09,-9.246867365844407516e+01
7.260216666666666985e+09,-9.319210239889963532e+01
7.260280000000000000e+09,-9.133954765979638069e+01
7.260343333333333015e+09,-9.240261684561312450e+01
7.260406666666666985e+09,-9.221668437574548705e+01
7.260470000000000000e+09,-9.174450861414138103e+01
7.260533333333333015e+09,-9.236060130986427907e+01
7.260596666666666985e+09,-9.134812793519442664e+01
7.260660000000000000e+09,-9.133979655326032798e+01
7.260723333333333015e+09,-9.277744252786493462e+01
7.260786666666666985e+09,-9.336159393429500142e+01
7.260850000000000000e+09,-9.266177293250889591e+01
7.260913333333333015e+09,-9.188335149613963893e+01
7.260976666666666985e+09,-9.192782505154595185e+01
7.261040000000000000e+09,-9.292832874164594159e+01
7.261103333333333015e+09,-9.202566923798175935e+01
7.261166666666666985e+09,-9.216066371193258533e+01
7.261230000000000000e+09,-9.286353554350986883e+01
7.261293333333333015e+09,-9.136663044831919933e+01
7.261356666666666985e+09,-9.222618822332717059e+01
7.261420000000000000e+09,-9.271345304949315391e+01
7.261483333333333015e+09,-9.223168355598039625e+01
7.261546666666666985e+09,-9.329048089020140822e+01
7.261610000000000000e+09,-9.224434518287810647e+01
7.261673333333333015e+09,-9.314441054911733886e+01
7.261736666666666985e+09,-9.304953836504014930e+01
7.261800000000000000e+09,-9.410531637627343571e+01
7.261863333333333015e+09,-9.508174971094595662e+01
7.261926666666666985e+09,-9.434138436588513343e+01
7.261990000000000000e+09,-9.978885221781391124e+01
7.262053333333333015e+09,-9.946968136280662520e+01
7.262116666666666985e+09,-9.439863336463557175e+01
7.262180000000000000e+09,-9.381919096774211653e+01
7.262243333333333015e+09,-9.297126127974860310e+01
7.262306666666666985e+09,-9.184595836952972547e+01
7.262370000000000000e+09,-9.214439410358706084e+01
7.262433333333333015e+09,-9.349665076957045073e+01
7.262496666666666985e+09,-9.201431280590931294e+01
7.262560000000000000e+09,-9.308762869088866410e+01
7.262623333333333015e+09,-9.253871956712455926e+01
7.262686666666666985e+09,-9.354093746675657428e+01
7.262750000000000000e+09,-9.225179772666237454e+01
7.262813333333333015e+09,-9.298821710054482992e+01
7.262876666666666985e+09,-9.186938575215077663e+01
7.262940000000000000e+09,-9.122012493448104919e+01
7.263003333333333015e+09,-9.229100680899466624e+01
7.263066666666666985e+09,-9.252535610596191873e+01
7.263130000000000000e+09,-9.218974192709268323e+01
7.263193333333333015e+09,-9.215059345243410860e+01
7.263256666666666985e+09,-9.279504350467354357e+01
7.263320000000000000e+09,-9.220312076893002029e+01
7.263383333333333015e+09,-9.182458205336105550e+01
7.263446666666666985e+09,-9.396196100112223348e+01
7.263510000000000000e+09,-9.305369326845945466e+01
7.263573333333333015e+09,-9.252894482029431344e+01
7.263636666666666985e+09,-9.215189504588094849e+01
7.263700000000000000e+09,-9.229038389397726405e+01
7.263763333333333015e+09,-9.248879893569950639e+01
7.263826666666666985e+09,-9.198491200067863360e+01
7.263890000000000000e+09,-9.199026198333017135e+01
7.263953333333333015e+09,-9.209757436546915699e+01
7.264016666666666985e+09,-9.290814255527831733e+01
7.264080000000000000e+09,-9.212635973374098342e+01
7.264143333333333015e+09,-9.213081069362218045e+01
7.264206666666666985e+09,-9.159881478992778625e+01
7.264270000000000000e+09,-9.276058140781367456e+01
7.264333333333333015e+09,-9.241683457947637237e+01
7.264396666666666985e+09,-9.338321176958173453e+01
7.264460000000000000e+09,-9.230119636843514286e+01
7.264523333333333015e+09,-9.191145037484018587e+01
7.264586666666666985e+09,-9.126653514996621652e+01
7.264650000000000000e+09,-9.243164771504009991e+01
7.264713333333333015e+09,-9.129930717839826571e+01
7.264776666666666985e+09,-9.267562911971013762e+01
7.264840000000000000e+09,-9.151979808570095543e+01
7.264903333333333015e+09,-9.233586468910856127e+01
7.264966666666666985e+09,-9.323742925705316509e+01
7.265030000000000000e+09,-9.198543493936378468e+01
7.265093333333333015e+09,-9.259664264842882631e+01
7.265156666666666985e+09,-9.196612605743786162e+01
7.265220000000000000e+09,-9.194791465944331321e+01
7.265283333333333015e+09,-9.206553600356522793e+01
7.265346666666666985e+09,-9.169999295407981776e+01
7.265410000000000000e+09,-9.229081256057142468e+01
7.265473333333333015e+09,-9.237178223381086184e+01
7.265536666666666985e+09,-9.239928872184015063e+01
7.265600000000000000e+09,-9.061194700753640063e+01
7.265663333333333015e+09,-9.106170124332130911e+01
7.265726666666666985e+09,-9.226643214578510310e+01
7.265790000000000000e+09,-9.283764204403040310e+01
7.265853333333333015e+09,-9.207960518222932933e+01
7.265916666666666985e+09,-9.278851662539878475e+01
7.265980000000000000e+09,-9.241810007983382036e+01
7.266043333333333015e+09,-9.179340187569488307e+01
7.266106666666666985e+09,-9.202430875409996247e+01
7.266170000000000000e+09,-9.219529399239894474e+01
7.266233333333333015e+09,-9.168974497913842470e+01
7.266296666666666985e+09,-9.302112665355947740e+01
7.266360000000000000e+09,-9.198883223575863610e+01
7.266423333333333015e+09,-9.239496947292980167e+01
7.266486666666666985e+09,-9.323075660760871131e+01
7.266550000000000000e+09,-9.296293121489708255e+01
7.266613333333333015e+09,-9.241886044560581581e+01
7.266676666666666985e+09,-9.324730532649191161e+01
7.266740000000000000e+09,-9.268237585464783024e+01
7.266803333333333015e+09,-9.221990301365076448e+01
7.266866666666666985e+09,-9.150092633088132743e+01
7.266930000000000000e+09,-9.250523715211711817e+01
7.266993333333333015e+09,-9.219607570869472113e+01
7.267056666666666985e+09,-9.258589152705303604e+01
7.267120000000000000e+09,-9.246265585624621508e+01
7.267183333333333015e+09,-9.278202772557389721e+01
7.267246666666666985e+09,-9.213326537933711791e+01
7.267310000000000000e+09,-9.169901373483128282e+01
7.267373333333333015e+09,-9.228468006011391367e+01
7.267436666666666985e+09,-9.239509023737653592e+01
7.267500000000000000e+09,-9.286306482918487859e+01
7.267563333333333015e+09,-9.176071972122650777e+01
7.267626666666666985e+09,-9.255288030404034316e+01
7.267690000000000000e+09,-9.139674337170247043e+01
7.267753333333333015e+09,-9.106147305806379677e+01
7.267816666666666985e+09,-9.220949196251025626e+01
7.267880000000000000e+09,-9.186811596107544631e+01
7.267943333333333015e+09,-9.214593721974887330e+01
7.268006666666666985e+09,-9.197130457864616915e+01
7.268070000000000000e+09,-9.324549831378928388e+01
7.268133333333333015e+09,-9.283600008287473315e+01
7.268196666666666985e+09,-9.189595153492282975e+01
7.268260000000000000e+09,-9.188811367769125127e+01
7.268323333333333015e+09,-9.224968714851749496e+01
7.268386666666666985e+09,-9.287338044806453752e+01
7.268450000000000000e+09,-9.287578293885728442e+01
7.268513333333333015e+09,-9.113297849089900637e+01
7.268576666666666985e+09,-9.219772420986501515e+01
7.268640000000000000e+09,-9.223251555258003975e+01
7.268703333333333015e+09,-9.220312878556414660e+01
7.268766666666666985e+09,-9.180089488022082378e+01
7.268830000000000000e+09,-9.302246729561588268e+01
7.268893333333333015e+09,-9.247662582116184637e+01
7.268956666666666985e+09,-9.361565047220804558e+01
7.269020000000000000e+09,-9.243337333432714331e+01
7.269083333333333015e+09,-9.214521177284994735e+01
7.269146666666666985e+09,-9.152446826649359934e+01
7.269210000000000000e+09,-9.217793516765630102e+01
7.269273333333333015e+09,-9.240177732264113786e+01
7.269336666666666985e+09,-9.212478039620890513e+01
7.269400000000000000e+09,-9.303096319036706063e+01
7.269463333333333015e+09,-9.280405299334132962e+01
7.269526666666666985e+09,-9.250402893061095710e+01
7.269590000000000000e+09,-9.243950903863272117e+01
7.269653333333333015e+09,-9.197857213701105650e+01
7.269716666666666985e+09,-9.112002232917342326e+01
7.269780000000000000e+09,-9.191218874343876166e+01
7.269843333333333015e+09,-9.205257516651373351e+01
7.269906666666666985e+09,-9.292277135724964410e+01
7.269970000000000000e+09,-9.195071771128939986e+01
7.270033333333333015e+09,-9.162363365432210571e+01
7.270096666666666985e+09,-9.233099768395300089e+01
7.270160000000000000e+09,-9.166057791373913233e+01
7.270223333333333015e+09,-9.161348425715527810e+01
7.270286666666666985e+09,-9.198815120610717599e+01
7.270350000000000000e+09,-9.148509679861260224e+01
7.270413333333333015e+09,-9.287054102027995839e+01
7.270476666666666985e+09,-9.230789414255838210e+01
7.270540000000000000e+09,-9.213863422659628100e+01
7.270603333333333015e+09,-9.313189598992833851e+01
7.270666666666666985e+09,-9.261918105354052955e+01
7.270730000000000000e+09,-9.351553190319536668e+01
7.270793333333333015e+09,-9.123477186335796318e+01
7.270856666666666985e+09,-9.200977756474736680e+01
7.270920000000000000e+09,-9.242107691829481553e+01
7.270983333333333015e+09,-9.211912364683961130e+01
7.271046666666666985e+09,-9.267372752449057316e+01
7.271110000000000000e+09,-9.118943607059347300e+01
7.271173333333333015e+09,-9.307087942127819247e+01
7.271236666666666985e+09,-9.336581458276249634e+01
7.271300000000000000e+09,-9.251566802238022547e+01
7.271363333333333015e+09,-9.207692925513755711e+01
7.271426666666666985e+09,-9.157869279528526363e+01
7.271490000000000000e+09,-9.285592395167634550e+01
7.271553333333333015e+09,-9.238134088372373753e+01
7.271616666666666985e+09,-9.186469564210783290e+01
7.271680000000000000e+09,-9.284857355504655629e+01
7.271743333333333015e+09,-9.131933199033289839e+01
7.271806666666666985e+09,-9.139654521357060446e+01
7.271870000000000000e+09,-9.262186002860714495e+01
7.271933333333333015e+09,-9.177332098219649481e+01
7.271996666666666985e+09,-9.164864721224952859e+01
7.272060000000000000e+09,-9.223804921228635578e+01
7.272123333333333015e+09,-9.165932404828056690e+01
7.272186666666666985e+09,-9.258139794462535122e+01
7.272250000000000000e+09,-9.322964121189386333e+01
7.272313333333333015e+09,-9.246579227878413576e+01
7.272376666666666985e+09,-9.205177342014054886e+01
7.272440000000000000e+09,-9.297834057401927055e+01
7.272503333333333015e+09,-9.236405921135762753e+01
7.272566666666666985e+09,-9.269481998704634407e+01
7.272630000000000000e+09,-9.356354919592254760e+01
7.272693333333333015e+09,-9.089142784561877875e+01
7.272756666666666985e+09,-9.257309678202938130e+01
7.272820000000000000e+09,-9.250325795000296125e+01
7.272883333333333015e+09,-9.241706778643245457e+01
7.272946666666666985e+09,-9.226485491650976201e+01
7.273010000000000000e+09,-9.124298324825429063e+01
7.273073333333333015e+09,-9.200363177139131210e+01
7.273136666666666985e+09,-9.317569065550459584e+01
7.273200000000000000e+09,-9.290545465805618619e+01
7.273263333333333015e+09,-9.185081735792822144e+01
7.273326666666666985e+09,-9.231579738294783510e+01
7.273390000000000000e+09,-9.157457156664429476e+01
7.273453333333333015e+09,-9.228442888936484678e+01
7.273516666666666985e+09,-9.217256884056612876e+01
7.273580000000000000e+09,-9.264179324741235177e+01
7.273643333333333015e+09,-9.148044456009782266e+01
7.273706666666666985e+09,-9.231237251075746997e+01
7.273770000000000000e+09,-9.325085424902292175e+01
7.273833333333333015e+09,-9.263347513051969884e+01
7.273896666666666985e+09,-9.183659797013717707e+01
7.273960000000000000e+09,-9.330190520832886136e+01
7.274023333333333015e+09,-9.264493750023213181e+01
7.274086666666666985e+09,-9.218734837472081267e+01
7.274150000000000000e+09,-9.209142027478245041e+01
7.274213333333333015e+09,-9.245328280320470071e+01
7.274276666666666985e+09,-9.319313524349564659e+01
7.274340000000000000e+09,-9.209242874227983577e+01
7.274403333333333015e+09,-9.179992325323129876e+01
7.274466666666666985e+09,-9.217395470140172620e+01
7.274530000000000000e+09,-9.240106245427567444e+01
7.274593333333333015e+09,-9.194325300930280775e+01
7.274656666666666985e+09,-9.125323046332881916e+01
7.274720000000000000e+09,-9.246609692317738904e+01
7.274783333333333015e+09,-9.280499651386053017e+01
7.274846666666666985e+09,-9.315940784602014446e+01
7.274910000000000000e+09,-9.278180611219718799e+01
7.274973333333333015e+09,-9.222973243278102018e+01
7.275036666666666985e+09,-9.219619995487616393e+01
7.275100000000000000e+09,-9.427190867811151520e+01
7.275163333333333015e+09,-9.200285544003081384e+01
7.275226666666666985e+09,-9.241462936713686815e+01
7.275290000000000000e+09,-9.311109200729148938e+01
7.275353333333333015e+09,-9.305880492099221613e+01
7.275416666666666985e+09,-9.244039343305928469e+01
7.275480000000000000e+09,-9.258543080681461390e+01
7.275543333333333015e+09,-9.196933034938922447e+01
7.275606666666666985e+09,-9.273795864453683180e+01
7.275670000000000000e+09,-9.182298464149246797e+01
7.275733333333333015e+09,-9.361078687191465519e+01
7.275796666666666985e+09,-9.195552969994373882e+01
7.275860000000000000e+09,-9.264777401024106496e+01
7.275923333333333015e+09,-9.261948466361093324e+01
7.275986666666666985e+09,-9.202481172918254515e+01
7.276050000000000000e+09,-9.227016283613592407e+01
7.276113333333333015e+09,-9.171227816099340657e+01
7.276176666666666985e+09,-9.188098656565466626e+01
7.276240000000000000e+09,-9.238766619937368318e+01
7.276303333333333015e+09,-9.357093851628752645e+01
7.276366666666666985e+09,-9.325345233569733239e+01
7.276430000000000000e+09,-9.382791341373776106e+01
7.276493333333333015e+09,-9.129432475132234970e+01
7.276556666666666985e+09,-9.273506549117729492e+01
7.276620000000000000e+09,-9.294682906206190864e+01
7.276683333333333015e+09,-9.289883049603068343e+01
7.276746666666666985e+09,-9.266795043792390629e+01
7.276810000000000000e+09,-9.215309858561697354e+01
7.276873333333333015e+09,-9.220599878104509628e+01
7.276936666666666985e+09,-9.233519067177044803e+01
7.277000000000000000e+09,-9.272254953684199563e+01
7.277063333333333015e+09,-9.298875683384510182e+01
7.277126666666666985e+09,-9.305871222264499920e+01
7.277190000000000000e+09,-9.196461897597208690e+01
7.277253333333333015e+09,-9.288107936092019656e+01
7.277316666666666985e+09,-9.311954225244461725e+01
7.277380000000000000e+09,-9.211734560557798090e+01
7.277443333333333015e+09,-9.356634547175964656e+01
7.277506666666666985e+09,-9.166547794928229109e+01
7.277570000000000000e+09,-9.242092673267427472e+01
7.277633333333333015e+09,-9.199486672623558547e+01
7.277696666666666985e+09,-9.337026817269344292e+01
7.277760000000000000e+09,-9.298482559357572086e+01
7.277823333333333015e+09,-9.231011564948870785e+01
7.277886666666666985e+09,-9.162178907386757487e+01
7.277950000000000000e+09,-9.315123727101638451e+01
7.278013333333333015e+09,-9.147689717217902228e+01
7.278076666666666985e+09,-9.346924394430183725e+01
7.278140000000000000e+09,-9.315095572329545348e+01
7.278203333333333015e+09,-9.307268743137639433e+01
7.278266666666666985e+09,-9.260778545268794915e+01
7.278330000000000000e+09,-9.283074274660613412e+01
7.278393333333333015e+09,-9.205743861440987530e+01
7.278456666666666985e+09,-9.281131640993761778e+01
7.278520000000000000e+09,-9.317849616803644608e+01
7.278583333333333015e+09,-9.298429541394148146e+01
7.278646666666666985e+09,-9.270170744623743531e+01
7.278710000000000000e+09,-9.345263169955295268e+01
7.278773333333333015e+09,-9.247779791193183030e+01
7.278836666666666985e+09,-9.235904176546796407e+01
7.278900000000000000e+09,-9.120692477496530159e+01
7.278963333333333015e+09,-9.262825647421833253e+01
7.279026666666666985e+09,-9.280478813433740015e+01
7.279090000000000000e+09,-9.311777484375353708e+01
7.279153333333333015e+09,-9.290519653998592275e+01
7.279216666666666985e+09,-9.330526505839826257e+01
7.279280000000000000e+09,-9.161638609480789341e+01
7.279343333333333015e+09,-9.190822304547010901e+01
7.279406666666666985e+09,-9.205713257330556587e+01
7.279470000000000000e+09,-9.219674332471049638e+01
7.279533333333333015e+09,-9.316857188056042105e+01
7.279596666666666985e+09,-9.230362567717381239e+01
7.279660000000000000e+09,-9.127148036659508534e+01
7.279723333333333015e+09,-9.258631971853296250e+01
7.279786666666666985e+09,-9.290621593385725419e+01
7.279850000000000000e+09,-9.304394597526764699e+01
7.279913333333333015e+09,-9.205967668104275958e+01
7.279976666666666985e+09,-9.258832605490248113e+01
7.280040000000000000e+09,-9.294285785619587159e+01
7.280103333333333015e+09,-9.155291043068777412e+01
7.280166666666666985e+09,-9.325456103614099845e+01
7.280230000000000000e+09,-9.285763604639070934e+01
7.280293333333333015e+09,-9.341765300148203721e+01
7.280356666666666985e+09,-9.413769359147809723e+01
7.280420000000000000e+09,-9.209345592345837872e+01
7.280483333333333015e+09,-9.207057425066818723e+01
7.280546666666666985e+09,-9.272088280362441992e+01
7.280610000000000000e+09,-9.251883328366187698e+01
7.280673333333333015e+09,-9.272509868236079456e+01
7.280736666666666985e+09,-9.343506708001345373e+01
7.280800000000000000e+09,-9.217511701405885560e+01
7.280863333333333015e+09,-9.168736199891831973e+01
7.280926666666666985e+09,-9.224498943086911140e+01
7.280990000000000000e+09,-9.348575547070564085e+01
7.281053333333333015e+09,-9.196818521837207072e+01
7.281116666666666985e+09,-9.226261836826373042e+01
7.281180000000000000e+09,-9.219388686282732692e+01
7.281243333333333015e+09,-9.379547351445143022e+01
7.281306666666666985e+09,-9.199183982161869721e+01
7.281370000000000000e+09,-9.251443737582314952e+01
7.281433333333333015e+09,-9.383091348001957499e+01
7.281496666666666985e+09,-9.333925951517686315e+01
7.281560000000000000e+09,-9.262712264874096491e+01
7.281623333333333015e+09,-9.190968513575481325e+01
7.281686666666666985e+09,-9.309521538876280999e+01
7.281750000000000000e+09,-9.297075677104182034e+01
7.281813333333333015e+09,-9.180113502677677673e+01
7.281876666666666985e+09,-9.179455901070936363e+01
7.281940000000000000e+09,-9.347990104133046430e+01
7.282003333333333015e+09,-9.165567402087694404e+01
7.282066666666666985e+09,-9.250725146597774540e+01
7.282130000000000000e+09,-9.393005780494463863e+01
7.282193333333333015e+09,-9.281951777442938578e+01
7.282256666666666985e+09,-9.146546110071462010e+01
7.282320000000000000e+09,-9.237889381378282394e+01
7.282383333333333015e+09,-9.299150145720354033e+01
7.282446666666666985e+09,-9.270580577188542293e+01
7.282510000000000000e+09,-9.301708558133165639e+01
7.282573333333333015e+09,-9.249075918759659487e+01
7.282636666666666985e+09,-9.201553963325757479e+01
7.282700000000000000e+09,-9.337232217618294783e+01
7.282763333333333015e+09,-9.339407827231168824e+01
7.282826666666666985e+09,-9.217560751090921656e+01
7.282890000000000000e+09,-9.405422969555860391e+01
7.282953333333333015e+09,-9.275944900523134606e+01
7.283016666666666985e+09,-9.267847432776031269e+01
7.283080000000000000e+09,-9.231726156189252208e+01
7.283143333333333015e+09,-9.248806250500423687e+01
7.283206666666666985e+09,-9.335947501822454342e+01
7.283270000000000000e+09,-9.332086103575568359e+01
7.283333333333333015e+09,-9.258218148933140412e+01
7.283396666666666985e+09,-9.334707187251177629e+01
7.283460000000000000e+09,-9.287249589630251023e+01
7.283523333333333015e+09,-9.234850496441239898e+01
7.283586666666666985e+09,-9.242481183008629841e+01
7.283650000000000000e+09,-9.157264743403059981e+01
7.283713333333333015e+09,-9.361878719433684637e+01
7.283776666666666985e+09,-9.278963564030306088e+01
7.283840000000000000e+09,-9.353639664690545885e+01
7.283903333333333015e+09,-9.262737543141263075e+01
7.283966666666666985e+09,-9.267023926062060468e+01
7.284030000000000000e+09,-9.379684712549371284e+01
7.284093333333333015e+09,-9.308366938974471338e+01
7.284156666666666985e+09,-9.285094121436743819e+01
7.284220000000000000e+09,-9.280657043013505358e+01
7.284283333333333015e+09,-9.323709132180536585e+01
7.284346666666666985e+09,-9.213363756301095009e+01
7.284410000000000000e+09,-9.261878415959935751e+01
7.284473333333333015e+09,-9.254266385212766011e+01
7.284536666666666985e+09,-9.256204591125390380e+01
7.284600000000000000e+09,-9.264367219881826543e+01
7.284663333333333015e+09,-9.339642671743420976e+01
7.284726666666666985e+09,-9.366291527897188018e+01
7.284790000000000000e+09,-9.375538907427821300e+01
7.284853333333333015e+09,-9.287338069894997261e+01
7.284916666666666985e+09,-9.275589751885604528e+01
7.284980000000000000e+09,-9.249690899942704903e+01
7.285043333333333015e+09,-9.431295258027213890e+01
7.285106666666666985e+09,-9.219488654712192499e+01
7.285170000000000000e+09,-9.248632683803906218e+01
7.285233333333333015e+09,-9.334424646111584423e+01
7.285296666666666985e+09,-9.312753093501677881e+01
7.285360000000000000e+09,-9.397430614456337139e+01
7.285423333333333015e+09,-9.182220601658838177e+01
7.285486666666666985e+09,-9.253874810710833287e+01
7.285550000000000000e+09,-9.316422138632839278e+01
7.285613333333333015e+09,-9.315920446046266079e+01
7.285676666666666985e+09,-9.275001357831307303e+01
7.285740000000000000e+09,-9.225782308304987112e+01
7.285803333333333015e+09,-9.196455121105168473e+01
7.285866666666666985e+09,-9.371426027353406596e+01
7.285930000000000000e+09,-9.260376956988974939e+01
7.285993333333333015e+09,-9.309109270957125659e+01
7.286056666666666985e+09,-9.251041994275567504e+01
7.286120000000000000e+09,-9.307136705514493258e+01
7.286183333333333015e+09,-9.226322411270476209e+01
7.286246666666666985e+09,-9.308002541898468962e+01
7.286310000000000000e+09,-9.259669959079623425e+01
7.286373333333333015e+09,-9.349701336811754970e+01
7.286436666666666985e+09,-9.207703354155255226e+01
7.286500000000000000e+09,-9.295982349393287336e+01
7.286563333333333015e+09,-9.234435287344255983e+01
7.286626666666666985e+09,-9.388096610274237719e+01
7.286690000000000000e+09,-9.127472912084817835e+01
7.286753333333333015e+09,-9.322367743321078137e+01
7.286816666666666985e+09,-9.254942031471507846e+01
7.286880000000000000e+09,-9.276758069573998000e+01
7.286943333333333015e+09,-9.362305802708037561e+01
7.287006666666666985e+09,-9.237830239780107888e+01
7.287070000000000000e+09,-9.246836658670552822e+01
7.287133333333333015e+09,-9.267493219709096763e+01
7.287196666666666985e+09,-9.279867835099076956e+01
7.287260000000000000e+09,-9.324521330973212230e+01
7.287323333333333015e+09,-9.271528592752778763e+01
7.287386666666666985e+09,-9.185222809367229502e+01
7.287450000000000000e+09,-9.265223927570457363e+01
7.287513333333333015e+09,-9.316119728165276115e+01
7.287576666666666985e+09,-9.287043777366824315e+01
7.287640000000000000e+09,-9.269317264793208722e+01
7.287703333333333015e+09,-9.404682233767630350e+01
7.287766666666666985e+09,-9.365484439371189751e+01
7.287830000000000000e+09,-9.331585521436727504e+01
7.287893333333333015e+09,-9.208402199313731273e+01
7.287956666666666985e+09,-9.426291724034889796e+01
7.288020000000000000e+09,-9.320209063180838882e+01
7.288083333333333015e+09,-9.348148954950002576e+01
7.288146666666666985e+09,-9.216002449441745625e+01
7.288210000000000000e+09,-9.312758049369797675e+01
7.288273333333333015e+09,-9.285379766682167713e+01
7.288336666666666985e+09,-9.353664092073407232e+01
7.288400000000000000e+09,-9.412860425665485309e+01
7.288463333333333015e+09,-9.354363675820165724e+01
7.288526666666666985e+09,-9.257921125622527825e+01
7.288590000000000000e+09,-9.269839488336276645e+01
7.288653333333333015e+09,-9.352886707550931078e+01
7.288716666666666985e+09,-9.375984063810162183e+01
7.288780000000000000e+09,-9.301569144350727925e+01
7.288843333333333015e+09,-9.328204002230435776e+01
7.288906666666666985e+09,-9.246737318248550253e+01
7.288970000000000000e+09,-9.233982304871103963e+01
7.289033333333333015e+09,-9.285589039710799852e+01
7.289096666666666985e+09,-9.229901179513747422e+01
7.289160000000000000e+09,-9.183343662463231283e+01
7.289223333333333015e+09,-9.242001790599856292e+01
7.289286666666666985e+09,-9.200044438588977869e+01
7.289350000000000000e+09,-9.319166738970324104e+01
7.289413333333333015e+09,-9.329052202144026751e+01
7.289476666666666985e+09,-9.368326474876887744e+01
7.289540000000000000e+09,-9.272542535226817506e+01
7.289603333333333015e+09,-9.256575328660477453e+01
7.289666666666666985e+09,-9.361674455643601789e+01
7.289730000000000000e+09,-9.239777413899926728e+01
7.289793333333333015e+09,-9.342291613010593210e+01
7.289856666666666985e+09,-9.245652522229420356e+01
7.289920000000000000e+09,-9.273312302608276525e+01
7.289983333333333015e+09,-9.379398382105483734e+01
7.290046666666666985e+09,-9.262356068670891318e+01
7.290110000000000000e+09,-9.420587648665524227e+01
7.290173333333333015e+09,-9.307896035386227140e+01
7.290236666666666985e+09,-9.446046024954681286e+01
7.290300000000000000e+09,-9.436110248145067203e+01
7.290363333333333015e+09,-9.720204114419273367e+01
7.290426666666666985e+09,-1.012498077545804165e+02
7.290490000000000000e+09,-1.003393573277562609e+02
7.290553333333333015e+09,-9.734750444847145445e+01
7.290616666666666985e+09,-9.433476582896405205e+01
7.290680000000000000e+09,-9.437459183381483285e+01
7.290743333333333015e+09,-9.357690030166256179e+01
7.290806666666666985e+09,-9.376613411491553052e+01
7.290870000000000000e+09,-9.263378033842050741e+01
7.290933333333333015e+09,-9.247930461685335501e+01
7.290996666666666985e+09,-9.299640531649956188e+01
7.291060000000000000e+09,-9.344480607875664191e+01
7.291123333333333015e+09,-9.347188113482471294e+01
7.291186666666666985e+09,-9.259272534303681823e+01
7.291250000000000000e+09,-9.300167759438879500e+01
7.291313333333333015e+09,-9.254840304044093102e+01
7.291376666666666985e+09,-9.313176053619868355e+01
7.291440000000000000e+09,-9.360056760202536452e+01
7.291503333333333015e+09,-9.268996739179435451e+01
7.291566666666666985e+09,-9.287440245552252804e+01
7.291630000000000000e+09,-9.377661845813578623e+01
7.291693333333333015e+09,-9.279267831014306012e+01
7.291756666666666985e+09,-9.230528831869722239e+01
7.291820000000000000e+09,-9.283363212923293872e+01
7.291883333333333015e+09,-9.241027708567705190e+01
7.291946666666666985e+09,-9.291722060338399558e+01
7.292010000000000000e+09,-9.187128322241014189e+01
7.292073333333333015e+09,-9.279311414138166469e+01
7.292136666666666985e+09,-9.305833968529216804e+01
7.292200000000000000e+09,-9.278257859870457480e+01
7.292263333333333015e+09,-9.243980593545698810e+01
7.292326666666666985e+09,-9.252646742194933438e+01
7.292390000000000000e+09,-9.380269518648189830e+01
7.292453333333333015e+09,-9.388270981670109450e+01
7.292516666666666985e+09,-9.274703370424872162e+01
7.292580000000000000e+09,-9.281005352631109417e+01
7.292643333333333015e+09,-9.213570582029879574e+01
7.292706666666666985e+09,-9.361900197643385013e+01
7.292770000000000000e+09,-9.371090860766943820e+01
7.292833333333333015e+09,-9.214795295114413420e+01
7.292896666666666985e+09,-9.297605109583281546e+01
7.292960000000000000e+09,-9.208424358803091536e+01
7.293023333333333015e+09,-9.259351770320682817e+01
7.293086666666666985e+09,-9.316957510052093028e+01
7.293150000000000000e+09,-9.281005870437329008e+01
7.293213333333333015e+09,-9.294959037953965719e+01
7.293276666666666985e+09,-9.438310041291910579e+01
7.293340000000000000e+09,-9.265345331217959313e+01
7.293403333333333015e+09,-9.241339720918718115e+01
7.293466666666666985e+09,-9.286190778118898947e+01
7.293530000000000000e+09,-9.300999966666651630e+01
7.293593333333333015e+09,-9.331062166086405796e+01
7.293656666666666985e+09,-9.227286189050424525e+01
7.293720000000000000e+09,-9.339900175468616794e+01
7.293783333333333015e+09,-9.258083627175871300e+01
7.293846666666666985e+09,-9.240222828590336235e+01
7.293910000000000000e+09,-9.137370617846551113e+01
7.293973333333333015e+09,-9.260361407611414108e+01
7.294036666666666985e+09,-9.278171144190389441e+01
7.294100000000000000e+09,-9.300123203804174921e+01
7.294163333333333015e+09,-9.272048620302061295e+01
7.294226666666666985e+09,-9.233365452161757503e+01
7.294290000000000000e+09,-9.257545919290461711e+01
7.294353333333333015e+09,-9.154635242516108917e+01
7.294416666666666985e+09,-9.344792937392560361e+01
7.294480000000000000e+09,-9.263061378365952692e+01
7.294543333333333015e+09,-9.290937571117275695e+01
7.294606666666666985e+09,-9.356850053123156385e+01
7.294670000000000000e+09,-9.372562199231748536e+01
7.294733333333333015e+09,-9.323657928902972003e+01
7.294796666666666985e+09,-9.305530456038266607e+01
7.294860000000000000e+09,-9.385330389002217544e+01
7.294923333333333015e+09,-9.441149326072516601e+01
7.294986666666666985e+09,-9.421940659291691134e+01
7.295050000000000000e+09,-9.235346752336900522e+01
7.295113333333333015e+09,-9.353926388460722308e+01
7.295176666666666985e+09,-9.292271952822473224e+01
7.295240000000000000e+09,-9.343428377204944013e+01
7.295303333333333015e+09,-9.424675875094452238e+01
7.295366666666666985e+09,-9.267724957727477886e+01
7.295430000000000000e+09,-9.290670110368110102e+01
7.295493333333333015e+09,-9.239817030517032492e+01
7.295556666666666985e+09,-9.354518848347990456e+01
7.295620000000000000e+09,-9.246604427735897502e+01
7.295683333333333015e+09,-9.398696821849667060e+01
7.295746666666666985e+09,-9.409788740509235083e+01
7.295810000000000000e+09,-9.285757839891240906e+01
7.295873333333333015e+09,-9.289776200906929660e+01
7.295936666666666985e+09,-9.343097512150238515e+01
7.296000000000000000e+09,-9.265925062936973688e+01
7.296063333333333015e+09,-9.231888379460517058e+01
7.296126666666666985e+09,-9.422750861208956508e+01
7.296190000000000000e+09,-9.317952753133235433e+01
7.296253333333333015e+09,-9.227519390705876390e+01
7.296316666666666985e+09,-9.310584489627177618e+01
7.296380000000000000e+09,-9.345567158174890210e+01
7.296443333333333015e+09,-9.364974925941523054e+01
7.296506666666666985e+09,-9.355733697571130847e+01
7.296570000000000000e+09,-9.282918723709121878e+01
7.296633333333333015e+09,-9.266622687100465328e+01
7.296696666666666985e+09,-9.202611615216214602e+01
7.296760000000000000e+09,-9.238962468029015440e+01
7.296823333333333015e+09,-9.334028136841075707e+01
7.296886666666666985e+09,-9.269907984309688231e+01
7.296950000000000000e+09,-9.379518370743656419e+01
7.297013333333333015e+09,-9.362581981104143836e+01
7.297076666666666985e+09,-9.309734725913747866e+01
7.297140000000000000e+09,-9.393384857724387871e+01
7.297203333333333015e+09,-9.333182693340376090e+01
7.297266666666666985e+09,-9.471593835280678775e+01
7.297330000000000000e+09,-9.393162963428308387e+01
7.297393333333333015e+09,-9.378870035553818241e+01
7.297456666666666985e+09,-9.293249367308882825e+01
7.297520000000000000e+09,-9.266135923180088696e+01
7.297583333333333015e+09,-9.438440069014752964e+01
7.297646666666666985e+09,-9.290491736694667679e+01
7.297710000000000000e+09,-9.268822950730469756e+01
7.297773333333333015e+09,-9.240048400288901576e+01
7.297836666666666985e+09,-9.249395480657399560e+01
7.297900000000000000e+09,-9.378064782963086543e+01
7.297963333333333015e+09,-9.373194711731224515e+01
7.298026666666666985e+09,-9.493328344242243588e+01
7.298090000000000000e+09,-9.300271824554354794e+01
7.298153333333333015e+09,-9.168893660284206248e+01
7.298216666666666985e+09,-9.276583020967711946e+01
7.298280000000000000e+09,-9.328992363931553200e+01
7.298343333333333015e+09,-9.296231736582828376e+01
7.298406666666666985e+09,-9.257839475311547517e+01
7.298470000000000000e+09,-9.321100131145136913e+01
7.298533333333333015e+09,-9.259258949980491593e+01
7.298596666666666985e+09,-9.212693787280663571e+01
7.298660000000000000e+09,-9.281146661618400628e+01
7.298723333333333015e+09,-9.354396864139951617e+01
7.298786666666666985e+09,-9.339246436682981312e+01
7.298850000000000000e+09,-9.247336152371632068e+01
7.298913333333333015e+09,-9.272379386293060577e+01
7.298976666666666985e+09,-9.392731243078416981e+01
7.299040000000000000e+09,-9.336295715611453261e+01
7.299103333333333015e+09,-9.322631323205897047e+01
7.299166666666666985e+09,-9.304170403933456157e+01
7.299230000000000000e+09,-9.371180538618467892e+01
7.299293333333333015e+09,-9.346330160886664373e+01
7.299356666666666985e+09,-9.399588368847149411e+01
7.299420000000000000e+09,-9.297490160748756693e+01
7.299483333333333015e+09,-9.314597434420721811e+01
7.299546666666666985e+09,-9.349308800024232369e+01
7.299610000000000000e+09,-9.326754000192426020e+01
7.299673333333333015e+09,-9.308381749992730647e+01
7.299736666666666985e+09,-9.269366179957700069e+01
7.299800000000000000e+09,-9.280768088740020971e+01
7.299863333333333015e+09,-9.377301940255512136e+01
7.299926666666666985e+09,-9.315792059336972386e+01
7.299990000000000000e+09,-9.367938423784137569e+01
7.300053333333333015e+09,-9.375470879876436925e+01
7.300116666666666985e+09,-9.321662389148711725e+01
7.300180000000000000e+09,-9.258251263592741509e+01
7.300243333333333015e+09,-9.234052934656034495e+01
7.300306666666666985e+09,-9.435688247829378383e+01
7.300370000000000000e+09,-9.287330465678974178e+01
7.300433333333333015e+09,-9.273709104705577033e+01
7.300496666666666985e+09,-9.305102500026464440e+01
7.300560000000000000e+09,-9.412350838822965216e+01
7.300623333333333015e+09,-9.340405377765364392e+01
7.300686666666666985e+09,-9.416647264579162879e+01
7.300750000000000000e+09,-9.262112321736863407e+01
7.300813333333333015e+09,-9.396453695681502438e+01
7.300876666666666985e+09,-9.333253407051090278e+01
7.300940000000000000e+09,-9.352084751457341838e+01
7.301003333333333015e+09,-9.349277684864709670e+01
7.301066666666666985e+09,-9.403758250331726742e+01
7.301130000000000000e+09,-9.313484328989517280e+01
7.301193333333333015e+09,-9.340919623671979366e+01
7.301256666666666985e+09,-9.390602193804079434e+01
7.301320000000000000e+09,-9.351420795204255398e+01
7.301383333333333015e+09,-9.334595418229230290e+01
7.301446666666666985e+09,-9.234352627234757449e+01
7.301510000000000000e+09,-9.289646004042035088e+01
7.301573333333333015e+09,-9.324962788608659991e+01
7.301636666666666985e+09,-9.339788519716067583e+01
7.301700000000000000e+09,-9.408473573900288045e+01
7.301763333333333015e+09,-9.292234514451683935e+01
7.301826666666666985e+09,-9.371352200621730333e+01
7.301890000000000000e+09,-9.233079827500804981e+01
7.301953333333333015e+09,-9.355018559353725038e+01
7.302016666666666985e+09,-9.317523400513458398e+01
7.302080000000000000e+09,-9.326567605161866936e+01
7.302143333333333015e+09,-9.309136280353061466e+01
7.302206666666666985e+09,-9.360015829327522852e+01
7.302270000000000000e+09,-9.269415215686385068e+01
7.302333333333333015e+09,-9.390634282897869411e+01
7.302396666666666985e+09,-9.373362871581235822e+01
7.302460000000000000e+09,-9.327837592116964061e+01
7.302523333333333015e+09,-9.315775087101781082e+01
7.302586666666666985e+09,-9.218636174257648008e+01
7.302650000000000000e+09,-9.325274608388703257e+01
7.302713333333333015e+09,-9.251268350064599133e+01
7.302776666666666985e+09,-9.277973385321176636e+01
7.302840000000000000e+09,-9.329898243481133591e+01
7.302903333333333015e+09,-9.328938122591625870e+01
7.302966666666666985e+09,-9.304665259065366456e+01
7.303030000000000000e+09,-9.350383765790857638e+01
7.303093333333333015e+09,-9.349313777992898622e+01
7.303156666666666985e+09,-9.328664278715585567e+01
7.303220000000000000e+09,-9.431473813358984160e+01
7.303283333333333015e+09,-9.280902715469363784e+01
7.303346666666666985e+09,-9.279926535220427297e+01
7.303410000000000000e+09,-9.368087392314996009e+01
7.303473333333333015e+09,-9.379854425943527474e+01
7.303536666666666985e+09,-9.445728953738833411e+01
7.303600000000000000e+09,-9.390170730581948533e+01
7.303663333333333015e+09,-9.335315765993067316e+01
7.303726666666666985e+09,-9.322367005385217453e+01
7.303790000000000000e+09,-9.362385729823138547e+01
7.303853333333333015e+09,-9.275079344245391155e+01
7.303916666666666985e+09,-9.303484369405067866e+01
7.303980000000000000e+09,-9.331907310881435080e+01
7.304043333333333015e+09,-9.385027562365841902e+01
7.304106666666666985e+09,-9.192357491508245459e+01
7.304170000000000000e+09,-9.305568713938296810e+01
7.304233333333333015e+09,-9.266990472830757142e+01
7.304296666666666985e+09,-9.395448210052082061e+01
7.304360000000000000e+09,-9.347868280256078322e+01
7.304423333333333015e+09,-9.242856321317189838e+01
7.304486666666666985e+09,-9.247229379058285303e+01
7.304550000000000000e+09,-9.297514979751261421e+01
7.304613333333333015e+09,-9.328012552000645030e+01
7.304676666666666985e+09,-9.314116848272081484e+01
7.304740000000000000e+09,-9.242651550641569713e+01
7.304803333333333015e+09,-9.438842179478348271e+01
7.304866666666666985e+09,-9.243670117988550317e+01
7.304930000000000000e+09,-9.276503200347539746e+01
7.304993333333333015e+09,-9.233270843645607329e+01
7.305056666666666985e+09,-9.353904943523032500e+01
7.305120000000000000e+09,-9.338342114846039976e+01
7.305183333333333015e+09,-9.295622335077197818e+01
7.305246666666666985e+09,-9.394398392334601056e+01
7.305310000000000000e+09,-9.232943346882203173e+01
7.305373333333333015e+09,-9.352020557197545259e+01
7.305436666666666985e+09,-9.408835493337485900e+01
7.305500000000000000e+09,-9.309835902402404884e+01
7.305563333333333015e+09,-9.362629873219071897e+01
7.305626666666666985e+09,-9.279140449042947125e+01
7.305690000000000000e+09,-9.281796981085243203e+01
7.305753333333333015e+09,-9.371589450479638117e+01
7.305816666666666985e+09,-9.392883677245238516e+01
7.305880000000000000e+09,-9.333888522825924383e+01
7.305943333333333015e+09,-9.322518907081182249e+01
7.306006666666666985e+09,-9.351002930927452894e+01
7.306070000000000000e+09,-9.187539081165166976e+01
7.306133333333333015e+09,-9.223958706630165238e+01
7.306196666666666985e+09,-9.284947879956834527e+01
7.306260000000000000e+09,-9.313597442736819687e+01
7.306323333333333015e+09,-9.315689776678868839e+01
7.306386666666666985e+09,-9.280698564073438206e+01
7.306450000000000000e+09,-9.337054063073905752e+01
7.306513333333333015e+09,-9.362301129260494292e+01
7.306576666666666985e+09,-9.358684866140428937e+01
7.306640000000000000e+09,-9.280397301960896073e+01
7.306703333333333015e+09,-9.293602946542905840e+01
7.306766666666666985e+09,-9.347324527708509834e+01
7.306830000000000000e+09,-9.320851605454016919e+01
7.306893333333333015e+09,-9.337435955337184623e+01
7.306956666666666985e+09,-9.274813674200731839e+01
7.307020000000000000e+09,-9.371653271978344435e+01
7.307083333333333015e+09,-9.190641991355320783e+01
7.307146666666666985e+09,-9.445497651036666298e+01
7.307210000000000000e+09,-9.237063219593331098e+01
7.307273333333333015e+09,-9.278847757913295879e+01
7.307336666666666985e+09,-9.353684168209963445e+01
7.307400000000000000e+09,-9.237602253504336147e+01
7.307463333333333015e+09,-9.237242850793282400e+01
7.307526666666666985e+09,-9.328032381967557285e+01
7.307590000000000000e+09,-9.187266311634986948e+01
7.307653333333333015e+09,-9.329011242241962520e+01
7.307716666666666985e+09,-9.405597722841578445e+01
7.307780000000000000e+09,-9.222840865395755827e+01
7.307843333333333015e+09,-9.265931612355251445e+01
7.307906666666666985e+09,-9.323952644797896028e+01
7.307970000000000000e+09,-9.360566310094176856e+01
7.308033333333333015e+09,-9.308226961044437076e+01
7.308096666666666985e+09,-9.424792784135475188e+01
7.308160000000000000e+09,-9.373328603471509268e+01
7.308223333333333015e+09,-9.390676631611809455e+01
7.308286666666666985e+09,-9.307316778627838971e+01
7.308350000000000000e+09,-9.210513609126667234e+01
7.308413333333333015e+09,-9.234739260799685212e+01
7.308476666666666985e+09,-9.328133441340835930e+01
7.308540000000000000e+09,-9.279782959433275380e+01
7.308603333333333015e+09,-9.379556159516802438e+01
7.308666666666666985e+09,-9.394572574534839760e+01
7.308730000000000000e+09,-9.229177972128363194e+01
7.308793333333333015e+09,-9.389561206183998365e+01
7.308856666666666985e+09,-9.282188535312046440e+01
7.308920000000000000e+09,-9.362639878472154464e+01
7.308983333333333015e+09,-9.367544623646858781e+01
7.309046666666666985e+09,-9.367424582222517415e+01
7.309110000000000000e+09,-9.346803769349486402e+01
7.309173333333333015e+09,-9.376164582631831479e+01
7.309236666666666985e+09,-9.339218661525293896e+01
7.309300000000000000e+09,-9.380082457831839804e+01
7.309363333333333015e+09,-9.258199030884276226e+01
7.309426666666666985e+09,-9.243640881051584302e+01
7.309490000000000000e+09,-9.285618700300710771e+01
7.309553333333333015e+09,-9.355576381633697736e+01
7.309616666666666985e+09,-9.373787875049139018e+01
7.309680000000000000e+09,-9.332187217782175992e+01
7.309743333333333015e+09,-9.346463818830392256e+01
7.309806666666666985e+09,-9.286925597179832437e+01
7.309870000000000000e+09,-9.323427368313454622e+01
7.309933333333333015e+09,-9.427365802556231245e+01
7.309996666666666985e+09,-9.357572219771043365e+01
7.310060000000000000e+09,-9.421885430834477404e+01
7.310123333333333015e+09,-9.250998347489527873e+01
7.310186666666666985e+09,-9.374088456027268990e+01
7.310250000000000000e+09,-9.235741364567249434e+01
7.310313333333333015e+09,-9.313305905066260948e+01
7.310376666666666985e+09,-9.382600765359498496e+01
7.310440000000000000e+09,-9.364561906839675487e+01
7.310503333333333015e+09,-9.421356031651747287e+01
7.310566666666666985e+09,-9.337192312314260789e+01
7.310630000000000000e+09,-9.448364067834847901e+01
7.310693333333333015e+09,-9.349691863505069023e+01
7.310756666666666985e+09,-9.316923547451116860e+01
7.310820000000000000e+09,-9.306546963776756343e+01
7.310883333333333015e+09,-9.344995940119409283e+01
7.310946666666666985e+09,-9.286836768319514590e+01
7.311010000000000000e+09,-9.294693647680388437e+01
7.311073333333333015e+09,-9.339230884943864908e+01
7.311136666666666985e+09,-9.233378705473617742e+01
7.311200000000000000e+09,-9.309931068208663874e+01
7.311263333333333015e+09,-9.195163966029082303e+01
7.311326666666666985e+09,-9.401450696689417441e+01
7.311390000000000000e+09,-9.391233762322644907e+01
7.311453333333333015e+09,-9.304904635632800591e+01
7.311516666666666985e+09,-9.392348842999025749e+01
7.311580000000000000e+09,-9.325422096514597570e+01
7.311643333333333015e+09,-9.425305364584511381e+01
7.311706666666666985e+09,-9.324092894936853781e+01
7.311770000000000000e+09,-9.298459095661158358e+01
7.311833333333333015e+09,-9.377860211330938967e+01
7.311896666666666985e+09,-9.467767134714664223e+01
7.311960000000000000e+09,-9.308659193205684801e+01
7.312023333333333015e+09,-9.256504703295377112e+01
7.312086666666666985e+09,-9.485753543056220849e+01
7.312150000000000000e+09,-9.266406668530828483e+01
7.312213333333333015e+09,-9.244152069700156460e+01
7.312276666666666985e+09,-9.247976803528226242e+01
7.312340000000000000e+09,-9.326370699562444599e+01
7.312403333333333015e+09,-9.340968831605563594e+01
7.312466666666666985e+09,-9.386965209556264256e+01
7.312530000000000000e+09,-9.362275411726550089e+01
7.312593333333333015e+09,-9.383402230452240644e+01
7.312656666666666985e+09,-9.307947910680596237e+01
7.312720000000000000e+09,-9.294149628643179994e+01
7.312783333333333015e+09,-9.279816742939844687e+01
7.312846666666666985e+09,-9.415039588893158395e+01
7.312910000000000000e+09,-9.326054288349602928e+01
7.312973333333333015e+09,-9.404883677137380005e+01
7.313036666666666985e+09,-9.336545801401427980e+01
7.313100000000000000e+09,-9.269528074403039852e+01
7.313163333333333015e+09,-9.342274509319076969e+01
7.313226666666666985e+09,-9.333397789594189931e+01
7.313290000000000000e+09,-9.347174199799086125e+01
7.313353333333333015e+09,-9.479456875949264827e+01
7.313416666666666985e+09,-9.280167428453360401e+01
7.313480000000000000e+09,-9.351345842155498644e+01
7.313543333333333015e+09,-9.355783419168488990e+01
7.313606666666666985e+09,-9.382232329980993768e+01
7.313670000000000000e+09,-9.325769947075244204e+01
7.313733333333333015e+09,-9.348500603932154718e+01
7.313796666666666985e+09,-9.315460190570335897e+01
7.313860000000000000e+09,-9.234389299751330782e+01
7.313923333333333015e+09,-9.375626379253624521e+01
7.313986666666666985e+09,-9.361699137944283677e+01
7.314050000000000000e+09,-9.295001678176326720e+01
7.314113333333333015e+09,-9.343864229306529978e+01
7.314176666666666985e+09,-9.219676133340485080e+01
7.314240000000000000e+09,-9.381330738261091540e+01
7.314303333333333015e+09,-9.302590695375430130e+01
7.314366666666666985e+09,-9.394886125768776708e+01
7.314430000000000000e+09,-9.354228583295974886e+01
7.314493333333333015e+09,-9.384748617680499194e+01
7.314556666666666985e+09,-9.360953319278257823e+01
7.314620000000000000e+09,-9.322037659147626698e+01
7.314683333333333015e+09,-9.463267770195881212e+01
7.314746666666666985e+09,-9.316651607190877371e+01
7.314810000000000000e+09,-9.448673531250877033e+01
7.314873333333333015e+09,-9.342922385594604862e+01
7.314936666666666985e+09,-9.313304697659383180e+01
7.315000000000000000e+09,-9.431813939222847409e+01
