# freq_Hz, phase_rad_detrended, phase_rad
7.125000000000000000e+09,-3.291640279427837656e-02,-4.477454041454367872e-01
7.125095000000000000e+09,-3.773815902295651892e-02,-4.882778992671522600e-01
7.125190000000000000e+09,-3.508194333479397464e-02,-5.213324224720270461e-01
7.125285000000000000e+09,-3.238957601120850960e-02,-5.543507940414789115e-01
7.125380000000000000e+09,-3.595833292516115165e-02,-5.936302898484688839e-01
7.125475000000000000e+09,-3.629047591030853948e-02,-6.296731717266536021e-01
7.125570000000000000e+09,-3.624105548329781268e-02,-6.653344901926802057e-01
7.125665000000000000e+09,-3.539206769317293499e-02,-7.001962412955926585e-01
7.125760000000000000e+09,-3.271718186247407623e-02,-7.332320943579311301e-01
7.125855000000000000e+09,-3.721248880021454930e-02,-7.734381401887089336e-01
7.125950000000000000e+09,-3.548474658209532784e-02,-8.074211368636270425e-01
7.126045000000000000e+09,-3.249824861122563302e-02,-8.401453777861286332e-01
7.126140000000000000e+09,-3.671181639962461940e-02,-8.800696844675578445e-01
7.126235000000000000e+09,-3.321992242472515677e-02,-9.122885293856957123e-01
7.126330000000000000e+09,-3.544458615413836888e-02,-9.502239320081462548e-01
7.126425000000000000e+09,-3.423729387505758393e-02,-9.847273786221028002e-01
7.126520000000000000e+09,-3.490512157030312146e-02,-1.021105945210385668e+00
7.126615000000000000e+09,-3.581746279398201338e-02,-1.057729025327101890e+00
7.126710000000000000e+09,-3.442199483717178765e-02,-1.092044296263328995e+00
7.126805000000000000e+09,-3.338084188157508514e-02,-1.126713882200769623e+00
7.126900000000000000e+09,-3.708165492237003313e-02,-1.166125434134601901e+00
7.126995000000000000e+09,-3.612009443320873814e-02,-1.200874612538477937e+00
7.127090000000000000e+09,-3.475602580505476880e-02,-1.235221282803361298e+00
7.127185000000000000e+09,-3.634792688362842306e-02,-1.272523922774972283e+00
7.127280000000000000e+09,-3.401506676570664744e-02,-1.305901801550087837e+00
7.127375000000000000e+09,-3.593803519834626314e-02,-1.343535508875764783e+00
7.127470000000000000e+09,-3.239762424577197208e-02,-1.375705836816227823e+00
7.127565000000000000e+09,-3.601221041136026813e-02,-1.415031161874853449e+00
7.127660000000000000e+09,-3.386080030766280835e-02,-1.448590490664193320e+00
7.127755000000000000e+09,-3.428870498829694746e-02,-1.484729134237864789e+00
7.127850000000000000e+09,-3.235731521136187006e-02,-1.518508483353967042e+00
7.127945000000000000e+09,-3.522679777130743872e-02,-1.557088704807283897e+00
7.128040000000000000e+09,-3.435161881142501095e-02,-1.591924264740438799e+00
7.128135000000000000e+09,-3.489190984112799931e-02,-1.628175294663179118e+00
7.128230000000000000e+09,-3.176526191636797058e-02,-1.660759385631456420e+00
7.128325000000000000e+09,-3.066442855032414094e-02,-1.695369291158449920e+00
7.128420000000000000e+09,-3.380842154758489926e-02,-1.734224023048748009e+00
7.128515000000000000e+09,-3.270308450362069408e-02,-1.768829424897821134e+00
7.128610000000000000e+09,-3.307990487752410225e-02,-1.804916984164761873e+00
7.128705000000000000e+09,-2.882754884843330423e-02,-1.836375367028701300e+00
7.128800000000000000e+09,-3.155030247325840698e-02,-1.874808859546563733e+00
7.128895000000000000e+09,-3.096895902471885620e-02,-1.909938254991061513e+00
7.128990000000000000e+09,-3.372373707281650645e-02,-1.948403771932196493e+00
7.129085000000000000e+09,-3.537765526649083725e-02,-1.985768429018908154e+00
7.129180000000000000e+09,-3.371114403883934685e-02,-2.019812656684293994e+00
7.129275000000000000e+09,-3.320971257488336548e-02,-2.055021964113375343e+00
7.129370000000000000e+09,-3.172207268168314442e-02,-2.089245063113212453e+00
7.129465000000000000e+09,-3.193838770630330615e-02,-2.125172117030869945e+00
7.129560000000000000e+09,-3.166074316415601331e-02,-2.160605211381759982e+00
7.129655000000000000e+09,-3.332800400915925110e-02,-2.197983211119800551e+00
7.129750000000000000e+09,-3.254337485717462286e-02,-2.232909320860853253e+00
7.129845000000000000e+09,-3.035957834977498493e-02,-2.266436263246824900e+00
7.129940000000000000e+09,-3.116056022280355720e-02,-2.302947984012890803e+00
7.130035000000000000e+09,-3.028704236359436308e-02,-2.337785205046718939e+00
7.130130000000000000e+09,-3.088129781260207096e-02,-2.374090199388763978e+00
7.130225000000000000e+09,-2.995119380465016690e-02,-2.408870834273849404e+00
7.130320000000000000e+09,-3.368263971632678988e-02,-2.448313019078563357e+00
7.130415000000000000e+09,-3.099677254033172957e-02,-2.481337890795605627e+00
7.130510000000000000e+09,-3.022189320781221156e-02,-2.516273750356123440e+00
7.130605000000000000e+09,-3.100816258611382992e-02,-2.552770758627462389e+00
7.130700000000000000e+09,-2.959479283328914079e-02,-2.587068127767675030e+00
7.130795000000000000e+09,-3.117367938029014240e-02,-2.624357753207713362e+00
7.130890000000000000e+09,-3.007967846597336958e-02,-2.658974491186433919e+00
7.130985000000000000e+09,-3.416975825527224231e-02,-2.698775309868770123e+00
7.131080000000000000e+09,-3.174069418073699467e-02,-2.732056984687272205e+00
7.131175000000000000e+09,-2.983752443181630909e-02,-2.765864553831388850e+00
7.131270000000000000e+09,-2.830219954848489650e-02,-2.800039967841087662e+00
7.131365000000000000e+09,-2.962645927994511652e-02,-2.837074966465585213e+00
7.131460000000000000e+09,-2.761395047767223332e-02,-2.870773196556349660e+00
7.131555000000000000e+09,-2.870149607919847412e-02,-2.907571481050913231e+00
7.131650000000000000e+09,-2.840353939232320712e-02,-2.942984263257075295e+00
7.131745000000000000e+09,-2.647661748815011151e-02,-2.976768080245939530e+00
7.131840000000000000e+09,-2.707578116168063431e-02,-3.013077982812841338e+00
7.131935000000000000e+09,-3.205999861763064729e-02,-3.053772939161828681e+00
7.132030000000000000e+09,-2.588177992175566544e-02,-3.083305459358991030e+00
7.132125000000000000e+09,-2.678144280918193232e-02,-3.119915861139454627e+00
7.132220000000000000e+09,-2.970281323297685461e-02,-3.158547970456286880e+00
7.132315000000000000e+09,-2.963065634875272636e-02,-3.194186552465100082e+00
7.132410000000000000e+09,-2.599120615483263563e-02,-3.226257841164217322e+00
7.132505000000000000e+09,-2.938615883404249729e-02,-3.265363532736464514e+00
7.132600000000000000e+09,-2.822064226464027215e-02,-3.299908755060099619e+00
7.132695000000000000e+09,-2.591532240368321638e-02,-3.333314174092179893e+00
7.132790000000000000e+09,-2.667213224925202297e-02,-3.369781722830786030e+00
7.132885000000000000e+09,-2.805582888594315705e-02,-3.406876158360514495e+00
7.132980000000000000e+09,-2.588718493895791894e-02,-3.440418253306566587e+00
7.133075000000000000e+09,-2.642014150313887200e-02,-3.476661948763784871e+00
7.133170000000000000e+09,-2.648316476366519012e-02,-3.512435710917348519e+00
7.133265000000000000e+09,-2.354820693513648422e-02,-3.545211491981857144e+00
7.133360000000000000e+09,-2.288964681509098043e-02,-3.580263670754848970e+00
7.133455000000000000e+09,-2.535104686337730229e-02,-3.618435809696172623e+00
7.133550000000000000e+09,-2.275002065341968915e-02,-3.651545522379252340e+00
7.133645000000000000e+09,-2.553148445584030313e-02,-3.690037725074710284e+00
7.133740000000000000e+09,-2.344209781421957572e-02,-3.723659077326460842e+00
7.133835000000000000e+09,-2.399147570931070561e-02,-3.759919194114582197e+00
7.133930000000000000e+09,-2.239407800662274184e-02,-3.794032535304931564e+00
7.134025000000000000e+09,-2.595396881947742429e-02,-3.833303165010823577e+00
7.134120000000000000e+09,-2.406111176214453806e-02,-3.867121046846528021e+00
7.134215000000000000e+09,-2.201213011193114966e-02,-3.900782804089351963e+00
7.134310000000000000e+09,-2.057604928207990014e-02,-3.935057462152538044e+00
7.134405000000000000e+09,-2.379131319593552618e-02,-3.973983464959431000e+00
7.134500000000000000e+09,-2.286209615115097904e-02,-4.008764986807683783e+00
7.134595000000000000e+09,-2.217150385735067175e-02,-4.043785133406920806e+00
7.134690000000000000e+09,-1.952432752141231020e-02,-4.076848695964019775e+00
7.134785000000000000e+09,-1.977384568599660497e-02,-4.112808953021641400e+00
7.134880000000000000e+09,-2.382591162658620476e-02,-4.152571757855268331e+00
7.134975000000000000e+09,-2.043731016250482924e-02,-4.184893895284224286e+00
7.135070000000000000e+09,-1.694630564699828312e-02,-4.217113629661755070e+00
7.135165000000000000e+09,-1.916854464428219273e-02,-4.255046607552076310e+00
7.135260000000000000e+09,-2.295334608510124497e-02,-4.294542147885932692e+00
7.135355000000000000e+09,-1.724588159107565133e-02,-4.324545422284944429e+00
7.135450000000000000e+09,-1.974650524905641191e-02,-4.362756784835962520e+00
7.135545000000000000e+09,-1.721941623436862301e-02,-4.395940434714312062e+00
7.135640000000000000e+09,-1.960302812333747369e-02,-4.434034785496652198e+00
7.135735000000000000e+09,-1.630471650066045441e-02,-4.466447212767012509e+00
7.135830000000000000e+09,-1.847683755396545280e-02,-4.504330072713351285e+00
7.135925000000000000e+09,-2.141271919708565008e-02,-4.542976693249508813e+00
7.136020000000000000e+09,-1.892908191570974452e-02,-4.576203794861170238e+00
7.136115000000000000e+09,-1.658502423255647784e-02,-4.609570476071054301e+00
7.136210000000000000e+09,-1.792625969273320408e-02,-4.646622450424268358e+00
7.136305000000000000e+09,-1.722883410891284939e-02,-4.681635763733485334e+00
7.136400000000000000e+09,-1.797351250375633924e-02,-4.718091181021366154e+00
7.136495000000000000e+09,-1.600516737583923543e-02,-4.751833574786486381e+00
7.136590000000000000e+09,-1.724711327245209702e-02,-4.788786259576136572e+00
7.136685000000000000e+09,-1.728554404486892793e-02,-4.824535429241590734e+00
7.136780000000000000e+09,-1.611352354315354063e-02,-4.859074147632912677e+00
7.136875000000000000e+09,-1.655499536643922909e-02,-4.895226358349235696e+00
7.136970000000000000e+09,-1.602534739989103230e-02,-4.930407449275724829e+00
7.137065000000000000e+09,-1.354725709734339034e-02,-4.963640097866210965e+00
7.137160000000000000e+09,-1.181993296209160604e-02,-4.997623512623996511e+00
7.137255000000000000e+09,-1.712863274493869881e-02,-5.038642951299880934e+00
7.137350000000000000e+09,-1.842728321191167140e-02,-5.075652340659891237e+00
7.137445000000000000e+09,-1.339148086035990559e-02,-5.106327277201376802e+00
7.137540000000000000e+09,-1.239501905572559792e-02,-5.141041554290113780e+00
7.137635000000000000e+09,-1.254733319338363629e-02,-5.176904607320809149e+00
7.137730000000000000e+09,-1.320868749809367415e-02,-5.213276700518556517e+00
7.137825000000000000e+09,-1.230381209210928972e-02,-5.248082564005609463e+00
7.137920000000000000e+09,-1.194484294431230609e-02,-5.283434333750849810e+00
7.138015000000000000e+09,-1.191201340977166012e-02,-5.319112243109346494e+00
7.138110000000000000e+09,-1.087106769343204604e-02,-5.353782036286044210e+00
7.138205000000000000e+09,-1.400402827864333233e-02,-5.392625735764292827e+00
7.138300000000000000e+09,-1.051803176869814394e-02,-5.424850478147384969e+00
7.138395000000000000e+09,-1.177778356410286165e-02,-5.461820968835823464e+00
7.138490000000000000e+09,-9.163129075052012240e-03,-5.494917053239809945e+00
7.138585000000000000e+09,-9.185976262885198196e-03,-5.530650639320680462e+00
7.138680000000000000e+09,-1.293895058580840640e-02,-5.570114352536641000e+00
7.138775000000000000e+09,-1.022676652719756163e-02,-5.603112907371067486e+00
7.138870000000000000e+09,-1.200060159014793015e-02,-5.640597481327055185e+00
7.138965000000000000e+09,-1.126164270312912663e-02,-5.675569261333073712e+00
7.139060000000000000e+09,-9.699015748231509804e-03,-5.709717373271213425e+00
7.139155000000000000e+09,-8.553069155353476560e-03,-5.744282165571372722e+00
7.139250000000000000e+09,-1.082205933315361079e-02,-5.782261894642210187e+00
7.139345000000000000e+09,-1.346507142605535279e-02,-5.820615645628149259e+00
7.139440000000000000e+09,-1.198918749906674464e-02,-5.854850500594197982e+00
7.139535000000000000e+09,-8.400676927198702515e-03,-5.886972728915701225e+00
7.139630000000000000e+09,-9.411131040423903471e-03,-5.923693921921960204e+00
7.139725000000000000e+09,-5.700339644893581692e-03,-5.955693869419467212e+00
7.139820000000000000e+09,-1.108395061992073494e-02,-5.996788219287531696e+00
7.139915000000000000e+09,-7.941708202063857414e-03,-6.029356715762712149e+00
7.140010000000000000e+09,-1.011371461461862964e-02,-6.067239461068304252e+00
7.140105000000000000e+09,-9.458372304360196381e-03,-6.102294857651083149e+00
7.140200000000000000e+09,-9.105613903723330793e-03,-6.137652838143483613e+00
7.140295000000000000e+09,-1.153369749139887546e-02,-6.175791660624196489e+00
7.140390000000000000e+09,-1.003841268336724823e-02,-6.210007114709202192e+00
7.140485000000000000e+09,-1.009725924012272458e-02,-6.245776700158994998e+00
7.140580000000000000e+09,-9.506799233856888520e-03,-6.280896979045766493e+00
7.140675000000000000e+09,-8.385654380101748018e-03,-6.315486573085048683e+00
7.140770000000000000e+09,-1.055345378978689297e-02,-6.353365111387771158e+00
7.140865000000000000e+09,-8.651848473027357045e-03,-6.387174244964048953e+00
7.140960000000000000e+09,-1.200635796274251987e-02,-6.426239493346797893e+00
7.141055000000000000e+09,-1.257674968538324833e-02,-6.462520623962475952e+00
7.141150000000000000e+09,-1.067767604702041240e-02,-6.496332289217150446e+00
7.141245000000000000e+09,-1.368715455269153836e-02,-6.535052506615858903e+00
7.141340000000000000e+09,-1.150052867639672627e-02,-6.568576619632601421e+00
7.141435000000000000e+09,-1.232461518931060596e-02,-6.605111445038886586e+00
7.141530000000000000e+09,-1.065033326752562459e-02,-6.639147902010138935e+00
7.141625000000000000e+09,-1.222578676490471139e-02,-6.676434094400555352e+00
7.141720000000000000e+09,-1.095165712569823313e-02,-6.710870703654386205e+00
7.141815000000000000e+09,-1.229646798884598269e-02,-6.747926253410571285e+00
7.141910000000000000e+09,-1.324647947137158610e-02,-6.784587003786134218e+00
7.142005000000000000e+09,-9.536527939047800828e-03,-6.816587791146847763e+00
7.142100000000000000e+09,-9.347355507716592626e-03,-6.852109357608553886e+00
7.142195000000000000e+09,-1.155034800716414622e-02,-6.890023089001035217e+00
7.142290000000000000e+09,-1.197146771060797477e-02,-6.926154947597516376e+00
7.142385000000000000e+09,-1.230359144270742888e-02,-6.962197810222653160e+00
7.142480000000000000e+09,-1.416649479615283980e-02,-6.999771452469135902e+00
7.142575000000000000e+09,-1.622763692205531072e-02,-7.037543333488075703e+00
7.142670000000000000e+09,-1.412390136811580987e-02,-7.071150336827173533e+00
7.142765000000000000e+09,-1.527902014839987999e-02,-7.108016194500494933e+00
7.142860000000000000e+09,-1.403403599976460470e-02,-7.142481949244896988e+00
7.142955000000000000e+09,-1.561241536005297803e-02,-7.179771067498222692e+00
7.143050000000000000e+09,-1.371838937845915041e-02,-7.213587780409666195e+00
7.143145000000000000e+09,-1.463577405342419979e-02,-7.250215903977668574e+00
7.143240000000000000e+09,-1.670334621919167262e-02,-7.287994215036473378e+00
7.143335000000000000e+09,-1.380774518855965027e-02,-7.320809352899212641e+00
7.143430000000000000e+09,-1.563085893198223886e-02,-7.358343205535672560e+00
7.143525000000000000e+09,-1.635012253024648032e-02,-7.394773208026970579e+00
7.143620000000000000e+09,-1.727722381972185417e-02,-7.431411048209483283e+00
7.143715000000000000e+09,-1.591884323901027187e-02,-7.465763406521809031e+00
7.143810000000000000e+09,-1.872329194824207121e-02,-7.504278594124078161e+00
7.143905000000000000e+09,-1.724483539419985334e-02,-7.538510876463073274e+00
7.144000000000000000e+09,-1.978077962746560559e-02,-7.576757559589376356e+00
7.144095000000000000e+09,-1.584016687640943388e-02,-7.608527685731357515e+00
7.144190000000000000e+09,-2.174333208242718030e-02,-7.650141589830412592e+00
7.144285000000000000e+09,-2.286105583648812001e-02,-7.686970052477510862e+00
7.144380000000000000e+09,-2.365290525562713242e-02,-7.723472640789687205e+00
7.144475000000000000e+09,-1.906059940792381724e-02,-7.754591073835021220e+00
7.144570000000000000e+09,-2.145479622293411381e-02,-7.792696009543068847e+00
7.144665000000000000e+09,-2.639995294198005382e-02,-7.833351905155152117e+00
7.144760000000000000e+09,-2.211186240828943994e-02,-7.864774553514498834e+00
7.144855000000000000e+09,-2.658549516879027408e-02,-7.904958925168033446e+00
7.144950000000000000e+09,-3.015800489270858975e-02,-7.944242173784989092e+00
7.145045000000000000e+09,-2.641260114650378910e-02,-7.976207508931821621e+00
7.145140000000000000e+09,-2.559968376938748236e-02,-8.011105330447742645e+00
7.145235000000000000e+09,-2.831561060006748676e-02,-8.049531996171459980e+00
7.145330000000000000e+09,-2.476057640986439878e-02,-8.081687700874628177e+00
7.145425000000000000e+09,-2.918667813864139760e-02,-8.121824541496442507e+00
7.145520000000000000e+09,-3.031831991574307494e-02,-8.158666922166581514e+00
7.145615000000000000e+09,-3.074597543372981079e-02,-8.194805316577605581e+00
7.145710000000000000e+09,-3.077415713915776507e-02,-8.230544237176070865e+00
7.145805000000000000e+09,-3.216936815479876088e-02,-8.267650187084749192e+00
7.145900000000000000e+09,-3.551864565353568537e-02,-8.306710203476523446e+00
7.145995000000000000e+09,-3.450513203415717101e-02,-8.341407428750182262e+00
7.146090000000000000e+09,-3.503396701587924156e-02,-8.377647002624938111e+00
7.146185000000000000e+09,-3.819625121818326363e-02,-8.416520025720279463e+00
7.146280000000000000e+09,-3.880901804149949896e-02,-8.452843531436633029e+00
7.146375000000000000e+09,-4.084847073947983631e-02,-8.490593723027650697e+00
7.146470000000000000e+09,-4.092623731471256576e-02,-8.526382228495920756e+00
7.146565000000000000e+09,-4.581694092522603512e-02,-8.566983670999471556e+00
7.146660000000000000e+09,-4.539673057436210968e-02,-8.602274199541644961e+00
7.146755000000000000e+09,-4.998202560071263179e-02,-8.642570233461032814e+00
7.146850000000000000e+09,-5.134303161022302220e-02,-8.679641978363580535e+00
7.146945000000000000e+09,-5.423894844549081995e-02,-8.718248634091885663e+00
7.147040000000000000e+09,-5.848690336136996848e-02,-8.758207327900802142e+00
7.147135000000000000e+09,-6.226501368880299481e-02,-8.797696177121272498e+00
7.147230000000000000e+09,-6.890799864780561279e-02,-8.840049900973646402e+00
7.147325000000000000e+09,-7.979637334315015096e-02,-8.886649014562024718e+00
7.147420000000000000e+09,-9.312619887328033030e-02,-8.935689578985192227e+00
7.147515000000000000e+09,-1.200816900664314346e-01,-8.998355809071380662e+00
7.147610000000000000e+09,-1.660793624811489622e-01,-9.080064220379135520e+00
7.147705000000000000e+09,-2.384956209427571139e-01,-9.188191217733781002e+00
7.147800000000000000e+09,-3.597214491222260335e-01,-9.345127784806287252e+00
7.147895000000000000e+09,-6.143742712164890207e-01,-9.635491345793587570e+00
7.147990000000000000e+09,6.613313546402146414e-01,-8.395496458829921238e+00
7.148085000000000000e+09,5.415120522541734260e-01,-8.551026500108999784e+00
7.148180000000000000e+09,2.633055564882837984e-01,-8.864943734767926742e+00
7.148275000000000000e+09,1.592543486860353852e-01,-9.004705681463212485e+00
7.148370000000000000e+09,1.133257743282758412e-01,-9.086344994714009360e+00
7.148465000000000000e+09,9.153267318042068723e-02,-9.143848834754901844e+00
7.148560000000000000e+09,7.864981158973449737e-02,-9.192442435238625364e+00
7.148655000000000000e+09,6.594848697961808170e-02,-9.240854498741775558e+00
7.148750000000000000e+09,5.551562185227076895e-02,-9.286998102762160201e+00
7.148845000000000000e+09,4.628059423195907129e-02,-9.331943869275509229e+00
7.148940000000000000e+09,3.684928579968271833e-02,-9.377085916600822912e+00
7.149035000000000000e+09,3.255689570253750276e-02,-9.417089045591005458e+00
7.149130000000000000e+09,2.694288846000958415e-02,-9.458413791726904662e+00
7.149225000000000000e+09,2.004834574131919567e-02,-9.501019073338632381e+00
7.149320000000000000e+09,1.864252241109909392e-02,-9.538135635561889814e+00
7.149415000000000000e+09,2.060341778406460378e-02,-9.571885479081961634e+00
7.149510000000000000e+09,1.693122094946275524e-02,-9.611268414809600813e+00
7.149605000000000000e+09,1.425782718878743083e-02,-9.649652547463313468e+00
7.149700000000000000e+09,1.630400911885843129e-02,-9.683317104426279798e+00
7.149795000000000000e+09,1.695292872335940615e-02,-9.718378923714816153e+00
7.149890000000000000e+09,1.852525411106498154e-02,-9.752517337220147908e+00
7.149985000000000000e+09,1.489110017680950193e-02,-9.791862230047437166e+00
7.150080000000000000e+09,1.399024224622280599e-02,-9.828473826871061192e+00
7.150175000000000000e+09,1.241693961977574645e-02,-9.865757868390545582e+00
7.150270000000000000e+09,9.528717919067730691e-03,-9.904356828984290928e+00
7.150365000000000000e+09,7.234091313016222102e-03,-9.942362194483379767e+00
7.150460000000000000e+09,8.083042577702315157e-03,-9.977223982111731004e+00
7.150555000000000000e+09,5.652422894780073648e-03,-1.001536534068769058e+01
7.150650000000000000e+09,5.122532969195958685e-03,-1.005160596950631202e+01
7.150745000000000000e+09,6.172063098381030954e-03,-1.008626717827016428e+01
7.150840000000000000e+09,5.182429102980279367e-03,-1.012296755115860236e+01
7.150935000000000000e+09,1.987276785150982050e-03,-1.016187344236946899e+01
7.151030000000000000e+09,2.180042594090991770e-03,-1.019739141545390027e+01
7.151125000000000000e+09,-1.939063759548886878e-03,-1.023722126070057747e+01
7.151220000000000000e+09,1.208354073149564556e-03,-1.026978458176091280e+01
7.151315000000000000e+09,-3.004279650085095454e-04,-1.030700410269210821e+01
7.151410000000000000e+09,-2.183902304668805527e-03,-1.034459831592480583e+01
7.151505000000000000e+09,-2.617967175059021656e-03,-1.038074311968823338e+01
7.151600000000000000e+09,-1.895121560231416424e-04,-1.041402540356223483e+01
7.151695000000000000e+09,-2.285657616665659475e-03,-1.045183228791591468e+01
7.151790000000000000e+09,-1.130704161376172578e-03,-1.048638807335366252e+01
7.151885000000000000e+09,-2.208738577664348668e-03,-1.052317684666298803e+01
7.151980000000000000e+09,-2.257662195972898189e-03,-1.055893650917433391e+01
7.152075000000000000e+09,-1.213082685268318528e-03,-1.059360266855666666e+01
7.152170000000000000e+09,-4.180069498842087228e-03,-1.063228039426327776e+01
7.152265000000000000e+09,-4.938444613896919577e-03,-1.066874950827136992e+01
7.152360000000000000e+09,-5.022624109724205255e-03,-1.070454442666023454e+01
7.152455000000000000e+09,-4.423720849041856695e-03,-1.073965626229258952e+01
7.152550000000000000e+09,-3.747615439049667430e-03,-1.077469089577563111e+01
7.152645000000000000e+09,-5.517858931508357045e-03,-1.081217187816112713e+01
7.152740000000000000e+09,-2.895646010301788920e-03,-1.084526040413295789e+01
7.152835000000000000e+09,-7.887203708953904879e-03,-1.088596270072464733e+01
7.152930000000000000e+09,-9.727696960426968076e-03,-1.092351393286915773e+01
7.153025000000000000e+09,-5.382210133666021079e-03,-1.095487918493576807e+01
7.153120000000000000e+09,-3.757104385400111823e-03,-1.098896481808053949e+01
7.153215000000000000e+09,-9.238911331733490329e-03,-1.103015736391991020e+01
7.153310000000000000e+09,-9.981390927379152345e-03,-1.106661058240859319e+01
7.153405000000000000e+09,-7.531067560297088903e-03,-1.109987099793454846e+01
7.153500000000000000e+09,-6.838489867941888178e-03,-1.113488915913523059e+01
7.153595000000000000e+09,-7.185485976410888043e-03,-1.117094689413673692e+01
7.153690000000000000e+09,-9.308557391229044242e-03,-1.120878070444459240e+01
7.153785000000000000e+09,-6.529987343339982431e-03,-1.124171287328973712e+01
7.153880000000000000e+09,-8.004178687604834863e-03,-1.127889780352703930e+01
7.153975000000000000e+09,-6.325145398987430667e-03,-1.131292950913145923e+01
7.154070000000000000e+09,-8.475847217791709909e-03,-1.135079094984330084e+01
7.154165000000000000e+09,-7.155383672184711941e-03,-1.138518122519073117e+01
7.154260000000000000e+09,-7.589885152036401905e-03,-1.142132646556362019e+01
7.154355000000000000e+09,-6.987514971129371588e-03,-1.145643483427575049e+01
7.154450000000000000e+09,-5.683648292810872249e-03,-1.149084170649046932e+01
7.154545000000000000e+09,-4.212035554616022637e-03,-1.152508083264531180e+01
7.154640000000000000e+09,-6.984016868420539481e-03,-1.156356355285215365e+01
7.154735000000000000e+09,-2.085299844942767322e-03,-1.159437557472171321e+01
7.154830000000000000e+09,-6.964678212780128774e-03,-1.163496569198258790e+01
7.154925000000000000e+09,-7.208085655060259000e-03,-1.167091983831823931e+01
7.155020000000000000e+09,-9.990906269331745193e-03,-1.170941339782554813e+01
7.155115000000000000e+09,-8.194069346954435673e-03,-1.174332729979620460e+01
7.155210000000000000e+09,-5.249971773228168104e-03,-1.177609394111551566e+01
7.155305000000000000e+09,-8.156914587551966633e-03,-1.181471162282287679e+01
7.155400000000000000e+09,-9.723054287322341338e-03,-1.185198850141568450e+01
7.155495000000000000e+09,-1.018609711757356706e-02,-1.188816228313897305e+01
7.155590000000000000e+09,-7.687824522623287749e-03,-1.192137474943706010e+01
7.155685000000000000e+09,-8.326525462049261250e-03,-1.195772418926952341e+01
7.155780000000000000e+09,-5.187085972078619989e-03,-1.199029548867259010e+01
7.155875000000000000e+09,-3.609004238080970595e-03,-1.202442814583162978e+01
7.155970000000000000e+09,-8.928265723731954040e-03,-1.206545814621031809e+01
7.156065000000000000e+09,-9.860123107221951955e-03,-1.210210074248684542e+01
7.156160000000000000e+09,-4.529283258319694028e-03,-1.213248064153098049e+01
7.156255000000000000e+09,-1.444184964887185174e-03,-1.216510628213058531e+01
7.156350000000000000e+09,-8.447087120222462886e-03,-1.220781992317895437e+01
7.156445000000000000e+09,-6.102916325353646698e-03,-1.224118649127712288e+01
7.156540000000000000e+09,-9.955715015399491108e-03,-1.228075002886020606e+01
7.156635000000000000e+09,-8.479702480265416398e-03,-1.231498475521810931e+01
7.156730000000000000e+09,-4.848580760613785401e-03,-1.234706437239149501e+01
7.156825000000000000e+09,-7.689474738004520304e-03,-1.238561600526225703e+01
7.156920000000000000e+09,-8.203811978045649766e-03,-1.242184108139533549e+01
7.157015000000000000e+09,-8.013151623211811625e-03,-1.245736115993353899e+01
7.157110000000000000e+09,-6.607281027685374397e-03,-1.249166602823104988e+01
7.157205000000000000e+09,-8.708328396993536558e-03,-1.252947781449339537e+01
7.157300000000000000e+09,-7.506088125234455788e-03,-1.256398631311467362e+01
7.157395000000000000e+09,-8.259330925522334610e-03,-1.260045029480799883e+01
7.157490000000000000e+09,-7.655735129214136236e-03,-1.263555743790472796e+01
7.157585000000000000e+09,-6.609655797605640259e-03,-1.267022209746615680e+01
7.157680000000000000e+09,-6.376736115605297073e-03,-1.270569991667719023e+01
7.157775000000000000e+09,-6.751515494888948865e-03,-1.274178543494951121e+01
7.157870000000000000e+09,-3.195208974517527167e-03,-1.277393986732217712e+01
7.157965000000000000e+09,-5.805415863683549560e-03,-1.281226081310438047e+01
7.158060000000000000e+09,-4.535452374479831406e-03,-1.284670158850821409e+01
7.158155000000000000e+09,-6.347117437684346442e-03,-1.288422399246445593e+01
7.158250000000000000e+09,-6.801649394066799914e-03,-1.292038926331387572e+01
7.158345000000000000e+09,-9.326799417648246049e-03,-1.295862515223049449e+01
7.158440000000000000e+09,-1.862459679086825304e-03,-1.298687155138497040e+01
7.158535000000000000e+09,-4.482151692069891169e-03,-1.302520198229099080e+01
7.158630000000000000e+09,-3.999847578988635632e-03,-1.306043041707094687e+01
7.158725000000000000e+09,-5.955061994480814747e-03,-1.309809637037947638e+01
7.158820000000000000e+09,-3.621104195826063687e-03,-1.313147315147419292e+01
7.158915000000000000e+09,-8.611531792579896205e-03,-1.317217431796398053e+01
7.159010000000000000e+09,-5.452647311043889999e-03,-1.320472617237548185e+01
7.159105000000000000e+09,-4.202136613043805369e-03,-1.323918640057051910e+01
7.159200000000000000e+09,-7.258991283698890129e-03,-1.327795399413421151e+01
7.159295000000000000e+09,-6.108586282415728874e-03,-1.331251432802596568e+01
7.159390000000000000e+09,-3.211981095946114806e-03,-1.334532846173253340e+01
7.159485000000000000e+09,-5.819421516342515588e-03,-1.338364664104596713e+01
7.159580000000000000e+09,-5.503513120851621920e-03,-1.341904147154351357e+01
7.159675000000000000e+09,-4.269771093849072940e-03,-1.345351846840954835e+01
7.159770000000000000e+09,-2.383268535190552484e-03,-1.348734270474392716e+01
7.159865000000000000e+09,-6.452425942182316021e-03,-1.352712260104395625e+01
7.159960000000000000e+09,-5.973450496743026861e-03,-1.356235436449155429e+01
7.160055000000000000e+09,-3.473338390586278024e-03,-1.359556499127843487e+01
7.160150000000000000e+09,-4.338029760520001332e-03,-1.363214042154140593e+01
7.160245000000000000e+09,-6.937660091454134204e-03,-1.367045079076537384e+01
7.160340000000000000e+09,-9.581234741425248558e-03,-1.370880510430838228e+01
7.160435000000000000e+09,-9.316122254972469818e-03,-1.374425073071496683e+01
7.160530000000000000e+09,-5.634593106650598315e-03,-1.377627994045968229e+01
7.160625000000000000e+09,-5.349003374996996740e-03,-1.381170508962106602e+01
7.160720000000000000e+09,-6.089869570057970805e-03,-1.384815669470949828e+01
7.160815000000000000e+09,-3.895066678875735988e-03,-1.388167263071135338e+01
7.160910000000000000e+09,-5.858059980461405303e-03,-1.391934636290597638e+01
7.161005000000000000e+09,-8.219758745564575975e-03,-1.395741880056411688e+01
7.161100000000000000e+09,-4.323594497538607584e-03,-1.398923337520912824e+01
7.161195000000000000e+09,-5.612872296802962069e-03,-1.402623339190142993e+01
7.161290000000000000e+09,-5.418129917721614675e-03,-1.406174938841538591e+01
7.161385000000000000e+09,-3.936451564971577000e-03,-1.409597844895567320e+01
7.161480000000000000e+09,-3.903058684196381023e-03,-1.413165579496793534e+01
7.161575000000000000e+09,-6.275752033690906728e-03,-1.416973922721046364e+01
7.161670000000000000e+09,-6.436663606166348472e-03,-1.420561087767597641e+01
7.161765000000000000e+09,-5.103835892541042085e-03,-1.423998878885538844e+01
7.161860000000000000e+09,-5.277593898938448547e-03,-1.427587328575482317e+01
7.161955000000000000e+09,-5.837232497009736676e-03,-1.431214366324593179e+01
7.162050000000000000e+09,-7.962076568482245875e-03,-1.434997924621044163e+01
7.162145000000000000e+09,-5.159907404726382651e-03,-1.438288781593972310e+01
7.162240000000000000e+09,-5.118803416964468056e-03,-1.441855745084499851e+01
7.162335000000000000e+09,-7.350747027512483101e-03,-1.445650013334858386e+01
7.162430000000000000e+09,-3.235015104793959040e-03,-1.448809514031890266e+01
7.162525000000000000e+09,-1.117665754489216567e-02,-1.453174752165203820e+01
7.162620000000000000e+09,-5.109590461222168756e-03,-1.456139119346173949e+01
7.162715000000000000e+09,-8.267527904255445037e-03,-1.460025986979781010e+01
7.162810000000000000e+09,-8.997959338497452109e-03,-1.463670104012508588e+01
7.162905000000000000e+09,-6.282969024603346497e-03,-1.466969678870422911e+01
7.163000000000000000e+09,-9.190044901606242433e-03,-1.470831460347426933e+01
7.163095000000000000e+09,-4.526453112767114817e-03,-1.473936175057846754e+01
7.163190000000000000e+09,-4.054408225625749651e-03,-1.477460044458436350e+01
7.163285000000000000e+09,-7.544396320735557993e-03,-1.481380117157251064e+01
7.163380000000000000e+09,-9.326834656816274105e-03,-1.485129434880162869e+01
7.163475000000000000e+09,-6.422137892265311621e-03,-1.488410039093011505e+01
7.163570000000000000e+09,-5.107843853506821574e-03,-1.491849683578439389e+01
7.163665000000000000e+09,-7.332322070485730592e-03,-1.495643205289441013e+01
7.163760000000000000e+09,-8.300113651973362039e-03,-1.499311058336893510e+01
7.163855000000000000e+09,-9.130210098106772421e-03,-1.502965141870810584e+01
7.163950000000000000e+09,-1.020972476360526571e-02,-1.506644167226664166e+01
7.164045000000000000e+09,-7.376349461843290101e-03,-1.509931903585791702e+01
7.164140000000000000e+09,-4.378363545720631578e-03,-1.513203178883482813e+01
7.164235000000000000e+09,-5.161491572037490982e-03,-1.516852565575418232e+01
7.164330000000000000e+09,-7.540077835649583449e-03,-1.520661498091083175e+01
7.164425000000000000e+09,-7.243152574073263850e-03,-1.524202879454229276e+01
7.164520000000000000e+09,-5.981101407293465400e-03,-1.527647748226888424e+01
7.164615000000000000e+09,-9.518508481084708706e-03,-1.531572562823571282e+01
7.164710000000000000e+09,-8.526269054225821264e-03,-1.535044412770189126e+01
7.164805000000000000e+09,-1.352834786139389678e-02,-1.539115694540209667e+01
7.164900000000000000e+09,-9.308635485854921399e-03,-1.542264797191959502e+01
7.164995000000000000e+09,-8.286947946263722997e-03,-1.545733702327304115e+01
7.165090000000000000e+09,-1.240233146341296333e-02,-1.549716314568322773e+01
7.165185000000000000e+09,-9.823582191645030548e-03,-1.553029513530449712e+01
7.165280000000000000e+09,-1.040198180520057747e-02,-1.556658427381109000e+01
7.165375000000000000e+09,-9.108966055745071344e-03,-1.560100199695466827e+01
7.165470000000000000e+09,-8.558301599283169026e-03,-1.563616207139124370e+01
7.165565000000000000e+09,-1.083501369757300381e-02,-1.567414952238257086e+01
7.165660000000000000e+09,-1.141319711096855372e-02,-1.571043844468900375e+01
7.165755000000000000e+09,-8.107272785178309960e-03,-1.574284325925625083e+01
7.165850000000000000e+09,-7.122165008411229792e-03,-1.577756889037252108e+01
7.165945000000000000e+09,-6.790516112697986273e-03,-1.581294798036984517e+01
7.166040000000000000e+09,-1.127048277937348075e-02,-1.585313868592955799e+01
7.166135000000000000e+09,-6.816329508636087553e-03,-1.588439527155185793e+01
7.166230000000000000e+09,-1.121486115064485034e-02,-1.592450454208690402e+01
7.166325000000000000e+09,-9.557180565680667428e-03,-1.595855760039497717e+01
7.166420000000000000e+09,-1.148420724013909933e-02,-1.599619536596247293e+01
7.166515000000000000e+09,-8.683531670929056645e-03,-1.602910542928663418e+01
7.166610000000000000e+09,-1.031657354359793999e-02,-1.606644921005234039e+01
7.166705000000000000e+09,-1.022635836957874744e-02,-1.610206973377135498e+01
7.166800000000000000e+09,-1.022629759141580053e-02,-1.613778041188622936e+01
7.166895000000000000e+09,-1.022934970516686803e-02,-1.617349420289301776e+01
7.166990000000000000e+09,-9.409208841447025407e-03,-1.620838480092233524e+01
7.167085000000000000e+09,-1.073085771382409348e-02,-1.624541718868774964e+01
7.167180000000000000e+09,-8.514157536435362772e-03,-1.627891122740339824e+01
7.167275000000000000e+09,-9.569291722179684712e-03,-1.631567710048217990e+01
7.167370000000000000e+09,-1.098381234985623678e-02,-1.635280236000289378e+01
7.167465000000000000e+09,-1.236184181250621350e-02,-1.638989112835858108e+01
7.167560000000000000e+09,-1.023747683828091226e-02,-1.642347750227739311e+01
7.167655000000000000e+09,-9.420418175277944783e-03,-1.645837118250742748e+01
7.167750000000000000e+09,-9.514169866520205687e-03,-1.649417567309170707e+01
7.167845000000000000e+09,-1.237054609840626540e-02,-1.653274278821663046e+01
7.167940000000000000e+09,-9.682347676957192562e-03,-1.656576532868821516e+01
7.168035000000000000e+09,-7.247227917609677661e-03,-1.659904094782190498e+01
7.168130000000000000e+09,-8.514596236388172201e-03,-1.663601905503372080e+01
7.168225000000000000e+09,-8.112110615115852852e-03,-1.667132730830548581e+01
7.168320000000000000e+09,-8.871837919041780651e-03,-1.670779777450244907e+01
7.168415000000000000e+09,-1.160473307620080163e-02,-1.674624140855297938e+01
7.168510000000000000e+09,-1.240969750312359565e-02,-1.678275711187293950e+01
7.168605000000000000e+09,-8.592740042523416832e-03,-1.681465089330537666e+01
7.168700000000000000e+09,-1.393447147124149410e-02,-1.685570336362713206e+01
7.168795000000000000e+09,-8.698457719287233658e-03,-1.688617808876821513e+01
7.168890000000000000e+09,-1.111402536104222349e-02,-1.692430439530300745e+01
7.168985000000000000e+09,-1.153386436058667641e-02,-1.696043497319558924e+01
7.169080000000000000e+09,-9.659145523514212073e-03,-1.699427099325155410e+01
7.169175000000000000e+09,-8.222533370432216770e-03,-1.702854511999150944e+01
7.169270000000000000e+09,-1.081976197825085251e-02,-1.706685308749236185e+01
7.169365000000000000e+09,-8.808558991784565251e-03,-1.710055262339893289e+01
7.169460000000000000e+09,-8.433408658333974017e-03,-1.713588821195851963e+01
7.169555000000000000e+09,-9.360681611195076357e-03,-1.717252622380441807e+01
7.169650000000000000e+09,-9.351764478427782024e-03,-1.720822804556468810e+01
7.169745000000000000e+09,-1.215418640041932008e-02,-1.724674120637971697e+01
7.169840000000000000e+09,-9.317986876745010250e-03,-1.727961574574907999e+01
7.169935000000000000e+09,-1.230887654276457965e-02,-1.731831737430813689e+01
7.170030000000000000e+09,-1.096796364791785550e-02,-1.735268720030632750e+01
7.170125000000000000e+09,-9.934904364051533321e-03,-1.738736487991549851e+01
7.170220000000000000e+09,-9.680800602946959543e-03,-1.742282151504743126e+01
7.170315000000000000e+09,-8.535105754276628431e-03,-1.745738655909213222e+01
7.170410000000000000e+09,-9.267834581432765617e-03,-1.749383002681232568e+01
7.170505000000000000e+09,-1.080057826109381836e-02,-1.753107350938502051e+01
7.170600000000000000e+09,-1.090015891197637643e-02,-1.756688382892894040e+01
7.170695000000000000e+09,-1.098795519101258833e-02,-1.760268236410101395e+01
7.170790000000000000e+09,-1.182706114450127188e-02,-1.763923220894753996e+01
7.170885000000000000e+09,-6.842385907162906733e-03,-1.766995827260323892e+01
7.170980000000000000e+09,-9.747926351732161265e-03,-1.770857455194084551e+01
7.171075000000000000e+09,-9.554574510275415378e-03,-1.774409193899242609e+01
7.171170000000000000e+09,-8.215523553719350502e-03,-1.777846362692890736e+01
7.171265000000000000e+09,-9.352922089043147480e-03,-1.781531176435726849e+01
7.171360000000000000e+09,-9.980996792194218870e-03,-1.785165057795345689e+01
7.171455000000000000e+09,-1.403791478393401349e-02,-1.789141823483823401e+01
7.171550000000000000e+09,-9.008606927245921270e-03,-1.792209966587458325e+01
7.171645000000000000e+09,-1.170807459741141088e-02,-1.796050987243778607e+01
7.171740000000000000e+09,-9.316973451607424295e-03,-1.799382951018501942e+01
7.171835000000000000e+09,-1.061491419683591175e-02,-1.803083818982328168e+01
7.171930000000000000e+09,-1.149158218358437011e-02,-1.806742559670306747e+01
7.172025000000000000e+09,-1.122534636661143281e-02,-1.810287009977913186e+01
7.172120000000000000e+09,-1.073270834126205386e-02,-1.813808820064681981e+01
7.172215000000000000e+09,-6.495763751075855907e-03,-1.816956199494967095e+01
7.172310000000000000e+09,-1.078932222366546512e-02,-1.820956629231563184e+01
7.172405000000000000e+09,-8.558367048788539933e-03,-1.824304607603379225e+01
7.172500000000000000e+09,-9.773916439286267632e-03,-1.827997236431732730e+01
7.172595000000000000e+09,-1.094017995223595108e-02,-1.831684936672331432e+01
7.172690000000000000e+09,-9.675248454730223102e-03,-1.835129517411884592e+01
7.172785000000000000e+09,-1.195632570425075869e-02,-1.838928699026140379e+01
7.172880000000000000e+09,-1.076186023535186109e-02,-1.842380326368554222e+01
7.172975000000000000e+09,-9.804715665598706664e-03,-1.845855685800882640e+01
7.173070000000000000e+09,-8.260751243863495574e-03,-1.849272363248012496e+01
7.173165000000000000e+09,-8.097406002100626665e-03,-1.852827102613139942e+01
7.173260000000000000e+09,-1.237215428663418493e-02,-1.856825651330897031e+01
7.173355000000000000e+09,-6.983040661303618890e-03,-1.859857813857667708e+01
7.173450000000000000e+09,-9.883594372819715090e-03,-1.863718943118123050e+01
7.173545000000000000e+09,-1.344508061852422998e-02,-1.867646165631997235e+01
7.173640000000000000e+09,-9.258420896532726374e-03,-1.870798573549101818e+01
7.173735000000000000e+09,-1.163345575423591072e-02,-1.874607150924175869e+01
7.173830000000000000e+09,-1.203216186580746694e-02,-1.878218095424636758e+01
7.173925000000000000e+09,-1.300561912886166738e-02,-1.881886515040245911e+01
7.174020000000000000e+09,-1.123250449220947189e-02,-1.885280277465884424e+01
7.174115000000000000e+09,-9.914326829612463143e-03,-1.888719533588928456e+01
7.174210000000000000e+09,-1.402058732008981679e-02,-1.892701233527313320e+01
7.174305000000000000e+09,-1.246934414746547759e-02,-1.896117183099354619e+01
7.174400000000000000e+09,-1.396215544311019130e-02,-1.899837538118222469e+01
7.174495000000000000e+09,-9.862298461147389617e-03,-1.902998626309329921e+01
7.174590000000000000e+09,-1.194515137521179327e-02,-1.906777985490040095e+01
7.174685000000000000e+09,-1.168992930292489518e-02,-1.910323537172115138e+01
7.174780000000000000e+09,-1.305723873195674400e-02,-1.914031342004322056e+01
7.174875000000000000e+09,-1.266190202388628450e-02,-1.917562882222818743e+01
7.174970000000000000e+09,-1.155888131619065007e-02,-1.921023654041352913e+01
7.175065000000000000e+09,-1.121132298331772859e-02,-1.924559972097369354e+01
7.175160000000000000e+09,-1.368974786886667516e-02,-1.928378888475227981e+01
7.175255000000000000e+09,-1.313856204695795782e-02,-1.931894843782340843e+01
7.175350000000000000e+09,-1.570253842225000085e-02,-1.935722315309173780e+01
7.175445000000000000e+09,-1.103971843695461530e-02,-1.938827107199947974e+01
7.175540000000000000e+09,-1.343280396448776060e-02,-1.942637489642005022e+01
7.175635000000000000e+09,-1.332908931427567722e-02,-1.946198192066287547e+01
7.175730000000000000e+09,-1.529587353596895127e-02,-1.949965944377760252e+01
7.175825000000000000e+09,-1.455559764401215261e-02,-1.953462990677868305e+01
7.175920000000000000e+09,-1.431716837288021793e-02,-1.957010221640058845e+01
7.176015000000000000e+09,-1.585921478143959007e-02,-1.960735500170218515e+01
7.176110000000000000e+09,-1.532191897520363000e-02,-1.964252844478932047e+01
7.176205000000000000e+09,-1.851011510067834820e-02,-1.968142737980783252e+01
7.176300000000000000e+09,-1.736715441810332550e-02,-1.971599515801829483e+01
7.176395000000000000e+09,-2.022024663907728836e-02,-1.975455898913230612e+01
7.176490000000000000e+09,-1.578240690211529795e-02,-1.978583188828838146e+01
7.176585000000000000e+09,-1.959871444444516442e-02,-1.982535893472374866e+01
7.176680000000000000e+09,-1.728618472962750729e-02,-1.985875714390196833e+01
7.176775000000000000e+09,-1.775988757414737051e-02,-1.989494158563952553e+01
7.176870000000000000e+09,-1.819869877099478117e-02,-1.993109113572941027e+01
7.176965000000000000e+09,-1.898529809440319127e-02,-1.996758847394585246e+01
7.177060000000000000e+09,-1.797798707243458693e-02,-2.000229190181692118e+01
7.177155000000000000e+09,-2.304034030835566682e-02,-2.004306499394587959e+01
7.177250000000000000e+09,-2.018305531881736670e-02,-2.007591844784937862e+01
7.177345000000000000e+09,-1.941049793882854146e-02,-2.011085662936242713e+01
7.177440000000000000e+09,-1.946428067125083317e-02,-2.014662115098788675e+01
7.177535000000000000e+09,-2.279881556992435776e-02,-2.018566642477959761e+01
7.177630000000000000e+09,-2.451960370786920862e-02,-2.022309795181057979e+01
7.177725000000000000e+09,-2.130194495947534961e-02,-2.025559103195522326e+01
7.177820000000000000e+09,-2.655800859246326695e-02,-2.029655783448124851e+01
7.177915000000000000e+09,-2.165695624884378390e-02,-2.032736752103066280e+01
7.178010000000000000e+09,-2.789243457069190413e-02,-2.036931373824554825e+01
7.178105000000000000e+09,-2.771020798994072720e-02,-2.040484225055816836e+01
7.178200000000000000e+09,-2.909660694727733699e-02,-2.044193938840854230e+01
7.178295000000000000e+09,-2.948881943395775806e-02,-2.047804233978826005e+01
7.178390000000000000e+09,-2.906689192542089017e-02,-2.051333115117276051e+01
7.178485000000000000e+09,-3.231622793390798165e-02,-2.055229122607428494e+01
7.178580000000000000e+09,-3.507060316044885440e-02,-2.059075634019386314e+01
7.178675000000000000e+09,-3.607743522854178764e-02,-2.062747391115499340e+01
7.178770000000000000e+09,-3.541625090874234161e-02,-2.066252346572823129e+01
7.178865000000000000e+09,-4.058234845682662240e-02,-2.070340030216935290e+01
7.178960000000000000e+09,-3.597090557758164664e-02,-2.073449959818314525e+01
7.179055000000000000e+09,-4.015987986803182253e-02,-2.077439931136663276e+01
7.179150000000000000e+09,-4.484503448611931731e-02,-2.081479520487775758e+01
7.179245000000000000e+09,-4.230744815693299188e-02,-2.084796835744160859e+01
7.179340000000000000e+09,-4.989378105499753246e-02,-2.089126542923271046e+01
7.179435000000000000e+09,-5.297453678488395212e-02,-2.093005692385563421e+01
7.179530000000000000e+09,-5.614863022429261719e-02,-2.096894175618808021e+01
7.179625000000000000e+09,-6.287794775455068930e-02,-2.101138181261137561e+01
7.179720000000000000e+09,-6.816935705888482744e-02,-2.105238396080874708e+01
7.179815000000000000e+09,-7.397880263398448619e-02,-2.109390414527688407e+01
7.179910000000000000e+09,-9.026843171485054995e-02,-2.114590451325078391e+01
7.180005000000000000e+09,-1.289110888279161315e-01,-2.122025790925722077e+01
7.180100000000000000e+09,-2.159439200969011097e-01,-2.134300147941924308e+01
7.180195000000000000e+09,-3.986259508427067999e-01,-2.156139424905808610e+01
7.180290000000000000e+09,-6.708927327914153693e-01,-2.186937176989983200e+01
7.180385000000000000e+09,7.992677166863337845e-01,-2.043492205931512018e+01
7.180480000000000000e+09,4.138206866399940509e-01,-2.085607982825449369e+01
7.180575000000000000e+09,2.315170364524377078e-01,-2.107409421733508736e+01
7.180670000000000000e+09,1.514957416035400684e-01,-2.118982625107702233e+01
7.180765000000000000e+09,1.190017753833743086e-01,-2.125803095619022542e+01
7.180860000000000000e+09,9.405846021279984370e-02,-2.131868501025383722e+01
7.180955000000000000e+09,8.045212443508731326e-02,-2.136800208492458708e+01
7.181050000000000000e+09,7.059931083973225441e-02,-2.141356563741297947e+01
7.181145000000000000e+09,5.754832958161060219e-02,-2.146232735756413845e+01
7.181240000000000000e+09,5.380918526728706297e-02,-2.150177724077149932e+01
7.181335000000000000e+09,4.691365519246559757e-02,-2.154438350973935812e+01
7.181430000000000000e+09,4.548964505356423160e-02,-2.158151825877129681e+01
7.181525000000000000e+09,3.980694623948721755e-02,-2.162291169647841116e+01
7.181620000000000000e+09,3.456818971223896142e-02,-2.166386119189869675e+01
7.181715000000000000e+09,3.380775396990642889e-02,-2.170033236653406661e+01
7.181810000000000000e+09,3.097377503588560899e-02,-2.173887708436112476e+01
7.181905000000000000e+09,2.504439679774606020e-02,-2.178051720149263559e+01
7.182000000000000000e+09,2.617042208746767074e-02,-2.181510191509595131e+01
7.182095000000000000e+09,2.164236540392394659e-02,-2.185534071067253237e+01
7.182190000000000000e+09,2.594184064015436775e-02,-2.188675197432933928e+01
7.182285000000000000e+09,2.359619774925647562e-02,-2.192480835611327450e+01
7.182380000000000000e+09,2.097325494000301660e-02,-2.196314203781556529e+01
7.182475000000000000e+09,1.587691603166518917e-02,-2.200394911561693689e+01
7.182570000000000000e+09,1.822279398732362665e-02,-2.203731397655431579e+01
7.182665000000000000e+09,1.694619641983052816e-02,-2.207430131301484622e+01
7.182760000000000000e+09,1.701819270140703111e-02,-2.210994005562630704e+01
7.182855000000000000e+09,1.248063504666774293e-02,-2.215018835217408366e+01
7.182950000000000000e+09,1.198922930853996149e-02,-2.218639049680524877e+01
7.183045000000000000e+09,8.624068848614996341e-03,-2.222546639615820752e+01
7.183140000000000000e+09,1.038860886680481599e-02,-2.225941259503305503e+01
7.183235000000000000e+09,8.203376722367039520e-03,-2.229730856607053013e+01
7.183330000000000000e+09,1.240994446396470607e-02,-2.232881273722196980e+01
7.183425000000000000e+09,1.224036325431399064e-02,-2.236469305732465784e+01
7.183520000000000000e+09,9.833057455143290326e-03,-2.240281110201686587e+01
7.183615000000000000e+09,5.454618976600045244e-03,-2.244290027938844645e+01
7.183710000000000000e+09,4.517201197916875799e-03,-2.247954843606016695e+01
7.183805000000000000e+09,4.933450878375822413e-03,-2.251484292527307929e+01
7.183900000000000000e+09,5.934028875696384375e-03,-2.254955308616879606e+01
7.183995000000000000e+09,4.430653515491655980e-03,-2.258676720042203812e+01
7.184090000000000000e+09,9.564282470506668687e-04,-2.262595216458351643e+01
7.184185000000000000e+09,-4.318847310216256119e-04,-2.266305121645462606e+01
7.184280000000000000e+09,1.740053200883551199e-03,-2.269659001741575821e+01
7.184375000000000000e+09,4.000003405909779985e-03,-2.273004080610376931e+01
7.184470000000000000e+09,-1.041579295360861579e-03,-2.277079312769807729e+01
7.184565000000000000e+09,3.152695423388252038e-03,-2.280230959187236550e+01
7.184660000000000000e+09,5.538820155308599169e-04,-2.284061914417326022e+01
7.184755000000000000e+09,-1.148939721066000175e-03,-2.287803270480289441e+01
7.184850000000000000e+09,-2.878795057203120678e-03,-2.291547329903206887e+01
7.184945000000000000e+09,-1.811452230885635117e-03,-2.295011669509878871e+01
7.185040000000000000e+09,-5.188105906157147729e-03,-2.298920408766709400e+01
7.185135000000000000e+09,-5.878670197589030977e-03,-2.302560539085156321e+01
7.185230000000000000e+09,-6.823407462292152559e-03,-2.306226086700930367e+01
7.185325000000000000e+09,-4.347144234369437754e-03,-2.309549534267441828e+01
7.185420000000000000e+09,-6.123087786082948014e-03,-2.313298202511916912e+01
7.185515000000000000e+09,-5.997136778976397409e-03,-2.316856681300509990e+01
7.185610000000000000e+09,-8.615037748342047053e-03,-2.320689545286750288e+01
7.185705000000000000e+09,-6.586304495247219393e-03,-2.324057745850744183e+01
7.185800000000000000e+09,-3.764685369485931687e-03,-2.327346657827505183e+01
7.185895000000000000e+09,-6.791944936438198965e-03,-2.331220457673504143e+01
7.185990000000000000e+09,-5.474523678316245423e-03,-2.334659789436995680e+01
7.186085000000000000e+09,-6.848631867633514503e-03,-2.338368274145231140e+01
7.186180000000000000e+09,-2.077516850100380452e-03,-2.341462236532781560e+01
7.186275000000000000e+09,-6.718068116981612548e-03,-2.345497365548773416e+01
7.186370000000000000e+09,-7.919843754592648111e-03,-2.349188617001838253e+01
7.186465000000000000e+09,-4.881472056545987925e-03,-2.352455853721337320e+01
7.186560000000000000e+09,-8.641706847456021023e-03,-2.356402951089732056e+01
7.186655000000000000e+09,-1.147396211277751377e-02,-2.360257250505567939e+01
7.186750000000000000e+09,-7.767254814027069187e-03,-2.363457653664996627e+01
7.186845000000000000e+09,-5.485651774726818530e-03,-2.366800567250370335e+01
7.186940000000000000e+09,-5.981058903675062766e-03,-2.370421181852568893e+01
7.187035000000000000e+09,-1.048108435551142747e-02,-2.374442258287056262e+01
7.187130000000000000e+09,-9.493393248430237463e-03,-2.377914563065651876e+01
7.187225000000000000e+09,-8.591232304357987459e-03,-2.381395420860548384e+01
7.187320000000000000e+09,-9.039749622424153586e-03,-2.385011346481658734e+01
7.187415000000000000e+09,-1.070788775346187549e-02,-2.388749234184066239e+01
7.187510000000000000e+09,-9.935133787369210268e-03,-2.392243032676760706e+01
7.187605000000000000e+09,-7.886813855144225727e-03,-2.395609274572841585e+01
7.187700000000000000e+09,-8.438046224803485984e-03,-2.399235471699144640e+01
7.187795000000000000e+09,-1.135899097237569322e-02,-2.403098640063205593e+01
7.187890000000000000e+09,-6.845496441108878116e-03,-2.406218364499382645e+01
7.187985000000000000e+09,-8.371690516501217871e-03,-2.409942057796225612e+01
7.188080000000000000e+09,-8.571114793319623004e-03,-2.413533074113211185e+01
7.188175000000000000e+09,-6.447627853063409020e-03,-2.416891799308488942e+01
7.188270000000000000e+09,-1.075049449560339099e-02,-2.420893159862046673e+01
7.188365000000000000e+09,-8.868246645967303721e-03,-2.424276008966386797e+01
7.188460000000000000e+09,-8.523047315961207460e-03,-2.427812562922689921e+01
7.188555000000000000e+09,-7.012776407567145043e-03,-2.431232609721154247e+01
7.188650000000000000e+09,-9.594469841093911100e-03,-2.435061852953810657e+01
7.188745000000000000e+09,-3.953302689552629090e-03,-2.438068810127960262e+01
7.188840000000000000e+09,-8.226235382871038837e-03,-2.442067177286595836e+01
7.188935000000000000e+09,-8.381880772763139476e-03,-2.445653815714888779e+01
7.189030000000000000e+09,-7.905932243637892043e-03,-2.449177294751279987e+01
7.189125000000000000e+09,-9.155736935753111538e-03,-2.452873349109795242e+01
7.189220000000000000e+09,-9.371119315758846824e-03,-2.456465961237099549e+01
7.189315000000000000e+09,-8.076794494051853235e-03,-2.459907602644232583e+01
7.189410000000000000e+09,-8.571132809354509163e-03,-2.463528110365066581e+01
7.189505000000000000e+09,-6.879602566595366397e-03,-2.466930031230094400e+01
7.189600000000000000e+09,-5.537622375413775444e-03,-2.470366907100313369e+01
7.189695000000000000e+09,-7.279060756594901704e-03,-2.474112124827735215e+01
7.189790000000000000e+09,-5.250943517935979798e-03,-2.477480386993173056e+01
7.189885000000000000e+09,-9.574986052591327734e-03,-2.481483865135942324e+01
7.189980000000000000e+09,-2.499264918331078889e-03,-2.484347366911820032e+01
7.190075000000000000e+09,-3.093135754976827911e-03,-2.487977827884788340e+01
7.190170000000000000e+09,-6.035733878313465084e-03,-2.491843161586425381e+01
7.190265000000000000e+09,-4.729337091692542572e-03,-2.495283595797067022e+01
7.190360000000000000e+09,-4.794695096993706329e-03,-2.498861205486900872e+01
7.190455000000000000e+09,-5.048043929740231306e-03,-2.502457614259479257e+01
7.190550000000000000e+09,-2.686331682181020142e-03,-2.505792516924027069e+01
7.190645000000000000e+09,-3.945454418499139138e-03,-2.509489503086962614e+01
7.190740000000000000e+09,-4.641928665858330305e-03,-2.513130224401002266e+01
7.190835000000000000e+09,-5.415099860130112575e-03,-2.516778615409732822e+01
7.190930000000000000e+09,-6.456389404444706770e-03,-2.520453818253468015e+01
7.191025000000000000e+09,-3.656135135475580000e-03,-2.523744866715874835e+01
7.191120000000000000e+09,-2.047593616744336487e-03,-2.527155086453305444e+01
7.191215000000000000e+09,-6.144138806916998874e-03,-2.531135814861626443e+01
7.191310000000000000e+09,-1.645285713365751690e-03,-2.534257003441575051e+01
7.191405000000000000e+09,-2.619053696303552670e-03,-2.537925454129172564e+01
7.191500000000000000e+09,-2.914434105239394057e-03,-2.541526066059369882e+01
7.191595000000000000e+09,-4.413599616164276540e-04,-2.544849832534344714e+01
7.191690000000000000e+09,-3.423863667677551348e-04,-2.548411009064163579e+01
7.191785000000000000e+09,-1.534384616466155649e-03,-2.552101282778437152e+01
7.191880000000000000e+09,5.269848053757186790e-05,-2.555513648358040513e+01
7.191975000000000000e+09,-9.006495936390024326e-04,-2.559180057054761903e+01
7.192070000000000000e+09,-1.939792833550058049e-03,-2.562855045268056742e+01
7.192165000000000000e+09,-1.790037500168040197e-03,-2.566411143624022273e+01
7.192260000000000000e+09,1.910110583775548321e-03,-2.569612202704931647e+01
7.192355000000000000e+09,4.854503306006563434e-06,-2.573373802202282334e+01
7.192450000000000000e+09,-1.780150169928162995e-03,-2.577123376558909484e+01
7.192545000000000000e+09,2.382205700438788654e-03,-2.580278214861176522e+01
7.192640000000000000e+09,-3.410274566384430273e-04,-2.584121612066187978e+01
7.192735000000000000e+09,-1.834273124032392843e-03,-2.587842010522230751e+01
7.192830000000000000e+09,4.270851417537357975e-03,-2.590802571957377509e+01
7.192925000000000000e+09,1.173717246423677807e-03,-2.594683359263792610e+01
7.193020000000000000e+09,3.889498686184822418e-04,-2.598332909890876863e+01
7.193115000000000000e+09,3.850703847323444506e-03,-2.601557808382310100e+01
7.193210000000000000e+09,2.344192518389576207e-03,-2.605279533404507220e+01
7.193305000000000000e+09,6.432930377755496920e-04,-2.609020697241872355e+01
7.193400000000000000e+09,1.067825071043415619e-03,-2.612549317927848946e+01
7.193495000000000000e+09,8.464479860244011888e-04,-2.616142529525687976e+01
7.193590000000000000e+09,-1.174886181360079718e-03,-2.619915736831730158e+01
7.193685000000000000e+09,2.270735392002620756e-04,-2.623346614748977856e+01
7.193780000000000000e+09,-9.778542702747472504e-04,-2.627038181419229090e+01
7.193875000000000000e+09,3.409335709271488213e-03,-2.630170536310578200e+01
7.193970000000000000e+09,3.028362264203110499e-03,-2.633779707544388771e+01
7.194065000000000000e+09,2.659158968832286973e-03,-2.637387701763229586e+01
7.194160000000000000e+09,2.868878156849774541e-03,-2.640937803733731570e+01
7.194255000000000000e+09,2.965668015086464493e-03,-2.644499198637211634e+01
7.194350000000000000e+09,6.220749202288544666e-03,-2.647744764407795159e+01
7.194445000000000000e+09,2.495121155359214526e-03,-2.651688401101791825e+01
7.194540000000000000e+09,2.622666713346433198e-03,-2.655246720435296837e+01
7.194635000000000000e+09,6.017975136447972773e-03,-2.658478263482290416e+01
7.194730000000000000e+09,1.979820187990810609e-03,-2.662453152866439865e+01
7.194825000000000000e+09,1.813084068466253029e-03,-2.666040900367696054e+01
7.194920000000000000e+09,2.594265669561224286e-03,-2.669533856096890290e+01
7.195015000000000000e+09,4.359369336025764596e-03,-2.672928419619547569e+01
7.195110000000000000e+09,5.224573810739485680e-03,-2.676412973061379930e+01
7.195205000000000000e+09,6.514467075966479115e-03,-2.679855057624160963e+01
7.195300000000000000e+09,5.888293774173547490e-03,-2.683488748843643634e+01
7.195395000000000000e+09,4.080859259609326273e-03,-2.687240566184437185e+01
7.195490000000000000e+09,5.591236371916608050e-03,-2.690660602362510190e+01
7.195585000000000000e+09,5.382073565723288766e-03,-2.694252592532433255e+01
7.195680000000000000e+09,5.141982550519230699e-03,-2.697847675523257394e+01
7.195775000000000000e+09,5.591212914669796419e-03,-2.701373826376146070e+01
7.195870000000000000e+09,3.978290035220766185e-03,-2.705106192553394706e+01
7.195965000000000000e+09,6.073701618618088105e-03,-2.708467725284358352e+01
7.196060000000000000e+09,5.041497167592723372e-03,-2.712142019618764621e+01
7.196155000000000000e+09,8.473045682325874850e-03,-2.715369938656595039e+01
7.196250000000000000e+09,7.663371509742944454e-03,-2.719021979963157065e+01
7.196345000000000000e+09,4.560376088893036695e-03,-2.722903353394545789e+01
7.196440000000000000e+09,1.729325448728502579e-03,-2.726757532347865975e+01
7.196535000000000000e+09,6.668091973562439989e-03,-2.729834729584686315e+01
7.196630000000000000e+09,5.091809824943283047e-03,-2.733563431688851963e+01
7.196725000000000000e+09,3.269437212942705173e-03,-2.737316742839355754e+01
7.196820000000000000e+09,7.288775194801644375e-03,-2.740485882930473593e+01
7.196915000000000000e+09,4.628326384729319898e-03,-2.744323001700784559e+01
7.197010000000000000e+09,7.537147518071662944e-03,-2.747603193476754058e+01
7.197105000000000000e+09,3.099080799451314761e-04,-2.751896991309870444e+01
7.197200000000000000e+09,4.285227164167793035e-03,-2.755070533290751911e+01
7.197295000000000000e+09,7.280192353622538803e-03,-2.758342110661143565e+01
7.197390000000000000e+09,4.996037087249050046e-03,-2.762141600077084647e+01
7.197485000000000000e+09,6.081026216307350296e-03,-2.765604175053482550e+01
7.197580000000000000e+09,8.696085135387221499e-03,-2.768913743050878296e+01
7.197675000000000000e+09,4.549574454156157799e-03,-2.772899468008305135e+01
7.197770000000000000e+09,3.625985086245009370e-03,-2.776562900834399983e+01
7.197865000000000000e+09,2.640956418911599712e-03,-2.780232477590436702e+01
7.197960000000000000e+09,7.085634878123414637e-05,-2.784060561486753471e+01
7.198055000000000000e+09,3.695479869772810844e-03,-2.787269173023958047e+01
7.198150000000000000e+09,1.904777317491834765e-03,-2.791019317168489877e+01
7.198245000000000000e+09,2.709109076057814036e-04,-2.794753777698782216e+01
7.198340000000000000e+09,1.557584504720210816e-03,-2.798196184228374506e+01
7.198435000000000000e+09,3.825963151601996515e-03,-2.801540420252990060e+01
7.198530000000000000e+09,3.063895839531483034e-03,-2.805187700873500489e+01
7.198625000000000000e+09,3.963904994954248195e-03,-2.808668773847261946e+01
7.198720000000000000e+09,1.610168936544198459e-03,-2.812475221342406684e+01
7.198815000000000000e+09,1.233452964815029418e-03,-2.816083966828883334e+01
7.198910000000000000e+09,2.885011737472353843e-03,-2.819489884840921334e+01
7.199005000000000000e+09,-2.148623862023413267e-03,-2.823564322290174644e+01
7.199100000000000000e+09,2.441457367076793616e-03,-2.826676388056568356e+01
7.199195000000000000e+09,3.131304233924936398e-03,-2.830178477259187275e+01
7.199290000000000000e+09,2.617315685490950727e-03,-2.833800950003367802e+01
7.199385000000000000e+09,2.515550549990308582e-03,-2.837382200406221600e+01
7.199480000000000000e+09,3.755464090886562190e-04,-2.841167274709615498e+01
7.199575000000000000e+09,4.330054852822229350e-03,-2.844342897754545874e+01
7.199670000000000000e+09,2.277152327252451869e-03,-2.848119261896406584e+01
7.199765000000000000e+09,-8.107010334619246805e-04,-2.851999121121781755e+01
7.199860000000000000e+09,-1.357774476073103642e-03,-2.855624902355346606e+01
7.199955000000000000e+09,-5.894136241906267060e-04,-2.859119140159462091e+01
7.200050000000000000e+09,-1.314884617499956221e-03,-2.862762761148096757e+01
7.200145000000000000e+09,3.762243902869499834e-04,-2.866164724136621800e+01
7.200240000000000000e+09,-7.979633903794081107e-04,-2.869853216803992169e+01
7.200335000000000000e+09,1.503359470795828656e-04,-2.873329460759549647e+01
7.200430000000000000e+09,1.612798737628651224e-03,-2.876754288369798473e+01
7.200525000000000000e+09,-5.010996430463876550e-03,-2.880987741775911459e+01
7.200620000000000000e+09,-3.186834193265042359e-03,-2.884376399441495309e+01
7.200715000000000000e+09,-1.126173333979352265e-03,-2.887741407244870473e+01
7.200810000000000000e+09,-4.090448809069613390e-03,-2.891608908681683232e+01
7.200905000000000000e+09,-5.285421737283968469e-03,-2.895299479863808401e+01
7.201000000000000000e+09,-2.493407108591583210e-03,-2.898591352290242895e+01
7.201095000000000000e+09,-4.825885669191620764e-03,-2.902395674035606632e+01
7.201190000000000000e+09,-2.789431654726115539e-03,-2.905763102523497210e+01
7.201285000000000000e+09,-5.667702400998564372e-03,-2.909622003487427833e+01
7.201380000000000000e+09,-6.196001258636840703e-03,-2.913245907262495393e+01
7.201475000000000000e+09,-4.199865888395493130e-03,-2.916617367614774992e+01
7.201570000000000000e+09,-7.738208302637161751e-03,-2.920542275745502891e+01
7.201665000000000000e+09,-8.479513260912341366e-03,-2.924187480130634142e+01
7.201760000000000000e+09,-8.797384137672281668e-03,-2.927790341107613870e+01
7.201855000000000000e+09,-1.128765363720418691e-02,-2.931610441946870793e+01
7.201950000000000000e+09,-1.015219364769848198e-02,-2.935067969837223956e+01
7.202045000000000000e+09,-1.118324081608434994e-02,-2.938742148443366276e+01
7.202140000000000000e+09,-8.251718546425479417e-03,-2.942020070105704121e+01
7.202235000000000000e+09,-9.961576514005088256e-03,-2.945762129791765815e+01
7.202330000000000000e+09,-1.264155847535874955e-02,-2.949601201877204915e+01
7.202425000000000000e+09,-1.140791623703663049e-02,-2.953048911542676436e+01
7.202520000000000000e+09,-1.212477668867961711e-02,-2.956691671477144467e+01
7.202615000000000000e+09,-1.338988225798587450e-02,-2.960389255923378826e+01
7.202710000000000000e+09,-1.343298664833980638e-02,-2.963964640251717952e+01
7.202805000000000000e+09,-1.228913561259048493e-02,-2.967421329037446753e+01
7.202900000000000000e+09,-1.823659773906882720e-02,-2.971587149139397965e+01
7.202995000000000000e+09,-1.441098561876330564e-02,-2.974775661816671146e+01
7.203090000000000000e+09,-1.517229068047498686e-02,-2.978422866212179443e+01
7.203185000000000000e+09,-1.757413118831507859e-02,-2.982234124152267185e+01
7.203280000000000000e+09,-2.051767184725861171e-02,-2.986099552107465271e+01
7.203375000000000000e+09,-2.090710683022223293e-02,-2.989709569495065367e+01
7.203470000000000000e+09,-1.870796028612531359e-02,-2.993060728729959408e+01
7.203565000000000000e+09,-2.179209085617017649e-02,-2.996940215676267627e+01
7.203660000000000000e+09,-2.401487363746923620e-02,-3.000733567843701266e+01
7.203755000000000000e+09,-2.601068204782563953e-02,-3.004504222574040639e+01
7.203850000000000000e+09,-2.569939608491011995e-02,-3.008044167867052465e+01
7.203945000000000000e+09,-2.798647671397702652e-02,-3.011843949819262889e+01
7.204040000000000000e+09,-2.839262222727612084e-02,-3.015455638259896531e+01
7.204135000000000000e+09,-3.055919898612202701e-02,-3.019243369825084855e+01
7.204230000000000000e+09,-3.598876128852879219e-02,-3.023357399944629265e+01
7.204325000000000000e+09,-3.747282318018818614e-02,-3.027076880023098937e+01
7.204420000000000000e+09,-3.835776474761942723e-02,-3.030736448069145794e+01
7.204515000000000000e+09,-4.305465180243217560e-02,-3.034777210663930802e+01
7.204610000000000000e+09,-4.393486193671236606e-02,-3.038436305566662554e+01
7.204705000000000000e+09,-4.564540254845894651e-02,-3.042178433517140945e+01
7.204800000000000000e+09,-5.370413322250300325e-02,-3.046555380473849084e+01
7.204895000000000000e+09,-5.655032570001239378e-02,-3.050411073610903756e+01
7.204990000000000000e+09,-7.323773307661696208e-02,-3.055650888237867946e+01
7.205085000000000000e+09,-8.952366509472398093e-02,-3.060850555329015776e+01
7.205180000000000000e+09,-1.534200848329945188e-01,-3.070811271192146563e+01
7.205275000000000000e+09,-2.809764819951965364e-01,-3.087137984797670498e+01
7.205370000000000000e+09,-5.680978983008806438e-01,-3.119421200317542642e+01
7.205465000000000000e+09,-2.278996523529990270e-01,-3.088972449612057858e+01
7.205560000000000000e+09,6.781520664999902692e-01,-3.001938351616062661e+01
7.205655000000000000e+09,3.457749028736003538e-01,-3.038747141868005386e+01
7.205750000000000000e+09,2.191862527726620158e-01,-3.054977080767402953e+01
7.205845000000000000e+09,1.666786300433074075e-01,-3.063798916929642147e+01
7.205940000000000000e+09,1.346081631346613960e-01,-3.070577037509810481e+01
7.206035000000000000e+09,1.166114707468004497e-01,-3.075947780637900308e+01
7.206130000000000000e+09,1.005775560212285313e-01,-3.081122245999761233e+01
7.206225000000000000e+09,8.435183487033626193e-02,-3.086315892004154193e+01
7.206320000000000000e+09,7.243479372591110632e-02,-3.091078670007900442e+01
7.206415000000000000e+09,6.714243182706525204e-02,-3.095178980087088405e+01
7.206510000000000000e+09,5.997722191429488703e-02,-3.099466574967669175e+01
7.206605000000000000e+09,5.590522467732839118e-02,-3.103444848580669557e+01
7.206700000000000000e+09,5.454538003018427617e-02,-3.107151906934687702e+01
7.206795000000000000e+09,4.480533532738917302e-02,-3.111696985294270945e+01
7.206890000000000000e+09,4.222718155061500056e-02,-3.115525874561252095e+01
7.206985000000000000e+09,4.301651997741018363e-02,-3.119018014607909706e+01
7.207080000000000000e+09,4.594467410585423295e-02,-3.122296273084369034e+01
7.207175000000000000e+09,4.477094079952337324e-02,-3.125984720304305853e+01
7.207270000000000000e+09,4.610118689477360476e-02,-3.129422769584084563e+01
7.207365000000000000e+09,4.538193412904334423e-02,-3.133065768749961322e+01
7.207460000000000000e+09,4.715173733832500602e-02,-3.136459862318336889e+01
7.207555000000000000e+09,4.059560032857945089e-02,-3.140686549908615177e+01
7.207650000000000000e+09,4.532754037538921921e-02,-3.143784429793237933e+01
7.207745000000000000e+09,4.171053456978057739e-02,-3.147717204263102531e+01
7.207840000000000000e+09,3.928545568988894843e-02,-3.151530786040395427e+01
7.207935000000000000e+09,4.092871638910722254e-02,-3.154937533859777332e+01
7.208030000000000000e+09,3.750170674906527779e-02,-3.158851308713084904e+01
7.208125000000000000e+09,3.637754621468403116e-02,-3.162534798655826762e+01
7.208220000000000000e+09,3.608642286089747131e-02,-3.166134984880509151e+01
7.208315000000000000e+09,3.238002086215985287e-02,-3.170076698969686646e+01
7.208410000000000000e+09,3.499447054628745946e-02,-3.173386327890577618e+01
7.208505000000000000e+09,3.434619535907046384e-02,-3.177022229298603051e+01
7.208600000000000000e+09,3.344190744350328259e-02,-3.180683731979463502e+01
7.208695000000000000e+09,3.017069451742671049e-02,-3.184581927161374892e+01
7.208790000000000000e+09,3.003549404851213467e-02,-3.188166521097570083e+01
7.208885000000000000e+09,2.970629662891255407e-02,-3.191770514728867170e+01
7.208980000000000000e+09,3.027256006988210402e-02,-3.195284962274073592e+01
7.209075000000000000e+09,3.025677337656063060e-02,-3.198857614832709473e+01
7.209170000000000000e+09,3.039407895968793127e-02,-3.202414958163700476e+01
7.209265000000000000e+09,2.695610725851338429e-02,-3.206329829223121664e+01
7.209360000000000000e+09,2.770604829852629791e-02,-3.209825909008424105e+01
7.209455000000000000e+09,2.906492639260704891e-02,-3.213261095088319763e+01
7.209550000000000000e+09,2.500191224766012965e-02,-3.217238470392118188e+01
7.209645000000000000e+09,2.894267974001252242e-02,-3.220415467532186682e+01
7.209740000000000000e+09,2.593973697675977519e-02,-3.224286835697815690e+01
7.209835000000000000e+09,2.437355843888866502e-02,-3.228014527440906534e+01
7.209930000000000000e+09,2.546737783453778547e-02,-3.231476219390645355e+01
7.210025000000000000e+09,2.769023673015880149e-02,-3.234825007390386986e+01
7.210120000000000000e+09,2.360830267922864323e-02,-3.238804274684783735e+01
7.210215000000000000e+09,2.617148029764848616e-02,-3.242119030812245484e+01
7.210310000000000000e+09,2.508350153524219195e-02,-3.245798902577789846e+01
7.210405000000000000e+09,2.449979169831806303e-02,-3.249428347450785992e+01
7.210500000000000000e+09,2.293789563895387573e-02,-3.253155610946026144e+01
7.210595000000000000e+09,2.540163777694459668e-02,-3.256480310621530805e+01
7.210690000000000000e+09,2.301031689849253326e-02,-3.260290516598679744e+01
7.210785000000000000e+09,2.183290305084994998e-02,-3.263979331872747736e+01
7.210880000000000000e+09,2.436878183350188465e-02,-3.267296817883819671e+01
7.210975000000000000e+09,2.382592859369481175e-02,-3.270922177097104111e+01
7.211070000000000000e+09,2.489649306034635856e-02,-3.274386194539741979e+01
7.211165000000000000e+09,2.425702686382180673e-02,-3.278021215048698167e+01
7.211260000000000000e+09,2.197429796549243974e-02,-3.281820561827834837e+01
7.211355000000000000e+09,2.158986413655128445e-02,-3.285430079100032685e+01
7.211450000000000000e+09,2.519483676708489384e-02,-3.288640655726283057e+01
7.211545000000000000e+09,2.376628529025026637e-02,-3.292354584763270253e+01
7.211640000000000000e+09,2.791284761688928029e-02,-3.295511002419910085e+01
7.211735000000000000e+09,2.371740692841939335e-02,-3.299501620378060807e+01
7.211830000000000000e+09,2.341071064331146090e-02,-3.303103363895875333e+01
7.211925000000000000e+09,2.205873016924186913e-02,-3.306809635832586025e+01
7.212020000000000000e+09,2.344702056512915078e-02,-3.310241880682301030e+01
7.212115000000000000e+09,2.805495489121057062e-02,-3.313352161138996621e+01
7.212210000000000000e+09,2.535886778874640868e-02,-3.317192843738546770e+01
7.212305000000000000e+09,2.896199150733735905e-02,-3.320403605255991408e+01
7.212400000000000000e+09,2.580442455158760140e-02,-3.324290435840870117e+01
7.212495000000000000e+09,2.368664997901248626e-02,-3.328073287187431362e+01
7.212590000000000000e+09,2.022819114024798637e-02,-3.331990206960611545e+01
7.212685000000000000e+09,2.475474673294542072e-02,-3.335108625290645534e+01
7.212780000000000000e+09,2.457311645955684298e-02,-3.338697862207321521e+01
7.212875000000000000e+09,2.475383076472326138e-02,-3.342250864666108612e+01
7.212970000000000000e+09,2.537100511734990960e-02,-3.345760221120149680e+01
7.213065000000000000e+09,2.613029148412238101e-02,-3.349255366372776166e+01
7.213160000000000000e+09,2.524254736605513472e-02,-3.352915214673886624e+01
7.213255000000000000e+09,2.941417628178299992e-02,-3.356069125671617570e+01
7.213350000000000000e+09,2.496255329189267513e-02,-3.360085361859910336e+01
7.213445000000000000e+09,2.549461595371838030e-02,-3.363603229483031498e+01
7.213540000000000000e+09,2.451059335810867879e-02,-3.367272705631895491e+01
7.213635000000000000e+09,2.628435322526456730e-02,-3.370666403534484346e+01
7.213730000000000000e+09,2.519719354017269097e-02,-3.374346193392296556e+01
7.213825000000000000e+09,2.815006855364998728e-02,-3.377621979780252559e+01
7.213920000000000000e+09,2.803299474017961757e-02,-3.381204761050903329e+01
7.214015000000000000e+09,2.880400758978396425e-02,-3.384698733655246627e+01
7.214110000000000000e+09,3.053957956559827380e-02,-3.388096250346968930e+01
7.214205000000000000e+09,2.689347911031347849e-02,-3.392031934281801142e+01
7.214300000000000000e+09,2.661098977021936207e-02,-3.395631257105114287e+01
7.214395000000000000e+09,3.089201170765676352e-02,-3.398774228800674280e+01
7.214490000000000000e+09,2.736832501502561854e-02,-3.402697671359241127e+01
7.214585000000000000e+09,2.800553272047778819e-02,-3.406205024477999643e+01
7.214680000000000000e+09,2.343118223139128986e-02,-3.410233533416245422e+01
7.214775000000000000e+09,2.228914378441260169e-02,-3.413918811150247024e+01
7.214870000000000000e+09,2.664260946210106340e-02,-3.417054538471781910e+01
7.214965000000000000e+09,2.553061282545598942e-02,-3.420736812024750151e+01
7.215060000000000000e+09,2.640809463860449569e-02,-3.424220137732739033e+01
7.215155000000000000e+09,2.984637182600380356e-02,-3.427447383903302836e+01
7.215250000000000000e+09,2.675755714817995568e-02,-3.431327339260388953e+01
7.215345000000000000e+09,2.512057154179103691e-02,-3.435062111710331578e+01
7.215440000000000000e+09,2.746097848424966514e-02,-3.438399144905389448e+01
7.215535000000000000e+09,2.391765687866609369e-02,-3.442324550955251539e+01
7.215630000000000000e+09,2.898706426366004507e-02,-3.445388684106055877e+01
7.215725000000000000e+09,2.551008894364059643e-02,-3.449307455527361554e+01
7.215820000000000000e+09,2.992233405393562862e-02,-3.452437304905635784e+01
7.215915000000000000e+09,2.931903082517095527e-02,-3.456068709117815985e+01
7.216010000000000000e+09,2.744795958647472389e-02,-3.459826890130989341e+01
7.216105000000000000e+09,2.644941175199022609e-02,-3.463497818803741524e+01
7.216200000000000000e+09,2.621453608661994394e-02,-3.467092380259581574e+01
7.216295000000000000e+09,2.683240593266589258e-02,-3.470601667164280713e+01
7.216390000000000000e+09,2.569824852238866697e-02,-3.474286156794612168e+01
7.216485000000000000e+09,2.676026001047659975e-02,-3.477751029535107108e+01
7.216580000000000000e+09,2.444687476106111035e-02,-3.481553441949385785e+01
7.216675000000000000e+09,2.827929810537455069e-02,-3.484741273504258174e+01
7.216770000000000000e+09,2.830062058723825658e-02,-3.488310215145375537e+01
7.216865000000000000e+09,2.231164022857967666e-02,-3.492480187070545128e+01
7.216960000000000000e+09,3.041977795342631907e-02,-3.495240447187364197e+01
7.217055000000000000e+09,2.911736415555310487e-02,-3.498941762456455251e+01
7.217150000000000000e+09,2.485678433878746318e-02,-3.502938894327435548e+01
7.217245000000000000e+09,2.689958497866484777e-02,-3.506305688152751543e+01
7.217340000000000000e+09,2.578839992602155462e-02,-3.509987880547319605e+01
7.217435000000000000e+09,2.735585207206980840e-02,-3.513402209222018513e+01
7.217530000000000000e+09,2.623080490582907487e-02,-3.517085787827946319e+01
7.217625000000000000e+09,2.763607816332580569e-02,-3.520516334391500379e+01
7.217720000000000000e+09,2.718022874978487380e-02,-3.524132993222158206e+01
7.217815000000000000e+09,2.863611921579689579e-02,-3.527558478064860736e+01
7.217910000000000000e+09,2.481079891372672819e-02,-3.531512083984371486e+01
7.218005000000000000e+09,2.514102599585754660e-02,-3.535050135165462137e+01
7.218100000000000000e+09,2.644538232127757738e-02,-3.538490773422223867e+01
7.218195000000000000e+09,2.887803387258713883e-02,-3.541818582156396644e+01
7.218290000000000000e+09,2.830104243502518102e-02,-3.545447355189456573e+01
7.218385000000000000e+09,2.273857156300351789e-02,-3.549574676165962472e+01
7.218480000000000000e+09,2.976852500773929933e-02,-3.552442754710792627e+01
7.218575000000000000e+09,2.448147219001128860e-02,-3.556542533881902557e+01
7.218670000000000000e+09,2.440686254919199882e-02,-3.560121068735288219e+01
7.218765000000000000e+09,2.348712484521087163e-02,-3.563784116394989354e+01
7.218860000000000000e+09,2.677633639982701652e-02,-3.567026269128831473e+01
7.218955000000000000e+09,2.572567502261335903e-02,-3.570702409155856571e+01
7.219050000000000000e+09,2.419954789186107291e-02,-3.574426095758235533e+01
7.219145000000000000e+09,2.467619941219112434e-02,-3.577949504495506261e+01
7.219240000000000000e+09,2.209845128921728019e-02,-3.581778353197107378e+01
7.219335000000000000e+09,2.801884770811824410e-02,-3.584757387444521015e+01
7.219430000000000000e+09,2.364889545068393772e-02,-3.588765456559568179e+01
7.219525000000000000e+09,1.943145788111166894e-02,-3.592758274205829139e+01
7.219620000000000000e+09,2.399614193942056772e-02,-3.595872879689301982e+01
7.219715000000000000e+09,2.209490608348119167e-02,-3.599634077164199653e+01
7.219810000000000000e+09,2.767476474839014600e-02,-3.602647165187012490e+01
7.219905000000000000e+09,2.490194826398806072e-02,-3.606495520724756432e+01
7.220000000000000000e+09,2.281024526450181611e-02,-3.610275764914008789e+01
7.220095000000000000e+09,2.483869178620068396e-02,-3.613643994151142635e+01
7.220190000000000000e+09,2.295185235569618953e-02,-3.617403751983496818e+01
7.220285000000000000e+09,1.996583316767441829e-02,-3.621273427791602728e+01
7.220380000000000000e+09,2.225815474336201305e-02,-3.624615269523337702e+01
7.220475000000000000e+09,2.149882247193346529e-02,-3.628262276639817685e+01
7.220570000000000000e+09,2.463126716433094998e-02,-3.631520106059881670e+01
7.220665000000000000e+09,1.894475408118978521e-02,-3.635659831257499519e+01
7.220760000000000000e+09,2.245229672367798912e-02,-3.638880150882554432e+01
7.220855000000000000e+09,2.359811308745918268e-02,-3.642336643135480045e+01
7.220950000000000000e+09,1.889665695225062336e-02,-3.646377862638304634e+01
7.221045000000000000e+09,1.873417797443721611e-02,-3.649965184425389708e+01
7.221140000000000000e+09,1.667806245923486586e-02,-3.653741869866213676e+01
7.221235000000000000e+09,1.809736761255464899e-02,-3.657171013240185431e+01
7.221330000000000000e+09,1.893951892073175713e-02,-3.660657871998670743e+01
7.221425000000000000e+09,1.982172013928362730e-02,-3.664140725766119289e+01
7.221520000000000000e+09,2.192034433551270922e-02,-3.667501937235800114e+01
7.221615000000000000e+09,1.869260484750157048e-02,-3.671395785073904960e+01
7.221710000000000000e+09,1.772137536832474325e-02,-3.675063981911126376e+01
7.221805000000000000e+09,1.661253987668231957e-02,-3.678745939349594352e+01
7.221900000000000000e+09,1.707418085985779044e-02,-3.682270849140580538e+01
7.221995000000000000e+09,1.665132964662774384e-02,-3.685884208151207275e+01
7.222090000000000000e+09,1.471451340493956650e-02,-3.689648963664679826e+01
7.222185000000000000e+09,1.642394036646521727e-02,-3.693049094857830994e+01
7.222280000000000000e+09,1.722946371042155533e-02,-3.696539616412739093e+01
7.222375000000000000e+09,1.680191992010549029e-02,-3.700153444681107828e+01
7.222470000000000000e+09,1.636240576740277675e-02,-3.703768469985681833e+01
7.222565000000000000e+09,1.637113475354112779e-02,-3.707338670976371731e+01
7.222660000000000000e+09,1.245782202006751049e-02,-3.711301076139022825e+01
7.222755000000000000e+09,1.792681271568596912e-02,-3.714325250958764713e+01
7.222850000000000000e+09,1.702752629950765595e-02,-3.717986253489686277e+01
7.222945000000000000e+09,1.618523724249598672e-02,-3.721641556284691177e+01
7.223040000000000000e+09,1.297725890373868651e-02,-3.725533428007870640e+01
7.223135000000000000e+09,1.521467878991700218e-02,-3.728880759908556541e+01
7.223230000000000000e+09,1.459580665445514569e-02,-3.732513721011406460e+01
7.223325000000000000e+09,1.486617346103003001e-02,-3.736057758220052705e+01
7.223420000000000000e+09,1.676277866240383219e-02,-3.739439171589219058e+01
7.223515000000000000e+09,1.196699859228544938e-02,-3.743489823485534629e+01
7.223610000000000000e+09,1.477106344595568999e-02,-3.746780490889471338e+01
7.223705000000000000e+09,1.128978526734414345e-02,-3.750699692596636226e+01
7.223800000000000000e+09,1.104280951915370679e-02,-3.754295464060759002e+01
7.223895000000000000e+09,1.176215638790978346e-02,-3.757794603263186417e+01
7.223990000000000000e+09,1.397821857670322743e-02,-3.761144070933610806e+01
7.224085000000000000e+09,1.039288718521191868e-02,-3.765073677962063670e+01
7.224180000000000000e+09,1.049531201503128841e-02,-3.768634509368385466e+01
7.224275000000000000e+09,1.096928801269569931e-02,-3.772158185657922758e+01
7.224370000000000000e+09,9.325325271660744875e-03,-3.775893655821363382e+01
7.224465000000000000e+09,1.274968735514647733e-02,-3.779122293502318541e+01
7.224560000000000000e+09,1.355987929979107776e-02,-3.782612348197157814e+01
7.224655000000000000e+09,1.121934906019106393e-02,-3.786417475110421549e+01
7.224750000000000000e+09,1.088180808521599374e-02,-3.790022303097222789e+01
7.224845000000000000e+09,1.065630182003474147e-02,-3.793615927613044647e+01
7.224940000000000000e+09,7.805868849935393428e-03,-3.797472044799358315e+01
7.225035000000000000e+09,1.100616868501447243e-02,-3.800723088705154140e+01
7.225130000000000000e+09,1.065486278461946767e-02,-3.804329293184497374e+01
7.225225000000000000e+09,8.625813882851218750e-03,-3.808103271963977932e+01
7.225320000000000000e+09,9.785935004096302237e-03,-3.811558333741157156e+01
7.225415000000000000e+09,8.319367147073819524e-03,-3.815276064416163138e+01
7.225510000000000000e+09,8.957122141950435434e-03,-3.818783362805979209e+01
7.225605000000000000e+09,1.172923667061098740e-02,-3.822077225242416887e+01
7.225700000000000000e+09,1.021383488271254691e-02,-3.825799839310510464e+01
7.225795000000000000e+09,6.677772629970490925e-03,-3.829724519425088403e+01
7.225890000000000000e+09,7.720224753626325764e-03,-3.833191348102026552e+01
7.225985000000000000e+09,6.715818618623359271e-03,-3.836862862604830582e+01
7.226080000000000000e+09,4.762382721345659320e-03,-3.840629280083862085e+01
7.226175000000000000e+09,7.287462958409207658e-03,-3.843947845949459463e+01
7.226270000000000000e+09,8.178542893659823676e-03,-3.847429811845271530e+01
7.226365000000000000e+09,3.883338708796202354e-03,-3.851430406153061625e+01
7.226460000000000000e+09,4.993210512544976609e-03,-3.854890492861989770e+01
7.226555000000000000e+09,4.443917023479571071e-03,-3.858516496100200044e+01
7.226650000000000000e+09,2.307551847216871010e-03,-3.862301206507130047e+01
7.226745000000000000e+09,4.543284385469803510e-03,-3.865648707142608487e+01
7.226840000000000000e+09,-1.029034696458097642e-04,-3.869684399817423781e+01
7.226935000000000000e+09,2.655165310358142960e-03,-3.872979666828727119e+01
7.227030000000000000e+09,2.083678316552095566e-03,-3.876607889417411457e+01
7.227125000000000000e+09,2.717911821868312927e-03,-3.880115539956183568e+01
7.227220000000000000e+09,-5.429435497745771499e-04,-3.884012699382651590e+01
7.227315000000000000e+09,1.112194137327549015e-03,-3.887418259503245110e+01
7.227410000000000000e+09,6.867370347904966366e-04,-3.891031879102802549e+01
7.227505000000000000e+09,-2.730145092776581350e-03,-3.894944641204862990e+01
7.227600000000000000e+09,-5.582221958505328985e-03,-3.898800922780739597e+01
7.227695000000000000e+09,-4.478308481729698087e-03,-3.902261605322365767e+01
7.227790000000000000e+09,-3.476234587971305245e-03,-3.905732471822293661e+01
7.227885000000000000e+09,-4.529257541641129592e-03,-3.909408848006964377e+01
7.227980000000000000e+09,-6.279770831156383792e-03,-3.913154973225219635e+01
7.228075000000000000e+09,-6.180662300216965832e-03,-3.916716136261429426e+01
7.228170000000000000e+09,-9.471629049308205595e-03,-3.920616306825675679e+01
7.228265000000000000e+09,-9.988431173894696258e-03,-3.924239060927438061e+01
7.228360000000000000e+09,-1.616421856002858704e-02,-3.928427713555355183e+01
7.228455000000000000e+09,-2.078425829935071079e-02,-3.932460791418591128e+01
7.228550000000000000e+09,-2.163552020714121227e-02,-3.936116991498673912e+01
7.228645000000000000e+09,-3.114030957354430029e-02,-3.940638544324617953e+01
7.228740000000000000e+09,-4.718355119793216090e-02,-3.945813942376360473e+01
7.228835000000000000e+09,-7.995439135381587903e-02,-3.952662100281252577e+01
7.228930000000000000e+09,-1.393481087004175833e-01,-3.962172545905216481e+01
7.229025000000000000e+09,-2.742342503635555317e-01,-3.979232233960834009e+01
7.229120000000000000e+09,-4.622439800827748968e-01,-4.001604280822058968e+01
7.229215000000000000e+09,4.519641971835355321e-01,-3.913754536984731658e+01
7.229310000000000000e+09,4.994040767558161065e-01,-3.912581622916807333e+01
7.229405000000000000e+09,3.132185988953608557e-01,-3.934771244592156592e+01
7.229500000000000000e+09,2.106526519169662492e-01,-3.948598913179299785e+01
7.229595000000000000e+09,1.676211418490112237e-01,-3.956473138075399021e+01
7.229690000000000000e+09,1.424672780657445514e-01,-3.962559598343029421e+01
7.229785000000000000e+09,1.220109022055098080e-01,-3.968176309818356629e+01
7.229880000000000000e+09,1.139530224390412627e-01,-3.972553171684307216e+01
7.229975000000000000e+09,1.021863357227843494e-01,-3.977300914245236640e+01
7.230070000000000000e+09,1.013640815369711845e-01,-3.980954213553155085e+01
7.230165000000000000e+09,9.423914132688793188e-02,-3.985237781463467144e+01
7.230260000000000000e+09,9.133148314428751746e-02,-3.989099621171030918e+01
7.230355000000000000e+09,8.484604345496649103e-02,-3.993319239029266754e+01
7.230450000000000000e+09,8.370587511041804873e-02,-3.997004329753025331e+01
7.230545000000000000e+09,8.439110705064223339e-02,-4.000506880448306646e+01
7.230640000000000000e+09,8.250361668170569374e-02,-4.004266703374504033e+01
7.230735000000000000e+09,8.412319731974093884e-02,-4.007675819200004241e+01
7.230830000000000000e+09,8.248483504888071138e-02,-4.011410729316393997e+01
7.230925000000000000e+09,8.716713356162841819e-02,-4.014513573354422959e+01
7.231020000000000000e+09,7.768850916316694111e-02,-4.019032509683572840e+01
7.231115000000000000e+09,7.722747779514094191e-02,-4.022649686709679173e+01
7.231210000000000000e+09,7.879488798410960726e-02,-4.026064019580086040e+01
7.231305000000000000e+09,7.821692253678236284e-02,-4.029692890014122497e+01
7.231400000000000000e+09,8.177184991615860099e-02,-4.032908471165488606e+01
7.231495000000000000e+09,8.578473349345472343e-02,-4.036078256697062727e+01
7.231590000000000000e+09,8.641655411911131068e-02,-4.039586148523800091e+01
7.231685000000000000e+09,8.319472382962089796e-02,-4.043479405442053576e+01
7.231780000000000000e+09,8.179243987515860681e-02,-4.047190707726802827e+01
7.231875000000000000e+09,7.917428763752099030e-02,-4.051023596839870322e+01
7.231970000000000000e+09,7.956899944603890162e-02,-4.054555199548322264e+01
7.232065000000000000e+09,7.800092266405300734e-02,-4.058283081115857982e+01
7.232160000000000000e+09,7.507206237340824373e-02,-4.062147041034226191e+01
7.232255000000000000e+09,7.092677157387328180e-02,-4.066132644003483421e+01
7.232350000000000000e+09,7.054877787512481291e-02,-4.069741517262662001e+01
7.232445000000000000e+09,7.346062472766590190e-02,-4.073021406466711625e+01
7.232540000000000000e+09,7.186986247707949360e-02,-4.076751556581073999e+01
7.232635000000000000e+09,6.595004655076053268e-02,-4.080914612063009628e+01
7.232730000000000000e+09,7.141511102940256706e-02,-4.083939179504449157e+01
7.232825000000000000e+09,6.914347592726244329e-02,-4.087737416903966903e+01
7.232920000000000000e+09,6.694246328495268017e-02,-4.091528592057501612e+01
7.233015000000000000e+09,6.842135838254392866e-02,-4.094951776437046220e+01
7.233110000000000000e+09,6.902198171972173668e-02,-4.098462787992632173e+01
7.233205000000000000e+09,6.894495923759791367e-02,-4.102041564130148288e+01
7.233300000000000000e+09,6.607729542687934554e-02,-4.105899404400523878e+01
7.233395000000000000e+09,6.628130603555604239e-02,-4.109450077228959941e+01
7.233490000000000000e+09,6.616078725764396040e-02,-4.113033202996054882e+01
7.233585000000000000e+09,6.918257758322710060e-02,-4.116302097852800301e+01
7.233680000000000000e+09,6.562900545680605546e-02,-4.120228528954746139e+01
7.233775000000000000e+09,6.454462715171160880e-02,-4.123908040674559317e+01
7.233870000000000000e+09,6.150716123413957348e-02,-4.127782861155620253e+01
7.233965000000000000e+09,6.388569269650190563e-02,-4.131116081898721148e+01
7.234060000000000000e+09,6.031104636466011470e-02,-4.135044620421209061e+01
7.234155000000000000e+09,6.049155761846947144e-02,-4.138597643185131147e+01
7.234250000000000000e+09,6.152451381126411434e-02,-4.142065421455156127e+01
7.234345000000000000e+09,5.892636338145251784e-02,-4.145896310387440309e+01
7.234440000000000000e+09,6.374766954019150944e-02,-4.148985253660870143e+01
7.234535000000000000e+09,6.643507296278272634e-02,-4.152287587207914754e+01
7.234630000000000000e+09,5.982994902930727221e-02,-4.156519173490566033e+01
7.234725000000000000e+09,6.032680555696856572e-02,-4.160040561727103636e+01
7.234820000000000000e+09,5.901817213931082051e-02,-4.163742498958173144e+01
7.234915000000000000e+09,6.264030603642822825e-02,-4.166951359457765136e+01
7.235010000000000000e+09,6.140441350968472989e-02,-4.170646022599743219e+01
7.235105000000000000e+09,6.007127803529499488e-02,-4.174350410036485926e+01
7.235200000000000000e+09,5.705330266965091823e-02,-4.178223281462354066e+01
7.235295000000000000e+09,5.800542158094401657e-02,-4.181699143460528489e+01
7.235390000000000000e+09,5.545501651015882771e-02,-4.185525257856910741e+01
7.235485000000000000e+09,5.576455607240404788e-02,-4.189065377789989952e+01
7.235580000000000000e+09,5.956754387045037902e-02,-4.192256152899489052e+01
7.235675000000000000e+09,5.875460975339308334e-02,-4.195908520200498515e+01
7.235770000000000000e+09,5.477951724392227106e-02,-4.199877103340749329e+01
7.235865000000000000e+09,5.546123523204471439e-02,-4.203380005431274213e+01
7.235960000000000000e+09,5.959107192455803670e-02,-4.206538095651326614e+01
7.236055000000000000e+09,5.691544155600780641e-02,-4.210376732577485370e+01
7.236150000000000000e+09,5.810282984950987384e-02,-4.213829067637438897e+01
7.236245000000000000e+09,5.620704886167970926e-02,-4.217589719625525646e+01
7.236340000000000000e+09,5.621452156670159184e-02,-4.221160046244327191e+01
7.236435000000000000e+09,5.706942978468987349e-02,-4.224645629311832096e+01
7.236530000000000000e+09,5.284980671270034236e-02,-4.228638665508334782e+01
7.236625000000000000e+09,5.544703475013079697e-02,-4.231950016593894759e+01
7.236720000000000000e+09,5.185311906055289910e-02,-4.235880482052156992e+01
7.236815000000000000e+09,5.576969473835902136e-02,-4.239059898373679403e+01
7.236910000000000000e+09,5.399974407021801426e-02,-4.242807967329797947e+01
7.237005000000000000e+09,5.610272727929555003e-02,-4.246168742898193216e+01
7.237100000000000000e+09,4.764074466253731543e-02,-4.250586015049172772e+01
7.237195000000000000e+09,5.223805746072684997e-02,-4.253697357658657552e+01
7.237290000000000000e+09,4.909129272984813497e-02,-4.257583108021049156e+01
7.237385000000000000e+09,4.869372599284815806e-02,-4.261193938584052887e+01
7.237480000000000000e+09,4.608092684209452727e-02,-4.265026292388431983e+01
7.237575000000000000e+09,5.041188068994983951e-02,-4.268164270892950185e+01
7.237670000000000000e+09,5.132930865000417953e-02,-4.271643601986248484e+01
7.237765000000000000e+09,4.783214939834579127e-02,-4.275564391800718056e+01
7.237860000000000000e+09,4.846048210077213980e-02,-4.279072632419812550e+01
7.237955000000000000e+09,4.889555494065689345e-02,-4.282600199025127807e+01
7.238050000000000000e+09,4.863738777414283732e-02,-4.286197089631082946e+01
7.238145000000000000e+09,4.813660667674213300e-02,-4.289818241630126749e+01
7.238240000000000000e+09,4.522425902120374985e-02,-4.293680550284984321e+01
7.238335000000000000e+09,4.833801222478228965e-02,-4.296940248853930200e+01
7.238430000000000000e+09,4.610222733059288203e-02,-4.300734901232652874e+01
7.238525000000000000e+09,5.048895919988893866e-02,-4.303867301935027001e+01
7.238620000000000000e+09,4.764343683457639145e-02,-4.307722928060861989e+01
7.238715000000000000e+09,4.406455818951826586e-02,-4.311651889814671534e+01
7.238810000000000000e+09,4.762323038055171764e-02,-4.314867096484871922e+01
7.238905000000000000e+09,4.476983438092219103e-02,-4.318723509974138608e+01
7.239000000000000000e+09,4.418656829309952627e-02,-4.322352910472224607e+01
7.239095000000000000e+09,4.714163976865393124e-02,-4.325628477213972900e+01
7.239190000000000000e+09,4.378316644760360532e-02,-4.329535398435381666e+01
7.239285000000000000e+09,4.329966229545334500e-02,-4.333154822739899714e+01
7.239380000000000000e+09,4.228553677435087366e-02,-4.336827309181314405e+01
7.239475000000000000e+09,4.435005408535630522e-02,-4.340191931339516884e+01
7.239570000000000000e+09,4.166640916718478138e-02,-4.344031369720637770e+01
7.239665000000000000e+09,4.159504874721875467e-02,-4.347609579651938105e+01
7.239760000000000000e+09,4.342551377936842982e-02,-4.350997607038060266e+01
7.239855000000000000e+09,3.865677447593895977e-02,-4.355045554857706946e+01
7.239950000000000000e+09,3.920035527193022062e-02,-4.358562270667411553e+01
7.240045000000000000e+09,3.671426849886216814e-02,-4.362381953234022092e+01
7.240140000000000000e+09,3.873876026891309721e-02,-4.365750577946320732e+01
7.240235000000000000e+09,3.878173904257664617e-02,-4.369317353958258110e+01
7.240330000000000000e+09,3.425579798826561273e-02,-4.373341021952992946e+01
7.240425000000000000e+09,4.173061886433515610e-02,-4.376164613754689725e+01
7.240520000000000000e+09,3.785032809574317980e-02,-4.380123716720852656e+01
7.240615000000000000e+09,3.778012265421892835e-02,-4.383701811154308814e+01
7.240710000000000000e+09,3.929842413103301624e-02,-4.387121054895931138e+01
7.240805000000000000e+09,3.729137305401764024e-02,-4.390892833892936409e+01
7.240900000000000000e+09,3.720822415866109623e-02,-4.394472222671775796e+01
7.240995000000000000e+09,3.241863723518889628e-02,-4.398522255253426749e+01
7.241090000000000000e+09,3.661703989590137098e-02,-4.401673488876659235e+01
7.241185000000000000e+09,3.303970292308378021e-02,-4.405602296463244727e+01
7.241280000000000000e+09,3.450973393763945296e-02,-4.409026367251092893e+01
7.241375000000000000e+09,3.488864364931032469e-02,-4.412559550169229539e+01
7.241470000000000000e+09,3.235026082008118919e-02,-4.416384462341456185e+01
7.241565000000000000e+09,3.137205197966608239e-02,-4.420053357114801429e+01
7.241660000000000000e+09,3.143532971387941188e-02,-4.423618103230716514e+01
7.241755000000000000e+09,3.266460121052716659e-02,-4.427066249970356182e+01
7.241850000000000000e+09,3.207589153428358486e-02,-4.430696194827283563e+01
7.241945000000000000e+09,2.859181233859686699e-02,-4.434615676636156678e+01
7.242040000000000000e+09,3.106172824774233732e-02,-4.437939758934545154e+01
7.242135000000000000e+09,2.973595275194185206e-02,-4.441643410373429646e+01
7.242230000000000000e+09,2.996183004447772191e-02,-4.445191896533479081e+01
7.242325000000000000e+09,2.785609391969501303e-02,-4.448973544035261085e+01
7.242420000000000000e+09,2.679292187716697526e-02,-4.452650935128817622e+01
7.242515000000000000e+09,2.642087119555469599e-02,-4.456259214086282583e+01
7.242610000000000000e+09,2.832010181632682588e-02,-4.459640364913509103e+01
7.242705000000000000e+09,2.527540302723707555e-02,-4.463515908681721811e+01
7.242800000000000000e+09,2.629491428929497943e-02,-4.466985031444819754e+01
7.242895000000000000e+09,2.697202968619194507e-02,-4.470488393794433790e+01
7.242990000000000000e+09,2.998850369281313988e-02,-4.473757820283075404e+01
7.243085000000000000e+09,2.797103642242149135e-02,-4.477530640899418302e+01
7.243180000000000000e+09,2.547397002089724083e-02,-4.481351421428874460e+01
7.243275000000000000e+09,2.291477075179670919e-02,-4.485178415245088246e+01
7.243370000000000000e+09,2.785001499015749005e-02,-4.488255964710555901e+01
7.243465000000000000e+09,2.619883184491555994e-02,-4.491992156914383827e+01
7.243560000000000000e+09,2.486794734581820876e-02,-4.495696319253630691e+01
7.243655000000000000e+09,2.256271878547977394e-02,-4.499497915998968267e+01
7.243750000000000000e+09,2.802493078527135140e-02,-4.502522768688292842e+01
7.243845000000000000e+09,2.502466849537654525e-02,-4.506393868806586056e+01
7.243940000000000000e+09,2.367652143158238687e-02,-4.510099757402269205e+01
7.244035000000000000e+09,2.400709781569076995e-02,-4.513637773653162100e+01
7.244130000000000000e+09,2.121398399642515642e-02,-4.517488158924392394e+01
7.244225000000000000e+09,2.334064611095243436e-02,-4.520846566602243399e+01
7.244320000000000000e+09,2.094924813456344737e-02,-4.524656780289185320e+01
7.244415000000000000e+09,2.196032979649942263e-02,-4.528126746012296167e+01
7.244510000000000000e+09,2.663625442630745965e-02,-4.531230227438618385e+01
7.244605000000000000e+09,2.364775998664470080e-02,-4.535100150771889105e+01
7.244700000000000000e+09,2.446028672444811036e-02,-4.538589971987411786e+01
7.244795000000000000e+09,2.447705789552401257e-02,-4.542159368759607929e+01
7.244890000000000000e+09,2.181909860666308987e-02,-4.545996238577797754e+01
7.244985000000000000e+09,2.088915718655925957e-02,-4.549660306609111871e+01
7.245080000000000000e+09,1.948092722516037156e-02,-4.553372203494555492e+01
7.245175000000000000e+09,1.844020561263448599e-02,-4.557047349545111814e+01
7.245270000000000000e+09,2.348538607689931723e-02,-4.560113905387989064e+01
7.245365000000000000e+09,2.487075218038370394e-02,-4.563546442666944358e+01
7.245460000000000000e+09,2.148827012698006911e-02,-4.567455764761588455e+01
7.245555000000000000e+09,2.148357538899858810e-02,-4.571027308124723731e+01
7.245650000000000000e+09,2.102891787234284493e-02,-4.574643847765693039e+01
7.245745000000000000e+09,1.975768639169217522e-02,-4.578342044803061839e+01
7.245840000000000000e+09,1.908454404109960478e-02,-4.581980432927424829e+01
7.245935000000000000e+09,1.901038714117930795e-02,-4.585558922506720592e+01
7.246030000000000000e+09,1.966763775703128658e-02,-4.589064271334439127e+01
7.246125000000000000e+09,2.007456887676539736e-02,-4.592594652111769449e+01
7.246220000000000000e+09,2.000261318207208205e-02,-4.596172921570542513e+01
7.246315000000000000e+09,2.050629413898974462e-02,-4.599693627364154480e+01
7.246410000000000000e+09,1.901600257882307687e-02,-4.603413730409474880e+01
7.246505000000000000e+09,2.050554313272812124e-02,-4.606835850243388109e+01
7.246600000000000000e+09,2.052202630871846623e-02,-4.610405275815092807e+01
7.246695000000000000e+09,1.867415927317495061e-02,-4.614161136407950892e+01
7.246790000000000000e+09,1.840148145931408408e-02,-4.617759478078640001e+01
7.246885000000000000e+09,1.887863343892348666e-02,-4.621282836769983504e+01
7.246980000000000000e+09,2.187764104589007275e-02,-4.624554009898589868e+01
7.247075000000000000e+09,1.990290698999075403e-02,-4.628322557193484243e+01
7.247170000000000000e+09,1.897826921036482872e-02,-4.631986094860749859e+01
7.247265000000000000e+09,2.085420109200697425e-02,-4.635369575561890088e+01
7.247360000000000000e+09,2.067222095767817791e-02,-4.638958847464625990e+01
7.247455000000000000e+09,1.958411367348844578e-02,-4.642638732082382091e+01
7.247550000000000000e+09,1.926092635605414216e-02,-4.646242124703429255e+01
7.247645000000000000e+09,1.768253494298477335e-02,-4.649971037734039925e+01
7.247740000000000000e+09,1.949469339507459154e-02,-4.653360895778134676e+01
7.247835000000000000e+09,2.420786272753616686e-02,-4.656460652734192252e+01
7.247930000000000000e+09,2.104905095777809265e-02,-4.660347607800471792e+01
7.248025000000000000e+09,1.673755582197600233e-02,-4.664349831203355734e+01
7.248120000000000000e+09,2.005110007837629382e-02,-4.667589550667019438e+01
7.248215000000000000e+09,1.687667502699241595e-02,-4.671478067061461559e+01
7.248310000000000000e+09,1.978809367776790396e-02,-4.674757999085687743e+01
7.248405000000000000e+09,2.162213356364617312e-02,-4.678145668986403649e+01
7.248500000000000000e+09,1.963331787257516226e-02,-4.681915624444814483e+01
7.248595000000000000e+09,2.075206365179838031e-02,-4.685374823756195894e+01
7.248690000000000000e+09,1.528117660946293199e-02,-4.689492986349733172e+01
7.248785000000000000e+09,2.210750127400729070e-02,-4.692381427772582470e+01
7.248880000000000000e+09,1.697396431234210468e-02,-4.696465855358052721e+01
7.248975000000000000e+09,1.677918602317873820e-02,-4.700056407076272791e+01
7.249070000000000000e+09,1.548818603649237957e-02,-4.703756580964245160e+01
7.249165000000000000e+09,1.641810533575949194e-02,-4.707234662923622182e+01
7.249260000000000000e+09,1.842362635126448822e-02,-4.710605184711375415e+01
7.249355000000000000e+09,1.859664246855174952e-02,-4.714158956988983107e+01
7.249450000000000000e+09,1.971578368287651983e-02,-4.717618116756855073e+01
7.249545000000000000e+09,1.809149756863348557e-02,-4.721351619257582399e+01
7.249640000000000000e+09,1.901637131089017885e-02,-4.724830205772661174e+01
7.249735000000000000e+09,1.935245252472839184e-02,-4.728367671540580375e+01
7.249830000000000000e+09,2.005488573811931019e-02,-4.731868502108545727e+01
7.249925000000000000e+09,1.651754314034548088e-02,-4.735793310257626132e+01
7.250020000000000000e+09,1.960032324996063835e-02,-4.739056106135968349e+01
7.250115000000000000e+09,2.138036984477764690e-02,-4.742449175365790381e+01
7.250210000000000000e+09,2.002452046580316392e-02,-4.746155834192991563e+01
7.250305000000000000e+09,1.906485593731588324e-02,-4.749822874535144024e+01
7.250400000000000000e+09,1.803672406877154799e-02,-4.753496761611302190e+01
7.250495000000000000e+09,1.811218301347139459e-02,-4.757060289606135939e+01
7.250590000000000000e+09,2.326877602580168514e-02,-4.760115704194206643e+01
7.250685000000000000e+09,1.637381886371969131e-02,-4.764376273799718575e+01
7.250780000000000000e+09,2.091932423218878512e-02,-4.767492797152175399e+01
7.250875000000000000e+09,2.073343101807267885e-02,-4.771082460362890743e+01
7.250970000000000000e+09,1.642533124462630667e-02,-4.775084344229539113e+01
7.251065000000000000e+09,2.007453269359160686e-02,-4.778290497973946316e+01
7.251160000000000000e+09,1.639959435240001540e-02,-4.782229065697369208e+01
7.251255000000000000e+09,1.822545177983414533e-02,-4.785617553843929528e+01
7.251350000000000000e+09,1.744147114474969840e-02,-4.789267025796775101e+01
7.251445000000000000e+09,2.018125585765062624e-02,-4.792564121214788742e+01
7.251540000000000000e+09,1.647303125415078284e-02,-4.796506017564442459e+01
7.251635000000000000e+09,1.786059418232355256e-02,-4.799938335160928915e+01
7.251730000000000000e+09,1.770634200079257425e-02,-4.803524834268385746e+01
7.251825000000000000e+09,1.954191735999444290e-02,-4.806912350621769292e+01
7.251920000000000000e+09,1.903383674473957399e-02,-4.810534232572598512e+01
7.252015000000000000e+09,1.750651916482581782e-02,-4.814258038219892910e+01
7.252110000000000000e+09,1.935936377581981560e-02,-4.817643827648097954e+01
7.252205000000000000e+09,1.439498963717511515e-02,-4.821711338951265446e+01
7.252300000000000000e+09,1.686469196809525783e-02,-4.825035442607477876e+01
7.252395000000000000e+09,1.598244238014956409e-02,-4.828694741455575468e+01
7.252490000000000000e+09,2.042665969575807594e-02,-4.831821393613319060e+01
7.252585000000000000e+09,1.706252430911092688e-02,-4.835728881041286797e+01
7.252680000000000000e+09,1.546302432532087323e-02,-4.839459904928969536e+01
7.252775000000000000e+09,1.857530013392505452e-02,-4.842719751237412851e+01
7.252870000000000000e+09,1.703924701785552998e-02,-4.846444430438323536e+01
7.252965000000000000e+09,1.816855440259246279e-02,-4.849902573589153576e+01
7.253060000000000000e+09,2.054287342284055740e-02,-4.853236215576432500e+01
7.253155000000000000e+09,1.677241506868654142e-02,-4.857184335301151634e+01
7.253250000000000000e+09,2.078800047154771846e-02,-4.860353850650202645e+01
7.253345000000000000e+09,1.241973490205339203e-02,-4.864761751096455811e+01
7.253440000000000000e+09,1.561803887283019776e-02,-4.868012994588681863e+01
7.253535000000000000e+09,1.616623880111234257e-02,-4.871529248485157382e+01
7.253630000000000000e+09,1.808357632575763319e-02,-4.874908588621996586e+01
7.253725000000000000e+09,1.402390200519221253e-02,-4.878885629943356861e+01
7.253820000000000000e+09,1.668387595956488667e-02,-4.882190706437223326e+01
7.253915000000000000e+09,1.438623174171027586e-02,-4.885991544748312521e+01
7.254010000000000000e+09,1.657162677403789530e-02,-4.889344079134383492e+01
7.254105000000000000e+09,1.222841137418839708e-02,-4.893349474563672175e+01
7.254200000000000000e+09,1.281324557706398082e-02,-4.896862065032688349e+01
7.254295000000000000e+09,1.521601863135657595e-02,-4.900192861616562823e+01
7.254390000000000000e+09,1.578985204143634746e-02,-4.903706552164858579e+01
7.254485000000000000e+09,1.069462887705441290e-02,-4.907787148370599795e+01
7.254580000000000000e+09,1.450507612376839006e-02,-4.910977177535232840e+01
7.254675000000000000e+09,1.261122449755447406e-02,-4.914737636587157255e+01
7.254770000000000000e+09,1.079275329470164024e-02,-4.918490557596746982e+01
7.254865000000000000e+09,1.185326508618800290e-02,-4.921955580306901368e+01
7.254960000000000000e+09,1.333627715108320899e-02,-4.925378352989716291e+01
7.255055000000000000e+09,1.246476275829166980e-02,-4.929036578318298467e+01
7.255150000000000000e+09,1.041432848277423773e-02,-4.932812695635187339e+01
7.255245000000000000e+09,1.349824253899356563e-02,-4.936075378118869139e+01
7.255340000000000000e+09,1.137530674616726856e-02,-4.939858745587455502e+01
7.255435000000000000e+09,8.162492642036056623e-03,-4.943751100887172356e+01
7.255530000000000000e+09,1.184653428330051383e-02,-4.946953770612349643e+01
7.255625000000000000e+09,9.835190940414406668e-03,-4.950725978835941987e+01
7.255720000000000000e+09,8.641490395369544331e-03,-4.954416422779750206e+01
7.255815000000000000e+09,1.127704806726370634e-02,-4.957723940901864523e+01
7.255910000000000000e+09,9.769962046178193305e-03,-4.961445723393276808e+01
7.256005000000000000e+09,4.739382028283500858e-03,-4.965519855284370010e+01
7.256100000000000000e+09,7.127642726736382883e-03,-4.968852103103828455e+01
7.256195000000000000e+09,4.759859906648955530e-03,-4.972659955275140931e+01
7.256290000000000000e+09,4.863050959244219484e-03,-4.976220710059185137e+01
7.256385000000000000e+09,5.241360666083494380e-03,-4.979753952977804943e+01
7.256480000000000000e+09,5.485250761239512940e-03,-4.983300637857593074e+01
7.256575000000000000e+09,5.566511527582918006e-03,-4.986863585670262466e+01
7.256670000000000000e+09,4.774780894003072262e-03,-4.990513832622924184e+01
7.256765000000000000e+09,5.281105284247189502e-03,-4.994034274073203505e+01
7.256860000000000000e+09,1.278375332681491727e-03,-4.998005620957663808e+01
7.256955000000000000e+09,2.891239226066488754e-03,-5.001415408457629042e+01
7.257050000000000000e+09,3.753706888360852645e-03,-5.004900235580703338e+01
7.257145000000000000e+09,9.714253367931746652e-04,-5.008749537625197235e+01
7.257240000000000000e+09,-1.380036916451388151e-03,-5.012555757739824713e+01
7.257335000000000000e+09,-7.180858580539961622e-04,-5.016060636523289418e+01
7.257430000000000000e+09,-9.996225308697148648e-04,-5.019659864079874012e+01
7.257525000000000000e+09,-8.620897894644485859e-04,-5.023217184695037929e+01
7.257620000000000000e+09,-1.069396892141583066e-03,-5.026808989294608665e+01
7.257715000000000000e+09,-3.169655478721722375e-03,-5.030590089042570412e+01
7.257810000000000000e+09,-2.279010213584342637e-03,-5.034072098405360407e+01
7.257905000000000000e+09,-5.873880637693673634e-03,-5.038002659337075073e+01
7.258000000000000000e+09,-6.924072689983518103e-03,-5.041678752431607791e+01
7.258095000000000000e+09,-6.471761438561429713e-03,-5.045204595195769315e+01
7.258190000000000000e+09,-7.212463410382952134e-03,-5.048849739282255200e+01
7.258285000000000000e+09,-9.000867519446842380e-03,-5.052599653582465322e+01
7.258380000000000000e+09,-1.037746556794871822e-02,-5.056308387276619243e+01
7.258475000000000000e+09,-8.085282305096086475e-03,-5.059650242839637713e+01
7.258570000000000000e+09,-1.232771788627928800e-02,-5.063645560287059766e+01
7.258665000000000000e+09,-9.312183741137403103e-03,-5.066915080761849310e+01
7.258760000000000000e+09,-1.368433709225058692e-02,-5.070923369986264362e+01
7.258855000000000000e+09,-1.748393197537723154e-02,-5.074874403363880759e+01
7.258950000000000000e+09,-1.592324779198150964e-02,-5.078289408834844920e+01
7.259045000000000000e+09,-1.854818830644688887e-02,-5.082122976775628587e+01
7.259140000000000000e+09,-1.707775321388993461e-02,-5.085547007155676624e+01
7.259235000000000000e+09,-1.925393072188086308e-02,-5.089335698795779450e+01
7.259330000000000000e+09,-2.108754094656717371e-02,-5.093090133707551814e+01
7.259425000000000000e+09,-2.141413956179860634e-02,-5.096693867458378691e+01
7.259520000000000000e+09,-2.183379695056686387e-02,-5.100306907086559249e+01
7.259615000000000000e+09,-2.659551691584738364e-02,-5.104354152972391034e+01
7.259710000000000000e+09,-2.352295698185002948e-02,-5.107617970868294321e+01
7.259805000000000000e+09,-3.186791394350052542e-02,-5.112023540453763815e+01
7.259900000000000000e+09,-2.996770745668442260e-02,-5.115404593694385227e+01
7.259995000000000000e+09,-3.332212878619600360e-02,-5.119311109716640829e+01
7.260090000000000000e+09,-3.864851123646673159e-02,-5.123414821850970924e+01
7.260185000000000000e+09,-3.904911194368310134e-02,-5.127025955810997004e+01
7.260280000000000000e+09,-4.722077226058019050e-02,-5.131414195731989736e+01
7.260375000000000000e+09,-4.842305691138903967e-02,-5.135105498086374354e+01
7.260470000000000000e+09,-6.201048469316106093e-02,-5.140035314753855289e+01
7.260565000000000000e+09,-7.647027096390246470e-02,-5.145052367270233162e+01
7.260660000000000000e+09,-1.204960677447743933e-01,-5.153026020837624088e+01
7.260755000000000000e+09,-2.449271061679709760e-01,-5.169040198569247480e+01
7.260850000000000000e+09,-4.943247464412081627e-01,-5.197551036485874931e+01
7.260945000000000000e+09,9.783809978683422059e-02,-5.141905825752407821e+01
7.261040000000000000e+09,6.007834680065897714e-01,-5.095182362819735999e+01
7.261135000000000000e+09,3.782553842202176497e-01,-5.121006245087676945e+01
7.261230000000000000e+09,2.650899836406566124e-01,-5.135893859034936781e+01
7.261325000000000000e+09,2.034956438145059110e-01,-5.145624366906855585e+01
7.261420000000000000e+09,1.528893747827169136e-01,-5.154256067699338217e+01
7.261515000000000000e+09,1.241901351997967140e-01,-5.160697065546933970e+01
7.261610000000000000e+09,1.008350425262776184e-01,-5.166603648703589613e+01
7.261705000000000000e+09,9.078263000620978573e-02,-5.171179963844900129e+01
7.261800000000000000e+09,8.100633293988579453e-02,-5.175728667440836261e+01
7.261895000000000000e+09,7.050817996712765989e-02,-5.180349556627415808e+01
7.261990000000000000e+09,6.886517102098110854e-02,-5.184084931411334196e+01
7.262085000000000000e+09,6.365565160029973413e-02,-5.188176957242706067e+01
7.262180000000000000e+09,6.181904106584568126e-02,-5.191931692185454494e+01
7.262275000000000000e+09,6.004363713007876413e-02,-5.195680306468335630e+01
7.262370000000000000e+09,5.574486962126457001e-02,-5.199681257108520072e+01
7.262465000000000000e+09,5.424040245483752187e-02,-5.203402777714467220e+01
7.262560000000000000e+09,5.200349993894093359e-02,-5.207197541855359901e+01
7.262655000000000000e+09,5.778123834792125990e-02,-5.210190841903766312e+01
7.262750000000000000e+09,5.101440589121608582e-02,-5.214438599038739852e+01
7.262845000000000000e+09,4.975128268586104241e-02,-5.218135985248612485e+01
7.262940000000000000e+09,4.923171478769461373e-02,-5.221759015927733572e+01
7.263035000000000000e+09,5.146876298488933799e-02,-5.225106384997317122e+01
7.263130000000000000e+09,5.056676869661203000e-02,-5.228767658315448585e+01
7.263225000000000000e+09,5.440263452275928557e-02,-5.231955145622137593e+01
7.263320000000000000e+09,5.448437145551565663e-02,-5.235518045818165689e+01
7.263415000000000000e+09,5.235168972458836834e-02,-5.239302387880562151e+01
7.263510000000000000e+09,5.543161397381624056e-02,-5.242565469344943097e+01
7.263605000000000000e+09,5.271694799478154891e-02,-5.246408009832150299e+01
7.263700000000000000e+09,5.404720936490292615e-02,-5.249846057584441894e+01
7.263795000000000000e+09,4.757191270328320343e-02,-5.254064661139907599e+01
7.263890000000000000e+09,4.835362219849059784e-02,-5.257557564079690593e+01
7.263985000000000000e+09,4.283067069640367208e-02,-5.261680933119203019e+01
7.264080000000000000e+09,3.937253583102773291e-02,-5.265597820495044346e+01
7.264175000000000000e+09,4.286117388274846007e-02,-5.268820030579176006e+01
7.264270000000000000e+09,3.784935387260901507e-02,-5.272892286469493683e+01
7.264365000000000000e+09,3.825989397311957418e-02,-5.276422306348746361e+01
7.264460000000000000e+09,3.733394292626002198e-02,-5.280085975342735338e+01
7.264555000000000000e+09,3.477209911820011712e-02,-5.283913233612845772e+01
7.264650000000000000e+09,3.307497003656578727e-02,-5.287654020410312228e+01
7.264745000000000000e+09,3.225805003494031098e-02,-5.291306786299779219e+01
7.264840000000000000e+09,3.069037340289781923e-02,-5.295034627852320597e+01
7.264935000000000000e+09,3.248037127134040247e-02,-5.298426701954779361e+01
7.265030000000000000e+09,3.274602611210752912e-02,-5.301971210360007092e+01
7.265125000000000000e+09,2.954755229134065075e-02,-5.305862131631386802e+01
7.265220000000000000e+09,2.871931895888479858e-02,-5.309516028853936831e+01
7.265315000000000000e+09,3.021725581787393367e-02,-5.312937309057340940e+01
7.265410000000000000e+09,3.027728216483183132e-02,-5.316502380311949594e+01
7.265505000000000000e+09,2.861675961325715889e-02,-5.320239506456410084e+01
7.265600000000000000e+09,2.746517085473243469e-02,-5.323925739221567000e+01
7.265695000000000000e+09,2.644738280665137609e-02,-5.327598591915678128e+01
7.265790000000000000e+09,2.738478047332648657e-02,-5.331075926038314350e+01
7.265885000000000000e+09,2.141357641756513885e-02,-5.335244120333194218e+01
7.265980000000000000e+09,2.462063169647166205e-02,-5.338494488694607298e+01
7.266075000000000000e+09,2.283701440303076424e-02,-5.342243924313255121e+01
7.266170000000000000e+09,2.669510985352019361e-02,-5.345429188657509911e+01
7.266265000000000000e+09,2.176722233423333819e-02,-5.349493051298742330e+01
7.266360000000000000e+09,2.418712121446731089e-02,-5.352822135300022666e+01
7.266455000000000000e+09,2.399792391668142955e-02,-5.356412128919104987e+01
7.266550000000000000e+09,2.436336344153744449e-02,-5.359946658855923118e+01
7.266645000000000000e+09,1.911926545400177702e-02,-5.364042142543980418e+01
7.266740000000000000e+09,1.943148229356239653e-02,-5.367581994749361485e+01
7.266835000000000000e+09,1.916243963268016159e-02,-5.371179972904753441e+01
7.266930000000000000e+09,2.081569464397148295e-02,-5.374585721292928042e+01
7.267025000000000000e+09,2.005031406083190859e-02,-5.378233333240545022e+01
7.267120000000000000e+09,1.839727996656392861e-02,-5.381969710539276264e+01
7.267215000000000000e+09,1.962741384507182829e-02,-5.385417771040728496e+01
7.267310000000000000e+09,2.000341789464954445e-02,-5.388951244525075168e+01
7.267405000000000000e+09,1.555641909353511210e-02,-5.392967018294489634e+01
7.267500000000000000e+09,1.980084103308143995e-02,-5.396113649989839445e+01
7.267595000000000000e+09,1.778337431039034300e-02,-5.399886470551411577e+01
7.267690000000000000e+09,1.677240345093622409e-02,-5.403558641526661432e+01
7.267785000000000000e+09,1.887151057808722499e-02,-5.406919804703249355e+01
7.267880000000000000e+09,1.432539236967045326e-02,-5.410945490413395476e+01
7.267975000000000000e+09,1.372971930733513091e-02,-5.414576131608932030e+01
7.268070000000000000e+09,1.412633162063059444e-02,-5.418107544266906928e+01
7.268165000000000000e+09,1.773170336027618532e-02,-5.421318080982245391e+01
7.268260000000000000e+09,1.418470987035647113e-02,-5.425243854220541806e+01
7.268355000000000000e+09,1.654859821786658358e-02,-5.428578539275093817e+01
7.268450000000000000e+09,1.532837764864325436e-02,-5.432271635221319883e+01
7.268545000000000000e+09,1.655474909505727510e-02,-5.435720071965982214e+01
7.268640000000000000e+09,1.343687056964171234e-02,-5.439602933707860899e+01
7.268735000000000000e+09,1.265505917682219206e-02,-5.443252188736446584e+01
7.268830000000000000e+09,1.060554135521130092e-02,-5.447028214407911406e+01
7.268925000000000000e+09,1.554794098454692630e-02,-5.450105048334281577e+01
7.269020000000000000e+09,1.168124152514593561e-02,-5.454062792169525409e+01
7.269115000000000000e+09,1.038488348326893629e-02,-5.457763501863016842e+01
7.269210000000000000e+09,1.249901646935569488e-02,-5.461123162453711899e+01
7.269305000000000000e+09,5.835744508125628727e-03,-5.465360563539138639e+01
7.269400000000000000e+09,7.880837711041976945e-03,-5.468727128108150737e+01
7.269495000000000000e+09,1.035126623529691869e-02,-5.472051159145028976e+01
7.269590000000000000e+09,1.128844482698099227e-02,-5.475528515175164301e+01
7.269685000000000000e+09,7.194275500509661470e-03,-5.479509005997114457e+01
7.269780000000000000e+09,1.335632648941498246e-02,-5.482463874787528368e+01
7.269875000000000000e+09,6.609564311190752051e-03,-5.486709624894653814e+01
7.269970000000000000e+09,9.695107464345653625e-03,-5.489972144468642767e+01
7.270065000000000000e+09,3.571964517902870284e-03,-5.494155532652590068e+01
7.270160000000000000e+09,7.746190761068305619e-03,-5.497309183917577968e+01
7.270255000000000000e+09,3.877034868217776875e-03,-5.501267173396166044e+01
7.270350000000000000e+09,3.270290645922102613e-03,-5.504898921707700055e+01
7.270445000000000000e+09,3.792345958068210621e-03,-5.508417790065788466e+01
7.270540000000000000e+09,3.975123840319838564e-03,-5.511970586166867747e+01
7.270635000000000000e+09,5.575809272258425153e-03,-5.515381591513011017e+01
7.270730000000000000e+09,2.445952094078052141e-03,-5.519265651120132077e+01
7.270825000000000000e+09,1.446735385691511055e-03,-5.522936646680275175e+01
7.270920000000000000e+09,4.957185638737371391e-03,-5.526156675544273611e+01
7.271015000000000000e+09,1.270984811483799604e-03,-5.530096369516302701e+01
7.271110000000000000e+09,2.773675458129787330e-04,-5.533766805132173516e+01
7.271205000000000000e+09,-1.355692608761671636e-03,-5.537501185036934714e+01
7.271300000000000000e+09,2.354893009169245488e-03,-5.540701200364445356e+01
7.271395000000000000e+09,2.347398234931574734e-03,-5.544273023731172856e+01
7.271490000000000000e+09,5.492307610950319940e-04,-5.548023914367860243e+01
7.271585000000000000e+09,-3.129126553901073748e-03,-5.551962823988663587e+01
7.271680000000000000e+09,4.586307208853668271e-04,-5.555175122150488676e+01
7.271775000000000000e+09,-7.579230405596604214e-04,-5.558867851415936912e+01
7.271870000000000000e+09,-2.523732243453480351e-03,-5.562615506225530027e+01
7.271965000000000000e+09,-2.097134403364009358e-03,-5.566143920330824812e+01
7.272060000000000000e+09,-3.960970950593889484e-03,-5.569901377874851534e+01
7.272155000000000000e+09,-6.431894379559821573e-03,-5.573719544107051149e+01
7.272250000000000000e+09,-3.787224688991841504e-03,-5.577026151027298795e+01
7.272345000000000000e+09,-4.158909249078135417e-03,-5.580634393372610447e+01
7.272440000000000000e+09,-2.905932513449727139e-03,-5.584080169588352049e+01
7.272535000000000000e+09,-4.941588039422128986e-03,-5.587854809030286418e+01
7.272630000000000000e+09,-4.682336731562486420e-03,-5.591399957788803476e+01
7.272725000000000000e+09,-8.006094413197217818e-03,-5.595303407446271393e+01
7.272820000000000000e+09,-6.270287642450966814e-03,-5.598700900658499791e+01
7.272915000000000000e+09,-7.471910908371626192e-03,-5.602392136874396300e+01
7.273010000000000000e+09,-7.124347889345017393e-03,-5.605928454461796662e+01
7.273105000000000000e+09,-9.693725629524863052e-03,-5.609756466125119090e+01
7.273200000000000000e+09,-8.581540552718536219e-03,-5.613216321506741480e+01
7.273295000000000000e+09,-1.295871715525009904e-02,-5.617225113056299080e+01
7.273390000000000000e+09,-8.045650881157939693e-03,-5.620304880318192886e+01
7.273485000000000000e+09,-1.161995176156693788e-02,-5.624233384295537519e+01
7.273580000000000000e+09,-1.021387384501792894e-02,-5.627663850393186351e+01
7.273675000000000000e+09,-1.183612608886619455e-02,-5.631397149506874911e+01
7.273770000000000000e+09,-8.790927210107213341e-03,-5.634663703508302746e+01
7.273865000000000000e+09,-1.184862051641744074e-02,-5.638540546728237501e+01
7.273960000000000000e+09,-1.302236710829163258e-02,-5.642228995276728654e+01
7.274055000000000000e+09,-1.337059820059494086e-02,-5.645834892275262717e+01
7.274150000000000000e+09,-1.193109648885837260e-02,-5.649262015993392794e+01
7.274245000000000000e+09,-1.308570240531281570e-02,-5.652948550474341971e+01
7.274340000000000000e+09,-1.300436862970144603e-02,-5.656511490986084567e+01
7.274435000000000000e+09,-1.384719401338685429e-02,-5.660166847413790236e+01
7.274530000000000000e+09,-1.591328861364615932e-02,-5.663944530763119900e+01
7.274625000000000000e+09,-1.732042886552420669e-02,-5.667656318677611438e+01
7.274720000000000000e+09,-1.787100947380793059e-02,-5.671282450627742833e+01
7.274815000000000000e+09,-1.580663199267462460e-02,-5.674647086768933946e+01
7.274910000000000000e+09,-1.782730825038214562e-02,-5.678420228284007720e+01
7.275005000000000000e+09,-1.675818305395893049e-02,-5.681884389653669842e+01
7.275100000000000000e+09,-1.534325647489254152e-02,-5.685313970885066226e+01
7.275195000000000000e+09,-1.969542321763384507e-02,-5.689320261448644800e+01
7.275290000000000000e+09,-2.077003969375823544e-02,-5.692998796985560261e+01
7.275385000000000000e+09,-1.675064727216124538e-02,-5.696167931632705006e+01
7.275480000000000000e+09,-1.770633910770413877e-02,-5.699834574705562318e+01
7.275575000000000000e+09,-1.793679837721384729e-02,-5.703428694521817732e+01
7.275670000000000000e+09,-2.185930903485910903e-02,-5.707392019476885281e+01
7.275765000000000000e+09,-1.929526284456528629e-02,-5.710706688747160342e+01
7.275860000000000000e+09,-2.442265131319487637e-02,-5.714790501483326324e+01
7.275955000000000000e+09,-2.303796896767806857e-02,-5.718223107138079087e+01
7.276050000000000000e+09,-2.021510783063718009e-02,-5.721511894913678020e+01
7.276145000000000000e+09,-2.032452743470969381e-02,-5.725093910763389005e+01
7.276240000000000000e+09,-2.304679919405572264e-02,-5.728937211828627341e+01
7.276335000000000000e+09,-2.533837213012191114e-02,-5.732737443011571088e+01
7.276430000000000000e+09,-2.523590742470815940e-02,-5.736298270430333446e+01
7.276525000000000000e+09,-2.581080338039498656e-02,-5.739926833915205862e+01
7.276620000000000000e+09,-2.507723614598944550e-02,-5.743424551081069040e+01
7.276715000000000000e+09,-2.484977251068443138e-02,-5.746972878606842272e+01
7.276810000000000000e+09,-2.655796980155145093e-02,-5.750714772225232707e+01
7.276905000000000000e+09,-2.621543204766396684e-02,-5.754251592339147692e+01
7.277000000000000000e+09,-2.904315137435276029e-02,-5.758105438161120304e+01
7.277095000000000000e+09,-2.456144344719035644e-02,-5.761228341257707797e+01
7.277190000000000000e+09,-2.627144162946848382e-02,-5.764970414965239343e+01
7.277285000000000000e+09,-2.689459008041694688e-02,-5.768603803699637922e+01
7.277380000000000000e+09,-2.504898820875212095e-02,-5.771990317401774462e+01
7.277475000000000000e+09,-2.751659685933560695e-02,-5.775808152156137254e+01
7.277570000000000000e+09,-2.868617031722209276e-02,-5.779496183391228925e+01
7.277665000000000000e+09,-2.483470176986202205e-02,-5.782682110425797362e+01
7.277760000000000000e+09,-2.950079219131396258e-02,-5.786719793357245578e+01
7.277855000000000000e+09,-2.654652500180532115e-02,-5.789995440527599158e+01
7.277950000000000000e+09,-2.993666211845180669e-02,-5.793905528128566829e+01
7.278045000000000000e+09,-2.917602983788469828e-02,-5.797400538789814561e+01
7.278140000000000000e+09,-3.107498096021288347e-02,-5.801161507791350402e+01
7.278235000000000000e+09,-3.072674694691102104e-02,-5.804697758279324660e+01
7.278330000000000000e+09,-2.704740883826417530e-02,-5.807900898357797104e+01
7.278425000000000000e+09,-2.808471827675873556e-02,-5.811575703190949582e+01
7.278520000000000000e+09,-3.332488555646762052e-02,-5.815670793808224914e+01
7.278615000000000000e+09,-2.821116551758962032e-02,-5.818730495693640137e+01
7.278710000000000000e+09,-3.229375180961113756e-02,-5.822709828212146022e+01
7.278805000000000000e+09,-3.184772756207365774e-02,-5.826236299676696007e+01
7.278900000000000000e+09,-2.797164572264421167e-02,-5.829419765382056795e+01
7.278995000000000000e+09,-2.760553841678614617e-02,-5.832954228540774722e+01
7.279090000000000000e+09,-3.131126523396687844e-02,-5.836895875111796528e+01
7.279185000000000000e+09,-2.817012226903869987e-02,-5.840152834704607443e+01
7.279280000000000000e+09,-3.222169816451980751e-02,-5.844129066183459287e+01
7.279375000000000000e+09,-2.875557517014470932e-02,-5.847353527773325510e+01
7.279470000000000000e+09,-2.924589089666085329e-02,-5.850973633235280857e+01
7.279565000000000000e+09,-2.850384556764140598e-02,-5.854470502591682646e+01
7.279660000000000000e+09,-2.890994407198377303e-02,-5.858082186331420615e+01
7.279755000000000000e+09,-3.169751380989538347e-02,-5.861932017194515510e+01
7.279850000000000000e+09,-3.431305354727243184e-02,-5.865764645057556947e+01
7.279945000000000000e+09,-3.162206898755925977e-02,-5.869066620490889363e+01
7.280040000000000000e+09,-2.864282275101004416e-02,-5.872339769756537464e+01
7.280135000000000000e+09,-3.459222879784817906e-02,-5.876505784250525721e+01
7.280230000000000000e+09,-2.833346161798999674e-02,-5.879450981421877032e+01
7.280325000000000000e+09,-2.985144369905867734e-02,-5.883173853519286922e+01
7.280420000000000000e+09,-2.833577127225339609e-02,-5.886593360165910838e+01
7.280515000000000000e+09,-3.033921300051645176e-02,-5.890364778228040166e+01
7.280610000000000000e+09,-3.002261118241733584e-02,-5.893904191935534698e+01
7.280705000000000000e+09,-2.794658131055882677e-02,-5.897267662837651869e+01
7.280800000000000000e+09,-2.853277713684576611e-02,-5.900897356309585007e+01
7.280895000000000000e+09,-3.193733772290840989e-02,-5.904808886257494294e+01
7.280990000000000000e+09,-2.888613475236923023e-02,-5.908074839849744819e+01
7.281085000000000000e+09,-2.917651547035404747e-02,-5.911674951810846323e+01
7.281180000000000000e+09,-3.326564001816478822e-02,-5.915654938154931131e+01
7.281275000000000000e+09,-3.222608379014957336e-02,-5.919122056421433342e+01
7.281370000000000000e+09,-2.652882656261823513e-02,-5.922123404587983941e+01
7.281465000000000000e+09,-3.324837779222633571e-02,-5.926366433600248484e+01
7.281560000000000000e+09,-2.863147583556013842e-02,-5.929475817293885598e+01
7.281655000000000000e+09,-3.141637993117285532e-02,-5.933325381592750603e+01
7.281750000000000000e+09,-3.074624273813242326e-02,-5.936829441762750292e+01
7.281845000000000000e+09,-2.900746222057648538e-02,-5.940226637600298432e+01
7.281940000000000000e+09,-2.806988369417240392e-02,-5.943703953636961757e+01
7.282035000000000000e+09,-2.837363078671728545e-02,-5.947305402235519978e+01
7.282130000000000000e+09,-3.148448730693331754e-02,-5.951187561776878709e+01
7.282225000000000000e+09,-2.854787699011041013e-02,-5.954464974634500152e+01
7.282320000000000000e+09,-2.521190926299965440e-02,-5.957702451751092809e+01
7.282415000000000000e+09,-2.752534734094069790e-02,-5.961504869448189936e+01
7.282510000000000000e+09,-2.912534644057274136e-02,-5.965235943247457584e+01
7.282605000000000000e+09,-2.679341134377466460e-02,-5.968573823627080799e+01
7.282700000000000000e+09,-2.715920969742313673e-02,-5.972181477351750090e+01
7.282795000000000000e+09,-2.960268923973785604e-02,-5.975996899195284584e+01
7.282890000000000000e+09,-2.702411248412772693e-02,-5.979310115409028015e+01
7.282985000000000000e+09,-2.580489444791567166e-02,-5.982759267494709832e+01
7.283080000000000000e+09,-2.776738909530962474e-02,-5.986526590848753671e+01
7.283175000000000000e+09,-2.503741619356247838e-02,-5.989824667447881978e+01
7.283270000000000000e+09,-2.844460109908908407e-02,-5.993736459827739083e+01
7.283365000000000000e+09,-2.806605917605509148e-02,-5.997269679524738706e+01
7.283460000000000000e+09,-2.881733348012005536e-02,-6.000915880844449646e+01
7.283555000000000000e+09,-2.578692517716518751e-02,-6.004183913903457182e+01
7.283650000000000000e+09,-2.814701341048220229e-02,-6.007990996616093327e+01
7.283745000000000000e+09,-3.231269050013452215e-02,-6.011978638214361581e+01
7.283840000000000000e+09,-2.954746408949660008e-02,-6.015273189462601522e+01
7.283935000000000000e+09,-2.881021574896891480e-02,-6.018770538517852486e+01
7.284030000000000000e+09,-2.988803167425402307e-02,-6.022449393999684730e+01
7.284125000000000000e+09,-2.824632389535253196e-02,-6.025856297111131710e+01
7.284220000000000000e+09,-2.876657072457788900e-02,-6.029479395683357978e+01
7.284315000000000000e+09,-3.202100565816579092e-02,-6.033375913066020502e+01
7.284410000000000000e+09,-2.719631765327079620e-02,-6.036464518154834735e+01
7.284505000000000000e+09,-2.984104957480582243e-02,-6.040300065236291971e+01
7.284600000000000000e+09,-2.875457946800707987e-02,-6.043762492114915830e+01
7.284695000000000000e+09,-2.787750241591169242e-02,-6.047245858299010024e+01
7.284790000000000000e+09,-3.042088685083399469e-02,-6.051071270631805987e+01
7.284885000000000000e+09,-3.059131854645613657e-02,-6.054659387690671934e+01
7.284980000000000000e+09,-2.818949772805723342e-02,-6.057990279498135777e+01
7.285075000000000000e+09,-3.093386896369310080e-02,-6.061835790511002386e+01
7.285170000000000000e+09,-2.924114085525530982e-02,-6.065237591589463051e+01
7.285265000000000000e+09,-3.185680148986591576e-02,-6.069070231542227134e+01
7.285360000000000000e+09,-2.794387746739346312e-02,-6.072250013029284332e+01
7.285455000000000000e+09,-2.963745392923300415e-02,-6.075990444564771309e+01
7.285550000000000000e+09,-3.069399794745919507e-02,-6.079667172855898372e+01
7.285645000000000000e+09,-3.181761192839616115e-02,-6.083350608143295091e+01
7.285740000000000000e+09,-3.202264833707602065e-02,-6.086942185673467520e+01
7.285835000000000000e+09,-3.314752300752843439e-02,-6.090625747029815784e+01
7.285930000000000000e+09,-3.433742095599967570e-02,-6.094315810713967352e+01
7.286025000000000000e+09,-3.240223252196017256e-02,-6.097693365759900530e+01
7.286120000000000000e+09,-3.282852642005451571e-02,-6.101307069039012987e+01
7.286215000000000000e+09,-3.362775654733241026e-02,-6.104958065941045220e+01
7.286310000000000000e+09,-3.414006244596379247e-02,-6.108580370420211381e+01
7.286405000000000000e+09,-3.662199278653588408e-02,-6.112399637343572323e+01
7.286500000000000000e+09,-3.408934051397238818e-02,-6.115717446005619706e+01
7.286595000000000000e+09,-3.915153534610027464e-02,-6.119794739378136228e+01
7.286690000000000000e+09,-3.910061694961797230e-02,-6.123360721427791731e+01
7.286785000000000000e+09,-4.036320041069529907e-02,-6.127058053663203196e+01
7.286880000000000000e+09,-3.585442692707374590e-02,-6.130178250204144774e+01
7.286975000000000000e+09,-3.739180252527773973e-02,-6.133903061653268907e+01
7.287070000000000000e+09,-4.163064214662881568e-02,-6.137898019504707747e+01
7.287165000000000000e+09,-4.095233461507774564e-02,-6.141401262640856373e+01
7.287260000000000000e+09,-4.294488089514914009e-02,-6.145171591158167246e+01
7.287355000000000000e+09,-4.513091387584466929e-02,-6.148961268345540532e+01
7.287450000000000000e+09,-4.372889609998509286e-02,-6.152392140457258307e+01
7.287545000000000000e+09,-4.661243594966180126e-02,-6.156251568331529711e+01
7.287640000000000000e+09,-4.841261297728749469e-02,-6.160002659923596013e+01
7.287735000000000000e+09,-5.007164161958144177e-02,-6.163739636677128431e+01
7.287830000000000000e+09,-5.054844483494491669e-02,-6.167358390887969222e+01
7.287925000000000000e+09,-4.980141803630999675e-02,-6.170854762097442858e+01
7.288020000000000000e+09,-5.321834461264529637e-02,-6.174767528644379411e+01
7.288115000000000000e+09,-5.863763226799534323e-02,-6.178880531299218859e+01
7.288210000000000000e+09,-5.470772700214610040e-02,-6.182058614661936957e+01
7.288305000000000000e+09,-6.644551375405427507e-02,-6.186803467226432218e+01
7.288400000000000000e+09,-6.770866568837874411e-02,-6.190500856309167688e+01
7.288495000000000000e+09,-7.332006825381398585e-02,-6.194633070455015655e+01
7.288590000000000000e+09,-7.207590202109059874e-02,-6.198079727721046339e+01
7.288685000000000000e+09,-7.878654758695091687e-02,-6.202321866166936815e+01
7.288780000000000000e+09,-8.261821190033202811e-02,-6.206276106487577948e+01
7.288875000000000000e+09,-1.059166071521602248e-01,-6.212177019902064501e+01
7.288970000000000000e+09,-1.463267065493027985e-01,-6.219789103731082491e+01
7.289065000000000000e+09,-2.023859840431256885e-01,-6.228966105369768513e+01
7.289160000000000000e+09,-2.940128070384844250e-01,-6.241699861558608120e+01
7.289255000000000000e+09,-5.093228882441422911e-01,-6.266801943568477640e+01
7.289350000000000000e+09,-4.846015648455193059e-01,-6.267900885117919074e+01
7.289445000000000000e+09,6.989230249141300533e-01,-6.153119500031257871e+01
7.289540000000000000e+09,4.395275043823261285e-01,-6.182630125973741997e+01
7.289635000000000000e+09,2.690465843374809651e-01,-6.203249291867530246e+01
7.289730000000000000e+09,1.842982817173606236e-01,-6.215295196018846013e+01
7.289825000000000000e+09,1.366732147990461499e-01,-6.223628776600014589e+01
7.289920000000000000e+09,1.093787535746741924e-01,-6.229929296611755518e+01
7.290015000000000000e+09,8.578550585184530064e-02,-6.235859695273342140e+01
7.290110000000000000e+09,7.173128745738921452e-02,-6.240836191002091482e+01
7.290205000000000000e+09,5.962943576206214402e-02,-6.245617450060927922e+01
7.290300000000000000e+09,5.664589282459076003e-02,-6.249486878243978083e+01
7.290395000000000000e+09,5.211815093996818860e-02,-6.253510726321744784e+01
7.290490000000000000e+09,4.615772420669372877e-02,-6.257677842884375252e+01
7.290585000000000000e+09,4.644281011628947908e-02,-6.261220408182720121e+01
7.290680000000000000e+09,4.344966299223784745e-02,-6.265090796784428306e+01
7.290775000000000000e+09,3.631996751811072954e-02,-6.269374840221145462e+01
7.290870000000000000e+09,3.481108795858744998e-02,-6.273096802066400812e+01
7.290965000000000000e+09,3.138041338684871562e-02,-6.277010943412879129e+01
7.291060000000000000e+09,3.300131097165603933e-02,-6.280419927543701419e+01
7.291155000000000000e+09,2.993498525417948031e-02,-6.284297634004753519e+01
7.291250000000000000e+09,2.323742701385356213e-02,-6.288538463718089133e+01
7.291345000000000000e+09,2.363639537318817929e-02,-6.292069640771460115e+01
7.291440000000000000e+09,2.551964988526123079e-02,-6.295452389209555832e+01
7.291535000000000000e+09,2.458948671824856547e-02,-6.299116479415560832e+01
7.291630000000000000e+09,2.088535077952968777e-02,-6.303057966898736453e+01
7.291725000000000000e+09,2.692998004084046215e-02,-6.306024577861909108e+01
7.291820000000000000e+09,2.509905964224401487e-02,-6.309778743791105882e+01
7.291915000000000000e+09,2.349415888705408406e-02,-6.313510307755928608e+01
7.292010000000000000e+09,2.402319794724405710e-02,-6.317028477739213344e+01
7.292105000000000000e+09,2.031674240131309261e-02,-6.320970197183110173e+01
7.292200000000000000e+09,1.790680964252544527e-02,-6.324782264348292671e+01
7.292295000000000000e+09,1.934004025505231539e-02,-6.328210015176343717e+01
7.292390000000000000e+09,1.846553965112462947e-02,-6.331868539126040218e+01
7.292485000000000000e+09,1.604550350945999071e-02,-6.335681616629510415e+01
7.292580000000000000e+09,1.083562966031337282e-02,-6.339773677903728810e+01
7.292675000000000000e+09,9.338514560297994649e-03,-6.343494463303034081e+01
7.292770000000000000e+09,6.515264664841424747e-03,-6.347347862181882761e+01
7.292865000000000000e+09,6.877418729295925459e-03,-6.350882720664741754e+01
7.292960000000000000e+09,-5.760710007436387059e-04,-6.355199143527048733e+01
7.293055000000000000e+09,1.895437610635042347e-03,-6.358523066555215308e+01
7.293150000000000000e+09,-2.854978822995235532e-03,-6.362569182087881359e+01
7.293245000000000000e+09,-5.251743064761171809e-03,-6.366379932401362396e+01
7.293340000000000000e+09,-6.408866543395674853e-03,-6.370066718638528869e+01
7.293435000000000000e+09,-3.762082653160803147e-03,-6.373373114138809825e+01
7.293530000000000000e+09,-8.330432855842673234e-03,-6.377401023048381035e+01
7.293625000000000000e+09,-1.119821469627169108e-02,-6.381258875121728380e+01
7.293720000000000000e+09,-1.146968903988465627e-02,-6.384857096445426805e+01
7.293815000000000000e+09,-1.266922075479470777e-02,-6.388548123506220833e+01
7.293910000000000000e+09,-1.277585319573404377e-02,-6.392129860639619210e+01
7.294005000000000000e+09,-1.383863634555382305e-02,-6.395807212843904210e+01
7.294100000000000000e+09,-1.573386202197468720e-02,-6.399567809300850030e+01
7.294195000000000000e+09,-1.650372780088105173e-02,-6.403215869768044399e+01
7.294290000000000000e+09,-1.517378487174880775e-02,-6.406653949364435618e+01
7.294385000000000000e+09,-1.781482513823107183e-02,-6.410489127280386867e+01
7.294480000000000000e+09,-1.872218660942337465e-02,-6.414150937316809120e+01
7.294575000000000000e+09,-2.021942160341438921e-02,-6.417871734705512665e+01
7.294670000000000000e+09,-2.081841160342889907e-02,-6.421502707594818560e+01
7.294765000000000000e+09,-2.763562071662306607e-02,-6.425755502395440999e+01
7.294860000000000000e+09,-2.317624848960520012e-02,-6.428880639062042235e+01
7.294955000000000000e+09,-2.694698306054021941e-02,-6.432828786408440180e+01
7.295050000000000000e+09,-2.496361247315803666e-02,-6.436201523239006406e+01
7.295145000000000000e+09,-2.689468573275632934e-02,-6.439965704454269257e+01
7.295240000000000000e+09,-2.829005384775484799e-02,-6.443676315155072132e+01
7.295335000000000000e+09,-2.986091937405888075e-02,-6.447404475597006979e+01
7.295430000000000000e+09,-2.906938629752175984e-02,-6.450896396178656289e+01
7.295525000000000000e+09,-3.017205155956048657e-02,-6.454577736594164605e+01
7.295620000000000000e+09,-3.311043479789077537e-02,-6.458442648807334763e+01
7.295715000000000000e+09,-3.353273036613302338e-02,-6.462055952253462010e+01
7.295810000000000000e+09,-3.056245786386568852e-02,-6.465329998892539720e+01
7.295905000000000000e+09,-3.363543727955686791e-02,-6.469208370723411861e+01
7.296000000000000000e+09,-3.663887848523472712e-02,-6.473079788733284090e+01
7.296095000000000000e+09,-3.574011565520152089e-02,-6.476560986339583792e+01
7.296190000000000000e+09,-3.410165233148632069e-02,-6.479968213896516716e+01
7.296285000000000000e+09,-3.645809307310798886e-02,-6.483774931859981905e+01
7.296380000000000000e+09,-3.448710579654346020e-02,-6.487148907021629896e+01
7.296475000000000000e+09,-4.199738294686028439e-02,-6.491471008625964600e+01
7.296570000000000000e+09,-3.659379802840589946e-02,-6.494501724023423606e+01
7.296665000000000000e+09,-3.978499955549352762e-02,-6.498391918065435391e+01
7.296760000000000000e+09,-3.818796183921335796e-02,-6.501803288183111817e+01
7.296855000000000000e+09,-3.494022830496135157e-02,-6.505049588718989639e+01
7.296950000000000000e+09,-3.962061857239973506e-02,-6.509088701635036500e+01
7.297045000000000000e+09,-4.052874174581688749e-02,-6.512750587841682659e+01
7.297140000000000000e+09,-3.853659191385361282e-02,-6.516122446747790775e+01
7.297235000000000000e+09,-4.130469649558676792e-02,-6.519970331095267113e+01
7.297330000000000000e+09,-4.272730958342663143e-02,-6.523683666293354122e+01
7.297425000000000000e+09,-4.274118736130105844e-02,-6.527256127960446008e+01
7.297520000000000000e+09,-4.235278711564660625e-02,-6.530788361825185007e+01
7.297615000000000000e+09,-4.194104597519299205e-02,-6.534318261600475353e+01
7.297710000000000000e+09,-4.325035530624177227e-02,-6.538020266422884674e+01
7.297805000000000000e+09,-4.029832252393816816e-02,-6.541296137033958757e+01
7.297900000000000000e+09,-4.676133465459031413e-02,-6.545513512136326995e+01
7.297995000000000000e+09,-4.596482399557544340e-02,-6.549004934959728530e+01
7.298090000000000000e+09,-4.139192970512795000e-02,-6.552118719419988224e+01
7.298185000000000000e+09,-4.198140030901242881e-02,-6.555748740369679695e+01
7.298280000000000000e+09,-4.445581458112712880e-02,-6.559567255686195608e+01
7.298375000000000000e+09,-4.556498751976789663e-02,-6.563249246869362707e+01
7.298470000000000000e+09,-4.588677140030483770e-02,-6.566852499146720845e+01
7.298565000000000000e+09,-4.102782793459880395e-02,-6.569937678689453264e+01
7.298660000000000000e+09,-4.128824821607679496e-02,-6.573534794606905507e+01
7.298755000000000000e+09,-4.584154959961495024e-02,-6.577561198634562345e+01
7.298850000000000000e+09,-4.897250585487711305e-02,-6.581445368149393005e+01
7.298945000000000000e+09,-4.574333608297820319e-02,-6.584693525061506136e+01
7.299040000000000000e+09,-4.649914948475952770e-02,-6.588340180290988712e+01
7.299135000000000000e+09,-4.660777623234935163e-02,-6.591922116855050717e+01
7.299230000000000000e+09,-4.773345091730618606e-02,-6.595605758212850844e+01
7.299325000000000000e+09,-4.822459151733937688e-02,-6.599225946162157186e+01
7.299420000000000000e+09,-4.266970772705747095e-02,-6.602241531672432018e+01
7.299515000000000000e+09,-4.839010860067105568e-02,-6.606384645649131926e+01
7.299610000000000000e+09,-4.599618792435933301e-02,-6.609716327470803776e+01
7.299705000000000000e+09,-4.718938872991884637e-02,-6.613406721440662750e+01
7.299800000000000000e+09,-4.828323976427384423e-02,-6.617087180433402693e+01
7.299895000000000000e+09,-4.268829034727161797e-02,-6.620098759381006914e+01
7.299990000000000000e+09,-4.346664870966776562e-02,-6.623747669106549552e+01
7.300085000000000000e+09,-4.357759788230453069e-02,-6.627329837913116251e+01
7.300180000000000000e+09,-4.718196198044211087e-02,-6.631261348212234452e+01
7.300275000000000000e+09,-4.781824325915806639e-02,-6.634896050229410491e+01
7.300370000000000000e+09,-4.751970490652013268e-02,-6.638437270283449720e+01
7.300465000000000000e+09,-4.410501272261058148e-02,-6.641666874954361788e+01
7.300560000000000000e+09,-4.376552802035860168e-02,-6.645204000373441033e+01
7.300655000000000000e+09,-4.667023449790974610e-02,-6.649065544910499170e+01
7.300750000000000000e+09,-4.322671477953576868e-02,-6.652292266827966216e+01
7.300845000000000000e+09,-4.309330325234839165e-02,-6.655849999564550501e+01
7.300940000000000000e+09,-4.683759691772593214e-02,-6.659795502820392699e+01
7.301035000000000000e+09,-4.478178424170664584e-02,-6.663160995442093792e+01
7.301130000000000000e+09,-4.235331966427224870e-02,-6.666489222873654796e+01
7.301225000000000000e+09,-4.522414026844501223e-02,-6.670347378823375095e+01
7.301320000000000000e+09,-4.108116116910309756e-02,-6.673504154802745347e+01
7.301415000000000000e+09,-4.000107710791667159e-02,-6.676967220285963833e+01
7.301510000000000000e+09,-4.296013417686594948e-02,-6.680834199882161784e+01
7.301605000000000000e+09,-4.542012871478107172e-02,-6.684651273225257739e+01
7.301700000000000000e+09,-4.406537787008346641e-02,-6.688086872030091001e+01
7.301795000000000000e+09,-4.008349850712988882e-02,-6.691259757983098666e+01
7.301890000000000000e+09,-4.259870731870307736e-02,-6.695082352753560428e+01
7.301985000000000000e+09,-4.253099206277966005e-02,-6.698646655117272530e+01
7.302080000000000000e+09,-3.831009048998623712e-02,-6.701795638849296211e+01
7.302175000000000000e+09,-3.865111683101929430e-02,-6.705400815372702539e+01
7.302270000000000000e+09,-3.648500180014480065e-02,-6.708755277758919533e+01
7.302365000000000000e+09,-3.689949227153022093e-02,-6.712367800695362519e+01
7.302460000000000000e+09,-4.092642139978863725e-02,-6.716341567497491383e+01
7.302555000000000000e+09,-4.112268276553265878e-02,-6.719932267523368807e+01
7.302650000000000000e+09,-3.521776899719952780e-02,-6.722912850035839938e+01
7.302745000000000000e+09,-3.628038258145238615e-02,-6.726590185283569667e+01
7.302840000000000000e+09,-3.655253019282156401e-02,-6.730188473934009608e+01
7.302935000000000000e+09,-3.788672629880807108e-02,-6.733892967433911281e+01
7.303030000000000000e+09,-3.605336573751571905e-02,-6.737280705267086489e+01
7.303125000000000000e+09,-3.691872149154562521e-02,-6.740938314731792502e+01
7.303220000000000000e+09,-3.678489316834543388e-02,-6.744496005788776927e+01
7.303315000000000000e+09,-3.614294068439960483e-02,-6.748002884429685366e+01
7.303410000000000000e+09,-3.555413994627087959e-02,-6.751515078245209622e+01
7.303505000000000000e+09,-3.706043450283402763e-02,-6.755236781590170381e+01
7.303600000000000000e+09,-3.508635117252367763e-02,-6.758610447146442368e+01
7.303695000000000000e+09,-3.261281793550097063e-02,-6.761934167712044541e+01
7.303790000000000000e+09,-3.568569152288603163e-02,-6.765812528960086070e+01
7.303885000000000000e+09,-3.065624068025840643e-02,-6.768880657765127751e+01
7.303980000000000000e+09,-3.396800444569691990e-02,-6.772782908030974625e+01
7.304075000000000000e+09,-3.403911071309551062e-02,-6.776361092547018927e+01
7.304170000000000000e+09,-3.359634452506554680e-02,-6.779887889817518953e+01
7.304265000000000000e+09,-2.976515202075802335e-02,-6.783075844456392645e+01
7.304360000000000000e+09,-2.880672229458980382e-02,-6.786551075373078845e+01
7.304455000000000000e+09,-3.058814327913239595e-02,-6.790300291360837548e+01
7.304550000000000000e+09,-3.581682398164787173e-02,-6.794394233320392118e+01
7.304645000000000000e+09,-2.889234100189241872e-02,-6.797272858911719595e+01
7.304740000000000000e+09,-3.426810765505194922e-02,-6.801381509466339992e+01
7.304835000000000000e+09,-3.422235648218929782e-02,-6.804948008238358170e+01
7.304930000000000000e+09,-3.127483371662265199e-02,-6.808224329851104528e+01
7.305025000000000000e+09,-3.146567313413584088e-02,-6.811814487682158870e+01
7.305120000000000000e+09,-3.136616815912418588e-02,-6.815375611073962148e+01
7.305215000000000000e+09,-3.076219850727568428e-02,-6.818886287998081741e+01
7.305310000000000000e+09,-3.067739817528547519e-02,-6.822448881854218428e+01
7.305405000000000000e+09,-2.940243499374162184e-02,-6.825892459425368486e+01
7.305500000000000000e+09,-3.047998995945988554e-02,-6.829571288811244756e+01
7.305595000000000000e+09,-2.939445459247735926e-02,-6.833033809163849526e+01
7.305690000000000000e+09,-2.730750744427723475e-02,-6.836396188338332536e+01
7.305785000000000000e+09,-2.745895970676315301e-02,-6.839982407453885571e+01
7.305880000000000000e+09,-3.216184276850242441e-02,-6.844023769649363942e+01
7.305975000000000000e+09,-2.624760983729856889e-02,-6.847003420245546579e+01
7.306070000000000000e+09,-2.798591382885717849e-02,-6.850748324534005462e+01
7.306165000000000000e+09,-2.929985701436521595e-02,-6.854450792741860710e+01
7.306260000000000000e+09,-2.924292612520673629e-02,-6.858016173542247884e+01
7.306355000000000000e+09,-2.640834440300920960e-02,-6.861303789259331154e+01
7.306450000000000000e+09,-2.415832432197362323e-02,-6.864649861140532039e+01
7.306545000000000000e+09,-2.506970875171532498e-02,-6.868312073472810653e+01
7.306640000000000000e+09,-2.956364921931253775e-02,-6.872332541408873396e+01
7.306735000000000000e+09,-2.696464092754524700e-02,-6.875643714468999690e+01
7.306830000000000000e+09,-2.514036745137104845e-02,-6.879032361010686714e+01
7.306925000000000000e+09,-2.899669121961778728e-02,-6.882989067276815831e+01
7.307020000000000000e+09,-2.260027680789278293e-02,-6.885920499724946353e+01
7.307115000000000000e+09,-2.420207990022049671e-02,-6.889651753923482147e+01
7.307210000000000000e+09,-2.783454187419920345e-02,-6.893586074010218567e+01
7.307305000000000000e+09,-2.536571892380834470e-02,-6.896910265604482504e+01
7.307400000000000000e+09,-2.344850971037715226e-02,-6.900289618572442407e+01
7.307495000000000000e+09,-2.586956619319380479e-02,-6.904102798110028516e+01
7.307590000000000000e+09,-2.363925582503156875e-02,-6.907450840962516736e+01
7.307685000000000000e+09,-2.455044928616700872e-02,-6.911113034197933302e+01
7.307780000000000000e+09,-2.825907876619737635e-02,-6.915054971035239362e+01
7.307875000000000000e+09,-2.312635056799194899e-02,-6.918112772104723263e+01
7.307970000000000000e+09,-2.223981544742059668e-02,-6.921595192481970571e+01
7.308065000000000000e+09,-2.012310308042231100e-02,-6.924954595134573765e+01
7.308160000000000000e+09,-2.414073400090899213e-02,-6.928927432115925455e+01
7.308255000000000000e+09,-2.497307429443651472e-02,-6.932581740034582651e+01
7.308350000000000000e+09,-2.521724936208613599e-02,-6.936177231430652057e+01
7.308445000000000000e+09,-2.580652806817340661e-02,-6.939807233190563807e+01
7.308540000000000000e+09,-2.708819637750536913e-02,-6.943506473910800025e+01
7.308635000000000000e+09,-2.578853852963902682e-02,-6.946947582015317835e+01
7.308730000000000000e+09,-2.128945644820134930e-02,-6.950068747696478511e+01
7.308825000000000000e+09,-2.502582116379414856e-02,-6.954013458057339392e+01
7.308920000000000000e+09,-2.449685786308464230e-02,-6.957531635616572885e+01
7.309015000000000000e+09,-2.564672195077832839e-02,-6.961217695914646697e+01
7.309110000000000000e+09,-2.561714381606350344e-02,-6.964785811990510922e+01
7.309205000000000000e+09,-2.355931146938416987e-02,-6.968151102645147432e+01
7.309300000000000000e+09,-2.750763232195652108e-02,-6.972117008619709111e+01
7.309395000000000000e+09,-2.695642353270955027e-02,-6.975632961630087436e+01
7.309490000000000000e+09,-2.785224370077798994e-02,-6.979293617536197303e+01
7.309585000000000000e+09,-2.830706786851067136e-02,-6.982910173842275015e+01
7.309680000000000000e+09,-2.624932058287754444e-02,-6.986275473003016145e+01
7.309775000000000000e+09,-2.526913092923166460e-02,-6.989748527926954580e+01
7.309870000000000000e+09,-2.536117408077132040e-02,-6.993328806131411568e+01
7.309965000000000000e+09,-2.611658746189959857e-02,-6.996975421358828839e+01
7.310060000000000000e+09,-2.862830323724097070e-02,-7.000797666825667420e+01
7.310155000000000000e+09,-2.726732245282903477e-02,-7.004232642636529249e+01
7.310250000000000000e+09,-2.644497257675482160e-02,-7.007721481538224850e+01
7.310345000000000000e+09,-2.599027248767526999e-02,-7.011247085418621339e+01
7.310440000000000000e+09,-2.778559093012233916e-02,-7.014997691152170489e+01
7.310535000000000000e+09,-2.872055469536860528e-02,-7.018662261417998138e+01
7.310630000000000000e+09,-2.958448479120079355e-02,-7.022319728316884380e+01
7.310725000000000000e+09,-2.481524398012879828e-02,-7.025413878125081624e+01
7.310820000000000000e+09,-2.739511235814973134e-02,-7.029242938852188161e+01
7.310915000000000000e+09,-2.870577969525811568e-02,-7.032945079475202022e+01
7.311010000000000000e+09,-2.908389532561272972e-02,-7.036553964927540505e+01
7.311105000000000000e+09,-2.995021127208019607e-02,-7.040211670411525802e+01
7.311200000000000000e+09,-3.220530540646393547e-02,-7.044008253714267198e+01
7.311295000000000000e+09,-2.934533020714980012e-02,-7.047293330083638807e+01
7.311390000000000000e+09,-3.107045899324134552e-02,-7.051036916851552405e+01
7.311485000000000000e+09,-3.259131528535874622e-02,-7.054760076370067168e+01
7.311580000000000000e+09,-3.005527092874160644e-02,-7.058077545823708476e+01
7.311675000000000000e+09,-2.708982718125696465e-02,-7.061352075338264456e+01
7.311770000000000000e+09,-3.177955545312727281e-02,-7.065392122054755930e+01
7.311865000000000000e+09,-3.347399784721005744e-02,-7.069132640183467231e+01
7.311960000000000000e+09,-3.563269380173039735e-02,-7.072919583668222288e+01
7.312055000000000000e+09,-3.557935432525027863e-02,-7.076485323609878719e+01
7.312150000000000000e+09,-3.237613134953676308e-02,-7.079736075201611811e+01
7.312245000000000000e+09,-3.640771202951498253e-02,-7.083710307158912656e+01
7.312340000000000000e+09,-3.627491744829569598e-02,-7.087268101590093750e+01
7.312435000000000000e+09,-3.558963469377829369e-02,-7.090770647203946453e+01
7.312530000000000000e+09,-3.434800456382447464e-02,-7.094217558080255515e+01
7.312625000000000000e+09,-3.642373612568405861e-02,-7.097996205125744495e+01
7.312720000000000000e+09,-3.712544991145705353e-02,-7.101637450393624817e+01
7.312815000000000000e+09,-3.547613738579968867e-02,-7.105043593030363525e+01
7.312910000000000000e+09,-3.508843765796143543e-02,-7.108575896946884143e+01
7.313005000000000000e+09,-3.616249307300734017e-02,-7.112254376377724441e+01
7.313100000000000000e+09,-4.010033865564821554e-02,-7.116219234825292972e+01
7.313195000000000000e+09,-3.624371557643257802e-02,-7.119404646406675852e+01
7.313290000000000000e+09,-4.079666984016228071e-02,-7.123431015722351844e+01
7.313385000000000000e+09,-3.748538663224110223e-02,-7.126670961290862749e+01
7.313480000000000000e+09,-4.046630250107341453e-02,-7.130540126767050424e+01
7.313575000000000000e+09,-4.194206389546195624e-02,-7.134258776795793722e+01
7.313670000000000000e+09,-4.282202238232457603e-02,-7.137917846533783006e+01
7.313765000000000000e+09,-4.248458190699011539e-02,-7.141455176375552583e+01
7.313860000000000000e+09,-3.993168873270747099e-02,-7.144770960947428762e+01
7.313955000000000000e+09,-3.944569219804350269e-02,-7.148293435183265387e+01
7.314050000000000000e+09,-4.150677526564550135e-02,-7.152070617379328610e+01
7.314145000000000000e+09,-4.303077754222783824e-02,-7.155794091496291287e+01
7.314240000000000000e+09,-3.932874467041358457e-02,-7.158994962098414305e+01
7.314335000000000000e+09,-3.947324515186778626e-02,-7.162580486035862748e+01
7.314430000000000000e+09,-4.432018552144256773e-02,-7.166636253962123249e+01
7.314525000000000000e+09,-3.980257202378822967e-02,-7.169755566501662258e+01
7.314620000000000000e+09,-4.563138752146755905e-02,-7.173909521940734635e+01
7.314715000000000000e+09,-4.433460407756228960e-02,-7.177350917485647130e+01
7.314810000000000000e+09,-4.328762939506702878e-02,-7.180817293906700627e+01
7.314905000000000000e+09,-4.826501977383657049e-02,-7.184886106833916131e+01
7.315000000000000000e+09,-4.347688880493194574e-02,-7.187978367626328691e+01
