# freq_Hz, amplitude_dBm
7.125000000000000000e+09,-9.247320531337840066e+01
7.125063333333333015e+09,-9.230648484304614954e+01
7.125126666666666985e+09,-9.261982712424142505e+01
7.125190000000000000e+09,-9.255127092505406949e+01
7.125253333333333015e+09,-9.282460130567706358e+01
7.125316666666666985e+09,-9.242000368740727367e+01
7.125380000000000000e+09,-9.245484500640030490e+01
7.125443333333333015e+09,-9.248998514666580206e+01
7.125506666666666985e+09,-9.222824595032832917e+01
7.125570000000000000e+09,-9.228777953760653929e+01
7.125633333333333015e+09,-9.239461157386938339e+01
7.125696666666666985e+09,-9.254986203126867395e+01
7.125760000000000000e+09,-9.253073251555278489e+01
7.125823333333333015e+09,-9.262613865445479178e+01
7.125886666666666985e+09,-9.241984502540857704e+01
7.125950000000000000e+09,-9.245970393810534915e+01
7.126013333333333015e+09,-9.253839969837579815e+01
7.126076666666666985e+09,-9.244067793260298060e+01
7.126140000000000000e+09,-9.234544557963083378e+01
7.126203333333333015e+09,-9.248085111152676063e+01
7.126266666666666985e+09,-9.244496914234530038e+01
7.126330000000000000e+09,-9.252521062754071579e+01
7.126393333333333015e+09,-9.260765473483559163e+01
7.126456666666666985e+09,-9.248003611328614681e+01
7.126520000000000000e+09,-9.229972262250655035e+01
7.126583333333333015e+09,-9.262914899256706747e+01
7.126646666666666985e+09,-9.227886823511346392e+01
7.126710000000000000e+09,-9.232148294367662800e+01
7.126773333333333015e+09,-9.238162591229354348e+01
7.126836666666666985e+09,-9.248215847737398576e+01
7.126900000000000000e+09,-9.239128470317807285e+01
7.126963333333333015e+09,-9.235888206213306262e+01
7.127026666666666985e+09,-9.247124264366240709e+01
7.127090000000000000e+09,-9.250422061953754849e+01
7.127153333333333015e+09,-9.248229504317875183e+01
7.127216666666666985e+09,-9.250288818820864378e+01
7.127280000000000000e+09,-9.258798157919756022e+01
7.127343333333333015e+09,-9.230039623822533201e+01
7.127406666666666985e+09,-9.263330260617064482e+01
7.127470000000000000e+09,-9.281531182134196456e+01
7.127533333333333015e+09,-9.249935906487291959e+01
7.127596666666666985e+09,-9.256395421467361473e+01
7.127660000000000000e+09,-9.257184481613387561e+01
7.127723333333333015e+09,-9.244529650009063459e+01
7.127786666666666985e+09,-9.228413635854855102e+01
7.127850000000000000e+09,-9.247523123560897318e+01
7.127913333333333015e+09,-9.237467008353056031e+01
7.127976666666666985e+09,-9.244945310153434548e+01
7.128040000000000000e+09,-9.246938168837240823e+01
7.128103333333333015e+09,-9.248056074390615322e+01
7.128166666666666985e+09,-9.243337224452255896e+01
7.128230000000000000e+09,-9.228580916360242270e+01
7.128293333333333015e+09,-9.215453866501655966e+01
7.128356666666666985e+09,-9.218533674878705142e+01
7.128420000000000000e+09,-9.244768257631091046e+01
7.128483333333333015e+09,-9.275052345449418567e+01
7.128546666666666985e+09,-9.266604503144237981e+01
7.128610000000000000e+09,-9.254803791707277583e+01
7.128673333333333015e+09,-9.232047221472109300e+01
7.128736666666666985e+09,-9.229973352716406509e+01
7.128800000000000000e+09,-9.240742666849942566e+01
7.128863333333333015e+09,-9.243328275190954457e+01
7.128926666666666985e+09,-9.232098864191287646e+01
7.128990000000000000e+09,-9.253839506258991321e+01
7.129053333333333015e+09,-9.239188617339462439e+01
7.129116666666666985e+09,-9.218898544923081317e+01
7.129180000000000000e+09,-9.251598599435453707e+01
7.129243333333333015e+09,-9.237773619522918978e+01
7.129306666666666985e+09,-9.232228952186531501e+01
7.129370000000000000e+09,-9.236882382671312541e+01
7.129433333333333015e+09,-9.229559009438658279e+01
7.129496666666666985e+09,-9.273366454141687143e+01
7.129560000000000000e+09,-9.231765347384981624e+01
7.129623333333333015e+09,-9.249918806506855162e+01
7.129686666666666985e+09,-9.244368320779898340e+01
7.129750000000000000e+09,-9.230133524730041472e+01
7.129813333333333015e+09,-9.230217168158871743e+01
7.129876666666666985e+09,-9.236562565840819161e+01
7.129940000000000000e+09,-9.251695282050957303e+01
7.130003333333333015e+09,-9.259209644951086204e+01
7.130066666666666985e+09,-9.241382771056728984e+01
7.130130000000000000e+09,-9.253751339951188015e+01
7.130193333333333015e+09,-9.214533831896994798e+01
7.130256666666666985e+09,-9.226698207925251438e+01
7.130320000000000000e+09,-9.226081578953612450e+01
7.130383333333333015e+09,-9.222354106424884890e+01
7.130446666666666985e+09,-9.239534886557203208e+01
7.130510000000000000e+09,-9.233638298383925758e+01
7.130573333333333015e+09,-9.227514303842417576e+01
7.130636666666666985e+09,-9.252489040835931178e+01
7.130700000000000000e+09,-9.207499330308255026e+01
7.130763333333333015e+09,-9.255276561603375285e+01
7.130826666666666985e+09,-9.250367164427441935e+01
7.130890000000000000e+09,-9.219127478987523716e+01
7.130953333333333015e+09,-9.229625804534268241e+01
7.131016666666666985e+09,-9.240314910604850240e+01
7.131080000000000000e+09,-9.265457615017412252e+01
7.131143333333333015e+09,-9.207088312234739647e+01
7.131206666666666985e+09,-9.247941148867768391e+01
7.131270000000000000e+09,-9.244859231892498030e+01
7.131333333333333015e+09,-9.257660358622105434e+01
7.131396666666666985e+09,-9.239198545969139786e+01
7.131460000000000000e+09,-9.236213684804152990e+01
7.131523333333333015e+09,-9.243547501104859521e+01
7.131586666666666985e+09,-9.221471005540819021e+01
7.131650000000000000e+09,-9.248045165631582165e+01
7.131713333333333015e+09,-9.232209834893734524e+01
7.131776666666666985e+09,-9.245803476276194033e+01
7.131840000000000000e+09,-9.232508262941378518e+01
7.131903333333333015e+09,-9.265633431114781615e+01
7.131966666666666985e+09,-9.243825664397030550e+01
7.132030000000000000e+09,-9.237406697735814021e+01
7.132093333333333015e+09,-9.237805218125478746e+01
7.132156666666666985e+09,-9.230941308435484416e+01
7.132220000000000000e+09,-9.211808881773970370e+01
7.132283333333333015e+09,-9.220926368650492577e+01
7.132346666666666985e+09,-9.209600510219917169e+01
7.132410000000000000e+09,-9.243613611124196439e+01
7.132473333333333015e+09,-9.246348298863600235e+01
7.132536666666666985e+09,-9.245205930114346415e+01
7.132600000000000000e+09,-9.254979348739381351e+01
7.132663333333333015e+09,-9.238350955669545783e+01
7.132726666666666985e+09,-9.235595860637651811e+01
7.132790000000000000e+09,-9.255877551845630080e+01
7.132853333333333015e+09,-9.247132943904502156e+01
7.132916666666666985e+09,-9.218276418457199384e+01
7.132980000000000000e+09,-9.222050023578461264e+01
7.133043333333333015e+09,-9.217277973151078641e+01
7.133106666666666985e+09,-9.245112625184766841e+01
7.133170000000000000e+09,-9.231919335876818877e+01
7.133233333333333015e+09,-9.204533224092459420e+01
7.133296666666666985e+09,-9.226739987860023007e+01
7.133360000000000000e+09,-9.263512664640744276e+01
7.133423333333333015e+09,-9.208415883642359745e+01
7.133486666666666985e+09,-9.227237059948998876e+01
7.133550000000000000e+09,-9.233254415793200565e+01
7.133613333333333015e+09,-9.235876964276968693e+01
7.133676666666666985e+09,-9.224479476055719829e+01
7.133740000000000000e+09,-9.218154887814682752e+01
7.133803333333333015e+09,-9.220218545397207777e+01
7.133866666666666985e+09,-9.214953002762241852e+01
7.133930000000000000e+09,-9.252617000995317653e+01
7.133993333333333015e+09,-9.235346445251806813e+01
7.134056666666666985e+09,-9.241193968522368607e+01
7.134120000000000000e+09,-9.234579497515716184e+01
7.134183333333333015e+09,-9.241518455414541222e+01
7.134246666666666985e+09,-9.246664186499607752e+01
7.134310000000000000e+09,-9.207463873420245193e+01
7.134373333333333015e+09,-9.227292025180324231e+01
7.134436666666666985e+09,-9.226393854871457734e+01
7.134500000000000000e+09,-9.238479124355660588e+01
7.134563333333333015e+09,-9.208908998326604944e+01
7.134626666666666985e+09,-9.214064133272583490e+01
7.134690000000000000e+09,-9.231926361620296007e+01
7.134753333333333015e+09,-9.227364364044530021e+01
7.134816666666666985e+09,-9.221884199487406875e+01
7.134880000000000000e+09,-9.252482106846957777e+01
7.134943333333333015e+09,-9.203680480729329361e+01
7.135006666666666985e+09,-9.206218720418632984e+01
7.135070000000000000e+09,-9.235494111729080657e+01
7.135133333333333015e+09,-9.220843547099727289e+01
7.135196666666666985e+09,-9.268586910427058001e+01
7.135260000000000000e+09,-9.238241259115696380e+01
7.135323333333333015e+09,-9.235189960697960032e+01
7.135386666666666985e+09,-9.222914335871010394e+01
7.135450000000000000e+09,-9.214745537037134682e+01
7.135513333333333015e+09,-9.251452362287699316e+01
7.135576666666666985e+09,-9.236519064371964305e+01
7.135640000000000000e+09,-9.218987053632309880e+01
7.135703333333333015e+09,-9.245414857906469308e+01
7.135766666666666985e+09,-9.249626500477143054e+01
7.135830000000000000e+09,-9.230548978823917139e+01
7.135893333333333015e+09,-9.229327430616865513e+01
7.135956666666666985e+09,-9.233100287759933167e+01
7.136020000000000000e+09,-9.212164427305728509e+01
7.136083333333333015e+09,-9.231310262066196515e+01
7.136146666666666985e+09,-9.226286083123579829e+01
7.136210000000000000e+09,-9.242410387961983531e+01
7.136273333333333015e+09,-9.218510639655468708e+01
7.136336666666666985e+09,-9.219135760531227675e+01
7.136400000000000000e+09,-9.231873786785294556e+01
7.136463333333333015e+09,-9.233635641512358916e+01
7.136526666666666985e+09,-9.253521703252175712e+01
7.136590000000000000e+09,-9.245105984548955291e+01
7.136653333333333015e+09,-9.227483494622867966e+01
7.136716666666666985e+09,-9.248357103165244553e+01
7.136780000000000000e+09,-9.224242048949022887e+01
7.136843333333333015e+09,-9.226786189012889849e+01
7.136906666666666985e+09,-9.226017933168016327e+01
7.136970000000000000e+09,-9.254178604205512215e+01
7.137033333333333015e+09,-9.251482143435123362e+01
7.137096666666666985e+09,-9.213211307708442632e+01
7.137160000000000000e+09,-9.224958672983007091e+01
7.137223333333333015e+09,-9.224105585305733257e+01
7.137286666666666985e+09,-9.235118245129490333e+01
7.137350000000000000e+09,-9.236206111373753913e+01
7.137413333333333015e+09,-9.219084811557760872e+01
7.137476666666666985e+09,-9.229627566447445020e+01
7.137540000000000000e+09,-9.248489031396870530e+01
7.137603333333333015e+09,-9.240718612431919610e+01
7.137666666666666985e+09,-9.232559314234590886e+01
7.137730000000000000e+09,-9.246041710904137290e+01
7.137793333333333015e+09,-9.215123579085729943e+01
7.137856666666666985e+09,-9.239300221166533333e+01
7.137920000000000000e+09,-9.226150497013760798e+01
7.137983333333333015e+09,-9.221274684672431476e+01
7.138046666666666985e+09,-9.218229921857145825e+01
7.138110000000000000e+09,-9.204219344227161059e+01
7.138173333333333015e+09,-9.220981938507426889e+01
7.138236666666666985e+09,-9.218312017571697936e+01
7.138300000000000000e+09,-9.246171734831504807e+01
7.138363333333333015e+09,-9.232515650209845148e+01
7.138426666666666985e+09,-9.209088083585874074e+01
7.138490000000000000e+09,-9.231782330727162389e+01
7.138553333333333015e+09,-9.223085215458678476e+01
7.138616666666666985e+09,-9.232308142787225336e+01
7.138680000000000000e+09,-9.249559212716224010e+01
7.138743333333333015e+09,-9.229046794398961140e+01
7.138806666666666985e+09,-9.244009537253320730e+01
7.138870000000000000e+09,-9.230821706154929984e+01
7.138933333333333015e+09,-9.226250813938915485e+01
7.138996666666666985e+09,-9.230519505077175779e+01
7.139060000000000000e+09,-9.236731802713703132e+01
7.139123333333333015e+09,-9.236911800452836019e+01
7.139186666666666985e+09,-9.220095638957373296e+01
7.139250000000000000e+09,-9.233594688659283634e+01
7.139313333333333015e+09,-9.247470921589706450e+01
7.139376666666666985e+09,-9.245662254851062301e+01
7.139440000000000000e+09,-9.212270065349477477e+01
7.139503333333333015e+09,-9.212972867553610001e+01
7.139566666666666985e+09,-9.216303754458530761e+01
7.139630000000000000e+09,-9.204967153083360643e+01
7.139693333333333015e+09,-9.210909736836424599e+01
7.139756666666666985e+09,-9.234929239738332285e+01
7.139820000000000000e+09,-9.225612031648770994e+01
7.139883333333333015e+09,-9.230724483598513075e+01
7.139946666666666985e+09,-9.217148642126085178e+01
7.140010000000000000e+09,-9.243039290749776171e+01
7.140073333333333015e+09,-9.249128914400296253e+01
7.140136666666666985e+09,-9.241108192428158929e+01
7.140200000000000000e+09,-9.250146996453503334e+01
7.140263333333333015e+09,-9.229028781157009576e+01
7.140326666666666985e+09,-9.242206864871248229e+01
7.140390000000000000e+09,-9.235111657481924397e+01
7.140453333333333015e+09,-9.252930283286170265e+01
7.140516666666666985e+09,-9.200506640710115391e+01
7.140580000000000000e+09,-9.235437908338526825e+01
7.140643333333333015e+09,-9.222462646084335347e+01
7.140706666666666985e+09,-9.235395403063860442e+01
7.140770000000000000e+09,-9.212425901704932585e+01
7.140833333333333015e+09,-9.193430473169470929e+01
7.140896666666666985e+09,-9.237476162449797812e+01
7.140960000000000000e+09,-9.246887600867367496e+01
7.141023333333333015e+09,-9.212038307249815716e+01
7.141086666666666985e+09,-9.233507131279847613e+01
7.141150000000000000e+09,-9.249449129487456389e+01
7.141213333333333015e+09,-9.221980894739205326e+01
7.141276666666666985e+09,-9.242310615896917625e+01
7.141340000000000000e+09,-9.202890613712565937e+01
7.141403333333333015e+09,-9.228909268740595451e+01
7.141466666666666985e+09,-9.243146566230926453e+01
7.141530000000000000e+09,-9.232271610879080015e+01
7.141593333333333015e+09,-9.259958070925293327e+01
7.141656666666666985e+09,-9.259120409861910161e+01
7.141720000000000000e+09,-9.229508828597865033e+01
7.141783333333333015e+09,-9.238355111657641316e+01
7.141846666666666985e+09,-9.196520103039793526e+01
7.141910000000000000e+09,-9.231358032985031059e+01
7.141973333333333015e+09,-9.231131232545348553e+01
7.142036666666666985e+09,-9.243840593827962948e+01
7.142100000000000000e+09,-9.240567001940620173e+01
7.142163333333333015e+09,-9.220764269272638103e+01
7.142226666666666985e+09,-9.231475735419755324e+01
7.142290000000000000e+09,-9.222804781526906481e+01
7.142353333333333015e+09,-9.226527834906134728e+01
7.142416666666666985e+09,-9.232984035031306291e+01
7.142480000000000000e+09,-9.226267724971563666e+01
7.142543333333333015e+09,-9.236941720314047188e+01
7.142606666666666985e+09,-9.237475116353920157e+01
7.142670000000000000e+09,-9.245132596478688924e+01
7.142733333333333015e+09,-9.238924827588979838e+01
7.142796666666666985e+09,-9.237141604773219683e+01
7.142860000000000000e+09,-9.229762308578574448e+01
7.142923333333333015e+09,-9.245183157664786222e+01
7.142986666666666985e+09,-9.224857203054790489e+01
7.143050000000000000e+09,-9.233882650407309711e+01
7.143113333333333015e+09,-9.232193853168431019e+01
7.143176666666666985e+09,-9.230961564801725672e+01
7.143240000000000000e+09,-9.255569115711045924e+01
7.143303333333333015e+09,-9.223436031137958935e+01
7.143366666666666985e+09,-9.219837666477395999e+01
7.143430000000000000e+09,-9.204953084927706186e+01
7.143493333333333015e+09,-9.242370072192343855e+01
7.143556666666666985e+09,-9.267907592786770010e+01
7.143620000000000000e+09,-9.229446634173484654e+01
7.143683333333333015e+09,-9.212660938262109767e+01
7.143746666666666985e+09,-9.215351192044940376e+01
7.143810000000000000e+09,-9.210014435792763265e+01
7.143873333333333015e+09,-9.209620365468146019e+01
7.143936666666666985e+09,-9.221941463661238458e+01
7.144000000000000000e+09,-9.225546123884848271e+01
7.144063333333333015e+09,-9.216700383474631053e+01
7.144126666666666985e+09,-9.223740389321397970e+01
7.144190000000000000e+09,-9.221105546789286223e+01
7.144253333333333015e+09,-9.226119540593109036e+01
7.144316666666666985e+09,-9.230588934850052851e+01
7.144380000000000000e+09,-9.226305533419066762e+01
7.144443333333333015e+09,-9.234839855482147186e+01
7.144506666666666985e+09,-9.217413334390036539e+01
7.144570000000000000e+09,-9.223700217149740865e+01
7.144633333333333015e+09,-9.223658082695945382e+01
7.144696666666666985e+09,-9.195091687009997372e+01
7.144760000000000000e+09,-9.226329939322403106e+01
7.144823333333333015e+09,-9.212535282333739417e+01
7.144886666666666985e+09,-9.218809647588170719e+01
7.144950000000000000e+09,-9.222674639551770781e+01
7.145013333333333015e+09,-9.228994592869575797e+01
7.145076666666666985e+09,-9.240434698160910898e+01
7.145140000000000000e+09,-9.224176997448964244e+01
7.145203333333333015e+09,-9.227063472226811314e+01
7.145266666666666985e+09,-9.198932792531522296e+01
7.145330000000000000e+09,-9.228115011683482294e+01
7.145393333333333015e+09,-9.204985738847362597e+01
7.145456666666666985e+09,-9.224817549755522350e+01
7.145520000000000000e+09,-9.243361041173834280e+01
7.145583333333333015e+09,-9.229511515454296955e+01
7.145646666666666985e+09,-9.236144812838810481e+01
7.145710000000000000e+09,-9.239058960574359958e+01
7.145773333333333015e+09,-9.213519058987856170e+01
7.145836666666666985e+09,-9.237381464730358971e+01
7.145900000000000000e+09,-9.242727867406273390e+01
7.145963333333333015e+09,-9.224662451866734614e+01
7.146026666666666985e+09,-9.203479026320964351e+01
7.146090000000000000e+09,-9.248178532992510270e+01
7.146153333333333015e+09,-9.221335961786003566e+01
7.146216666666666985e+09,-9.259288123083528887e+01
7.146280000000000000e+09,-9.226827071383794987e+01
7.146343333333333015e+09,-9.248539919290615785e+01
7.146406666666666985e+09,-9.234366265248687000e+01
7.146470000000000000e+09,-9.228409793466846622e+01
7.146533333333333015e+09,-9.234279582127240360e+01
7.146596666666666985e+09,-9.233591530902920397e+01
7.146660000000000000e+09,-9.235318029310887766e+01
7.146723333333333015e+09,-9.229506175074298824e+01
7.146786666666666985e+09,-9.232758602553886362e+01
7.146850000000000000e+09,-9.249530048345705779e+01
7.146913333333333015e+09,-9.245887482883780706e+01
7.146976666666666985e+09,-9.226438197102646654e+01
7.147040000000000000e+09,-9.240844126074284759e+01
7.147103333333333015e+09,-9.231130485865205060e+01
7.147166666666666985e+09,-9.238374670941828981e+01
7.147230000000000000e+09,-9.230443399385691805e+01
7.147293333333333015e+09,-9.217420234338675300e+01
7.147356666666666985e+09,-9.217842109173824383e+01
7.147420000000000000e+09,-9.252220654651137011e+01
7.147483333333333015e+09,-9.234366326487146637e+01
7.147546666666666985e+09,-9.217543014748933672e+01
7.147610000000000000e+09,-9.214501848557189589e+01
7.147673333333333015e+09,-9.263257952991169475e+01
7.147736666666666985e+09,-9.242334798935959839e+01
7.147800000000000000e+09,-9.245456636139965667e+01
7.147863333333333015e+09,-9.220309967237002979e+01
7.147926666666666985e+09,-9.265076245891128792e+01
7.147990000000000000e+09,-9.229629179378096637e+01
7.148053333333333015e+09,-9.231329107556491920e+01
7.148116666666666985e+09,-9.222740900570018141e+01
7.148180000000000000e+09,-9.268641526912301742e+01
7.148243333333333015e+09,-9.263527173038093565e+01
7.148306666666666985e+09,-9.238380357969121803e+01
7.148370000000000000e+09,-9.282921908752221896e+01
7.148433333333333015e+09,-9.271918513040748167e+01
7.148496666666666985e+09,-9.291943320014885899e+01
7.148560000000000000e+09,-9.343771027256254058e+01
7.148623333333333015e+09,-9.334863962163228734e+01
7.148686666666666985e+09,-9.377301557788713637e+01
7.148750000000000000e+09,-9.418035801407356189e+01
7.148813333333333015e+09,-9.656374119860399219e+01
7.148876666666666985e+09,-9.634881180878903706e+01
7.148940000000000000e+09,-9.311335911125320308e+01
7.149003333333333015e+09,-9.284016485218130299e+01
7.149066666666666985e+09,-9.250192955018455621e+01
7.149130000000000000e+09,-9.253532499046232829e+01
7.149193333333333015e+09,-9.202830115899693908e+01
7.149256666666666985e+09,-9.252677350754005658e+01
7.149320000000000000e+09,-9.221794895020236993e+01
7.149383333333333015e+09,-9.209393321637763563e+01
7.149446666666666985e+09,-9.246336849885886977e+01
7.149510000000000000e+09,-9.219791395044966009e+01
7.149573333333333015e+09,-9.221027561583352394e+01
7.149636666666666985e+09,-9.217879740368472596e+01
7.149700000000000000e+09,-9.218412624615886841e+01
7.149763333333333015e+09,-9.232922837986697573e+01
7.149826666666666985e+09,-9.225845316157463571e+01
7.149890000000000000e+09,-9.220626462890547259e+01
7.149953333333333015e+09,-9.234751622053765630e+01
7.150016666666666985e+09,-9.220110091134415597e+01
7.150080000000000000e+09,-9.228876479839374269e+01
7.150143333333333015e+09,-9.211483184124369927e+01
7.150206666666666985e+09,-9.241341960649563703e+01
7.150270000000000000e+09,-9.227672719282398361e+01
7.150333333333333015e+09,-9.216619306934106248e+01
7.150396666666666985e+09,-9.253666738485446785e+01
7.150460000000000000e+09,-9.213363162285986618e+01
7.150523333333333015e+09,-9.216177907127972446e+01
7.150586666666666985e+09,-9.259135978709542769e+01
7.150650000000000000e+09,-9.227541064705437179e+01
7.150713333333333015e+09,-9.210640932515789814e+01
7.150776666666666985e+09,-9.215220778392291834e+01
7.150840000000000000e+09,-9.205198876160041266e+01
7.150903333333333015e+09,-9.230738843738257060e+01
7.150966666666666985e+09,-9.206677154724221168e+01
7.151030000000000000e+09,-9.261579150625708223e+01
7.151093333333333015e+09,-9.202033028436780171e+01
7.151156666666666985e+09,-9.233027380286328878e+01
7.151220000000000000e+09,-9.217715885787427510e+01
7.151283333333333015e+09,-9.214586804578699741e+01
7.151346666666666985e+09,-9.223180798542202297e+01
7.151410000000000000e+09,-9.244616707588265569e+01
7.151473333333333015e+09,-9.233563311032068555e+01
7.151536666666666985e+09,-9.204881545997315584e+01
7.151600000000000000e+09,-9.208397046784955364e+01
7.151663333333333015e+09,-9.230429209526721479e+01
7.151726666666666985e+09,-9.208647555031653553e+01
7.151790000000000000e+09,-9.224580289054020454e+01
7.151853333333333015e+09,-9.244525129406162023e+01
7.151916666666666985e+09,-9.210369769218249303e+01
7.151980000000000000e+09,-9.248392425146005280e+01
7.152043333333333015e+09,-9.233550618217364558e+01
7.152106666666666985e+09,-9.201570788696369618e+01
7.152170000000000000e+09,-9.230735365713195506e+01
7.152233333333333015e+09,-9.245186763630108828e+01
7.152296666666666985e+09,-9.193655914136228091e+01
7.152360000000000000e+09,-9.220086022429885020e+01
7.152423333333333015e+09,-9.204289674653536224e+01
7.152486666666666985e+09,-9.233864595731571967e+01
7.152550000000000000e+09,-9.226111841682966030e+01
7.152613333333333015e+09,-9.233821286781142135e+01
7.152676666666666985e+09,-9.241012979038579545e+01
7.152740000000000000e+09,-9.219475119366533988e+01
7.152803333333333015e+09,-9.219835826308339222e+01
7.152866666666666985e+09,-9.206478150733570942e+01
7.152930000000000000e+09,-9.199285444503914277e+01
7.152993333333333015e+09,-9.198353675183756195e+01
7.153056666666666985e+09,-9.246107264627971745e+01
7.153120000000000000e+09,-9.203459179271220592e+01
7.153183333333333015e+09,-9.217895243560639074e+01
7.153246666666666985e+09,-9.258904813514740795e+01
7.153310000000000000e+09,-9.247322186785565634e+01
7.153373333333333015e+09,-9.203147741527931203e+01
7.153436666666666985e+09,-9.249599897215092881e+01
7.153500000000000000e+09,-9.217842369346269038e+01
7.153563333333333015e+09,-9.241822440252299486e+01
7.153626666666666985e+09,-9.221283667052938426e+01
7.153690000000000000e+09,-9.245010125192102635e+01
7.153753333333333015e+09,-9.214473504706013784e+01
7.153816666666666985e+09,-9.213436123584367010e+01
7.153880000000000000e+09,-9.246701549174618151e+01
7.153943333333333015e+09,-9.252251351178455252e+01
7.154006666666666985e+09,-9.227294627632333857e+01
7.154070000000000000e+09,-9.256705620212630947e+01
7.154133333333333015e+09,-9.230263281768108641e+01
7.154196666666666985e+09,-9.230304211311408835e+01
7.154260000000000000e+09,-9.199933997899063343e+01
7.154323333333333015e+09,-9.221676496290334057e+01
7.154386666666666985e+09,-9.234241485957400641e+01
7.154450000000000000e+09,-9.236582760588554208e+01
7.154513333333333015e+09,-9.231957154504014795e+01
7.154576666666666985e+09,-9.209185895897837781e+01
7.154640000000000000e+09,-9.235380308215523826e+01
7.154703333333333015e+09,-9.221011027706397556e+01
7.154766666666666985e+09,-9.201665490604015929e+01
7.154830000000000000e+09,-9.216004476312961913e+01
7.154893333333333015e+09,-9.189338643157481101e+01
7.154956666666666985e+09,-9.235694174006033563e+01
7.155020000000000000e+09,-9.237127373564658228e+01
7.155083333333333015e+09,-9.220791321008049124e+01
7.155146666666666985e+09,-9.247117589226303380e+01
7.155210000000000000e+09,-9.195076503004607105e+01
7.155273333333333015e+09,-9.231120745013535611e+01
7.155336666666666985e+09,-9.241174264023013052e+01
7.155400000000000000e+09,-9.240466796671694283e+01
7.155463333333333015e+09,-9.224760908677403393e+01
7.155526666666666985e+09,-9.224883641553810776e+01
7.155590000000000000e+09,-9.238002225603381135e+01
7.155653333333333015e+09,-9.250481670647891974e+01
7.155716666666666985e+09,-9.229740462311832516e+01
7.155780000000000000e+09,-9.238370167286257129e+01
7.155843333333333015e+09,-9.225017332959291139e+01
7.155906666666666985e+09,-9.232575109920753675e+01
7.155970000000000000e+09,-9.233577335955699539e+01
7.156033333333333015e+09,-9.227219371363814560e+01
7.156096666666666985e+09,-9.229634067124088403e+01
7.156160000000000000e+09,-9.226628702782811331e+01
7.156223333333333015e+09,-9.239539078478117062e+01
7.156286666666666985e+09,-9.207493584682275412e+01
7.156350000000000000e+09,-9.229974433075163631e+01
7.156413333333333015e+09,-9.221529834440795526e+01
7.156476666666666985e+09,-9.218568399855115558e+01
7.156540000000000000e+09,-9.221605549091179910e+01
7.156603333333333015e+09,-9.250808218744104749e+01
7.156666666666666985e+09,-9.224793073406758026e+01
7.156730000000000000e+09,-9.239710124819707460e+01
7.156793333333333015e+09,-9.246666960509224964e+01
7.156856666666666985e+09,-9.215894605081885516e+01
7.156920000000000000e+09,-9.197721777407750210e+01
7.156983333333333015e+09,-9.268650963183475255e+01
7.157046666666666985e+09,-9.240982836168166159e+01
7.157110000000000000e+09,-9.225060759925378306e+01
7.157173333333333015e+09,-9.221741688291012906e+01
7.157236666666666985e+09,-9.234478003612066743e+01
7.157300000000000000e+09,-9.224530451464281100e+01
7.157363333333333015e+09,-9.212338524989797861e+01
7.157426666666666985e+09,-9.221713349454070396e+01
7.157490000000000000e+09,-9.206931344179093912e+01
7.157553333333333015e+09,-9.210052549436809954e+01
7.157616666666666985e+09,-9.206639288017663603e+01
7.157680000000000000e+09,-9.211403704295756256e+01
7.157743333333333015e+09,-9.209523614399748226e+01
7.157806666666666985e+09,-9.232830229199008443e+01
7.157870000000000000e+09,-9.208064064259244219e+01
7.157933333333333015e+09,-9.235228803282910803e+01
7.157996666666666985e+09,-9.247874374445410695e+01
7.158060000000000000e+09,-9.229604037999487787e+01
7.158123333333333015e+09,-9.231587270100766318e+01
7.158186666666666985e+09,-9.239008593710445894e+01
7.158250000000000000e+09,-9.236440783509193864e+01
7.158313333333333015e+09,-9.222299453423742932e+01
7.158376666666666985e+09,-9.214315182469130150e+01
7.158440000000000000e+09,-9.225646047627299140e+01
7.158503333333333015e+09,-9.216383763675813157e+01
7.158566666666666985e+09,-9.255753297421804859e+01
7.158630000000000000e+09,-9.235946598551839770e+01
7.158693333333333015e+09,-9.229014113934636043e+01
7.158756666666666985e+09,-9.215588618030767520e+01
7.158820000000000000e+09,-9.242308227600311454e+01
7.158883333333333015e+09,-9.220638970759426911e+01
7.158946666666666985e+09,-9.217075423014263436e+01
7.159010000000000000e+09,-9.219089771201451811e+01
7.159073333333333015e+09,-9.216881162413801576e+01
7.159136666666666985e+09,-9.206658179572391987e+01
7.159200000000000000e+09,-9.226776476133204596e+01
7.159263333333333015e+09,-9.223639143064235668e+01
7.159326666666666985e+09,-9.252660276089017088e+01
7.159390000000000000e+09,-9.230861854284751189e+01
7.159453333333333015e+09,-9.229335506393253752e+01
7.159516666666666985e+09,-9.230132640749619100e+01
7.159580000000000000e+09,-9.212665085601871340e+01
7.159643333333333015e+09,-9.250536634455033891e+01
7.159706666666666985e+09,-9.236422705788757526e+01
7.159770000000000000e+09,-9.240589340482745229e+01
7.159833333333333015e+09,-9.229488817028939707e+01
7.159896666666666985e+09,-9.226844157136278568e+01
7.159960000000000000e+09,-9.225031841569416713e+01
7.160023333333333015e+09,-9.238674334396989707e+01
7.160086666666666985e+09,-9.230146928945730167e+01
7.160150000000000000e+09,-9.242324382220955670e+01
7.160213333333333015e+09,-9.230935477701495984e+01
7.160276666666666985e+09,-9.226349928980668835e+01
7.160340000000000000e+09,-9.234223216045612048e+01
7.160403333333333015e+09,-9.251541479748260599e+01
7.160466666666666985e+09,-9.237399554848155958e+01
7.160530000000000000e+09,-9.216664883110655637e+01
7.160593333333333015e+09,-9.215958096056738214e+01
7.160656666666666985e+09,-9.202229402300324068e+01
7.160720000000000000e+09,-9.235436428921084939e+01
7.160783333333333015e+09,-9.219760190068339512e+01
7.160846666666666985e+09,-9.221279729161047101e+01
7.160910000000000000e+09,-9.222849550764101423e+01
7.160973333333333015e+09,-9.232106806678001476e+01
7.161036666666666985e+09,-9.234651775983058997e+01
7.161100000000000000e+09,-9.245230039556325607e+01
7.161163333333333015e+09,-9.212529575654207292e+01
7.161226666666666985e+09,-9.257531798067240913e+01
7.161290000000000000e+09,-9.227776229440600275e+01
7.161353333333333015e+09,-9.234899231398487984e+01
7.161416666666666985e+09,-9.238208850101673875e+01
7.161480000000000000e+09,-9.227522171698987563e+01
7.161543333333333015e+09,-9.240491194340897607e+01
7.161606666666666985e+09,-9.212363560125852757e+01
7.161670000000000000e+09,-9.246293480521737251e+01
7.161733333333333015e+09,-9.213381785012366265e+01
7.161796666666666985e+09,-9.250577076203384763e+01
7.161860000000000000e+09,-9.242747824829052661e+01
7.161923333333333015e+09,-9.232172239929758462e+01
7.161986666666666985e+09,-9.252783531132430994e+01
7.162050000000000000e+09,-9.233218704869733529e+01
7.162113333333333015e+09,-9.218866963356140332e+01
7.162176666666666985e+09,-9.238377055346020938e+01
7.162240000000000000e+09,-9.224418747562648946e+01
7.162303333333333015e+09,-9.238548821668480571e+01
7.162366666666666985e+09,-9.240742724452294965e+01
7.162430000000000000e+09,-9.236019584289252293e+01
7.162493333333333015e+09,-9.230745611941783579e+01
7.162556666666666985e+09,-9.222300979308806745e+01
7.162620000000000000e+09,-9.242370717700354987e+01
7.162683333333333015e+09,-9.268405790355251384e+01
7.162746666666666985e+09,-9.240361833796909252e+01
7.162810000000000000e+09,-9.234829897744135963e+01
7.162873333333333015e+09,-9.254691019656092976e+01
7.162936666666666985e+09,-9.244629175788844577e+01
7.163000000000000000e+09,-9.255331942579408633e+01
7.163063333333333015e+09,-9.218911672356895792e+01
7.163126666666666985e+09,-9.237249437777404637e+01
7.163190000000000000e+09,-9.243538211777151048e+01
7.163253333333333015e+09,-9.237933551482751682e+01
7.163316666666666985e+09,-9.231653367369617058e+01
7.163380000000000000e+09,-9.222190456900230515e+01
7.163443333333333015e+09,-9.220061627356570000e+01
7.163506666666666985e+09,-9.258925834450847958e+01
7.163570000000000000e+09,-9.235783379032110929e+01
7.163633333333333015e+09,-9.241176550623015373e+01
7.163696666666666985e+09,-9.252417443099774630e+01
7.163760000000000000e+09,-9.261288969577759644e+01
7.163823333333333015e+09,-9.242591277641864167e+01
7.163886666666666985e+09,-9.244697372501299526e+01
7.163950000000000000e+09,-9.248780885427237308e+01
7.164013333333333015e+09,-9.269623184823656459e+01
7.164076666666666985e+09,-9.228056819949458145e+01
7.164140000000000000e+09,-9.255794443206758615e+01
7.164203333333333015e+09,-9.212320906323606096e+01
7.164266666666666985e+09,-9.274646122238095813e+01
7.164330000000000000e+09,-9.239208956160692310e+01
7.164393333333333015e+09,-9.272028847344964220e+01
7.164456666666666985e+09,-9.231124136112286749e+01
7.164520000000000000e+09,-9.241852289031479017e+01
7.164583333333333015e+09,-9.272938129414828268e+01
7.164646666666666985e+09,-9.227235695406440641e+01
7.164710000000000000e+09,-9.253994823742985432e+01
7.164773333333333015e+09,-9.253610337946432196e+01
7.164836666666666985e+09,-9.255433471426533742e+01
7.164900000000000000e+09,-9.234258542511295786e+01
7.164963333333333015e+09,-9.230113575824776717e+01
7.165026666666666985e+09,-9.230451560556959123e+01
7.165090000000000000e+09,-9.222710840652185027e+01
7.165153333333333015e+09,-9.265116667278540774e+01
7.165216666666666985e+09,-9.242845045884834576e+01
7.165280000000000000e+09,-9.219659695794605625e+01
7.165343333333333015e+09,-9.248893749025525324e+01
7.165406666666666985e+09,-9.260446489266345793e+01
7.165470000000000000e+09,-9.254270959828120624e+01
7.165533333333333015e+09,-9.227942359905149772e+01
7.165596666666666985e+09,-9.255510306289326650e+01
7.165660000000000000e+09,-9.246046113445811443e+01
7.165723333333333015e+09,-9.279104347760022620e+01
7.165786666666666985e+09,-9.256799365069159080e+01
7.165850000000000000e+09,-9.228795139944270431e+01
7.165913333333333015e+09,-9.229170407606559934e+01
7.165976666666666985e+09,-9.255900167792383115e+01
7.166040000000000000e+09,-9.224533417320131434e+01
7.166103333333333015e+09,-9.211073144876189644e+01
7.166166666666666985e+09,-9.240814403942847832e+01
7.166230000000000000e+09,-9.278606471652449272e+01
7.166293333333333015e+09,-9.238980118983036505e+01
7.166356666666666985e+09,-9.281810148381502756e+01
7.166420000000000000e+09,-9.258863760117770880e+01
7.166483333333333015e+09,-9.222921153093784596e+01
7.166546666666666985e+09,-9.258416941586233406e+01
7.166610000000000000e+09,-9.256807217271891375e+01
7.166673333333333015e+09,-9.235930912511427948e+01
7.166736666666666985e+09,-9.248750703664219941e+01
7.166800000000000000e+09,-9.252992231251853639e+01
7.166863333333333015e+09,-9.249794939000089755e+01
7.166926666666666985e+09,-9.248350566071066226e+01
7.166990000000000000e+09,-9.222320192101717851e+01
7.167053333333333015e+09,-9.251672353861577847e+01
7.167116666666666985e+09,-9.249013689054878284e+01
7.167180000000000000e+09,-9.240775103455735007e+01
7.167243333333333015e+09,-9.247748771651180277e+01
7.167306666666666985e+09,-9.245969847681885767e+01
7.167370000000000000e+09,-9.243144462033521336e+01
7.167433333333333015e+09,-9.256171426730134044e+01
7.167496666666666985e+09,-9.232013461511832020e+01
7.167560000000000000e+09,-9.232467520207011091e+01
7.167623333333333015e+09,-9.239607412458320823e+01
7.167686666666666985e+09,-9.219961772546368195e+01
7.167750000000000000e+09,-9.214022184246525171e+01
7.167813333333333015e+09,-9.243886476030661470e+01
7.167876666666666985e+09,-9.260694992325348096e+01
7.167940000000000000e+09,-9.277433729118114059e+01
7.168003333333333015e+09,-9.255449254146364524e+01
7.168066666666666985e+09,-9.224101254475030487e+01
7.168130000000000000e+09,-9.256719180360246924e+01
7.168193333333333015e+09,-9.245247256960081472e+01
7.168256666666666985e+09,-9.246407203387755658e+01
7.168320000000000000e+09,-9.245676964400219333e+01
7.168383333333333015e+09,-9.240211526102086737e+01
7.168446666666666985e+09,-9.260362448809068781e+01
7.168510000000000000e+09,-9.257782583415655608e+01
7.168573333333333015e+09,-9.259734077060483060e+01
7.168636666666666985e+09,-9.239828078475875373e+01
7.168700000000000000e+09,-9.252814820259689554e+01
7.168763333333333015e+09,-9.269897257506700328e+01
7.168826666666666985e+09,-9.237318953571599423e+01
7.168890000000000000e+09,-9.228596970908253638e+01
7.168953333333333015e+09,-9.233015504426265352e+01
7.169016666666666985e+09,-9.238638604750309469e+01
7.169080000000000000e+09,-9.252080444520743185e+01
7.169143333333333015e+09,-9.245712504772390616e+01
7.169206666666666985e+09,-9.233089237888292189e+01
7.169270000000000000e+09,-9.262593857603428660e+01
7.169333333333333015e+09,-9.245351312421797729e+01
7.169396666666666985e+09,-9.257267650868135433e+01
7.169460000000000000e+09,-9.243294941812476395e+01
7.169523333333333015e+09,-9.258927529600192941e+01
7.169586666666666985e+09,-9.255948801423706129e+01
7.169650000000000000e+09,-9.242953514024505068e+01
7.169713333333333015e+09,-9.245009782865864167e+01
7.169776666666666985e+09,-9.237146121350690464e+01
7.169840000000000000e+09,-9.230938269637920257e+01
7.169903333333333015e+09,-9.226493698730499204e+01
7.169966666666666985e+09,-9.252419582600697368e+01
7.170030000000000000e+09,-9.217803293327294512e+01
7.170093333333333015e+09,-9.250303716621633043e+01
7.170156666666666985e+09,-9.239485243582370799e+01
7.170220000000000000e+09,-9.247121105763662285e+01
7.170283333333333015e+09,-9.251399619525642493e+01
7.170346666666666985e+09,-9.249478255196282817e+01
7.170410000000000000e+09,-9.230063858301878099e+01
7.170473333333333015e+09,-9.230537154065271466e+01
7.170536666666666985e+09,-9.231658284277216353e+01
7.170600000000000000e+09,-9.238781207780199622e+01
7.170663333333333015e+09,-9.234058376217846842e+01
7.170726666666666985e+09,-9.220276960195928950e+01
7.170790000000000000e+09,-9.254220223647840271e+01
7.170853333333333015e+09,-9.241318715959025099e+01
7.170916666666666985e+09,-9.263109788541727596e+01
7.170980000000000000e+09,-9.264597763791100249e+01
7.171043333333333015e+09,-9.244005862441113663e+01
7.171106666666666985e+09,-9.254317766901691300e+01
7.171170000000000000e+09,-9.255083444608858656e+01
7.171233333333333015e+09,-9.267238245931622487e+01
7.171296666666666985e+09,-9.222213908198878585e+01
7.171360000000000000e+09,-9.241791608534057900e+01
7.171423333333333015e+09,-9.257560948457047800e+01
7.171486666666666985e+09,-9.253192870558183358e+01
7.171550000000000000e+09,-9.265909212498698366e+01
7.171613333333333015e+09,-9.284772400613343279e+01
7.171676666666666985e+09,-9.267472280133283391e+01
7.171740000000000000e+09,-9.243234699564072798e+01
7.171803333333333015e+09,-9.243407545271966796e+01
7.171866666666666985e+09,-9.237521413224948219e+01
7.171930000000000000e+09,-9.243440810452520395e+01
7.171993333333333015e+09,-9.268913724950678557e+01
7.172056666666666985e+09,-9.268130075662284639e+01
7.172120000000000000e+09,-9.240022084521547185e+01
7.172183333333333015e+09,-9.268870047204637785e+01
7.172246666666666985e+09,-9.273613419241007705e+01
7.172310000000000000e+09,-9.231355077136822729e+01
7.172373333333333015e+09,-9.258562273362932160e+01
7.172436666666666985e+09,-9.223947712803968102e+01
7.172500000000000000e+09,-9.238352227412838147e+01
7.172563333333333015e+09,-9.262807523063200676e+01
7.172626666666666985e+09,-9.252231350932288478e+01
7.172690000000000000e+09,-9.221013924955059338e+01
7.172753333333333015e+09,-9.238671276259813681e+01
7.172816666666666985e+09,-9.229466534066469308e+01
7.172880000000000000e+09,-9.259425666711599945e+01
7.172943333333333015e+09,-9.257763479224021808e+01
7.173006666666666985e+09,-9.256489340031812674e+01
7.173070000000000000e+09,-9.228873997441594668e+01
7.173133333333333015e+09,-9.276623258033247055e+01
7.173196666666666985e+09,-9.232742831655448867e+01
7.173260000000000000e+09,-9.237057920349599272e+01
7.173323333333333015e+09,-9.239218619268029897e+01
7.173386666666666985e+09,-9.250733608017600318e+01
7.173450000000000000e+09,-9.260667714893142488e+01
7.173513333333333015e+09,-9.246189734636266166e+01
7.173576666666666985e+09,-9.251809973378611573e+01
7.173640000000000000e+09,-9.260920974909892323e+01
7.173703333333333015e+09,-9.231245679667568993e+01
7.173766666666666985e+09,-9.238070607904595022e+01
7.173830000000000000e+09,-9.269562099483103168e+01
7.173893333333333015e+09,-9.305228087554482386e+01
7.173956666666666985e+09,-9.235403975602520177e+01
7.174020000000000000e+09,-9.274750984585644176e+01
7.174083333333333015e+09,-9.248618003953465916e+01
7.174146666666666985e+09,-9.257781821580395842e+01
7.174210000000000000e+09,-9.250125425641115839e+01
7.174273333333333015e+09,-9.252655367971163969e+01
7.174336666666666985e+09,-9.254622784946612057e+01
7.174400000000000000e+09,-9.243908268245071724e+01
7.174463333333333015e+09,-9.264070559164308349e+01
7.174526666666666985e+09,-9.241466807951537987e+01
7.174590000000000000e+09,-9.251283858792474746e+01
7.174653333333333015e+09,-9.234441739233201929e+01
7.174716666666666985e+09,-9.266566352915270954e+01
7.174780000000000000e+09,-9.244813796776983850e+01
7.174843333333333015e+09,-9.249520094516623203e+01
7.174906666666666985e+09,-9.262987117832037143e+01
7.174970000000000000e+09,-9.266825925188226165e+01
7.175033333333333015e+09,-9.239323586554617407e+01
7.175096666666666985e+09,-9.249960498201244263e+01
7.175160000000000000e+09,-9.239671001785659143e+01
7.175223333333333015e+09,-9.241063829235784510e+01
7.175286666666666985e+09,-9.263433688197989113e+01
7.175350000000000000e+09,-9.252936831807994622e+01
7.175413333333333015e+09,-9.255374064037431481e+01
7.175476666666666985e+09,-9.231581626260953044e+01
7.175540000000000000e+09,-9.240937433171552584e+01
7.175603333333333015e+09,-9.285037308122608124e+01
7.175666666666666985e+09,-9.243729423629174846e+01
7.175730000000000000e+09,-9.235371920435980542e+01
7.175793333333333015e+09,-9.264594760048379385e+01
7.175856666666666985e+09,-9.250364739557164739e+01
7.175920000000000000e+09,-9.265384702404887207e+01
7.175983333333333015e+09,-9.262119437444627579e+01
7.176046666666666985e+09,-9.251750147217492781e+01
7.176110000000000000e+09,-9.253057594907477323e+01
7.176173333333333015e+09,-9.255635690867015342e+01
7.176236666666666985e+09,-9.262066444536333165e+01
7.176300000000000000e+09,-9.260653022309494986e+01
7.176363333333333015e+09,-9.243222099538725445e+01
7.176426666666666985e+09,-9.251331767558053798e+01
7.176490000000000000e+09,-9.273025143039745899e+01
7.176553333333333015e+09,-9.268451285014015184e+01
7.176616666666666985e+09,-9.264444799421889343e+01
7.176680000000000000e+09,-9.236355330496562033e+01
7.176743333333333015e+09,-9.295430336404086802e+01
7.176806666666666985e+09,-9.239516320628871426e+01
7.176870000000000000e+09,-9.248025055067617473e+01
7.176933333333333015e+09,-9.229450464152763800e+01
7.176996666666666985e+09,-9.278390080466182610e+01
7.177060000000000000e+09,-9.254008368089374414e+01
7.177123333333333015e+09,-9.205764079211212447e+01
7.177186666666666985e+09,-9.244346202874993423e+01
7.177250000000000000e+09,-9.269773613081306962e+01
7.177313333333333015e+09,-9.246120647392632463e+01
7.177376666666666985e+09,-9.228007531199553171e+01
7.177440000000000000e+09,-9.235093885514102396e+01
7.177503333333333015e+09,-9.251848861222174492e+01
7.177566666666666985e+09,-9.234249374087514184e+01
7.177630000000000000e+09,-9.256557336704524630e+01
7.177693333333333015e+09,-9.251517896731559176e+01
7.177756666666666985e+09,-9.266874863429745801e+01
7.177820000000000000e+09,-9.264400451547589910e+01
7.177883333333333015e+09,-9.271984665918067492e+01
7.177946666666666985e+09,-9.272279811081908463e+01
7.178010000000000000e+09,-9.262670476291248178e+01
7.178073333333333015e+09,-9.232201995151520180e+01
7.178136666666666985e+09,-9.236696247682439775e+01
7.178200000000000000e+09,-9.264134262629318073e+01
7.178263333333333015e+09,-9.251475420671815186e+01
7.178326666666666985e+09,-9.245908513445559151e+01
7.178390000000000000e+09,-9.251373657523616600e+01
7.178453333333333015e+09,-9.239865417785884460e+01
7.178516666666666985e+09,-9.246052948295317719e+01
7.178580000000000000e+09,-9.266656780790114567e+01
7.178643333333333015e+09,-9.267500544951505503e+01
7.178706666666666985e+09,-9.240335270186582761e+01
7.178770000000000000e+09,-9.274859558596551778e+01
7.178833333333333015e+09,-9.247192114216680636e+01
7.178896666666666985e+09,-9.250540071808603670e+01
7.178960000000000000e+09,-9.273109650560273565e+01
7.179023333333333015e+09,-9.235938774391391348e+01
7.179086666666666985e+09,-9.271928367282079364e+01
7.179150000000000000e+09,-9.265364539221098994e+01
7.179213333333333015e+09,-9.247946340018793876e+01
7.179276666666666985e+09,-9.264149177525568746e+01
7.179340000000000000e+09,-9.251427529278457484e+01
7.179403333333333015e+09,-9.267712504192783740e+01
7.179466666666666985e+09,-9.252132863371100768e+01
7.179530000000000000e+09,-9.246417087688926983e+01
7.179593333333333015e+09,-9.247390860736764751e+01
7.179656666666666985e+09,-9.268371666284576804e+01
7.179720000000000000e+09,-9.260366048982035636e+01
7.179783333333333015e+09,-9.275122912213851123e+01
7.179846666666666985e+09,-9.257612463759576826e+01
7.179910000000000000e+09,-9.256200359621935547e+01
7.179973333333333015e+09,-9.285342102264694120e+01
7.180036666666666985e+09,-9.291791882810360903e+01
7.180100000000000000e+09,-9.239824931496350757e+01
7.180163333333333015e+09,-9.290509818889924532e+01
7.180226666666666985e+09,-9.248293375466714394e+01
7.180290000000000000e+09,-9.257361979135046681e+01
7.180353333333333015e+09,-9.261215732520201982e+01
7.180416666666666985e+09,-9.288677059306657213e+01
7.180480000000000000e+09,-9.284619125047356647e+01
7.180543333333333015e+09,-9.261009950860442075e+01
7.180606666666666985e+09,-9.279271427850537179e+01
7.180670000000000000e+09,-9.272925170057027344e+01
7.180733333333333015e+09,-9.257505414572509039e+01
7.180796666666666985e+09,-9.277133140690719415e+01
7.180860000000000000e+09,-9.285726195446031284e+01
7.180923333333333015e+09,-9.310676392581774508e+01
7.180986666666666985e+09,-9.377064996507856165e+01
7.181050000000000000e+09,-9.375195041800083118e+01
7.181113333333333015e+09,-9.347907126784897969e+01
7.181176666666666985e+09,-9.452341499581666540e+01
7.181240000000000000e+09,-9.638725795672273478e+01
7.181303333333333015e+09,-9.864138753000035820e+01
7.181366666666666985e+09,-9.482918760874014197e+01
7.181430000000000000e+09,-9.340552547713052434e+01
7.181493333333333015e+09,-9.307565465728376353e+01
7.181556666666666985e+09,-9.313707626269022910e+01
7.181620000000000000e+09,-9.278668287803407111e+01
7.181683333333333015e+09,-9.289062170410561237e+01
7.181746666666666985e+09,-9.308682868924344689e+01
7.181810000000000000e+09,-9.253645048709357468e+01
7.181873333333333015e+09,-9.248950210657612558e+01
7.181936666666666985e+09,-9.253608238741037439e+01
7.182000000000000000e+09,-9.270012615105034115e+01
7.182063333333333015e+09,-9.315506278260818362e+01
7.182126666666666985e+09,-9.266313007661943857e+01
7.182190000000000000e+09,-9.261742814029007320e+01
7.182253333333333015e+09,-9.278209907238993992e+01
7.182316666666666985e+09,-9.263069548981437151e+01
7.182380000000000000e+09,-9.253876537998490903e+01
7.182443333333333015e+09,-9.258214039879548807e+01
7.182506666666666985e+09,-9.255843165413295992e+01
7.182570000000000000e+09,-9.288691572111689254e+01
7.182633333333333015e+09,-9.264973381415376252e+01
7.182696666666666985e+09,-9.283764944280673603e+01
7.182760000000000000e+09,-9.268194013028039535e+01
7.182823333333333015e+09,-9.248890575525950908e+01
7.182886666666666985e+09,-9.271761168011801146e+01
7.182950000000000000e+09,-9.259585023749544064e+01
7.183013333333333015e+09,-9.256471035927249602e+01
7.183076666666666985e+09,-9.266594795566649623e+01
7.183140000000000000e+09,-9.260249478878012042e+01
7.183203333333333015e+09,-9.270954438018279120e+01
7.183266666666666985e+09,-9.261489834429829671e+01
7.183330000000000000e+09,-9.262127021061746746e+01
7.183393333333333015e+09,-9.237090791206696849e+01
7.183456666666666985e+09,-9.280281439644555519e+01
7.183520000000000000e+09,-9.274471009097297269e+01
7.183583333333333015e+09,-9.291773866510933999e+01
7.183646666666666985e+09,-9.269713748541839493e+01
7.183710000000000000e+09,-9.283474255506817485e+01
7.183773333333333015e+09,-9.256391169844749811e+01
7.183836666666666985e+09,-9.268621243211038063e+01
7.183900000000000000e+09,-9.269064100992770250e+01
7.183963333333333015e+09,-9.290550620745527510e+01
7.184026666666666985e+09,-9.246861938246732393e+01
7.184090000000000000e+09,-9.296303766876491181e+01
7.184153333333333015e+09,-9.275976007002341817e+01
7.184216666666666985e+09,-9.266223819969312103e+01
7.184280000000000000e+09,-9.307238875938179490e+01
7.184343333333333015e+09,-9.264347670674376900e+01
7.184406666666666985e+09,-9.264926425268475896e+01
7.184470000000000000e+09,-9.268376587369715480e+01
7.184533333333333015e+09,-9.270682135311312777e+01
7.184596666666666985e+09,-9.284749261896254779e+01
7.184660000000000000e+09,-9.280423379829795749e+01
7.184723333333333015e+09,-9.282308811650705138e+01
7.184786666666666985e+09,-9.293959476939426168e+01
7.184850000000000000e+09,-9.273923842119725691e+01
7.184913333333333015e+09,-9.262538505643351527e+01
7.184976666666666985e+09,-9.259175077525888753e+01
7.185040000000000000e+09,-9.282688029455144374e+01
7.185103333333333015e+09,-9.287094417439122651e+01
7.185166666666666985e+09,-9.275548041208980976e+01
7.185230000000000000e+09,-9.289269769075124827e+01
7.185293333333333015e+09,-9.281086101147013778e+01
7.185356666666666985e+09,-9.297007333560743803e+01
7.185420000000000000e+09,-9.308540363371312765e+01
7.185483333333333015e+09,-9.271378817459550703e+01
7.185546666666666985e+09,-9.280707978836304051e+01
7.185610000000000000e+09,-9.281886486710726558e+01
7.185673333333333015e+09,-9.267150014871367603e+01
7.185736666666666985e+09,-9.276293983671675392e+01
7.185800000000000000e+09,-9.320090916133781889e+01
7.185863333333333015e+09,-9.278411153948647438e+01
7.185926666666666985e+09,-9.263621617159246568e+01
7.185990000000000000e+09,-9.289173033367363530e+01
7.186053333333333015e+09,-9.309126233162977826e+01
7.186116666666666985e+09,-9.283405633241214616e+01
7.186180000000000000e+09,-9.277368815312441086e+01
7.186243333333333015e+09,-9.287071939125171127e+01
7.186306666666666985e+09,-9.270351719671097612e+01
7.186370000000000000e+09,-9.298684354461693147e+01
7.186433333333333015e+09,-9.280947114357454097e+01
7.186496666666666985e+09,-9.291698302555019495e+01
7.186560000000000000e+09,-9.292444933707122345e+01
7.186623333333333015e+09,-9.300234890340384197e+01
7.186686666666666985e+09,-9.285281293053958507e+01
7.186750000000000000e+09,-9.306492694815788980e+01
7.186813333333333015e+09,-9.304621757004944982e+01
7.186876666666666985e+09,-9.290492394746519267e+01
7.186940000000000000e+09,-9.236978321359094934e+01
7.187003333333333015e+09,-9.277000871854183117e+01
7.187066666666666985e+09,-9.281596299770647818e+01
7.187130000000000000e+09,-9.276329402861745166e+01
7.187193333333333015e+09,-9.282340400479768050e+01
7.187256666666666985e+09,-9.287071432887310607e+01
7.187320000000000000e+09,-9.276897670513422156e+01
7.187383333333333015e+09,-9.293069796400993710e+01
7.187446666666666985e+09,-9.263285953020616148e+01
7.187510000000000000e+09,-9.258373570536454622e+01
7.187573333333333015e+09,-9.279319050045094741e+01
7.187636666666666985e+09,-9.291592475925779127e+01
7.187700000000000000e+09,-9.327568252851011721e+01
7.187763333333333015e+09,-9.287424659752414868e+01
7.187826666666666985e+09,-9.285963892583038160e+01
7.187890000000000000e+09,-9.275649330828053962e+01
7.187953333333333015e+09,-9.285054536415339044e+01
7.188016666666666985e+09,-9.299927887298026974e+01
7.188080000000000000e+09,-9.324703535258409204e+01
7.188143333333333015e+09,-9.286946213479824053e+01
7.188206666666666985e+09,-9.286016931314131284e+01
7.188270000000000000e+09,-9.279384598267127160e+01
7.188333333333333015e+09,-9.262779712869934201e+01
7.188396666666666985e+09,-9.294191086129963253e+01
7.188460000000000000e+09,-9.278045468149761632e+01
7.188523333333333015e+09,-9.286547409064237968e+01
7.188586666666666985e+09,-9.268447297828522835e+01
7.188650000000000000e+09,-9.285792225626151719e+01
7.188713333333333015e+09,-9.282989913986904185e+01
7.188776666666666985e+09,-9.283070813974171642e+01
7.188840000000000000e+09,-9.282173596211414690e+01
7.188903333333333015e+09,-9.311442389638185091e+01
7.188966666666666985e+09,-9.291272711482776003e+01
7.189030000000000000e+09,-9.287383066626935602e+01
7.189093333333333015e+09,-9.278456253804245080e+01
7.189156666666666985e+09,-9.328265371377770521e+01
7.189220000000000000e+09,-9.303481543870361747e+01
7.189283333333333015e+09,-9.277838184105274877e+01
7.189346666666666985e+09,-9.296966603397778783e+01
7.189410000000000000e+09,-9.303033866458108037e+01
7.189473333333333015e+09,-9.273034115025924962e+01
7.189536666666666985e+09,-9.271735863654937759e+01
7.189600000000000000e+09,-9.286517434742100363e+01
7.189663333333333015e+09,-9.316865081161191142e+01
7.189726666666666985e+09,-9.303750220372172919e+01
7.189790000000000000e+09,-9.271645800866080833e+01
7.189853333333333015e+09,-9.304738912704596032e+01
7.189916666666666985e+09,-9.278386059175574019e+01
7.189980000000000000e+09,-9.291853884580871181e+01
7.190043333333333015e+09,-9.282200242155755632e+01
7.190106666666666985e+09,-9.299788836060540120e+01
7.190170000000000000e+09,-9.301153226311609501e+01
7.190233333333333015e+09,-9.290793189776192662e+01
7.190296666666666985e+09,-9.290596668172831585e+01
7.190360000000000000e+09,-9.301580150117915480e+01
7.190423333333333015e+09,-9.295507421824265748e+01
7.190486666666666985e+09,-9.278065257147898137e+01
7.190550000000000000e+09,-9.297660018680419114e+01
7.190613333333333015e+09,-9.315433183848135457e+01
7.190676666666666985e+09,-9.296197208980844096e+01
7.190740000000000000e+09,-9.295316526213906627e+01
7.190803333333333015e+09,-9.284127992367950810e+01
7.190866666666666985e+09,-9.290323251419727058e+01
7.190930000000000000e+09,-9.295021573441403007e+01
7.190993333333333015e+09,-9.304299439821090800e+01
7.191056666666666985e+09,-9.303100086734657737e+01
7.191120000000000000e+09,-9.293205691232282106e+01
7.191183333333333015e+09,-9.293574042196907214e+01
7.191246666666666985e+09,-9.281379854453928147e+01
7.191310000000000000e+09,-9.303341578420692315e+01
7.191373333333333015e+09,-9.289883208185622721e+01
7.191436666666666985e+09,-9.295573128150027742e+01
7.191500000000000000e+09,-9.317250473335198535e+01
7.191563333333333015e+09,-9.281995773331223631e+01
7.191626666666666985e+09,-9.294853142602897833e+01
7.191690000000000000e+09,-9.319854385567894894e+01
7.191753333333333015e+09,-9.269908527941112197e+01
7.191816666666666985e+09,-9.318317151255256192e+01
7.191880000000000000e+09,-9.288199854298051150e+01
7.191943333333333015e+09,-9.300340308793374788e+01
7.192006666666666985e+09,-9.292504135778747809e+01
7.192070000000000000e+09,-9.271899302129446596e+01
7.192133333333333015e+09,-9.297596756144068308e+01
7.192196666666666985e+09,-9.296866267031164455e+01
7.192260000000000000e+09,-9.314310359508149872e+01
7.192323333333333015e+09,-9.299851568494145226e+01
7.192386666666666985e+09,-9.298311154135505774e+01
7.192450000000000000e+09,-9.292090882017316744e+01
7.192513333333333015e+09,-9.286096964394205600e+01
7.192576666666666985e+09,-9.279716446648228612e+01
7.192640000000000000e+09,-9.300178786282785381e+01
7.192703333333333015e+09,-9.306126366993743204e+01
7.192766666666666985e+09,-9.294512719268041678e+01
7.192830000000000000e+09,-9.289000083942187302e+01
7.192893333333333015e+09,-9.291259151240006986e+01
7.192956666666666985e+09,-9.292405617252597949e+01
7.193020000000000000e+09,-9.308052256482227449e+01
7.193083333333333015e+09,-9.293181266107325200e+01
7.193146666666666985e+09,-9.308749724350563781e+01
7.193210000000000000e+09,-9.283549304893790577e+01
7.193273333333333015e+09,-9.289918966578505888e+01
7.193336666666666985e+09,-9.285328248248873706e+01
7.193400000000000000e+09,-9.322110171776660081e+01
7.193463333333333015e+09,-9.312717683089633169e+01
7.193526666666666985e+09,-9.329616771189165547e+01
7.193590000000000000e+09,-9.297884020556682572e+01
7.193653333333333015e+09,-9.289147239812619716e+01
7.193716666666666985e+09,-9.329771971602581004e+01
7.193780000000000000e+09,-9.304994406673219487e+01
7.193843333333333015e+09,-9.290284002468267488e+01
7.193906666666666985e+09,-9.287291793576400778e+01
7.193970000000000000e+09,-9.292377915669247557e+01
7.194033333333333015e+09,-9.290280961135921700e+01
7.194096666666666985e+09,-9.299129365144038672e+01
7.194160000000000000e+09,-9.287664351822880349e+01
7.194223333333333015e+09,-9.306963402113885309e+01
7.194286666666666985e+09,-9.295591821077934469e+01
7.194350000000000000e+09,-9.284426410449552236e+01
7.194413333333333015e+09,-9.285035039518631095e+01
7.194476666666666985e+09,-9.309721795239784115e+01
7.194540000000000000e+09,-9.307960855642627962e+01
7.194603333333333015e+09,-9.302606069818156698e+01
7.194666666666666985e+09,-9.285856689178302759e+01
7.194730000000000000e+09,-9.305885180719266714e+01
7.194793333333333015e+09,-9.305678417475692754e+01
7.194856666666666985e+09,-9.293318314170569749e+01
7.194920000000000000e+09,-9.300552667830082498e+01
7.194983333333333015e+09,-9.282965646440919727e+01
7.195046666666666985e+09,-9.275822255880353850e+01
7.195110000000000000e+09,-9.321823364490967379e+01
7.195173333333333015e+09,-9.310476315801233227e+01
7.195236666666666985e+09,-9.281492537907720930e+01
7.195300000000000000e+09,-9.301538127922476917e+01
7.195363333333333015e+09,-9.301686673650965531e+01
7.195426666666666985e+09,-9.299351799799255502e+01
7.195490000000000000e+09,-9.317744832483121797e+01
7.195553333333333015e+09,-9.288175409988669173e+01
7.195616666666666985e+09,-9.309090741927565205e+01
7.195680000000000000e+09,-9.307516253211481683e+01
7.195743333333333015e+09,-9.288840348062390717e+01
7.195806666666666985e+09,-9.298348891774993774e+01
7.195870000000000000e+09,-9.301423497010216579e+01
7.195933333333333015e+09,-9.309075314727866157e+01
7.195996666666666985e+09,-9.316360314749769600e+01
7.196060000000000000e+09,-9.311200768417229767e+01
7.196123333333333015e+09,-9.302997538595232641e+01
7.196186666666666985e+09,-9.277737750876731582e+01
7.196250000000000000e+09,-9.324609912918135990e+01
7.196313333333333015e+09,-9.329710525131727650e+01
7.196376666666666985e+09,-9.321592436167911444e+01
7.196440000000000000e+09,-9.285610730967809445e+01
7.196503333333333015e+09,-9.327068177495051771e+01
7.196566666666666985e+09,-9.324901184697439760e+01
7.196630000000000000e+09,-9.317292410837484340e+01
7.196693333333333015e+09,-9.288027549572008468e+01
7.196756666666666985e+09,-9.311819015416786272e+01
7.196820000000000000e+09,-9.312293573710915950e+01
7.196883333333333015e+09,-9.304294315153126149e+01
7.196946666666666985e+09,-9.298566250998953819e+01
7.197010000000000000e+09,-9.298508464427069953e+01
7.197073333333333015e+09,-9.315863822093560032e+01
7.197136666666666985e+09,-9.311455887628559935e+01
7.197200000000000000e+09,-9.315304047349057726e+01
7.197263333333333015e+09,-9.297163014126337544e+01
7.197326666666666985e+09,-9.289493904098877408e+01
7.197390000000000000e+09,-9.306382806211843217e+01
7.197453333333333015e+09,-9.318889053463851724e+01
7.197516666666666985e+09,-9.322049609251524771e+01
7.197580000000000000e+09,-9.296312684132581694e+01
7.197643333333333015e+09,-9.298988310837660265e+01
7.197706666666666985e+09,-9.321927264469009344e+01
7.197770000000000000e+09,-9.306726394945738434e+01
7.197833333333333015e+09,-9.296930576011079950e+01
7.197896666666666985e+09,-9.329994447225791987e+01
7.197960000000000000e+09,-9.323443871115355819e+01
7.198023333333333015e+09,-9.288612224465560985e+01
7.198086666666666985e+09,-9.298143038886330203e+01
7.198150000000000000e+09,-9.306481712452004729e+01
7.198213333333333015e+09,-9.320916136376879990e+01
7.198276666666666985e+09,-9.317561126308578423e+01
7.198340000000000000e+09,-9.305425253009757114e+01
7.198403333333333015e+09,-9.329644885592077230e+01
7.198466666666666985e+09,-9.311682912234765297e+01
7.198530000000000000e+09,-9.299588520612245190e+01
7.198593333333333015e+09,-9.311814540697028519e+01
7.198656666666666985e+09,-9.299974905049234053e+01
7.198720000000000000e+09,-9.311182899854262018e+01
7.198783333333333015e+09,-9.328931577714728007e+01
7.198846666666666985e+09,-9.308760832710659372e+01
7.198910000000000000e+09,-9.324224922194007092e+01
7.198973333333333015e+09,-9.321867220397693643e+01
7.199036666666666985e+09,-9.313828575466064308e+01
7.199100000000000000e+09,-9.309238147243996764e+01
7.199163333333333015e+09,-9.278905996305140036e+01
7.199226666666666985e+09,-9.320506669779335596e+01
7.199290000000000000e+09,-9.332593539234338209e+01
7.199353333333333015e+09,-9.323218439788901435e+01
7.199416666666666985e+09,-9.305845674532760370e+01
7.199480000000000000e+09,-9.293328411254805133e+01
7.199543333333333015e+09,-9.317679209283755881e+01
7.199606666666666985e+09,-9.318890538491942266e+01
7.199670000000000000e+09,-9.311118696473350553e+01
7.199733333333333015e+09,-9.305937288886782710e+01
7.199796666666666985e+09,-9.306724669013405560e+01
7.199860000000000000e+09,-9.317151118821774958e+01
7.199923333333333015e+09,-9.306064042517171231e+01
7.199986666666666985e+09,-9.312945247043698771e+01
7.200050000000000000e+09,-9.306735724237449858e+01
7.200113333333333015e+09,-9.297983606374356214e+01
7.200176666666666985e+09,-9.313219095305116468e+01
7.200240000000000000e+09,-9.322504521391350352e+01
7.200303333333333015e+09,-9.295592563047165413e+01
7.200366666666666985e+09,-9.309674512607521990e+01
7.200430000000000000e+09,-9.328713787949041603e+01
7.200493333333333015e+09,-9.321542904624051573e+01
7.200556666666666985e+09,-9.300267407832427580e+01
7.200620000000000000e+09,-9.291334850473711526e+01
7.200683333333333015e+09,-9.299862484911299987e+01
7.200746666666666985e+09,-9.306216886583032988e+01
7.200810000000000000e+09,-9.310685514915108740e+01
7.200873333333333015e+09,-9.341313932442096757e+01
7.200936666666666985e+09,-9.336404870154703417e+01
7.201000000000000000e+09,-9.316745638231142834e+01
7.201063333333333015e+09,-9.307062846392712174e+01
7.201126666666666985e+09,-9.339235678954315745e+01
7.201190000000000000e+09,-9.321687621199745877e+01
7.201253333333333015e+09,-9.303475552920275504e+01
7.201316666666666985e+09,-9.322746971980197372e+01
7.201380000000000000e+09,-9.324754330043917605e+01
7.201443333333333015e+09,-9.324685544632457379e+01
7.201506666666666985e+09,-9.302000328350244729e+01
7.201570000000000000e+09,-9.320202902809521106e+01
7.201633333333333015e+09,-9.287228839764688360e+01
7.201696666666666985e+09,-9.311597656955487423e+01
7.201760000000000000e+09,-9.315302896130005195e+01
7.201823333333333015e+09,-9.320441949969782058e+01
7.201886666666666985e+09,-9.331771165810080504e+01
7.201950000000000000e+09,-9.324341290821116957e+01
7.202013333333333015e+09,-9.318059315089300298e+01
7.202076666666666985e+09,-9.342320154235832774e+01
7.202140000000000000e+09,-9.322351832717723141e+01
7.202203333333333015e+09,-9.304419508126994742e+01
7.202266666666666985e+09,-9.334832495722280044e+01
7.202330000000000000e+09,-9.330748751708257771e+01
7.202393333333333015e+09,-9.320206532018181633e+01
7.202456666666666985e+09,-9.341964129504957270e+01
7.202520000000000000e+09,-9.321161776181139658e+01
7.202583333333333015e+09,-9.328342410614109781e+01
7.202646666666666985e+09,-9.343888772584234914e+01
7.202710000000000000e+09,-9.353710127838087374e+01
7.202773333333333015e+09,-9.313348544682826002e+01
7.202836666666666985e+09,-9.343190929183100479e+01
7.202900000000000000e+09,-9.323366827528747081e+01
7.202963333333333015e+09,-9.305754175988042221e+01
7.203026666666666985e+09,-9.325572883140699787e+01
7.203090000000000000e+09,-9.329564378212701570e+01
7.203153333333333015e+09,-9.314930510107920725e+01
7.203216666666666985e+09,-9.324927586046923977e+01
7.203280000000000000e+09,-9.328735895695034230e+01
7.203343333333333015e+09,-9.327742108500302720e+01
7.203406666666666985e+09,-9.325797835848928230e+01
7.203470000000000000e+09,-9.326334434760687486e+01
7.203533333333333015e+09,-9.329008769474091878e+01
7.203596666666666985e+09,-9.323295967089458713e+01
7.203660000000000000e+09,-9.330949947752199591e+01
7.203723333333333015e+09,-9.311950621225760472e+01
7.203786666666666985e+09,-9.324968273207916525e+01
7.203850000000000000e+09,-9.324080046080111117e+01
7.203913333333333015e+09,-9.334393751832847386e+01
7.203976666666666985e+09,-9.316458759125919187e+01
7.204040000000000000e+09,-9.316811794515894007e+01
7.204103333333333015e+09,-9.322770343084798128e+01
7.204166666666666985e+09,-9.328905045879862712e+01
7.204230000000000000e+09,-9.320610742717892094e+01
7.204293333333333015e+09,-9.318117301309177947e+01
7.204356666666666985e+09,-9.344604958172726583e+01
7.204420000000000000e+09,-9.341408761945906747e+01
7.204483333333333015e+09,-9.361429557682940583e+01
7.204546666666666985e+09,-9.316051998691663982e+01
7.204610000000000000e+09,-9.314787251851812755e+01
7.204673333333333015e+09,-9.346518448267750045e+01
7.204736666666666985e+09,-9.322976306097741883e+01
7.204800000000000000e+09,-9.345926731488245309e+01
7.204863333333333015e+09,-9.326484223627605274e+01
7.204926666666666985e+09,-9.346442085771741404e+01
7.204990000000000000e+09,-9.322500236764230408e+01
7.205053333333333015e+09,-9.308894912506978869e+01
7.205116666666666985e+09,-9.335645972922290525e+01
7.205180000000000000e+09,-9.309945057856808148e+01
7.205243333333333015e+09,-9.341684080010341518e+01
7.205306666666666985e+09,-9.334334715329998744e+01
7.205370000000000000e+09,-9.341391270217403076e+01
7.205433333333333015e+09,-9.331203377751229766e+01
7.205496666666666985e+09,-9.360831846986565097e+01
7.205560000000000000e+09,-9.340147573231342903e+01
7.205623333333333015e+09,-9.325042802362895600e+01
7.205686666666666985e+09,-9.350664981028975831e+01
7.205750000000000000e+09,-9.355436940525655132e+01
7.205813333333333015e+09,-9.350346531897483260e+01
7.205876666666666985e+09,-9.388892615760042304e+01
7.205940000000000000e+09,-9.387024024414840540e+01
7.206003333333333015e+09,-9.378416212434599686e+01
7.206066666666666985e+09,-9.390765294774311656e+01
7.206130000000000000e+09,-9.373763041450963840e+01
7.206193333333333015e+09,-9.449033846711120077e+01
7.206256666666666985e+09,-9.460436457792850717e+01
7.206320000000000000e+09,-9.528908229667879937e+01
7.206383333333333015e+09,-9.775843436347923898e+01
7.206446666666666985e+09,-9.827231049206844204e+01
7.206510000000000000e+09,-9.496215269088796163e+01
7.206573333333333015e+09,-9.374144722540405894e+01
7.206636666666666985e+09,-9.378994732728733652e+01
7.206700000000000000e+09,-9.369105053825663276e+01
7.206763333333333015e+09,-9.364971347459258766e+01
7.206826666666666985e+09,-9.364330302674119366e+01
7.206890000000000000e+09,-9.360693460953795864e+01
7.206953333333333015e+09,-9.359522950060892299e+01
7.207016666666666985e+09,-9.373849171774587319e+01
7.207080000000000000e+09,-9.345636094528371984e+01
7.207143333333333015e+09,-9.343141861338739318e+01
7.207206666666666985e+09,-9.335239201691969413e+01
7.207270000000000000e+09,-9.332142918419168609e+01
7.207333333333333015e+09,-9.342565529301880645e+01
7.207396666666666985e+09,-9.317070775516455683e+01
7.207460000000000000e+09,-9.327299661594780389e+01
7.207523333333333015e+09,-9.326855923140035998e+01
7.207586666666666985e+09,-9.328374048381084549e+01
7.207650000000000000e+09,-9.355621141053289591e+01
7.207713333333333015e+09,-9.349778256821105060e+01
7.207776666666666985e+09,-9.329542406950444899e+01
7.207840000000000000e+09,-9.308978009831101019e+01
7.207903333333333015e+09,-9.336620351630203629e+01
7.207966666666666985e+09,-9.338114606670998796e+01
7.208030000000000000e+09,-9.346713877024700423e+01
7.208093333333333015e+09,-9.322925276838846287e+01
7.208156666666666985e+09,-9.363498339388436875e+01
7.208220000000000000e+09,-9.327994595633283836e+01
7.208283333333333015e+09,-9.313307410092333782e+01
7.208346666666666985e+09,-9.339423292650346298e+01
7.208410000000000000e+09,-9.337018255063077277e+01
7.208473333333333015e+09,-9.350047181367479254e+01
7.208536666666666985e+09,-9.340442327174582715e+01
7.208600000000000000e+09,-9.311676505009863547e+01
7.208663333333333015e+09,-9.302063553691070297e+01
7.208726666666666985e+09,-9.334293661508540652e+01
7.208790000000000000e+09,-9.337752428997951881e+01
7.208853333333333015e+09,-9.352996471483305641e+01
7.208916666666666985e+09,-9.332115280866403850e+01
7.208980000000000000e+09,-9.322215255432382719e+01
7.209043333333333015e+09,-9.316147035200503979e+01
7.209106666666666985e+09,-9.327304410051353045e+01
7.209170000000000000e+09,-9.360281768139108749e+01
7.209233333333333015e+09,-9.332576846245251545e+01
7.209296666666666985e+09,-9.324127192414289311e+01
7.209360000000000000e+09,-9.337506042668840678e+01
7.209423333333333015e+09,-9.360363541920648345e+01
7.209486666666666985e+09,-9.318824866792886041e+01
7.209550000000000000e+09,-9.319707640774186075e+01
7.209613333333333015e+09,-9.317972568837832625e+01
7.209676666666666985e+09,-9.334283857859048794e+01
7.209740000000000000e+09,-9.348889524894815395e+01
7.209803333333333015e+09,-9.338733660185552310e+01
7.209866666666666985e+09,-9.339834929028334898e+01
7.209930000000000000e+09,-9.334302889169745754e+01
7.209993333333333015e+09,-9.333859025617839222e+01
7.210056666666666985e+09,-9.342782738734487680e+01
7.210120000000000000e+09,-9.342388351097277166e+01
7.210183333333333015e+09,-9.350990990923767754e+01
7.210246666666666985e+09,-9.339794489916728537e+01
7.210310000000000000e+09,-9.330431161494186654e+01
7.210373333333333015e+09,-9.347606796980862498e+01
7.210436666666666985e+09,-9.333363796177151528e+01
7.210500000000000000e+09,-9.330293696258685543e+01
7.210563333333333015e+09,-9.322439894453198406e+01
7.210626666666666985e+09,-9.348856727367959252e+01
7.210690000000000000e+09,-9.321551288796500501e+01
7.210753333333333015e+09,-9.374018170231119029e+01
7.210816666666666985e+09,-9.358174466861947849e+01
7.210880000000000000e+09,-9.338628416399940591e+01
7.210943333333333015e+09,-9.345295170729222889e+01
7.211006666666666985e+09,-9.336476403395600698e+01
7.211070000000000000e+09,-9.336443190318782115e+01
7.211133333333333015e+09,-9.342709864768542616e+01
7.211196666666666985e+09,-9.335985004744286186e+01
7.211260000000000000e+09,-9.323975262114711882e+01
7.211323333333333015e+09,-9.363855947658197465e+01
7.211386666666666985e+09,-9.348088140989943895e+01
7.211450000000000000e+09,-9.341904787015833733e+01
7.211513333333333015e+09,-9.357146262128955527e+01
7.211576666666666985e+09,-9.340496904481517504e+01
7.211640000000000000e+09,-9.338563638206278483e+01
7.211703333333333015e+09,-9.348921421382155472e+01
7.211766666666666985e+09,-9.354647382141706657e+01
7.211830000000000000e+09,-9.345433561799015365e+01
7.211893333333333015e+09,-9.376627538532189021e+01
7.211956666666666985e+09,-9.346687516356972480e+01
7.212020000000000000e+09,-9.354952365926841651e+01
7.212083333333333015e+09,-9.342481195874471211e+01
7.212146666666666985e+09,-9.372876493959023492e+01
7.212210000000000000e+09,-9.335714747957126747e+01
7.212273333333333015e+09,-9.342438376377458553e+01
7.212336666666666985e+09,-9.340212367340723176e+01
7.212400000000000000e+09,-9.341793163719545134e+01
7.212463333333333015e+09,-9.358258153225898468e+01
7.212526666666666985e+09,-9.330349402725889263e+01
7.212590000000000000e+09,-9.363702566040987563e+01
7.212653333333333015e+09,-9.361678724457891576e+01
7.212716666666666985e+09,-9.329316997824575708e+01
7.212780000000000000e+09,-9.341100576088007301e+01
7.212843333333333015e+09,-9.352967018919875386e+01
7.212906666666666985e+09,-9.331599386230443827e+01
7.212970000000000000e+09,-9.343385042745730118e+01
7.213033333333333015e+09,-9.337358708337382041e+01
7.213096666666666985e+09,-9.323518396607953207e+01
7.213160000000000000e+09,-9.350981093822827006e+01
7.213223333333333015e+09,-9.362591392928572986e+01
7.213286666666666985e+09,-9.353294518771951971e+01
7.213350000000000000e+09,-9.369287995897288113e+01
7.213413333333333015e+09,-9.347540530727266628e+01
7.213476666666666985e+09,-9.350149005566700566e+01
7.213540000000000000e+09,-9.356557750373440285e+01
7.213603333333333015e+09,-9.329068131645175299e+01
7.213666666666666985e+09,-9.360043475413114322e+01
7.213730000000000000e+09,-9.317399196494314140e+01
7.213793333333333015e+09,-9.338260988920877992e+01
7.213856666666666985e+09,-9.336897322486129269e+01
7.213920000000000000e+09,-9.330699447866928153e+01
7.213983333333333015e+09,-9.366936271227197608e+01
7.214046666666666985e+09,-9.352778315270907683e+01
7.214110000000000000e+09,-9.338932764106797890e+01
7.214173333333333015e+09,-9.330458709037452536e+01
7.214236666666666985e+09,-9.345250506713769312e+01
7.214300000000000000e+09,-9.309610836693738634e+01
7.214363333333333015e+09,-9.316454067260130500e+01
7.214426666666666985e+09,-9.363052568678456566e+01
7.214490000000000000e+09,-9.371287496222385016e+01
7.214553333333333015e+09,-9.361167090643716904e+01
7.214616666666666985e+09,-9.342941250993042956e+01
7.214680000000000000e+09,-9.341609132542991745e+01
7.214743333333333015e+09,-9.352906991415900961e+01
7.214806666666666985e+09,-9.351304449098475402e+01
7.214870000000000000e+09,-9.365662517536171094e+01
7.214933333333333015e+09,-9.350569386379277148e+01
7.214996666666666985e+09,-9.339658182436814116e+01
7.215060000000000000e+09,-9.359392332666337211e+01
7.215123333333333015e+09,-9.334475605381227581e+01
7.215186666666666985e+09,-9.352094334459732750e+01
7.215250000000000000e+09,-9.342610485917066399e+01
7.215313333333333015e+09,-9.332542797117284294e+01
7.215376666666666985e+09,-9.352267146715377066e+01
7.215440000000000000e+09,-9.343487131868988627e+01
7.215503333333333015e+09,-9.366605436294170772e+01
7.215566666666666985e+09,-9.358757978509386533e+01
7.215630000000000000e+09,-9.368008127370684690e+01
7.215693333333333015e+09,-9.361985492821489174e+01
7.215756666666666985e+09,-9.369998034017739030e+01
7.215820000000000000e+09,-9.358900079534143401e+01
7.215883333333333015e+09,-9.363261292364995825e+01
7.215946666666666985e+09,-9.352538504370687633e+01
7.216010000000000000e+09,-9.348602255018974461e+01
7.216073333333333015e+09,-9.374956990251739342e+01
7.216136666666666985e+09,-9.345292202868918707e+01
7.216200000000000000e+09,-9.371115786070018316e+01
7.216263333333333015e+09,-9.341785848671784720e+01
7.216326666666666985e+09,-9.362510653115541004e+01
7.216390000000000000e+09,-9.339456223266344637e+01
7.216453333333333015e+09,-9.358670552915216945e+01
7.216516666666666985e+09,-9.372275335484117420e+01
7.216580000000000000e+09,-9.339827926064475605e+01
7.216643333333333015e+09,-9.327691106695981205e+01
7.216706666666666985e+09,-9.379218661513304767e+01
7.216770000000000000e+09,-9.388793258404710684e+01
7.216833333333333015e+09,-9.393454046368303523e+01
7.216896666666666985e+09,-9.374795322463681657e+01
7.216960000000000000e+09,-9.349197336780076739e+01
7.217023333333333015e+09,-9.341808446492528617e+01
7.217086666666666985e+09,-9.351099446117443392e+01
7.217150000000000000e+09,-9.351764963867749714e+01
7.217213333333333015e+09,-9.371072333441861701e+01
7.217276666666666985e+09,-9.365214972209633970e+01
7.217340000000000000e+09,-9.388738217065609604e+01
7.217403333333333015e+09,-9.354188629741261707e+01
7.217466666666666985e+09,-9.367484962269664095e+01
7.217530000000000000e+09,-9.349824857544190593e+01
7.217593333333333015e+09,-9.382826775004795650e+01
7.217656666666666985e+09,-9.381712181721155730e+01
7.217720000000000000e+09,-9.358676476013928891e+01
7.217783333333333015e+09,-9.388234919673372758e+01
7.217846666666666985e+09,-9.345189179266048995e+01
7.217910000000000000e+09,-9.361121982003183462e+01
7.217973333333333015e+09,-9.333303906144189455e+01
7.218036666666666985e+09,-9.367709115341375536e+01
7.218100000000000000e+09,-9.330745593817027839e+01
7.218163333333333015e+09,-9.365943716635554495e+01
7.218226666666666985e+09,-9.371318636865018448e+01
7.218290000000000000e+09,-9.359374473179235565e+01
7.218353333333333015e+09,-9.361211185680275548e+01
7.218416666666666985e+09,-9.343131793673072139e+01
7.218480000000000000e+09,-9.354711684409154770e+01
7.218543333333333015e+09,-9.374952912474120126e+01
7.218606666666666985e+09,-9.349218433396504224e+01
7.218670000000000000e+09,-9.345387427859364493e+01
7.218733333333333015e+09,-9.396863766888640157e+01
7.218796666666666985e+09,-9.368701942178306297e+01
7.218860000000000000e+09,-9.374115731996603529e+01
7.218923333333333015e+09,-9.372126500699644680e+01
7.218986666666666985e+09,-9.386998588457441883e+01
7.219050000000000000e+09,-9.363103627714042432e+01
7.219113333333333015e+09,-9.363942710535937408e+01
7.219176666666666985e+09,-9.346285560789783631e+01
7.219240000000000000e+09,-9.384342960054843275e+01
7.219303333333333015e+09,-9.355595715947812607e+01
7.219366666666666985e+09,-9.376192780386773507e+01
7.219430000000000000e+09,-9.352797424129731496e+01
7.219493333333333015e+09,-9.347874780207042988e+01
7.219556666666666985e+09,-9.365739412021835619e+01
7.219620000000000000e+09,-9.372478401932067982e+01
7.219683333333333015e+09,-9.383602684946522743e+01
7.219746666666666985e+09,-9.357330207124390142e+01
7.219810000000000000e+09,-9.367181282258144392e+01
7.219873333333333015e+09,-9.392949071570336628e+01
7.219936666666666985e+09,-9.389516262625616605e+01
7.220000000000000000e+09,-9.399446433608565599e+01
7.220063333333333015e+09,-9.404518842177765237e+01
7.220126666666666985e+09,-9.400662664964839621e+01
7.220190000000000000e+09,-9.372876201888998082e+01
7.220253333333333015e+09,-9.367642491446851238e+01
7.220316666666666985e+09,-9.368000887557526823e+01
7.220380000000000000e+09,-9.384382299233054425e+01
7.220443333333333015e+09,-9.362025521998695865e+01
7.220506666666666985e+09,-9.375009813831121619e+01
7.220570000000000000e+09,-9.356192573401233403e+01
7.220633333333333015e+09,-9.375522540629413015e+01
7.220696666666666985e+09,-9.377396104320114034e+01
7.220760000000000000e+09,-9.345429455486944903e+01
7.220823333333333015e+09,-9.344403855343736609e+01
7.220886666666666985e+09,-9.356706630750855425e+01
7.220950000000000000e+09,-9.347608282102763155e+01
7.221013333333333015e+09,-9.374360399165465196e+01
7.221076666666666985e+09,-9.385361337536940596e+01
7.221140000000000000e+09,-9.404342712529604853e+01
7.221203333333333015e+09,-9.364055965527826686e+01
7.221266666666666985e+09,-9.373909760116040957e+01
7.221330000000000000e+09,-9.362176279443752946e+01
7.221393333333333015e+09,-9.371326435109369868e+01
7.221456666666666985e+09,-9.376330631148863404e+01
7.221520000000000000e+09,-9.347544150133407470e+01
7.221583333333333015e+09,-9.367648555254162090e+01
7.221646666666666985e+09,-9.348456268984202211e+01
7.221710000000000000e+09,-9.355803323408662209e+01
7.221773333333333015e+09,-9.377039722516359177e+01
7.221836666666666985e+09,-9.389627866364887154e+01
7.221900000000000000e+09,-9.378942679489490786e+01
7.221963333333333015e+09,-9.368303778026550788e+01
7.222026666666666985e+09,-9.365204026438573237e+01
7.222090000000000000e+09,-9.357225029559104712e+01
7.222153333333333015e+09,-9.380326496570576467e+01
7.222216666666666985e+09,-9.385079901468883179e+01
7.222280000000000000e+09,-9.374395658122624297e+01
7.222343333333333015e+09,-9.383358591086697231e+01
7.222406666666666985e+09,-9.378908046561441836e+01
7.222470000000000000e+09,-9.359091548331431909e+01
7.222533333333333015e+09,-9.367261216301814386e+01
7.222596666666666985e+09,-9.365196403883828680e+01
7.222660000000000000e+09,-9.365995662070908168e+01
7.222723333333333015e+09,-9.373711048305682425e+01
7.222786666666666985e+09,-9.398145208572231013e+01
7.222850000000000000e+09,-9.360095023219227528e+01
7.222913333333333015e+09,-9.353236371851558317e+01
7.222976666666666985e+09,-9.359613018147470598e+01
7.223040000000000000e+09,-9.374240262865356499e+01
7.223103333333333015e+09,-9.388030182319556616e+01
7.223166666666666985e+09,-9.380134154922077983e+01
7.223230000000000000e+09,-9.380427582569409140e+01
7.223293333333333015e+09,-9.365675399000687662e+01
7.223356666666666985e+09,-9.376163216161077685e+01
7.223420000000000000e+09,-9.372796193361915584e+01
7.223483333333333015e+09,-9.374772919980796360e+01
7.223546666666666985e+09,-9.374758734953600481e+01
7.223610000000000000e+09,-9.376342300834478749e+01
7.223673333333333015e+09,-9.386348770223733595e+01
7.223736666666666985e+09,-9.358683403015231761e+01
7.223800000000000000e+09,-9.361436534583890534e+01
7.223863333333333015e+09,-9.345923945007737643e+01
7.223926666666666985e+09,-9.383993469615910499e+01
7.223990000000000000e+09,-9.387406155786607087e+01
7.224053333333333015e+09,-9.377811818833690438e+01
7.224116666666666985e+09,-9.373585484241073118e+01
7.224180000000000000e+09,-9.381270676972260958e+01
7.224243333333333015e+09,-9.372220585812834770e+01
7.224306666666666985e+09,-9.389687335351769093e+01
7.224370000000000000e+09,-9.384546988581308824e+01
7.224433333333333015e+09,-9.387960630740334977e+01
7.224496666666666985e+09,-9.370358769083850348e+01
7.224560000000000000e+09,-9.395008103777064434e+01
7.224623333333333015e+09,-9.370099413491436735e+01
7.224686666666666985e+09,-9.358505733944737415e+01
7.224750000000000000e+09,-9.359634556058125554e+01
7.224813333333333015e+09,-9.405900005840821620e+01
7.224876666666666985e+09,-9.377630599396611899e+01
7.224940000000000000e+09,-9.357304130728098812e+01
7.225003333333333015e+09,-9.386399717066413473e+01
7.225066666666666985e+09,-9.392119920663715504e+01
7.225130000000000000e+09,-9.369717545951462512e+01
7.225193333333333015e+09,-9.392041211814051849e+01
7.225256666666666985e+09,-9.380942013969806226e+01
7.225320000000000000e+09,-9.377496157599219373e+01
7.225383333333333015e+09,-9.373489651535528822e+01
7.225446666666666985e+09,-9.361271505545339267e+01
7.225510000000000000e+09,-9.365831030928696066e+01
7.225573333333333015e+09,-9.379115382492292952e+01
7.225636666666666985e+09,-9.368937198144419654e+01
7.225700000000000000e+09,-9.372321602668948515e+01
7.225763333333333015e+09,-9.377127342326630810e+01
7.225826666666666985e+09,-9.402178124116201730e+01
7.225890000000000000e+09,-9.367552158391305284e+01
7.225953333333333015e+09,-9.381484037514950103e+01
7.226016666666666985e+09,-9.378577997889803441e+01
7.226080000000000000e+09,-9.367623309857229685e+01
7.226143333333333015e+09,-9.387780403412010344e+01
7.226206666666666985e+09,-9.340868524500776005e+01
7.226270000000000000e+09,-9.389042131385156154e+01
7.226333333333333015e+09,-9.368428330370504398e+01
7.226396666666666985e+09,-9.371950065189700751e+01
7.226460000000000000e+09,-9.375063433407910907e+01
7.226523333333333015e+09,-9.379273890256614266e+01
7.226586666666666985e+09,-9.356587068679404240e+01
7.226650000000000000e+09,-9.375590423180432254e+01
7.226713333333333015e+09,-9.356817105131896994e+01
7.226776666666666985e+09,-9.360703745137490728e+01
7.226840000000000000e+09,-9.403570832470987284e+01
7.226903333333333015e+09,-9.367193030097213580e+01
7.226966666666666985e+09,-9.367336606819552003e+01
7.227030000000000000e+09,-9.385742573949848122e+01
7.227093333333333015e+09,-9.380157657383119840e+01
7.227156666666666985e+09,-9.396898731386835379e+01
7.227220000000000000e+09,-9.395990775825231367e+01
7.227283333333333015e+09,-9.394737351573147066e+01
7.227346666666666985e+09,-9.369166962885934424e+01
7.227410000000000000e+09,-9.382760389468339213e+01
7.227473333333333015e+09,-9.394941803376417511e+01
7.227536666666666985e+09,-9.367669395253564346e+01
7.227600000000000000e+09,-9.396358584739196829e+01
7.227663333333333015e+09,-9.373629774091271827e+01
7.227726666666666985e+09,-9.404921017471144751e+01
7.227790000000000000e+09,-9.387641546247847657e+01
7.227853333333333015e+09,-9.371180615105403433e+01
7.227916666666666985e+09,-9.371849616615594414e+01
7.227980000000000000e+09,-9.389584419246837399e+01
7.228043333333333015e+09,-9.388230460534157373e+01
7.228106666666666985e+09,-9.361441980152105202e+01
7.228170000000000000e+09,-9.407018153399299365e+01
7.228233333333333015e+09,-9.393133393508846041e+01
7.228296666666666985e+09,-9.385210299645315501e+01
7.228360000000000000e+09,-9.352178915619148825e+01
7.228423333333333015e+09,-9.377540056997609952e+01
7.228486666666666985e+09,-9.378423047257484768e+01
7.228550000000000000e+09,-9.391063937198056522e+01
7.228613333333333015e+09,-9.380530211572428811e+01
7.228676666666666985e+09,-9.372773485790594350e+01
7.228740000000000000e+09,-9.371654530864331889e+01
7.228803333333333015e+09,-9.379638042457352753e+01
7.228866666666666985e+09,-9.391840117258919918e+01
7.228930000000000000e+09,-9.380706658742002446e+01
7.228993333333333015e+09,-9.373820058724402315e+01
7.229056666666666985e+09,-9.388320949712698393e+01
7.229120000000000000e+09,-9.404932127215883497e+01
7.229183333333333015e+09,-9.350337717736476861e+01
7.229246666666666985e+09,-9.376093295080565326e+01
7.229310000000000000e+09,-9.399067726899529873e+01
7.229373333333333015e+09,-9.388325979513999187e+01
7.229436666666666985e+09,-9.388805500214166955e+01
7.229500000000000000e+09,-9.405213503195167846e+01
7.229563333333333015e+09,-9.398967230335236422e+01
7.229626666666666985e+09,-9.416810609510348229e+01
7.229690000000000000e+09,-9.414875626143654586e+01
7.229753333333333015e+09,-9.417125088628645813e+01
7.229816666666666985e+09,-9.419995255121561684e+01
7.229880000000000000e+09,-9.412815070634033532e+01
7.229943333333333015e+09,-9.466629684024171354e+01
7.230006666666666985e+09,-9.495663331398633034e+01
7.230070000000000000e+09,-9.518917914502294764e+01
7.230133333333333015e+09,-9.574095712345476272e+01
7.230196666666666985e+09,-9.778086889406583282e+01
7.230260000000000000e+09,-1.025625151487920874e+02
7.230323333333333015e+09,-9.799394612025204765e+01
7.230386666666666985e+09,-9.541250447688108238e+01
7.230450000000000000e+09,-9.461741566171610884e+01
7.230513333333333015e+09,-9.460569813895196489e+01
7.230576666666666985e+09,-9.431658895754580385e+01
7.230640000000000000e+09,-9.407659686593180481e+01
7.230703333333333015e+09,-9.382550317650972715e+01
7.230766666666666985e+09,-9.420716216857601921e+01
7.230830000000000000e+09,-9.446192506446612924e+01
7.230893333333333015e+09,-9.416252884972919901e+01
7.230956666666666985e+09,-9.409409458740998389e+01
7.231020000000000000e+09,-9.403648445347749885e+01
7.231083333333333015e+09,-9.396132719366649155e+01
7.231146666666666985e+09,-9.381492681017314794e+01
7.231210000000000000e+09,-9.384859382157486607e+01
7.231273333333333015e+09,-9.391364166343423392e+01
7.231336666666666985e+09,-9.400989808867063857e+01
7.231400000000000000e+09,-9.379993185530146604e+01
7.231463333333333015e+09,-9.417466389767078283e+01
7.231526666666666985e+09,-9.390572457060292777e+01
7.231590000000000000e+09,-9.383586897423691653e+01
7.231653333333333015e+09,-9.408752973913244944e+01
7.231716666666666985e+09,-9.395850050276031595e+01
7.231780000000000000e+09,-9.395998223529358029e+01
7.231843333333333015e+09,-9.411989042387524762e+01
7.231906666666666985e+09,-9.359381555314038792e+01
7.231970000000000000e+09,-9.404567000671366372e+01
7.232033333333333015e+09,-9.390705180933690599e+01
7.232096666666666985e+09,-9.388634217573527962e+01
7.232160000000000000e+09,-9.361284426391627278e+01
7.232223333333333015e+09,-9.400197930537031255e+01
7.232286666666666985e+09,-9.395999876049913269e+01
7.232350000000000000e+09,-9.422835341611565241e+01
7.232413333333333015e+09,-9.378556489243239014e+01
7.232476666666666985e+09,-9.419450347952603408e+01
7.232540000000000000e+09,-9.365441550439101093e+01
7.232603333333333015e+09,-9.410295644457163178e+01
7.232666666666666985e+09,-9.398991458851172354e+01
7.232730000000000000e+09,-9.388097303646263470e+01
7.232793333333333015e+09,-9.390738225191471145e+01
7.232856666666666985e+09,-9.410806746063990147e+01
7.232920000000000000e+09,-9.399802009822693094e+01
7.232983333333333015e+09,-9.377829418934503281e+01
7.233046666666666985e+09,-9.387619152709307002e+01
7.233110000000000000e+09,-9.415412785308322441e+01
7.233173333333333015e+09,-9.392528572366094863e+01
7.233236666666666985e+09,-9.380652359101610216e+01
7.233300000000000000e+09,-9.419335840097440382e+01
7.233363333333333015e+09,-9.406137169342861171e+01
7.233426666666666985e+09,-9.350316148399525673e+01
7.233490000000000000e+09,-9.389875456974770884e+01
7.233553333333333015e+09,-9.420407471901809515e+01
7.233616666666666985e+09,-9.393654001838902445e+01
7.233680000000000000e+09,-9.417674911058662701e+01
7.233743333333333015e+09,-9.421532005561383016e+01
7.233806666666666985e+09,-9.395038444396134025e+01
7.233870000000000000e+09,-9.397922638415815300e+01
7.233933333333333015e+09,-9.400814911976665655e+01
7.233996666666666985e+09,-9.394900041898468146e+01
7.234060000000000000e+09,-9.413940034878315544e+01
7.234123333333333015e+09,-9.385306729892189992e+01
7.234186666666666985e+09,-9.386871590546900279e+01
7.234250000000000000e+09,-9.396387661768747535e+01
7.234313333333333015e+09,-9.398669907671023793e+01
7.234376666666666985e+09,-9.369950377042933098e+01
7.234440000000000000e+09,-9.374436798957434291e+01
7.234503333333333015e+09,-9.381149316531384841e+01
7.234566666666666985e+09,-9.407630765152590868e+01
7.234630000000000000e+09,-9.393938591009366235e+01
7.234693333333333015e+09,-9.412987537548069383e+01
7.234756666666666985e+09,-9.396170066170141411e+01
7.234820000000000000e+09,-9.442482975283128610e+01
7.234883333333333015e+09,-9.365793592712012128e+01
7.234946666666666985e+09,-9.393753685804765041e+01
7.235010000000000000e+09,-9.367558328256814093e+01
7.235073333333333015e+09,-9.406771037167318639e+01
7.235136666666666985e+09,-9.397737927229016464e+01
7.235200000000000000e+09,-9.391371114022226152e+01
7.235263333333333015e+09,-9.378486053922587473e+01
7.235326666666666985e+09,-9.399347518789360834e+01
7.235390000000000000e+09,-9.397125236807916338e+01
7.235453333333333015e+09,-9.402716925326359387e+01
7.235516666666666985e+09,-9.378040154025013919e+01
7.235580000000000000e+09,-9.422466649622785440e+01
7.235643333333333015e+09,-9.430118853817884883e+01
7.235706666666666985e+09,-9.374763792822366781e+01
7.235770000000000000e+09,-9.386388470473868040e+01
7.235833333333333015e+09,-9.401407467613735491e+01
7.235896666666666985e+09,-9.406940841183002533e+01
7.235960000000000000e+09,-9.404976672056912435e+01
7.236023333333333015e+09,-9.399121683924701642e+01
7.236086666666666985e+09,-9.383908615089474381e+01
7.236150000000000000e+09,-9.373837975375408860e+01
7.236213333333333015e+09,-9.396276875638099568e+01
7.236276666666666985e+09,-9.390078470812881051e+01
7.236340000000000000e+09,-9.404078450663550370e+01
7.236403333333333015e+09,-9.415624689378709888e+01
7.236466666666666985e+09,-9.398151430046907251e+01
7.236530000000000000e+09,-9.384764156831258219e+01
7.236593333333333015e+09,-9.385148330710826770e+01
7.236656666666666985e+09,-9.397961795545509744e+01
7.236720000000000000e+09,-9.397444238013426343e+01
7.236783333333333015e+09,-9.405087621366246253e+01
7.236846666666666985e+09,-9.401114955236727155e+01
7.236910000000000000e+09,-9.406126162101648447e+01
7.236973333333333015e+09,-9.390854817236798624e+01
7.237036666666666985e+09,-9.432418900177623300e+01
7.237100000000000000e+09,-9.396602406287776432e+01
7.237163333333333015e+09,-9.383718149608509407e+01
7.237226666666666985e+09,-9.412211449841187516e+01
7.237290000000000000e+09,-9.431118564491751499e+01
7.237353333333333015e+09,-9.403549652096262434e+01
7.237416666666666985e+09,-9.387805352199448805e+01
7.237480000000000000e+09,-9.397195199934215282e+01
7.237543333333333015e+09,-9.422165818585499153e+01
7.237606666666666985e+09,-9.398410632837533285e+01
7.237670000000000000e+09,-9.408185241761964335e+01
7.237733333333333015e+09,-9.372713362057118047e+01
7.237796666666666985e+09,-9.424166784773576921e+01
7.237860000000000000e+09,-9.405274684210920100e+01
7.237923333333333015e+09,-9.400900945763086725e+01
7.237986666666666985e+09,-9.409472630160097140e+01
7.238050000000000000e+09,-9.396985479571574729e+01
7.238113333333333015e+09,-9.402782959344551728e+01
7.238176666666666985e+09,-9.448218166607267676e+01
7.238240000000000000e+09,-9.419986005491432479e+01
7.238303333333333015e+09,-9.387903793528764140e+01
7.238366666666666985e+09,-9.419243457295800681e+01
7.238430000000000000e+09,-9.377041389043968422e+01
7.238493333333333015e+09,-9.435428947107901365e+01
7.238556666666666985e+09,-9.439130155987912474e+01
7.238620000000000000e+09,-9.420905081665003422e+01
7.238683333333333015e+09,-9.397117775212068125e+01
7.238746666666666985e+09,-9.388177039500583021e+01
7.238810000000000000e+09,-9.413115096143990002e+01
7.238873333333333015e+09,-9.425232772028870443e+01
7.238936666666666985e+09,-9.413781879546377240e+01
7.239000000000000000e+09,-9.409912136997354537e+01
7.239063333333333015e+09,-9.380475136870323638e+01
7.239126666666666985e+09,-9.391281570544185797e+01
7.239190000000000000e+09,-9.396498983753453160e+01
7.239253333333333015e+09,-9.404670446217423319e+01
7.239316666666666985e+09,-9.365615769278568337e+01
7.239380000000000000e+09,-9.415513260270523688e+01
7.239443333333333015e+09,-9.406739820532249041e+01
7.239506666666666985e+09,-9.387016366836284931e+01
7.239570000000000000e+09,-9.384194069760211221e+01
7.239633333333333015e+09,-9.390821876043375482e+01
7.239696666666666985e+09,-9.408777899067892747e+01
7.239760000000000000e+09,-9.406064978792137765e+01
7.239823333333333015e+09,-9.401902016445919230e+01
7.239886666666666985e+09,-9.398841741850151266e+01
7.239950000000000000e+09,-9.409786661739525471e+01
7.240013333333333015e+09,-9.416334257484380998e+01
7.240076666666666985e+09,-9.391709957699217171e+01
7.240140000000000000e+09,-9.403660493006219667e+01
7.240203333333333015e+09,-9.415140011846352763e+01
7.240266666666666985e+09,-9.433391406277316094e+01
7.240330000000000000e+09,-9.409680906345556650e+01
7.240393333333333015e+09,-9.420723283947872062e+01
7.240456666666666985e+09,-9.403352827544608772e+01
7.240520000000000000e+09,-9.423658765082598165e+01
7.240583333333333015e+09,-9.433148624322777209e+01
7.240646666666666985e+09,-9.377983302681701616e+01
7.240710000000000000e+09,-9.404610756392200699e+01
7.240773333333333015e+09,-9.406047509218971925e+01
7.240836666666666985e+09,-9.408879732202984769e+01
7.240900000000000000e+09,-9.422382813710248683e+01
7.240963333333333015e+09,-9.418524638170408991e+01
7.241026666666666985e+09,-9.412288086061444403e+01
7.241090000000000000e+09,-9.405293155555199291e+01
7.241153333333333015e+09,-9.402375414395461917e+01
7.241216666666666985e+09,-9.405365188636270091e+01
7.241280000000000000e+09,-9.410053425709486419e+01
7.241343333333333015e+09,-9.401321803294129609e+01
7.241406666666666985e+09,-9.385848263179271100e+01
7.241470000000000000e+09,-9.418826366473295764e+01
7.241533333333333015e+09,-9.400376201278227484e+01
7.241596666666666985e+09,-9.380957897397790646e+01
7.241660000000000000e+09,-9.421693415382108583e+01
7.241723333333333015e+09,-9.435352750328323168e+01
7.241786666666666985e+09,-9.398385092804799967e+01
7.241850000000000000e+09,-9.417892920857525496e+01
7.241913333333333015e+09,-9.407743377877302748e+01
7.241976666666666985e+09,-9.397083355378951808e+01
7.242040000000000000e+09,-9.422111509889697345e+01
7.242103333333333015e+09,-9.406092093723970038e+01
7.242166666666666985e+09,-9.430998850312151660e+01
7.242230000000000000e+09,-9.388536968968338670e+01
7.242293333333333015e+09,-9.416611781822743410e+01
7.242356666666666985e+09,-9.419967140087445046e+01
7.242420000000000000e+09,-9.421361619250603781e+01
7.242483333333333015e+09,-9.381528000489774399e+01
7.242546666666666985e+09,-9.416768559996157251e+01
7.242610000000000000e+09,-9.394874786464102101e+01
7.242673333333333015e+09,-9.404213659754104526e+01
7.242736666666666985e+09,-9.372894475855331109e+01
7.242800000000000000e+09,-9.442903950094800791e+01
7.242863333333333015e+09,-9.401269220063738885e+01
7.242926666666666985e+09,-9.428899332512142450e+01
7.242990000000000000e+09,-9.407718227350846973e+01
7.243053333333333015e+09,-9.396432200549519109e+01
7.243116666666666985e+09,-9.395133773379670572e+01
7.243180000000000000e+09,-9.401949083923084061e+01
7.243243333333333015e+09,-9.419887271636122250e+01
7.243306666666666985e+09,-9.411902957708264239e+01
7.243370000000000000e+09,-9.393637003158448806e+01
7.243433333333333015e+09,-9.399311212877489652e+01
7.243496666666666985e+09,-9.414141259455824695e+01
7.243560000000000000e+09,-9.404364171994374999e+01
7.243623333333333015e+09,-9.430365342481211144e+01
7.243686666666666985e+09,-9.426836777828054892e+01
7.243750000000000000e+09,-9.434412330755223763e+01
7.243813333333333015e+09,-9.419876706471903560e+01
7.243876666666666985e+09,-9.457394599055919571e+01
7.243940000000000000e+09,-9.414646470402675504e+01
7.244003333333333015e+09,-9.413955467928303733e+01
7.244066666666666985e+09,-9.405137170452297823e+01
7.244130000000000000e+09,-9.414264692650880306e+01
7.244193333333333015e+09,-9.412955101548980963e+01
7.244256666666666985e+09,-9.410401699478477155e+01
7.244320000000000000e+09,-9.426572497924234995e+01
7.244383333333333015e+09,-9.400980317812953047e+01
7.244446666666666985e+09,-9.378038120739449823e+01
7.244510000000000000e+09,-9.419888037137461367e+01
7.244573333333333015e+09,-9.400641737317519642e+01
7.244636666666666985e+09,-9.427376851969282257e+01
7.244700000000000000e+09,-9.427653805660600028e+01
7.244763333333333015e+09,-9.408429209288628670e+01
7.244826666666666985e+09,-9.390901372597200236e+01
7.244890000000000000e+09,-9.394273511660357201e+01
7.244953333333333015e+09,-9.430985400783865202e+01
7.245016666666666985e+09,-9.449650449202776770e+01
7.245080000000000000e+09,-9.402803108590029524e+01
7.245143333333333015e+09,-9.423527306832482964e+01
7.245206666666666985e+09,-9.433697145163441178e+01
7.245270000000000000e+09,-9.416188083529746677e+01
7.245333333333333015e+09,-9.431751162035480718e+01
7.245396666666666985e+09,-9.413303779210329481e+01
7.245460000000000000e+09,-9.422431650586597129e+01
7.245523333333333015e+09,-9.418781550029331129e+01
7.245586666666666985e+09,-9.420819918117841496e+01
7.245650000000000000e+09,-9.414599317898043296e+01
7.245713333333333015e+09,-9.411360501496218944e+01
7.245776666666666985e+09,-9.432334884965797528e+01
7.245840000000000000e+09,-9.450441874851854607e+01
7.245903333333333015e+09,-9.393244509408614817e+01
7.245966666666666985e+09,-9.391125063042099441e+01
7.246030000000000000e+09,-9.435502265345517969e+01
7.246093333333333015e+09,-9.364474197642419995e+01
7.246156666666666985e+09,-9.425131390299409873e+01
7.246220000000000000e+09,-9.425075973148386765e+01
7.246283333333333015e+09,-9.429700848638468358e+01
7.246346666666666985e+09,-9.429404703691679401e+01
7.246410000000000000e+09,-9.404373622665316645e+01
7.246473333333333015e+09,-9.422105303855813929e+01
7.246536666666666985e+09,-9.409481435324178733e+01
7.246600000000000000e+09,-9.367994123571590137e+01
7.246663333333333015e+09,-9.393254869761656778e+01
7.246726666666666985e+09,-9.411382688831763232e+01
7.246790000000000000e+09,-9.424010539641089679e+01
7.246853333333333015e+09,-9.374535490213273192e+01
7.246916666666666985e+09,-9.431507043050808647e+01
7.246980000000000000e+09,-9.413244832184980737e+01
7.247043333333333015e+09,-9.422696627656647195e+01
7.247106666666666985e+09,-9.418949331801985636e+01
7.247170000000000000e+09,-9.391904505636784961e+01
7.247233333333333015e+09,-9.440069865784208503e+01
7.247296666666666985e+09,-9.405632655242825990e+01
7.247360000000000000e+09,-9.404903380873480501e+01
7.247423333333333015e+09,-9.456950248536369941e+01
7.247486666666666985e+09,-9.425289278069431020e+01
7.247550000000000000e+09,-9.405569040846218343e+01
7.247613333333333015e+09,-9.434396340252420998e+01
7.247676666666666985e+09,-9.457979363411597262e+01
7.247740000000000000e+09,-9.442836813679762997e+01
7.247803333333333015e+09,-9.402861323138311889e+01
7.247866666666666985e+09,-9.414859955013938020e+01
7.247930000000000000e+09,-9.395978101237253099e+01
7.247993333333333015e+09,-9.447166183655760108e+01
7.248056666666666985e+09,-9.427942479345587401e+01
7.248120000000000000e+09,-9.410438309143678737e+01
7.248183333333333015e+09,-9.424641003794357630e+01
7.248246666666666985e+09,-9.411664688257756950e+01
7.248310000000000000e+09,-9.414704763161643086e+01
7.248373333333333015e+09,-9.410013320252902247e+01
7.248436666666666985e+09,-9.411695326435982167e+01
7.248500000000000000e+09,-9.383856487892873588e+01
7.248563333333333015e+09,-9.434310055072116086e+01
7.248626666666666985e+09,-9.432360133161567717e+01
7.248690000000000000e+09,-9.394019206431507030e+01
7.248753333333333015e+09,-9.416725624100467940e+01
7.248816666666666985e+09,-9.404494367614771022e+01
7.248880000000000000e+09,-9.415117891810622552e+01
7.248943333333333015e+09,-9.397202428662679097e+01
7.249006666666666985e+09,-9.434260276310826043e+01
7.249070000000000000e+09,-9.403301076797515634e+01
7.249133333333333015e+09,-9.423518647600627673e+01
7.249196666666666985e+09,-9.399559967614766265e+01
7.249260000000000000e+09,-9.391283963728641027e+01
7.249323333333333015e+09,-9.429761432237779673e+01
7.249386666666666985e+09,-9.424967972410274797e+01
7.249450000000000000e+09,-9.417477392142762938e+01
7.249513333333333015e+09,-9.418457752137453554e+01
7.249576666666666985e+09,-9.405362509563357776e+01
7.249640000000000000e+09,-9.438319890001730528e+01
7.249703333333333015e+09,-9.404162210966265434e+01
7.249766666666666985e+09,-9.388882373944974802e+01
7.249830000000000000e+09,-9.402622239154653982e+01
7.249893333333333015e+09,-9.438905098501960822e+01
7.249956666666666985e+09,-9.439749262606071056e+01
7.250020000000000000e+09,-9.418769154498646401e+01
7.250083333333333015e+09,-9.445878741944434864e+01
7.250146666666666985e+09,-9.451634598911115859e+01
7.250210000000000000e+09,-9.432925871396886919e+01
7.250273333333333015e+09,-9.430972184813012404e+01
7.250336666666666985e+09,-9.411380372848742581e+01
7.250400000000000000e+09,-9.430450327266842692e+01
7.250463333333333015e+09,-9.431605368588220983e+01
7.250526666666666985e+09,-9.398888366935814531e+01
7.250590000000000000e+09,-9.415145381868696006e+01
7.250653333333333015e+09,-9.423778465338278920e+01
7.250716666666666985e+09,-9.420270957414879831e+01
7.250780000000000000e+09,-9.386981876822960658e+01
7.250843333333333015e+09,-9.399389209221361341e+01
7.250906666666666985e+09,-9.422479366546163249e+01
7.250970000000000000e+09,-9.432739596227662560e+01
7.251033333333333015e+09,-9.416257715859606492e+01
7.251096666666666985e+09,-9.439064517340462146e+01
7.251160000000000000e+09,-9.430489980478330381e+01
7.251223333333333015e+09,-9.456322493546331032e+01
7.251286666666666985e+09,-9.435699113044321962e+01
7.251350000000000000e+09,-9.399710646150631987e+01
7.251413333333333015e+09,-9.433538036027384521e+01
7.251476666666666985e+09,-9.420942320530060954e+01
7.251540000000000000e+09,-9.436891948769743976e+01
7.251603333333333015e+09,-9.427968716750467593e+01
7.251666666666666985e+09,-9.474542597357013562e+01
7.251730000000000000e+09,-9.412783303332389551e+01
7.251793333333333015e+09,-9.394912708147913349e+01
7.251856666666666985e+09,-9.404563747563636866e+01
7.251920000000000000e+09,-9.416980017582874041e+01
7.251983333333333015e+09,-9.435045499528868618e+01
7.252046666666666985e+09,-9.450140745863718905e+01
7.252110000000000000e+09,-9.431860612623225393e+01
7.252173333333333015e+09,-9.438147218433408625e+01
7.252236666666666985e+09,-9.435679119682062321e+01
7.252300000000000000e+09,-9.412596343580013070e+01
7.252363333333333015e+09,-9.427168564841885257e+01
7.252426666666666985e+09,-9.424111241135747719e+01
7.252490000000000000e+09,-9.404226512563532481e+01
7.252553333333333015e+09,-9.443684064155897318e+01
7.252616666666666985e+09,-9.413205352888064681e+01
7.252680000000000000e+09,-9.412018941670991978e+01
7.252743333333333015e+09,-9.440666307406802105e+01
7.252806666666666985e+09,-9.423938823209016391e+01
7.252870000000000000e+09,-9.400241024146080804e+01
7.252933333333333015e+09,-9.437272984103644546e+01
7.252996666666666985e+09,-9.420209789703309866e+01
7.253060000000000000e+09,-9.439299626724383074e+01
7.253123333333333015e+09,-9.413392156963199398e+01
7.253186666666666985e+09,-9.423647830603080422e+01
7.253250000000000000e+09,-9.439781204107202939e+01
7.253313333333333015e+09,-9.433812185555350993e+01
7.253376666666666985e+09,-9.401640964308660386e+01
7.253440000000000000e+09,-9.440620243909279452e+01
7.253503333333333015e+09,-9.412818040472109260e+01
7.253566666666666985e+09,-9.428212705135088356e+01
7.253630000000000000e+09,-9.426177298172630969e+01
7.253693333333333015e+09,-9.445481501828412263e+01
7.253756666666666985e+09,-9.433438436453991471e+01
7.253820000000000000e+09,-9.450637710848383222e+01
7.253883333333333015e+09,-9.442377766672764494e+01
7.253946666666666985e+09,-9.435803809439200052e+01
7.254010000000000000e+09,-9.422367649041942173e+01
7.254073333333333015e+09,-9.452358080068039214e+01
7.254136666666666985e+09,-9.458086169249723696e+01
7.254200000000000000e+09,-9.452233543279639605e+01
7.254263333333333015e+09,-9.450178491221552690e+01
7.254326666666666985e+09,-9.420343734318571194e+01
7.254390000000000000e+09,-9.465672876496712718e+01
7.254453333333333015e+09,-9.444488298846138719e+01
7.254516666666666985e+09,-9.429208287960840096e+01
7.254580000000000000e+09,-9.467207527462561245e+01
7.254643333333333015e+09,-9.481369485696424704e+01
7.254706666666666985e+09,-9.463799585196889552e+01
7.254770000000000000e+09,-9.448466309165266352e+01
7.254833333333333015e+09,-9.459310708985117344e+01
7.254896666666666985e+09,-9.440762277996101659e+01
7.254960000000000000e+09,-9.438013415564168440e+01
7.255023333333333015e+09,-9.420928770985101153e+01
7.255086666666666985e+09,-9.442648529549134651e+01
7.255150000000000000e+09,-9.468648892173402487e+01
7.255213333333333015e+09,-9.445070995794040414e+01
7.255276666666666985e+09,-9.464265040898480663e+01
7.255340000000000000e+09,-9.437257110624531720e+01
7.255403333333333015e+09,-9.434155745506971869e+01
7.255466666666666985e+09,-9.403871375929443843e+01
7.255530000000000000e+09,-9.482865040029537340e+01
7.255593333333333015e+09,-9.412732426458529744e+01
7.255656666666666985e+09,-9.408078246817450463e+01
7.255720000000000000e+09,-9.422505818444493286e+01
7.255783333333333015e+09,-9.467986629535818111e+01
7.255846666666666985e+09,-9.449091142961007961e+01
7.255910000000000000e+09,-9.442790545061339458e+01
7.255973333333333015e+09,-9.463129105318147083e+01
7.256036666666666985e+09,-9.468129025474229365e+01
7.256100000000000000e+09,-9.446699206884495936e+01
7.256163333333333015e+09,-9.451339990403411662e+01
7.256226666666666985e+09,-9.480923492090565219e+01
7.256290000000000000e+09,-9.459785739560545892e+01
7.256353333333333015e+09,-9.444757759418472176e+01
7.256416666666666985e+09,-9.445660482659627633e+01
7.256480000000000000e+09,-9.490517882187674559e+01
7.256543333333333015e+09,-9.454202648975596901e+01
7.256606666666666985e+09,-9.417254459976714998e+01
7.256670000000000000e+09,-9.469766955793501495e+01
7.256733333333333015e+09,-9.435619506867482187e+01
7.256796666666666985e+09,-9.460396605264915593e+01
7.256860000000000000e+09,-9.461363073195279583e+01
7.256923333333333015e+09,-9.453671813243911970e+01
7.256986666666666985e+09,-9.490478061442351532e+01
7.257050000000000000e+09,-9.473656140516537505e+01
7.257113333333333015e+09,-9.451474640711947472e+01
7.257176666666666985e+09,-9.436528372699001466e+01
7.257240000000000000e+09,-9.469243986177247052e+01
7.257303333333333015e+09,-9.466335095379820075e+01
7.257366666666666985e+09,-9.466299973977321258e+01
7.257430000000000000e+09,-9.434520976061025976e+01
7.257493333333333015e+09,-9.479495974643845102e+01
7.257556666666666985e+09,-9.478280887472271843e+01
7.257620000000000000e+09,-9.451178691059720904e+01
7.257683333333333015e+09,-9.489431965626747001e+01
7.257746666666666985e+09,-9.452650900832630043e+01
7.257810000000000000e+09,-9.461844028902753223e+01
7.257873333333333015e+09,-9.454668915271376761e+01
7.257936666666666985e+09,-9.445829849899807584e+01
7.258000000000000000e+09,-9.424640515210833769e+01
7.258063333333333015e+09,-9.437957475415149133e+01
7.258126666666666985e+09,-9.447784156270810740e+01
7.258190000000000000e+09,-9.501108240852757092e+01
7.258253333333333015e+09,-9.462773950379192911e+01
7.258316666666666985e+09,-9.455956769396198069e+01
7.258380000000000000e+09,-9.468396495188984829e+01
7.258443333333333015e+09,-9.481566331254404645e+01
7.258506666666666985e+09,-9.443581864402121084e+01
7.258570000000000000e+09,-9.434724527413719386e+01
7.258633333333333015e+09,-9.512823800292341048e+01
7.258696666666666985e+09,-9.460165923074367811e+01
7.258760000000000000e+09,-9.444896662830100809e+01
7.258823333333333015e+09,-9.485566936094843982e+01
7.258886666666666985e+09,-9.461913932509391145e+01
7.258950000000000000e+09,-9.462010132264353501e+01
7.259013333333333015e+09,-9.462084867857231529e+01
7.259076666666666985e+09,-9.415922594551018676e+01
7.259140000000000000e+09,-9.487652842073285342e+01
7.259203333333333015e+09,-9.452277412318576921e+01
7.259266666666666985e+09,-9.425973120608449562e+01
7.259330000000000000e+09,-9.435588727462558722e+01
7.259393333333333015e+09,-9.482728871951671579e+01
7.259456666666666985e+09,-9.463199189055330862e+01
7.259520000000000000e+09,-9.459542036874138660e+01
7.259583333333333015e+09,-9.472129776700353432e+01
7.259646666666666985e+09,-9.485542621669188179e+01
7.259710000000000000e+09,-9.466211547735599652e+01
7.259773333333333015e+09,-9.487101221054027178e+01
7.259836666666666985e+09,-9.454172790684145866e+01
7.259900000000000000e+09,-9.463985203156114778e+01
7.259963333333333015e+09,-9.484349868948163476e+01
7.260026666666666985e+09,-9.477513626243812439e+01
7.260090000000000000e+09,-9.421507513472816697e+01
7.260153333333333015e+09,-9.446902395266607755e+01
7.260216666666666985e+09,-9.460180178033888865e+01
7.260280000000000000e+09,-9.486262290473555936e+01
7.260343333333333015e+09,-9.450339821766947068e+01
7.260406666666666985e+09,-9.467155777102460945e+01
7.260470000000000000e+09,-9.444670277071654141e+01
7.260533333333333015e+09,-9.448599793690814863e+01
7.260596666666666985e+09,-9.437827865143178485e+01
7.260660000000000000e+09,-9.459049063353971576e+01
7.260723333333333015e+09,-9.442786220879372650e+01
7.260786666666666985e+09,-9.459925147491549069e+01
7.260850000000000000e+09,-9.466604735464596843e+01
7.260913333333333015e+09,-9.471756544759273311e+01
7.260976666666666985e+09,-9.435753095769838694e+01
7.261040000000000000e+09,-9.433644858739164363e+01
7.261103333333333015e+09,-9.428685098425154365e+01
7.261166666666666985e+09,-9.443201903404832365e+01
7.261230000000000000e+09,-9.473113229594071072e+01
7.261293333333333015e+09,-9.482229707592071577e+01
7.261356666666666985e+09,-9.504381888465678685e+01
7.261420000000000000e+09,-9.489943804888240209e+01
7.261483333333333015e+09,-9.503542875212984598e+01
7.261546666666666985e+09,-9.517744679321069157e+01
7.261610000000000000e+09,-9.531084471695878335e+01
7.261673333333333015e+09,-9.599062727651920568e+01
7.261736666666666985e+09,-9.593521861910106452e+01
7.261800000000000000e+09,-9.664616294953603415e+01
7.261863333333333015e+09,-9.628194591879261566e+01
7.261926666666666985e+09,-9.786708911085068507e+01
7.261990000000000000e+09,-1.012510270884898631e+02
7.262053333333333015e+09,-1.013182957510856710e+02
7.262116666666666985e+09,-9.786505687239107942e+01
7.262180000000000000e+09,-9.586880870125648357e+01
7.262243333333333015e+09,-9.512966116254972349e+01
7.262306666666666985e+09,-9.504569466721024185e+01
7.262370000000000000e+09,-9.536982558911410024e+01
7.262433333333333015e+09,-9.452488781234961834e+01
7.262496666666666985e+09,-9.481532269309737160e+01
7.262560000000000000e+09,-9.486502940229861736e+01
7.262623333333333015e+09,-9.443102753325183585e+01
7.262686666666666985e+09,-9.502967303876532412e+01
7.262750000000000000e+09,-9.468058783428027425e+01
7.262813333333333015e+09,-9.482293055578415419e+01
7.262876666666666985e+09,-9.461457740537559857e+01
7.262940000000000000e+09,-9.455966809417502361e+01
7.263003333333333015e+09,-9.516210715515960317e+01
7.263066666666666985e+09,-9.482968241280096322e+01
7.263130000000000000e+09,-9.462160684261151289e+01
7.263193333333333015e+09,-9.470687491278783909e+01
7.263256666666666985e+09,-9.448067729497238076e+01
7.263320000000000000e+09,-9.498830409592778778e+01
7.263383333333333015e+09,-9.483125192952931570e+01
7.263446666666666985e+09,-9.473403013785265614e+01
7.263510000000000000e+09,-9.505165148132549291e+01
7.263573333333333015e+09,-9.499435136736379093e+01
7.263636666666666985e+09,-9.480590837308278651e+01
7.263700000000000000e+09,-9.459164782996650445e+01
7.263763333333333015e+09,-9.437162276603798716e+01
7.263826666666666985e+09,-9.499663023162847253e+01
7.263890000000000000e+09,-9.474197822726284812e+01
7.263953333333333015e+09,-9.412965337050272296e+01
7.264016666666666985e+09,-9.465829136257082155e+01
7.264080000000000000e+09,-9.450498145949350715e+01
7.264143333333333015e+09,-9.448736073879223341e+01
7.264206666666666985e+09,-9.444055626893037925e+01
7.264270000000000000e+09,-9.505117954421123727e+01
7.264333333333333015e+09,-9.459447414125699538e+01
7.264396666666666985e+09,-9.438829878725647404e+01
7.264460000000000000e+09,-9.488383873924847478e+01
7.264523333333333015e+09,-9.499298208359766704e+01
7.264586666666666985e+09,-9.459986101976114981e+01
7.264650000000000000e+09,-9.501108690579636118e+01
7.264713333333333015e+09,-9.454120766171341472e+01
7.264776666666666985e+09,-9.453005536318750046e+01
7.264840000000000000e+09,-9.439276621705238313e+01
7.264903333333333015e+09,-9.444891357554071476e+01
7.264966666666666985e+09,-9.460391769916697058e+01
7.265030000000000000e+09,-9.464349461406692399e+01
7.265093333333333015e+09,-9.454904115052758584e+01
7.265156666666666985e+09,-9.473033905315004688e+01
7.265220000000000000e+09,-9.494355566217831210e+01
7.265283333333333015e+09,-9.449772071218521319e+01
7.265346666666666985e+09,-9.453121610524621588e+01
7.265410000000000000e+09,-9.469655711533167164e+01
7.265473333333333015e+09,-9.465466753332842131e+01
7.265536666666666985e+09,-9.453204108257571647e+01
7.265600000000000000e+09,-9.490825938444812948e+01
7.265663333333333015e+09,-9.494518683094281641e+01
7.265726666666666985e+09,-9.437049427426137527e+01
7.265790000000000000e+09,-9.476733169829655878e+01
7.265853333333333015e+09,-9.441688809395182602e+01
7.265916666666666985e+09,-9.469287018122136601e+01
7.265980000000000000e+09,-9.493725277402150198e+01
7.266043333333333015e+09,-9.453842988300912964e+01
7.266106666666666985e+09,-9.465814849982984924e+01
7.266170000000000000e+09,-9.467052406821963473e+01
7.266233333333333015e+09,-9.479892973888107122e+01
7.266296666666666985e+09,-9.475798304730736277e+01
7.266360000000000000e+09,-9.476760840937092212e+01
7.266423333333333015e+09,-9.478803855936999412e+01
7.266486666666666985e+09,-9.495895965970036912e+01
7.266550000000000000e+09,-9.471427363465497251e+01
7.266613333333333015e+09,-9.466231767485000148e+01
7.266676666666666985e+09,-9.510154765784028541e+01
7.266740000000000000e+09,-9.462644935090132492e+01
7.266803333333333015e+09,-9.477405342617969097e+01
7.266866666666666985e+09,-9.443873933667174470e+01
7.266930000000000000e+09,-9.485692711609652861e+01
7.266993333333333015e+09,-9.454360207075868061e+01
7.267056666666666985e+09,-9.484588735052462027e+01
7.267120000000000000e+09,-9.435172667936953417e+01
7.267183333333333015e+09,-9.433736956283814834e+01
7.267246666666666985e+09,-9.477267859542845940e+01
7.267310000000000000e+09,-9.467225708571136522e+01
7.267373333333333015e+09,-9.452116220071049213e+01
7.267436666666666985e+09,-9.423888864904783702e+01
7.267500000000000000e+09,-9.467665960375231293e+01
7.267563333333333015e+09,-9.484414335617266545e+01
7.267626666666666985e+09,-9.473805213181046270e+01
7.267690000000000000e+09,-9.442385635896602025e+01
7.267753333333333015e+09,-9.476750638931733306e+01
7.267816666666666985e+09,-9.469205398631092407e+01
7.267880000000000000e+09,-9.476454061218663583e+01
7.267943333333333015e+09,-9.454435771669307087e+01
7.268006666666666985e+09,-9.469090178245045308e+01
7.268070000000000000e+09,-9.456102410726536789e+01
7.268133333333333015e+09,-9.442299830947749228e+01
7.268196666666666985e+09,-9.463960057961099892e+01
7.268260000000000000e+09,-9.512096085339010187e+01
7.268323333333333015e+09,-9.452198937261456990e+01
7.268386666666666985e+09,-9.479635531431803486e+01
7.268450000000000000e+09,-9.475478573207405475e+01
7.268513333333333015e+09,-9.487149006942701135e+01
7.268576666666666985e+09,-9.482177281980567329e+01
7.268640000000000000e+09,-9.423028849759603531e+01
7.268703333333333015e+09,-9.475438055164268292e+01
7.268766666666666985e+09,-9.472452612775059322e+01
7.268830000000000000e+09,-9.458849279512904218e+01
7.268893333333333015e+09,-9.455394110503996785e+01
7.268956666666666985e+09,-9.463269061946053284e+01
7.269020000000000000e+09,-9.465230463689535156e+01
7.269083333333333015e+09,-9.456710885201209749e+01
7.269146666666666985e+09,-9.475502065121091277e+01
7.269210000000000000e+09,-9.473996653196947193e+01
7.269273333333333015e+09,-9.462162508053202714e+01
7.269336666666666985e+09,-9.465397135363559755e+01
7.269400000000000000e+09,-9.453868892623012243e+01
7.269463333333333015e+09,-9.513751136820013699e+01
7.269526666666666985e+09,-9.467132921688248359e+01
7.269590000000000000e+09,-9.482314730845604345e+01
7.269653333333333015e+09,-9.452272395933741223e+01
7.269716666666666985e+09,-9.461988183920112760e+01
7.269780000000000000e+09,-9.461296818287979704e+01
7.269843333333333015e+09,-9.471884536155614853e+01
7.269906666666666985e+09,-9.446834503354941148e+01
7.269970000000000000e+09,-9.475015365370568077e+01
7.270033333333333015e+09,-9.486534359724930709e+01
7.270096666666666985e+09,-9.465010449064187981e+01
7.270160000000000000e+09,-9.487558058468997046e+01
7.270223333333333015e+09,-9.473557680943287096e+01
7.270286666666666985e+09,-9.486630658832331164e+01
7.270350000000000000e+09,-9.468011855636504492e+01
7.270413333333333015e+09,-9.492155530638714822e+01
7.270476666666666985e+09,-9.459164922843447698e+01
7.270540000000000000e+09,-9.483048372821588146e+01
7.270603333333333015e+09,-9.461278821745806056e+01
7.270666666666666985e+09,-9.480381983230947185e+01
7.270730000000000000e+09,-9.441496677460685305e+01
7.270793333333333015e+09,-9.516739687163163808e+01
7.270856666666666985e+09,-9.440313951207328103e+01
7.270920000000000000e+09,-9.453448915198210045e+01
7.270983333333333015e+09,-9.483789332091602375e+01
7.271046666666666985e+09,-9.493851021310356941e+01
7.271110000000000000e+09,-9.473874482015487786e+01
7.271173333333333015e+09,-9.487226167291184709e+01
7.271236666666666985e+09,-9.471285131290431991e+01
7.271300000000000000e+09,-9.510601441406063827e+01
7.271363333333333015e+09,-9.505615917856135866e+01
7.271426666666666985e+09,-9.512266135536117417e+01
7.271490000000000000e+09,-9.472914694886722486e+01
7.271553333333333015e+09,-9.482899768331267865e+01
7.271616666666666985e+09,-9.465624988521638272e+01
7.271680000000000000e+09,-9.489327185188309954e+01
7.271743333333333015e+09,-9.495842703102157145e+01
7.271806666666666985e+09,-9.484594447790099991e+01
7.271870000000000000e+09,-9.451037411813916833e+01
7.271933333333333015e+09,-9.457285293376919810e+01
7.271996666666666985e+09,-9.508076785331327585e+01
7.272060000000000000e+09,-9.511278502881836516e+01
7.272123333333333015e+09,-9.456436761413652903e+01
7.272186666666666985e+09,-9.464327673798960916e+01
7.272250000000000000e+09,-9.489297599994179677e+01
7.272313333333333015e+09,-9.468158173810783751e+01
7.272376666666666985e+09,-9.486817624913918223e+01
7.272440000000000000e+09,-9.535545188193312072e+01
7.272503333333333015e+09,-9.509354298656595006e+01
7.272566666666666985e+09,-9.506408850184467951e+01
7.272630000000000000e+09,-9.496016461098797379e+01
7.272693333333333015e+09,-9.503254396359990608e+01
7.272756666666666985e+09,-9.507106008412499421e+01
7.272820000000000000e+09,-9.486817852376000815e+01
7.272883333333333015e+09,-9.469339287347480649e+01
7.272946666666666985e+09,-9.454094968148396561e+01
7.273010000000000000e+09,-9.490059880312793439e+01
7.273073333333333015e+09,-9.469789648987244846e+01
7.273136666666666985e+09,-9.505881158012955723e+01
7.273200000000000000e+09,-9.490806269767512049e+01
7.273263333333333015e+09,-9.498020964692085499e+01
7.273326666666666985e+09,-9.455893284004510235e+01
7.273390000000000000e+09,-9.497837775436467211e+01
7.273453333333333015e+09,-9.491462682095490777e+01
7.273516666666666985e+09,-9.485005125362660294e+01
7.273580000000000000e+09,-9.485530346315933059e+01
7.273643333333333015e+09,-9.454762432953486950e+01
7.273706666666666985e+09,-9.486002319934526383e+01
7.273770000000000000e+09,-9.472670049730318453e+01
7.273833333333333015e+09,-9.535719190292296332e+01
7.273896666666666985e+09,-9.489235978975143837e+01
7.273960000000000000e+09,-9.465956186217690060e+01
7.274023333333333015e+09,-9.470834056788450539e+01
7.274086666666666985e+09,-9.459356207333571831e+01
7.274150000000000000e+09,-9.477367399432242223e+01
7.274213333333333015e+09,-9.510065341694047447e+01
7.274276666666666985e+09,-9.490646014350289761e+01
7.274340000000000000e+09,-9.480808313929205156e+01
7.274403333333333015e+09,-9.467903208843503648e+01
7.274466666666666985e+09,-9.488573517175241534e+01
7.274530000000000000e+09,-9.504923677550210925e+01
7.274593333333333015e+09,-9.503915736792737334e+01
7.274656666666666985e+09,-9.495373172785750171e+01
7.274720000000000000e+09,-9.478362347221774087e+01
7.274783333333333015e+09,-9.493816768909100290e+01
7.274846666666666985e+09,-9.511597682576729085e+01
7.274910000000000000e+09,-9.491288302016586442e+01
7.274973333333333015e+09,-9.512715759771376156e+01
7.275036666666666985e+09,-9.554880692199800762e+01
7.275100000000000000e+09,-9.512637076164317307e+01
7.275163333333333015e+09,-9.477701810803532112e+01
7.275226666666666985e+09,-9.491205715473755333e+01
7.275290000000000000e+09,-9.480001422435721281e+01
7.275353333333333015e+09,-9.530909890573910559e+01
7.275416666666666985e+09,-9.505400898619870986e+01
7.275480000000000000e+09,-9.487324529446659938e+01
7.275543333333333015e+09,-9.484160054795745509e+01
7.275606666666666985e+09,-9.496296880562664455e+01
7.275670000000000000e+09,-9.501549329915081898e+01
7.275733333333333015e+09,-9.470676207435255378e+01
7.275796666666666985e+09,-9.480949008062337668e+01
7.275860000000000000e+09,-9.513576826185298785e+01
7.275923333333333015e+09,-9.510196203495893030e+01
7.275986666666666985e+09,-9.498404177816422589e+01
7.276050000000000000e+09,-9.502509990661387462e+01
7.276113333333333015e+09,-9.449701267855138553e+01
7.276176666666666985e+09,-9.510703821103894029e+01
7.276240000000000000e+09,-9.510720641497657368e+01
7.276303333333333015e+09,-9.491594966052107907e+01
7.276366666666666985e+09,-9.526691447002048108e+01
7.276430000000000000e+09,-9.483991993173293622e+01
7.276493333333333015e+09,-9.533186333213008368e+01
7.276556666666666985e+09,-9.502431810830630354e+01
7.276620000000000000e+09,-9.478940609469292156e+01
7.276683333333333015e+09,-9.500034262536991037e+01
7.276746666666666985e+09,-9.480997912151232754e+01
7.276810000000000000e+09,-9.523425042844083066e+01
7.276873333333333015e+09,-9.548050462059342181e+01
7.276936666666666985e+09,-9.522697840530940994e+01
7.277000000000000000e+09,-9.496536028082201142e+01
7.277063333333333015e+09,-9.493124590145612274e+01
7.277126666666666985e+09,-9.541223744911447113e+01
7.277190000000000000e+09,-9.463146763709119114e+01
7.277253333333333015e+09,-9.475079129836819902e+01
7.277316666666666985e+09,-9.503985023274368871e+01
7.277380000000000000e+09,-9.507828603290764136e+01
7.277443333333333015e+09,-9.515869073591561289e+01
7.277506666666666985e+09,-9.513677989026830062e+01
7.277570000000000000e+09,-9.502929373567928906e+01
7.277633333333333015e+09,-9.487499590972375074e+01
7.277696666666666985e+09,-9.522258435901605367e+01
7.277760000000000000e+09,-9.553338539980995847e+01
7.277823333333333015e+09,-9.522431021438505638e+01
7.277886666666666985e+09,-9.496728142185837385e+01
7.277950000000000000e+09,-9.481919334771777130e+01
7.278013333333333015e+09,-9.505614439383526815e+01
7.278076666666666985e+09,-9.498181380455889666e+01
7.278140000000000000e+09,-9.504124323743859293e+01
7.278203333333333015e+09,-9.494092985248308025e+01
7.278266666666666985e+09,-9.530061871147714214e+01
7.278330000000000000e+09,-9.473932436847645988e+01
7.278393333333333015e+09,-9.504143123203454024e+01
7.278456666666666985e+09,-9.517909108999606360e+01
7.278520000000000000e+09,-9.509210105588273620e+01
7.278583333333333015e+09,-9.500871918763442636e+01
7.278646666666666985e+09,-9.523291731036984231e+01
7.278710000000000000e+09,-9.476644589992646672e+01
7.278773333333333015e+09,-9.477313619361356700e+01
7.278836666666666985e+09,-9.491325823137673012e+01
7.278900000000000000e+09,-9.505988344364091347e+01
7.278963333333333015e+09,-9.508913040712579345e+01
7.279026666666666985e+09,-9.510801746456992589e+01
7.279090000000000000e+09,-9.532645400342344999e+01
7.279153333333333015e+09,-9.491611072265469318e+01
7.279216666666666985e+09,-9.494320643597768594e+01
7.279280000000000000e+09,-9.490997162524671182e+01
7.279343333333333015e+09,-9.528016512268223437e+01
7.279406666666666985e+09,-9.508939222455884988e+01
7.279470000000000000e+09,-9.526117065896332292e+01
7.279533333333333015e+09,-9.505947311047395942e+01
7.279596666666666985e+09,-9.526598190244203579e+01
7.279660000000000000e+09,-9.490218373528234963e+01
7.279723333333333015e+09,-9.525037540432036565e+01
7.279786666666666985e+09,-9.504959750089349768e+01
7.279850000000000000e+09,-9.523758037083146633e+01
7.279913333333333015e+09,-9.515003708559180495e+01
7.279976666666666985e+09,-9.535324838335412778e+01
7.280040000000000000e+09,-9.506760184918067580e+01
7.280103333333333015e+09,-9.530596024872610883e+01
7.280166666666666985e+09,-9.551198342102715344e+01
7.280230000000000000e+09,-9.529689021512996305e+01
7.280293333333333015e+09,-9.520800702084720513e+01
7.280356666666666985e+09,-9.511608197571248979e+01
7.280420000000000000e+09,-9.480779078204659527e+01
7.280483333333333015e+09,-9.507817749284117781e+01
7.280546666666666985e+09,-9.513159434379760171e+01
7.280610000000000000e+09,-9.500166504200321071e+01
7.280673333333333015e+09,-9.524524314798362923e+01
7.280736666666666985e+09,-9.533291834092329964e+01
7.280800000000000000e+09,-9.508674795672510527e+01
7.280863333333333015e+09,-9.513744043816188878e+01
7.280926666666666985e+09,-9.526531945715953498e+01
7.280990000000000000e+09,-9.521672513998956333e+01
7.281053333333333015e+09,-9.500265957639638259e+01
7.281116666666666985e+09,-9.508898466806975591e+01
7.281180000000000000e+09,-9.534376886963258357e+01
7.281243333333333015e+09,-9.509968287759184591e+01
7.281306666666666985e+09,-9.506423546019469484e+01
7.281370000000000000e+09,-9.521524567593517929e+01
7.281433333333333015e+09,-9.547791405354708161e+01
7.281496666666666985e+09,-9.519116529926436954e+01
7.281560000000000000e+09,-9.544866670479169102e+01
7.281623333333333015e+09,-9.514495554211391948e+01
7.281686666666666985e+09,-9.554427635819800457e+01
7.281750000000000000e+09,-9.519417256852996445e+01
7.281813333333333015e+09,-9.524381560433845095e+01
7.281876666666666985e+09,-9.524345263845320630e+01
7.281940000000000000e+09,-9.508796149939220754e+01
7.282003333333333015e+09,-9.531190921421513451e+01
7.282066666666666985e+09,-9.524060674353236777e+01
7.282130000000000000e+09,-9.495372465153229768e+01
7.282193333333333015e+09,-9.500973197399628134e+01
7.282256666666666985e+09,-9.502711517366712712e+01
7.282320000000000000e+09,-9.551019170104444811e+01
7.282383333333333015e+09,-9.506504565797044393e+01
7.282446666666666985e+09,-9.533925436374710216e+01
7.282510000000000000e+09,-9.500538268089657379e+01
7.282573333333333015e+09,-9.525927370858120469e+01
7.282636666666666985e+09,-9.522545153528896833e+01
7.282700000000000000e+09,-9.513164568589388637e+01
7.282763333333333015e+09,-9.539318158696150363e+01
7.282826666666666985e+09,-9.498148440902041045e+01
7.282890000000000000e+09,-9.544500069596412573e+01
7.282953333333333015e+09,-9.508230455273670145e+01
7.283016666666666985e+09,-9.532419252841589241e+01
7.283080000000000000e+09,-9.519881469881880776e+01
7.283143333333333015e+09,-9.543590111365928408e+01
7.283206666666666985e+09,-9.544951358407381292e+01
7.283270000000000000e+09,-9.513415375140154140e+01
7.283333333333333015e+09,-9.484618823198229620e+01
7.283396666666666985e+09,-9.533302720976834621e+01
7.283460000000000000e+09,-9.518832815387048640e+01
7.283523333333333015e+09,-9.515256958796022957e+01
7.283586666666666985e+09,-9.515623420328768134e+01
7.283650000000000000e+09,-9.528053450405387537e+01
7.283713333333333015e+09,-9.552774007358365793e+01
7.283776666666666985e+09,-9.520178125524516588e+01
7.283840000000000000e+09,-9.523714776225033063e+01
7.283903333333333015e+09,-9.520307752788377798e+01
7.283966666666666985e+09,-9.481089160795917792e+01
7.284030000000000000e+09,-9.562192937339617060e+01
7.284093333333333015e+09,-9.508339065036800264e+01
7.284156666666666985e+09,-9.523531489993216326e+01
7.284220000000000000e+09,-9.575228884903933135e+01
7.284283333333333015e+09,-9.500171132085228010e+01
7.284346666666666985e+09,-9.502706973076519148e+01
7.284410000000000000e+09,-9.524412426995280612e+01
7.284473333333333015e+09,-9.515919905864492989e+01
7.284536666666666985e+09,-9.532678459854751907e+01
7.284600000000000000e+09,-9.518248990611118643e+01
7.284663333333333015e+09,-9.522966026355135227e+01
7.284726666666666985e+09,-9.493336117706070354e+01
7.284790000000000000e+09,-9.496781240659855428e+01
7.284853333333333015e+09,-9.532935483106146535e+01
7.284916666666666985e+09,-9.543757410957057630e+01
7.284980000000000000e+09,-9.545482021010974449e+01
7.285043333333333015e+09,-9.507569644663342956e+01
7.285106666666666985e+09,-9.510232068459158938e+01
7.285170000000000000e+09,-9.534841142759600530e+01
7.285233333333333015e+09,-9.539751806711177551e+01
7.285296666666666985e+09,-9.529319117408229545e+01
7.285360000000000000e+09,-9.529851706438400072e+01
7.285423333333333015e+09,-9.540474386085867309e+01
7.285486666666666985e+09,-9.547679149416839550e+01
7.285550000000000000e+09,-9.525497333413083823e+01
7.285613333333333015e+09,-9.538489444868061184e+01
7.285676666666666985e+09,-9.576380260956904067e+01
7.285740000000000000e+09,-9.550827095285301027e+01
7.285803333333333015e+09,-9.513105512598579594e+01
7.285866666666666985e+09,-9.516308349923285448e+01
7.285930000000000000e+09,-9.537410482465837447e+01
7.285993333333333015e+09,-9.492394186846952664e+01
7.286056666666666985e+09,-9.542777649561625708e+01
7.286120000000000000e+09,-9.522521250353310052e+01
7.286183333333333015e+09,-9.533934874268823023e+01
7.286246666666666985e+09,-9.523701912656376578e+01
7.286310000000000000e+09,-9.527265118593010129e+01
7.286373333333333015e+09,-9.522004313719838819e+01
7.286436666666666985e+09,-9.528327052297173339e+01
7.286500000000000000e+09,-9.530047184439014529e+01
7.286563333333333015e+09,-9.534679432062196724e+01
7.286626666666666985e+09,-9.515594644630537857e+01
7.286690000000000000e+09,-9.513492243209887533e+01
7.286753333333333015e+09,-9.539046308292844856e+01
7.286816666666666985e+09,-9.521867364586717031e+01
7.286880000000000000e+09,-9.511834210897197295e+01
7.286943333333333015e+09,-9.528103131825835703e+01
7.287006666666666985e+09,-9.543169702324100001e+01
7.287070000000000000e+09,-9.509556960097883405e+01
7.287133333333333015e+09,-9.523372367178978948e+01
7.287196666666666985e+09,-9.530963724887374156e+01
7.287260000000000000e+09,-9.542716346003972205e+01
7.287323333333333015e+09,-9.475374390352590126e+01
7.287386666666666985e+09,-9.541454966732604248e+01
7.287450000000000000e+09,-9.529094101996859933e+01
7.287513333333333015e+09,-9.529707867122523623e+01
7.287576666666666985e+09,-9.538876309026917966e+01
7.287640000000000000e+09,-9.518326228922919086e+01
7.287703333333333015e+09,-9.547205493555865985e+01
7.287766666666666985e+09,-9.484288843007404068e+01
7.287830000000000000e+09,-9.555187356221244954e+01
7.287893333333333015e+09,-9.529842813871945850e+01
7.287956666666666985e+09,-9.559180342612611980e+01
7.288020000000000000e+09,-9.556781211511804486e+01
7.288083333333333015e+09,-9.533163381682911108e+01
7.288146666666666985e+09,-9.541277881138805128e+01
7.288210000000000000e+09,-9.529854041649720386e+01
7.288273333333333015e+09,-9.513213203709955224e+01
7.288336666666666985e+09,-9.577418274803596887e+01
7.288400000000000000e+09,-9.509374809001531048e+01
7.288463333333333015e+09,-9.546632636427473528e+01
7.288526666666666985e+09,-9.531147619324019615e+01
7.288590000000000000e+09,-9.550517720396950949e+01
7.288653333333333015e+09,-9.562525056716575023e+01
7.288716666666666985e+09,-9.535545670829735343e+01
7.288780000000000000e+09,-9.492221892091359337e+01
7.288843333333333015e+09,-9.535664144762377248e+01
7.288906666666666985e+09,-9.536481929972966043e+01
7.288970000000000000e+09,-9.539562393822583886e+01
7.289033333333333015e+09,-9.541515619118264624e+01
7.289096666666666985e+09,-9.536194693604022632e+01
7.289160000000000000e+09,-9.495946581331679681e+01
7.289223333333333015e+09,-9.539054491686971460e+01
7.289286666666666985e+09,-9.513846726211338023e+01
7.289350000000000000e+09,-9.549401483828106052e+01
7.289413333333333015e+09,-9.533933526193277430e+01
7.289476666666666985e+09,-9.562313564451919490e+01
7.289540000000000000e+09,-9.532794704978383038e+01
7.289603333333333015e+09,-9.577538909911459086e+01
7.289666666666666985e+09,-9.518116055349993587e+01
7.289730000000000000e+09,-9.575621164436702770e+01
7.289793333333333015e+09,-9.593852228339918042e+01
7.289856666666666985e+09,-9.536268502580597328e+01
7.289920000000000000e+09,-9.559841239360559939e+01
7.289983333333333015e+09,-9.552752897277690636e+01
7.290046666666666985e+09,-9.601055890900937584e+01
7.290110000000000000e+09,-9.599684089155259414e+01
7.290173333333333015e+09,-9.652328850798758708e+01
7.290236666666666985e+09,-9.739427785966958595e+01
7.290300000000000000e+09,-9.784630519021041550e+01
7.290363333333333015e+09,-9.877430378212216056e+01
7.290426666666666985e+09,-1.016247289935215008e+02
7.290490000000000000e+09,-1.057283950218919557e+02
7.290553333333333015e+09,-1.000493576382741310e+02
7.290616666666666985e+09,-9.754935870222197991e+01
7.290680000000000000e+09,-9.647231386010452070e+01
7.290743333333333015e+09,-9.619877372142525473e+01
7.290806666666666985e+09,-9.564395515693445304e+01
7.290870000000000000e+09,-9.568088675033050094e+01
7.290933333333333015e+09,-9.564079352643317122e+01
7.290996666666666985e+09,-9.564312729126709201e+01
7.291060000000000000e+09,-9.571989610296984097e+01
7.291123333333333015e+09,-9.552839122250495052e+01
7.291186666666666985e+09,-9.528048628810024923e+01
7.291250000000000000e+09,-9.551677418181444068e+01
7.291313333333333015e+09,-9.542000047900819482e+01
7.291376666666666985e+09,-9.548087091970090512e+01
7.291440000000000000e+09,-9.574424293276608466e+01
7.291503333333333015e+09,-9.543574154806755416e+01
7.291566666666666985e+09,-9.575427365257141332e+01
7.291630000000000000e+09,-9.536636081506487983e+01
7.291693333333333015e+09,-9.580168203434055840e+01
7.291756666666666985e+09,-9.526704342681742332e+01
7.291820000000000000e+09,-9.574022423153921579e+01
7.291883333333333015e+09,-9.525903126901889095e+01
7.291946666666666985e+09,-9.575747669915560323e+01
7.292010000000000000e+09,-9.552007441825985268e+01
7.292073333333333015e+09,-9.543382724841238485e+01
7.292136666666666985e+09,-9.525601581889389990e+01
7.292200000000000000e+09,-9.548212676300607882e+01
7.292263333333333015e+09,-9.563561494186947698e+01
7.292326666666666985e+09,-9.552377780202719748e+01
7.292390000000000000e+09,-9.557149704632971066e+01
7.292453333333333015e+09,-9.578663995695583822e+01
7.292516666666666985e+09,-9.536757099116667291e+01
7.292580000000000000e+09,-9.561747938690062654e+01
7.292643333333333015e+09,-9.543313172130531541e+01
7.292706666666666985e+09,-9.552649305956073533e+01
7.292770000000000000e+09,-9.597603167049486217e+01
7.292833333333333015e+09,-9.569175600089823774e+01
7.292896666666666985e+09,-9.534087156909352245e+01
7.292960000000000000e+09,-9.534974431501360925e+01
7.293023333333333015e+09,-9.562163994005891254e+01
7.293086666666666985e+09,-9.562179539428888120e+01
7.293150000000000000e+09,-9.561286387105793949e+01
7.293213333333333015e+09,-9.569980860814047219e+01
7.293276666666666985e+09,-9.528931552042368480e+01
7.293340000000000000e+09,-9.549792681028876018e+01
7.293403333333333015e+09,-9.527477344110903346e+01
7.293466666666666985e+09,-9.529393913487237455e+01
7.293530000000000000e+09,-9.545009643617959227e+01
7.293593333333333015e+09,-9.546427231325851892e+01
7.293656666666666985e+09,-9.547091760158903639e+01
7.293720000000000000e+09,-9.544750870249153252e+01
7.293783333333333015e+09,-9.538077681696441346e+01
7.293846666666666985e+09,-9.558675946577393745e+01
7.293910000000000000e+09,-9.519980319235109789e+01
7.293973333333333015e+09,-9.541753831697845101e+01
7.294036666666666985e+09,-9.552377380468672641e+01
7.294100000000000000e+09,-9.563685116347471649e+01
7.294163333333333015e+09,-9.524418022120123339e+01
7.294226666666666985e+09,-9.566496875399022315e+01
7.294290000000000000e+09,-9.530321832252343484e+01
7.294353333333333015e+09,-9.584231176388222195e+01
7.294416666666666985e+09,-9.555159214574885596e+01
7.294480000000000000e+09,-9.551975770220415995e+01
7.294543333333333015e+09,-9.601127254735443728e+01
7.294606666666666985e+09,-9.556894444397899235e+01
7.294670000000000000e+09,-9.569427505012399138e+01
7.294733333333333015e+09,-9.547217477273417785e+01
7.294796666666666985e+09,-9.525569807193727456e+01
7.294860000000000000e+09,-9.546122537279201481e+01
7.294923333333333015e+09,-9.577542264017337459e+01
7.294986666666666985e+09,-9.546591871668655926e+01
7.295050000000000000e+09,-9.570415719723388293e+01
7.295113333333333015e+09,-9.545525570176661745e+01
7.295176666666666985e+09,-9.595761735794182812e+01
7.295240000000000000e+09,-9.572302800391597088e+01
7.295303333333333015e+09,-9.590717404073595276e+01
7.295366666666666985e+09,-9.581912201762659720e+01
7.295430000000000000e+09,-9.540107054632885308e+01
7.295493333333333015e+09,-9.561968408790468743e+01
7.295556666666666985e+09,-9.551816039768897326e+01
7.295620000000000000e+09,-9.536535871490073646e+01
7.295683333333333015e+09,-9.593444383831298694e+01
7.295746666666666985e+09,-9.535753851884599896e+01
7.295810000000000000e+09,-9.553869205298258294e+01
7.295873333333333015e+09,-9.586208510141813122e+01
7.295936666666666985e+09,-9.542624466045430154e+01
7.296000000000000000e+09,-9.567774007858204754e+01
7.296063333333333015e+09,-9.510564900985143311e+01
7.296126666666666985e+09,-9.562259967257227800e+01
7.296190000000000000e+09,-9.581321932810641329e+01
7.296253333333333015e+09,-9.527247021699592722e+01
7.296316666666666985e+09,-9.532674968165055418e+01
7.296380000000000000e+09,-9.563760198530950163e+01
7.296443333333333015e+09,-9.554275513515294449e+01
7.296506666666666985e+09,-9.528231164070868431e+01
7.296570000000000000e+09,-9.579182908148355580e+01
7.296633333333333015e+09,-9.558045385518931880e+01
7.296696666666666985e+09,-9.583587339345905320e+01
7.296760000000000000e+09,-9.553865421384099932e+01
7.296823333333333015e+09,-9.571298927968635439e+01
7.296886666666666985e+09,-9.532707923651015847e+01
7.296950000000000000e+09,-9.600762861630228429e+01
7.297013333333333015e+09,-9.557960035374377128e+01
7.297076666666666985e+09,-9.563372341494886086e+01
7.297140000000000000e+09,-9.567594749053131409e+01
7.297203333333333015e+09,-9.574742571806034164e+01
7.297266666666666985e+09,-9.552819312787386252e+01
7.297330000000000000e+09,-9.530207527489682207e+01
7.297393333333333015e+09,-9.560456141644438333e+01
7.297456666666666985e+09,-9.593372673385339056e+01
7.297520000000000000e+09,-9.574822797485097681e+01
7.297583333333333015e+09,-9.527801499878641778e+01
7.297646666666666985e+09,-9.544845904293848093e+01
7.297710000000000000e+09,-9.546545075304590000e+01
7.297773333333333015e+09,-9.566652499703454282e+01
7.297836666666666985e+09,-9.558286231655944221e+01
7.297900000000000000e+09,-9.589856801291382737e+01
7.297963333333333015e+09,-9.575485812645180772e+01
7.298026666666666985e+09,-9.560539110555549769e+01
7.298090000000000000e+09,-9.545823632207751075e+01
7.298153333333333015e+09,-9.607043844216754280e+01
7.298216666666666985e+09,-9.578118026845564259e+01
7.298280000000000000e+09,-9.538200463974118293e+01
7.298343333333333015e+09,-9.551727499979413949e+01
7.298406666666666985e+09,-9.527435288115172796e+01
7.298470000000000000e+09,-9.599252908831817876e+01
7.298533333333333015e+09,-9.551894907326898476e+01
7.298596666666666985e+09,-9.586502483804528651e+01
7.298660000000000000e+09,-9.571391822937796690e+01
7.298723333333333015e+09,-9.572497388081116299e+01
7.298786666666666985e+09,-9.545334463733260577e+01
7.298850000000000000e+09,-9.578351252444493014e+01
7.298913333333333015e+09,-9.582249589306577775e+01
7.298976666666666985e+09,-9.583630495476941746e+01
7.299040000000000000e+09,-9.564154922492760136e+01
7.299103333333333015e+09,-9.580041693456993812e+01
7.299166666666666985e+09,-9.579342118752205693e+01
7.299230000000000000e+09,-9.564045520841523285e+01
7.299293333333333015e+09,-9.534268243494709338e+01
7.299356666666666985e+09,-9.582393349715049169e+01
7.299420000000000000e+09,-9.589442630996758510e+01
7.299483333333333015e+09,-9.591795845161624356e+01
7.299546666666666985e+09,-9.546535504091671953e+01
7.299610000000000000e+09,-9.554901436759203648e+01
7.299673333333333015e+09,-9.578486136275697049e+01
7.299736666666666985e+09,-9.578527227127118238e+01
7.299800000000000000e+09,-9.558001935656886872e+01
7.299863333333333015e+09,-9.582608314306418151e+01
7.299926666666666985e+09,-9.609996153279338671e+01
7.299990000000000000e+09,-9.544350899858409321e+01
7.300053333333333015e+09,-9.572440932408485992e+01
7.300116666666666985e+09,-9.542645387539515411e+01
7.300180000000000000e+09,-9.561057214468343091e+01
7.300243333333333015e+09,-9.540121255909218689e+01
7.300306666666666985e+09,-9.564670697170113556e+01
7.300370000000000000e+09,-9.610424090799013186e+01
7.300433333333333015e+09,-9.536993770481160482e+01
7.300496666666666985e+09,-9.568539202257268528e+01
7.300560000000000000e+09,-9.576114011050157160e+01
7.300623333333333015e+09,-9.565991637800269132e+01
7.300686666666666985e+09,-9.581125549950644427e+01
7.300750000000000000e+09,-9.573682145142798561e+01
7.300813333333333015e+09,-9.591406105701176443e+01
7.300876666666666985e+09,-9.549579096058964467e+01
7.300940000000000000e+09,-9.592635845860053223e+01
7.301003333333333015e+09,-9.556573677924896515e+01
7.301066666666666985e+09,-9.584803679210246230e+01
7.301130000000000000e+09,-9.570415635619167460e+01
7.301193333333333015e+09,-9.573406257446406187e+01
7.301256666666666985e+09,-9.558191212812374715e+01
7.301320000000000000e+09,-9.561404119516541300e+01
7.301383333333333015e+09,-9.563935330416050817e+01
7.301446666666666985e+09,-9.569578228649989171e+01
7.301510000000000000e+09,-9.543243530382994777e+01
7.301573333333333015e+09,-9.598537872262488690e+01
7.301636666666666985e+09,-9.605732603126726588e+01
7.301700000000000000e+09,-9.563447359425856575e+01
7.301763333333333015e+09,-9.522353877450213133e+01
7.301826666666666985e+09,-9.559315516526672241e+01
7.301890000000000000e+09,-9.601350440224487670e+01
7.301953333333333015e+09,-9.581158393859485045e+01
7.302016666666666985e+09,-9.609861219059423831e+01
7.302080000000000000e+09,-9.574452300900099999e+01
7.302143333333333015e+09,-9.563554596739633951e+01
7.302206666666666985e+09,-9.575235785508382946e+01
7.302270000000000000e+09,-9.600297647468420337e+01
7.302333333333333015e+09,-9.575277449378332051e+01
7.302396666666666985e+09,-9.575767010403589552e+01
7.302460000000000000e+09,-9.566517920496580984e+01
7.302523333333333015e+09,-9.603050720943878105e+01
7.302586666666666985e+09,-9.586147608423578959e+01
7.302650000000000000e+09,-9.594639095992062039e+01
7.302713333333333015e+09,-9.569159953969516152e+01
7.302776666666666985e+09,-9.554648863835006978e+01
7.302840000000000000e+09,-9.571036330647986290e+01
7.302903333333333015e+09,-9.575235884107017625e+01
7.302966666666666985e+09,-9.593445247420888222e+01
7.303030000000000000e+09,-9.571257713834626202e+01
7.303093333333333015e+09,-9.571084908931716484e+01
7.303156666666666985e+09,-9.550528192901961688e+01
7.303220000000000000e+09,-9.598383267848085154e+01
7.303283333333333015e+09,-9.552484910764954407e+01
7.303346666666666985e+09,-9.580222443213379790e+01
7.303410000000000000e+09,-9.578394676963941379e+01
7.303473333333333015e+09,-9.554804427799513178e+01
7.303536666666666985e+09,-9.576625412178358943e+01
7.303600000000000000e+09,-9.597292920388366610e+01
7.303663333333333015e+09,-9.573435187738473928e+01
7.303726666666666985e+09,-9.555115855042356543e+01
7.303790000000000000e+09,-9.562915070285234265e+01
7.303853333333333015e+09,-9.550125809940371369e+01
7.303916666666666985e+09,-9.555894321173256856e+01
7.303980000000000000e+09,-9.595583265425125319e+01
7.304043333333333015e+09,-9.569246023719847472e+01
7.304106666666666985e+09,-9.566874580117192295e+01
7.304170000000000000e+09,-9.582498008545010748e+01
7.304233333333333015e+09,-9.557338833246700460e+01
7.304296666666666985e+09,-9.580774875281062464e+01
7.304360000000000000e+09,-9.586447395582138142e+01
7.304423333333333015e+09,-9.566752842937589207e+01
7.304486666666666985e+09,-9.569812990451566748e+01
7.304550000000000000e+09,-9.592304806477679335e+01
7.304613333333333015e+09,-9.563489427006396681e+01
7.304676666666666985e+09,-9.578287545958880855e+01
7.304740000000000000e+09,-9.585950329293267203e+01
7.304803333333333015e+09,-9.563166263762684594e+01
7.304866666666666985e+09,-9.588568981379347633e+01
7.304930000000000000e+09,-9.573231979655795953e+01
7.304993333333333015e+09,-9.549931261234533508e+01
7.305056666666666985e+09,-9.558129866138331465e+01
7.305120000000000000e+09,-9.580704291261071148e+01
7.305183333333333015e+09,-9.580854709995519158e+01
7.305246666666666985e+09,-9.568914746290636231e+01
7.305310000000000000e+09,-9.560184858742856306e+01
7.305373333333333015e+09,-9.586204166135399873e+01
7.305436666666666985e+09,-9.559898202242817433e+01
7.305500000000000000e+09,-9.584078885756142085e+01
7.305563333333333015e+09,-9.562120696154519806e+01
7.305626666666666985e+09,-9.577545455261059715e+01
7.305690000000000000e+09,-9.558980757214169444e+01
7.305753333333333015e+09,-9.544695900792805787e+01
7.305816666666666985e+09,-9.572543860500854862e+01
7.305880000000000000e+09,-9.569610997394630658e+01
7.305943333333333015e+09,-9.582857128636150890e+01
7.306006666666666985e+09,-9.567594097656090923e+01
7.306070000000000000e+09,-9.579051712472241320e+01
7.306133333333333015e+09,-9.593482485152679828e+01
7.306196666666666985e+09,-9.567098315311106660e+01
7.306260000000000000e+09,-9.570874803526388064e+01
7.306323333333333015e+09,-9.576298786813845254e+01
7.306386666666666985e+09,-9.556463960506977173e+01
7.306450000000000000e+09,-9.565947244316241438e+01
7.306513333333333015e+09,-9.552127873697835980e+01
7.306576666666666985e+09,-9.603197373803956793e+01
7.306640000000000000e+09,-9.566695810269108335e+01
7.306703333333333015e+09,-9.551253032807464649e+01
7.306766666666666985e+09,-9.579131959982390754e+01
7.306830000000000000e+09,-9.562475634609560871e+01
7.306893333333333015e+09,-9.568577240069684819e+01
7.306956666666666985e+09,-9.582365276427714207e+01
7.307020000000000000e+09,-9.572581451671501895e+01
7.307083333333333015e+09,-9.591787792672255364e+01
7.307146666666666985e+09,-9.578699198348303412e+01
7.307210000000000000e+09,-9.560100640935664273e+01
7.307273333333333015e+09,-9.578752693501752447e+01
7.307336666666666985e+09,-9.567883286783867902e+01
7.307400000000000000e+09,-9.576458584119878026e+01
7.307463333333333015e+09,-9.587150217678637887e+01
7.307526666666666985e+09,-9.572095039881800460e+01
7.307590000000000000e+09,-9.588899931593329029e+01
7.307653333333333015e+09,-9.582802239808343359e+01
7.307716666666666985e+09,-9.584506439455184079e+01
7.307780000000000000e+09,-9.564253474487648532e+01
7.307843333333333015e+09,-9.583038369991365357e+01
7.307906666666666985e+09,-9.615355086201185486e+01
7.307970000000000000e+09,-9.554420936190253144e+01
7.308033333333333015e+09,-9.577920861941036890e+01
7.308096666666666985e+09,-9.582847895636673741e+01
7.308160000000000000e+09,-9.562220514270603644e+01
7.308223333333333015e+09,-9.545740019176020041e+01
7.308286666666666985e+09,-9.572006722795437383e+01
7.308350000000000000e+09,-9.599664412750453835e+01
7.308413333333333015e+09,-9.606435302685044064e+01
7.308476666666666985e+09,-9.563143409942784956e+01
7.308540000000000000e+09,-9.576141902596786792e+01
7.308603333333333015e+09,-9.568448049856851867e+01
7.308666666666666985e+09,-9.566552848199029313e+01
7.308730000000000000e+09,-9.633549353085908251e+01
7.308793333333333015e+09,-9.556722237146760790e+01
7.308856666666666985e+09,-9.569217881457213082e+01
7.308920000000000000e+09,-9.586627972731068326e+01
7.308983333333333015e+09,-9.568389358644071763e+01
7.309046666666666985e+09,-9.581055618948383312e+01
7.309110000000000000e+09,-9.583023071407836824e+01
7.309173333333333015e+09,-9.558639671313741815e+01
7.309236666666666985e+09,-9.570745487244379035e+01
7.309300000000000000e+09,-9.562532840672605516e+01
7.309363333333333015e+09,-9.568008118324937072e+01
7.309426666666666985e+09,-9.572139983175688371e+01
7.309490000000000000e+09,-9.596797093246662769e+01
7.309553333333333015e+09,-9.571149418904538209e+01
7.309616666666666985e+09,-9.526062664089292298e+01
7.309680000000000000e+09,-9.610784890057574614e+01
7.309743333333333015e+09,-9.551943727354642988e+01
7.309806666666666985e+09,-9.600558018634033886e+01
7.309870000000000000e+09,-9.588784919421462405e+01
7.309933333333333015e+09,-9.573981306405384828e+01
7.309996666666666985e+09,-9.609805015594380961e+01
7.310060000000000000e+09,-9.560246749562176660e+01
7.310123333333333015e+09,-9.577866338055309825e+01
7.310186666666666985e+09,-9.569908947302521085e+01
7.310250000000000000e+09,-9.574714649755679829e+01
7.310313333333333015e+09,-9.583758864779494502e+01
7.310376666666666985e+09,-9.578240715905424452e+01
7.310440000000000000e+09,-9.600386892739273037e+01
7.310503333333333015e+09,-9.586462411958150653e+01
7.310566666666666985e+09,-9.570425937032523223e+01
7.310630000000000000e+09,-9.582767599824110505e+01
7.310693333333333015e+09,-9.574832118682425630e+01
7.310756666666666985e+09,-9.630487292708014024e+01
7.310820000000000000e+09,-9.577558841132785972e+01
7.310883333333333015e+09,-9.589273509723552991e+01
7.310946666666666985e+09,-9.572839134841530040e+01
7.311010000000000000e+09,-9.563051706976818878e+01
7.311073333333333015e+09,-9.612910965694554477e+01
7.311136666666666985e+09,-9.570680684056070220e+01
7.311200000000000000e+09,-9.587263192621016117e+01
7.311263333333333015e+09,-9.542293058778584225e+01
7.311326666666666985e+09,-9.581806073978198413e+01
7.311390000000000000e+09,-9.593839315053764949e+01
7.311453333333333015e+09,-9.592326001244224187e+01
7.311516666666666985e+09,-9.581934002261589001e+01
7.311580000000000000e+09,-9.604209706777521660e+01
7.311643333333333015e+09,-9.591671668162379660e+01
7.311706666666666985e+09,-9.536223267496984590e+01
7.311770000000000000e+09,-9.575837127340797394e+01
7.311833333333333015e+09,-9.566504214819534013e+01
7.311896666666666985e+09,-9.591487036652368658e+01
7.311960000000000000e+09,-9.589797287427794004e+01
7.312023333333333015e+09,-9.550089277825767908e+01
7.312086666666666985e+09,-9.582486687631032396e+01
7.312150000000000000e+09,-9.591788244333409352e+01
7.312213333333333015e+09,-9.573830432459163831e+01
7.312276666666666985e+09,-9.566399529300514359e+01
7.312340000000000000e+09,-9.584500998862037591e+01
7.312403333333333015e+09,-9.593045694932379774e+01
7.312466666666666985e+09,-9.579460377977979135e+01
7.312530000000000000e+09,-9.544622937724966505e+01
7.312593333333333015e+09,-9.603277916415107995e+01
7.312656666666666985e+09,-9.608171793364169844e+01
7.312720000000000000e+09,-9.604310383343418778e+01
7.312783333333333015e+09,-9.590084873230421181e+01
7.312846666666666985e+09,-9.598951830779361671e+01
7.312910000000000000e+09,-9.565041645584832963e+01
7.312973333333333015e+09,-9.574434499502105211e+01
7.313036666666666985e+09,-9.625114106519349377e+01
7.313100000000000000e+09,-9.576433547717587658e+01
7.313163333333333015e+09,-9.580515058000293038e+01
7.313226666666666985e+09,-9.567192835110490989e+01
7.313290000000000000e+09,-9.565626266452545678e+01
7.313353333333333015e+09,-9.582118662522287877e+01
7.313416666666666985e+09,-9.588045245437820085e+01
7.313480000000000000e+09,-9.594996463030085465e+01
7.313543333333333015e+09,-9.606094174466539926e+01
7.313606666666666985e+09,-9.581052912410443412e+01
7.313670000000000000e+09,-9.588766722871234549e+01
7.313733333333333015e+09,-9.571480685016800294e+01
7.313796666666666985e+09,-9.573512523173882016e+01
7.313860000000000000e+09,-9.606875307596858704e+01
7.313923333333333015e+09,-9.558066353931329218e+01
7.313986666666666985e+09,-9.586848035634437792e+01
7.314050000000000000e+09,-9.587794556009276903e+01
7.314113333333333015e+09,-9.544176246140824560e+01
7.314176666666666985e+09,-9.593547855872532182e+01
7.314240000000000000e+09,-9.580737967097176977e+01
7.314303333333333015e+09,-9.559883159603782588e+01
7.314366666666666985e+09,-9.575883591856293720e+01
7.314430000000000000e+09,-9.596144310260336852e+01
7.314493333333333015e+09,-9.564082375239550515e+01
7.314556666666666985e+09,-9.565780998636199683e+01
7.314620000000000000e+09,-9.563085141539501421e+01
7.314683333333333015e+09,-9.586692744211759987e+01
7.314746666666666985e+09,-9.560325954252488145e+01
7.314810000000000000e+09,-9.538412374027097940e+01
7.314873333333333015e+09,-9.594334823156124514e+01
7.314936666666666985e+09,-9.545220930810933169e+01
7.315000000000000000e+09,-9.574939297761771684e+01
