# freq_Hz, phase_rad_detrended, phase_rad
7.125000000000000000e+09,6.703638298424019482e-02,-2.180932499622927789e+00
7.125065000000000000e+09,7.094035683637400780e-02,-2.201514732723012457e+00
7.125130000000000000e+09,5.181677179316146464e-02,-2.245124524718443482e+00
7.125195000000000000e+09,6.744014302826695229e-02,-2.253987360435222520e+00
7.125260000000000000e+09,6.642839565473446228e-02,-2.279485314760973491e+00
7.125325000000000000e+09,6.934103861874962860e-02,-2.301058878749176806e+00
7.125390000000000000e+09,4.262604040283424212e-02,-2.352260083917310673e+00
7.125455000000000000e+09,6.176419705701130525e-02,-2.357608134215011031e+00
7.125520000000000000e+09,7.102195624530693863e-02,-2.372836581978933879e+00
7.125585000000000000e+09,6.533558150676554988e-02,-2.403009163669693748e+00
7.125650000000000000e+09,8.652442573675545034e-02,-2.406306526391922329e+00
7.125715000000000000e+09,6.104915494240081841e-02,-2.456268004138161487e+00
7.125780000000000000e+09,6.477466657622121815e-02,-2.477028699456559568e+00
7.125845000000000000e+09,6.516733165998678246e-02,-2.501122241325012485e+00
7.125910000000000000e+09,6.869723909148373053e-02,-2.522078540845734018e+00
7.125975000000000000e+09,6.296159157525993422e-02,-2.552300395314169190e+00
7.126040000000000000e+09,4.624204570795598102e-02,-2.593506148133357669e+00
7.126105000000000000e+09,7.425363880009561157e-02,-2.589980761993436520e+00
7.126170000000000000e+09,5.507420431686282924e-02,-2.633646403428887783e+00
7.126235000000000000e+09,5.655615424371518429e-02,-2.656650660454253909e+00
7.126300000000000000e+09,6.561902239313566199e-02,-2.672073999256717958e+00
7.126365000000000000e+09,7.453930341465664355e-02,-2.687639925187415457e+00
7.126430000000000000e+09,6.260248638794330134e-02,-2.724062949166340175e+00
7.126495000000000000e+09,7.653898188660646085e-02,-2.734612660619895497e+00
7.126560000000000000e+09,5.670627647639658875e-02,-2.778931572981989895e+00
7.126625000000000000e+09,4.280608514531314412e-02,-2.817317971265291821e+00
7.126690000000000000e+09,8.969097673561776674e-02,-2.794919286627205679e+00
7.126755000000000000e+09,6.878050556213199940e-02,-2.840315964752909927e+00
7.126820000000000000e+09,7.122426668586578913e-02,-2.862358410581394619e+00
7.126885000000000000e+09,6.050290770341471003e-02,-2.897565976515723118e+00
7.126950000000000000e+09,7.991435357354248481e-02,-2.902640737597813825e+00
7.127015000000000000e+09,6.453344482289091744e-02,-2.942507853300683873e+00
7.127080000000000000e+09,4.872802693303013299e-02,-2.982799478142763139e+00
7.127145000000000000e+09,7.814266771605860029e-02,-2.977871044311619197e+00
7.127210000000000000e+09,6.524181447516053112e-02,-3.015258104504735748e+00
7.127275000000000000e+09,6.652819272050392030e-02,-3.038457933211610840e+00
7.127340000000000000e+09,6.991254516871769908e-02,-3.059559787715615542e+00
7.127405000000000000e+09,5.366635522819951376e-02,-3.100292184608345103e+00
7.127470000000000000e+09,5.985857189342080886e-02,-3.118586174895008334e+00
7.127535000000000000e+09,5.106020572346725572e-02,-3.151870748017180368e+00
7.127600000000000000e+09,7.283549318956694663e-02,-3.154581667503299158e+00
7.127665000000000000e+09,6.385640122941360630e-02,-3.188046966415670980e+00
7.127730000000000000e+09,3.972175191818694273e-02,-3.236667822678782169e+00
7.127795000000000000e+09,5.488442720060904279e-02,-3.245991354348578550e+00
7.127860000000000000e+09,6.154424315659401401e-02,-3.263817745344812060e+00
7.127925000000000000e+09,7.096099337224925918e-02,-3.278887202081368191e+00
7.127990000000000000e+09,4.187149858487648757e-02,-3.332462903820625488e+00
7.128055000000000000e+09,6.871938004104594100e-02,-3.330101229316674516e+00
7.128120000000000000e+09,6.153760050700363138e-02,-3.361769215802935307e+00
7.128185000000000000e+09,7.096288221706892330e-02,-3.376830141045088496e+00
7.128250000000000000e+09,4.069774862207653499e-02,-3.431581481592299365e+00
7.128315000000000000e+09,6.104158655371838549e-02,-3.435723850612542041e+00
7.128380000000000000e+09,4.457808423947495768e-02,-3.476673559878996844e+00
7.128445000000000000e+09,6.022696529484639072e-02,-3.485510885775843892e+00
7.128510000000000000e+09,5.533768417424234087e-02,-3.514886373848666423e+00
7.128575000000000000e+09,6.498577836637853267e-02,-3.529724486608414757e+00
7.128640000000000000e+09,7.154987989767347401e-02,-3.547646592029338297e+00
7.128705000000000000e+09,5.712353518060186985e-02,-3.586559143698628382e+00
7.128770000000000000e+09,6.684721088859157945e-02,-3.601321674942857154e+00
7.128835000000000000e+09,7.752521710371640395e-02,-3.615129875679616855e+00
7.128900000000000000e+09,6.368203418665574489e-02,-3.653459265548888890e+00
7.128965000000000000e+09,5.013067217404287845e-02,-3.691496834513720238e+00
7.129030000000000000e+09,7.251851135514186808e-02,-3.693595202284839729e+00
7.129095000000000000e+09,5.493928945980641743e-02,-3.735660631132393661e+00
7.129160000000000000e+09,5.984641257917688861e-02,-3.755239714964907716e+00
7.129225000000000000e+09,6.729208304401135265e-02,-3.772280251452291733e+00
7.129290000000000000e+09,6.962213898519209465e-02,-3.794436402463329472e+00
7.129355000000000000e+09,4.040232657391396032e-02,-3.848142421826826087e+00
7.129420000000000000e+09,5.576130372390863954e-02,-3.857269651628708829e+00
7.129485000000000000e+09,5.987555759832918767e-02,-3.877641604706506762e+00
7.129550000000000000e+09,9.219369197002258431e-02,-3.869809677287031846e+00
7.129615000000000000e+09,5.932236549065317277e-02,-3.927167210718619739e+00
7.129680000000000000e+09,5.843840676758915720e-02,-3.952537376393568280e+00
7.129745000000000000e+09,5.835950300778280919e-02,-3.977102487105593109e+00
7.129810000000000000e+09,6.439273313787330366e-02,-3.995555463927721096e+00
7.129875000000000000e+09,6.566919788200031860e-02,-4.018765206135805457e+00
7.129940000000000000e+09,6.285275635852194398e-02,-4.046067854611502312e+00
7.130005000000000000e+09,6.888976188269158030e-02,-4.064517056039217202e+00
7.130070000000000000e+09,6.112208617095937768e-02,-4.096770938703167886e+00
7.130135000000000000e+09,6.483738148107143218e-02,-4.117541850345274312e+00
7.130200000000000000e+09,6.356684953913216418e-02,-4.143298589239432062e+00
7.130265000000000000e+09,6.288465842260304584e-02,-4.168466987307845706e+00
7.130330000000000000e+09,7.035934797919729533e-02,-4.185478504703462832e+00
7.130395000000000000e+09,5.567804242580276508e-02,-4.224646017209075843e+00
7.130460000000000000e+09,7.705263997145550547e-02,-4.227757626615641584e+00
7.130525000000000000e+09,4.964782688404056898e-02,-4.279648646654941047e+00
7.130590000000000000e+09,6.880403783376731752e-02,-4.284978642657432779e+00
7.130655000000000000e+09,6.091560703502008067e-02,-4.317353280408398497e+00
7.130720000000000000e+09,6.643008132317884673e-02,-4.336325013072458212e+00
7.130785000000000000e+09,8.291476982620782366e-02,-4.344326531521647716e+00
7.130850000000000000e+09,6.245040474529517383e-02,-4.389277103554437787e+00
7.130915000000000000e+09,3.864523215562787328e-02,-4.437568483096323568e+00
7.130980000000000000e+09,6.433138233002289041e-02,-4.436368539874147032e+00
7.131045000000000000e+09,5.104556103126434152e-02,-4.474140568125124062e+00
7.131110000000000000e+09,8.009529451397856548e-02,-4.469577041594294364e+00
7.131175000000000000e+09,5.657548628855835204e-02,-4.517583056771933059e+00
7.131240000000000000e+09,5.421787625354390627e-02,-4.544426873759165986e+00
7.131305000000000000e+09,6.394405064447816756e-02,-4.559186906320450205e+00
7.131370000000000000e+09,6.407369094271686549e-02,-4.583543472974422883e+00
7.131435000000000000e+09,7.979298692828251660e-02,-4.592310383940741758e+00
7.131500000000000000e+09,4.433768698357365423e-02,-4.652251890837669102e+00
7.131565000000000000e+09,4.842915038520700932e-02,-4.672646634388254228e+00
7.131630000000000000e+09,6.219862865732217472e-02,-4.683363363068357543e+00
7.131695000000000000e+09,8.170525804074735277e-02,-4.688342940636816891e+00
7.131760000000000000e+09,7.769803466542679615e-02,-4.716836370964355929e+00
7.131825000000000000e+09,4.478254113491253463e-02,-4.774238071447081566e+00
7.131890000000000000e+09,8.158505551154426882e-02,-4.761921764022668313e+00
7.131955000000000000e+09,6.402996452511455772e-02,-4.803963061960982550e+00
7.132020000000000000e+09,6.888068946457082120e-02,-4.823598543973744768e+00
7.132085000000000000e+09,6.847165919463549244e-02,-4.848493781195898578e+00
7.132150000000000000e+09,5.863881439428020315e-02,-4.882812832948472348e+00
7.132215000000000000e+09,5.773555508250627355e-02,-4.908202299212464759e+00
7.132280000000000000e+09,6.305144050055844218e-02,-4.927372620746297116e+00
7.132345000000000000e+09,3.880137402323935447e-02,-4.976108894175827579e+00
7.132410000000000000e+09,7.691736228865053704e-02,-4.962479112862634878e+00
7.132475000000000000e+09,7.704988638044962812e-02,-4.986832795723054268e+00
7.132540000000000000e+09,5.483910449762863237e-02,-5.033529784557759790e+00
7.132605000000000000e+09,4.583463821964617324e-02,-5.067020457787960730e+00
7.132670000000000000e+09,5.545764342121994872e-02,-5.081883659538605436e+00
7.132735000000000000e+09,7.196217597776666253e-02,-5.089865333934277203e+00
7.132800000000000000e+09,4.742915807374981085e-02,-5.138884558790171475e+00
7.132865000000000000e+09,7.781446916807421843e-02,-5.132985454648065549e+00
7.132930000000000000e+09,5.156571151911304440e-02,-5.183720419249245204e+00
7.132995000000000000e+09,5.566859953516534176e-02,-5.204103738185411387e+00
7.133060000000000000e+09,9.321916970489230181e-02,-5.191039374967902909e+00
7.133125000000000000e+09,6.406380631911723356e-02,-5.244680945305562503e+00
7.133190000000000000e+09,7.480931453234429540e-02,-5.258421644044553922e+00
7.133255000000000000e+09,4.993067941377127283e-02,-5.307786486115345426e+00
7.133320000000000000e+09,5.917932860410513030e-02,-5.323024043877222944e+00
7.133385000000000000e+09,6.457377580820011786e-02,-5.342115803625012482e+00
7.133450000000000000e+09,4.855478921335087961e-02,-5.382620997172080202e+00
7.133515000000000000e+09,5.219069221818806170e-02,-5.403471301119461501e+00
7.133580000000000000e+09,6.761520095750128689e-02,-5.412532999332366757e+00
7.133645000000000000e+09,7.013428445969438485e-02,-5.434500122782058185e+00
7.133710000000000000e+09,6.632763184160594960e-02,-5.462792982352365101e+00
7.133775000000000000e+09,5.596800528630385685e-02,-5.497638815859878569e+00
7.133840000000000000e+09,5.508623436692339226e-02,-5.523006793731477515e+00
7.133905000000000000e+09,3.923260830016417344e-02,-5.563346626750455215e+00
7.133970000000000000e+09,6.515474454246827918e-02,-5.561910697460035635e+00
7.134035000000000000e+09,8.050136071174751606e-02,-5.571050288242974879e+00
7.134100000000000000e+09,7.788692590797108295e-02,-5.598150929998969794e+00
7.134165000000000000e+09,7.136252811633525539e-02,-5.629161534742824102e+00
7.134230000000000000e+09,6.428514321752398786e-02,-5.660725126593519896e+00
7.134295000000000000e+09,4.570936260726021771e-02,-5.703787114155995042e+00
7.134360000000000000e+09,7.233454531239580376e-02,-5.701648138403077937e+00
7.134425000000000000e+09,6.255690470004982018e-02,-5.735911985967642401e+00
7.134490000000000000e+09,5.960931775535804888e-02,-5.763345779864552654e+00
7.134555000000000000e+09,4.905734058787647456e-02,-5.798383963983918754e+00
7.134620000000000000e+09,7.841106641872475080e-02,-5.793516445105288959e+00
7.134685000000000000e+09,2.834202745074243524e-02,-5.868071691025489756e+00
7.134750000000000000e+09,5.282863891107680843e-02,-5.868071286517373863e+00
7.134815000000000000e+09,3.580984778461981932e-02,-5.909576284595708273e+00
7.134880000000000000e+09,5.926468790546213228e-02,-5.910607651427084441e+00
7.134945000000000000e+09,4.266341187137712154e-02,-5.951695134413387933e+00
7.135010000000000000e+09,5.355541907023830817e-02,-5.965289334166745228e+00
7.135075000000000000e+09,6.515751685650084113e-02,-5.978173443332367221e+00
7.135140000000000000e+09,5.225300987153858046e-02,-6.015564157269547962e+00
7.135205000000000000e+09,5.062730658318326249e-02,-6.041676067510121761e+00
7.135270000000000000e+09,6.862627551553757144e-02,-6.048163305529978828e+00
7.135335000000000000e+09,5.694015219907200276e-02,-6.084335635798662878e+00
7.135400000000000000e+09,6.963204378413312412e-02,-6.096129951165486283e+00
7.135465000000000000e+09,7.022727549392637769e-02,-6.120020926407911510e+00
7.135530000000000000e+09,5.664385079124212297e-02,-6.158090558062814246e+00
7.135595000000000000e+09,6.221065420264615398e-02,-6.177009961603628696e+00
7.135660000000000000e+09,4.735375811331277163e-02,-6.216353064644846604e+00
7.135725000000000000e+09,3.962102081233265238e-02,-6.248572008898045205e+00
7.135790000000000000e+09,6.387353684877705717e-02,-6.248805699813812176e+00
7.135855000000000000e+09,8.744667274670181456e-02,-6.249718770868105899e+00
7.135920000000000000e+09,6.387716299667722808e-02,-6.297774487570015012e+00
7.135985000000000000e+09,4.874651977298682937e-02,-6.337391337745923892e+00
7.136050000000000000e+09,5.813606722407893557e-02,-6.352487997247050266e+00
7.136115000000000000e+09,5.831382428819242847e-02,-6.376796447135155255e+00
7.136180000000000000e+09,7.077966948320746354e-02,-6.388816808892358701e+00
7.136245000000000000e+09,7.564820035997588121e-02,-6.408434484967467704e+00
7.136310000000000000e+09,5.901805400960302705e-02,-6.449550838270059039e+00
7.136375000000000000e+09,4.154463763100668672e-02,-6.491510461600873860e+00
7.136440000000000000e+09,6.772074399965255509e-02,-6.489820562184446473e+00
7.136505000000000000e+09,5.605084047613662079e-02,-6.525976672659846933e+00
7.136570000000000000e+09,7.653690206475260993e-02,-6.529976818023449425e+00
7.136635000000000000e+09,7.329303857985447479e-02,-6.557706888460566041e+00
7.136700000000000000e+09,5.286389561829984984e-02,-6.602622238374339148e+00
7.136765000000000000e+09,4.867424965125444203e-02,-6.631298091293261976e+00
7.136830000000000000e+09,6.573615069554783474e-02,-6.638722397201187064e+00
7.136895000000000000e+09,7.001881008131327633e-02,-6.658925944767640104e+00
7.136960000000000000e+09,5.050946336841199980e-02,-6.702921498432759861e+00
7.137025000000000000e+09,6.522472626938391471e-02,-6.712692442484006428e+00
7.137090000000000000e+09,5.371894224495399328e-02,-6.748684433460320875e+00
7.137155000000000000e+09,5.866736931870342175e-02,-6.768222213338789928e+00
7.137220000000000000e+09,5.541897511264792797e-02,-6.795956814497056797e+00
7.137285000000000000e+09,5.410967312301906418e-02,-6.821752323438904142e+00
7.137350000000000000e+09,4.120303536182667870e-02,-6.859145168151981053e+00
7.137415000000000000e+09,6.249823142580002155e-02,-6.862336179040226192e+00
7.137480000000000000e+09,5.127115813067195660e-02,-6.898049459287572738e+00
7.137545000000000000e+09,6.737478005768871014e-02,-6.906432044312774465e+00
7.137610000000000000e+09,6.141172537869010739e-02,-6.936881305943654041e+00
7.137675000000000000e+09,2.842732810259729348e-02,-6.994351910171965336e+00
7.137740000000000000e+09,4.418800790667098966e-02,-7.003077437320110121e+00
7.137805000000000000e+09,4.372827673008394811e-02,-7.028023375448915644e+00
7.137870000000000000e+09,5.161262488405515825e-02,-7.044625234247159362e+00
7.137935000000000000e+09,1.325524967785352004e-02,-7.107468816405245526e+00
7.138000000000000000e+09,5.612024126013537284e-02,-7.089090031775182155e+00
7.138065000000000000e+09,4.187700393904592033e-02,-7.127819476048490088e+00
7.138130000000000000e+09,4.118175542924529253e-02,-7.153000931510505644e+00
7.138195000000000000e+09,1.643181102663238136e-02,-7.202237082865003082e+00
7.138260000000000000e+09,3.984967414000983865e-02,-7.203305426703844105e+00
7.138325000000000000e+09,5.622877026930961364e-02,-7.211412537526759259e+00
7.138390000000000000e+09,5.413056069595612030e-02,-7.237996954052331233e+00
7.138455000000000000e+09,2.202264878893078759e-02,-7.294591072911575047e+00
7.138520000000000000e+09,6.907555756246797074e-02,-7.272024371089922390e+00
7.138585000000000000e+09,3.944728512511908036e-02,-7.326138850479486209e+00
7.138650000000000000e+09,5.136095729209344540e-02,-7.338711385264730325e+00
7.138715000000000000e+09,6.078441539958223672e-02,-7.353774134109460014e+00
7.138780000000000000e+09,3.016965026941420547e-02,-7.408875106191512572e+00
7.138845000000000000e+09,8.253071991021432297e-02,-7.381000243502927383e+00
7.138910000000000000e+09,4.274252155569424616e-02,-7.445274648809665941e+00
7.138975000000000000e+09,3.813759004542838227e-02,-7.474365787272150286e+00
7.139040000000000000e+09,2.549612908241627451e-02,-7.511493455187043367e+00
7.139105000000000000e+09,3.369884340533957356e-02,-7.527776947816338549e+00
7.139170000000000000e+09,3.821884991575785762e-02,-7.547743148258138746e+00
7.139235000000000000e+09,2.939091747658117981e-02,-7.581057287649533905e+00
7.139300000000000000e+09,7.635424874269425288e-02,-7.558580163335639313e+00
7.139365000000000000e+09,3.458277951807797734e-02,-7.624837839512136561e+00
7.139430000000000000e+09,5.388324898594909484e-02,-7.630023576996483925e+00
7.139495000000000000e+09,4.597355287500448640e-02,-7.662419480059647015e+00
7.139560000000000000e+09,5.380736518689754888e-02,-7.679071874699972433e+00
7.139625000000000000e+09,3.541577807297180414e-02,-7.721949668765779151e+00
7.139690000000000000e+09,1.735682579303876594e-02,-7.764494827997930670e+00
7.139755000000000000e+09,4.228010498605705436e-02,-7.764057755757130863e+00
7.139820000000000000e+09,3.970965736961851178e-02,-7.791114410325784334e+00
7.139885000000000000e+09,4.692632829195719779e-02,-7.808383946355330174e+00
7.139950000000000000e+09,7.920654782033675900e-02,-7.800589933779169094e+00
7.140015000000000000e+09,3.222409086405608747e-02,-7.872058597687668247e+00
7.140080000000000000e+09,6.627300220525800256e-02,-7.862495893298681260e+00
7.140145000000000000e+09,3.573285698122230514e-02,-7.917522245474935438e+00
7.140210000000000000e+09,4.156203378165557183e-02,-7.936179275626386698e+00
7.140275000000000000e+09,4.982980001963710492e-02,-7.952397716340623646e+00
7.140340000000000000e+09,6.251729673373684903e-02,-7.964196426578738830e+00
7.140405000000000000e+09,5.493882684351092394e-02,-7.996261103421183236e+00
7.140470000000000000e+09,5.289578222221180681e-02,-8.022790354994366879e+00
7.140535000000000000e+09,4.347082889189124444e-02,-8.056701515276902370e+00
7.140600000000000000e+09,4.773781709798896600e-02,-8.076920734023023130e+00
7.140665000000000000e+09,6.009740089418791342e-02,-8.089047357179042663e+00
7.140730000000000000e+09,6.537036170066201635e-02,-8.108260603324453086e+00
7.140795000000000000e+09,2.411240779643719634e-02,-8.174004764180892835e+00
7.140860000000000000e+09,5.332890554665858929e-02,-8.169274473382889923e+00
7.140925000000000000e+09,4.467645617653204226e-02,-8.202413129705234951e+00
7.140990000000000000e+09,5.185783196608362289e-02,-8.219717960867901851e+00
7.141055000000000000e+09,4.174852590957911502e-02,-8.254313473876287333e+00
7.141120000000000000e+09,4.451145107955412072e-02,-8.276036755658530808e+00
7.141185000000000000e+09,6.055260870681955510e-02,-8.284481804983483855e+00
7.141250000000000000e+09,2.339166778741486041e-02,-8.346128952855107030e+00
7.141315000000000000e+09,4.836289733932908064e-02,-8.345643930255073784e+00
7.141380000000000000e+09,5.590342058670394465e-02,-8.362589613959917401e+00
7.141445000000000000e+09,2.991373145954412394e-02,-8.413065510039295702e+00
7.141510000000000000e+09,5.343286737459607139e-02,-8.414032581076462236e+00
7.141575000000000000e+09,3.798750103796422195e-02,-8.453964154364975059e+00
7.141640000000000000e+09,4.186971028621933044e-02,-8.474568152068938431e+00
7.141705000000000000e+09,2.868802967162942252e-02,-8.512236039635746820e+00
7.141770000000000000e+09,3.793245403171496832e-02,-8.527477822227876203e+00
7.141835000000000000e+09,4.975002241999249009e-02,-8.540146460791817162e+00
7.141900000000000000e+09,3.394709037975829347e-02,-8.580435599783935885e+00
7.141965000000000000e+09,4.784127236580815179e-02,-8.591027624750104508e+00
7.142030000000000000e+09,4.053149385830323581e-02,-8.622823610209824352e+00
7.142095000000000000e+09,2.881157549515656058e-02,-8.659029735525189508e+00
7.142160000000000000e+09,6.257641103872124688e-02,-8.649751106933509348e+00
7.142225000000000000e+09,7.499729951239686443e-02,-8.661816425412052212e+00
7.142290000000000000e+09,4.630363564795025866e-02,-8.714996296228713746e+00
7.142355000000000000e+09,7.956482481557713982e-02,-8.706221314013305346e+00
7.142420000000000000e+09,4.346963993743457877e-02,-8.766802705843666388e+00
7.142485000000000000e+09,4.402999417173880659e-02,-8.790728558561243133e+00
7.142550000000000000e+09,2.470042111025172460e-02,-8.834544338574948696e+00
7.142615000000000000e+09,4.219664985399340651e-02,-8.841534316783425496e+00
7.142680000000000000e+09,5.175079459710829610e-02,-8.856466378992529087e+00
7.142745000000000000e+09,4.900420374144687230e-02,-8.883699176800071484e+00
7.142810000000000000e+09,4.199677409532931449e-02,-8.915192813398407523e+00
7.142875000000000000e+09,1.485867634150750405e-02,-8.966817118104447815e+00
7.142940000000000000e+09,3.421382929740346412e-02,-8.971948172100770336e+00
7.143005000000000000e+09,6.415378969560769917e-02,-8.966494418654447074e+00
7.143070000000000000e+09,3.657068099688309815e-02,-9.018563734305390156e+00
7.143135000000000000e+09,5.452574863854664500e-02,-9.025094873615945090e+00
7.143200000000000000e+09,4.797558725091377596e-02,-9.056131241955796440e+00
7.143265000000000000e+09,4.092252172011257016e-02,-9.087670514438812575e+00
7.143330000000000000e+09,4.241563017870042529e-02,-9.110663612932109245e+00
7.143395000000000000e+09,4.403069133282144776e-02,-9.133534758730206704e+00
7.143460000000000000e+09,3.757252506691166616e-02,-9.164479131948334967e+00
7.143525000000000000e+09,1.807876197517366279e-02,-9.208459101992287898e+00
7.143590000000000000e+09,9.919083696026120833e-03,-9.241104987223319966e+00
7.143655000000000000e+09,4.588730794523421253e-02,-9.229622969926330356e+00
7.143720000000000000e+09,5.084597033467730398e-02,-9.249150514489105745e+00
7.143785000000000000e+09,1.733625079476830422e-02,-9.307146440981229674e+00
7.143850000000000000e+09,1.703733502659687815e-02,-9.331931563701285626e+00
7.143915000000000000e+09,3.961502537587335837e-02,-9.333840080304227627e+00
7.143980000000000000e+09,5.678539830180007186e-02,-9.341155914330515841e+00
7.144045000000000000e+09,5.026067436538639299e-02,-9.372166845219148001e+00
7.144110000000000000e+09,2.188277992854281706e-02,-9.425030946608210058e+00
7.144175000000000000e+09,2.826862412609543185e-02,-9.443131309362541970e+00
7.144240000000000000e+09,7.425775832978942503e-02,-9.421628382111062905e+00
7.144305000000000000e+09,2.451244888362325014e-02,-9.495859898509447561e+00
7.144370000000000000e+09,1.756752441655606845e-02,-9.527291029928733224e+00
7.144435000000000000e+09,4.619155648156691996e-02,-9.523153204815606898e+00
7.144500000000000000e+09,3.728501072924927939e-02,-9.556545957520139467e+00
7.144565000000000000e+09,5.888830839069214562e-03,-9.612428344362538013e+00
7.144630000000000000e+09,2.616065563542768757e-02,-9.616642726518398021e+00
7.144695000000000000e+09,3.836230552439978680e-02,-9.628927283581306895e+00
7.144760000000000000e+09,4.783743787212557663e-02,-9.643938358185799586e+00
7.144825000000000000e+09,2.740591253943946981e-02,-9.688856090470704174e+00
7.144890000000000000e+09,3.642918446941934008e-02,-9.704319025492942785e+00
7.144955000000000000e+09,1.945398185623226084e-02,-9.745780435058348345e+00
7.145020000000000000e+09,4.087466008456885902e-02,-9.748845963781892721e+00
7.145085000000000000e+09,4.485077656619473885e-02,-9.769356054252485322e+00
7.145150000000000000e+09,1.902242925462971357e-02,-9.819670608516268828e+00
7.145215000000000000e+09,3.773403326385249557e-02,-9.825445211459264527e+00
7.145280000000000000e+09,3.526160656030086216e-02,-9.852403845114697134e+00
7.145345000000000000e+09,2.624103668697053138e-02,-9.885910621940245946e+00
7.145410000000000000e+09,2.699344112287782593e-02,-9.909644424456557132e+00
7.145475000000000000e+09,2.870337142441847789e-02,-9.932420701107231409e+00
7.145540000000000000e+09,3.828355187861021136e-02,-9.947326727604924201e+00
7.145605000000000000e+09,3.615067067391386502e-02,-9.973945815761839029e+00
7.145670000000000000e+09,4.578931622626214448e-02,-9.988793377161709230e+00
7.145735000000000000e+09,4.251870427826887067e-02,-1.001655019606191743e+01
7.145800000000000000e+09,3.895069452054222836e-02,-1.004460441277186256e+01
7.145865000000000000e+09,2.192352435359801177e-02,-1.008611778989069130e+01
7.145930000000000000e+09,3.634914419675538966e-02,-1.009617837699975240e+01
7.145995000000000000e+09,1.328554090293465606e-02,-1.014372818724578806e+01
7.146060000000000000e+09,6.513793611940599249e-03,-1.017498614148900060e+01
7.146125000000000000e+09,2.232853002373857976e-03,-1.020375328905045187e+01
7.146190000000000000e+09,2.398542250569768441e-02,-1.020648692649934297e+01
7.146255000000000000e+09,8.694099328524274028e-03,-1.024626445662873486e+01
7.146320000000000000e+09,2.568798293102148023e-02,-1.025375677997845614e+01
7.146385000000000000e+09,6.046735186947316265e-03,-1.029788423467474878e+01
7.146450000000000000e+09,1.282463033095027072e-02,-1.031559254648262680e+01
7.146515000000000000e+09,2.190785906794090465e-02,-1.033099552469785465e+01
7.146580000000000000e+09,5.255534485804602696e-02,-1.032483424585996801e+01
7.146645000000000000e+09,1.963825368112459557e-02,-1.038223754398910792e+01
7.146710000000000000e+09,8.033429520336810015e-03,-1.041832857510177668e+01
7.146775000000000000e+09,1.722880085724831645e-02,-1.043361941071708365e+01
7.146840000000000000e+09,-2.180961853606611101e-02,-1.049714403706261656e+01
7.146905000000000000e+09,1.644820304491290130e-02,-1.048337242243385603e+01
7.146970000000000000e+09,-4.421825539399293348e-03,-1.052872865797004920e+01
7.147035000000000000e+09,2.128721960225732346e-03,-1.054666431742264265e+01
7.147100000000000000e+09,4.590067541593967348e-03,-1.056868917879349290e+01
7.147165000000000000e+09,1.038927193559757711e-02,-1.058737618135170777e+01
7.147230000000000000e+09,1.166134324183687454e-02,-1.061059031699768340e+01
7.147295000000000000e+09,-1.244904989197337386e-02,-1.065918691708337818e+01
7.147360000000000000e+09,9.959545300205263629e-03,-1.066126452884341802e+01
7.147425000000000000e+09,5.003043831731446289e-03,-1.069070723726410677e+01
7.147490000000000000e+09,-2.396832832192075102e-02,-1.074416481636997744e+01
7.147555000000000000e+09,-3.293531509214453479e-02,-1.077761801009208575e+01
7.147620000000000000e+09,-1.360157467163070066e-02,-1.078277047662379040e+01
7.147685000000000000e+09,-2.940067813910829386e-02,-1.082305578704348292e+01
7.147750000000000000e+09,-3.460665722730205118e-02,-1.085274797308389516e+01
7.147815000000000000e+09,-4.401196575658516963e-03,-1.084702871938413615e+01
7.147880000000000000e+09,-4.243509728256000813e-02,-1.090954882704325613e+01
7.147945000000000000e+09,-3.600194211682961054e-02,-1.092760187882974066e+01
7.148010000000000000e+09,-3.097030131968736555e-02,-1.094705644498481689e+01
7.148075000000000000e+09,-4.674795824800881405e-02,-1.098732030886535682e+01
7.148140000000000000e+09,-6.917823223631103247e-02,-1.103423678980554001e+01
7.148205000000000000e+09,-7.202617802614241782e-02,-1.106157094254758988e+01
7.148270000000000000e+09,-4.270672690262244942e-02,-1.105673769837628839e+01
7.148335000000000000e+09,-8.360970882025142714e-02,-1.112212688724613585e+01
7.148400000000000000e+09,-7.726358388390153209e-02,-1.114026696926166693e+01
7.148465000000000000e+09,-1.361132493730607962e-01,-1.122360284170304467e+01
7.148530000000000000e+09,-1.190120818022393223e-01,-1.123098788108444168e+01
7.148595000000000000e+09,-7.632677334318849205e-02,-1.121278877957760933e+01
7.148660000000000000e+09,-7.898697220283779075e-02,-1.123993518538913960e+01
7.148725000000000000e+09,-7.728618914651264049e-02,-1.126272060928503294e+01
7.148790000000000000e+09,-9.440397852029036585e-02,-1.130432460561102914e+01
7.148855000000000000e+09,1.942815632526784242e-01,-1.104012527079027883e+01
7.148920000000000000e+09,3.056347270533699145e-01,-1.095325831394180227e+01
7.148985000000000000e+09,2.672197138005252270e-01,-1.101615953414653148e+01
7.149050000000000000e+09,2.473644192328183777e-01,-1.106050103566645681e+01
7.149115000000000000e+09,2.239484667630122772e-01,-1.110840319508848140e+01
7.149180000000000000e+09,1.868043538030139672e-01,-1.117003351500069463e+01
7.149245000000000000e+09,1.738584896188903883e-01,-1.120746558613670274e+01
7.149310000000000000e+09,1.392294409859555770e-01,-1.126658084172185603e+01
7.149375000000000000e+09,1.353075312382117090e-01,-1.129498895842181838e+01
7.149440000000000000e+09,1.498636065029632647e-01,-1.130491909010928175e+01
7.149505000000000000e+09,1.093616387629410269e-01,-1.136990726480152247e+01
7.149570000000000000e+09,1.107664949820570399e-01,-1.139298861553429099e+01
7.149635000000000000e+09,8.099406237837669664e-02,-1.144724725509018626e+01
7.149700000000000000e+09,7.220018790127369357e-02,-1.148052733651950774e+01
7.149765000000000000e+09,1.102839698707267502e-01,-1.146692976150227317e+01
7.149830000000000000e+09,8.773132024904484183e-02,-1.151396861807583960e+01
7.149895000000000000e+09,9.592398501032484148e-02,-1.153026216026677453e+01
7.149960000000000000e+09,7.603217080038149334e-02,-1.157464018142893636e+01
7.150025000000000000e+09,8.277414647844061335e-02,-1.159238441270309572e+01
7.150090000000000000e+09,7.315814041295531922e-02,-1.162648662572046554e+01
7.150155000000000000e+09,5.833441271778205817e-02,-1.166579656036785373e+01
7.150220000000000000e+09,8.892679359887090129e-02,-1.165969038643898337e+01
7.150285000000000000e+09,5.294126386477593371e-02,-1.172016212312529682e+01
7.150350000000000000e+09,8.237976919609479864e-02,-1.171520982474619643e+01
7.150415000000000000e+09,8.011781813780061157e-02,-1.174195798275637159e+01
7.150480000000000000e+09,4.291412951245021645e-02,-1.180364787833394047e+01
7.150545000000000000e+09,6.384806144430044128e-02,-1.180720015335430872e+01
7.150610000000000000e+09,5.446635381287023847e-02,-1.184106806793795741e+01
7.150675000000000000e+09,8.362513459085541001e-02,-1.183639549411185321e+01
7.150740000000000000e+09,4.689677549393955758e-02,-1.189761006016098754e+01
7.150805000000000000e+09,6.998615234699556709e-02,-1.189900689026015002e+01
7.150870000000000000e+09,4.612630552734131584e-02,-1.194735294403201920e+01
7.150935000000000000e+09,6.069696659655043902e-02,-1.195726848991469460e+01
7.151000000000000000e+09,9.578197434821333900e-02,-1.194666968911525018e+01
7.151065000000000000e+09,5.522292735600942137e-02,-1.201171494305967258e+01
7.151130000000000000e+09,4.371820361011202749e-02,-1.204770587375778490e+01
7.151195000000000000e+09,5.959922386417559892e-02,-1.205631106045593981e+01
7.151260000000000000e+09,6.355364485829362309e-02,-1.207684284641370631e+01
7.151325000000000000e+09,5.040478575616624823e-02,-1.211447791246805217e+01
7.151390000000000000e+09,5.298926357278510579e-02,-1.213637964160364824e+01
7.151455000000000000e+09,6.219876070865204554e-02,-1.215165635141999978e+01
7.151520000000000000e+09,5.831167590240937670e-02,-1.218002964317812697e+01
7.151585000000000000e+09,4.566770199701331023e-02,-1.221715982403573797e+01
7.151650000000000000e+09,5.270274307098965494e-02,-1.223461098991398011e+01
7.151715000000000000e+09,2.936065079671834610e-02,-1.228243928914046990e+01
7.151780000000000000e+09,5.217096368845020038e-02,-1.228411518320062257e+01
7.151845000000000000e+09,6.141301864459691728e-02,-1.229935933519669078e+01
7.151910000000000000e+09,3.547662722607825003e-02,-1.234978193356742793e+01
7.151975000000000000e+09,4.074726313479715145e-02,-1.236899750461092751e+01
7.152040000000000000e+09,3.599889724357652199e-02,-1.239823207745436662e+01
7.152105000000000000e+09,3.148588067817392755e-02,-1.242723130097165019e+01
7.152170000000000000e+09,4.100203301916671705e-02,-1.244220135558287588e+01
7.152235000000000000e+09,2.015509396690795541e-02,-1.248753450158735312e+01
7.152300000000000000e+09,2.676449217550391779e-02,-1.250541131033097564e+01
7.152365000000000000e+09,4.128142086367603270e-02,-1.251538058859468450e+01
7.152430000000000000e+09,1.167888780699932738e-02,-1.256946932860357968e+01
7.152495000000000000e+09,4.093771350588326641e-02,-1.256469670985691423e+01
7.152560000000000000e+09,3.633464062666824645e-02,-1.259378598968834773e+01
7.152625000000000000e+09,3.661139881045372135e-02,-1.261799543845644322e+01
7.152690000000000000e+09,3.180635073083948328e-02,-1.264728669348827594e+01
7.152755000000000000e+09,2.638171144790213418e-02,-1.267719753972343177e+01
7.152820000000000000e+09,4.915573113466287225e-02,-1.267890972698888952e+01
7.152885000000000000e+09,4.065040749012815979e-02,-1.271190125758563916e+01
7.152950000000000000e+09,5.704685921910268576e-02,-1.271999101280854916e+01
7.153015000000000000e+09,2.867654525870655391e-02,-1.277284753372116377e+01
7.153080000000000000e+09,4.302600585223181895e-02,-1.278298428007985343e+01
7.153145000000000000e+09,1.502165584705750234e-02,-1.283547483703724623e+01
7.153210000000000000e+09,1.975290288019948548e-02,-1.285522979695598877e+01
7.153275000000000000e+09,2.860190948392293819e-02,-1.287086699730448380e+01
7.153340000000000000e+09,5.694540630628708300e-02,-1.286700970743433459e+01
7.153405000000000000e+09,3.711248461643457119e-02,-1.291132883607640558e+01
7.153470000000000000e+09,4.189111324446948004e-02,-1.293103641440058915e+01
7.153535000000000000e+09,2.468286272307729234e-02,-1.297273087187386587e+01
7.153600000000000000e+09,5.951815462055520811e-02,-1.296238178692860288e+01
7.153665000000000000e+09,5.268526582574573069e-02,-1.299370088267563084e+01
7.153730000000000000e+09,5.365039387411840721e-02,-1.301722196157947664e+01
7.153795000000000000e+09,3.814373296588158269e-02,-1.305721482943959444e+01
7.153860000000000000e+09,4.295547639922148164e-02,-1.307688929295847302e+01
7.153925000000000000e+09,3.457263082057338011e-02,-1.310975834548933960e+01
7.153990000000000000e+09,3.446383659444052228e-02,-1.313435334666769094e+01
7.154055000000000000e+09,3.279010799739268123e-02,-1.316051328221661976e+01
7.154120000000000000e+09,2.863589871757632466e-02,-1.318915369844865459e+01
7.154185000000000000e+09,3.186714206811736005e-02,-1.321040866205033204e+01
7.154250000000000000e+09,2.628303003802301419e-02,-1.324047898103264487e+01
7.154315000000000000e+09,1.132019134044170983e-02,-1.327992802668244110e+01
7.154380000000000000e+09,1.887187255399425112e-02,-1.329686255242077308e+01
7.154445000000000000e+09,4.482059506877611454e-02,-1.329540003685820970e+01
7.154510000000000000e+09,3.834270240178128120e-02,-1.332636413647742302e+01
7.154575000000000000e+09,3.388902820477568412e-02,-1.335530401762664354e+01
7.154640000000000000e+09,2.681514005617380292e-02,-1.338686411272712995e+01
7.154705000000000000e+09,1.685655496696902844e-02,-1.342130890476855321e+01
7.154770000000000000e+09,2.595502990365083917e-02,-1.343669663678408988e+01
7.154835000000000000e+09,3.659297112572090782e-02,-1.345054490251423474e+01
7.154900000000000000e+09,2.549838628275047370e-02,-1.348612569430908970e+01
7.154965000000000000e+09,3.925943930120645575e-02,-1.349685084824285219e+01
7.155030000000000000e+09,2.543999589079426471e-02,-1.353515649860548287e+01
7.155095000000000000e+09,2.177255351461582222e-02,-1.356331014793387624e+01
7.155160000000000000e+09,4.836700617849487571e-02,-1.356120190222221567e+01
7.155225000000000000e+09,2.307683504282209697e-02,-1.361097828030977297e+01
7.155290000000000000e+09,2.343242999496197854e-02,-1.363510889230984802e+01
7.155355000000000000e+09,4.683180222959393291e-02,-1.363619572702743454e+01
7.155420000000000000e+09,1.647059574144904559e-02,-1.369104314046779791e+01
7.155485000000000000e+09,3.635665546142696769e-02,-1.369564328769970452e+01
7.155550000000000000e+09,9.754839217341881863e-03,-1.374673131089600453e+01
7.155615000000000000e+09,2.085808091029583977e-02,-1.376011427615526905e+01
7.155680000000000000e+09,4.309593429565694578e-02,-1.376236262972212643e+01
7.155745000000000000e+09,3.658655800832377736e-02,-1.379335821296134412e+01
7.155810000000000000e+09,4.469143762480420889e-02,-1.380973954029707862e+01
7.155875000000000000e+09,3.203756251686407097e-02,-1.384687962235723724e+01
7.155940000000000000e+09,3.556603670450186883e-02,-1.386783735512181792e+01
7.156005000000000000e+09,2.503776528192958040e-02,-1.390285183349660869e+01
7.156070000000000000e+09,2.716749896912951101e-02,-1.392520830676128973e+01
7.156135000000000000e+09,5.163467692618084470e-02,-1.392522733575645688e+01
7.156200000000000000e+09,1.803568157721535670e-02,-1.398331253805764085e+01
7.156265000000000000e+09,3.354045643700587220e-02,-1.399229397015006882e+01
7.156330000000000000e+09,2.470471188987666267e-02,-1.402561592164907900e+01
7.156395000000000000e+09,3.109821853064964614e-02,-1.404370862196052450e+01
7.156460000000000000e+09,2.970942639973017663e-02,-1.406958362104366245e+01
7.156525000000000000e+09,1.230193009312685604e-02,-1.411147732430248070e+01
7.156590000000000000e+09,3.427456157329089592e-02,-1.411399089977420118e+01
7.156655000000000000e+09,2.136201611245702736e-02,-1.415138965218725353e+01
7.156720000000000000e+09,2.276114774991278011e-02,-1.417447672750201626e+01
7.156785000000000000e+09,4.490280615366160077e-03,-1.421723380158877781e+01
7.156850000000000000e+09,2.256418314165564709e-02,-1.422364610601470680e+01
7.156915000000000000e+09,1.771542773765588663e-02,-1.425298106837059109e+01
7.156980000000000000e+09,9.041929010873417383e-04,-1.429427851015937811e+01
7.157045000000000000e+09,1.637827447469319964e-03,-1.431803108256521107e+01
7.157110000000000000e+09,5.200496994341108348e-03,-1.433895461997055776e+01
7.157175000000000000e+09,5.829922147764676765e-03,-1.436281140176901872e+01
7.157240000000000000e+09,1.102043415800224579e-02,-1.438210709671099607e+01
7.157305000000000000e+09,2.921123831723271280e-02,-1.438840249950398409e+01
7.157370000000000000e+09,2.140602012244308128e-02,-1.442069392465099220e+01
7.157435000000000000e+09,3.418690146334668611e-03,-1.446316746157931910e+01
7.157500000000000000e+09,2.096210324284086823e-02,-1.447011025543469387e+01
7.157565000000000000e+09,3.284431381965369212e-02,-1.448271425181009953e+01
7.157630000000000000e+09,3.879304474759415200e-02,-1.450125172783437755e+01
7.157695000000000000e+09,2.697792980642788052e-02,-1.453755304972776230e+01
7.157760000000000000e+09,1.934480744135314012e-02,-1.456967237904471801e+01
7.157825000000000000e+09,2.539431758713917020e-02,-1.458810907585115046e+01
7.157890000000000000e+09,3.659669920658359388e-02,-1.460139290118392452e+01
7.157955000000000000e+09,4.287983076563683937e-02,-1.461959597657708976e+01
7.158020000000000000e+09,1.460471895382653429e-02,-1.467235729534078104e+01
7.158085000000000000e+09,4.885724822964121472e-03,-1.470656249642386193e+01
7.158150000000000000e+09,1.587124166118591972e-02,-1.472006318653785861e+01
7.158215000000000000e+09,1.717985706567581872e-02,-1.474324077808558719e+01
7.158280000000000000e+09,1.566012332484767455e-02,-1.476924671877863027e+01
7.158345000000000000e+09,1.257630205443760474e-02,-1.479681674700092486e+01
7.158410000000000000e+09,1.415211020107065565e-02,-1.481972714580651029e+01
7.158475000000000000e+09,-6.583910243779911298e-03,-1.486494937320357934e+01
7.158540000000000000e+09,1.929774340482026673e-02,-1.486355392650719409e+01
7.158605000000000000e+09,-2.501373594459010974e-03,-1.490983925045835790e+01
7.158670000000000000e+09,1.669653796943393331e-02,-1.491512754584668343e+01
7.158735000000000000e+09,1.973245584608562808e-02,-1.493657783492224667e+01
7.158800000000000000e+09,9.887796509300272874e-03,-1.497090870121125050e+01
7.158865000000000000e+09,2.185185370280251504e-02,-1.498343085096963279e+01
7.158930000000000000e+09,1.778658119949483307e-02,-1.501198233042515895e+01
7.158995000000000000e+09,1.842225046100232078e-02,-1.503583286811586639e+01
7.159060000000000000e+09,4.639999797943161752e-03,-1.507410132573114403e+01
7.159125000000000000e+09,1.939678962358115655e-02,-1.508383074285772452e+01
7.159190000000000000e+09,4.115337013470110605e-02,-1.508656036929848909e+01
7.159255000000000000e+09,2.699339234769837503e-02,-1.512520655403770675e+01
7.159320000000000000e+09,1.271649400583996226e-02,-1.516396965933178365e+01
7.159385000000000000e+09,-1.668431449779816944e-02,-1.521785667478764026e+01
7.159450000000000000e+09,1.858232862162267907e-02,-1.520707623862010038e+01
7.159515000000000000e+09,3.412117239604128827e-02,-1.521602360179790026e+01
7.159580000000000000e+09,3.117662944192112207e-02,-1.524345435170423890e+01
7.159645000000000000e+09,2.028863119436685736e-02,-1.527882855690401165e+01
7.159710000000000000e+09,1.777480357246830067e-02,-1.530582859147779118e+01
7.159775000000000000e+09,-1.012586575841112335e-02,-1.535821546776088908e+01
7.159840000000000000e+09,6.342440187609099667e-03,-1.536623336876708734e+01
7.159905000000000000e+09,2.020793304546231184e-02,-1.537685408286145261e+01
7.159970000000000000e+09,1.386982326337715676e-02,-1.540767839959575269e+01
7.160035000000000000e+09,-3.295592549047654529e-03,-1.544933002236006203e+01
7.160100000000000000e+09,2.488499271657573786e-02,-1.544563564404665712e+01
7.160165000000000000e+09,1.772599806015229262e-02,-1.547728084565529905e+01
7.160230000000000000e+09,3.912731837196758988e-04,-1.551910177748394659e+01
7.160295000000000000e+09,1.357579866363067822e-02,-1.553040345895592012e+01
7.160360000000000000e+09,9.683439095709900357e-03,-1.555878202547605937e+01
7.160425000000000000e+09,7.741911257053146755e-03,-1.558520976026693461e+01
7.160490000000000000e+09,2.505908475898799281e-02,-1.559237879371721469e+01
7.160555000000000000e+09,3.585389145838568936e-02,-1.560607019396970152e+01
7.160620000000000000e+09,5.087648514638942743e-04,-1.566590152752884180e+01
7.160685000000000000e+09,1.484834206294749492e-03,-1.568941166512622587e+01
7.160750000000000000e+09,1.050733155646810246e-02,-1.570487537472827100e+01
7.160815000000000000e+09,4.108653309819132460e-03,-1.573576025992713845e+01
7.160880000000000000e+09,1.382156435074932688e-02,-1.575053355583809278e+01
7.160945000000000000e+09,3.085190441540142103e-02,-1.575798942272565561e+01
7.161010000000000000e+09,7.297524537783317555e-03,-1.580603000955549220e+01
7.161075000000000000e+09,-3.772927513013613066e-03,-1.584158666855850761e+01
7.161140000000000000e+09,1.847854196822140693e-02,-1.584382140602915712e+01
7.161205000000000000e+09,1.931233321594838515e-02,-1.586747382173364507e+01
7.161270000000000000e+09,2.446496205360482179e-02,-1.588680739984820711e+01
7.161335000000000000e+09,-1.672447647441899221e-03,-1.593743101650147231e+01
7.161400000000000000e+09,1.854948540769996157e-02,-1.594169529039854893e+01
7.161465000000000000e+09,1.301661775407225718e-02,-1.597171436500405761e+01
7.161530000000000000e+09,8.888955694384748085e-03,-1.600032823401596360e+01
7.161595000000000000e+09,4.907601304942943443e-03,-1.602879579535762389e+01
7.161660000000000000e+09,1.491272730258330625e-02,-1.604327687631220201e+01
7.161725000000000000e+09,1.170056817435849439e-02,-1.607097524239230779e+01
7.161790000000000000e+09,2.068825597618229040e-02,-1.608647376154270248e+01
7.161855000000000000e+09,-2.806619736723803271e-03,-1.613445484420782705e+01
7.161920000000000000e+09,1.638668309116297905e-02,-1.613974774833215875e+01
7.161985000000000000e+09,9.895742221516456993e-03,-1.617072489615368625e+01
7.162050000000000000e+09,1.878673278541853620e-02,-1.618632011254200265e+01
7.162115000000000000e+09,-2.582451625219306379e-03,-1.623217550390485897e+01
7.162180000000000000e+09,1.210258485050985655e-02,-1.624197667438134474e+01
7.162245000000000000e+09,2.474893405938516366e-02,-1.625381653212468791e+01
7.162310000000000000e+09,2.501117300443311819e-02,-1.627804050013152448e+01
7.162375000000000000e+09,-9.851656921391338528e-03,-1.633738953700956742e+01
7.162440000000000000e+09,3.548812097430698032e-02,-1.631653596606608403e+01
7.162505000000000000e+09,-7.737773444276285773e-04,-1.637728407133703712e+01
7.162570000000000000e+09,-1.589586281088273267e-02,-1.641689236375537675e+01
7.162635000000000000e+09,2.728251560144201449e-02,-1.639820019229527048e+01
7.162700000000000000e+09,2.020653998829402553e-02,-1.642976237486063340e+01
7.162765000000000000e+09,1.985268251386429483e-02,-1.645460243928728161e+01
7.162830000000000000e+09,2.039730602392708647e-02,-1.647854402272910335e+01
7.162895000000000000e+09,1.869552571041666056e-02,-1.650473200999482870e+01
7.162960000000000000e+09,3.859730099705416251e-03,-1.654405401255775843e+01
7.163025000000000000e+09,2.739276644444288422e-03,-1.656966067296523804e+01
7.163090000000000000e+09,1.596660882603018194e-02,-1.658091954773587062e+01
7.163155000000000000e+09,-3.216803969653625472e-03,-1.662458916748343540e+01
7.163220000000000000e+09,-1.174902118827247932e-02,-1.665760759165427274e+01
7.163285000000000000e+09,3.093154221451754893e-02,-1.663941323520370119e+01
7.163350000000000000e+09,-6.170564225570274175e-03,-1.670100154859600750e+01
7.163415000000000000e+09,5.386912475646710163e-03,-1.671393027884667148e+01
7.163480000000000000e+09,1.011931754100103831e-02,-1.673368408073353564e+01
7.163545000000000000e+09,-2.871782827767788149e-03,-1.677116138805452294e+01
7.163610000000000000e+09,1.835858433085846286e-02,-1.677441722784811517e+01
7.163675000000000000e+09,-4.222167919525787738e-03,-1.682148418705038040e+01
7.163740000000000000e+09,3.110985407520416857e-03,-1.683863724067555268e+01
7.163805000000000000e+09,1.006837151862072233e-02,-1.685616606151667085e+01
7.163870000000000000e+09,4.135784965992428397e-03,-1.688658485502151763e+01
7.163935000000000000e+09,3.459775745376703071e-03,-1.691174707119434828e+01
7.164000000000000000e+09,4.342606690947548032e-03,-1.693535044720066196e+01
7.164065000000000000e+09,-2.876969589259203985e-03,-1.696705623043308719e+01
7.164130000000000000e+09,1.688381664238036706e-02,-1.697178165115366255e+01
7.164195000000000000e+09,-1.642876947933658016e-02,-1.702958044422759798e+01
7.164260000000000000e+09,4.796651683630415164e-03,-1.703284123001651551e+01
7.164325000000000000e+09,2.079607921615789223e-02,-1.704132800943620651e+01
7.164390000000000000e+09,-6.597928026188526474e-04,-1.708727008840719819e+01
7.164455000000000000e+09,-7.822947063672813783e-03,-1.711891944962047063e+01
7.164520000000000000e+09,1.810974636501683221e-02,-1.711747296314399946e+01
7.164585000000000000e+09,9.335753952896652663e-03,-1.715073316250800417e+01
7.164650000000000000e+09,2.153908151159100726e-02,-1.716301604190152474e+01
7.164715000000000000e+09,1.551551196475031702e-02,-1.719352581840058392e+01
7.164780000000000000e+09,-1.556903633151662802e-02,-1.724909657364906934e+01
7.164845000000000000e+09,2.028326354499299100e-02,-1.723773048072444425e+01
7.164910000000000000e+09,-4.099607579682640335e-03,-1.728659955880133481e+01
7.164975000000000000e+09,9.303357180495908096e-03,-1.729768280099337474e+01
7.165040000000000000e+09,-1.717359778869109732e-03,-1.733318972490495824e+01
7.165105000000000000e+09,4.330409406563262564e-04,-1.735552553113731378e+01
7.165170000000000000e+09,-4.265212836081389014e-03,-1.738470999186626997e+01
7.165235000000000000e+09,-2.453239643955384963e-03,-1.740738422562636245e+01
7.165300000000000000e+09,1.026437106635924579e-02,-1.741915282186826630e+01
7.165365000000000000e+09,5.729826729204745561e-03,-1.744817357315763928e+01
7.165430000000000000e+09,3.548015097436518772e-04,-1.747803480532898135e+01
7.165495000000000000e+09,-1.813504485495798235e-02,-1.752101085864590146e+01
7.165560000000000000e+09,9.012225649666305571e-03,-1.751834979509349566e+01
7.165625000000000000e+09,1.035666625512021710e-03,-1.755081256106986487e+01
7.165690000000000000e+09,-1.036076917632300365e-03,-1.757737051156489372e+01
7.165755000000000000e+09,1.250187401440072676e-02,-1.758831876758507917e+01
7.165820000000000000e+09,1.848289657317536694e-02,-1.760682395197852301e+01
7.165885000000000000e+09,7.740658265127819959e-03,-1.764205239723878549e+01
7.165950000000000000e+09,1.305498698306450933e-02,-1.766122427547273332e+01
7.166015000000000000e+09,6.650480570169037264e-03,-1.769211498883784728e+01
7.166080000000000000e+09,-1.348502619046243467e-02,-1.773673670255069723e+01
7.166145000000000000e+09,2.002160474290803904e-02,-1.772771627856954169e+01
7.166210000000000000e+09,-7.130957319425590413e-03,-1.777935504758409380e+01
7.166275000000000000e+09,1.744126038675375412e-02,-1.777926903682979898e+01
7.166340000000000000e+09,1.895354254482128908e-02,-1.780224296162394637e+01
7.166405000000000000e+09,1.152553041934822886e-02,-1.783415718070163791e+01
7.166470000000000000e+09,-3.872137973740308325e-03,-1.787404105604694493e+01
7.166535000000000000e+09,-1.332616059569957656e-02,-1.790798128562078873e+01
7.166600000000000000e+09,-1.537923150318576404e-02,-1.793452056348048984e+01
7.166665000000000000e+09,-2.951986783767424072e-02,-1.797314740676719680e+01
7.166730000000000000e+09,-1.198764403095964326e-03,-1.796931251028483700e+01
7.166795000000000000e+09,-2.061977414906124295e-02,-1.801321972698268681e+01
7.166860000000000000e+09,1.474732450684612672e-02,-1.800233883527899437e+01
7.166925000000000000e+09,-9.810781193529294342e-03,-1.805138314793158827e+01
7.166990000000000000e+09,-2.387834141152467282e-02,-1.808993691510180213e+01
7.167055000000000000e+09,4.058113979404254223e-03,-1.808648666666309168e+01
7.167120000000000000e+09,-1.082502649925487503e-03,-1.811611349024430240e+01
7.167185000000000000e+09,-2.119315881014216529e-02,-1.816071035335673756e+01
7.167250000000000000e+09,-8.495586429265955530e-03,-1.817249898792807983e+01
7.167315000000000000e+09,-4.598596951058908644e-03,-1.819308820540209126e+01
7.167380000000000000e+09,4.630927854414323974e-03,-1.820834488754849900e+01
7.167445000000000000e+09,-1.792658707311289845e-02,-1.825538860942824471e+01
7.167510000000000000e+09,-1.827113165030169739e-02,-1.828021936095765199e+01
7.167575000000000000e+09,-4.716387051832526822e-03,-1.829115082331140130e+01
7.167640000000000000e+09,5.602140529624932697e-03,-1.830531850268182481e+01
7.167705000000000000e+09,1.870323075814184222e-02,-1.831670361940552638e+01
7.167770000000000000e+09,-8.209117173212376883e-03,-1.836810217428909908e+01
7.167835000000000000e+09,3.350287048107247756e-04,-1.838404423536329091e+01
7.167900000000000000e+09,4.654303752850807996e-03,-1.840421116726746931e+01
7.167965000000000000e+09,-9.625882730560419986e-03,-1.844297756070276506e+01
7.168030000000000000e+09,-1.641427105734649672e-02,-1.847425215598176962e+01
7.168095000000000000e+09,1.046883960387745560e-02,-1.847185525227276059e+01
7.168160000000000000e+09,-6.996262640551975664e-03,-1.851380656146940851e+01
7.168225000000000000e+09,-5.517457857209251415e-03,-1.853681396363795031e+01
7.168290000000000000e+09,-7.276754670144214288e-03,-1.856305946740310375e+01
7.168355000000000000e+09,-1.692987638085696744e-02,-1.859719879606603143e+01
7.168420000000000000e+09,1.076493075122186838e-02,-1.859399019588617108e+01
7.168485000000000000e+09,-3.908943228127981229e-02,-1.866833076587089124e+01
7.168550000000000000e+09,5.602830580063056232e-03,-1.864812470996142935e+01
7.168615000000000000e+09,-1.720882697002679151e-02,-1.869542257446373767e+01
7.168680000000000000e+09,-5.249014678565089298e-03,-1.870794896912449445e+01
7.168745000000000000e+09,1.048055227320787708e-02,-1.871670560912493997e+01
7.168810000000000000e+09,1.269656998459822717e-02,-1.873897579836543059e+01
7.168875000000000000e+09,1.289812635007692165e-02,-1.876326044895217038e+01
7.168940000000000000e+09,-7.259483484801876330e-03,-1.880790426573926766e+01
7.169005000000000000e+09,-2.357780156670585825e-02,-1.884870879077339012e+01
7.169070000000000000e+09,-5.559876329733981493e-03,-1.885517707248829922e+01
7.169135000000000000e+09,-1.119632200478193340e-02,-1.888529972511556565e+01
7.169200000000000000e+09,-1.861637571395391433e-02,-1.891720598577695611e+01
7.169265000000000000e+09,-4.643623622122561301e-03,-1.892771944063734324e+01
7.169330000000000000e+09,1.355640404256419629e-02,-1.893400561992487141e+01
7.169395000000000000e+09,-1.585658151792657122e-02,-1.898790481243724670e+01
7.169460000000000000e+09,-1.556738544133651203e-02,-1.901210182331287513e+01
7.169525000000000000e+09,-1.583883657813345280e-02,-1.903685948140189055e+01
7.169590000000000000e+09,-1.688585011671506209e-02,-1.906239270189268709e+01
7.169655000000000000e+09,-1.476928264410304337e-02,-1.908476234137195959e+01
7.169720000000000000e+09,6.207176154649829414e-03,-1.908827208952542520e+01
7.169785000000000000e+09,1.068747200649866613e-02,-1.910827800062579129e+01
7.169850000000000000e+09,-2.550301352030004409e-02,-1.916895469310480848e+01
7.169915000000000000e+09,-3.997913070829639537e-03,-1.917193579960722261e+01
7.169980000000000000e+09,-1.689684100133348466e-02,-1.920932093448994493e+01
7.170045000000000000e+09,2.272222153735015127e-03,-1.921463807828709136e+01
7.170110000000000000e+09,-6.462076710747055586e-03,-1.924785858410379191e+01
7.170175000000000000e+09,3.564127015671658683e-04,-1.926552630164369617e+01
7.170240000000000000e+09,-1.179436839207781418e-02,-1.930216328968922568e+01
7.170305000000000000e+09,-1.576367110031284824e-02,-1.933061879934967564e+01
7.170370000000000000e+09,-2.154137286691337749e-03,-1.934149547248827261e+01
7.170435000000000000e+09,-3.095157920576241395e-03,-1.936692270007437600e+01
7.170500000000000000e+09,1.670674264886429228e-03,-1.938664307484079430e+01
7.170565000000000000e+09,-1.053056219098280621e-02,-1.942333051824888202e+01
7.170630000000000000e+09,-1.692596038197891062e-02,-1.945421212339209660e+01
7.170695000000000000e+09,-6.763879085337265451e-03,-1.946853624904767344e+01
7.170760000000000000e+09,2.550995236813236033e-02,-1.946074862454608478e+01
7.170825000000000000e+09,-1.142438195341455298e-02,-1.952216916581985018e+01
7.170890000000000000e+09,-1.263828377155462590e-02,-1.954786927459020873e+01
7.170955000000000000e+09,-3.591460262511247947e-02,-1.959563180039598507e+01
7.171020000000000000e+09,-2.285214439950777887e-02,-1.960705554912259885e+01
7.171085000000000000e+09,-2.849871286176863805e-02,-1.963718832453674068e+01
7.171150000000000000e+09,-3.140030880260269441e-03,-1.963631584950745079e+01
7.171215000000000000e+09,3.869752535749171329e-03,-1.965379227304365983e+01
7.171280000000000000e+09,-9.056929753910480940e-03,-1.969120516228553441e+01
7.171345000000000000e+09,-1.022136881930535424e-02,-1.971685580830281381e+01
7.171410000000000000e+09,-2.256378457280305838e-02,-1.975368443100853000e+01
7.171475000000000000e+09,-7.568463194807861782e-03,-1.976317531658275328e+01
7.171540000000000000e+09,9.758761492442147301e-04,-1.977911718419091613e+01
7.171605000000000000e+09,9.899914310864232903e-03,-1.979467935298118064e+01
7.171670000000000000e+09,-2.107860433477526385e-02,-1.985014407857903862e+01
7.171735000000000000e+09,-7.769883414347589223e-03,-1.986132156461082943e+01
7.171800000000000000e+09,-1.293173843515660337e-02,-1.989096962658385337e+01
7.171865000000000000e+09,-7.688546541313456828e-03,-1.991021264164222870e+01
7.171930000000000000e+09,5.659795351061092106e-03,-1.992135050670173868e+01
7.171995000000000000e+09,-1.577422127304473065e-02,-1.996727073027805943e+01
7.172060000000000000e+09,-1.765909849456903657e-02,-1.999364181445180222e+01
7.172125000000000000e+09,1.335508649841088413e-02,-1.998711383641104078e+01
7.172190000000000000e+09,-3.011856645883526085e-02,-2.005507369632017145e+01
7.172255000000000000e+09,-2.976805918095948300e-02,-2.007920939599451060e+01
7.172320000000000000e+09,3.947312641262357147e-03,-2.006998023112450724e+01
7.172385000000000000e+09,-1.060131964035093688e-02,-2.010901507035833902e+01
7.172450000000000000e+09,1.374584928721489518e-02,-2.010915410838299167e+01
7.172515000000000000e+09,-1.012324551381382776e-02,-2.015750941013590136e+01
7.172580000000000000e+09,-3.186071431744252891e-02,-2.020373308589174854e+01
7.172645000000000000e+09,-7.451634358776715317e-03,-2.020381021288530121e+01
7.172710000000000000e+09,-1.623653618294085277e-02,-2.023708132166168383e+01
7.172775000000000000e+09,-1.048555457827049509e-02,-2.025581654700889445e+01
7.172840000000000000e+09,-1.432999772369925040e-02,-2.028414719710654168e+01
7.172905000000000000e+09,1.165363450603251749e-03,-2.029313804288445766e+01
7.172970000000000000e+09,1.029158233631122243e-02,-2.030849803095096817e+01
7.173035000000000000e+09,-4.016333865876831055e-02,-2.038343915889792868e+01
7.173100000000000000e+09,-1.134563558552059703e-02,-2.037910766277689945e+01
7.173165000000000000e+09,-1.565302108464905473e-02,-2.040790125522824638e+01
7.173230000000000000e+09,-2.022716618447617520e-02,-2.043696160728028843e+01
7.173295000000000000e+09,-2.048076085520733614e-02,-2.046170140890323808e+01
7.173360000000000000e+09,-1.515706056956389602e-02,-2.048086391556947916e+01
7.173425000000000000e+09,-5.411690862370477362e-03,-2.049560475281450422e+01
7.173490000000000000e+09,-4.319592793128279595e-02,-2.055787519683563147e+01
7.173555000000000000e+09,3.343392688751833930e-03,-2.053582208316781532e+01
7.173620000000000000e+09,-1.641435667116653008e-02,-2.058006603947961821e+01
7.173685000000000000e+09,-1.356953153411311064e-02,-2.060170742129478327e+01
7.173750000000000000e+09,-1.298376463722661356e-03,-2.061392247317660775e+01
7.173815000000000000e+09,-2.461983046922000540e-02,-2.066173013413432358e+01
7.173880000000000000e+09,-1.948489566845523768e-02,-2.068108140628544334e+01
7.173945000000000000e+09,-3.642379832106001913e-02,-2.072250651589026305e+01
7.174010000000000000e+09,-3.147795007247822241e-03,-2.071371671952866933e+01
7.174075000000000000e+09,-2.242906038359393506e-02,-2.075748419185723392e+01
7.174140000000000000e+09,-8.556528655656592264e-03,-2.076809786708151506e+01
7.174205000000000000e+09,-2.084857513859006417e-02,-2.080487612051632951e+01
7.174270000000000000e+09,2.351665885516496246e-03,-2.080616208644444143e+01
7.174335000000000000e+09,-3.128108525462280909e-02,-2.086428104453679921e+01
7.174400000000000000e+09,-1.531471700470987685e-02,-2.087280088323910476e+01
7.174465000000000000e+09,-3.591099769772654327e-02,-2.091788337088400240e+01
7.174530000000000000e+09,-1.923077404810769053e-02,-2.092568935418660203e+01
7.174595000000000000e+09,-2.561201314647121308e-02,-2.095655680023718404e+01
7.174660000000000000e+09,-2.211816801400345867e-02,-2.097754916205693476e+01
7.174725000000000000e+09,-1.289118622876372910e-02,-2.099280838722357601e+01
7.174790000000000000e+09,-3.671073404342095614e-02,-2.104111414199045171e+01
7.174855000000000000e+09,-4.457010397215199760e-02,-2.107345971887140124e+01
7.174920000000000000e+09,-6.148060598381022146e-03,-2.105952388244984874e+01
7.174985000000000000e+09,-6.502056064189076778e-03,-2.108436408486787172e+01
7.175050000000000000e+09,-2.809656922080705499e-02,-2.113044480497637423e+01
7.175115000000000000e+09,-8.647042055791587245e-04,-2.112769914691336481e+01
7.175180000000000000e+09,-2.016374301701873151e-02,-2.117148439267702287e+01
7.175245000000000000e+09,-3.122821239348638755e-02,-2.120703506900570545e+01
7.175310000000000000e+09,-3.198041976903098771e-02,-2.123227348333313458e+01
7.175375000000000000e+09,-4.016242440304651495e-02,-2.126494169491936859e+01
7.175440000000000000e+09,-2.868604879007818909e-02,-2.127795152625861519e+01
7.175505000000000000e+09,-1.716747810214869219e-02,-2.129091916252290417e+01
7.175570000000000000e+09,-1.655639426869370823e-02,-2.131479428564133372e+01
7.175635000000000000e+09,-2.988342062490900730e-02,-2.135260751894976750e+01
7.175700000000000000e+09,-5.335099736619497435e-03,-2.135254540501369291e+01
7.175765000000000000e+09,-2.321340073675060012e-02,-2.139490991296604250e+01
7.175830000000000000e+09,-2.266075896998032135e-02,-2.141884347815149070e+01
7.175895000000000000e+09,-1.704744221175502616e-02,-2.143771636834514993e+01
7.175960000000000000e+09,-3.379494543334971013e-02,-2.147895007851895954e+01
7.176025000000000000e+09,-4.255836463392270730e-02,-2.151219970467175102e+01
7.176090000000000000e+09,-2.047366839771669333e-02,-2.151460121538776349e+01
7.176155000000000000e+09,-2.109615928259600537e-02,-2.153970991322452377e+01
7.176220000000000000e+09,-4.462696238202212839e-02,-2.158772692327616838e+01
7.176285000000000000e+09,-6.946054360827957908e-03,-2.157453222220719269e+01
7.176350000000000000e+09,-2.219468421384362955e-02,-2.161426705901242684e+01
7.176415000000000000e+09,-2.914779922108934329e-02,-2.164570638097189104e+01
7.176480000000000000e+09,-1.558876037703882389e-02,-2.165663354907972149e+01
7.176545000000000000e+09,-4.041339717611336368e-02,-2.170594439283101451e+01
7.176610000000000000e+09,-2.701218463214516419e-02,-2.171702938723926479e+01
7.176675000000000000e+09,-2.724446976040795221e-02,-2.174174787931974606e+01
7.176740000000000000e+09,-1.668698175027927277e-02,-2.175567659826149836e+01
7.176805000000000000e+09,-2.374571044843776235e-02,-2.178722153391187533e+01
7.176870000000000000e+09,-1.483618104445483254e-02,-2.180279821146011088e+01
7.176935000000000000e+09,-1.972807323144110114e-02,-2.183217631059931207e+01
7.177000000000000000e+09,-3.446219523315363631e-02,-2.187139663955290914e+01
7.177065000000000000e+09,-4.426967020863159519e-02,-2.190569032148060558e+01
7.177130000000000000e+09,-4.284594620406778631e-02,-2.192875280442826025e+01
7.177195000000000000e+09,-1.670152904073773925e-02,-2.192709459421714513e+01
7.177260000000000000e+09,-1.199202009623689946e-02,-2.194687129222486277e+01
7.177325000000000000e+09,-3.819581221187107190e-02,-2.199756129129238147e+01
7.177390000000000000e+09,-3.485600736571825564e-02,-2.201870769339844713e+01
7.177455000000000000e+09,-2.342184236057320845e-02,-2.203175973534551702e+01
7.177520000000000000e+09,-4.727099712189897218e-02,-2.208009509705906126e+01
7.177585000000000000e+09,-3.137429869684282835e-02,-2.208868460558588964e+01
7.177650000000000000e+09,-3.009771818988227210e-02,-2.211189423203114401e+01
7.177715000000000000e+09,-2.036432625132533758e-02,-2.212664704704480556e+01
7.177780000000000000e+09,-4.167319803569924375e-02,-2.217244212578139795e+01
7.177845000000000000e+09,-3.867099970214482596e-02,-2.219392613439972806e+01
7.177910000000000000e+09,-3.605150083864572252e-02,-2.221579284248844388e+01
7.177975000000000000e+09,-3.360652630188454282e-02,-2.223783407490390118e+01
7.178040000000000000e+09,-6.806224243231184801e-03,-2.223551997979746631e+01
7.178105000000000000e+09,-2.933882722449610014e-02,-2.228253878973094970e+01
7.178170000000000000e+09,-6.020688768131776669e-02,-2.233789305713965234e+01
7.178235000000000000e+09,-3.128495108090589838e-02,-2.233345732749145895e+01
7.178300000000000000e+09,-5.408273256663775896e-02,-2.238074131592940930e+01
7.178365000000000000e+09,-3.924425262315267560e-02,-2.239038904293814269e+01
7.178430000000000000e+09,-5.074514793946249824e-02,-2.242637614520633349e+01
7.178495000000000000e+09,-1.742309189321744611e-02,-2.241754029611230692e+01
7.178560000000000000e+09,-1.537199099121622226e-02,-2.243997540216252418e+01
7.178625000000000000e+09,-3.982689553049567621e-02,-2.248891651365402211e+01
7.178690000000000000e+09,-4.186412578241771598e-02,-2.251543995085782512e+01
7.178755000000000000e+09,-3.276872272951436571e-02,-2.253083075475714026e+01
7.178820000000000000e+09,-5.111792850303942259e-02,-2.257366616748288379e+01
7.178885000000000000e+09,-5.420636079777096938e-02,-2.260124080672983027e+01
7.178950000000000000e+09,-4.069887107324632325e-02,-2.261221952395752410e+01
7.179015000000000000e+09,-4.984164128363488544e-02,-2.264584850111979719e+01
7.179080000000000000e+09,-6.395630769013749273e-02,-2.268444937447851828e+01
7.179145000000000000e+09,-6.900699484046413090e-02,-2.271398626858105985e+01
7.179210000000000000e+09,-4.210614940178913912e-02,-2.271157163009460334e+01
7.179275000000000000e+09,-6.050581558083578670e-02,-2.275445750322553451e+01
7.179340000000000000e+09,-4.988571109701922524e-02,-2.276832360569393643e+01
7.179405000000000000e+09,-7.188640183687411422e-02,-2.281481050338600625e+01
7.179470000000000000e+09,-4.419677397721244461e-02,-2.281160708247856306e+01
7.179535000000000000e+09,-6.825922204176748664e-02,-2.286015573749500263e+01
7.179600000000000000e+09,-5.816675368042822925e-02,-2.287454947608587830e+01
7.179665000000000000e+09,-7.276790166486080125e-02,-2.291363683102252935e+01
7.179730000000000000e+09,-9.029383319700556854e-02,-2.295564896950689260e+01
7.179795000000000000e+09,-5.895825152544986736e-02,-2.294879959478755538e+01
7.179860000000000000e+09,-6.247375073986205507e-02,-2.297680130095384854e+01
7.179925000000000000e+09,-7.101842693629123460e-02,-2.300983218410249620e+01
7.179990000000000000e+09,-9.357361778357642379e-02,-2.305687358190199987e+01
7.180055000000000000e+09,-8.317850135107462961e-02,-2.307096467242171300e+01
7.180120000000000000e+09,-4.893434155114562145e-02,-2.306120671957366852e+01
7.180185000000000000e+09,-8.539478337316808165e-02,-2.312215336834790946e+01
7.180250000000000000e+09,-1.139896976786047844e-01,-2.317523448960556465e+01
7.180315000000000000e+09,-1.203832926346564136e-01,-2.320611429151383476e+01
7.180380000000000000e+09,-1.049494437930853508e-01,-2.321516664962448218e+01
7.180445000000000000e+09,-1.179000767132372118e-01,-2.325260348949651501e+01
7.180510000000000000e+09,-9.151904682796185853e-02,-2.325070866656345814e+01
7.180575000000000000e+09,-1.330271934768134656e-01,-2.331670302016452467e+01
7.180640000000000000e+09,-1.243999319437882889e-01,-2.333256196558371798e+01
7.180705000000000000e+09,-1.343614160451664929e-01,-2.336700965663698071e+01
7.180770000000000000e+09,-1.260028571675988474e-01,-2.338313730471163154e+01
7.180835000000000000e+09,-1.116963745796404339e-01,-2.339331702907589161e+01
7.180900000000000000e+09,-1.430034474278443213e-01,-2.344911030887631398e+01
7.180965000000000000e+09,-1.443806352732757148e-01,-2.347497370367362635e+01
7.181030000000000000e+09,-9.980350978119645333e-02,-2.345488278513376201e+01
7.181095000000000000e+09,-7.412721901472707486e-02,-2.345369270131951112e+01
7.181160000000000000e+09,-1.447957107535273735e-01,-2.354884740001052990e+01
7.181225000000000000e+09,-1.845882994432237467e-01,-2.361312619565244475e+01
7.181290000000000000e+09,1.112338474685046208e-01,-2.334179025569260091e+01
7.181355000000000000e+09,3.110654242114492263e-01,-2.316644488590187478e+01
7.181420000000000000e+09,2.735459271251983182e-01,-2.322845058994034062e+01
7.181485000000000000e+09,2.035203078218010830e-01,-2.332296241619595634e+01
7.181550000000000000e+09,2.081391333955515677e-01,-2.334282979757408683e+01
7.181615000000000000e+09,1.312141036868013089e-01,-2.344424103423505557e+01
7.181680000000000000e+09,1.174159747207887960e-01,-2.348252537015328656e+01
7.181745000000000000e+09,1.098886774737302119e-01,-2.351453887435256362e+01
7.181810000000000000e+09,6.366702684078262564e-02,-2.358524673193739574e+01
7.181875000000000000e+09,7.844801696654712941e-02,-2.359495194876384616e+01
7.181940000000000000e+09,7.346459760828594199e-02,-2.362442157507432583e+01
7.182005000000000000e+09,7.329118446391547081e-02,-2.364908119517091478e+01
7.182070000000000000e+09,4.525975917271551907e-02,-2.370159882741432966e+01
7.182135000000000000e+09,6.128054284286932329e-02,-2.371006425069606038e+01
7.182200000000000000e+09,1.445782565412656595e-02,-2.378137317483702162e+01
7.182265000000000000e+09,3.060074143136048974e-02,-2.378971646601200618e+01
7.182330000000000000e+09,2.433218666719483281e-02,-2.382047122772839032e+01
7.182395000000000000e+09,2.480992902263778888e-02,-2.384447969232482833e+01
7.182460000000000000e+09,3.873814827127475269e-02,-2.385503768002840985e+01
7.182525000000000000e+09,1.627626567222861809e-02,-2.390198576957967092e+01
7.182590000000000000e+09,4.061043715520540331e-02,-2.390213780504891261e+01
7.182655000000000000e+09,4.436119611571953669e-02,-2.392287325304028300e+01
7.182720000000000000e+09,1.428240035819072773e-02,-2.397743825575003029e+01
7.182785000000000000e+09,1.446933393566141035e-02,-2.400173752912477809e+01
7.182850000000000000e+09,2.035784557322628530e-02,-2.402033522443943170e+01
7.182915000000000000e+09,1.066704659281114687e-02,-2.405451223037206177e+01
7.182980000000000000e+09,3.243715001780600460e-02,-2.405722833389894788e+01
7.183045000000000000e+09,7.345769905054311266e-03,-2.410680592096391806e+01
7.183110000000000000e+09,9.161746141472804084e-04,-2.413772172320704357e+01
7.183175000000000000e+09,2.667705669161080095e-03,-2.416045639910424825e+01
7.183240000000000000e+09,1.010467220652344622e-04,-2.418750926500322862e+01
7.183305000000000000e+09,-1.732029169640725286e-02,-2.422941681037391959e+01
7.183370000000000000e+09,-4.225035960832457249e-03,-2.424080776159055972e+01
7.183435000000000000e+09,-2.002519904875299517e-02,-2.428109413163069874e+01
7.183500000000000000e+09,1.876946329505457811e-02,-2.426678567623910610e+01
7.183565000000000000e+09,-3.406173184192340386e-03,-2.431344751967023754e+01
7.183630000000000000e+09,-2.164252205889027891e-02,-2.435617007549715396e+01
7.183695000000000000e+09,-1.041213021499842739e-02,-2.436942589060548059e+01
7.183760000000000000e+09,3.581585284880617337e-03,-2.437991838205782003e+01
7.183825000000000000e+09,-2.258733697560444398e-02,-2.443057351127018961e+01
7.183890000000000000e+09,-3.148795320658237529e-02,-2.446396033445338247e+01
7.183955000000000000e+09,-1.543888381608482518e-02,-2.447239747201510340e+01
7.184020000000000000e+09,-1.820082001142253603e-02,-2.449964561516265604e+01
7.184085000000000000e+09,-4.212449637834225769e-02,-2.454805549848146029e+01
7.184150000000000000e+09,-2.161562093659696870e-02,-2.455203282999193348e+01
7.184215000000000000e+09,2.955231850961581586e-03,-2.455194818415659341e+01
7.184280000000000000e+09,-2.433603626043634449e-02,-2.460372565922020982e+01
7.184345000000000000e+09,-4.699749065228076006e-02,-2.465087332056427272e+01
7.184410000000000000e+09,-7.392977600581218667e-03,-2.463575501446445415e+01
7.184475000000000000e+09,-9.237995940388543659e-03,-2.466208623975647640e+01
7.184540000000000000e+09,-2.716195065107029905e-02,-2.470449640141937664e+01
7.184605000000000000e+09,4.069974592145086945e-03,-2.469775068312837973e+01
7.184670000000000000e+09,-2.559742184666191633e-02,-2.475190428651907126e+01
7.184735000000000000e+09,-1.273982323706945863e-02,-2.476353289486169729e+01
7.184800000000000000e+09,-1.959575859061146730e-03,-2.477723885443590746e+01
7.184865000000000000e+09,-2.055844834997344606e-02,-2.482032393387903468e+01
7.184930000000000000e+09,-2.668248015454466326e-02,-2.485093417263549043e+01
7.184995000000000000e+09,-7.939209968714777688e-03,-2.485667710940187547e+01
7.185060000000000000e+09,-1.465429706819421085e-02,-2.488787840345357338e+01
7.185125000000000000e+09,-1.952456516638889639e-02,-2.491723487850398655e+01
7.185190000000000000e+09,-3.368650333790768059e-02,-2.495588302362772382e+01
7.185255000000000000e+09,-1.940986498601660060e-02,-2.496609259222771726e+01
7.185320000000000000e+09,-2.800919248843314335e-02,-2.499917812668234873e+01
7.185385000000000000e+09,-3.879223022778788277e-02,-2.503444737137392195e+01
7.185450000000000000e+09,-1.422258234739004479e-02,-2.503436393044574260e+01
7.185515000000000000e+09,-3.519504752722113494e-02,-2.507982260257745466e+01
7.185580000000000000e+09,-2.134736842987905447e-02,-2.509046113043233106e+01
7.185645000000000000e+09,-1.865689201010667375e-02,-2.511225686096477716e+01
7.185710000000000000e+09,-2.509895147697349671e-02,-2.514318512738386246e+01
7.185775000000000000e+09,-1.973584888268575810e-02,-2.516230823174145925e+01
7.185840000000000000e+09,-1.255519695309814665e-02,-2.517961378676408657e+01
7.185905000000000000e+09,-1.440880337987238136e-02,-2.520595360014307929e+01
7.185970000000000000e+09,-5.214582832675773716e-02,-2.526817683204217957e+01
7.186035000000000000e+09,-5.504227259590166454e-02,-2.529555948326354198e+01
7.186100000000000000e+09,-2.226800578172216660e-02,-2.528727142340124701e+01
7.186165000000000000e+09,-5.102685894511083120e-02,-2.534051648351685415e+01
7.186230000000000000e+09,-2.840208032428037654e-02,-2.534237791184824218e+01
7.186295000000000000e+09,-4.135582323236519642e-02,-2.537981786170854548e+01
7.186360000000000000e+09,-2.515540833445939484e-02,-2.538810365376252065e+01
7.186425000000000000e+09,-5.558813283130703553e-02,-2.544302258521158322e+01
7.186490000000000000e+09,-1.221909478602611898e-02,-2.542413975411852078e+01
7.186555000000000000e+09,-4.335730006384963531e-02,-2.547976416634856278e+01
7.186620000000000000e+09,-2.854119532943144577e-02,-2.548943426856602912e+01
7.186685000000000000e+09,-2.667504954690969043e-02,-2.551205432973572584e+01
7.186750000000000000e+09,-2.184130984053567204e-02,-2.553170679698157031e+01
7.186815000000000000e+09,-2.654278433241685775e-02,-2.556089447842566642e+01
7.186880000000000000e+09,-2.295793270707946476e-02,-2.558179583375254751e+01
7.186945000000000000e+09,-5.016184497528186625e-02,-2.563348595297263088e+01
7.187010000000000000e+09,-9.947976632897592708e-03,-2.561775829158246509e+01
7.187075000000000000e+09,-2.666355313401069793e-02,-2.565896007503579668e+01
7.187140000000000000e+09,-4.210830689816091876e-02,-2.569889103575216538e+01
7.187205000000000000e+09,-1.385608875325061717e-02,-2.569512502455913960e+01
7.187270000000000000e+09,-5.212103730021055981e-02,-2.575787618005831803e+01
7.187335000000000000e+09,-1.444599155929537915e-02,-2.574468734126961778e+01
7.187400000000000000e+09,-3.040900817322977900e-02,-2.578513656483577066e+01
7.187465000000000000e+09,-4.953273288577975109e-03,-2.578416703690333378e+01
7.187530000000000000e+09,-1.667512562554662736e-02,-2.582037509619218696e+01
7.187595000000000000e+09,-2.993925089469939849e-02,-2.585812542841355821e+01
7.187660000000000000e+09,-2.806150429158549287e-02,-2.588073388876266279e+01
7.187725000000000000e+09,-3.131686287897750276e-02,-2.590847545430227328e+01
7.187790000000000000e+09,-3.299849181483693883e-02,-2.593464329019001369e+01
7.187855000000000000e+09,-2.490218155188372862e-02,-2.595103318687927896e+01
7.187920000000000000e+09,-8.424560825023519328e-03,-2.595904177310463368e+01
7.187985000000000000e+09,-1.923312992076375849e-02,-2.599433654915259240e+01
7.188050000000000000e+09,-3.941559583110176845e-02,-2.603900522201481493e+01
7.188115000000000000e+09,-1.578926561051119393e-02,-2.603986509874644284e+01
7.188180000000000000e+09,-4.265246483374696140e-02,-2.609121450492189709e+01
7.188245000000000000e+09,-4.853209389109025551e-02,-2.612158034093145886e+01
7.188310000000000000e+09,-2.201542069074235997e-02,-2.611954987468332590e+01
7.188375000000000000e+09,-1.618271728519360408e-02,-2.613820337822966167e+01
7.188440000000000000e+09,-4.260049329559834064e-02,-2.618910736119228133e+01
7.188505000000000000e+09,-5.311818665706624643e-03,-2.617630489351460810e+01
7.188570000000000000e+09,-4.940284134797323645e-02,-2.624488212314909319e+01
7.188635000000000000e+09,-4.220140081284284861e-02,-2.626216688956584733e+01
7.188700000000000000e+09,-3.932314705195949500e-02,-2.628377484275718245e+01
7.188765000000000000e+09,-3.306099587143407348e-02,-2.630199889852887551e+01
7.188830000000000000e+09,-3.735187109574766851e-02,-2.633077598070540404e+01
7.188895000000000000e+09,-4.750126372767482508e-02,-2.636541158028921217e+01
7.188960000000000000e+09,-4.149391471471730597e-02,-2.638389043822847313e+01
7.189025000000000000e+09,-2.026173314478540988e-02,-2.638714446361075971e+01
7.189090000000000000e+09,-3.503032441627240701e-02,-2.642639926183446519e+01
7.189155000000000000e+09,-5.812425885968153239e-02,-2.647397940323009280e+01
7.189220000000000000e+09,-4.864639752982924392e-02,-2.648898774885212504e+01
7.189285000000000000e+09,-2.637662602251467092e-02,-2.649120418429702539e+01
7.189350000000000000e+09,-4.601691559824061528e-02,-2.653533068082496982e+01
7.189415000000000000e+09,-3.387967846679629247e-02,-2.654767965064574042e+01
7.189480000000000000e+09,-1.659699806179659731e-02,-2.655488317719262525e+01
7.189545000000000000e+09,-3.216011795415951724e-02,-2.659493250403720666e+01
7.189610000000000000e+09,-2.919170985283869868e-02,-2.661645030288810432e+01
7.189675000000000000e+09,-5.132776671934635715e-02,-2.666307256670683046e+01
7.189740000000000000e+09,-5.738745131703382185e-02,-2.669361845825639890e+01
7.189805000000000000e+09,-3.682893085112581844e-02,-2.669754614474270937e+01
7.189870000000000000e+09,-6.246711034029672760e-02,-2.674767053118409521e+01
7.189935000000000000e+09,-3.277566001343856783e-02,-2.674246528780945553e+01
7.190000000000000000e+09,-5.280351082040013466e-02,-2.678697934556863558e+01
7.190065000000000000e+09,-1.295220725596024636e-02,-2.677161424895608022e+01
7.190130000000000000e+09,-1.770037589163919733e-02,-2.680084862454397765e+01
7.190195000000000000e+09,-4.304554847091424108e-02,-2.685068000407547117e+01
7.190260000000000000e+09,-4.706110108034522455e-02,-2.687918176363711709e+01
7.190325000000000000e+09,-2.956561098025289880e-02,-2.688617248048890929e+01
7.190390000000000000e+09,-2.894960788288258868e-02,-2.691004268434375390e+01
7.190455000000000000e+09,-2.896091711297188453e-02,-2.693454020052606168e+01
7.190520000000000000e+09,-4.197045620714590086e-02,-2.697203594657245418e+01
7.190585000000000000e+09,-2.155140938629784841e-02,-2.697610310670349065e+01
7.190650000000000000e+09,-3.536793879993993528e-02,-2.701440584306935122e+01
7.190715000000000000e+09,-6.174616828875301167e-02,-2.706527027951038278e+01
7.190780000000000000e+09,6.467101993486323863e-03,-2.702154321618035837e+01
7.190845000000000000e+09,-3.932175494739809096e-02,-2.709181828007346127e+01
7.190910000000000000e+09,-6.112734224120330850e-02,-2.713811007431914746e+01
7.190975000000000000e+09,-2.348198387899103068e-02,-2.712495092290915366e+01
7.191040000000000000e+09,-4.206044936978869941e-02,-2.716801559535216981e+01
7.191105000000000000e+09,-2.613083785989545049e-02,-2.717657219079449504e+01
7.191170000000000000e+09,-3.749911340941736171e-02,-2.721242667329590148e+01
7.191235000000000000e+09,-3.589540598197871191e-02,-2.723530917282067776e+01
7.191300000000000000e+09,-3.778854483454097135e-02,-2.726168851862545850e+01
7.191365000000000000e+09,-3.907967638076570438e-02,-2.728746585712389816e+01
7.191430000000000000e+09,-2.594604307002867927e-02,-2.729881843076537962e+01
7.191495000000000000e+09,-3.005886633098953098e-02,-2.732741746097822499e+01
7.191560000000000000e+09,-5.064078613322564593e-02,-2.737248558773267959e+01
7.191625000000000000e+09,-4.689069909769116862e-02,-2.739322170764936359e+01
7.191690000000000000e+09,-4.756747718086273835e-02,-2.741838469268475365e+01
7.191755000000000000e+09,-3.082063337601326225e-02,-2.742612405583178514e+01
7.191820000000000000e+09,-4.430262809928109391e-02,-2.746409225750727146e+01
7.191885000000000000e+09,-3.383582929634698644e-02,-2.747811166565655228e+01
7.191950000000000000e+09,-4.713157301123516163e-02,-2.751589361632365893e+01
7.192015000000000000e+09,-4.303025169761198754e-02,-2.753627850196192028e+01
7.192080000000000000e+09,-4.462388921211157822e-02,-2.756235834642863836e+01
7.192145000000000000e+09,-4.113046039386603070e-02,-2.758335112456261129e+01
7.192210000000000000e+09,-1.774885002166826098e-02,-2.758445572114263200e+01
7.192275000000000000e+09,-5.016708719425011509e-02,-2.764136016526742878e+01
7.192340000000000000e+09,-2.391788542879069723e-02,-2.763959717045385034e+01
7.192405000000000000e+09,-4.682412217869824644e-02,-2.768698961415597637e+01
7.192470000000000000e+09,-5.782238953209883903e-02,-2.772247408846159544e+01
7.192535000000000000e+09,-6.372495735007532858e-02,-2.775286286323179041e+01
7.192600000000000000e+09,-3.676392141372275546e-02,-2.775038803424732237e+01
7.192665000000000000e+09,-5.018558371727976919e-02,-2.778829590350309786e+01
7.192730000000000000e+09,-4.805866037822426051e-02,-2.781065518711625728e+01
7.192795000000000000e+09,-2.915185846003609527e-02,-2.781623459215028760e+01
7.192860000000000000e+09,2.221457527557646472e-03,-2.780934748311457483e+01
7.192925000000000000e+09,-3.301859517347338624e-02,-2.786907374276782434e+01
7.192990000000000000e+09,-5.039926661824267740e-02,-2.791094062116481211e+01
7.193055000000000000e+09,-2.480397487309460303e-02,-2.790983153637188252e+01
7.193120000000000000e+09,-4.111576389835747136e-02,-2.795062953234936387e+01
7.193185000000000000e+09,-5.421114390760450874e-02,-2.798821111931049188e+01
7.193250000000000000e+09,-4.759240182796986574e-02,-2.800607858418307572e+01
7.193315000000000000e+09,-3.453539079619716290e-02,-2.801750778010351794e+01
7.193380000000000000e+09,-3.415640753818038888e-02,-2.804161500379771965e+01
7.193445000000000000e+09,-4.298263998020246390e-02,-2.807492744319162625e+01
7.193510000000000000e+09,-5.448375476931488492e-02,-2.811091476493295715e+01
7.193575000000000000e+09,-4.904186757421769016e-02,-2.812995908469007844e+01
7.193640000000000000e+09,-4.468421265497823924e-02,-2.815008763672305747e+01
7.193705000000000000e+09,-6.010793932379243643e-03,-2.813590042495233945e+01
7.193770000000000000e+09,-1.972605088245060756e-02,-2.817410188885462929e+01
7.193835000000000000e+09,-3.384182577266159342e-02,-2.821270387069705521e+01
7.193900000000000000e+09,-2.391385834560821877e-02,-2.822726211022222031e+01
7.193965000000000000e+09,-3.301232094396766570e-02,-2.826084677977279824e+01
7.194030000000000000e+09,-1.590175510560953853e-02,-2.826822242088632464e+01
7.194095000000000000e+09,-4.100815790275191830e-02,-2.831781503063568550e+01
7.194160000000000000e+09,-2.239826386406207348e-02,-2.832369134354921414e+01
7.194225000000000000e+09,-3.337145459805412884e-02,-2.835915074123542112e+01
7.194290000000000000e+09,-3.911146503288165377e-02,-2.838937695862212962e+01
7.194355000000000000e+09,-3.543539446810584082e-02,-2.841018709500957229e+01
7.194420000000000000e+09,-3.257182866061469895e-02,-2.843180973615429963e+01
7.194485000000000000e+09,-3.404111098164364080e-02,-2.845776522542754705e+01
7.194550000000000000e+09,-3.017920154360709262e-02,-2.847838952294139503e+01
7.194615000000000000e+09,-2.476517292519986313e-02,-2.849746170127520628e+01
7.194680000000000000e+09,-3.395011174124817899e-02,-2.853113284704346952e+01
7.194745000000000000e+09,-1.630548147516464041e-02,-2.853797442372960447e+01
7.194810000000000000e+09,-2.435084292940459250e-02,-2.857050599213605935e+01
7.194875000000000000e+09,-3.713668998517150044e-02,-2.860777804614371078e+01
7.194940000000000000e+09,-5.362930563235224213e-02,-2.864875686874311000e+01
7.195005000000000000e+09,-3.965656535900663471e-02,-2.865927033542198288e+01
7.195070000000000000e+09,-4.838939007427001116e-02,-2.869248936708946474e+01
7.195135000000000000e+09,-3.428827452136928855e-02,-2.870287445848844499e+01
7.195200000000000000e+09,-3.914755039911455015e-02,-2.873221994131840873e+01
7.195265000000000000e+09,-4.720219059649366500e-02,-2.876476078846800633e+01
7.195330000000000000e+09,-2.319365517752558503e-02,-2.876523846000125317e+01
7.195395000000000000e+09,-4.663465000140831762e-02,-2.881316566177735439e+01
7.195460000000000000e+09,-2.375912778141042736e-02,-2.881477634650924102e+01
7.195525000000000000e+09,-2.487444019050144561e-02,-2.884037786587055052e+01
7.195590000000000000e+09,-2.590117582828455056e-02,-2.886589080846055211e+01
7.195655000000000000e+09,-5.038475694328781174e-02,-2.891486059652777385e+01
7.195720000000000000e+09,-4.723755384776140431e-02,-2.893619960038412842e+01
7.195785000000000000e+09,-4.169742588109670578e-02,-2.895514567936967865e+01
7.195850000000000000e+09,-5.243725619053662967e-02,-2.899037171663133705e+01
7.195915000000000000e+09,-3.657123420295960159e-02,-2.899899190159597850e+01
7.195980000000000000e+09,-2.991751667846997975e-02,-2.901682439102337341e+01
7.196045000000000000e+09,-4.158607597494778929e-02,-2.905297915727206970e+01
7.196110000000000000e+09,-2.079356081639005538e-02,-2.905667284906573045e+01
7.196175000000000000e+09,-8.843208312242722968e-03,-2.906920870351379804e+01
7.196240000000000000e+09,-2.304690454092295226e-02,-2.910789860669469675e+01
7.196305000000000000e+09,-4.487228189930192457e-02,-2.915421019100495670e+01
7.196370000000000000e+09,-4.422675440293488691e-02,-2.917805087046080814e+01
7.196435000000000000e+09,-6.953514370307800618e-02,-2.922784546671316974e+01
7.196500000000000000e+09,-2.913239094887387637e-02,-2.921192892091118409e+01
7.196565000000000000e+09,-4.495198212178053154e-02,-2.925223471903597527e+01
7.196630000000000000e+09,-3.373023399781160947e-02,-2.926549917786422128e+01
7.196695000000000000e+09,-4.027872507351659692e-02,-2.929653387589214475e+01
7.196760000000000000e+09,-5.483751128758740379e-02,-2.933557886905843404e+01
7.196825000000000000e+09,-4.158704820561354154e-02,-2.934681461292834115e+01
7.196890000000000000e+09,-3.737656546024936688e-02,-2.936709033713519545e+01
7.196955000000000000e+09,-3.684039988119280906e-02,-2.939104037850835738e+01
7.197020000000000000e+09,-2.558641584466414542e-02,-2.940427260142404720e+01
7.197085000000000000e+09,-3.572980502280387327e-02,-2.943890219755440540e+01
7.197150000000000000e+09,-3.860211735141305667e-02,-2.946626071683489556e+01
7.197215000000000000e+09,-5.855387293498637291e-02,-2.951069867937068736e+01
7.197280000000000000e+09,-4.958293600893171060e-02,-2.952621394939684762e+01
7.197345000000000000e+09,-2.782091491523885907e-02,-2.952893813525537325e+01
7.197410000000000000e+09,-4.673164695410392255e-02,-2.957233507424612284e+01
7.197475000000000000e+09,-6.635656573779158407e-02,-2.961644619998202899e+01
7.197540000000000000e+09,-2.286866742426241217e-02,-2.959744450862071830e+01
7.197605000000000000e+09,-1.810871659236212849e-02,-2.961717076474103649e+01
7.197670000000000000e+09,-3.663457449327012228e-02,-2.966018282959382546e+01
7.197735000000000000e+09,-3.538262851320794766e-02,-2.968341709056597821e+01
7.197800000000000000e+09,-4.487535759911764899e-02,-2.971739602660410640e+01
7.197865000000000000e+09,-4.928560955371708019e-02,-2.974629248551092431e+01
7.197930000000000000e+09,-5.874670644471180481e-02,-2.978023978935413751e+01
7.197995000000000000e+09,-4.045590715018931860e-02,-2.978643519701149955e+01
7.198060000000000000e+09,-2.572063609615327096e-02,-2.979618613290968199e+01
7.198125000000000000e+09,-1.204882849869548522e-02,-2.980700053226443913e+01
7.198190000000000000e+09,-4.326024568983299901e-02,-2.986269815640779512e+01
7.198255000000000000e+09,-5.246233348518813955e-02,-2.989638645115503124e+01
7.198320000000000000e+09,-3.720301292197447651e-02,-2.990561333754403606e+01
7.198385000000000000e+09,-1.052279868899574922e-02,-2.990341933026327581e+01
7.198450000000000000e+09,-3.128779442908324882e-02,-2.994867053295558179e+01
7.198515000000000000e+09,-1.356465784410687547e-02,-2.995543360332282390e+01
7.198580000000000000e+09,-5.073551368015927210e-02,-3.001709066611076082e+01
7.198645000000000000e+09,-4.907161741762777751e-02,-3.003991297680044426e+01
7.198710000000000000e+09,-3.073271572721125722e-02,-3.004606028206224622e+01
7.198775000000000000e+09,-1.304348492401530279e-02,-3.005285725821126519e+01
7.198840000000000000e+09,-7.870849650430500333e-03,-3.007217082988956491e+01
7.198905000000000000e+09,-2.574181157715216273e-02,-3.011452799876850506e+01
7.198970000000000000e+09,-2.403099688027765524e-02,-3.013730339102384903e+01
7.199035000000000000e+09,-4.233777704621033422e-02,-3.018009637814200019e+01
7.199100000000000000e+09,-5.886197201342824314e-02,-3.022110678006109907e+01
7.199165000000000000e+09,-2.510593375291847451e-02,-3.021183694875280779e+01
7.199230000000000000e+09,-5.145949878094313590e-02,-3.026267672073304738e+01
7.199295000000000000e+09,-2.487669845260853663e-02,-3.026058012735693126e+01
7.199360000000000000e+09,-1.155400344491752662e-02,-3.027174363930145873e+01
7.199425000000000000e+09,-2.042158399601490260e-02,-3.030509742680444063e+01
7.199490000000000000e+09,-2.748237948892651161e-02,-3.033664442924957072e+01
7.199555000000000000e+09,-4.960066678790653327e-02,-3.038324892350076922e+01
7.199620000000000000e+09,-3.792899082742096084e-02,-3.039606345449249858e+01
7.199685000000000000e+09,-3.682655934429845956e-02,-3.041944722996125705e+01
7.199750000000000000e+09,-4.502867328337600838e-02,-3.045213555085255308e+01
7.199815000000000000e+09,-5.115136630718808419e-02,-3.048274445082858364e+01
7.199880000000000000e+09,-2.386765490621556296e-02,-3.047994694637982960e+01
7.199945000000000000e+09,-2.325253184505626791e-02,-3.050381803027055483e+01
7.200010000000000000e+09,-1.788035284080535803e-02,-3.052293205821852240e+01
7.200075000000000000e+09,-4.438194445607024363e-02,-3.057391985678600221e+01
7.200140000000000000e+09,-6.127828617516328791e-02,-3.061530240545731374e+01
7.200205000000000000e+09,-6.593620511012687757e-02,-3.064444653134449581e+01
7.200270000000000000e+09,-6.649833402139648797e-02,-3.066949486720764639e+01
7.200335000000000000e+09,-6.673475626219982360e-02,-3.069421749640066821e+01
7.200400000000000000e+09,-3.640383874513020146e-02,-3.068837278583581707e+01
7.200465000000000000e+09,-8.723547768534700708e-02,-3.076369063172825236e+01
7.200530000000000000e+09,-4.142837791649611745e-02,-3.074236973891128599e+01
7.200595000000000000e+09,-3.184158595909281075e-02,-3.075726915390609761e+01
7.200660000000000000e+09,-3.824987933915124927e-02,-3.078816365423837453e+01
7.200725000000000000e+09,-3.169740744001714461e-02,-3.080609738929145536e+01
7.200790000000000000e+09,-6.358150405229068269e-02,-3.086246769285561342e+01
7.200855000000000000e+09,-5.472622268684190772e-02,-3.087809861844238313e+01
7.200920000000000000e+09,-3.264827876673948026e-02,-3.088050688147449918e+01
7.200985000000000000e+09,-5.223590532033384193e-02,-3.092458071498031202e+01
7.201050000000000000e+09,-3.176891316409324872e-02,-3.092859992977628991e+01
7.201115000000000000e+09,-3.650303521451547795e-02,-3.095782025877859311e+01
7.201180000000000000e+09,-4.815336122338464975e-02,-3.099395679173967721e+01
7.201245000000000000e+09,-4.259184457198017526e-02,-3.101288148204049122e+01
7.201310000000000000e+09,-5.139218488919539141e-02,-3.104616802930992492e+01
7.201375000000000000e+09,-2.577549505029352872e-02,-3.104503754642290758e+01
7.201440000000000000e+09,-5.639816484086779269e-02,-3.110014642316570033e+01
7.201505000000000000e+09,-6.514331616747170983e-02,-3.113337778144452272e+01
7.201570000000000000e+09,-4.351154243290977774e-02,-3.113623221466217572e+01
7.201635000000000000e+09,-5.562224525606396242e-02,-3.117282912443721443e+01
7.201700000000000000e+09,-5.129886330396615790e-02,-3.119299194943733156e+01
7.201765000000000000e+09,-4.922703068697131812e-02,-3.121540632377255520e+01
7.201830000000000000e+09,-4.315945685117483777e-02,-3.123382495688897720e+01
7.201895000000000000e+09,-5.144027137034612451e-02,-3.126659197836036697e+01
7.201960000000000000e+09,-4.913453682994628480e-02,-3.128877245077185165e+01
7.202025000000000000e+09,-3.541323063998547127e-02,-3.129953735153410577e+01
7.202090000000000000e+09,-5.782028334524724755e-02,-3.134643061119158602e+01
7.202155000000000000e+09,-5.117032992239956002e-02,-3.136426686472095682e+01
7.202220000000000000e+09,-5.720286465325230552e-02,-3.139478560640369054e+01
7.202285000000000000e+09,-6.734405399692988681e-02,-3.142941300269958660e+01
7.202350000000000000e+09,-6.538931059001029666e-02,-3.145194446624488549e+01
7.202415000000000000e+09,-4.320371592756089285e-02,-3.145424507853465457e+01
7.202480000000000000e+09,-6.757460044507013208e-02,-3.150310217000438229e+01
7.202545000000000000e+09,-6.431406336074019237e-02,-3.152432783987193332e+01
7.202610000000000000e+09,-5.342531921348836477e-02,-3.153792530267689997e+01
7.202675000000000000e+09,-8.168252514325402558e-02,-3.159066871555888412e+01
7.202740000000000000e+09,-3.664305270895695799e-02,-3.157011545007680198e+01
7.202805000000000000e+09,-8.235052780242568815e-02,-3.164030913212215523e+01
7.202870000000000000e+09,-2.772896758770215797e-02,-3.161017377885965018e+01
7.202935000000000000e+09,-5.395665377398728424e-02,-3.166088767199815379e+01
7.203000000000000000e+09,-6.406226956926275307e-02,-3.169547949474564419e+01
7.203065000000000000e+09,-6.263802606757451485e-02,-3.171854145819584048e+01
7.203130000000000000e+09,-5.306816557760640762e-02,-3.173345780465809085e+01
7.203195000000000000e+09,-7.251783792743182744e-02,-3.177739368396013120e+01
7.203260000000000000e+09,-6.213916232576721654e-02,-3.179150121531068507e+01
7.203325000000000000e+09,-5.980162367698582671e-02,-3.181364988361412216e+01
7.203390000000000000e+09,-4.683327219798982810e-02,-3.182516773908701069e+01
7.203455000000000000e+09,-7.051845229716846575e-02,-3.187333912613840781e+01
7.203520000000000000e+09,-6.951758940747509996e-02,-3.189682447020092937e+01
7.203585000000000000e+09,-7.677537978434756383e-02,-3.192856846753002031e+01
7.203650000000000000e+09,-5.553216633994395579e-02,-3.193181146103749768e+01
7.203715000000000000e+09,-6.752147163506094785e-02,-3.196828697328483315e+01
7.203780000000000000e+09,-4.500825257177254457e-02,-3.197025996117376323e+01
7.203845000000000000e+09,-4.519133101644001727e-02,-3.199492924657064918e+01
7.203910000000000000e+09,-5.645951435508322902e-02,-3.203068363686117692e+01
7.203975000000000000e+09,-6.999993379015378991e-02,-3.206871026324846241e+01
7.204040000000000000e+09,-9.374453899944512614e-02,-3.211694107540996868e+01
7.204105000000000000e+09,-6.401894269150432137e-02,-3.211170168605424635e+01
7.204170000000000000e+09,-6.332996518082723014e-02,-3.213549891549578774e+01
7.204235000000000000e+09,-7.965304564539366083e-02,-3.217630820291223870e+01
7.204300000000000000e+09,-5.532216599188899409e-02,-3.217646353021095251e+01
7.204365000000000000e+09,-5.153879270477546015e-02,-3.219716636387605746e+01
7.204430000000000000e+09,-9.471708959292612917e-02,-3.226483086771642661e+01
7.204495000000000000e+09,-8.120278191453422778e-02,-3.227580276698991923e+01
7.204560000000000000e+09,-8.458494097160240699e-02,-3.230367113299920589e+01
7.204625000000000000e+09,-9.527773503180014814e-02,-3.233885013401161501e+01
7.204690000000000000e+09,-9.526207411566645078e-02,-3.236332068004769980e+01
7.204755000000000000e+09,-9.618227352558506027e-02,-3.238872708640950293e+01
7.204820000000000000e+09,-8.336238250102212533e-02,-3.240039340233715848e+01
7.204885000000000000e+09,-1.014088180155781060e-01,-3.244292604480393294e+01
7.204950000000000000e+09,-9.603334320587464390e-02,-3.246203677694644796e+01
7.205015000000000000e+09,-1.028434087132836794e-01,-3.249333304940607547e+01
7.205080000000000000e+09,-1.107422090183973751e-01,-3.252571805666306659e+01
7.205145000000000000e+09,-1.037910006252502626e-01,-3.254325305522213796e+01
7.205210000000000000e+09,-1.031181444690574267e-01,-3.256706640601816360e+01
7.205275000000000000e+09,-1.161711770661781884e-01,-3.260460564556750285e+01
7.205340000000000000e+09,-1.127721522016571498e-01,-3.262569282765486633e+01
7.205405000000000000e+09,-1.223961818925261014e-01,-3.265980306429795377e+01
7.205470000000000000e+09,-1.514551712929375071e-01,-3.271334826065058365e+01
7.205535000000000000e+09,-1.323994083876840477e-01,-3.271877870469754157e+01
7.205600000000000000e+09,-1.439723086353197345e-01,-3.275483781189706178e+01
7.205665000000000000e+09,-1.504322952910115418e-01,-3.278578400550497207e+01
7.205730000000000000e+09,-1.570600573376381703e-01,-3.281689797450381718e+01
7.205795000000000000e+09,-1.586830526201836733e-01,-3.284300717673858117e+01
7.205860000000000000e+09,-1.650320109128529111e-01,-3.287384234198346888e+01
7.205925000000000000e+09,-1.607639653096484267e-01,-3.289406050333214893e+01
7.205990000000000000e+09,-1.970219153718488769e-01,-3.295480466034656786e+01
7.206055000000000000e+09,-1.728713192185722392e-01,-3.295514027114550970e+01
7.206120000000000000e+09,-1.688617350851444598e-01,-3.297561689396429330e+01
7.206185000000000000e+09,-1.185442852982347972e-01,-3.294978565112926816e+01
7.206250000000000000e+09,-1.531542333322590821e-01,-3.300888180611551093e+01
7.206315000000000000e+09,-2.372111904599591981e-01,-3.311742497019542952e+01
7.206380000000000000e+09,-2.415929690381588557e-01,-3.314629295572584766e+01
7.206445000000000000e+09,2.443186176548124422e-01,-3.268486757598509485e+01
7.206510000000000000e+09,3.046649357552411175e-01,-3.264900746483654359e+01
7.206575000000000000e+09,2.536049310724877159e-01,-3.272455367647151547e+01
7.206640000000000000e+09,1.863351111358753087e-01,-3.281630970336034636e+01
7.206705000000000000e+09,1.297742932399614801e-01,-3.289735672820847867e+01
7.206770000000000000e+09,1.175226755327400952e-01,-3.293409455286758458e+01
7.206835000000000000e+09,1.107693686950170786e-01,-3.296533406665752608e+01
7.206900000000000000e+09,8.422334663517005993e-02,-3.301636629566959158e+01
7.206965000000000000e+09,5.422844072692356576e-02,-3.307084740853005655e+01
7.207030000000000000e+09,6.005635040972379102e-02,-3.308950570579913375e+01
7.207095000000000000e+09,4.681771804455081565e-02,-3.312723054511652521e+01
7.207160000000000000e+09,2.942209552184493759e-02,-3.316911237459144957e+01
7.207225000000000000e+09,2.772304311362461249e-02,-3.319529763395188837e+01
7.207290000000000000e+09,1.886154833792375030e-02,-3.322864533567980772e+01
7.207355000000000000e+09,1.075853971119755670e-02,-3.326123455125841843e+01
7.207420000000000000e+09,2.612791437022821128e-02,-3.327035138355160626e+01
7.207485000000000000e+09,1.064937988947178837e-02,-3.331031612498458117e+01
7.207550000000000000e+09,2.512060389280179606e-02,-3.332033110793346253e+01
7.207615000000000000e+09,6.550349644840025576e-03,-3.336338756913330883e+01
7.207680000000000000e+09,2.067082092957406303e-02,-3.337375330480079327e+01
7.207745000000000000e+09,-8.300541853287768390e-03,-3.342721087453587359e+01
7.207810000000000000e+09,-8.226028384520134296e-03,-3.345162256801932443e+01
7.207875000000000000e+09,-7.148227780355398409e-03,-3.347503097436704422e+01
7.207940000000000000e+09,6.737188722667042384e-03,-3.348563176481624026e+01
7.208005000000000000e+09,8.336651897479896434e-03,-3.350851850859363878e+01
7.208070000000000000e+09,-2.465935999325097328e-03,-3.354380730344266226e+01
7.208135000000000000e+09,-1.104948702733565824e-02,-3.357687706142289130e+01
7.208200000000000000e+09,-1.524440681529881658e-02,-3.360555818816273899e+01
7.208265000000000000e+09,-1.514917388936964926e-02,-3.362994916218902830e+01
7.208330000000000000e+09,-1.645283305054334733e-02,-3.365573902830242048e+01
7.208395000000000000e+09,-2.830422786040287519e-03,-3.366660282499013590e+01
7.208460000000000000e+09,1.592610880152278696e-03,-3.368666599827582786e+01
7.208525000000000000e+09,2.913060925969546133e-03,-3.370983175518222197e+01
7.208590000000000000e+09,-1.046877104591459329e-02,-3.374769979410632459e+01
7.208655000000000000e+09,-1.310366109031946280e-02,-3.377482089110294794e+01
7.208720000000000000e+09,-1.325300176322485868e-02,-3.379945643872773786e+01
7.208785000000000000e+09,-3.028149323824891326e-02,-3.384097113715498040e+01
7.208850000000000000e+09,-2.324605645382149532e-02,-3.385842190732277146e+01
7.208915000000000000e+09,-2.556047175031039842e-02,-3.388522252957147884e+01
7.208980000000000000e+09,-4.049453006027192714e-02,-3.392464279483365885e+01
7.209045000000000000e+09,-3.121602049593263928e-02,-3.393985049222119699e+01
7.209110000000000000e+09,-2.031356523265515079e-02,-3.395343424391013798e+01
7.209175000000000000e+09,-2.242271432368170281e-02,-3.398002959995338301e+01
7.209240000000000000e+09,-3.736733850819007330e-02,-3.401946043109010986e+01
7.209305000000000000e+09,-2.432838522208413679e-02,-3.403090768475588845e+01
7.209370000000000000e+09,-3.259774566146234065e-02,-3.406366325214748514e+01
7.209435000000000000e+09,-2.157943594392719433e-02,-3.407713114938216847e+01
7.209500000000000000e+09,2.810297105298786846e-03,-3.407722762328515387e+01
7.209565000000000000e+09,-1.531556695335467566e-02,-3.411983969429569186e+01
7.209630000000000000e+09,-2.405647034077418311e-02,-3.415306680463532985e+01
7.209695000000000000e+09,-1.398081333572065432e-02,-3.416747735458249480e+01
7.209760000000000000e+09,-3.253039428987847259e-02,-3.421051314248887110e+01
7.209825000000000000e+09,-3.955217206514305417e-02,-3.424202112721635416e+01
7.209890000000000000e+09,-2.224702549749935088e-02,-3.424920218760059498e+01
7.209955000000000000e+09,-2.477884802099339367e-02,-3.427622021707630751e+01
7.210020000000000000e+09,-2.677140120727017347e-02,-3.430269897721479566e+01
7.210085000000000000e+09,-2.608252402731636721e-02,-3.432649630698706034e+01
7.210150000000000000e+09,-1.555547261067857789e-02,-3.434045546252230707e+01
7.210215000000000000e+09,-3.574645202587589665e-02,-3.438513264888972287e+01
7.210280000000000000e+09,-3.189979571173040540e-02,-3.440577219952779586e+01
7.210345000000000000e+09,-2.218228728249727055e-02,-3.442054089805078121e+01
7.210410000000000000e+09,-2.422000396529710997e-02,-3.444706482168579953e+01
7.210475000000000000e+09,-3.594447973563319465e-02,-3.448327550440801303e+01
7.210540000000000000e+09,-2.613187151057871915e-02,-3.449794910313517704e+01
7.210605000000000000e+09,-2.899449946391285948e-02,-3.452529793804072966e+01
7.210670000000000000e+09,-5.508132031356893776e-02,-3.457587096584260422e+01
7.210735000000000000e+09,-3.096916235128333028e-02,-3.457624501483220314e+01
7.210800000000000000e+09,-3.642385130437020280e-02,-3.460618591073750849e+01
7.210865000000000000e+09,-3.267491867540428530e-02,-3.462692318506076106e+01
7.210930000000000000e+09,-2.441596786999156166e-02,-3.464315044120755971e+01
7.210995000000000000e+09,-4.023907367930235068e-02,-3.468345975396875502e+01
7.211060000000000000e+09,-1.940937872515036133e-02,-3.468711626596682152e+01
7.211125000000000000e+09,-3.900166770016966211e-02,-3.473119476189405930e+01
7.211190000000000000e+09,-1.685876135868369374e-02,-3.473353806250479181e+01
7.211255000000000000e+09,-1.684435814483720151e-02,-3.475800986624316380e+01
7.211320000000000000e+09,-4.300473098771107061e-02,-3.480865644603792219e+01
7.211385000000000000e+09,-3.847372375106772324e-02,-3.482861164575349733e+01
7.211450000000000000e+09,-3.834766388303023632e-02,-3.485297179283767832e+01
7.211515000000000000e+09,-1.314529819803311739e-02,-3.485225563410489258e+01
7.211580000000000000e+09,-2.972052230705202192e-02,-3.489331706516579601e+01
7.211645000000000000e+09,-2.522482696124228596e-02,-3.491330757677220475e+01
7.211710000000000000e+09,-2.617529262752782415e-02,-3.493874424939070877e+01
7.211775000000000000e+09,-2.368957919215120000e-02,-3.496074474290755063e+01
7.211840000000000000e+09,-4.194464495226668532e-02,-3.500348601561955064e+01
7.211905000000000000e+09,-3.790991917227160002e-02,-3.502393749679176693e+01
7.211970000000000000e+09,-5.612630184614886275e-02,-3.506664008641786268e+01
7.212035000000000000e+09,-2.602102425357344373e-02,-3.506102101577750574e+01
7.212100000000000000e+09,-2.140544292275592397e-02,-3.508089164139890670e+01
7.212165000000000000e+09,-1.866161619946637984e-02,-3.510263402162750168e+01
7.212230000000000000e+09,-2.697212364751777613e-02,-3.513543073602777156e+01
7.212295000000000000e+09,-5.531099139889761318e-02,-3.518825581073136988e+01
7.212360000000000000e+09,-3.677894947377069457e-02,-3.519420997575846144e+01
7.212425000000000000e+09,-3.426329682169892976e-02,-3.521618053005826710e+01
7.212490000000000000e+09,-3.219617920411366185e-02,-3.523859961939290031e+01
7.212555000000000000e+09,-3.148661455026058320e-02,-3.526237626169126571e+01
7.212620000000000000e+09,-2.723595403708856111e-02,-3.528261180813031217e+01
7.212685000000000000e+09,-3.653743722362889912e-02,-3.531639949826873703e+01
7.212750000000000000e+09,-5.077100239747522892e-02,-3.535511927039480184e+01
7.212815000000000000e+09,-2.349381467612232655e-02,-3.535232828962566742e+01
7.212880000000000000e+09,-5.529695927599931338e-02,-3.540861764117776289e+01
7.212945000000000000e+09,-1.412968355634802720e-02,-3.539193657241032298e+01
7.213010000000000000e+09,-2.134885321689239390e-02,-3.542364194902275187e+01
7.213075000000000000e+09,-3.300756618435229939e-02,-3.545978686894243026e+01
7.213140000000000000e+09,-3.479949790597913761e-02,-3.548606500761627558e+01
7.213205000000000000e+09,-3.770991331738571262e-02,-3.551346162997990064e+01
7.213270000000000000e+09,-3.848325409281727616e-02,-3.553872117770721673e+01
7.213335000000000000e+09,-4.030153823950399783e-02,-3.556502566880612193e+01
7.213400000000000000e+09,-3.343194564448737083e-02,-3.558264228316331668e+01
7.213465000000000000e+09,-2.327539861317973191e-02,-3.559697194308422752e+01
7.213530000000000000e+09,-4.021381831739745394e-02,-3.563839656974066372e+01
7.213595000000000000e+09,-2.026560769693475095e-02,-3.564293456607208554e+01
7.213660000000000000e+09,-1.250178505507193449e-02,-3.565965695038244121e+01
7.213725000000000000e+09,-3.500115577542572964e-02,-3.570664252805501349e+01
7.213790000000000000e+09,-4.037809665116043334e-02,-3.573650567588296667e+01
7.213855000000000000e+09,-2.040225686190666465e-02,-3.574101604304559743e+01
7.213920000000000000e+09,-3.163701740565727505e-02,-3.577673701054155941e+01
7.213985000000000000e+09,1.525521273951824242e-02,-3.575433098734860238e+01
7.214050000000000000e+09,-5.039236544341463286e-03,-3.579911164358468056e+01
7.214115000000000000e+09,-4.457311239493577659e-02,-3.586313172638715940e+01
7.214180000000000000e+09,-5.589987540271579292e-02,-3.589894469634715790e+01
7.214245000000000000e+09,-3.137811187121286594e-02,-3.589890913976787346e+01
7.214310000000000000e+09,-3.651756828432439761e-02,-3.592853480313320347e+01
7.214375000000000000e+09,-1.788438190755670121e-02,-3.593438782370865425e+01
7.214440000000000000e+09,-2.540248324608995745e-02,-3.596639213199906493e+01
7.214505000000000000e+09,-3.964176324654999917e-02,-3.600511761895174345e+01
7.214570000000000000e+09,-2.575816251315643512e-02,-3.601572022517056837e+01
7.214635000000000000e+09,-9.607685347198469117e-03,-3.602405595495682888e+01
7.214700000000000000e+09,9.102831706357505936e-03,-3.602983164485515744e+01
7.214765000000000000e+09,-4.772737635104107312e-02,-3.611114805986477450e+01
7.214830000000000000e+09,-5.939296554945627804e-02,-3.614729985601540818e+01
7.214895000000000000e+09,-2.565837919901525765e-02,-3.613805147661717854e+01
7.214960000000000000e+09,-2.291673599421528706e-02,-3.615979604036426309e+01
7.215025000000000000e+09,-2.954564288543792827e-02,-3.619091115420770421e+01
7.215090000000000000e+09,-4.486576199018088573e-02,-3.623071748026466565e+01
7.215155000000000000e+09,-3.557230771723851603e-02,-3.624591023294394176e+01
7.215220000000000000e+09,-1.631988057681610371e-02,-3.625114401275573783e+01
7.215285000000000000e+09,-1.345932538995242567e-02,-3.627276966452075868e+01
7.215350000000000000e+09,-4.149673110720186742e-02,-3.632529327719022660e+01
7.215415000000000000e+09,-2.544385651467706566e-02,-3.633372660954991318e+01
7.215480000000000000e+09,-3.082460325544644775e-02,-3.636359356324290104e+01
7.215545000000000000e+09,-3.575437209651965986e-02,-3.639300953903585878e+01
7.215610000000000000e+09,-3.764278238264040510e-02,-3.641938415627419801e+01
7.215675000000000000e+09,-1.452584185865646305e-02,-3.642075342270243254e+01
7.215740000000000000e+09,-2.577964892613948678e-02,-3.645649343672213405e+01
7.215805000000000000e+09,-2.301858957396518690e-02,-3.647821858432184428e+01
7.215870000000000000e+09,-2.849062985318795427e-02,-3.650817683155327842e+01
7.215935000000000000e+09,-2.216532796180104015e-02,-3.652633773661410999e+01
7.216000000000000000e+09,-2.401889648725585857e-02,-3.655267751209178329e+01
7.216065000000000000e+09,-2.056548918297806949e-02,-3.657371031173972398e+01
7.216130000000000000e+09,-1.873062000530723026e-02,-3.659636164951393766e+01
7.216195000000000000e+09,-2.636649302107940684e-02,-3.662848372948192832e+01
7.216260000000000000e+09,-4.070911011043421013e-02,-3.666731255352350161e+01
7.216325000000000000e+09,-3.005251440372092020e-02,-3.668114216476900680e+01
7.216390000000000000e+09,-8.301629018141909455e-03,-3.668387748633530521e+01
7.216455000000000000e+09,-2.210613201474842526e-02,-3.672216819628413020e+01
7.216520000000000000e+09,-1.698545190942724048e-02,-3.674153372313102750e+01
7.216585000000000000e+09,-1.726331538139191935e-02,-3.676629779355521066e+01
7.216650000000000000e+09,-4.241886062761324183e-02,-3.681593954575331651e+01
7.216715000000000000e+09,-5.314059545377602944e-02,-3.685114748753169778e+01
7.216780000000000000e+09,-4.198812549825703400e-02,-3.686448122452839726e+01
7.216845000000000000e+09,-2.795691814390721674e-02,-3.687493622412626593e+01
7.216910000000000000e+09,-2.966298077139128964e-02,-3.690112849370596138e+01
7.216975000000000000e+09,-5.742780750140497048e-02,-3.695337952738785958e+01
7.217040000000000000e+09,-4.160717993851648089e-02,-3.696204510677718957e+01
7.217105000000000000e+09,-3.813284666885863317e-02,-3.698305698045975021e+01
7.217170000000000000e+09,-3.995351621291121091e-02,-3.700936385695602127e+01
7.217235000000000000e+09,-1.934777531155162933e-02,-3.701324432300654621e+01
7.217300000000000000e+09,-1.767538872443452647e-02,-3.703605814337164759e+01
7.217365000000000000e+09,-3.913281533235135612e-02,-3.708200177693177579e+01
7.217430000000000000e+09,-5.554428953388423906e-03,-3.707290959750503134e+01
7.217495000000000000e+09,-3.304074643972398917e-02,-3.712488212194358539e+01
7.217560000000000000e+09,-1.994281914008411150e-02,-3.713627040159583004e+01
7.217625000000000000e+09,-5.695418094738613490e-03,-3.714650920750270302e+01
7.217690000000000000e+09,-3.492006844030015600e-02,-3.720022006480048304e+01
7.217755000000000000e+09,-2.896848273289975850e-02,-3.721875468604530113e+01
7.217820000000000000e+09,-3.660662852588814076e-02,-3.725087903879016693e+01
7.217885000000000000e+09,-1.585341519019323187e-02,-3.725461203240669050e+01
7.217950000000000000e+09,-1.299156061910622384e-02,-3.727623638478782198e+01
7.218015000000000000e+09,-6.095522005792730624e-02,-3.734868625117886154e+01
7.218080000000000000e+09,-3.501834197832209838e-02,-3.734723558005114086e+01
7.218145000000000000e+09,4.526384513113157482e-03,-3.733217706051192408e+01
7.218210000000000000e+09,-4.422528607852171945e-02,-3.740541493805577744e+01
7.218275000000000000e+09,-3.227160531714190483e-02,-3.741794746424661611e+01
7.218340000000000000e+09,-3.773462797811788505e-02,-3.744789669385981057e+01
7.218405000000000000e+09,-4.428806485726255460e-02,-3.747893633769083266e+01
7.218470000000000000e+09,-2.449189986138833319e-02,-3.748362637964717692e+01
7.218535000000000000e+09,-2.789994823609731611e-02,-3.751152063497410438e+01
7.218600000000000000e+09,-2.606837178863941062e-02,-3.753417526547886496e+01
7.218665000000000000e+09,-4.604708762994391691e-02,-3.757864018827205399e+01
7.218730000000000000e+09,-4.618565168546950872e-02,-3.760326495927979806e+01
7.218795000000000000e+09,-4.695268800985274993e-02,-3.762851820255639979e+01
7.218860000000000000e+09,-2.312006115443665522e-02,-3.762917178265319507e+01
7.218925000000000000e+09,-3.758663221788083320e-02,-3.766812456066852377e+01
7.218990000000000000e+09,-4.416626922218824802e-02,-3.769919040462504967e+01
7.219055000000000000e+09,-3.818474612279487701e-02,-3.771769508847787478e+01
7.219120000000000000e+09,7.880060143449441057e-03,-3.769611648916384894e+01
7.219185000000000000e+09,-4.006337742756471698e-02,-3.776854613368708158e+01
7.219250000000000000e+09,-4.000844661544533665e-02,-3.779297740982684672e+01
7.219315000000000000e+09,-4.666396499298741674e-02,-3.782411913515660018e+01
7.219380000000000000e+09,-2.273039071226889973e-02,-3.782467176782810014e+01
7.219445000000000000e+09,-3.771215183776632784e-02,-3.786413973590581605e+01
7.219510000000000000e+09,-3.597042532899052958e-02,-3.788688421634892478e+01
7.219575000000000000e+09,-5.127773172375782451e-02,-3.792667772969591056e+01
7.219640000000000000e+09,-2.135155804077726316e-02,-3.792123776296514848e+01
7.219705000000000000e+09,-4.618061870676370972e-02,-3.797055303058335340e+01
7.219770000000000000e+09,-6.631732657822908550e-03,-3.795549035148629002e+01
7.219835000000000000e+09,-3.697904160084419800e-02,-3.801032386738152979e+01
7.219900000000000000e+09,-2.063271457711834955e-02,-3.801846374731002243e+01
7.219965000000000000e+09,-2.445174503076685824e-02,-3.804676898471588942e+01
7.220030000000000000e+09,-2.327174094767769930e-02,-3.807007518758501874e+01
7.220095000000000000e+09,-4.114826373491098366e-02,-3.811243791732413655e+01
7.220160000000000000e+09,-4.724740560936169231e-02,-3.814302326615080574e+01
7.220225000000000000e+09,-2.843853898463066798e-02,-3.814870060647829320e+01
7.220290000000000000e+09,-3.125419867043888189e-02,-3.817600247311631989e+01
7.220355000000000000e+09,-3.721090191508125145e-02,-3.820644538331283968e+01
7.220420000000000000e+09,-4.484002002104858775e-02,-3.823856070837102550e+01
7.220485000000000000e+09,-3.672891851024218113e-02,-3.825493581381243757e+01
7.220550000000000000e+09,-3.190654694819983206e-02,-3.827459964920261370e+01
7.220615000000000000e+09,-3.069260727104961006e-02,-3.829787191647734801e+01
7.220680000000000000e+09,-5.309283995712377191e-02,-3.834475835611564065e+01
7.220745000000000000e+09,-5.014167543446745867e-02,-3.836629339854520282e+01
7.220810000000000000e+09,-4.780471771515948376e-02,-3.838844264777810622e+01
7.220875000000000000e+09,-5.798647656664002170e-02,-3.842311061358180524e+01
7.220940000000000000e+09,-4.661945595196925751e-02,-3.843622979991901900e+01
7.221005000000000000e+09,-3.775191239036246316e-02,-3.845184846330963069e+01
7.221070000000000000e+09,-5.132453527835423301e-02,-3.848990729314984094e+01
7.221135000000000000e+09,-4.693006025075163734e-02,-3.850999902507445682e+01
7.221200000000000000e+09,-5.464641027401739848e-02,-3.854220158204960711e+01
7.221265000000000000e+09,-2.795433107254297056e-02,-3.853999570980034406e+01
7.221330000000000000e+09,-5.801446075292915339e-02,-3.859454204643294872e+01
7.221395000000000000e+09,-4.216441791963632113e-02,-3.860317821055187437e+01
7.221460000000000000e+09,-3.255683184793412011e-02,-3.861805683143239065e+01
7.221525000000000000e+09,-4.194430146692695871e-02,-3.865193050800326802e+01
7.221590000000000000e+09,-3.281307856126858269e-02,-3.866728549204982812e+01
7.221655000000000000e+09,-4.947052203872459586e-02,-3.870842914247950262e+01
7.221720000000000000e+09,-4.750831823390910813e-02,-3.873095314562690561e+01
7.221785000000000000e+09,-5.306502258692802343e-02,-3.876099605693180195e+01
7.221850000000000000e+09,-7.554093457434873926e-02,-3.880795817587144114e+01
7.221915000000000000e+09,-2.386197879838647395e-02,-3.878076542704769736e+01
7.221980000000000000e+09,-2.420728223229673404e-02,-3.880559693743382610e+01
7.222045000000000000e+09,-4.680118502737684594e-02,-3.885267704718079074e+01
7.222110000000000000e+09,-6.474745137643367343e-02,-3.889510952048206605e+01
7.222175000000000000e+09,-6.341728744857277889e-02,-3.891826556350642363e+01
7.222240000000000000e+09,-4.686620563491317171e-02,-3.892620068864498251e+01
7.222305000000000000e+09,-4.681540135641171219e-02,-3.895063609131869242e+01
7.222370000000000000e+09,-3.237349999469785189e-02,-3.896068039690886309e+01
7.222435000000000000e+09,-5.687428616352008248e-02,-3.900966739002990380e+01
7.222500000000000000e+09,-2.979040188968440361e-02,-3.900706971270828660e+01
7.222565000000000000e+09,-3.228938514287449379e-02,-3.903405490291369517e+01
7.222630000000000000e+09,-2.625901494656801560e-02,-3.905251073966927322e+01
7.222695000000000000e+09,-6.876258988177141873e-02,-3.911950052155669511e+01
7.222760000000000000e+09,-3.098922893032352022e-02,-3.910621336755745858e+01
7.222825000000000000e+09,-5.342074619228043275e-02,-3.915313109177163398e+01
7.222890000000000000e+09,-3.440175421204827444e-02,-3.915859830674328634e+01
7.222955000000000000e+09,-4.002309698967110307e-02,-3.918870585647312765e+01
7.223020000000000000e+09,-4.849652362891987423e-02,-3.922166549006459491e+01
7.223085000000000000e+09,-4.844414121113516103e-02,-3.924609931459902867e+01
7.223150000000000000e+09,-3.764038624281340617e-02,-3.925978176658292540e+01
7.223215000000000000e+09,-4.139182380603756428e-02,-3.928801941109803408e+01
7.223280000000000000e+09,-2.720700797655695169e-02,-3.929832080222076485e+01
7.223345000000000000e+09,-3.645488018205611525e-02,-3.933205488137848249e+01
7.223410000000000000e+09,-5.111478249875744950e-02,-3.937120099064740231e+01
7.223475000000000000e+09,-6.720637295767772912e-02,-3.941177878805820711e+01
7.223540000000000000e+09,-4.867087552587889832e-02,-3.941772949757862676e+01
7.223605000000000000e+09,-3.544202372312810212e-02,-3.942898685272809445e+01
7.223670000000000000e+09,-1.666221438820514322e-02,-3.943469325034538997e+01
7.223735000000000000e+09,-4.621335874023912993e-02,-3.948873060164930138e+01
7.223800000000000000e+09,-2.892720194610376439e-02,-3.949593065180738449e+01
7.223865000000000000e+09,-5.143698570341825871e-02,-3.954292664251691747e+01
7.223930000000000000e+09,-4.356529732697111967e-02,-3.955954116109268881e+01
7.223995000000000000e+09,-2.430062758782725041e-02,-3.956476269830576342e+01
7.224060000000000000e+09,-1.281107351042010123e-02,-3.957775935118024080e+01
7.224125000000000000e+09,-3.157109353928433393e-02,-3.962100557816132351e+01
7.224190000000000000e+09,-4.358302264120794689e-02,-3.965750371421546561e+01
7.224255000000000000e+09,-1.355515374647353610e-02,-3.965196205227294257e+01
7.224320000000000000e+09,-6.892714759747065045e-02,-3.973182025307582421e+01
7.224385000000000000e+09,-4.512086905209855558e-02,-3.973250018148267060e+01
7.224450000000000000e+09,-7.361526413692587312e-02,-3.978548078351971640e+01
7.224515000000000000e+09,-6.016530834711630860e-02,-3.979651703468212531e+01
7.224580000000000000e+09,-5.867139157830081331e-02,-3.981950932486519434e+01
7.224645000000000000e+09,-6.473784282723471506e-02,-3.985006198306634673e+01
7.224710000000000000e+09,-2.633739959873793168e-02,-3.983614774679006132e+01
7.224775000000000000e+09,-5.412686072046568597e-02,-3.988842341486400755e+01
7.224840000000000000e+09,-5.033362756380199698e-02,-3.990911638865956235e+01
7.224905000000000000e+09,-5.521543057957956080e-02,-3.993848439862722444e+01
7.224970000000000000e+09,-4.446058640446182153e-02,-3.995221576140432518e+01
7.225035000000000000e+09,-3.584912194819622755e-02,-3.996809050390027807e+01
7.225100000000000000e+09,-5.054315891436544916e-02,-4.000727074781866577e+01
7.225165000000000000e+09,-3.074739939582116222e-02,-4.001196119525200601e+01
7.225230000000000000e+09,-5.199963785207017963e-02,-4.005769964066046640e+01
7.225295000000000000e+09,-4.645446978381073677e-02,-4.007664067954442544e+01
7.225360000000000000e+09,-5.063437492508171545e-02,-4.010530679163791490e+01
7.225425000000000000e+09,-7.971442714728738110e-02,-4.015887305081233905e+01
7.225490000000000000e+09,-5.011065665055980389e-02,-4.015375548726749599e+01
7.225555000000000000e+09,-8.584939074034281248e-02,-4.021398042830949748e+01
7.225620000000000000e+09,-6.724728988438499755e-02,-4.021986453440575815e+01
7.225685000000000000e+09,-5.680447760357765219e-02,-4.023390792907716929e+01
7.225750000000000000e+09,-6.103924013668660109e-02,-4.026262889856215565e+01
7.225815000000000000e+09,-6.471426940730395927e-02,-4.029079013478499149e+01
7.225880000000000000e+09,-3.680189692264690393e-02,-4.028736396925255292e+01
7.225945000000000000e+09,-4.360798598305848373e-02,-4.031865626526518298e+01
7.226010000000000000e+09,-3.617781588850732533e-02,-4.033571230212251635e+01
7.226075000000000000e+09,-3.918805093444888143e-02,-4.036320874412067639e+01
7.226140000000000000e+09,-7.662196592180947619e-02,-4.042512886606025546e+01
7.226205000000000000e+09,-4.614155282578025208e-02,-4.041913465991643761e+01
7.226270000000000000e+09,-4.117853320465059141e-02,-4.043865784724752643e+01
7.226335000000000000e+09,-5.300876600966830665e-02,-4.047497428700442867e+01
7.226400000000000000e+09,-7.325388491228324028e-02,-4.051970561285926209e+01
7.226465000000000000e+09,-2.547492083427016496e-02,-4.049641285573346750e+01
7.226530000000000000e+09,-6.978849591768465643e-02,-4.056521263776910047e+01
7.226595000000000000e+09,-7.465837626020999096e-02,-4.059456872506351033e+01
7.226660000000000000e+09,-4.619003103255181486e-02,-4.059058658678806353e+01
7.226725000000000000e+09,-7.271955522171680286e-02,-4.064160231792944700e+01
7.226790000000000000e+09,-6.214153071447725551e-02,-4.065551050037442593e+01
7.226855000000000000e+09,-5.658641591251267755e-02,-4.067444159252434588e+01
7.226920000000000000e+09,-4.271947006635912203e-02,-4.068506085363041080e+01
7.226985000000000000e+09,-4.177923387850057679e-02,-4.070860682439477074e+01
7.227050000000000000e+09,-6.308560091724757513e-02,-4.075439939838573622e+01
7.227115000000000000e+09,-6.155242259615079092e-02,-4.077735242701685792e+01
7.227180000000000000e+09,-6.899606250684797715e-02,-4.080928227387943252e+01
7.227245000000000000e+09,-5.647004249833997847e-02,-4.082124246082314301e+01
7.227310000000000000e+09,-8.398868055575547942e-02,-4.087324730583277699e+01
7.227375000000000000e+09,-7.753746786024606763e-02,-4.089128230008948606e+01
7.227440000000000000e+09,-6.917484058996592466e-02,-4.090740587977109044e+01
7.227505000000000000e+09,-5.995122307778188997e-02,-4.092266846921112489e+01
7.227570000000000000e+09,-5.347222101782733716e-02,-4.094067567410338881e+01
7.227635000000000000e+09,-4.247311957254851222e-02,-4.095416277961032847e+01
7.227700000000000000e+09,-6.829016927354558675e-02,-4.100446603626320297e+01
7.227765000000000000e+09,-7.459536229954721875e-02,-4.103525743624142308e+01
7.227830000000000000e+09,-6.220203160311399415e-02,-4.104735031249720834e+01
7.227895000000000000e+09,-6.937111946412954921e-02,-4.107900560731044237e+01
7.227960000000000000e+09,-7.298030163716617835e-02,-4.110710099643569748e+01
7.228025000000000000e+09,-8.801314187805786560e-02,-4.114662004362847370e+01
7.228090000000000000e+09,-5.532239446986864095e-02,-4.113841550317250295e+01
7.228155000000000000e+09,-8.475119577645529034e-02,-4.119233051143130098e+01
7.228220000000000000e+09,-5.605436606897029606e-02,-4.118811988867603446e+01
7.228285000000000000e+09,-8.791511165657084348e-02,-4.124446684121551954e+01
7.228350000000000000e+09,-8.704560751570511457e-02,-4.126808354402687229e+01
7.228415000000000000e+09,-9.761665301643773773e-02,-4.130314079647982339e+01
7.228480000000000000e+09,-8.728457710250125956e-02,-4.131729492751810540e+01
7.228545000000000000e+09,-6.643375307723431433e-02,-4.132093031044505693e+01
7.228610000000000000e+09,-1.099765473705929253e-01,-4.138895931169030007e+01
7.228675000000000000e+09,-7.601295926871642905e-02,-4.137948193054063495e+01
7.228740000000000000e+09,-9.507244484736077084e-02,-4.142302762307149777e+01
7.228805000000000000e+09,-7.543651283879881930e-02,-4.142787789801515430e+01
7.228870000000000000e+09,-8.306726532243402517e-02,-4.145999485745067403e+01
7.228935000000000000e+09,-7.756000234358850776e-02,-4.147897380142404700e+01
7.229000000000000000e+09,-1.020842043740515237e-01,-4.152798421040672849e+01
7.229065000000000000e+09,-1.155590626441878044e-01,-4.156594527562908326e+01
7.229130000000000000e+09,-1.080653426078157509e-01,-4.158293776254458862e+01
7.229195000000000000e+09,-1.131842987889868368e-01,-4.161254292567797819e+01
7.229260000000000000e+09,-1.437287759021828037e-01,-4.166757360974339264e+01
7.229325000000000000e+09,-1.318357159258738420e-01,-4.168016675671930216e+01
7.229390000000000000e+09,-1.428626301405557797e-01,-4.171567987788620258e+01
7.229455000000000000e+09,-1.475888263491142993e-01,-4.174489228104664562e+01
7.229520000000000000e+09,-1.037383089011854054e-01,-4.172552797055093521e+01
7.229585000000000000e+09,-1.684583401404253777e-01,-4.181473420874239366e+01
7.229650000000000000e+09,-1.501379723230087393e-01,-4.182090004787718840e+01
7.229715000000000000e+09,-1.852526186881249259e-01,-4.188050090119418911e+01
7.229780000000000000e+09,-1.643035317872687529e-01,-4.188403802124555142e+01
7.229845000000000000e+09,-2.415513793925825325e-01,-4.198577207580308368e+01
7.229910000000000000e+09,-2.523310425355447251e-01,-4.202103794589826435e+01
7.229975000000000000e+09,-2.456183880877560455e-01,-4.203881149840236020e+01
7.230040000000000000e+09,-2.122932351327051492e-01,-4.202997255239952779e+01
7.230105000000000000e+09,-2.542182388456950548e-01,-4.209638376306473617e+01
7.230170000000000000e+09,-4.400191086193316892e-01,-4.230667083979058418e+01
7.230235000000000000e+09,-2.675735149223683607e-01,-4.215871145304583933e+01
7.230300000000000000e+09,5.131445157404996849e-01,-4.140247962933485582e+01
7.230365000000000000e+09,4.409525146098971504e-01,-4.149915783741767683e+01
7.230430000000000000e+09,2.998143848987666615e-01,-4.166478217408102580e+01
7.230495000000000000e+09,2.419282387150616387e-01,-4.174715452721694930e+01
7.230560000000000000e+09,1.675663835099712173e-01,-4.184600258937392425e+01
7.230625000000000000e+09,1.818890622489774955e-01,-4.185616611758712935e+01
7.230690000000000000e+09,1.347555296638276445e-01,-4.192778585712449768e+01
7.230755000000000000e+09,1.122245571334872238e-01,-4.197480303660705658e+01
7.230820000000000000e+09,1.090488189001987962e-01,-4.200246498179222954e+01
7.230885000000000000e+09,6.581084102057843666e-02,-4.207018916662406838e+01
7.230950000000000000e+09,5.408338416736313548e-02,-4.210640283042950216e+01
7.231015000000000000e+09,5.484592517661468491e-02,-4.213012649637246909e+01
7.231080000000000000e+09,5.343985521359684299e-02,-4.215601877328770541e+01
7.231145000000000000e+09,2.899464072311985774e-02,-4.220495019473005982e+01
7.231210000000000000e+09,3.673641904772750877e-02,-4.222169462335767065e+01
7.231275000000000000e+09,6.716891560433424502e-02,-4.221574833375328240e+01
7.231340000000000000e+09,6.091152921435849521e-02,-4.224649192709547663e+01
7.231405000000000000e+09,4.908795009303901224e-02,-4.228280171316868064e+01
7.231470000000000000e+09,3.997249047183260018e-02,-4.231640337974210553e+01
7.231535000000000000e+09,4.976454821064635325e-02,-4.233109752895551026e+01
7.231600000000000000e+09,2.893032391901328992e-02,-4.237641796019936180e+01
7.231665000000000000e+09,3.038972573662590548e-03,-4.242679551849658992e+01
7.231730000000000000e+09,2.731507059428395223e-02,-4.242700562742818704e+01
7.231795000000000000e+09,6.837963825297777021e-03,-4.247196894114939170e+01
7.231860000000000000e+09,9.094242278393949164e-03,-4.249419886964851401e+01
7.231925000000000000e+09,1.740894836063233697e-02,-4.251037037051849410e+01
7.231990000000000000e+09,1.174056403774415003e-02,-4.254052496179326681e+01
7.232055000000000000e+09,-1.360177263254769287e-02,-4.259035350541577714e+01
7.232120000000000000e+09,-6.084539318123916019e-03,-4.260732247905356473e+01
7.232185000000000000e+09,1.047880153110725132e-02,-4.261524534515655205e+01
7.232250000000000000e+09,7.351876363159703942e-04,-4.264947516600322786e+01
7.232315000000000000e+09,9.572055689751834961e-03,-4.266512450490201047e+01
7.232380000000000000e+09,2.189606367635121842e-02,-4.267728670386762957e+01
7.232445000000000000e+09,1.731117647974400597e-02,-4.270635779801645526e+01
7.232510000000000000e+09,-2.833607119768544180e-03,-4.275098878856818629e+01
7.232575000000000000e+09,2.313028218923562918e-02,-4.274951110621105954e+01
7.232640000000000000e+09,-5.370364854883291628e-03,-4.280249796020739694e+01
7.232705000000000000e+09,4.171431527474567247e-03,-4.281744237077725757e+01
7.232770000000000000e+09,2.526749133263450631e-02,-4.282083251792431611e+01
7.232835000000000000e+09,1.187659249615080626e-02,-4.285870962371268433e+01
7.232900000000000000e+09,-2.461621464057373032e-03,-4.289753404462511099e+01
7.232965000000000000e+09,3.383203327629757950e-03,-4.291617542678564234e+01
7.233030000000000000e+09,1.117318167829495223e-02,-4.293287165538719563e+01
7.233095000000000000e+09,-1.322461478174830063e-03,-4.296985350549554283e+01
7.233160000000000000e+09,1.651872096756079600e-02,-4.297649853000202569e+01
7.233225000000000000e+09,1.020804188936352830e-02,-4.300729541603244144e+01
7.233290000000000000e+09,-2.372248134209087311e-02,-4.306571214621611432e+01
7.233355000000000000e+09,3.428333557798879383e-02,-4.303219253624825313e+01
7.233420000000000000e+09,-2.620879142865817357e-02,-4.311717087020678463e+01
7.233485000000000000e+09,3.654206861691022823e-02,-4.307890621711343471e+01
7.233550000000000000e+09,-1.125817851907839895e-02,-4.315119267120163471e+01
7.233615000000000000e+09,-1.493666034016172262e-02,-4.317935735997493651e+01
7.233680000000000000e+09,-1.541944576322151761e-02,-4.320432635234988084e+01
7.233745000000000000e+09,-2.400211651476524821e-04,-4.321363313470402545e+01
7.233810000000000000e+09,-9.530947169871240021e-03,-4.324741026766096752e+01
7.233875000000000000e+09,3.171816421983209011e-02,-4.323064736322348267e+01
7.233940000000000000e+09,2.449770117685545756e-03,-4.328440196427751374e+01
7.234005000000000000e+09,-1.759721881427367407e-03,-4.331309766322884514e+01
7.234070000000000000e+09,-1.253864076623756318e-03,-4.333707801237626001e+01
7.234135000000000000e+09,2.124695671495402394e-02,-4.333906339853689360e+01
7.234200000000000000e+09,1.187876159164602541e-02,-4.337291780061242008e+01
7.234265000000000000e+09,1.012243325604345046e-03,-4.340827052583034629e+01
7.234330000000000000e+09,1.573733328977766632e-02,-4.341803164281839145e+01
7.234395000000000000e+09,-1.325973940881652879e-02,-4.347151492246920412e+01
7.234460000000000000e+09,-1.447429370334418763e-02,-4.349721568371595026e+01
7.234525000000000000e+09,-1.287675224297402110e-03,-4.350851527218878090e+01
7.234590000000000000e+09,-7.325645892123588965e-03,-4.353903944980882557e+01
7.234655000000000000e+09,3.242327330397642982e-03,-4.355295768353852282e+01
7.234720000000000000e+09,3.308420505760523156e-03,-4.357737779731537842e+01
7.234785000000000000e+09,-9.979145714680726087e-03,-4.361515157048770419e+01
7.234850000000000000e+09,1.201339614398477806e-02,-4.361764523558125717e+01
7.234915000000000000e+09,8.076761472629812033e-03,-4.364606807720483062e+01
7.234980000000000000e+09,-1.082794257293073770e-03,-4.367971383988697198e+01
7.235045000000000000e+09,-1.129059794663334060e-02,-4.371440785052852362e+01
7.235110000000000000e+09,2.892333000915670027e-02,-4.369868012952461811e+01
7.235175000000000000e+09,-1.687433214371480972e-03,-4.375377709970036477e+01
7.235240000000000000e+09,-7.229169619954234349e-03,-4.378380504305816601e+01
7.235305000000000000e+09,1.530133642602748978e-02,-4.378576074396440276e+01
7.235370000000000000e+09,1.096513974336943420e-02,-4.381458314759894535e+01
7.235435000000000000e+09,-3.070621553554531147e-03,-4.385310511584808779e+01
7.235500000000000000e+09,-1.046638302220515016e-02,-4.388498708426895689e+01
7.235565000000000000e+09,-2.404440656563622269e-02,-4.392305131476459934e+01
7.235630000000000000e+09,-3.733311151494689284e-02,-4.396082622666579454e+01
7.235695000000000000e+09,-2.532746026640353421e-02,-4.397330678236946966e+01
7.235760000000000000e+09,-1.163135590396535690e-02,-4.398409688495924996e+01
7.235825000000000000e+09,-2.748323116897921636e-02,-4.402443496717648230e+01
7.235890000000000000e+09,-2.437789107478494088e-02,-4.404581583403450651e+01
7.235955000000000000e+09,-1.501973606168860442e-02,-4.406094388597329470e+01
7.236020000000000000e+09,6.621454171060747740e-03,-4.406378890269275672e+01
7.236085000000000000e+09,-2.350820663840380575e-02,-4.411840477045443976e+01
7.236150000000000000e+09,1.683799648831296736e-02,-4.410254477427994146e+01
7.236215000000000000e+09,-2.470914308796778869e-02,-4.416857812080810675e+01
7.236280000000000000e+09,-2.800158885833070599e-03,-4.417115534355819051e+01
7.236345000000000000e+09,-2.801655764675103910e-02,-4.422085794927132696e+01
7.236410000000000000e+09,-9.361197121030784274e-03,-4.422668879569782519e+01
7.236475000000000000e+09,7.796345192758735720e-03,-4.423401746033625415e+01
7.236540000000000000e+09,-3.138194636175484220e-02,-4.429768195884264514e+01
7.236605000000000000e+09,-9.651629008075701677e-03,-4.430043784844118449e+01
7.236670000000000000e+09,-2.810152164620660642e-03,-4.431808257854994793e+01
7.236735000000000000e+09,-1.397844692939997913e-02,-4.435373708026694572e+01
7.236800000000000000e+09,-1.466130952707089818e-03,-4.436571097124213736e+01
7.236865000000000000e+09,-3.406995483913988210e-03,-4.439213804272556274e+01
7.236930000000000000e+09,-1.128980832375248156e-02,-4.442450706251761972e+01
7.236995000000000000e+09,1.695264804719442964e-02,-4.442075081309889129e+01
7.237060000000000000e+09,-3.264047168763539730e-02,-4.449483013978559853e+01
7.237125000000000000e+09,-1.485402924763690180e-02,-4.450152990429781852e+01
7.237190000000000000e+09,-8.026344696148157709e-03,-4.451918842669854826e+01
7.237255000000000000e+09,-3.686520304221119204e-03,-4.453933480925883970e+01
7.237320000000000000e+09,-9.089030547684728845e-03,-4.456922352645452179e+01
7.237385000000000000e+09,7.326197596341899043e-03,-4.457729450526237969e+01
7.237450000000000000e+09,1.941940033120204134e-03,-4.460716496977781986e+01
7.237515000000000000e+09,-2.598364325260860141e-02,-4.465957676001576004e+01
7.237580000000000000e+09,-1.468919269128576843e-02,-4.467276851640665569e+01
7.237645000000000000e+09,-4.301580725650211434e-02,-4.472558133792375656e+01
7.237710000000000000e+09,-3.486219590736538976e-02,-4.474191393352683832e+01
7.237775000000000000e+09,-3.222120198806521785e-03,-4.473476006477049793e+01
7.237840000000000000e+09,-7.976741054122271635e-03,-4.476400089257803216e+01
7.237905000000000000e+09,-1.514450714346793347e-02,-4.479565486561926235e+01
7.237970000000000000e+09,7.666311089160160464e-03,-4.479733025433885274e+01
7.238035000000000000e+09,-1.212916174208089615e-02,-4.484161193412230517e+01
7.238100000000000000e+09,1.193102043296079273e-02,-4.484203795889948196e+01
7.238165000000000000e+09,-8.841236589482548425e-03,-4.488729642287414379e+01
7.238230000000000000e+09,1.277201348557355232e-03,-4.490166419188798841e+01
7.238295000000000000e+09,-3.185237656909833959e-02,-4.495927997675786258e+01
7.238360000000000000e+09,6.934163151527172886e-03,-4.494497964398945555e+01
7.238425000000000000e+09,-8.045788100574213786e-03,-4.498444580219377542e+01
7.238490000000000000e+09,-3.085152699285487188e-02,-4.503173774803793350e+01
7.238555000000000000e+09,7.424193365991982319e-03,-4.501794823463130513e+01
7.238620000000000000e+09,-7.887730231516343338e-03,-4.505774636518103193e+01
7.238685000000000000e+09,-7.609670160789505644e-03,-4.508195451206252358e+01
7.238750000000000000e+09,-7.302691661458027284e-03,-4.510613374051507662e+01
7.238815000000000000e+09,-1.512807961373852095e-02,-4.513844533541957560e+01
7.238880000000000000e+09,-1.810393626648476584e-03,-4.514961385638470404e+01
7.238945000000000000e+09,-1.148125776852282343e-02,-4.518377092747878976e+01
7.239010000000000000e+09,-2.441859628481779509e-02,-4.522119447294730321e+01
7.239075000000000000e+09,-1.814954833722737249e-02,-4.523941163195159731e+01
7.239140000000000000e+09,-5.535281741259723276e-03,-4.525128357230784815e+01
7.239205000000000000e+09,-3.153618923433754162e-02,-4.530177068675314445e+01
7.239270000000000000e+09,-1.463496913795125920e-02,-4.530935567360897664e+01
7.239335000000000000e+09,-2.414028428799497306e-02,-4.534334719571090488e+01
7.239400000000000000e+09,7.225951935609487009e-03,-4.533646716643951891e+01
7.239465000000000000e+09,-5.156153695374143808e-03,-4.537333547902272102e+01
7.239530000000000000e+09,-5.128719833876971279e-02,-4.544395273061832796e+01
7.239595000000000000e+09,-2.401491176851777709e-02,-4.544116665099996055e+01
7.239660000000000000e+09,-1.387545038036819278e-02,-4.545551339656402945e+01
7.239725000000000000e+09,-2.434749976270467187e-02,-4.549047165289858441e+01
7.239790000000000000e+09,6.394119225845429355e-03,-4.548421624086225279e+01
7.239855000000000000e+09,-1.432668592961050535e-02,-4.552942325296992720e+01
7.239920000000000000e+09,-6.047496067139945808e-03,-4.554563027005933407e+01
7.239985000000000000e+09,-3.674912589590206835e-02,-4.560081810684031467e+01
7.240050000000000000e+09,-3.290016378186777501e-02,-4.562145535167849886e+01
7.240115000000000000e+09,6.406615656430858508e-03,-4.560663477919241870e+01
7.240180000000000000e+09,-3.312117851969276217e-03,-4.564083971965270337e+01
7.240245000000000000e+09,-3.949915966130390643e-02,-4.570151296841425648e+01
7.240310000000000000e+09,-8.574071270423644364e-03,-4.569507408697559470e+01
7.240375000000000000e+09,-1.489140862123150555e-02,-4.572587763127862104e+01
7.240440000000000000e+09,-1.166703978343974768e-02,-4.574713946939304066e+01
7.240505000000000000e+09,-3.962207100592252118e-03,-4.576392084366207769e+01
7.240570000000000000e+09,-1.731854671805166390e-02,-4.580176339023175558e+01
7.240635000000000000e+09,-2.153610157826335580e-02,-4.583046715204418575e+01
7.240700000000000000e+09,1.316190918292647893e-02,-4.582025534823521440e+01
7.240765000000000000e+09,5.533853807712318940e-03,-4.585236961056231308e+01
7.240830000000000000e+09,-4.469355180869172273e-02,-4.592708322313093561e+01
7.240895000000000000e+09,-1.585952871482732007e-02,-4.592273540698928969e+01
7.240960000000000000e+09,-1.834419006500809246e-02,-4.594970627529168894e+01
7.241025000000000000e+09,-5.044567113651510226e-02,-4.600629396331507337e+01
7.241090000000000000e+09,-1.692202279050292191e-02,-4.599725652192127967e+01
7.241155000000000000e+09,-1.873000185781137361e-02,-4.602355070794080660e+01
7.241220000000000000e+09,-2.152649133562789530e-02,-4.605083340437084161e+01
7.241285000000000000e+09,-3.052730460154862158e-02,-4.608432042458898081e+01
7.241350000000000000e+09,-1.457610677543641486e-02,-4.609285543371475313e+01
7.241415000000000000e+09,-6.830529602446233639e-03,-4.610959606349397433e+01
7.241480000000000000e+09,-9.283148928638240704e-03,-4.613653488977238482e+01
7.241545000000000000e+09,-2.036069166749854276e-02,-4.617209863946346360e+01
7.241610000000000000e+09,-2.029859509943321427e-02,-4.619652274984728280e+01
7.241675000000000000e+09,-2.092371925892422269e-02,-4.622163408095899229e+01
7.241740000000000000e+09,-1.438970421329344163e-02,-4.623958627286557999e+01
7.241805000000000000e+09,-2.977924864360659285e-03,-4.625266070046886568e+01
7.241870000000000000e+09,-4.946279170223988331e-02,-4.632363177425862943e+01
7.241935000000000000e+09,-3.717570444980111688e-02,-4.633583089395840204e+01
7.242000000000000000e+09,-2.263778842682029335e-02,-4.634577918488763970e+01
7.242065000000000000e+09,-3.721963699209851484e-02,-4.638484724040513640e+01
7.242130000000000000e+09,-1.265949493755158528e-02,-4.638477330530280796e+01
7.242195000000000000e+09,-3.961409382512925959e-02,-4.643621411114227016e+01
7.242260000000000000e+09,-4.883048026872671699e-02,-4.646991670453808609e+01
7.242325000000000000e+09,-3.265043246393872778e-03,-4.644883747446797173e+01
7.242390000000000000e+09,4.295929922598418216e-03,-4.646576270825119792e+01
7.242455000000000000e+09,-1.619173866605194689e-02,-4.651073658379172571e+01
7.242520000000000000e+09,-2.773141769537801338e-02,-4.654676246977327025e+01
7.242585000000000000e+09,-4.808553209031174447e-03,-4.654832581223914190e+01
7.242650000000000000e+09,-1.126704633882269491e-02,-4.657927051232115190e+01
7.242715000000000000e+09,-2.775774345421666567e-02,-4.662024741638843039e+01
7.242780000000000000e+09,-1.582766188523976325e-02,-4.663280354177167197e+01
7.242845000000000000e+09,2.596632412888766339e-03,-4.663886545442576192e+01
7.242910000000000000e+09,-2.092163769886212776e-02,-4.668686993148972419e+01
7.242975000000000000e+09,-2.353522569623578420e-02,-4.671396972643931633e+01
7.243040000000000000e+09,-9.312886396799058275e-03,-4.672423359409176413e+01
7.243105000000000000e+09,-3.651244294420763481e-02,-4.677591935759139119e+01
7.243170000000000000e+09,-1.678690369273994065e-02,-4.678068002529214198e+01
7.243235000000000000e+09,-4.866910571955429532e-03,-4.679324623912357595e+01
7.243300000000000000e+09,-3.510951188793853817e-03,-4.681637648669229890e+01
7.243365000000000000e+09,-2.139938271383812207e-02,-4.685875112516956165e+01
7.243430000000000000e+09,-1.043324193727812599e-02,-4.687227119134521303e+01
7.243495000000000000e+09,-1.841402211351805818e-02,-4.690473817847367144e+01
7.243560000000000000e+09,-3.685792980489566162e-02,-4.694766829311726752e+01
7.243625000000000000e+09,-4.172802920276552641e-02,-4.697702459946702191e+01
7.243690000000000000e+09,-2.139089394884763351e-02,-4.698117367116532250e+01
7.243755000000000000e+09,-2.960506251415040424e-02,-4.701387404668284375e+01
7.243820000000000000e+09,-2.310535680214798049e-02,-4.703186054792305981e+01
7.243885000000000000e+09,-2.026816946035125966e-02,-4.705350956753314051e+01
7.243950000000000000e+09,-5.896558050596212297e-02,-4.711669318553096986e+01
7.244015000000000000e+09,-1.610127905144054239e-02,-4.709831509102866676e+01
7.244080000000000000e+09,1.844305113181121669e-03,-4.710485571381626357e+01
7.244145000000000000e+09,-4.322169900847683266e-02,-4.717440792488980605e+01
7.244210000000000000e+09,2.766198866176239335e-03,-4.715290623396737146e+01
7.244275000000000000e+09,-7.075340402849406019e-03,-4.718723398018861559e+01
7.244340000000000000e+09,-4.790640146410396483e-02,-4.725255124820208152e+01
7.244405000000000000e+09,-3.919105512748899400e-02,-4.726832210881768503e+01
7.244470000000000000e+09,-3.436544098865823571e-02,-4.728798270163073880e+01
7.244535000000000000e+09,-2.363199602248755582e-02,-4.730173546361678660e+01
7.244600000000000000e+09,-2.095915350239607733e-02,-4.732354882804891361e+01
7.244665000000000000e+09,-5.056503613707263867e-02,-4.737764091763580865e+01
7.244730000000000000e+09,-4.707288724340230601e-02,-4.739863497569402284e+01
7.244795000000000000e+09,-3.993483137043796205e-02,-4.741598312677327698e+01
7.244860000000000000e+09,-2.955234604604584092e-02,-4.743008684840110334e+01
7.244925000000000000e+09,-3.215191468281375364e-02,-4.745717262399008973e+01
7.244990000000000000e+09,-4.620369874786689479e-02,-4.749571061500702029e+01
7.245055000000000000e+09,-4.805751827863247172e-02,-4.752205064149000435e+01
7.245120000000000000e+09,-2.586127946851490833e-02,-4.752434060963210527e+01
7.245185000000000000e+09,-3.093391837738579397e-02,-4.755389945549319464e+01
7.245250000000000000e+09,-3.866232555496651457e-02,-4.758611406962299384e+01
7.245315000000000000e+09,-3.432804579151849111e-02,-4.760626599681142324e+01
7.245380000000000000e+09,-5.037354122923431987e-02,-4.764679769920135755e+01
7.245445000000000000e+09,-3.658274468246958122e-02,-4.765749310960681129e+01
7.245510000000000000e+09,-1.828509169443037763e-02,-4.766368166357099057e+01
7.245575000000000000e+09,-1.981359006324368011e-02,-4.768969636889168839e+01
7.245640000000000000e+09,-4.742109826113249937e-02,-4.774179008404179569e+01
7.245705000000000000e+09,-4.030729682443023876e-02,-4.775916248955731191e+01
7.245770000000000000e+09,-2.740782042287293052e-02,-4.777074922010797309e+01
7.245835000000000000e+09,-1.745134470998976894e-02,-4.778527895134697445e+01
7.245900000000000000e+09,-7.923451645019952139e-03,-4.780023726523421601e+01
7.245965000000000000e+09,-2.789065542749824544e-02,-4.784469067596891279e+01
7.246030000000000000e+09,-4.387354212236971307e-02,-4.788515976961600273e+01
7.246095000000000000e+09,-3.122868944726064910e-02,-4.789700112389311215e+01
7.246160000000000000e+09,-3.196921690770437863e-02,-4.792222785830544041e+01
7.246225000000000000e+09,-2.297738470185350934e-02,-4.793772223305180802e+01
7.246290000000000000e+09,-3.474967140680007560e-02,-4.797398072670897307e+01
7.246355000000000000e+09,-1.034396361252731822e-02,-4.797406122586691879e+01
7.246420000000000000e+09,-1.552255810839398009e-02,-4.800372602731466287e+01
7.246485000000000000e+09,-3.466826561469105172e-02,-4.804735794177317842e+01
7.246550000000000000e+09,-2.356617802328742073e-02,-4.806074206113399327e+01
7.246615000000000000e+09,-1.518925813650184864e-02,-4.807685134819942618e+01
7.246680000000000000e+09,-3.769816606024534167e-02,-4.812384646307505420e+01
7.246745000000000000e+09,-4.457519449763225339e-02,-4.815520969846465960e+01
7.246810000000000000e+09,-1.211717776151033377e-03,-4.813633242869538975e+01
7.246875000000000000e+09,-3.249621226100174454e-02,-4.819210313013245894e+01
7.246940000000000000e+09,-3.711067989728178418e-02,-4.822120380472095746e+01
7.247005000000000000e+09,-3.244705163290007022e-03,-4.821182403693885021e+01
7.247070000000000000e+09,-4.820212743211982342e-02,-4.828126766615989851e+01
7.247135000000000000e+09,-3.882202998039474551e-02,-4.829637377566039191e+01
7.247200000000000000e+09,-2.933028652030600369e-02,-4.831136823915252165e+01
7.247265000000000000e+09,-1.190286116398198146e-02,-4.831842702074808216e+01
7.247330000000000000e+09,-3.764789559738801472e-02,-4.836865826213370667e+01
7.247395000000000000e+09,-3.363551919797203027e-02,-4.838913209268650206e+01
7.247460000000000000e+09,-3.467080792340482276e-02,-4.841465358836415334e+01
7.247525000000000000e+09,-3.255627099087377019e-02,-4.843702525838384076e+01
7.247590000000000000e+09,-4.461711893765141212e-02,-4.847357231328250293e+01
7.247655000000000000e+09,-3.527002895546615946e-02,-4.848871143025253616e+01
7.247720000000000000e+09,-4.708720645332675758e-02,-4.852501481470261524e+01
7.247785000000000000e+09,-4.750575977995197263e-02,-4.854991957498145894e+01
7.247850000000000000e+09,-4.238424301870225008e-02,-4.856928426517208663e+01
7.247915000000000000e+09,-3.523018997913851535e-02,-4.858661641908474138e+01
7.247980000000000000e+09,-3.738141220972579504e-02,-4.861325384826754714e+01
7.248045000000000000e+09,-3.647753846436785352e-03,-4.860400639685647661e+01
7.248110000000000000e+09,-4.885595061585945587e-02,-4.867370080057778381e+01
7.248175000000000000e+09,-5.231548895554993805e-02,-4.870164654586969277e+01
7.248240000000000000e+09,-3.894712870227579060e-02,-4.871276439256863000e+01
7.248305000000000000e+09,-4.087062549716335980e-02,-4.873917409631573605e+01
7.248370000000000000e+09,-4.729690883772263987e-02,-4.877008658660851381e+01
7.248435000000000000e+09,-4.487615335431627273e-02,-4.879215203807699197e+01
7.248500000000000000e+09,-5.051279193586566407e-02,-4.882227488361075984e+01
7.248565000000000000e+09,-5.618703070471298133e-02,-4.885243532933182564e+01
7.248630000000000000e+09,-1.672732194114701088e-02,-4.883746182752047815e+01
7.248695000000000000e+09,-4.409458109652319990e-02,-4.888931529362773887e+01
7.248760000000000000e+09,-2.700603427476977458e-02,-4.889671295375820392e+01
7.248825000000000000e+09,-3.901167236855229703e-02,-4.893320479880420493e+01
7.248890000000000000e+09,-4.059449242811297154e-02,-4.895927382581597698e+01
7.248955000000000000e+09,-1.044912112562457196e-02,-4.895361466146537310e+01
7.249020000000000000e+09,-1.019151318163835640e-02,-4.897784326047360537e+01
7.249085000000000000e+09,-2.678992730670159972e-02,-4.901892788155088709e+01
7.249150000000000000e+09,-2.666149883046387004e-02,-4.904328566002686784e+01
7.249215000000000000e+09,-6.568706006828506361e-02,-4.910679742821690752e+01
7.249280000000000000e+09,-3.019444649169855666e-02,-4.909579102159219843e+01
7.249345000000000000e+09,-1.099208332285428469e-02,-4.910107486537557264e+01
7.249410000000000000e+09,-4.512106342645694212e-02,-4.915969005243139378e+01
7.249475000000000000e+09,-2.202432661795228341e-02,-4.916107952257510760e+01
7.249540000000000000e+09,-2.655051293978516469e-02,-4.919009191584882501e+01
7.249605000000000000e+09,-6.832163466734186841e-02,-4.925634924452860020e+01
7.249670000000000000e+09,-3.318658909731198037e-02,-4.924570040591078879e+01
7.249735000000000000e+09,-5.818352026096818008e-02,-4.929518354402665636e+01
7.249800000000000000e+09,-2.882126379920890713e-02,-4.929030749451678872e+01
7.249865000000000000e+09,-5.967482831422188383e-02,-4.934564726598401307e+01
7.249930000000000000e+09,-3.038128544056917235e-02,-4.934083993006257884e+01
7.249995000000000000e+09,-2.278040232729949821e-02,-4.935772525390152765e+01
7.250060000000000000e+09,-3.894681482280049067e-02,-4.939837787334924712e+01
7.250125000000000000e+09,-5.256022726810982704e-02,-4.943647749274644099e+01
7.250190000000000000e+09,-1.596723347245188052e-02,-4.942437070590300152e+01
7.250255000000000000e+09,-4.454406898035756512e-02,-4.947743374836312569e+01
7.250320000000000000e+09,-1.366701925504543169e-02,-4.947104290559003203e+01
7.250385000000000000e+09,-5.639563843395478671e-02,-4.953825773172081881e+01
7.250450000000000000e+09,-1.590479041663428461e-02,-4.952225309065571679e+01
7.250515000000000000e+09,-4.367919062090663829e-02,-4.957451369781220762e+01
7.250580000000000000e+09,-2.410188696289594645e-02,-4.957942260110641541e+01
7.250645000000000000e+09,-1.883031765764542342e-02,-4.959863723875304942e+01
7.250710000000000000e+09,-5.169424298041747079e-02,-4.965598737102803284e+01
7.250775000000000000e+09,-3.132711633420370845e-02,-4.966010645133403756e+01
7.250840000000000000e+09,-1.964132561742815142e-02,-4.967290686756948048e+01
7.250905000000000000e+09,-3.180988220408664802e-02,-4.970956163110835746e+01
7.250970000000000000e+09,-3.672693226965151325e-02,-4.973896488812580685e+01
7.251035000000000000e+09,-2.329352536354889480e-02,-4.975001768817192271e+01
7.251100000000000000e+09,-2.873220891888905726e-02,-4.977994257867948136e+01
7.251165000000000000e+09,-4.281771595931616048e-02,-4.981851429267212694e+01
7.251230000000000000e+09,-7.432858928580543534e-02,-4.987451137295050074e+01
7.251295000000000000e+09,-5.683876038311552747e-02,-4.988150775100002932e+01
7.251360000000000000e+09,-1.524264012541465263e-02,-4.986439783769453982e+01
7.251425000000000000e+09,-3.170525939097501578e-03,-4.987681193046044115e+01
7.251490000000000000e+09,-1.165256576832263136e-02,-4.990978017724188476e+01
7.251555000000000000e+09,-4.134668332501689747e-02,-4.996396050175046355e+01
7.251620000000000000e+09,-2.398223615183070478e-02,-4.997108226152949584e+01
7.251685000000000000e+09,-1.108594184854894138e-02,-4.998267217417843256e+01
7.251750000000000000e+09,-5.792218895147271951e-02,-5.005399462823357482e+01
7.251815000000000000e+09,-2.828136376317047507e-02,-5.004884000999714999e+01
7.251880000000000000e+09,-2.398107965770890360e-02,-5.006902593284390690e+01
7.251945000000000000e+09,-2.285969164040579926e-02,-5.009239075177882228e+01
7.252010000000000000e+09,-4.594469569500603257e-02,-5.013996196278564099e+01
7.252075000000000000e+09,-4.662480423762360715e-02,-5.016512827828014309e+01
7.252140000000000000e+09,-4.733037762930791814e-02,-5.019032005862404588e+01
7.252205000000000000e+09,-6.404157079511918482e-02,-5.023151745874206853e+01
7.252270000000000000e+09,-2.552524748062268145e-02,-5.021748734237979050e+01
7.252335000000000000e+09,-4.757798455879935773e-02,-5.026402628641018566e+01
7.252400000000000000e+09,-3.702902777968830605e-02,-5.027796353658295914e+01
7.252465000000000000e+09,-3.060201706395559995e-02,-5.029602273281944491e+01
7.252530000000000000e+09,-5.420402344980601583e-02,-5.034411094615751381e+01
7.252595000000000000e+09,-4.277474014457283147e-02,-5.035716786980449911e+01
7.252660000000000000e+09,-5.737120564481301699e-02,-5.039625054225662382e+01
7.252725000000000000e+09,-2.106396949753275294e-02,-5.038442951306156203e+01
7.252790000000000000e+09,-6.209006847292641851e-02,-5.044994181898916707e+01
7.252855000000000000e+09,-5.256042661310544872e-02,-5.046489838408156459e+01
7.252920000000000000e+09,-4.460088730287026237e-02,-5.048142505172321393e+01
7.252985000000000000e+09,-4.194815677336549697e-02,-5.050325852814592764e+01
7.253050000000000000e+09,-4.655187327610832426e-02,-5.053234845160088895e+01
7.253115000000000000e+09,-1.470887946822330150e-02,-5.052499166474522241e+01
7.253180000000000000e+09,-1.487831634410241577e-02,-5.054964730857332000e+01
7.253245000000000000e+09,-2.849681700229922399e-02,-5.058775201618339423e+01
7.253310000000000000e+09,-1.443820699183362422e-02,-5.059817961312514711e+01
7.253375000000000000e+09,-2.277128206036849178e-02,-5.063099889514590046e+01
7.253440000000000000e+09,-5.958875541220720606e-02,-5.069230257544995766e+01
7.253505000000000000e+09,-2.770736491472547414e-02,-5.068490739190436045e+01
7.253570000000000000e+09,-5.047148318994487681e-02,-5.073215771713179834e+01
7.253635000000000000e+09,-5.381257692128116332e-02,-5.075998501781535310e+01
7.253700000000000000e+09,-3.800661741499311574e-02,-5.076866526526127643e+01
7.253765000000000000e+09,-4.432911949343321112e-02,-5.079947397429160105e+01
7.253830000000000000e+09,-2.518068858833544255e-02,-5.080481175033872177e+01
7.253895000000000000e+09,-1.787807800720742080e-02,-5.082199534670981222e+01
7.253960000000000000e+09,-1.514049401273354079e-02,-5.084374396966755683e+01
7.254025000000000000e+09,-3.935327251393516690e-02,-5.089244295512097693e+01
7.254090000000000000e+09,-4.420312877708454380e-02,-5.092177901833601084e+01
7.254155000000000000e+09,-3.349490578163738519e-02,-5.093555700229278216e+01
7.254220000000000000e+09,-2.735154760527791495e-02,-5.095389985106864117e+01
7.254285000000000000e+09,-6.689721433513540205e-02,-5.101793172475071003e+01
7.254350000000000000e+09,-1.977493837929955589e-02,-5.099529565574675871e+01
7.254415000000000000e+09,-5.135466955100298492e-02,-5.105136159387068062e+01
7.254480000000000000e+09,-4.392061964687599129e-02,-5.106841375091877211e+01
7.254545000000000000e+09,-4.115945060223680230e-02,-5.109013878882635140e+01
7.254610000000000000e+09,-7.538503936760321267e-02,-5.114885058454359523e+01
7.254675000000000000e+09,-1.036968648469382970e-02,-5.110832143861290433e+01
7.254740000000000000e+09,-3.320093724295247739e-02,-5.115563889632338146e+01
7.254805000000000000e+09,-5.337649324213344926e-02,-5.120030065927478091e+01
7.254870000000000000e+09,-3.393244586838051191e-02,-5.120534281885324646e+01
7.254935000000000000e+09,-4.049703002694826637e-02,-5.123639360996369874e+01
7.255000000000000000e+09,-3.493410875748992339e-02,-5.125531689564645887e+01
7.255065000000000000e+09,-4.724045627090589505e-02,-5.129210945011209333e+01
7.255130000000000000e+09,-6.648734525937527451e-02,-5.133584254605278119e+01
7.255195000000000000e+09,-2.950335558845296191e-02,-5.132334476333374340e+01
7.255260000000000000e+09,-1.744653764070847046e-03,-5.132007226846157266e+01
7.255325000000000000e+09,-4.468475097571911192e-02,-5.138749857262543941e+01
7.255390000000000000e+09,-3.055244582967020506e-02,-5.139785247443160898e+01
7.255455000000000000e+09,-5.035178761822578508e-02,-5.144213802317238304e+01
7.255520000000000000e+09,-3.120039783036077097e-02,-5.144747284033640256e+01
7.255585000000000000e+09,-3.837716720267536630e-02,-5.147913581666093563e+01
7.255650000000000000e+09,-4.747598739315606053e-02,-5.151272084380363481e+01
7.255715000000000000e+09,-6.441831616732685006e-02,-5.155414937953002408e+01
7.255780000000000000e+09,-4.405115292733796650e-02,-5.155826842324191261e+01
7.255845000000000000e+09,-1.742669499432736302e-02,-5.155613017226112049e+01
7.255910000000000000e+09,-4.750477558771137865e-02,-5.161069445980672299e+01
7.255975000000000000e+09,-5.374986272061477166e-02,-5.164142575389184486e+01
7.256040000000000000e+09,-1.891924016522494867e-02,-5.163108133828833957e+01
7.256105000000000000e+09,-1.329921729801242236e-02,-5.164994752237333842e+01
7.256170000000000000e+09,-5.346220960576886227e-02,-5.171459672163331334e+01
7.256235000000000000e+09,-2.080470711882753676e-02,-5.170642542609859049e+01
7.256300000000000000e+09,-7.522267982837149702e-02,-5.178532960576035293e+01
7.256365000000000000e+09,-3.836540713890457255e-02,-5.177295854002277053e+01
7.256430000000000000e+09,-5.981326458109492705e-02,-5.181889260441717937e+01
7.256495000000000000e+09,-5.262468092513472584e-02,-5.183619022771343765e+01
7.256560000000000000e+09,-5.815528711637796278e-02,-5.186620704085689937e+01
7.256625000000000000e+09,-3.964664404991680158e-02,-5.187218460474232273e+01
7.256690000000000000e+09,-5.097879221539614036e-02,-5.190800295986002055e+01
7.256755000000000000e+09,-2.666298210281325964e-02,-5.190817335669964905e+01
7.256820000000000000e+09,-3.738355337899434971e-02,-5.194338013492804862e+01
7.256885000000000000e+09,-3.802480683060593947e-02,-5.196850759533154474e+01
7.256950000000000000e+09,-7.260492050188105395e-02,-5.202757391595503833e+01
7.257015000000000000e+09,-4.121361754401675626e-02,-5.202066881994939251e+01
7.257080000000000000e+09,-4.908445676668549140e-02,-5.205302586612427973e+01
7.257145000000000000e+09,-7.179556520701879663e-02,-5.210022318151683152e+01
7.257210000000000000e+09,-3.578425486936964717e-02,-5.208869807813105979e+01
7.257275000000000000e+09,-2.719232347627809077e-02,-5.210459235369018671e+01
7.257340000000000000e+09,-4.619072050769545967e-02,-5.214807695767382256e+01
7.257405000000000000e+09,-5.569407138601434326e-02,-5.218206651550435993e+01
7.257470000000000000e+09,-5.232564535673134287e-02,-5.220318429642696145e+01
7.257535000000000000e+09,-3.906960927980662746e-02,-5.221441446730225522e+01
7.257600000000000000e+09,-5.431944661751941794e-02,-5.225415051159217938e+01
7.257665000000000000e+09,-4.320647514436615211e-02,-5.226752374707124460e+01
7.257730000000000000e+09,-6.781385653855664941e-02,-5.231661733541731962e+01
7.257795000000000000e+09,-5.762018062192453272e-02,-5.233090986645290599e+01
7.257860000000000000e+09,-5.747081618498839362e-02,-5.235524670896818833e+01
7.257925000000000000e+09,-5.452311351408667406e-02,-5.237678521324950509e+01
7.257990000000000000e+09,-7.217114641859012636e-02,-5.241891945310622702e+01
7.258055000000000000e+09,-3.335784116755036166e-02,-5.240459235480707179e+01
7.258120000000000000e+09,-7.786175231675684927e-02,-5.247358247290849675e+01
7.258185000000000000e+09,-4.630180185799304127e-02,-5.246650872940195143e+01
7.258250000000000000e+09,-5.542267857531157915e-02,-5.250011581307148134e+01
7.258315000000000000e+09,-1.708421979869712004e-02,-5.248626356124675141e+01
7.258380000000000000e+09,-8.620158040143621747e-02,-5.257986712880170899e+01
7.258445000000000000e+09,-5.375778209889858772e-02,-5.257190953745138984e+01
7.258510000000000000e+09,-6.789293185830302946e-02,-5.261053089416301276e+01
7.258575000000000000e+09,-5.336106787315486599e-02,-5.262048523713008308e+01
7.258640000000000000e+09,-1.881946130274059215e-02,-5.261042983751154622e+01
7.258705000000000000e+09,-6.828961842182934561e-02,-5.268438620158285346e+01
7.258770000000000000e+09,-5.536661655182939512e-02,-5.269594940666507199e+01
7.258835000000000000e+09,-4.467670881484764323e-02,-5.270974570588030872e+01
7.258900000000000000e+09,-6.276159338364806217e-02,-5.275231679740099366e+01
7.258965000000000000e+09,-4.200114811510502477e-02,-5.275604255908466911e+01
7.259030000000000000e+09,-3.743842150546328185e-02,-5.277596603942724585e+01
7.259095000000000000e+09,-6.410355382074328645e-02,-5.282711737869473723e+01
7.259160000000000000e+09,-9.150705076913112634e-02,-5.287900708259500959e+01
7.259225000000000000e+09,-1.313200588111129719e-02,-5.282511824465920824e+01
7.259290000000000000e+09,-6.450161686497324354e-02,-5.290097406259528867e+01
7.259355000000000000e+09,-6.528889072206567334e-02,-5.292624754340459958e+01
7.259420000000000000e+09,-4.582251460290365230e-02,-5.293126737423765604e+01
7.259485000000000000e+09,-4.804622847013462206e-02,-5.295797729505677154e+01
7.259550000000000000e+09,-6.026886893558014435e-02,-5.299468614247443554e+01
7.259615000000000000e+09,-5.358519433397646026e-02,-5.301248867482505034e+01
7.259680000000000000e+09,-6.231213877666164080e-02,-5.304570182621995400e+01
7.259745000000000000e+09,-6.430080872011245674e-02,-5.307217670311528224e+01
7.259810000000000000e+09,-7.903025233351712586e-02,-5.311139235368090539e+01
7.259875000000000000e+09,-8.555424768314168205e-02,-5.314240255598274842e+01
7.259940000000000000e+09,-9.985821135629890932e-02,-5.318119272660812413e+01
7.260005000000000000e+09,-6.928203735387228335e-02,-5.317510275955758203e+01
7.260070000000000000e+09,-4.075111804406361671e-02,-5.317105804719998474e+01
7.260135000000000000e+09,-6.113605077430150914e-02,-5.321592918688244112e+01
7.260200000000000000e+09,-4.581431658403545271e-02,-5.322509365964439354e+01
7.260265000000000000e+09,-9.843487882622525831e-02,-5.330220042883880183e+01
7.260330000000000000e+09,-1.021151459027649366e-01,-5.333036690286722603e+01
7.260395000000000000e+09,-1.005784694444500360e-01,-5.335331643336112961e+01
7.260460000000000000e+09,-8.483360678666684862e-02,-5.336205777765556491e+01
7.260525000000000000e+09,-1.152270670042483403e-01,-5.341693744482536488e+01
7.260590000000000000e+09,-1.190244882297051277e-01,-5.344522107300270619e+01
7.260655000000000000e+09,-8.320022703294682742e-02,-5.343388301875815927e+01
7.260720000000000000e+09,-7.546865644987832411e-02,-5.345063765512730924e+01
7.260785000000000000e+09,-1.312617079098927775e-01,-5.353091691353954218e+01
7.260850000000000000e+09,-1.125217487379330805e-01,-5.353666316131946701e+01
7.260915000000000000e+09,-1.478890314788117166e-01,-5.359651665101256413e+01
7.260980000000000000e+09,-1.301317145420100019e-01,-5.360324554102798089e+01
7.261045000000000000e+09,-1.245315716104187231e-01,-5.362213160504860809e+01
7.261110000000000000e+09,-1.455111648504185951e-01,-5.366759740524082645e+01
7.261175000000000000e+09,-1.545813115762086909e-01,-5.370115375891849396e+01
7.261240000000000000e+09,-1.401776440165747317e-01,-5.371123629831107849e+01
7.261305000000000000e+09,-1.818531045706848204e-01,-5.377739796581740706e+01
7.261370000000000000e+09,-1.568938279014844284e-01,-5.377692489610042514e+01
7.261435000000000000e+09,-1.562227043507462554e-01,-5.380073997950157150e+01
7.261500000000000000e+09,-2.049414780749003739e-01,-5.387394496017794410e+01
7.261565000000000000e+09,-2.362278740482040007e-01,-5.392971756310345910e+01
7.261630000000000000e+09,-2.633461733001496441e-01,-5.398132206930762322e+01
7.261695000000000000e+09,-2.913066087874653931e-01,-5.403376871174682350e+01
7.261760000000000000e+09,-2.449040192210389932e-01,-5.401185232913261558e+01
7.261825000000000000e+09,-2.711850409193345968e-01,-5.406261955778312966e+01
7.261890000000000000e+09,-3.080232018309843056e-01,-5.412394392564699785e+01
7.261955000000000000e+09,-4.802858882930465256e-01,-5.432069281906127856e+01
7.262020000000000000e+09,1.468842872179081382e-01,-5.371800885050220842e+01
7.262085000000000000e+09,5.382334475465810897e-01,-5.335114589712575395e+01
7.262150000000000000e+09,4.071479927092767070e-01,-5.350671755891526971e+01
7.262215000000000000e+09,3.307986905932196464e-01,-5.360755306798354525e+01
7.262280000000000000e+09,2.417956515718842070e-01,-5.372104231395676521e+01
7.262345000000000000e+09,1.979715352040258836e-01,-5.378935263727684202e+01
7.262410000000000000e+09,1.343571624211179483e-01,-5.387745321701196843e+01
7.262475000000000000e+09,1.561528541244712187e-01,-5.388014373226083364e+01
7.262540000000000000e+09,8.761131395936416766e-02,-5.397317147937815918e+01
7.262605000000000000e+09,1.083962674282616945e-01,-5.397687273286113907e+01
7.262670000000000000e+09,1.056603988830815410e-01,-5.400409480835853770e+01
7.262735000000000000e+09,1.100938875821029228e-01,-5.402414752661173480e+01
7.262800000000000000e+09,5.818626743008792346e-02,-5.410054135371596828e+01
7.262865000000000000e+09,2.783028510773277731e-02,-5.415538354299020796e+01
7.262930000000000000e+09,8.002022204852465848e-02,-5.412767981300163456e+01
7.262995000000000000e+09,4.910007688702933137e-02,-5.418308616511534126e+01
7.263060000000000000e+09,5.181080841675367310e-02,-5.420486164053783540e+01
7.263125000000000000e+09,1.959339642407798010e-02,-5.426156525948239562e+01
7.263190000000000000e+09,2.556691415183820482e-02,-5.428007794870685387e+01
7.263255000000000000e+09,2.557036095656428643e-02,-5.430456070885434627e+01
7.263320000000000000e+09,7.916051006283453262e-03,-5.434670122575684559e+01
7.263385000000000000e+09,4.193176226961270459e-02,-5.433717172144573482e+01
7.263450000000000000e+09,7.902955746374829005e-02,-5.432456013320348376e+01
7.263515000000000000e+09,1.300439454896462621e-02,-5.441507150307048590e+01
7.263580000000000000e+09,4.266452023932032489e-02,-5.440989758433234869e+01
7.263645000000000000e+09,2.891270345813978793e-02,-5.444813560806574060e+01
7.263710000000000000e+09,2.654905295032961021e-02,-5.447498546552543530e+01
7.263775000000000000e+09,7.745474671246199705e-03,-5.451827525075673719e+01
7.263840000000000000e+09,9.842767016600362240e-03,-5.454066416536360151e+01
7.263905000000000000e+09,7.064190977914108771e-03,-5.456792894835450625e+01
7.263970000000000000e+09,1.113248910932185254e-02,-5.458834685717497592e+01
7.264035000000000000e+09,1.068368124366969596e-02,-5.461328187199284656e+01
7.264100000000000000e+09,1.682026554589555190e-02,-5.463163149464283919e+01
7.264165000000000000e+09,2.075184048264588910e-02,-5.465218612665830733e+01
7.264230000000000000e+09,5.142991411467789931e-03,-5.469228118268170391e+01
7.264295000000000000e+09,1.889745509406992596e-02,-5.470301292595098630e+01
7.264360000000000000e+09,-2.059329721591041107e-02,-5.476698988521318512e+01
7.264425000000000000e+09,-1.615905781172699562e-02,-5.478704185276122018e+01
7.264490000000000000e+09,7.921839632238913964e-03,-5.478744716226946565e+01
7.264555000000000000e+09,2.782416299395151782e-02,-5.479203104585964468e+01
7.264620000000000000e+09,-7.113070695112355679e-03,-5.485145448650091993e+01
7.264685000000000000e+09,2.108657787708523301e-02,-5.484774104488094082e+01
7.264750000000000000e+09,2.059531580450624233e-02,-5.487271851390573829e+01
7.264815000000000000e+09,-1.428728256778555306e-02,-5.493208731922991461e+01
7.264880000000000000e+09,1.900158316426114880e-02,-5.492328466045008639e+01
7.264945000000000000e+09,9.625289660384339641e-03,-5.495714716090618168e+01
7.265010000000000000e+09,-1.430330599963269833e-02,-5.500556196351841720e+01
7.265075000000000000e+09,-2.502079922233235720e-02,-5.504076566369333534e+01
7.265140000000000000e+09,-7.389155724638385436e-03,-5.504762022714751879e+01
7.265205000000000000e+09,-6.141811155401910582e-03,-5.507085908953050080e+01
7.265270000000000000e+09,2.809090828899485359e-02,-5.506111257703832251e+01
7.265335000000000000e+09,4.534930495376698900e-02,-5.506834038732576886e+01
7.265400000000000000e+09,-1.546945783207576142e-02,-5.515364535706348903e+01
7.265465000000000000e+09,1.140359546269564817e-03,-5.516152174663736218e+01
7.265530000000000000e+09,3.743885365651067332e-03,-5.518340442777019916e+01
7.265595000000000000e+09,-3.249505098844451823e-02,-5.524412957107651323e+01
7.265660000000000000e+09,1.779099353350233059e-02,-5.521832973350645091e+01
7.265725000000000000e+09,1.731636274689662969e-02,-5.524329057124527509e+01
7.265790000000000000e+09,-7.073028963596073027e-03,-5.529216616990798627e+01
7.265855000000000000e+09,2.263460649495385724e-02,-5.528694474140165482e+01
7.265920000000000000e+09,3.473293678532485274e-02,-5.529933261806349520e+01
7.265985000000000000e+09,1.235379215451359869e-03,-5.535731638258526033e+01
7.266050000000000000e+09,1.644585519483854341e-02,-5.536659211355809163e+01
7.266115000000000000e+09,-1.600168265994028616e-02,-5.542352585836508894e+01
7.266180000000000000e+09,3.150609379619595529e-02,-5.540050428886116407e+01
7.266245000000000000e+09,2.618270231472763498e-03,-5.545387831937777179e+01
7.266310000000000000e+09,-1.383378946201929693e-02,-5.549481658602348233e+01
7.266375000000000000e+09,-1.259848319485001866e-02,-5.551806748670853153e+01
7.266440000000000000e+09,2.001896996743823820e-02,-5.550993624049846176e+01
7.266505000000000000e+09,-1.915022591300896693e-02,-5.557359164333112744e+01
7.266570000000000000e+09,-1.654163492396776292e-03,-5.558058178786239267e+01
7.266635000000000000e+09,4.069699667091697393e-03,-5.559934413165512268e+01
7.266700000000000000e+09,-6.613904342003706915e-03,-5.563451394261643657e+01
7.266765000000000000e+09,2.054987230976479395e-02,-5.563183637291688655e+01
7.266830000000000000e+09,-1.239286250325477567e-02,-5.568926531468179064e+01
7.266895000000000000e+09,4.164008498555915594e-03,-5.569719465063219133e+01
7.266960000000000000e+09,4.209397572545015009e-03,-5.572163546851042071e+01
7.267025000000000000e+09,-4.314515953183217789e-03,-5.575464558898836742e+01
7.267090000000000000e+09,-2.515158584693466537e-02,-5.579996886583400340e+01
7.267155000000000000e+09,2.925173452993590217e-02,-5.577005175240935131e+01
7.267220000000000000e+09,7.569597282710560648e-04,-5.582303273416323464e+01
7.267285000000000000e+09,2.923964991431660110e-03,-5.584535193585229251e+01
7.267350000000000000e+09,1.847122077293761322e-03,-5.587091498571864889e+01
7.267415000000000000e+09,-2.469490595395029686e-02,-5.592194322070177748e+01
7.267480000000000000e+09,1.376921552972021345e-02,-5.590796530617032545e+01
7.267545000000000000e+09,-1.881587482205304696e-02,-5.596503660347431719e+01
7.267610000000000000e+09,-2.126342932928793061e-02,-5.599197036493376345e+01
7.267675000000000000e+09,1.492790934705112704e-03,-5.599370035162165493e+01
7.267740000000000000e+09,-1.851649403372590541e-02,-5.603819584354230443e+01
7.267805000000000000e+09,1.119350276791664101e-02,-5.603297205369288037e+01
7.267870000000000000e+09,-6.777661851664618098e-03,-5.607542942526468011e+01
7.267935000000000000e+09,1.036889069384727691e-02,-5.608276907967104563e+01
7.268000000000000000e+09,1.517643872399787597e-02,-5.610244773859311351e+01
7.268065000000000000e+09,-6.030113925334035230e-03,-5.614814049819466391e+01
7.268130000000000000e+09,1.287246629200922143e-02,-5.615372412492953913e+01
7.268195000000000000e+09,-1.279556091873246260e-02,-5.620387835909249930e+01
7.268260000000000000e+09,-3.910029151371929856e-02,-5.625466929663937066e+01
7.268325000000000000e+09,1.071691199314983578e-02,-5.622933830008471290e+01
7.268390000000000000e+09,3.698780388148747988e-03,-5.626084263864193247e+01
7.268455000000000000e+09,-3.320229656026185694e-03,-5.629234785563832588e+01
7.268520000000000000e+09,-2.505262081728432122e-02,-5.633856645375147565e+01
7.268585000000000000e+09,4.026429581109880473e-03,-5.633397361030529282e+01
7.268650000000000000e+09,-1.761295625784242702e-02,-5.638009920309646361e+01
7.268715000000000000e+09,4.682904164617696097e-03,-5.638228954962622197e+01
7.268780000000000000e+09,-9.456662650315195151e-03,-5.642091532339303939e+01
7.268845000000000000e+09,1.291003692664816072e-02,-5.642303483076829451e+01
7.268910000000000000e+09,1.962305833863808857e-03,-5.645846876881329734e+01
7.268975000000000000e+09,-2.392010654468634812e-02,-5.650883738814406598e+01
7.269040000000000000e+09,-1.813616119135019744e-02,-5.652753964974294831e+01
7.269105000000000000e+09,-1.747129855918672092e-02,-5.655136099406266226e+01
7.269170000000000000e+09,-3.005209416806309264e-02,-5.658842799662375711e+01
7.269235000000000000e+09,-2.876664576852761002e-03,-5.658573877398476526e+01
7.269300000000000000e+09,-1.945456517477595071e-02,-5.662680288153490693e+01
7.269365000000000000e+09,-2.382187455418716127e-02,-5.665565639786619556e+01
7.269430000000000000e+09,-2.011214455251320032e-02,-5.667643287481674008e+01
7.269495000000000000e+09,4.722296629900313292e-03,-5.667608464058654505e+01
7.269560000000000000e+09,-2.537927855483701478e-02,-5.673067242272350086e+01
7.269625000000000000e+09,-7.987008215927460242e-03,-5.673776635933647583e+01
7.269690000000000000e+09,-1.148422548802585652e-02,-5.676574978356079271e+01
7.269755000000000000e+09,-1.818998846139407988e-02,-5.679694175348637941e+01
7.269820000000000000e+09,-1.266560628756252527e-02,-5.681590357826475923e+01
7.269885000000000000e+09,-2.449040618685671689e-03,-5.683017321954810086e+01
7.269950000000000000e+09,-1.358094960482247870e-02,-5.686579133548612930e+01
7.270015000000000000e+09,-2.364828139555896769e-02,-5.690034487422908427e+01
7.270080000000000000e+09,-1.775261477788347975e-02,-5.691893541456362016e+01
7.270145000000000000e+09,-7.115969552351941729e-03,-5.693278497629030710e+01
7.270210000000000000e+09,-1.108184726341221449e-03,-5.695126339841618091e+01
7.270275000000000000e+09,1.018962941508050335e-02,-5.696445179122697766e+01
7.270340000000000000e+09,-3.333630603286508176e-03,-5.700246125819756315e+01
7.270405000000000000e+09,-8.348988458230621745e-03,-5.703196282300472575e+01
7.270470000000000000e+09,1.359359529630665975e-02,-5.703450644620240695e+01
7.270535000000000000e+09,-1.174810654846680791e-02,-5.708433435499905784e+01
7.270600000000000000e+09,-9.286898392929288093e-03,-5.710635935379573880e+01
7.270665000000000000e+09,1.567381700560588342e-03,-5.711999128065446740e+01
7.270730000000000000e+09,-1.582243035915098517e-02,-5.716186729966639746e+01
7.270795000000000000e+09,-4.357805181285101526e-02,-5.721410912807197491e+01
7.270860000000000000e+09,-3.672709263927487200e-02,-5.723174437585061725e+01
7.270925000000000000e+09,2.906380254799501017e-03,-5.721659710990876135e+01
7.270990000000000000e+09,-1.438287900641199712e-02,-5.725837257612219133e+01
7.271055000000000000e+09,-7.929284475871156701e-03,-5.727640518854353502e+01
7.271120000000000000e+09,1.701822174796774334e-02,-5.727594388927191460e+01
7.271185000000000000e+09,-3.584998832899088939e-02,-5.735329830630109171e+01
7.271250000000000000e+09,-1.759942356756738491e-02,-5.735953394849188669e+01
7.271315000000000000e+09,-3.929305891202261591e-02,-5.740571379078855330e+01
7.271380000000000000e+09,-2.458285693513317938e-02,-5.741548979576355549e+01
7.271445000000000000e+09,-2.498270525279622234e-03,-5.741789141630592042e+01
7.271510000000000000e+09,2.225076392049629703e-02,-5.741762858881236298e+01
7.271575000000000000e+09,-1.791552377041938371e-02,-5.748228108345549003e+01
7.271640000000000000e+09,-2.037207398075935316e-02,-5.750922384061771453e+01
7.271705000000000000e+09,2.657627653427141468e-02,-5.748676169705490224e+01
7.271770000000000000e+09,-1.034062300084315211e-02,-5.754816480354223529e+01
7.271835000000000000e+09,5.553756798647668802e-03,-5.755675663069496295e+01
7.271900000000000000e+09,9.381096964744983779e-03,-5.757741549748074306e+01
7.271965000000000000e+09,1.160416629012672729e-03,-5.761012238476869385e+01
7.272030000000000000e+09,-2.351126184548490983e-02,-5.765928027019540991e+01
7.272095000000000000e+09,-8.068334099363028145e-03,-5.766832354940150651e+01
7.272160000000000000e+09,-2.684171814325964078e-02,-5.771158314039762161e+01
7.272225000000000000e+09,-1.434495853943928978e-02,-5.772357258774568578e+01
7.272290000000000000e+09,3.939968545175531744e-03,-5.772977386761328233e+01
7.272355000000000000e+09,9.959891536048814942e-03,-5.774824015157462753e+01
7.272420000000000000e+09,-1.974056449112282507e-02,-5.780242681455401765e+01
7.272485000000000000e+09,2.315033267613131329e-02,-5.778402212433865515e+01
7.272550000000000000e+09,6.061809409800389403e-03,-5.782559685455719745e+01
7.272615000000000000e+09,-8.471044781515502109e-03,-5.786461591570073182e+01
7.272680000000000000e+09,-6.759704316358750020e-03,-5.788739078218779355e+01
7.272745000000000000e+09,-3.781320636008445035e-03,-5.790889860545932777e+01
7.272810000000000000e+09,-2.406410460776697846e-02,-5.795366759638330478e+01
7.272875000000000000e+09,2.062213598364337486e-03,-5.795202748512939195e+01
7.272940000000000000e+09,6.994288207863519347e-03,-5.797158161747211125e+01
7.273005000000000000e+09,1.124221463165042678e-03,-5.800193789116902821e+01
7.273070000000000000e+09,-2.856214793953171238e-02,-5.805611046752360238e+01
7.273135000000000000e+09,-1.477290664951169674e-03,-5.805351181720124032e+01
7.273200000000000000e+09,-3.741711244343548515e-02,-5.811393784593194312e+01
7.273265000000000000e+09,-3.618143273386920100e-02,-5.813718837317459531e+01
7.273330000000000000e+09,-2.479260354469658978e-03,-5.812797240774707319e+01
7.273395000000000000e+09,-2.676978679701846886e-03,-5.815265633302452386e+01
7.273460000000000000e+09,-3.305437741587979872e-03,-5.817777099903862847e+01
7.273525000000000000e+09,-2.253131692269505493e-02,-5.822148308517195403e+01
7.273590000000000000e+09,-1.543327741146782728e-02,-5.823887125261294528e+01
7.273655000000000000e+09,-3.723428365437086995e-02,-5.828515846580773285e+01
7.273720000000000000e+09,-2.644523358464567764e-02,-5.829885562269022614e+01
7.273785000000000000e+09,-1.191542305448933803e-03,-5.829808813836324077e+01
7.273850000000000000e+09,5.119617587666880354e-03,-5.831626318542234344e+01
7.273915000000000000e+09,-1.514225507412447769e-02,-5.836101126503602643e+01
7.273980000000000000e+09,-1.260133227780357856e-02,-5.838295654919191691e+01
7.274045000000000000e+09,5.362244098819246574e-03,-5.838947917976751256e+01
7.274110000000000000e+09,-1.969874150426420556e-02,-5.843902637232281450e+01
7.274175000000000000e+09,-3.441984831049182958e-03,-5.844725582260148400e+01
7.274240000000000000e+09,-1.295320780938880034e-02,-5.848125325253204210e+01
7.274305000000000000e+09,-4.057459257520434903e-02,-5.853336084425007613e+01
7.274370000000000000e+09,6.639756328119972295e-03,-5.851063270229897029e+01
7.274435000000000000e+09,-2.554677760272738851e-02,-5.856730544318203613e+01
7.274500000000000000e+09,-6.646120903496921528e-03,-5.857289099343468308e+01
7.274565000000000000e+09,-3.419877700526541275e-02,-5.862492985648867005e+01
7.274630000000000000e+09,-3.489865917023848851e-02,-5.865011594560586161e+01
7.274695000000000000e+09,-1.284118830371028253e-02,-5.865254468169155189e+01
7.274760000000000000e+09,4.418480468551422291e-03,-5.865977121987116760e+01
7.274825000000000000e+09,-2.708859750096337393e-02,-5.871576450479290088e+01
7.274890000000000000e+09,-1.084628482607996602e-02,-5.872400839907023595e+01
7.274955000000000000e+09,-4.125085541121364940e-02,-5.877889917660758812e+01
7.275020000000000000e+09,-7.469938373013462751e-03,-5.876960446652127246e+01
7.275085000000000000e+09,-3.346600923838849440e-02,-5.882008674433886597e+01
7.275150000000000000e+09,2.801148107678841370e-03,-5.880830579394501711e+01
7.275215000000000000e+09,-2.752918528742043236e-03,-5.883834606753365648e+01
7.275280000000000000e+09,-3.460586951233324271e-02,-5.889468522546945906e+01
7.275345000000000000e+09,-2.090868979154691942e-02,-5.890547425270056436e+01
7.275410000000000000e+09,-3.401211424664296601e-02,-5.894306388410787889e+01
7.275475000000000000e+09,-5.589873041297011014e-02,-5.898943670722641741e+01
7.275540000000000000e+09,3.513787551877101123e-02,-5.892288630824689477e+01
7.275605000000000000e+09,-1.413094211295629066e-02,-5.899664133283050660e+01
7.275670000000000000e+09,6.757985114191455978e-03,-5.900023861255557733e+01
7.275735000000000000e+09,1.517148659388567467e-03,-5.902996565596259870e+01
7.275800000000000000e+09,-1.015382591933189360e-02,-5.906612283749353765e+01
7.275865000000000000e+09,-1.213960572442829289e-03,-5.908166917909852600e+01
7.275930000000000000e+09,-2.895982506040439830e-02,-5.913390125053870605e+01
7.275995000000000000e+09,-2.684147966662919771e-02,-5.915626911209714933e+01
7.276060000000000000e+09,-4.473626281848197550e-02,-5.919865010220122059e+01
7.276125000000000000e+09,-2.658584240482042560e-02,-5.920498588873977752e+01
7.276190000000000000e+09,1.728414619805107577e-03,-5.920115783866702941e+01
7.276255000000000000e+09,-7.595340637521985627e-03,-5.923496780087657498e+01
7.276320000000000000e+09,-1.685719306280475394e-03,-5.925354438649755195e+01
7.276385000000000000e+09,4.411168426443623503e-04,-5.927590375730084560e+01
7.276450000000000000e+09,-1.799482428578613735e-02,-5.931882590538116062e+01
7.276515000000000000e+09,-1.929709983836858100e-02,-5.934461438788596155e+01
7.276580000000000000e+09,-3.061138288904174942e-02,-5.938041487788885320e+01
7.276645000000000000e+09,-2.865572691588624821e-02,-5.940294542886791618e+01
7.276710000000000000e+09,-1.633712280026600183e-02,-5.941511303170418046e+01
7.276775000000000000e+09,-2.450350367803366680e-02,-5.944776561953416660e+01
7.276840000000000000e+09,7.887881626345460973e-03,-5.943986044118200596e+01
7.276905000000000000e+09,-1.229567953703991634e-02,-5.948453020929760982e+01
7.276970000000000000e+09,-2.055840701581956864e-02,-5.951727914372860084e+01
7.277035000000000000e+09,-1.032135417818125234e-02,-5.953152829784284705e+01
7.277100000000000000e+09,2.707208734501165281e-02,-5.951862106327187263e+01
7.277165000000000000e+09,-3.931394884727978933e-02,-5.960949330641638255e+01
7.277230000000000000e+09,1.257603699693277122e-02,-5.958208952752438847e+01
7.277295000000000000e+09,-5.448960091347032630e-02,-5.967364137238666899e+01
7.277360000000000000e+09,-1.507066270919210638e-02,-5.965870864113460925e+01
7.277425000000000000e+09,-9.146762913523787120e-03,-5.967727094829115941e+01
7.277490000000000000e+09,-9.967380246997947779e-03,-5.970257777257685206e+01
7.277555000000000000e+09,-1.991568561599876830e-03,-5.971908816784367247e+01
7.277620000000000000e+09,-1.093234608466531199e-02,-5.975251515231862243e+01
7.277685000000000000e+09,-4.277977786316000675e-03,-5.977034699097248449e+01
7.277750000000000000e+09,-2.129138410087705324e-02,-5.981184660423926402e+01
7.277815000000000000e+09,-2.766169849544297676e-02,-5.984270312558604843e+01
7.277880000000000000e+09,5.380541137085970149e-03,-5.983414709290541111e+01
7.277945000000000000e+09,-2.765781765344144105e-02,-5.989167165864814990e+01
7.278010000000000000e+09,-3.312733168073833667e-02,-5.992162737962766528e+01
7.278075000000000000e+09,-5.055567472994937361e-02,-5.996354192962909480e+01
7.278140000000000000e+09,-3.146767102877845446e-02,-5.996894013287980840e+01
7.278205000000000000e+09,-2.348556412507463165e-02,-5.998544423292832306e+01
7.278270000000000000e+09,-2.261237588865583348e-02,-6.000905725164412274e+01
7.278335000000000000e+09,-3.511587284112493990e-02,-6.004604695554881033e+01
7.278400000000000000e+09,-1.987204668692754694e-02,-6.005528933634683142e+01
7.278465000000000000e+09,-1.425792655174973333e-02,-6.007416142316353103e+01
7.278530000000000000e+09,-3.385721793269169666e-02,-6.011824692149669147e+01
7.278595000000000000e+09,4.550816643096311509e-03,-6.010432509387312194e+01
7.278660000000000000e+09,-1.775384176898597843e-02,-6.015111595923742271e+01
7.278725000000000000e+09,-1.868123420842238147e-02,-6.017652955862873654e+01
7.278790000000000000e+09,-2.574930877953107711e-02,-6.020808384015206371e+01
7.278855000000000000e+09,-3.234539311946349471e-02,-6.023916613144421461e+01
7.278920000000000000e+09,-6.710724653473221224e-03,-6.023801766993044282e+01
7.278985000000000000e+09,2.451393532384571472e-02,-6.023127921690500841e+01
7.279050000000000000e+09,-1.085808868392490467e-02,-6.029113744786499751e+01
7.279115000000000000e+09,-3.860587198029463707e-02,-6.034337143811358573e+01
7.279180000000000000e+09,-4.642476478903034831e-02,-6.037567653787453281e+01
7.279245000000000000e+09,-3.213845364653167280e-02,-6.038587643368425262e+01
7.279310000000000000e+09,-1.717302186624181104e-02,-6.039539720885585439e+01
7.279375000000000000e+09,-3.321252938766150464e-02,-6.043592292332949256e+01
7.279440000000000000e+09,-1.300800734799167913e-02,-6.044020460824203411e+01
7.279505000000000000e+09,-5.260119532144358345e-02,-6.050428400316770450e+01
7.279570000000000000e+09,-1.482359167100355535e-02,-6.049099260646914900e+01
7.279635000000000000e+09,-1.617982065516798684e-02,-6.051683504240553191e+01
7.279700000000000000e+09,1.162848518029591105e-02,-6.051351294352228649e+01
7.279765000000000000e+09,-1.341895306476459382e-02,-6.056304658871956548e+01
7.279830000000000000e+09,3.947706013114782309e-03,-6.057016613659356352e+01
7.279895000000000000e+09,-1.318350063942119732e-02,-6.061178355019831798e+01
7.279960000000000000e+09,-1.752149795102297958e-02,-6.064060775446213825e+01
7.280025000000000000e+09,-2.816443557843228973e-02,-6.067573689904176604e+01
7.280090000000000000e+09,-3.374245822428179054e-03,-6.067543291623798041e+01
7.280155000000000000e+09,-1.714321571697041691e-02,-6.071368809308440007e+01
7.280220000000000000e+09,-4.142064410491030912e-02,-6.076245172842455844e+01
7.280285000000000000e+09,-5.027547381800445692e-03,-6.075054483865366706e+01
7.280350000000000000e+09,-2.082309160550721572e-02,-6.079082658982959231e+01
7.280415000000000000e+09,-4.953691769540569112e-02,-6.084402662287137531e+01
7.280480000000000000e+09,-6.183422738587296408e-03,-6.082515933486677540e+01
7.280545000000000000e+09,-4.753518539038736890e-02,-6.089099730447079395e+01
7.280610000000000000e+09,-2.713483427618967880e-02,-6.089508316030881474e+01
7.280675000000000000e+09,1.854037160749300028e-02,-6.087389416137701659e+01
7.280740000000000000e+09,-2.616505792545353870e-02,-6.094308579786218161e+01
7.280805000000000000e+09,-9.478509949964575299e-03,-6.095088545683891113e+01
7.280870000000000000e+09,-3.011278084509427799e-02,-6.099600593468625931e+01
7.280935000000000000e+09,-1.637242799605331811e-02,-6.100675178878942972e+01
7.281000000000000000e+09,-2.960433551358221393e-03,-6.101782600129661915e+01
7.281065000000000000e+09,-1.657844467495550589e-02,-6.105593021937243492e+01
7.281130000000000000e+09,3.230398839206571893e-02,-6.103153399325763218e+01
7.281195000000000000e+09,3.587851615606041378e-03,-6.108473633698631033e+01
7.281260000000000000e+09,-2.672669900084656547e-02,-6.113953709455464036e+01
7.281325000000000000e+09,-2.288753494174500247e-02,-6.116018413744775728e+01
7.281390000000000000e+09,-2.193545446247213704e-02,-6.118371826392070290e+01
7.281455000000000000e+09,2.690253400493247682e-02,-6.115936648240551676e+01
7.281520000000000000e+09,-3.124167700548241555e-03,-6.121387939106321596e+01
7.281585000000000000e+09,-4.474188722588934297e-02,-6.127998331754044159e+01
7.281650000000000000e+09,-4.455736946732002934e-02,-6.130428500673408365e+01
7.281715000000000000e+09,6.375423683785186313e-03,-6.127783842053519692e+01
7.281780000000000000e+09,-2.090364504104513799e-02,-6.132960369621224572e+01
7.281845000000000000e+09,-3.861252533774006679e-03,-6.133704751065685912e+01
7.281910000000000000e+09,-3.199297636059128536e-02,-6.138966544143589488e+01
7.281975000000000000e+09,-8.053814063501363307e-03,-6.139021248609102344e+01
7.282040000000000000e+09,-5.443007662059073937e-03,-6.141208788664179963e+01
7.282105000000000000e+09,-2.356348084706638701e-02,-6.145469456677869147e+01
7.282170000000000000e+09,-2.281379224859136912e-02,-6.147843108513243493e+01
7.282235000000000000e+09,-1.812733479404471382e-02,-6.149823083463010676e+01
7.282300000000000000e+09,-1.763132437548620146e-02,-6.152222103116376672e+01
7.282365000000000000e+09,-3.983079005787715232e-02,-6.156890670379836905e+01
7.282430000000000000e+09,-1.042243291985300857e-02,-6.156398455361222943e+01
7.282495000000000000e+09,-4.797606785870556223e-02,-6.162602439550330047e+01
7.282560000000000000e+09,1.589248849427349342e-04,-6.160237560971187065e+01
7.282625000000000000e+09,6.152141750632722506e-04,-6.162640552737396860e+01
7.282690000000000000e+09,-1.584246715664505700e-02,-6.166734941565755435e+01
7.282755000000000000e+09,-2.065946972501109258e-02,-6.169665262517813886e+01
7.282820000000000000e+09,-2.367068956017703840e-02,-6.172415005196552329e+01
7.282885000000000000e+09,-2.806304685634586349e-03,-6.172777187404319932e+01
7.282950000000000000e+09,-2.989646952893565413e-02,-6.177934824583838491e+01
7.283015000000000000e+09,5.242386427546819050e-03,-6.176869559683412092e+01
7.283080000000000000e+09,-3.740698133369591005e-02,-6.183583117154757502e+01
7.283145000000000000e+09,-1.075626875837087937e-02,-6.183366666592446848e+01
7.283210000000000000e+09,-1.605543196929204441e-02,-6.186345203608760812e+01
7.283275000000000000e+09,-2.526595123686803390e-02,-6.189714876230707574e+01
7.283340000000000000e+09,-3.809170552208485105e-02,-6.193446072354450394e+01
7.283405000000000000e+09,-4.108593020236384064e-02,-6.196194115517700141e+01
7.283470000000000000e+09,-2.753526892917790292e-02,-6.197287670085603395e+01
7.283535000000000000e+09,-2.285340006066149954e-02,-6.199268103893940207e+01
7.283600000000000000e+09,1.208604643029786985e-02,-6.198222779940066118e+01
7.283665000000000000e+09,-2.016266135129285431e-02,-6.203896271413447039e+01
7.283730000000000000e+09,-3.230716227315610922e-02,-6.207559342200855212e+01
7.283795000000000000e+09,-5.785581895324298785e-03,-6.207355804858259773e+01
7.283860000000000000e+09,-2.337128466081139777e-04,-6.209249238648610003e+01
7.283925000000000000e+09,-3.379930930636021458e-02,-6.215054418989807061e+01
7.283990000000000000e+09,1.917328771316562097e-02,-6.212205779983076326e+01
7.284055000000000000e+09,-1.363231079296411963e-02,-6.217934960528911148e+01
7.284120000000000000e+09,-1.831447270688357776e-02,-6.220851797415490836e+01
7.284185000000000000e+09,-2.054640758412062951e-02,-6.223523611598436389e+01
7.284250000000000000e+09,-4.994053503382644976e-02,-6.228911645038628819e+01
7.284315000000000000e+09,-2.016633407989587567e-02,-6.228382845638457610e+01
7.284380000000000000e+09,-3.821509125835831355e-02,-6.232636342051492306e+01
7.284445000000000000e+09,-6.487481732584399197e-03,-6.231912201794136763e+01
7.284510000000000000e+09,-1.763304083820571577e-02,-6.235475378399920743e+01
7.284575000000000000e+09,1.707247950669454895e-03,-6.235989970216254363e+01
7.284640000000000000e+09,-3.630995713407969561e-02,-6.242240311419918442e+01
7.284705000000000000e+09,-3.499388656656066132e-02,-6.244557325058388386e+01
7.284770000000000000e+09,-1.138869046948087771e-02,-6.244645426143902256e+01
7.284835000000000000e+09,-1.909894195622285906e-02,-6.247865071987797592e+01
7.284900000000000000e+09,-1.951973614424673542e-03,-6.248598995848839621e+01
7.284965000000000000e+09,-4.123759875513854922e-02,-6.254976179058099461e+01
7.285030000000000000e+09,-2.772710320121518635e-02,-6.256073750197928973e+01
7.285095000000000000e+09,-3.734709358769094933e-02,-6.259484369931798398e+01
7.285160000000000000e+09,-2.249843107405524734e-02,-6.260448124375656676e+01
7.285225000000000000e+09,-4.426399888665599747e-02,-6.265073301852104493e+01
7.285290000000000000e+09,-2.408309040218625796e-02,-6.265503831698879367e+01
7.285355000000000000e+09,-3.352155286412994428e-02,-6.268896298640295583e+01
7.285420000000000000e+09,-2.658139564888983841e-02,-6.270650903613993421e+01
7.285485000000000000e+09,-1.498153694335968567e-02,-6.271939538438662254e+01
7.285550000000000000e+09,6.103484782990165058e-03,-6.272279656961215011e+01
7.285615000000000000e+09,-2.905776040647367608e-02,-6.278244402175383243e+01
7.285680000000000000e+09,-2.722018959489247436e-02,-6.280509265789446971e+01
7.285745000000000000e+09,-1.306137771788939972e-02,-6.281542005296968512e+01
7.285810000000000000e+09,-3.202549276267063760e-03,-6.283004743147994731e+01
7.285875000000000000e+09,-2.705164886405242441e-02,-6.287838273801995115e+01
7.285940000000000000e+09,-2.523052047349949589e-02,-6.290104781658161670e+01
7.286005000000000000e+09,-1.685676732223129193e-02,-6.291716027038256698e+01
7.286070000000000000e+09,-3.029524940930627963e-02,-6.295508495942152649e+01
7.286135000000000000e+09,-3.748261513458572836e-02,-6.298675853209902442e+01
7.286200000000000000e+09,-1.428924488980243268e-02,-6.298805136880645961e+01
7.286265000000000000e+09,-3.691631285052920930e-02,-6.303516464371940486e+01
7.286330000000000000e+09,-2.488925604487235432e-02,-6.304762379386595939e+01
7.286395000000000000e+09,-4.033524545405242634e-02,-6.308755599022702398e+01
7.286460000000000000e+09,8.643206173978512652e-03,-6.306306374555121153e+01
7.286525000000000000e+09,-3.488079223922824212e-02,-6.313107395091663676e+01
7.286590000000000000e+09,-2.587534848099437568e-02,-6.314655471411062138e+01
7.286655000000000000e+09,-1.922791154311909168e-02,-6.316439348412462351e+01
7.286720000000000000e+09,-2.535379731867948294e-02,-6.319500557685240238e+01
7.286785000000000000e+09,-4.915128881258823412e-02,-6.324328927529852962e+01
7.286850000000000000e+09,-1.366451688129188824e-02,-6.323228871031945175e+01
7.286915000000000000e+09,-2.320556787295657841e-02,-6.326631596826300097e+01
7.286980000000000000e+09,-3.508208483157915225e-02,-6.330267869217384202e+01
7.287045000000000000e+09,-2.744958344967329822e-02,-6.331953239774414754e+01
7.287110000000000000e+09,-3.872700612227930606e-02,-6.335529602736897203e+01
7.287175000000000000e+09,1.342652988621040322e-02,-6.332762869831270081e+01
7.287240000000000000e+09,-2.994313524865788168e-02,-6.339548457039945362e+01
7.287305000000000000e+09,-3.372532526039151435e-02,-6.342375296736340573e+01
7.287370000000000000e+09,-2.999488185449905586e-02,-6.344450873090973175e+01
7.287435000000000000e+09,-2.283699213059264821e-03,-6.344128375522051044e+01
7.287500000000000000e+09,-2.752676628463035513e-02,-6.349101302924396606e+01
7.287565000000000000e+09,-3.546008714045711940e-02,-6.352343255705201130e+01
7.287630000000000000e+09,-4.006621653753228429e-02,-6.355252489340130495e+01
7.287695000000000000e+09,-9.728313331571314393e-03,-6.354667319714756246e+01
7.287760000000000000e+09,-5.736014519125376410e-02,-6.361879123595912233e+01
7.287825000000000000e+09,-4.037781043381727386e-02,-6.362629510815390432e+01
7.287890000000000000e+09,-2.179001973486549559e-02,-6.363219352440717103e+01
7.287955000000000000e+09,-2.552479314505262664e-02,-6.366041450476957664e+01
7.288020000000000000e+09,-2.885859668521106869e-02,-6.368823451526195356e+01
7.288085000000000000e+09,-1.254157817893997162e-02,-6.369640370370755988e+01
7.288150000000000000e+09,-6.745426222913408765e-02,-6.377580259470997248e+01
7.288215000000000000e+09,-3.738632220279214380e-02,-6.377022086163584902e+01
7.288280000000000000e+09,-3.612887430289646318e-02,-6.379344962068817182e+01
7.288345000000000000e+09,-5.560407267575584456e-02,-6.383741102601291573e+01
7.288410000000000000e+09,-1.683169772814352427e-02,-6.382312485801752189e+01
7.288475000000000000e+09,-4.439101694871538939e-02,-6.387517038419031223e+01
7.288540000000000000e+09,-5.055703184159909824e-02,-6.390582260603540732e+01
7.288605000000000000e+09,-5.000120623263626385e-02,-6.392975298737833612e+01
7.288670000000000000e+09,-4.378294514218339373e-02,-6.394802093324010173e+01
7.288735000000000000e+09,-5.874143926968855567e-02,-6.398746563431981826e+01
7.288800000000000000e+09,-2.860413065933187227e-02,-6.398181453266168006e+01
7.288865000000000000e+09,-6.149976320187278134e-02,-6.403919637215643945e+01
7.288930000000000000e+09,-5.539842231870295564e-02,-6.405758123822515415e+01
7.288995000000000000e+09,-8.745788601986248523e-02,-6.411412690887853216e+01
7.289060000000000000e+09,-6.244305018746842961e-02,-6.411359827999835659e+01
7.289125000000000000e+09,-8.807007420210766213e-02,-6.416371151096521430e+01
7.289190000000000000e+09,-8.631512926659468121e-02,-6.418644277298157874e+01
7.289255000000000000e+09,-6.816775760721327515e-02,-6.419278160827441582e+01
7.289320000000000000e+09,-1.062140945873863984e-01,-6.425531415220680742e+01
7.289385000000000000e+09,-9.882162140802108752e-02,-6.427240788597966059e+01
7.289450000000000000e+09,-8.583587277573201391e-02,-6.428390834429959000e+01
7.289515000000000000e+09,-8.326883716827637727e-02,-6.430582751564401178e+01
7.289580000000000000e+09,-1.221972764288494773e-01,-6.436924216185680336e+01
7.289645000000000000e+09,-9.790666541341863649e-02,-6.436943775779359100e+01
7.289710000000000000e+09,-1.214353688437768142e-01,-6.441745266817616766e+01
7.289775000000000000e+09,-1.520412204642411780e-01,-6.447254472674850945e+01
7.289840000000000000e+09,-1.521358324635713188e-01,-6.449712554570005807e+01
7.289905000000000000e+09,-1.520192171031453654e-01,-6.452149513729185060e+01
7.289970000000000000e+09,-2.233282883622251802e-01,-6.461729041550314889e+01
7.290035000000000000e+09,-2.289851685156207850e-01,-6.464743350260843613e+01
7.290100000000000000e+09,-3.033985376920327326e-01,-6.474633307873706656e+01
7.290165000000000000e+09,-3.129467730035457862e-01,-6.478036752100079809e+01
7.290230000000000000e+09,-2.987520262517904257e-01,-6.479065898120124700e+01
7.290295000000000000e+09,-4.352330748412072126e-01,-6.495162623674288227e+01
7.290360000000000000e+09,-4.515541838795371632e-01,-6.499243355273310385e+01
7.290425000000000000e+09,-3.504878665248867264e-01,-6.491585344233067190e+01
7.290490000000000000e+09,4.139815646709479324e-01,-6.417587021808705572e+01
7.290555000000000000e+09,5.459931989331607838e-01,-6.406834479077706135e+01
7.290620000000000000e+09,4.670121257076829124e-01,-6.417181207095441664e+01
7.290685000000000000e+09,3.857199073650576793e-01,-6.427759049624926035e+01
7.290750000000000000e+09,3.271240632019498662e-01,-6.436067254736458665e+01
7.290815000000000000e+09,2.687421786681625235e-01,-6.444354063885059247e+01
7.290880000000000000e+09,2.292191922655604230e-01,-6.450754983220508620e+01
7.290945000000000000e+09,1.852516135775488237e-01,-6.457600361784530207e+01
7.291010000000000000e+09,1.924453569012314347e-01,-6.459329608147383794e+01
7.291075000000000000e+09,1.556720379202829463e-01,-6.465455560740700491e+01
7.291140000000000000e+09,1.586150917731430354e-01,-6.467609876050636331e+01
7.291205000000000000e+09,1.282962740442457061e-01,-6.473090378518715227e+01
7.291270000000000000e+09,1.463270359321597880e-01,-6.473735923025145667e+01
7.291335000000000000e+09,9.485472947049800041e-02,-6.481331774366533693e+01
7.291400000000000000e+09,1.228065252941519248e-01,-6.480985215479390149e+01
7.291465000000000000e+09,1.148945794981273139e-01,-6.484225030754180352e+01
7.291530000000000000e+09,9.848260131168729004e-02,-6.488314849268046203e+01
7.291595000000000000e+09,7.251424830677422051e-02,-6.493360305263759358e+01
7.291660000000000000e+09,6.978972493936907995e-02,-6.496081378295721720e+01
7.291725000000000000e+09,8.665773237733276346e-02,-6.496843198247113094e+01
7.291790000000000000e+09,6.251637227659045948e-02,-6.501705954952409172e+01
7.291855000000000000e+09,6.392246051129291118e-02,-6.504013966824160775e+01
7.291920000000000000e+09,8.723095389636625896e-02,-6.504131738180875288e+01
7.291985000000000000e+09,6.720904396664195701e-02,-6.508582549869069567e+01
7.292050000000000000e+09,8.963397019665819698e-02,-6.508788677941255685e+01
7.292115000000000000e+09,7.893781333829963387e-02,-6.512306914322313389e+01
7.292180000000000000e+09,9.284483883183725084e-02,-6.513364832468181476e+01
7.292245000000000000e+09,5.834656992288955735e-02,-6.519263280054298093e+01
7.292310000000000000e+09,7.883785127589248987e-02,-6.519662772614185542e+01
7.292375000000000000e+09,3.357587360180502856e-02,-6.526637591076816136e+01
7.292440000000000000e+09,3.496555968843040318e-02,-6.528947243163375447e+01
7.292505000000000000e+09,6.332353285603176118e-02,-6.528560066541837159e+01
7.292570000000000000e+09,7.932826848421825616e-02,-6.529408213674240358e+01
7.292635000000000000e+09,3.605335484849092609e-02,-6.536184325733002254e+01
7.292700000000000000e+09,5.112817884337061969e-02,-6.537125464028734712e+01
7.292765000000000000e+09,5.923339589092790902e-02,-6.538763563019200831e+01
7.292830000000000000e+09,3.635051463002980654e-02,-6.543500471840512489e+01
7.292895000000000000e+09,6.127684992240745032e-02,-6.543456459006463888e+01
7.292960000000000000e+09,6.404343717974825267e-02,-6.545628420975951656e+01
7.293025000000000000e+09,8.494392574705500465e-02,-6.545986992814442829e+01
7.293090000000000000e+09,5.138907666797365437e-02,-6.551791098417572812e+01
7.293155000000000000e+09,3.598545722269363978e-02,-6.555780081057288555e+01
7.293220000000000000e+09,4.552485058712818500e-02,-6.557274762416066949e+01
7.293285000000000000e+09,4.223034945233905546e-02,-6.560052833224767710e+01
7.293350000000000000e+09,6.719811076101223080e-02,-6.560004677789122240e+01
7.293415000000000000e+09,4.094255859391182639e-02,-6.565078853701054129e+01
7.293480000000000000e+09,5.246383019228062494e-02,-6.566375347236404991e+01
7.293545000000000000e+09,3.902624901043338923e-02,-6.570167726049811563e+01
7.293610000000000000e+09,4.839241423749740534e-02,-6.571679730222327009e+01
7.293675000000000000e+09,5.508910053823967701e-02,-6.573458682287474630e+01
7.293740000000000000e+09,5.710474218480499076e-02,-6.575705738818007262e+01
7.293805000000000000e+09,7.697452290254602758e-02,-6.576167381441455007e+01
7.293870000000000000e+09,7.115975939733232281e-02,-6.579197478487198225e+01
7.293935000000000000e+09,3.487596996730246701e-02,-6.585274478125421638e+01
7.294000000000000000e+09,4.435135844732940313e-02,-6.586775559972608107e+01
7.294065000000000000e+09,3.565321655527498024e-02,-6.590093994857035398e+01
7.294130000000000000e+09,3.621457424870300201e-02,-6.592486479782914444e+01
7.294195000000000000e+09,4.918270161739712876e-02,-6.593638287741266879e+01
7.294260000000000000e+09,3.613696880609040818e-02,-6.597391481717619399e+01
7.294325000000000000e+09,5.230860815514404294e-02,-6.598222938477901778e+01
7.294390000000000000e+09,1.638458467502346139e-02,-6.604263961521135684e+01
7.294455000000000000e+09,3.963127850201431102e-02,-6.604387912833658447e+01
7.294520000000000000e+09,4.302887368390884149e-02,-6.606496774010690842e+01
7.294585000000000000e+09,3.315978307095690525e-02,-6.609932303767173778e+01
7.294650000000000000e+09,4.637840398412151899e-02,-6.611059062371079165e+01
7.294715000000000000e+09,4.315373960189106128e-02,-6.613830149504524059e+01
7.294780000000000000e+09,3.862157030012269843e-02,-6.616731987129922743e+01
7.294845000000000000e+09,4.528116801041903727e-02,-6.618514648054080851e+01
7.294910000000000000e+09,8.176580686570389389e-02,-6.617314804863774214e+01
7.294975000000000000e+09,3.877140400571477130e-02,-6.624062865844994974e+01
7.295040000000000000e+09,6.261126027818875173e-02,-6.624127500912969424e+01
7.295105000000000000e+09,2.657402530061858670e-02,-6.630179845105948289e+01
7.295170000000000000e+09,3.407177778660752665e-02,-6.631878690552537137e+01
7.295235000000000000e+09,2.521544337875525343e-02,-6.635212944688544212e+01
7.295300000000000000e+09,6.694782937906040843e-02,-6.633488326783735545e+01
7.295365000000000000e+09,8.470903397920892530e-03,-6.641784640077071344e+01
7.295430000000000000e+09,5.151486368433211283e-02,-6.639928864743619386e+01
7.295495000000000000e+09,3.876998320545510524e-02,-6.643651973486728934e+01
7.295560000000000000e+09,4.452027336375863342e-02,-6.645525565166120430e+01
7.295625000000000000e+09,3.972590178300094976e-02,-6.648453623019416625e+01
7.295690000000000000e+09,4.479041376181669420e-02,-6.650395792516724214e+01
7.295755000000000000e+09,4.322309865878537494e-02,-6.653001144722249194e+01
7.295820000000000000e+09,9.387627320592173419e-03,-6.658833312551290362e+01
7.295885000000000000e+09,4.335836994943065292e-02,-6.657884858983628362e+01
7.295950000000000000e+09,8.323264358507742600e-02,-6.656346052315285533e+01
7.296015000000000000e+09,2.727811578492378430e-02,-6.664390125790488639e+01
7.296080000000000000e+09,7.472596661740738000e-02,-6.662093961402462128e+01
7.296145000000000000e+09,4.257763841224004864e-03,-6.671589402375302313e+01
7.296210000000000000e+09,2.724695058624604371e-02,-6.671739104396021958e+01
7.296275000000000000e+09,9.804867961719310188e-03,-6.675931933353663794e+01
7.296340000000000000e+09,1.969634889800886413e-02,-6.677391405955255266e+01
7.296405000000000000e+09,2.996125610140154549e-02,-6.678813535930137846e+01
7.296470000000000000e+09,3.222059506309449262e-02,-6.681036222729190399e+01
7.296535000000000000e+09,8.135422287580240663e-03,-6.685893360701963672e+01
7.296600000000000000e+09,7.714824167200617921e-02,-6.681440699458710242e+01
7.296665000000000000e+09,2.773567342163119065e-02,-6.688830576978969589e+01
7.296730000000000000e+09,4.731466223024938245e-02,-6.689321298793329618e+01
7.296795000000000000e+09,7.376452271699918128e-03,-6.695763740484406412e+01
7.296860000000000000e+09,1.979657871193296614e-02,-6.696970348535570849e+01
7.296925000000000000e+09,4.141889490510664018e-02,-6.697256737611475330e+01
7.296990000000000000e+09,3.950036683031044049e-02,-6.699897211114176798e+01
7.297055000000000000e+09,4.227788077635352693e-02,-6.702068080414794338e+01
7.297120000000000000e+09,9.810445276116297464e-03,-6.707763444660005803e+01
7.297185000000000000e+09,2.915341355351586117e-02,-6.708277768527487694e+01
7.297250000000000000e+09,4.327395235745257196e-02,-6.709314335342315871e+01
7.297315000000000000e+09,3.479573164774762972e-02,-6.712610778108508214e+01
7.297380000000000000e+09,4.676048108495933775e-02,-6.713862923860008891e+01
7.297445000000000000e+09,4.330342408181309111e-03,-6.720554558422874436e+01
7.297510000000000000e+09,3.835317693616957513e-02,-6.719600895665297458e+01
7.297575000000000000e+09,4.459776696180028921e-02,-6.721425057357956234e+01
7.297640000000000000e+09,3.381025195156439622e-02,-6.724952429554201672e+01
7.297705000000000000e+09,5.771554622725716399e-03,-6.730204919982273282e+01
7.297770000000000000e+09,8.651699169220705699e-03,-6.732365526222845631e+01
7.297835000000000000e+09,4.924185487625720725e-02,-6.730755131347363829e+01
7.297900000000000000e+09,4.492571722586546912e-02,-6.733635365807624851e+01
7.297965000000000000e+09,3.569317240388159007e-02,-6.737007240985012402e+01
7.298030000000000000e+09,4.919002596192001420e-02,-6.738106176324430407e+01
7.298095000000000000e+09,3.081365327986418379e-02,-6.742392434287856418e+01
7.298160000000000000e+09,8.834682856161180098e-03,-6.747038952025448566e+01
7.298225000000000000e+09,2.962342754588576099e-02,-6.747408698251697956e+01
7.298290000000000000e+09,5.287767984997060466e-02,-6.747531893716478635e+01
7.298355000000000000e+09,2.816665670285090073e-02,-6.752451616726412453e+01
7.298420000000000000e+09,4.825496845369059429e-02,-6.752891406246550332e+01
7.298485000000000000e+09,2.364174113780848074e-02,-6.757801349673360392e+01
7.298550000000000000e+09,3.528254512532669196e-02,-6.759085889969796312e+01
7.298615000000000000e+09,4.633853746166494147e-02,-6.760428911431384336e+01
7.298680000000000000e+09,4.602524221999715337e-02,-6.762908861650772963e+01
7.298745000000000000e+09,3.696823305327257003e-02,-6.766263183262667269e+01
7.298810000000000000e+09,4.102792320142611970e-02,-6.768305834943039656e+01
7.298875000000000000e+09,2.673004271932200027e-02,-6.772184243686471916e+01
7.298940000000000000e+09,2.313182666546254040e-02,-6.774992685987079710e+01
7.299005000000000000e+09,3.792004609871924004e-02,-6.775962484738975888e+01
7.299070000000000000e+09,1.871080052448803599e-02,-6.780332029991620857e+01
7.299135000000000000e+09,2.064342031351884543e-02,-6.782587388707906939e+01
7.299200000000000000e+09,2.343259137423103766e-02,-6.784757092297057568e+01
7.299265000000000000e+09,3.361296436767702289e-02,-6.786187675692934818e+01
7.299330000000000000e+09,3.345322319761123708e-02,-6.788652270505161823e+01
7.299395000000000000e+09,2.214383310634104873e-02,-6.792231830209478005e+01
7.299460000000000000e+09,3.073902379544790620e-02,-6.793820931835789168e+01
7.299525000000000000e+09,1.895249738825555141e-02,-6.797448205171730251e+01
7.299590000000000000e+09,3.037136046238231302e-02,-6.798754939559539423e+01
7.299655000000000000e+09,2.990323313241560754e-03,-6.803941663969641240e+01
7.299720000000000000e+09,5.074866036659386737e-02,-6.801614450959527858e+01
7.299785000000000000e+09,4.653486851448462858e-02,-6.804484450839960630e+01
7.299850000000000000e+09,3.593984115948956060e-02,-6.807992574270681985e+01
7.299915000000000000e+09,5.893214527502266264e-02,-6.808141964554350523e+01
7.299980000000000000e+09,2.156713418506228663e-02,-6.814327086358534302e+01
7.300045000000000000e+09,4.901197837223492115e-02,-6.814031222635038887e+01
7.300110000000000000e+09,3.759891397466219587e-02,-6.817621149770018008e+01
7.300175000000000000e+09,3.930636193177861060e-02,-6.819899025669528214e+01
7.300240000000000000e+09,5.183600817628075674e-02,-6.821094681740265742e+01
7.300305000000000000e+09,9.982806093091767252e-03,-6.827728622643806489e+01
7.300370000000000000e+09,3.200559527806490223e-02,-6.827974964420531023e+01
7.300435000000000000e+09,2.905506687797299037e-02,-6.830718637955762063e+01
7.300500000000000000e+09,1.415870497511662052e-02,-6.834656894841269548e+01
7.300565000000000000e+09,4.920158140456010187e-02,-6.833601227893512942e+01
7.300630000000000000e+09,3.605427020185913989e-02,-6.837364579709004886e+01
7.300695000000000000e+09,3.773007802890049334e-02,-6.839645619621522599e+01
7.300760000000000000e+09,3.771300658364395986e-02,-6.842095947461270100e+01
7.300825000000000000e+09,2.478631476353143626e-02,-6.845837237338470516e+01
7.300890000000000000e+09,1.053589290297907155e-02,-6.849710900219747600e+01
7.300955000000000000e+09,4.731975645555053234e-02,-6.848481134559712302e+01
7.301020000000000000e+09,3.721204524708809913e-02,-6.851940526375780394e+01
7.301085000000000000e+09,2.961972920890332261e-02,-6.855148378674786613e+01
7.301150000000000000e+09,4.901171813992277748e-02,-6.855657800476906516e+01
7.301215000000000000e+09,2.204164389480922637e-02,-6.860803428596639719e+01
7.301280000000000000e+09,5.900163142919723214e-02,-6.859556050538422767e+01
7.301345000000000000e+09,3.149425213686640745e-02,-6.864755409162877697e+01
7.301410000000000000e+09,6.672694982252380669e-02,-6.863680760089499699e+01
7.301475000000000000e+09,3.874905883790802363e-02,-6.868927169883183126e+01
7.301540000000000000e+09,6.895798976451317230e-02,-6.868354897485744459e+01
7.301605000000000000e+09,3.754835050035865152e-02,-6.873944482107381759e+01
7.301670000000000000e+09,4.856181298356432308e-02,-6.875291756554250355e+01
7.301735000000000000e+09,3.361795231845121634e-02,-6.879234763315983514e+01
7.301800000000000000e+09,3.496406940259078056e-02,-6.881548772302789985e+01
7.301865000000000000e+09,3.621294750391257367e-02,-6.883872505187879653e+01
7.301930000000000000e+09,3.597513036933719377e-02,-6.886344907596526355e+01
7.301995000000000000e+09,6.745028109767758906e-02,-6.885646013218914163e+01
7.302060000000000000e+09,3.710431831225946553e-02,-6.891129230192677824e+01
7.302125000000000000e+09,5.050282851266274520e-02,-6.892237999867859344e+01
7.302190000000000000e+09,5.921944567757009281e-02,-6.893814958846590457e+01
7.302255000000000000e+09,5.317690186495838134e-02,-6.896867833923039370e+01
7.302320000000000000e+09,3.892090936915337807e-02,-6.900742053867841719e+01
7.302385000000000000e+09,5.553024145356744157e-03,-6.906527463085443230e+01
7.302450000000000000e+09,5.008554376294682697e-02,-6.904522831818906070e+01
7.302515000000000000e+09,1.403369968363676890e-02,-6.910576636922024818e+01
7.302580000000000000e+09,3.507972336082332276e-02,-6.910920655249528011e+01
7.302645000000000000e+09,8.833966716322549928e-02,-6.908043281564509641e+01
7.302710000000000000e+09,5.883096254517283796e-02,-6.913442772721536755e+01
7.302775000000000000e+09,5.263800389460016049e-02,-6.916510689281781765e+01
7.302840000000000000e+09,2.180602042425050513e-02,-6.922042508324038579e+01
7.302905000000000000e+09,8.818365693107921288e-02,-6.917853365368577556e+01
7.302970000000000000e+09,3.472834960834347839e-02,-6.925647516796072978e+01
7.303035000000000000e+09,4.405251379145624924e-02,-6.927163721072983549e+01
7.303100000000000000e+09,4.179171779092882844e-02,-6.929838421368224033e+01
7.303165000000000000e+09,7.606611598085066817e-02,-6.928859602244453697e+01
7.303230000000000000e+09,3.832772497095504605e-02,-6.935082062040665107e+01
7.303295000000000000e+09,4.165718992769029683e-02,-6.937197736240213430e+01
7.303360000000000000e+09,3.338961728510980720e-02,-6.940473114199660642e+01
7.303425000000000000e+09,4.652057090193295608e-02,-6.941608639533200176e+01
7.303490000000000000e+09,4.415538721984546555e-02,-6.944293778596629352e+01
7.303555000000000000e+09,8.016011294643021756e-02,-6.943141926719192725e+01
7.303620000000000000e+09,5.586589541812259085e-02,-6.948019969167212651e+01
7.303685000000000000e+09,2.376742622500671587e-02,-6.953678436781746086e+01
7.303750000000000000e+09,5.813928721963179669e-02,-6.952689871377505426e+01
7.303815000000000000e+09,3.784418442795356441e-02,-6.957168002351895097e+01
7.303880000000000000e+09,4.042040162009641335e-02,-6.959359001327902661e+01
7.303945000000000000e+09,3.875881169430783757e-02,-6.961973781015669260e+01
7.304010000000000000e+09,6.039808108489808092e-02,-6.962258474771832084e+01
7.304075000000000000e+09,6.011091968731818724e-02,-6.964735811606811922e+01
7.304140000000000000e+09,5.709878663897427487e-02,-6.967485645606868161e+01
7.304205000000000000e+09,4.714846708958475574e-02,-6.970929298256994855e+01
7.304270000000000000e+09,7.834618369355439427e-02,-6.970258147291819739e+01
7.304335000000000000e+09,5.117494171321368412e-02,-6.975423892185075658e+01
7.304400000000000000e+09,1.078876692700703188e-02,-6.981911130358918172e+01
7.304465000000000000e+09,3.219346282119772695e-02,-6.982219281464720950e+01
7.304530000000000000e+09,5.611734460637762822e-02,-6.982275513981392123e+01
7.304595000000000000e+09,5.664891145721639987e-02,-6.984670977991530094e+01
7.304660000000000000e+09,6.170696516556972711e-02,-6.986613793315916610e+01
7.304725000000000000e+09,7.698525777929887681e-02,-6.987534584749764122e+01
7.304790000000000000e+09,7.267049478865317269e-02,-6.990414681744017855e+01
7.304855000000000000e+09,6.083137586668385666e-02,-6.994047214331436635e+01
7.304920000000000000e+09,6.446656301643827192e-02,-6.996132316311683041e+01
7.304985000000000000e+09,6.422916859132499212e-02,-6.998604676449416218e+01
7.305050000000000000e+09,2.999976431723894166e-02,-7.004476237572012565e+01
7.305115000000000000e+09,4.206806832854681488e-02,-7.005718027866103625e+01
7.305180000000000000e+09,2.043738156604035794e-02,-7.010329717237576119e+01
7.305245000000000000e+09,3.535719335482667702e-02,-7.011286356753919335e+01
7.305310000000000000e+09,2.128178313925843668e-02,-7.015142518470698008e+01
7.305375000000000000e+09,2.857096816464377298e-02,-7.016862220663347216e+01
7.305440000000000000e+09,7.072219696421200297e-02,-7.015095718478612241e+01
7.305505000000000000e+09,7.006085818689200551e-02,-7.017610473051566089e+01
7.305570000000000000e+09,6.145693130078200284e-02,-7.020919486435398937e+01
7.305635000000000000e+09,4.530853927298039707e-02,-7.024982946333366840e+01
7.305700000000000000e+09,2.666060385107016373e-02,-7.029296360570779711e+01
7.305765000000000000e+09,5.077214214813352555e-02,-7.029333827436295223e+01
7.305830000000000000e+09,6.471663568154895074e-02,-7.030387998778175529e+01
7.305895000000000000e+09,5.242844074166441715e-02,-7.034065438967353145e+01
7.305960000000000000e+09,4.844065349489312666e-02,-7.036912838387250702e+01
7.306025000000000000e+09,6.006388875924528747e-02,-7.038199135556037334e+01
7.306090000000000000e+09,5.331661631919359934e-02,-7.041322483495264350e+01
7.306155000000000000e+09,5.384453899722529968e-02,-7.043718311922683029e+01
7.306220000000000000e+09,2.613948620079042939e-02,-7.048937437897515679e+01
7.306285000000000000e+09,8.856423634951227086e-02,-7.045143583577865343e+01
7.306350000000000000e+09,6.669639920801273547e-02,-7.049778987987237144e+01
7.306415000000000000e+09,4.392322798649672677e-02,-7.054504925804610593e+01
7.306480000000000000e+09,3.815778936825608980e-02,-7.057530090361622399e+01
7.306545000000000000e+09,4.021791874964719682e-02,-7.059772698118705136e+01
7.306610000000000000e+09,3.209436909541807381e-02,-7.063033673779349897e+01
7.306675000000000000e+09,7.297137815162102470e-02,-7.061394593568951450e+01
7.306740000000000000e+09,6.577512388737716265e-02,-7.064562839690563578e+01
7.306805000000000000e+09,4.582559138492570128e-02,-7.069006413636030572e+01
7.306870000000000000e+09,4.137464151180836325e-02,-7.071900129318564154e+01
7.306935000000000000e+09,6.382552400141605631e-02,-7.072103661764825233e+01
7.307000000000000000e+09,7.264435747221398287e-02,-7.073670399112967289e+01
7.307065000000000000e+09,5.219488096372515429e-02,-7.078163967459005335e+01
7.307130000000000000e+09,7.466734654141760075e-02,-7.078365341596457938e+01
7.307195000000000000e+09,7.364628814509899257e-02,-7.080916068131310226e+01
7.307260000000000000e+09,8.643175820880344418e-02,-7.082086141820161629e+01
7.307325000000000000e+09,7.725336182180342348e-02,-7.085452602154050794e+01
7.307390000000000000e+09,4.319281823653398078e-02,-7.091307277207799586e+01
7.307455000000000000e+09,7.683937826074327404e-02,-7.090391241900600505e+01
7.307520000000000000e+09,7.152725198052678479e-02,-7.093371075223844002e+01
7.307585000000000000e+09,1.226216450220505294e-01,-7.090710256614913476e+01
7.307650000000000000e+09,6.738406954684705852e-02,-7.098682634857621565e+01
7.307715000000000000e+09,7.213657651682581218e-02,-7.100656004855845538e+01
7.307780000000000000e+09,8.020364835981297347e-02,-7.102297918366768670e+01
7.307845000000000000e+09,5.145361200544584790e-02,-7.107621542697427230e+01
7.307910000000000000e+09,8.495421161632066287e-02,-7.106720103431527491e+01
7.307975000000000000e+09,5.369260738784475961e-02,-7.112294884549596929e+01
7.308040000000000000e+09,5.807594129312576570e-02,-7.114305171854290677e+01
7.308105000000000000e+09,7.292703887964080423e-02,-7.115268682790861021e+01
7.308170000000000000e+09,9.842364068860831594e-02,-7.115167643305152012e+01
7.308235000000000000e+09,6.960437698205623747e-02,-7.120498190371029068e+01
7.308300000000000000e+09,9.522233809241242852e-02,-7.120385014955215297e+01
7.308365000000000000e+09,5.474620336946145471e-02,-7.126881249122732243e+01
7.308430000000000000e+09,3.856253482426552637e-02,-7.130948236672473683e+01
7.308495000000000000e+09,1.076072376167758193e-01,-7.126492387088410396e+01
7.308560000000000000e+09,1.619982357721028166e-02,-7.138081749187588798e+01
7.308625000000000000e+09,5.655059540252693751e-02,-7.136495292700278981e+01
7.308690000000000000e+09,5.156356432102882081e-02,-7.139442616503650640e+01
7.308755000000000000e+09,6.178732107863993406e-02,-7.140868861523077271e+01
7.308820000000000000e+09,7.759914565747294546e-02,-7.141736299760415818e+01
7.308885000000000000e+09,7.007980468883090452e-02,-7.144936854552501870e+01
7.308950000000000000e+09,5.553732608964878636e-02,-7.148839723107641930e+01
7.309015000000000000e+09,7.320254319930086240e-02,-7.149521822091865886e+01
7.309080000000000000e+09,9.008527393397969263e-02,-7.150282169713619851e+01
7.309145000000000000e+09,8.109849200495489185e-02,-7.153629468601744179e+01
7.309210000000000000e+09,6.728636675012467094e-02,-7.157459301822449049e+01
7.309275000000000000e+09,1.010011268985380184e-01,-7.156536446502828142e+01
7.309340000000000000e+09,7.452764315770821213e-02,-7.161632415572100285e+01
7.309405000000000000e+09,7.034172401579041889e-02,-7.164499628181513913e+01
7.309470000000000000e+09,9.113699836986199898e-02,-7.164868721441328603e+01
7.309535000000000000e+09,8.665655147045470130e-02,-7.167765386826491181e+01
7.309600000000000000e+09,5.917651972197290888e-02,-7.172962010696528523e+01
7.309665000000000000e+09,4.080340854969222164e-02,-7.177247942508978440e+01
7.309730000000000000e+09,7.581747393861348883e-02,-7.176195156665308161e+01
7.309795000000000000e+09,8.165463851376841831e-02,-7.178060060903013095e+01
7.309860000000000000e+09,7.316713908329575133e-02,-7.181357431541249525e+01
7.309925000000000000e+09,7.169293877335292109e-02,-7.183953472267465656e+01
7.309990000000000000e+09,1.012072704118054389e-01,-7.183450659798842253e+01
7.310055000000000000e+09,7.038746464536416170e-02,-7.188981261070708229e+01
7.310120000000000000e+09,9.634826598878021287e-02,-7.188833801631588472e+01
7.310185000000000000e+09,7.572718215644158590e-02,-7.193344530710010076e+01
7.310250000000000000e+09,7.818816962924302061e-02,-7.195547052657951781e+01
7.310315000000000000e+09,8.424144980966730145e-02,-7.197390345335131201e+01
7.310380000000000000e+09,9.283365191437553676e-02,-7.198979745819882226e+01
7.310445000000000000e+09,6.454770857774860815e-02,-7.204256960848732660e+01
7.310510000000000000e+09,7.739032985267613185e-02,-7.205421319416461756e+01
7.310575000000000000e+09,6.823963798393606339e-02,-7.208785009298557611e+01
7.310640000000000000e+09,6.228379411800233356e-02,-7.211829214380372832e+01
7.310705000000000000e+09,7.221385485694042927e-02,-7.213284829001666765e+01
7.310770000000000000e+09,1.035152547152904390e-01,-7.212603309711053612e+01
7.310835000000000000e+09,6.077802195886761183e-02,-7.219325653681917743e+01
7.310900000000000000e+09,7.993356351984459707e-02,-7.219858720221041892e+01
7.310965000000000000e+09,8.282088961070144251e-02,-7.222018608307178056e+01
7.311030000000000000e+09,7.955752696359752463e-02,-7.224793565267076190e+01
7.311095000000000000e+09,8.166157342220969895e-02,-7.227031781316436820e+01
7.311160000000000000e+09,8.455178859095724420e-02,-7.229191380494783914e+01
7.311225000000000000e+09,7.344583931207182559e-02,-7.232750596117894304e+01
7.311290000000000000e+09,4.113708473836652502e-02,-7.238430092270452576e+01
7.311355000000000000e+09,6.852552548420476342e-02,-7.238139868891090600e+01
7.311420000000000000e+09,6.523503793006568685e-02,-7.240917538341726356e+01
7.311485000000000000e+09,6.677904263530365370e-02,-7.243211758566424407e+01
7.311550000000000000e+09,6.886708645441785848e-02,-7.245451574879734835e+01
7.311615000000000000e+09,5.509798613778116305e-02,-7.249277105606587668e+01
7.311680000000000000e+09,9.141902481944441661e-02,-7.248093622433643191e+01
7.311745000000000000e+09,6.846260423897376768e-02,-7.252837885186910682e+01
7.311810000000000000e+09,7.566139760068324449e-02,-7.254566626545961583e+01
7.311875000000000000e+09,5.956216037121464524e-02,-7.258625170964097606e+01
7.311940000000000000e+09,9.534997726217397940e-02,-7.257495009970223521e+01
7.312005000000000000e+09,7.425090887919338911e-02,-7.262053537503743428e+01
7.312070000000000000e+09,6.905843201046479862e-02,-7.265021405885838135e+01
7.312135000000000000e+09,7.496602479787384254e-02,-7.266879267302286394e+01
7.312200000000000000e+09,9.827422904864135944e-02,-7.266997067572430069e+01
7.312265000000000000e+09,7.128901387709163373e-02,-7.272144209784806890e+01
7.312330000000000000e+09,8.460429708564731754e-02,-7.273261302159173169e+01
7.312395000000000000e+09,6.515331463208440255e-02,-7.277655021099751309e+01
7.312460000000000000e+09,6.783271639555721322e-02,-7.279835701618593191e+01
7.312525000000000000e+09,7.116696192913707364e-02,-7.281950897760457053e+01
7.312590000000000000e+09,6.110519118037416320e-02,-7.285405695530555192e+01
7.312655000000000000e+09,1.006299839232838167e-01,-7.283901836951486075e+01
7.312720000000000000e+09,6.030143096023721228e-02,-7.290383312942978478e+01
7.312785000000000000e+09,8.816736774736000370e-02,-7.290045339959488047e+01
7.312850000000000000e+09,6.179111353991117994e-02,-7.295131586075454777e+01
7.312915000000000000e+09,1.053691210397147415e-01,-7.293222406020696269e+01
7.312980000000000000e+09,9.549916798700053278e-02,-7.296658022021155432e+01
7.313045000000000000e+09,1.086583955344337937e-01,-7.297790719961633954e+01
7.313110000000000000e+09,8.347813830906147814e-02,-7.302757366379393034e+01
7.313175000000000000e+09,9.552109482595483314e-02,-7.304001691422925546e+01
7.313240000000000000e+09,7.761858595296189378e-02,-7.308240563005446688e+01
7.313305000000000000e+09,7.227468586825125385e-02,-7.311223573709105494e+01
7.313370000000000000e+09,6.287589228192302926e-02,-7.314612073762960165e+01
7.313435000000000000e+09,7.193690612294290077e-02,-7.316154593074080026e+01
7.313500000000000000e+09,1.074176352155120640e-01,-7.315055140860044958e+01
7.313565000000000000e+09,8.515469591374369429e-02,-7.319730055485409537e+01
7.313630000000000000e+09,6.889332238561962640e-02,-7.323804813533443792e+01
7.313695000000000000e+09,1.003712738048250230e-01,-7.323105639086745100e+01
7.313760000000000000e+09,7.034574245221847377e-02,-7.328556812917227603e+01
7.313825000000000000e+09,9.933537847147988487e-02,-7.328106470010489204e+01
7.313890000000000000e+09,7.210466029371787045e-02,-7.333278162523487254e+01
7.313955000000000000e+09,7.769058985735455281e-02,-7.335168190262345433e+01
7.314020000000000000e+09,4.797063651186306288e-02,-7.340588806292116431e+01
7.314085000000000000e+09,8.125212361174760645e-02,-7.339709278277349824e+01
7.314150000000000000e+09,7.754285101319169371e-02,-7.342528826232393158e+01
7.314215000000000000e+09,9.881549534557620973e-02,-7.342850182494376554e+01
7.314280000000000000e+09,5.869430157493127354e-02,-7.349310922566662896e+01
7.314345000000000000e+09,9.594248713578679144e-02,-7.348034724705799192e+01
7.314410000000000000e+09,6.031501648605797072e-02,-7.354046092465961237e+01
7.314475000000000000e+09,6.565125227547241593e-02,-7.355961089582241641e+01
7.314540000000000000e+09,7.553803763350686040e-02,-7.357421031741660045e+01
7.314605000000000000e+09,5.294112837769660018e-02,-7.362129343362462919e+01
7.314670000000000000e+09,5.363806564665196674e-02,-7.364508270330755124e+01
7.314735000000000000e+09,8.259436780740259110e-02,-7.364061260809901910e+01
7.314800000000000000e+09,7.716416685278204568e-02,-7.367052901600585813e+01
7.314865000000000000e+09,8.617176486795585788e-02,-7.368600762494290279e+01
7.314930000000000000e+09,9.666794744754270141e-02,-7.369999764931553443e+01
7.314995000000000000e+09,5.585307488456692226e-02,-7.376529872883040184e+01
7.315060000000000000e+09,6.859020874301791082e-02,-7.377704780192416933e+01
7.315125000000000000e+09,9.830172803425796246e-02,-7.377182248958514776e+01
7.315190000000000000e+09,9.745345857746201546e-02,-7.379715696599414798e+01
7.315255000000000000e+09,7.068552275335093782e-02,-7.384841110877015069e+01
7.315320000000000000e+09,6.414343598315497275e-02,-7.387943940249256514e+01
7.315385000000000000e+09,9.955240769738793460e-02,-7.386851663773055066e+01
7.315450000000000000e+09,6.869852825103350824e-02,-7.392385672412912356e+01
7.315515000000000000e+09,1.028571549278041175e-01,-7.391418430440457144e+01
7.315580000000000000e+09,5.035760501968411518e-02,-7.399117006126456886e+01
7.315645000000000000e+09,6.828725513426547877e-02,-7.399772661810220598e+01
7.315710000000000000e+09,8.023085325959300462e-02,-7.401026922692909693e+01
7.315775000000000000e+09,9.549770144224112300e-02,-7.401948858569866729e+01
7.315840000000000000e+09,5.157102183386541583e-02,-7.408790147225892042e+01
7.315905000000000000e+09,5.988173103854421697e-02,-7.410407697000646010e+01
7.315970000000000000e+09,7.026919781907281504e-02,-7.411817571017814998e+01
7.316035000000000000e+09,8.718206560187979903e-02,-7.412574904934756148e+01
7.316100000000000000e+09,8.741866319472535451e-02,-7.414999865870659335e+01
7.316165000000000000e+09,7.311511256753533416e-02,-7.418878841628600185e+01
7.316230000000000000e+09,6.953789731801407470e-02,-7.421685183848774159e+01
7.316295000000000000e+09,8.157121611118611781e-02,-7.422930472664678803e+01
7.316360000000000000e+09,8.797051481630546732e-02,-7.424739163489388716e+01
7.316425000000000000e+09,7.632802956530326810e-02,-7.428352032709676678e+01
7.316490000000000000e+09,8.691790486136596883e-02,-7.429741665875292256e+01
7.316555000000000000e+09,7.433234660261689442e-02,-7.433448842396389011e+01
7.316620000000000000e+09,5.736537961017518228e-02,-7.437594159790855031e+01
7.316685000000000000e+09,9.727558898779875562e-02,-7.436051759548280415e+01
7.316750000000000000e+09,9.107674036771129522e-02,-7.439120265105511010e+01
7.316815000000000000e+09,2.370647611219567352e-02,-7.448305912226284420e+01
7.316880000000000000e+09,8.013834021274135466e-02,-7.445111346511451700e+01
7.316945000000000000e+09,4.929739700804702807e-02,-7.450644061527110296e+01
7.317010000000000000e+09,5.844759154696532732e-02,-7.452177662768440314e+01
7.317075000000000000e+09,7.013428693105083767e-02,-7.453457613925253611e+01
7.317140000000000000e+09,8.262011338054264797e-02,-7.454657651975524857e+01
7.317205000000000000e+09,8.156196151900019231e-02,-7.457212087856900951e+01
7.317270000000000000e+09,9.103288304844170398e-02,-7.458713616399145963e+01
7.317335000000000000e+09,8.768777513223824371e-02,-7.461496747885988157e+01
7.317400000000000000e+09,4.572232771742790192e-02,-7.468141913322691039e+01
7.317465000000000000e+09,5.379888937859789166e-02,-7.469782877851795888e+01
7.317530000000000000e+09,8.536538402552196203e-02,-7.469074849082292644e+01
7.317595000000000000e+09,6.996911071723843634e-02,-7.473063097108342845e+01
7.317660000000000000e+09,8.132276185530429302e-02,-7.474376352689756686e+01
7.317725000000000000e+09,8.100351968374752687e-02,-7.476856897602134211e+01
7.317790000000000000e+09,8.258810857178389142e-02,-7.479147059408519738e+01
7.317855000000000000e+09,7.077078415019855129e-02,-7.482777412545900120e+01
7.317920000000000000e+09,8.484887979287236703e-02,-7.483818223676854586e+01
7.317985000000000000e+09,8.791654410556759558e-02,-7.485960077940806912e+01
7.318050000000000000e+09,1.010012258510641914e-01,-7.487100230461479100e+01
7.318115000000000000e+09,9.480681506656196689e-02,-7.490168292235117065e+01
7.318180000000000000e+09,8.852740638431555453e-02,-7.493244853798563554e+01
7.318245000000000000e+09,8.574660310712545197e-02,-7.495971554821504412e+01
7.318310000000000000e+09,9.945700606651541875e-02,-7.497049135220787264e+01
7.318375000000000000e+09,6.893745399806050500e-02,-7.502549711122820497e+01
7.318440000000000000e+09,6.116982742460663758e-02,-7.505775094475387732e+01
7.318505000000000000e+09,7.229702788804104330e-02,-7.507110995124266140e+01
7.318570000000000000e+09,6.826839701710696318e-02,-7.509962478906581396e+01
7.318635000000000000e+09,7.934017726694264638e-02,-7.511303921576785569e+01
7.318700000000000000e+09,5.801945797563234919e-02,-7.515884614201138447e+01
7.318765000000000000e+09,8.856526076691295657e-02,-7.515278654617232235e+01
7.318830000000000000e+09,7.419872584539177751e-02,-7.519163928804606201e+01
7.318895000000000000e+09,6.768606733419346710e-02,-7.522263815350947880e+01
7.318960000000000000e+09,7.377064879199224379e-02,-7.524103977900355744e+01
7.319025000000000000e+09,7.773215675609890241e-02,-7.526156447799166926e+01
7.319090000000000000e+09,6.570452893943468098e-02,-7.529807831276055197e+01
7.319155000000000000e+09,8.109177838535686078e-02,-7.530717727026684827e+01
7.319220000000000000e+09,1.012356152843238988e-01,-7.531151964031975865e+01
7.319285000000000000e+09,1.027866397719634506e-01,-7.533445482278433758e+01
7.319350000000000000e+09,9.120703990153344876e-02,-7.537052062960698606e+01
7.319415000000000000e+09,8.681091527139983555e-02,-7.539940296118933816e+01
7.319480000000000000e+09,3.960802382387385023e-02,-7.547109205958908262e+01
7.319545000000000000e+09,7.951859308258235615e-02,-7.545566769728226575e+01
7.319610000000000000e+09,7.582873506390797047e-02,-7.548384376225314440e+01
7.319675000000000000e+09,5.276155430755125053e-02,-7.553139714996171961e+01
7.319740000000000000e+09,1.014269727861005777e-01,-7.550721793843538876e+01
7.319805000000000000e+09,8.214144848965077017e-02,-7.555098966968373020e+01
7.319870000000000000e+09,9.632692455686253652e-02,-7.556129040056873691e+01
7.319935000000000000e+09,6.703681558136054264e-02,-7.561506671649645739e+01
7.320000000000000000e+09,3.846107823517286306e-02,-7.566812866079486355e+01
