# freq_Hz, amplitude_dBm
7.125000000000000000e+09,-9.017011732140545632e+01
7.125065000000000000e+09,-9.024785102500850087e+01
7.125130000000000000e+09,-9.011123276928898918e+01
7.125195000000000000e+09,-9.010972586557578268e+01
7.125260000000000000e+09,-8.986267328021472167e+01
7.125325000000000000e+09,-9.001610593591209408e+01
7.125390000000000000e+09,-9.023025193387900345e+01
7.125455000000000000e+09,-8.994945257106229519e+01
7.125520000000000000e+09,-9.001273636597689176e+01
7.125585000000000000e+09,-8.996978557849294589e+01
7.125650000000000000e+09,-8.987128754832163224e+01
7.125715000000000000e+09,-9.011064093438980649e+01
7.125780000000000000e+09,-9.010293408631557099e+01
7.125845000000000000e+09,-8.996718123908637210e+01
7.125910000000000000e+09,-9.010806051794347127e+01
7.125975000000000000e+09,-9.006936522051884708e+01
7.126040000000000000e+09,-8.996572824589490835e+01
7.126105000000000000e+09,-8.990134532962994740e+01
7.126170000000000000e+09,-9.009550080417494655e+01
7.126235000000000000e+09,-9.008199103765748816e+01
7.126300000000000000e+09,-9.015204167367969035e+01
7.126365000000000000e+09,-8.989798588515165534e+01
7.126430000000000000e+09,-9.011737777045830455e+01
7.126495000000000000e+09,-9.010002819963452225e+01
7.126560000000000000e+09,-9.000774836274092650e+01
7.126625000000000000e+09,-8.996783219445066493e+01
7.126690000000000000e+09,-8.986229656463063975e+01
7.126755000000000000e+09,-9.001351147982683187e+01
7.126820000000000000e+09,-8.997221828283697675e+01
7.126885000000000000e+09,-8.997230589040088944e+01
7.126950000000000000e+09,-9.001768438402271499e+01
7.127015000000000000e+09,-8.989423475224823790e+01
7.127080000000000000e+09,-9.009581535488266013e+01
7.127145000000000000e+09,-8.993236187412982474e+01
7.127210000000000000e+09,-9.006767605430485446e+01
7.127275000000000000e+09,-9.012483283760680308e+01
7.127340000000000000e+09,-9.011305188898816709e+01
7.127405000000000000e+09,-9.013316938550698865e+01
7.127470000000000000e+09,-8.999744397258083950e+01
7.127535000000000000e+09,-8.990495964793339567e+01
7.127600000000000000e+09,-9.003623617982333371e+01
7.127665000000000000e+09,-8.984879363915555928e+01
7.127730000000000000e+09,-8.999636041992836510e+01
7.127795000000000000e+09,-8.994950242094118664e+01
7.127860000000000000e+09,-9.013372582783284770e+01
7.127925000000000000e+09,-8.993462277783220316e+01
7.127990000000000000e+09,-8.989263326601434301e+01
7.128055000000000000e+09,-8.990474736033246472e+01
7.128120000000000000e+09,-8.986439746988621380e+01
7.128185000000000000e+09,-9.000985046219298624e+01
7.128250000000000000e+09,-9.000114403034365296e+01
7.128315000000000000e+09,-9.003008508014144695e+01
7.128380000000000000e+09,-8.995289715709785128e+01
7.128445000000000000e+09,-9.005826686203516829e+01
7.128510000000000000e+09,-9.007406199546288406e+01
7.128575000000000000e+09,-8.983895530689818543e+01
7.128640000000000000e+09,-9.015695034836907951e+01
7.128705000000000000e+09,-9.011349122618682372e+01
7.128770000000000000e+09,-8.982997485596044385e+01
7.128835000000000000e+09,-8.999513134388035951e+01
7.128900000000000000e+09,-9.017340547565748921e+01
7.128965000000000000e+09,-8.997157166520241844e+01
7.129030000000000000e+09,-8.988345245008936502e+01
7.129095000000000000e+09,-8.993591836578767129e+01
7.129160000000000000e+09,-9.004431761385262689e+01
7.129225000000000000e+09,-8.985741369134609613e+01
7.129290000000000000e+09,-8.998456537332140215e+01
7.129355000000000000e+09,-9.005576263329288622e+01
7.129420000000000000e+09,-9.013761767163009608e+01
7.129485000000000000e+09,-8.997117058428885628e+01
7.129550000000000000e+09,-9.022557725215938262e+01
7.129615000000000000e+09,-8.977126289964998307e+01
7.129680000000000000e+09,-8.990586882922740131e+01
7.129745000000000000e+09,-9.002728191357164178e+01
7.129810000000000000e+09,-8.978750414510261635e+01
7.129875000000000000e+09,-9.015829169262178766e+01
7.129940000000000000e+09,-9.005082803431602656e+01
7.130005000000000000e+09,-9.002316815423206720e+01
7.130070000000000000e+09,-8.997420081523428337e+01
7.130135000000000000e+09,-9.004784862118027888e+01
7.130200000000000000e+09,-8.989156025105920378e+01
7.130265000000000000e+09,-8.989893756124985202e+01
7.130330000000000000e+09,-9.007818653227998595e+01
7.130395000000000000e+09,-8.997016505066092407e+01
7.130460000000000000e+09,-8.995112113576489321e+01
7.130525000000000000e+09,-8.999967633741930229e+01
7.130590000000000000e+09,-8.997922071670336663e+01
7.130655000000000000e+09,-8.995801763672719176e+01
7.130720000000000000e+09,-8.999679497571632680e+01
7.130785000000000000e+09,-8.976646240569704105e+01
7.130850000000000000e+09,-9.008920742188129793e+01
7.130915000000000000e+09,-8.987826423473759974e+01
7.130980000000000000e+09,-8.996712114025322649e+01
7.131045000000000000e+09,-8.964217934661712661e+01
7.131110000000000000e+09,-8.988061048850313739e+01
7.131175000000000000e+09,-9.005121679178928673e+01
7.131240000000000000e+09,-8.983245193546218843e+01
7.131305000000000000e+09,-8.994213815354250130e+01
7.131370000000000000e+09,-8.993043470848749621e+01
7.131435000000000000e+09,-8.987425318556766740e+01
7.131500000000000000e+09,-9.015346943165413052e+01
7.131565000000000000e+09,-9.013810980598896094e+01
7.131630000000000000e+09,-9.001720421135365768e+01
7.131695000000000000e+09,-8.992227790890092365e+01
7.131760000000000000e+09,-9.001431773284870985e+01
7.131825000000000000e+09,-8.999794746791775424e+01
7.131890000000000000e+09,-9.004131172502266622e+01
7.131955000000000000e+09,-8.991775766741048415e+01
7.132020000000000000e+09,-8.998081222641766885e+01
7.132085000000000000e+09,-9.008968052618349986e+01
7.132150000000000000e+09,-9.013351589580372547e+01
7.132215000000000000e+09,-8.990417547205586857e+01
7.132280000000000000e+09,-8.995163863402072479e+01
7.132345000000000000e+09,-8.997533776452723941e+01
7.132410000000000000e+09,-8.995049947327657947e+01
7.132475000000000000e+09,-8.989892566284920861e+01
7.132540000000000000e+09,-8.988523097149830221e+01
7.132605000000000000e+09,-8.991160386893983514e+01
7.132670000000000000e+09,-9.007179369576132899e+01
7.132735000000000000e+09,-8.999567529166149882e+01
7.132800000000000000e+09,-8.971226044117288723e+01
7.132865000000000000e+09,-9.006935382585167815e+01
7.132930000000000000e+09,-9.004980327888469560e+01
7.132995000000000000e+09,-8.983510402862586375e+01
7.133060000000000000e+09,-8.996599367260444069e+01
7.133125000000000000e+09,-8.994154150775558776e+01
7.133190000000000000e+09,-8.971094102911285972e+01
7.133255000000000000e+09,-8.973870219305966600e+01
7.133320000000000000e+09,-8.985172816021031394e+01
7.133385000000000000e+09,-8.989717087881635393e+01
7.133450000000000000e+09,-9.006483459878353415e+01
7.133515000000000000e+09,-8.996874652342728496e+01
7.133580000000000000e+09,-8.991290491446351041e+01
7.133645000000000000e+09,-8.993960590464284621e+01
7.133710000000000000e+09,-8.972092181873688332e+01
7.133775000000000000e+09,-8.980070935585476377e+01
7.133840000000000000e+09,-8.999572864620630241e+01
7.133905000000000000e+09,-8.982757403398784390e+01
7.133970000000000000e+09,-8.998165973437762943e+01
7.134035000000000000e+09,-9.007628095293111414e+01
7.134100000000000000e+09,-8.989779367438387681e+01
7.134165000000000000e+09,-9.005859993826229015e+01
7.134230000000000000e+09,-8.988053217270901030e+01
7.134295000000000000e+09,-8.983395788317682218e+01
7.134360000000000000e+09,-8.974235128228610847e+01
7.134425000000000000e+09,-8.982487132061447710e+01
7.134490000000000000e+09,-8.982827948632434811e+01
7.134555000000000000e+09,-8.973916150043827145e+01
7.134620000000000000e+09,-8.996535120419686393e+01
7.134685000000000000e+09,-8.984313052960206392e+01
7.134750000000000000e+09,-8.986490746937768392e+01
7.134815000000000000e+09,-8.988462272859023017e+01
7.134880000000000000e+09,-8.982635255599777224e+01
7.134945000000000000e+09,-8.992961498624418937e+01
7.135010000000000000e+09,-8.975592632435107987e+01
7.135075000000000000e+09,-8.984667068424724334e+01
7.135140000000000000e+09,-8.985211525580581338e+01
7.135205000000000000e+09,-8.972443774846404096e+01
7.135270000000000000e+09,-9.001449145819728415e+01
7.135335000000000000e+09,-8.975536936182157888e+01
7.135400000000000000e+09,-8.972554811272763686e+01
7.135465000000000000e+09,-8.983988152175918174e+01
7.135530000000000000e+09,-8.998136459775813023e+01
7.135595000000000000e+09,-8.978047377223914793e+01
7.135660000000000000e+09,-8.981139891369473105e+01
7.135725000000000000e+09,-8.995817981034980448e+01
7.135790000000000000e+09,-8.979896748844839749e+01
7.135855000000000000e+09,-8.995093368467078676e+01
7.135920000000000000e+09,-8.982015109069381253e+01
7.135985000000000000e+09,-8.987640501728202480e+01
7.136050000000000000e+09,-8.978127305354053078e+01
7.136115000000000000e+09,-9.004780739376455756e+01
7.136180000000000000e+09,-8.999605503435307696e+01
7.136245000000000000e+09,-8.963637232365707064e+01
7.136310000000000000e+09,-8.997863369470942985e+01
7.136375000000000000e+09,-8.996515589493071730e+01
7.136440000000000000e+09,-8.986370771576601157e+01
7.136505000000000000e+09,-8.990626795880552891e+01
7.136570000000000000e+09,-8.988796824034062638e+01
7.136635000000000000e+09,-8.987313939121699491e+01
7.136700000000000000e+09,-8.999037722055049926e+01
7.136765000000000000e+09,-8.986408948273323460e+01
7.136830000000000000e+09,-8.984721173260825822e+01
7.136895000000000000e+09,-8.964811233470118168e+01
7.136960000000000000e+09,-8.991539262807478394e+01
7.137025000000000000e+09,-8.991841583500713853e+01
7.137090000000000000e+09,-9.002866692799982218e+01
7.137155000000000000e+09,-8.999109040922705560e+01
7.137220000000000000e+09,-8.990674668114419887e+01
7.137285000000000000e+09,-9.012320329836015276e+01
7.137350000000000000e+09,-8.979388378388308922e+01
7.137415000000000000e+09,-8.994931395209256664e+01
7.137480000000000000e+09,-8.990358687310822461e+01
7.137545000000000000e+09,-8.995295372376099863e+01
7.137610000000000000e+09,-8.991602085425321889e+01
7.137675000000000000e+09,-8.986435219190867940e+01
7.137740000000000000e+09,-9.001951546590397868e+01
7.137805000000000000e+09,-8.990814395161547168e+01
7.137870000000000000e+09,-8.992359742506636167e+01
7.137935000000000000e+09,-8.999579324133237890e+01
7.138000000000000000e+09,-8.978779920956984029e+01
7.138065000000000000e+09,-8.983836375891924320e+01
7.138130000000000000e+09,-8.983302149413619020e+01
7.138195000000000000e+09,-8.983755296862001671e+01
7.138260000000000000e+09,-8.981121709160217392e+01
7.138325000000000000e+09,-8.999897036568714270e+01
7.138390000000000000e+09,-9.000969553791138367e+01
7.138455000000000000e+09,-8.974832000647742802e+01
7.138520000000000000e+09,-9.002328187475345089e+01
7.138585000000000000e+09,-8.994217032603449979e+01
7.138650000000000000e+09,-8.987995331174040814e+01
7.138715000000000000e+09,-8.984303112962135174e+01
7.138780000000000000e+09,-8.985033948671740234e+01
7.138845000000000000e+09,-8.973122196214335133e+01
7.138910000000000000e+09,-9.002672065935470869e+01
7.138975000000000000e+09,-8.990979971507945834e+01
7.139040000000000000e+09,-8.973049111911848286e+01
7.139105000000000000e+09,-8.980056689305646955e+01
7.139170000000000000e+09,-8.986795684186142807e+01
7.139235000000000000e+09,-8.992084726089913715e+01
7.139300000000000000e+09,-8.983953649679813225e+01
7.139365000000000000e+09,-8.985085757538098505e+01
7.139430000000000000e+09,-8.984688687674994867e+01
7.139495000000000000e+09,-8.976640761056815165e+01
7.139560000000000000e+09,-8.978077170826080078e+01
7.139625000000000000e+09,-9.004485305101098902e+01
7.139690000000000000e+09,-8.997652802450141962e+01
7.139755000000000000e+09,-8.975647914062435007e+01
7.139820000000000000e+09,-8.996218542174796085e+01
7.139885000000000000e+09,-8.981248343618538854e+01
7.139950000000000000e+09,-8.990378816923546879e+01
7.140015000000000000e+09,-8.987603806772867188e+01
7.140080000000000000e+09,-8.985124739020841389e+01
7.140145000000000000e+09,-8.990165772497795160e+01
7.140210000000000000e+09,-8.982832759039440873e+01
7.140275000000000000e+09,-8.982676692698943555e+01
7.140340000000000000e+09,-8.986724061940654451e+01
7.140405000000000000e+09,-9.013680216520336330e+01
7.140470000000000000e+09,-8.986217486451252512e+01
7.140535000000000000e+09,-9.007907450286943174e+01
7.140600000000000000e+09,-8.973580643462693729e+01
7.140665000000000000e+09,-8.981636471431981761e+01
7.140730000000000000e+09,-8.987229925228143657e+01
7.140795000000000000e+09,-8.996470453912822052e+01
7.140860000000000000e+09,-8.976280944512851079e+01
7.140925000000000000e+09,-8.993924028411159100e+01
7.140990000000000000e+09,-8.978806099248616590e+01
7.141055000000000000e+09,-8.998809851682028693e+01
7.141120000000000000e+09,-8.993594734489533948e+01
7.141185000000000000e+09,-9.005174152178267377e+01
7.141250000000000000e+09,-8.976673058529428317e+01
7.141315000000000000e+09,-9.010785296646814402e+01
7.141380000000000000e+09,-8.981314612433283173e+01
7.141445000000000000e+09,-9.001888946952163906e+01
7.141510000000000000e+09,-8.980776300233804932e+01
7.141575000000000000e+09,-9.001519180315121105e+01
7.141640000000000000e+09,-8.983627163600765186e+01
7.141705000000000000e+09,-8.992421732198477002e+01
7.141770000000000000e+09,-8.982049434623689876e+01
7.141835000000000000e+09,-8.986273371926513676e+01
7.141900000000000000e+09,-8.991955951557721960e+01
7.141965000000000000e+09,-8.988421130924989200e+01
7.142030000000000000e+09,-8.999132959982142665e+01
7.142095000000000000e+09,-8.998831867016947683e+01
7.142160000000000000e+09,-8.979675338380381788e+01
7.142225000000000000e+09,-8.999912936508900430e+01
7.142290000000000000e+09,-9.000021879474297748e+01
7.142355000000000000e+09,-8.970265578521973282e+01
7.142420000000000000e+09,-8.985147412525503796e+01
7.142485000000000000e+09,-8.987007996840888779e+01
7.142550000000000000e+09,-8.984029887807848525e+01
7.142615000000000000e+09,-8.972465192084166574e+01
7.142680000000000000e+09,-8.984954120940324174e+01
7.142745000000000000e+09,-8.991113086102615171e+01
7.142810000000000000e+09,-8.968404292326434302e+01
7.142875000000000000e+09,-8.967047573395927884e+01
7.142940000000000000e+09,-8.997135190595733434e+01
7.143005000000000000e+09,-8.988770854444160818e+01
7.143070000000000000e+09,-8.994273750181896787e+01
7.143135000000000000e+09,-8.968949954192007112e+01
7.143200000000000000e+09,-8.997144680594182375e+01
7.143265000000000000e+09,-8.997651508088040373e+01
7.143330000000000000e+09,-8.977657013869310276e+01
7.143395000000000000e+09,-8.992772396498905607e+01
7.143460000000000000e+09,-8.992384331798952246e+01
7.143525000000000000e+09,-8.986162078576273871e+01
7.143590000000000000e+09,-9.002128340242717286e+01
7.143655000000000000e+09,-8.993848597260108590e+01
7.143720000000000000e+09,-8.974657269145966154e+01
7.143785000000000000e+09,-8.979613670471638898e+01
7.143850000000000000e+09,-8.989490771548005910e+01
7.143915000000000000e+09,-8.994778670878523030e+01
7.143980000000000000e+09,-8.992107897871051136e+01
7.144045000000000000e+09,-8.983187746788836137e+01
7.144110000000000000e+09,-9.002321959687682806e+01
7.144175000000000000e+09,-9.000442486111332130e+01
7.144240000000000000e+09,-8.967436771733163425e+01
7.144305000000000000e+09,-9.006810908006053751e+01
7.144370000000000000e+09,-8.977703273678018547e+01
7.144435000000000000e+09,-8.990335233369755485e+01
7.144500000000000000e+09,-8.980547726770721795e+01
7.144565000000000000e+09,-8.989333989497269783e+01
7.144630000000000000e+09,-9.005572658473585079e+01
7.144695000000000000e+09,-8.966962043880478461e+01
7.144760000000000000e+09,-8.993430517813777669e+01
7.144825000000000000e+09,-8.990477309808071027e+01
7.144890000000000000e+09,-8.999125876172335836e+01
7.144955000000000000e+09,-8.974536450168051260e+01
7.145020000000000000e+09,-8.984527107823610947e+01
7.145085000000000000e+09,-8.999972560217847217e+01
7.145150000000000000e+09,-9.009958435759700990e+01
7.145215000000000000e+09,-8.993837053144231675e+01
7.145280000000000000e+09,-8.991675308361627117e+01
7.145345000000000000e+09,-8.975193163532027540e+01
7.145410000000000000e+09,-8.991016436791262834e+01
7.145475000000000000e+09,-8.988693296818112799e+01
7.145540000000000000e+09,-8.983893350838300762e+01
7.145605000000000000e+09,-8.973269657494034846e+01
7.145670000000000000e+09,-8.985431557346247189e+01
7.145735000000000000e+09,-8.991876687782378497e+01
7.145800000000000000e+09,-8.999678385294100735e+01
7.145865000000000000e+09,-9.011347568940630026e+01
7.145930000000000000e+09,-8.992423377257976824e+01
7.145995000000000000e+09,-8.991659074517166061e+01
7.146060000000000000e+09,-8.971785378659460264e+01
7.146125000000000000e+09,-8.987631588895168022e+01
7.146190000000000000e+09,-9.018732131878751090e+01
7.146255000000000000e+09,-8.976368111321376375e+01
7.146320000000000000e+09,-8.979171906591821539e+01
7.146385000000000000e+09,-8.977016086222511149e+01
7.146450000000000000e+09,-8.989325230931979149e+01
7.146515000000000000e+09,-8.982116795503594631e+01
7.146580000000000000e+09,-8.995299065338954847e+01
7.146645000000000000e+09,-8.986814322223450802e+01
7.146710000000000000e+09,-8.985770290509196911e+01
7.146775000000000000e+09,-8.983286782279373028e+01
7.146840000000000000e+09,-8.998725051477563852e+01
7.146905000000000000e+09,-9.008464545016407499e+01
7.146970000000000000e+09,-8.986017455608468651e+01
7.147035000000000000e+09,-8.988790082211743027e+01
7.147100000000000000e+09,-8.993407899605634270e+01
7.147165000000000000e+09,-9.001917940253163408e+01
7.147230000000000000e+09,-9.004470231073356956e+01
7.147295000000000000e+09,-8.980122767984843790e+01
7.147360000000000000e+09,-8.980797352902666830e+01
7.147425000000000000e+09,-8.997182752153308627e+01
7.147490000000000000e+09,-8.999416754151769737e+01
7.147555000000000000e+09,-9.011619878272614415e+01
7.147620000000000000e+09,-8.995225587694736191e+01
7.147685000000000000e+09,-8.995784334091817414e+01
7.147750000000000000e+09,-9.001522024658244447e+01
7.147815000000000000e+09,-8.989968350954330845e+01
7.147880000000000000e+09,-9.004965561712587885e+01
7.147945000000000000e+09,-8.992062128810817967e+01
7.148010000000000000e+09,-9.006439966199721425e+01
7.148075000000000000e+09,-9.029854127785381479e+01
7.148140000000000000e+09,-9.016448502428832512e+01
7.148205000000000000e+09,-9.004649133491538748e+01
7.148270000000000000e+09,-9.032479608369899893e+01
7.148335000000000000e+09,-9.007441566973136560e+01
7.148400000000000000e+09,-9.034103691669271541e+01
7.148465000000000000e+09,-9.040229057196728490e+01
7.148530000000000000e+09,-9.064968339284872911e+01
7.148595000000000000e+09,-9.064593282796221274e+01
7.148660000000000000e+09,-9.080145276091863593e+01
7.148725000000000000e+09,-9.124173941694752443e+01
7.148790000000000000e+09,-9.279034203043491402e+01
7.148855000000000000e+09,-9.192536836558863911e+01
7.148920000000000000e+09,-9.089231328922586783e+01
7.148985000000000000e+09,-9.027367704545324045e+01
7.149050000000000000e+09,-9.009726761659423744e+01
7.149115000000000000e+09,-8.991601184521059054e+01
7.149180000000000000e+09,-8.991655946368322816e+01
7.149245000000000000e+09,-8.993448994283177456e+01
7.149310000000000000e+09,-8.985014870825816047e+01
7.149375000000000000e+09,-8.976617224051368282e+01
7.149440000000000000e+09,-8.995616263163495319e+01
7.149505000000000000e+09,-8.991808581984513182e+01
7.149570000000000000e+09,-8.997256449682996049e+01
7.149635000000000000e+09,-8.952383126897559862e+01
7.149700000000000000e+09,-8.984108002609231391e+01
7.149765000000000000e+09,-9.001625105298514029e+01
7.149830000000000000e+09,-8.989538959814693442e+01
7.149895000000000000e+09,-8.987195151351403410e+01
7.149960000000000000e+09,-8.969980317556120042e+01
7.150025000000000000e+09,-8.969575826565380794e+01
7.150090000000000000e+09,-8.959547690213133819e+01
7.150155000000000000e+09,-8.995674907670772313e+01
7.150220000000000000e+09,-8.985600185540995710e+01
7.150285000000000000e+09,-8.989830038824172220e+01
7.150350000000000000e+09,-8.998626480290214147e+01
7.150415000000000000e+09,-8.991644706602335191e+01
7.150480000000000000e+09,-8.984861685153104816e+01
7.150545000000000000e+09,-8.993618599046924089e+01
7.150610000000000000e+09,-8.990697786412133041e+01
7.150675000000000000e+09,-8.984976229259322622e+01
7.150740000000000000e+09,-8.975519799160747425e+01
7.150805000000000000e+09,-8.996573111741392381e+01
7.150870000000000000e+09,-9.002942905265362583e+01
7.150935000000000000e+09,-8.963961146527981327e+01
7.151000000000000000e+09,-8.976954925021146892e+01
7.151065000000000000e+09,-8.985478717367195145e+01
7.151130000000000000e+09,-8.980499945588127275e+01
7.151195000000000000e+09,-8.989859577061568530e+01
7.151260000000000000e+09,-8.979525252630695320e+01
7.151325000000000000e+09,-8.997335436239795570e+01
7.151390000000000000e+09,-8.990183808777672425e+01
7.151455000000000000e+09,-8.982351046061864963e+01
7.151520000000000000e+09,-8.974407971934256523e+01
7.151585000000000000e+09,-8.986474011449713828e+01
7.151650000000000000e+09,-8.981235790287854570e+01
7.151715000000000000e+09,-8.995869876739354254e+01
7.151780000000000000e+09,-8.987261405782967927e+01
7.151845000000000000e+09,-8.988376204980707485e+01
7.151910000000000000e+09,-8.983815590075154489e+01
7.151975000000000000e+09,-8.990463229938112022e+01
7.152040000000000000e+09,-8.976312586200722876e+01
7.152105000000000000e+09,-8.977306200910138045e+01
7.152170000000000000e+09,-8.977476764416431365e+01
7.152235000000000000e+09,-8.979466534258259003e+01
7.152300000000000000e+09,-8.970094353287896638e+01
7.152365000000000000e+09,-8.951176711213423687e+01
7.152430000000000000e+09,-8.992195001896578788e+01
7.152495000000000000e+09,-8.968496917415228609e+01
7.152560000000000000e+09,-8.983995280267890848e+01
7.152625000000000000e+09,-8.979239246478945802e+01
7.152690000000000000e+09,-8.994268997619251138e+01
7.152755000000000000e+09,-9.003140836735954622e+01
7.152820000000000000e+09,-8.981150842173617832e+01
7.152885000000000000e+09,-8.978703397176477097e+01
7.152950000000000000e+09,-8.973477569695307920e+01
7.153015000000000000e+09,-8.973715658541209450e+01
7.153080000000000000e+09,-8.981377946716945360e+01
7.153145000000000000e+09,-8.981702292893666595e+01
7.153210000000000000e+09,-8.995362663899690858e+01
7.153275000000000000e+09,-9.000552518708181537e+01
7.153340000000000000e+09,-8.986298462158845268e+01
7.153405000000000000e+09,-8.966144532935253153e+01
7.153470000000000000e+09,-8.962257139329705069e+01
7.153535000000000000e+09,-8.979932713383277587e+01
7.153600000000000000e+09,-8.985030843331584549e+01
7.153665000000000000e+09,-8.960593168024422539e+01
7.153730000000000000e+09,-8.977307625536256808e+01
7.153795000000000000e+09,-8.981206417439550194e+01
7.153860000000000000e+09,-8.972793047699872204e+01
7.153925000000000000e+09,-8.964845580070372932e+01
7.153990000000000000e+09,-8.990208247816907772e+01
7.154055000000000000e+09,-8.973715896959548388e+01
7.154120000000000000e+09,-8.980360411691584943e+01
7.154185000000000000e+09,-8.978699350343028129e+01
7.154250000000000000e+09,-8.980744098581388357e+01
7.154315000000000000e+09,-8.984819113980000793e+01
7.154380000000000000e+09,-8.987220302155847662e+01
7.154445000000000000e+09,-8.971978845426635019e+01
7.154510000000000000e+09,-8.973292928494802823e+01
7.154575000000000000e+09,-8.975857274926673313e+01
7.154640000000000000e+09,-8.990424279395568874e+01
7.154705000000000000e+09,-8.995267127304261123e+01
7.154770000000000000e+09,-8.981311685110496512e+01
7.154835000000000000e+09,-9.002312846317209960e+01
7.154900000000000000e+09,-8.993805329199899745e+01
7.154965000000000000e+09,-8.976791703380472143e+01
7.155030000000000000e+09,-8.968123681736037156e+01
7.155095000000000000e+09,-8.972387463076726988e+01
7.155160000000000000e+09,-8.990716357020174598e+01
7.155225000000000000e+09,-8.982912964696396330e+01
7.155290000000000000e+09,-8.991457852878718882e+01
7.155355000000000000e+09,-8.969690132846119468e+01
7.155420000000000000e+09,-8.973626217677450256e+01
7.155485000000000000e+09,-8.970486592844233087e+01
7.155550000000000000e+09,-8.986501210191512712e+01
7.155615000000000000e+09,-8.984007450211561263e+01
7.155680000000000000e+09,-8.978110467797192484e+01
7.155745000000000000e+09,-8.992757907065909251e+01
7.155810000000000000e+09,-8.990671391396217871e+01
7.155875000000000000e+09,-8.985247915833845411e+01
7.155940000000000000e+09,-8.974217003579781249e+01
7.156005000000000000e+09,-8.966751768684022750e+01
7.156070000000000000e+09,-8.982822598657790536e+01
7.156135000000000000e+09,-8.965829024869181296e+01
7.156200000000000000e+09,-8.983741630601525685e+01
7.156265000000000000e+09,-8.977634941157714366e+01
7.156330000000000000e+09,-8.972168315235202840e+01
7.156395000000000000e+09,-8.978385215214031234e+01
7.156460000000000000e+09,-8.974972730881384564e+01
7.156525000000000000e+09,-9.006481088357170961e+01
7.156590000000000000e+09,-9.007062711687785850e+01
7.156655000000000000e+09,-8.994490041374307054e+01
7.156720000000000000e+09,-8.977877185191005083e+01
7.156785000000000000e+09,-8.973536345132579584e+01
7.156850000000000000e+09,-8.966950704360776570e+01
7.156915000000000000e+09,-9.001874769129264564e+01
7.156980000000000000e+09,-9.003238430900202616e+01
7.157045000000000000e+09,-9.005924288851301185e+01
7.157110000000000000e+09,-8.978303112473369652e+01
7.157175000000000000e+09,-8.993908756505688018e+01
7.157240000000000000e+09,-8.966442185043705138e+01
7.157305000000000000e+09,-8.987195085913661785e+01
7.157370000000000000e+09,-8.973718507952121115e+01
7.157435000000000000e+09,-8.964254828611436210e+01
7.157500000000000000e+09,-8.974931646399498675e+01
7.157565000000000000e+09,-8.995834471273381894e+01
7.157630000000000000e+09,-8.982329723419618972e+01
7.157695000000000000e+09,-8.992259294658309443e+01
7.157760000000000000e+09,-8.994347122218088941e+01
7.157825000000000000e+09,-8.982930739818351640e+01
7.157890000000000000e+09,-8.985292112054071367e+01
7.157955000000000000e+09,-8.987907150742904605e+01
7.158020000000000000e+09,-9.010211957866056309e+01
7.158085000000000000e+09,-8.955343584635356535e+01
7.158150000000000000e+09,-8.992236309463386590e+01
7.158215000000000000e+09,-8.979528213905291523e+01
7.158280000000000000e+09,-9.010127620376509583e+01
7.158345000000000000e+09,-8.990818726056703269e+01
7.158410000000000000e+09,-8.992320350161138265e+01
7.158475000000000000e+09,-8.995344870610793464e+01
7.158540000000000000e+09,-8.979864823737554502e+01
7.158605000000000000e+09,-8.994238358651820420e+01
7.158670000000000000e+09,-8.984419686096899227e+01
7.158735000000000000e+09,-8.984438717239680727e+01
7.158800000000000000e+09,-8.988400387547301307e+01
7.158865000000000000e+09,-9.002145208335673487e+01
7.158930000000000000e+09,-9.005374677468478239e+01
7.158995000000000000e+09,-8.984762394785417428e+01
7.159060000000000000e+09,-8.989713433941528820e+01
7.159125000000000000e+09,-8.987831546547508310e+01
7.159190000000000000e+09,-9.007563035826622411e+01
7.159255000000000000e+09,-8.988234458091667989e+01
7.159320000000000000e+09,-8.982631828079101410e+01
7.159385000000000000e+09,-8.990095810724159264e+01
7.159450000000000000e+09,-8.985967536243207121e+01
7.159515000000000000e+09,-8.994937870208707409e+01
7.159580000000000000e+09,-8.986096849899152517e+01
7.159645000000000000e+09,-8.994761363906545171e+01
7.159710000000000000e+09,-8.999516921687528281e+01
7.159775000000000000e+09,-8.994451460916766905e+01
7.159840000000000000e+09,-8.987720482913766773e+01
7.159905000000000000e+09,-9.021428002047750283e+01
7.159970000000000000e+09,-8.994420111574000032e+01
7.160035000000000000e+09,-8.997896710279094634e+01
7.160100000000000000e+09,-8.976282041437235648e+01
7.160165000000000000e+09,-8.977948476636356645e+01
7.160230000000000000e+09,-8.967989704663439454e+01
7.160295000000000000e+09,-8.978904437884156664e+01
7.160360000000000000e+09,-8.994050065012110906e+01
7.160425000000000000e+09,-8.997257435280538118e+01
7.160490000000000000e+09,-8.989587255306334157e+01
7.160555000000000000e+09,-8.989104018162140619e+01
7.160620000000000000e+09,-9.009474649735682306e+01
7.160685000000000000e+09,-8.978527408723732606e+01
7.160750000000000000e+09,-8.982203550035960404e+01
7.160815000000000000e+09,-8.999116664513309161e+01
7.160880000000000000e+09,-9.005135563542580712e+01
7.160945000000000000e+09,-9.003311038444692826e+01
7.161010000000000000e+09,-8.993160614767117522e+01
7.161075000000000000e+09,-8.994123825588073373e+01
7.161140000000000000e+09,-9.006009122766066355e+01
7.161205000000000000e+09,-8.994067908770040276e+01
7.161270000000000000e+09,-9.009504928249923239e+01
7.161335000000000000e+09,-8.991034367677778505e+01
7.161400000000000000e+09,-8.990077514009871607e+01
7.161465000000000000e+09,-9.015736446796260850e+01
7.161530000000000000e+09,-8.991079917085669138e+01
7.161595000000000000e+09,-8.993779078791412473e+01
7.161660000000000000e+09,-8.980303685987189510e+01
7.161725000000000000e+09,-9.024782972428560868e+01
7.161790000000000000e+09,-8.985404663210042031e+01
7.161855000000000000e+09,-8.990234331872059670e+01
7.161920000000000000e+09,-9.015987397864935815e+01
7.161985000000000000e+09,-9.010651480834252425e+01
7.162050000000000000e+09,-8.988500311816424926e+01
7.162115000000000000e+09,-9.001412562637841575e+01
7.162180000000000000e+09,-9.009983195062490324e+01
7.162245000000000000e+09,-9.005650908175304892e+01
7.162310000000000000e+09,-8.991075788965979143e+01
7.162375000000000000e+09,-9.016523135342465878e+01
7.162440000000000000e+09,-9.004369099587420067e+01
7.162505000000000000e+09,-8.995811668774344128e+01
7.162570000000000000e+09,-8.998197875580802929e+01
7.162635000000000000e+09,-9.008910971046141469e+01
7.162700000000000000e+09,-9.010299313638685703e+01
7.162765000000000000e+09,-8.996214151808450765e+01
7.162830000000000000e+09,-8.991184909568886496e+01
7.162895000000000000e+09,-8.992742198387989561e+01
7.162960000000000000e+09,-8.985136122050349172e+01
7.163025000000000000e+09,-9.014129623519609424e+01
7.163090000000000000e+09,-9.006276646713116918e+01
7.163155000000000000e+09,-9.008128630062147124e+01
7.163220000000000000e+09,-8.970561747881217229e+01
7.163285000000000000e+09,-8.996008972239818036e+01
7.163350000000000000e+09,-9.006636143217819779e+01
7.163415000000000000e+09,-9.011284197185065636e+01
7.163480000000000000e+09,-8.984432862194906022e+01
7.163545000000000000e+09,-8.989764973889988653e+01
7.163610000000000000e+09,-8.987907702109208685e+01
7.163675000000000000e+09,-8.990947980338373213e+01
7.163740000000000000e+09,-8.995804271553760145e+01
7.163805000000000000e+09,-9.001510690924726532e+01
7.163870000000000000e+09,-8.991786466671825906e+01
7.163935000000000000e+09,-8.988202298959306802e+01
7.164000000000000000e+09,-8.990270323378581452e+01
7.164065000000000000e+09,-8.993390833219683600e+01
7.164130000000000000e+09,-9.007383147633785825e+01
7.164195000000000000e+09,-8.986225777447563701e+01
7.164260000000000000e+09,-9.032969604774558547e+01
7.164325000000000000e+09,-9.017549963169985006e+01
7.164390000000000000e+09,-9.010467656558348892e+01
7.164455000000000000e+09,-9.003771463389695384e+01
7.164520000000000000e+09,-9.010779030373741705e+01
7.164585000000000000e+09,-8.989244329460635186e+01
7.164650000000000000e+09,-9.011498997328578753e+01
7.164715000000000000e+09,-8.997940061635367215e+01
7.164780000000000000e+09,-9.014386371499287520e+01
7.164845000000000000e+09,-9.008441372591661889e+01
7.164910000000000000e+09,-9.002068207090269425e+01
7.164975000000000000e+09,-9.022251983938795661e+01
7.165040000000000000e+09,-9.013824213003218233e+01
7.165105000000000000e+09,-8.991040892529242967e+01
7.165170000000000000e+09,-9.009032838015139077e+01
7.165235000000000000e+09,-8.992635656475947314e+01
7.165300000000000000e+09,-8.996288954225663304e+01
7.165365000000000000e+09,-9.030069662033309896e+01
7.165430000000000000e+09,-8.998729060255681134e+01
7.165495000000000000e+09,-9.020863179359615458e+01
7.165560000000000000e+09,-9.006522312614059445e+01
7.165625000000000000e+09,-9.000154610495278007e+01
7.165690000000000000e+09,-9.005782050960436891e+01
7.165755000000000000e+09,-9.000195586145871118e+01
7.165820000000000000e+09,-8.990716344927356829e+01
7.165885000000000000e+09,-8.999329643926223810e+01
7.165950000000000000e+09,-9.016023934582803179e+01
7.166015000000000000e+09,-9.014286422298340540e+01
7.166080000000000000e+09,-8.988753273160446611e+01
7.166145000000000000e+09,-9.015993947007457621e+01
7.166210000000000000e+09,-9.013374496193870300e+01
7.166275000000000000e+09,-9.007477983754304773e+01
7.166340000000000000e+09,-9.009300834551721948e+01
7.166405000000000000e+09,-9.001699394164704415e+01
7.166470000000000000e+09,-8.985572331921144951e+01
7.166535000000000000e+09,-8.996832691127762871e+01
7.166600000000000000e+09,-8.999461443364567970e+01
7.166665000000000000e+09,-8.998178541910588990e+01
7.166730000000000000e+09,-8.996077251277624498e+01
7.166795000000000000e+09,-9.000737389887058271e+01
7.166860000000000000e+09,-9.012748053284366279e+01
7.166925000000000000e+09,-8.999411888443330554e+01
7.166990000000000000e+09,-9.016940709894416273e+01
7.167055000000000000e+09,-9.006264278908719234e+01
7.167120000000000000e+09,-8.998155821348976247e+01
7.167185000000000000e+09,-8.980376289632546616e+01
7.167250000000000000e+09,-9.011122634593075986e+01
7.167315000000000000e+09,-9.013940266780349475e+01
7.167380000000000000e+09,-9.015322349336810248e+01
7.167445000000000000e+09,-9.023989991499591667e+01
7.167510000000000000e+09,-9.019365522227684551e+01
7.167575000000000000e+09,-8.984143651977674949e+01
7.167640000000000000e+09,-8.997725358538454543e+01
7.167705000000000000e+09,-9.018989490597886061e+01
7.167770000000000000e+09,-9.008645592474945829e+01
7.167835000000000000e+09,-9.006695834441876514e+01
7.167900000000000000e+09,-9.014884362066655399e+01
7.167965000000000000e+09,-9.012275635325133294e+01
7.168030000000000000e+09,-8.994749014154419342e+01
7.168095000000000000e+09,-8.993269800073059628e+01
7.168160000000000000e+09,-8.986616548233159563e+01
7.168225000000000000e+09,-9.021525054117310560e+01
7.168290000000000000e+09,-8.998067011401731463e+01
7.168355000000000000e+09,-9.000429400718377337e+01
7.168420000000000000e+09,-9.016256887119982366e+01
7.168485000000000000e+09,-8.996559513058141988e+01
7.168550000000000000e+09,-9.023788921090458359e+01
7.168615000000000000e+09,-9.012699781523070897e+01
7.168680000000000000e+09,-9.000275794667560092e+01
7.168745000000000000e+09,-8.994932462084649671e+01
7.168810000000000000e+09,-9.026591608081375284e+01
7.168875000000000000e+09,-9.020296143049235127e+01
7.168940000000000000e+09,-8.995911712152691564e+01
7.169005000000000000e+09,-8.990005504586363827e+01
7.169070000000000000e+09,-9.024504512089038144e+01
7.169135000000000000e+09,-9.017773067124785769e+01
7.169200000000000000e+09,-9.003205091000354798e+01
7.169265000000000000e+09,-9.002793544006098614e+01
7.169330000000000000e+09,-9.023670431251272817e+01
7.169395000000000000e+09,-8.994232645005450877e+01
7.169460000000000000e+09,-9.014360325233434423e+01
7.169525000000000000e+09,-9.013604432365406183e+01
7.169590000000000000e+09,-8.992150537851904346e+01
7.169655000000000000e+09,-9.003928756618408613e+01
7.169720000000000000e+09,-9.012785745026232576e+01
7.169785000000000000e+09,-9.007755931345843692e+01
7.169850000000000000e+09,-8.991377613872245433e+01
7.169915000000000000e+09,-9.019253476397055636e+01
7.169980000000000000e+09,-8.994973269366292357e+01
7.170045000000000000e+09,-9.009783308475734032e+01
7.170110000000000000e+09,-9.007693969582297200e+01
7.170175000000000000e+09,-9.013087055760533417e+01
7.170240000000000000e+09,-9.011256997826663451e+01
7.170305000000000000e+09,-8.994363769743739567e+01
7.170370000000000000e+09,-9.001345827641929986e+01
7.170435000000000000e+09,-9.016742351179129855e+01
7.170500000000000000e+09,-8.998836909296443309e+01
7.170565000000000000e+09,-8.999923231983174787e+01
7.170630000000000000e+09,-8.991302828250942980e+01
7.170695000000000000e+09,-9.016780531694283241e+01
7.170760000000000000e+09,-8.997910633798321101e+01
7.170825000000000000e+09,-8.991042091633025279e+01
7.170890000000000000e+09,-8.994106952042466219e+01
7.170955000000000000e+09,-9.024306836388259967e+01
7.171020000000000000e+09,-9.016789956278972795e+01
7.171085000000000000e+09,-8.991631483113042123e+01
7.171150000000000000e+09,-8.997203502652395457e+01
7.171215000000000000e+09,-9.016011591976857176e+01
7.171280000000000000e+09,-9.029632368702193901e+01
7.171345000000000000e+09,-9.001968783098475058e+01
7.171410000000000000e+09,-9.011846505445460309e+01
7.171475000000000000e+09,-9.002762290102972997e+01
7.171540000000000000e+09,-9.000315170831989064e+01
7.171605000000000000e+09,-8.994429328794271328e+01
7.171670000000000000e+09,-8.995686533503230464e+01
7.171735000000000000e+09,-8.998857786477920229e+01
7.171800000000000000e+09,-9.013473314070901665e+01
7.171865000000000000e+09,-9.008364023318286229e+01
7.171930000000000000e+09,-9.019359284943136856e+01
7.171995000000000000e+09,-8.989408927051067622e+01
7.172060000000000000e+09,-8.983398713935302737e+01
7.172125000000000000e+09,-9.012167794517651487e+01
7.172190000000000000e+09,-8.995574757478459560e+01
7.172255000000000000e+09,-9.020100493451678858e+01
7.172320000000000000e+09,-9.010001721057641078e+01
7.172385000000000000e+09,-8.998028682969874126e+01
7.172450000000000000e+09,-9.005287382573401089e+01
7.172515000000000000e+09,-9.002200579878412157e+01
7.172580000000000000e+09,-9.006562182370606706e+01
7.172645000000000000e+09,-8.992773143465244345e+01
7.172710000000000000e+09,-9.013193811022256341e+01
7.172775000000000000e+09,-9.010335035427885941e+01
7.172840000000000000e+09,-9.020214484942316346e+01
7.172905000000000000e+09,-8.999763115444034156e+01
7.172970000000000000e+09,-9.009541427111619782e+01
7.173035000000000000e+09,-9.009222488219735681e+01
7.173100000000000000e+09,-9.017483310864963642e+01
7.173165000000000000e+09,-9.010884936243373033e+01
7.173230000000000000e+09,-9.001769002442131296e+01
7.173295000000000000e+09,-9.014958128238974666e+01
7.173360000000000000e+09,-9.018182114523051496e+01
7.173425000000000000e+09,-9.002227526348508491e+01
7.173490000000000000e+09,-9.004761501653416644e+01
7.173555000000000000e+09,-9.009937653293835069e+01
7.173620000000000000e+09,-9.015641245555377736e+01
7.173685000000000000e+09,-8.997736614419571310e+01
7.173750000000000000e+09,-9.022926875430137272e+01
7.173815000000000000e+09,-9.015101108452083167e+01
7.173880000000000000e+09,-9.003889759312025376e+01
7.173945000000000000e+09,-9.020427686786796073e+01
7.174010000000000000e+09,-9.018875935003690358e+01
7.174075000000000000e+09,-9.006284151226041956e+01
7.174140000000000000e+09,-8.992180950844969800e+01
7.174205000000000000e+09,-8.996203248522294871e+01
7.174270000000000000e+09,-9.018789990217365471e+01
7.174335000000000000e+09,-8.994123607032017276e+01
7.174400000000000000e+09,-8.992961812072636008e+01
7.174465000000000000e+09,-9.001451900996258360e+01
7.174530000000000000e+09,-9.001320273221251966e+01
7.174595000000000000e+09,-8.993813689654942323e+01
7.174660000000000000e+09,-8.988571780083687202e+01
7.174725000000000000e+09,-9.014323987500742419e+01
7.174790000000000000e+09,-9.022014621179607730e+01
7.174855000000000000e+09,-8.993706022122816535e+01
7.174920000000000000e+09,-9.015294101636445134e+01
7.174985000000000000e+09,-9.031627513751202230e+01
7.175050000000000000e+09,-9.027943148413235974e+01
7.175115000000000000e+09,-9.001436254782377944e+01
7.175180000000000000e+09,-9.010628089288147180e+01
7.175245000000000000e+09,-8.983532913127275776e+01
7.175310000000000000e+09,-9.003139465681485376e+01
7.175375000000000000e+09,-8.998360906036003826e+01
7.175440000000000000e+09,-9.028541366807843360e+01
7.175505000000000000e+09,-9.008275547565375518e+01
7.175570000000000000e+09,-9.025789516399001400e+01
7.175635000000000000e+09,-8.999907901742291472e+01
7.175700000000000000e+09,-9.004619430100331101e+01
7.175765000000000000e+09,-9.007520999021795660e+01
7.175830000000000000e+09,-8.995978131666015543e+01
7.175895000000000000e+09,-9.004241656127091176e+01
7.175960000000000000e+09,-8.997279082942154105e+01
7.176025000000000000e+09,-9.021704039282323606e+01
7.176090000000000000e+09,-9.009430923088763166e+01
7.176155000000000000e+09,-9.001217730312369270e+01
7.176220000000000000e+09,-9.009609734875333231e+01
7.176285000000000000e+09,-9.008250641544778148e+01
7.176350000000000000e+09,-9.002968755305059290e+01
7.176415000000000000e+09,-9.017738233458572950e+01
7.176480000000000000e+09,-9.001355337265736978e+01
7.176545000000000000e+09,-9.018959386270350365e+01
7.176610000000000000e+09,-8.993248363184349614e+01
7.176675000000000000e+09,-9.004377051707083979e+01
7.176740000000000000e+09,-9.024327932365486049e+01
7.176805000000000000e+09,-9.008416937093483057e+01
7.176870000000000000e+09,-9.001299224969557145e+01
7.176935000000000000e+09,-8.998160396472260913e+01
7.177000000000000000e+09,-9.001618539317483680e+01
7.177065000000000000e+09,-9.012122266308580265e+01
7.177130000000000000e+09,-9.007308304015040790e+01
7.177195000000000000e+09,-9.008565981885645613e+01
7.177260000000000000e+09,-8.998048198178605617e+01
7.177325000000000000e+09,-9.010333154744645867e+01
7.177390000000000000e+09,-8.990335047004650448e+01
7.177455000000000000e+09,-9.006950948517093991e+01
7.177520000000000000e+09,-9.013525971991285246e+01
7.177585000000000000e+09,-9.015251756657721671e+01
7.177650000000000000e+09,-9.007228781449603616e+01
7.177715000000000000e+09,-9.003791741433884965e+01
7.177780000000000000e+09,-9.004071519306693006e+01
7.177845000000000000e+09,-9.018333694321970029e+01
7.177910000000000000e+09,-9.024512332897649003e+01
7.177975000000000000e+09,-8.996740165064096573e+01
7.178040000000000000e+09,-9.015478973371739357e+01
7.178105000000000000e+09,-9.017991551323235910e+01
7.178170000000000000e+09,-9.010342080171845680e+01
7.178235000000000000e+09,-9.000040568346499015e+01
7.178300000000000000e+09,-9.022573447633459409e+01
7.178365000000000000e+09,-8.997109177168441363e+01
7.178430000000000000e+09,-9.015107304200145677e+01
7.178495000000000000e+09,-9.034374018331735101e+01
7.178560000000000000e+09,-9.014864058206615027e+01
7.178625000000000000e+09,-8.994581093656208282e+01
7.178690000000000000e+09,-9.004114527689117153e+01
7.178755000000000000e+09,-9.019003770047447688e+01
7.178820000000000000e+09,-9.021675453430833613e+01
7.178885000000000000e+09,-9.010942754494084284e+01
7.178950000000000000e+09,-9.027326314186312572e+01
7.179015000000000000e+09,-9.017292084606262392e+01
7.179080000000000000e+09,-9.017890731833389850e+01
7.179145000000000000e+09,-9.017407467081183370e+01
7.179210000000000000e+09,-9.012953611702815238e+01
7.179275000000000000e+09,-9.013342858805593494e+01
7.179340000000000000e+09,-9.015231673351694042e+01
7.179405000000000000e+09,-9.024748620528355048e+01
7.179470000000000000e+09,-9.002954050043258860e+01
7.179535000000000000e+09,-9.024583742456557900e+01
7.179600000000000000e+09,-9.000789266067498318e+01
7.179665000000000000e+09,-9.014353316613494371e+01
7.179730000000000000e+09,-9.013750343804520071e+01
7.179795000000000000e+09,-9.039355301494890682e+01
7.179860000000000000e+09,-9.018350090175883338e+01
7.179925000000000000e+09,-9.021137421134457668e+01
7.179990000000000000e+09,-9.010306526241770086e+01
7.180055000000000000e+09,-9.026381811873470440e+01
7.180120000000000000e+09,-9.020808872761017483e+01
7.180185000000000000e+09,-9.020675999449592553e+01
7.180250000000000000e+09,-9.031873557521150531e+01
7.180315000000000000e+09,-9.023997066068042727e+01
7.180380000000000000e+09,-9.020978806052362131e+01
7.180445000000000000e+09,-9.027473914394420262e+01
7.180510000000000000e+09,-9.030746734454767477e+01
7.180575000000000000e+09,-9.048385797206972825e+01
7.180640000000000000e+09,-9.035176819576369667e+01
7.180705000000000000e+09,-9.059406451328969467e+01
7.180770000000000000e+09,-9.065219317198626925e+01
7.180835000000000000e+09,-9.054158396944137621e+01
7.180900000000000000e+09,-9.069900837571466923e+01
7.180965000000000000e+09,-9.103658759875375495e+01
7.181030000000000000e+09,-9.124216286327154535e+01
7.181095000000000000e+09,-9.124278366296272225e+01
7.181160000000000000e+09,-9.163109187681813239e+01
7.181225000000000000e+09,-9.291078684083220196e+01
7.181290000000000000e+09,-9.487855318644344038e+01
7.181355000000000000e+09,-9.190571226776276603e+01
7.181420000000000000e+09,-9.095430479966418602e+01
7.181485000000000000e+09,-9.063906327463507751e+01
7.181550000000000000e+09,-9.054297165305713690e+01
7.181615000000000000e+09,-9.053531775571352114e+01
7.181680000000000000e+09,-9.042120827757558743e+01
7.181745000000000000e+09,-9.023194537142992999e+01
7.181810000000000000e+09,-9.034177376940684212e+01
7.181875000000000000e+09,-9.008731209413079455e+01
7.181940000000000000e+09,-9.033366160231601327e+01
7.182005000000000000e+09,-9.016792739952670388e+01
7.182070000000000000e+09,-9.014663287436961525e+01
7.182135000000000000e+09,-9.042062369025508417e+01
7.182200000000000000e+09,-9.036768700572000057e+01
7.182265000000000000e+09,-9.033893653076802366e+01
7.182330000000000000e+09,-9.020222313372846656e+01
7.182395000000000000e+09,-9.033707943430421494e+01
7.182460000000000000e+09,-9.021933462951481886e+01
7.182525000000000000e+09,-9.040391678670958697e+01
7.182590000000000000e+09,-9.010294165968373648e+01
7.182655000000000000e+09,-9.040297770940938449e+01
7.182720000000000000e+09,-9.034972514984744407e+01
7.182785000000000000e+09,-9.042614690271472000e+01
7.182850000000000000e+09,-9.009177919153913194e+01
7.182915000000000000e+09,-9.024156038243052080e+01
7.182980000000000000e+09,-9.024584370988750948e+01
7.183045000000000000e+09,-9.047699259899528101e+01
7.183110000000000000e+09,-9.027339830994787917e+01
7.183175000000000000e+09,-9.027335898731429609e+01
7.183240000000000000e+09,-9.007968216868194133e+01
7.183305000000000000e+09,-9.049615454437639528e+01
7.183370000000000000e+09,-9.033964640339203811e+01
7.183435000000000000e+09,-9.027382431192116030e+01
7.183500000000000000e+09,-9.035767949663900822e+01
7.183565000000000000e+09,-9.020888037679783622e+01
7.183630000000000000e+09,-9.022717543365921244e+01
7.183695000000000000e+09,-9.021863267781770901e+01
7.183760000000000000e+09,-9.036656261296138837e+01
7.183825000000000000e+09,-9.029823612206435257e+01
7.183890000000000000e+09,-9.033135889548572095e+01
7.183955000000000000e+09,-9.032260579428027825e+01
7.184020000000000000e+09,-9.030316704351621127e+01
7.184085000000000000e+09,-9.034384765691534369e+01
7.184150000000000000e+09,-9.027004923633009525e+01
7.184215000000000000e+09,-9.053268322629760689e+01
7.184280000000000000e+09,-9.029330396648342116e+01
7.184345000000000000e+09,-9.052286783742162868e+01
7.184410000000000000e+09,-9.037804488041216189e+01
7.184475000000000000e+09,-9.024221984132965702e+01
7.184540000000000000e+09,-9.033458399768227309e+01
7.184605000000000000e+09,-9.042578375327174456e+01
7.184670000000000000e+09,-9.042066224588691625e+01
7.184735000000000000e+09,-9.042791633546113417e+01
7.184800000000000000e+09,-9.041029567580785908e+01
7.184865000000000000e+09,-9.042466446520109002e+01
7.184930000000000000e+09,-9.059108868610431387e+01
7.184995000000000000e+09,-9.033983999647432483e+01
7.185060000000000000e+09,-9.053229348209293903e+01
7.185125000000000000e+09,-9.042685866663141780e+01
7.185190000000000000e+09,-9.050723962291274916e+01
7.185255000000000000e+09,-9.036543791564386652e+01
7.185320000000000000e+09,-9.050025131193126526e+01
7.185385000000000000e+09,-9.038099893943370944e+01
7.185450000000000000e+09,-9.027314989593614314e+01
7.185515000000000000e+09,-9.035717050251584226e+01
7.185580000000000000e+09,-9.055444767425282748e+01
7.185645000000000000e+09,-9.058453359113468650e+01
7.185710000000000000e+09,-9.042988303369372716e+01
7.185775000000000000e+09,-9.039674873212710793e+01
7.185840000000000000e+09,-9.027803750380255110e+01
7.185905000000000000e+09,-9.035963252083844566e+01
7.185970000000000000e+09,-9.032739618577295460e+01
7.186035000000000000e+09,-9.061605440758712859e+01
7.186100000000000000e+09,-9.046117743940601486e+01
7.186165000000000000e+09,-9.056772920656334236e+01
7.186230000000000000e+09,-9.051965113207629088e+01
7.186295000000000000e+09,-9.043249356162570507e+01
7.186360000000000000e+09,-9.056251153285039379e+01
7.186425000000000000e+09,-9.036056417120457240e+01
7.186490000000000000e+09,-9.048326159052747641e+01
7.186555000000000000e+09,-9.035311160649419548e+01
7.186620000000000000e+09,-9.046236833679783729e+01
7.186685000000000000e+09,-9.017762582020951356e+01
7.186750000000000000e+09,-9.036077692710064468e+01
7.186815000000000000e+09,-9.043484652523780198e+01
7.186880000000000000e+09,-9.028956883983798321e+01
7.186945000000000000e+09,-9.050280463553713162e+01
7.187010000000000000e+09,-9.042925445686313424e+01
7.187075000000000000e+09,-9.044609507254060077e+01
7.187140000000000000e+09,-9.039117346216056603e+01
7.187205000000000000e+09,-9.048850849926678563e+01
7.187270000000000000e+09,-9.050890681812953176e+01
7.187335000000000000e+09,-9.033511740453506889e+01
7.187400000000000000e+09,-9.050306295814566226e+01
7.187465000000000000e+09,-9.043442028324088255e+01
7.187530000000000000e+09,-9.053388081187156899e+01
7.187595000000000000e+09,-9.049740518096859887e+01
7.187660000000000000e+09,-9.041071611794112073e+01
7.187725000000000000e+09,-9.040704519761183633e+01
7.187790000000000000e+09,-9.060986734011771659e+01
7.187855000000000000e+09,-9.032176611613689943e+01
7.187920000000000000e+09,-9.059081444497836344e+01
7.187985000000000000e+09,-9.041405247223462993e+01
7.188050000000000000e+09,-9.049561452290312502e+01
7.188115000000000000e+09,-9.039728104953908883e+01
7.188180000000000000e+09,-9.055420706987008828e+01
7.188245000000000000e+09,-9.054326424224294101e+01
7.188310000000000000e+09,-9.051101938308522676e+01
7.188375000000000000e+09,-9.072796804574207385e+01
7.188440000000000000e+09,-9.049540852629121446e+01
7.188505000000000000e+09,-9.048644702061692158e+01
7.188570000000000000e+09,-9.046448186204926856e+01
7.188635000000000000e+09,-9.047306938950814015e+01
7.188700000000000000e+09,-9.064990626873745327e+01
7.188765000000000000e+09,-9.044515868000766545e+01
7.188830000000000000e+09,-9.062134549354317414e+01
7.188895000000000000e+09,-9.050262022502833759e+01
7.188960000000000000e+09,-9.033256055200261869e+01
7.189025000000000000e+09,-9.045282969891205482e+01
7.189090000000000000e+09,-9.058851800804903576e+01
7.189155000000000000e+09,-9.035238588096228796e+01
7.189220000000000000e+09,-9.042340253516206872e+01
7.189285000000000000e+09,-9.037739837598149961e+01
7.189350000000000000e+09,-9.055494641457832472e+01
7.189415000000000000e+09,-9.040632985211865957e+01
7.189480000000000000e+09,-9.031506258186675495e+01
7.189545000000000000e+09,-9.059079347144790972e+01
7.189610000000000000e+09,-9.081801616426460555e+01
7.189675000000000000e+09,-9.018955730661269854e+01
7.189740000000000000e+09,-9.057668910120568739e+01
7.189805000000000000e+09,-9.039759426910406148e+01
7.189870000000000000e+09,-9.046288232313497701e+01
7.189935000000000000e+09,-9.055216599624148444e+01
7.190000000000000000e+09,-9.045464360258839065e+01
7.190065000000000000e+09,-9.039016082774000438e+01
7.190130000000000000e+09,-9.062239389880387819e+01
7.190195000000000000e+09,-9.035870671812746480e+01
7.190260000000000000e+09,-9.052660624577623594e+01
7.190325000000000000e+09,-9.050570409271914230e+01
7.190390000000000000e+09,-9.074531563961981817e+01
7.190455000000000000e+09,-9.044726620472479794e+01
7.190520000000000000e+09,-9.033329037487169444e+01
7.190585000000000000e+09,-9.054083470078643359e+01
7.190650000000000000e+09,-9.046680694666440559e+01
7.190715000000000000e+09,-9.054234931025128219e+01
7.190780000000000000e+09,-9.052013600787653047e+01
7.190845000000000000e+09,-9.037428395199553677e+01
7.190910000000000000e+09,-9.054472385347553143e+01
7.190975000000000000e+09,-9.041216739779335398e+01
7.191040000000000000e+09,-9.051633038713424639e+01
7.191105000000000000e+09,-9.058479206309459641e+01
7.191170000000000000e+09,-9.061897378354855448e+01
7.191235000000000000e+09,-9.059928519591963436e+01
7.191300000000000000e+09,-9.043306769967863090e+01
7.191365000000000000e+09,-9.057269401693416455e+01
7.191430000000000000e+09,-9.062252129481689167e+01
7.191495000000000000e+09,-9.053740911590891471e+01
7.191560000000000000e+09,-9.042185106009357298e+01
7.191625000000000000e+09,-9.050248899438771844e+01
7.191690000000000000e+09,-9.048390271739684465e+01
7.191755000000000000e+09,-9.046928139687256021e+01
7.191820000000000000e+09,-9.045453239505972931e+01
7.191885000000000000e+09,-9.047108024823076278e+01
7.191950000000000000e+09,-9.061847507603722818e+01
7.192015000000000000e+09,-9.051859189610948420e+01
7.192080000000000000e+09,-9.067081383192470412e+01
7.192145000000000000e+09,-9.049619968700181971e+01
7.192210000000000000e+09,-9.051826987993032958e+01
7.192275000000000000e+09,-9.054338718456551760e+01
7.192340000000000000e+09,-9.054534020589969145e+01
7.192405000000000000e+09,-9.054770973225211605e+01
7.192470000000000000e+09,-9.063589293647639522e+01
7.192535000000000000e+09,-9.061590303426235948e+01
7.192600000000000000e+09,-9.045347654317760089e+01
7.192665000000000000e+09,-9.059339441864813125e+01
7.192730000000000000e+09,-9.062267276316076448e+01
7.192795000000000000e+09,-9.052546868719169026e+01
7.192860000000000000e+09,-9.057902624147939719e+01
7.192925000000000000e+09,-9.054732872717133318e+01
7.192990000000000000e+09,-9.060445636397253111e+01
7.193055000000000000e+09,-9.055079836135246296e+01
7.193120000000000000e+09,-9.065356146041742136e+01
7.193185000000000000e+09,-9.061266379931133486e+01
7.193250000000000000e+09,-9.056878943570596618e+01
7.193315000000000000e+09,-9.052172096050551886e+01
7.193380000000000000e+09,-9.040475571067396743e+01
7.193445000000000000e+09,-9.062281972789898532e+01
7.193510000000000000e+09,-9.077161110974152791e+01
7.193575000000000000e+09,-9.053594542636753317e+01
7.193640000000000000e+09,-9.058682161144926681e+01
7.193705000000000000e+09,-9.062880591628277216e+01
7.193770000000000000e+09,-9.049835260619926203e+01
7.193835000000000000e+09,-9.050906506619691072e+01
7.193900000000000000e+09,-9.044216706397895678e+01
7.193965000000000000e+09,-9.062849153931183821e+01
7.194030000000000000e+09,-9.053585281734089563e+01
7.194095000000000000e+09,-9.060696708683644829e+01
7.194160000000000000e+09,-9.081970770521078862e+01
7.194225000000000000e+09,-9.051102579709733220e+01
7.194290000000000000e+09,-9.064650668934406497e+01
7.194355000000000000e+09,-9.059705088737892709e+01
7.194420000000000000e+09,-9.074218162960706024e+01
7.194485000000000000e+09,-9.045971194849289532e+01
7.194550000000000000e+09,-9.059814949255282102e+01
7.194615000000000000e+09,-9.080826241325422643e+01
7.194680000000000000e+09,-9.076838949807667234e+01
7.194745000000000000e+09,-9.053222086299686566e+01
7.194810000000000000e+09,-9.065164544885655573e+01
7.194875000000000000e+09,-9.062784768982957928e+01
7.194940000000000000e+09,-9.049852375403831672e+01
7.195005000000000000e+09,-9.069336609456421172e+01
7.195070000000000000e+09,-9.059950075808723113e+01
7.195135000000000000e+09,-9.074293835784530415e+01
7.195200000000000000e+09,-9.057140335499974526e+01
7.195265000000000000e+09,-9.068894177956453007e+01
7.195330000000000000e+09,-9.058767153518277837e+01
7.195395000000000000e+09,-9.069061320995444930e+01
7.195460000000000000e+09,-9.082611651975153677e+01
7.195525000000000000e+09,-9.067543209983064401e+01
7.195590000000000000e+09,-9.044637376713959043e+01
7.195655000000000000e+09,-9.068192837537287687e+01
7.195720000000000000e+09,-9.067624553053308034e+01
7.195785000000000000e+09,-9.068016821819972506e+01
7.195850000000000000e+09,-9.072122838737540462e+01
7.195915000000000000e+09,-9.054667700778966832e+01
7.195980000000000000e+09,-9.065816666135980029e+01
7.196045000000000000e+09,-9.059520350841800962e+01
7.196110000000000000e+09,-9.072349590034322375e+01
7.196175000000000000e+09,-9.076037691096775006e+01
7.196240000000000000e+09,-9.052486634917673314e+01
7.196305000000000000e+09,-9.037649425376885404e+01
7.196370000000000000e+09,-9.043867095169824211e+01
7.196435000000000000e+09,-9.074151556162078691e+01
7.196500000000000000e+09,-9.041335198707042764e+01
7.196565000000000000e+09,-9.069957658747262030e+01
7.196630000000000000e+09,-9.072868333560666088e+01
7.196695000000000000e+09,-9.071660159654305744e+01
7.196760000000000000e+09,-9.049802961914322452e+01
7.196825000000000000e+09,-9.061301563395885239e+01
7.196890000000000000e+09,-9.086457838083316574e+01
7.196955000000000000e+09,-9.069149641076221258e+01
7.197020000000000000e+09,-9.064462124323895864e+01
7.197085000000000000e+09,-9.051856651167537393e+01
7.197150000000000000e+09,-9.082552413937732183e+01
7.197215000000000000e+09,-9.082082234440514412e+01
7.197280000000000000e+09,-9.064532377082011294e+01
7.197345000000000000e+09,-9.060388165296512852e+01
7.197410000000000000e+09,-9.062258828630183416e+01
7.197475000000000000e+09,-9.082440650305778718e+01
7.197540000000000000e+09,-9.068841246970569614e+01
7.197605000000000000e+09,-9.091308381048962417e+01
7.197670000000000000e+09,-9.056606526566284288e+01
7.197735000000000000e+09,-9.060868315403513407e+01
7.197800000000000000e+09,-9.062079504790489182e+01
7.197865000000000000e+09,-9.065468313884383633e+01
7.197930000000000000e+09,-9.071263353717746725e+01
7.197995000000000000e+09,-9.069737740511374113e+01
7.198060000000000000e+09,-9.079601955143456848e+01
7.198125000000000000e+09,-9.051133395609650734e+01
7.198190000000000000e+09,-9.070534054452636497e+01
7.198255000000000000e+09,-9.045871731894294498e+01
7.198320000000000000e+09,-9.056446264630645260e+01
7.198385000000000000e+09,-9.046885589804192307e+01
7.198450000000000000e+09,-9.056754379751588147e+01
7.198515000000000000e+09,-9.071741964720287399e+01
7.198580000000000000e+09,-9.097477014726216282e+01
7.198645000000000000e+09,-9.078194823526162338e+01
7.198710000000000000e+09,-9.073309734393789938e+01
7.198775000000000000e+09,-9.080623841803034679e+01
7.198840000000000000e+09,-9.093273985735385168e+01
7.198905000000000000e+09,-9.091723571759681022e+01
7.198970000000000000e+09,-9.070228243402107182e+01
7.199035000000000000e+09,-9.073399711434178982e+01
7.199100000000000000e+09,-9.067883414190559677e+01
7.199165000000000000e+09,-9.077792310274676879e+01
7.199230000000000000e+09,-9.070682423205930434e+01
7.199295000000000000e+09,-9.072470363684131200e+01
7.199360000000000000e+09,-9.065948100616938632e+01
7.199425000000000000e+09,-9.061721474856017267e+01
7.199490000000000000e+09,-9.079631485143485747e+01
7.199555000000000000e+09,-9.062310618311805399e+01
7.199620000000000000e+09,-9.070198250516017424e+01
7.199685000000000000e+09,-9.092082376168286828e+01
7.199750000000000000e+09,-9.075777382502691637e+01
7.199815000000000000e+09,-9.077038149962569946e+01
7.199880000000000000e+09,-9.074491777241833290e+01
7.199945000000000000e+09,-9.063047031215103289e+01
7.200010000000000000e+09,-9.080365914219198942e+01
7.200075000000000000e+09,-9.065398615720008024e+01
7.200140000000000000e+09,-9.083896741027636779e+01
7.200205000000000000e+09,-9.079747040026602178e+01
7.200270000000000000e+09,-9.083010175348077553e+01
7.200335000000000000e+09,-9.068724780078811420e+01
7.200400000000000000e+09,-9.061920823995038177e+01
7.200465000000000000e+09,-9.088768742029776604e+01
7.200530000000000000e+09,-9.077971745353008259e+01
7.200595000000000000e+09,-9.072754735389077041e+01
7.200660000000000000e+09,-9.091058755489491716e+01
7.200725000000000000e+09,-9.080608665852622607e+01
7.200790000000000000e+09,-9.074262476850627479e+01
7.200855000000000000e+09,-9.059544651335416177e+01
7.200920000000000000e+09,-9.073876716911192375e+01
7.200985000000000000e+09,-9.091014236830088180e+01
7.201050000000000000e+09,-9.074295955840035788e+01
7.201115000000000000e+09,-9.082078205007918825e+01
7.201180000000000000e+09,-9.085393165959395390e+01
7.201245000000000000e+09,-9.068259879575299465e+01
7.201310000000000000e+09,-9.077577333787775160e+01
7.201375000000000000e+09,-9.092636680943586214e+01
7.201440000000000000e+09,-9.080339165056494721e+01
7.201505000000000000e+09,-9.090281127949160123e+01
7.201570000000000000e+09,-9.074100964181162965e+01
7.201635000000000000e+09,-9.061944001050102315e+01
7.201700000000000000e+09,-9.070278187257034119e+01
7.201765000000000000e+09,-9.094696748678578047e+01
7.201830000000000000e+09,-9.079163528390687077e+01
7.201895000000000000e+09,-9.099661597030950588e+01
7.201960000000000000e+09,-9.077537681125360791e+01
7.202025000000000000e+09,-9.057279929901741866e+01
7.202090000000000000e+09,-9.053196700928606333e+01
7.202155000000000000e+09,-9.078761941341319641e+01
7.202220000000000000e+09,-9.077718459883072910e+01
7.202285000000000000e+09,-9.077843936339078823e+01
7.202350000000000000e+09,-9.075369246915377630e+01
7.202415000000000000e+09,-9.082496974022232905e+01
7.202480000000000000e+09,-9.077933655818868885e+01
7.202545000000000000e+09,-9.080408396584189745e+01
7.202610000000000000e+09,-9.088393619148966707e+01
7.202675000000000000e+09,-9.075839811940375057e+01
7.202740000000000000e+09,-9.074330569954736347e+01
7.202805000000000000e+09,-9.093649573592161062e+01
7.202870000000000000e+09,-9.071837870217945010e+01
7.202935000000000000e+09,-9.073434859671066022e+01
7.203000000000000000e+09,-9.068617670745753401e+01
7.203065000000000000e+09,-9.074000578657843619e+01
7.203130000000000000e+09,-9.082661830006840376e+01
7.203195000000000000e+09,-9.067599844613845050e+01
7.203260000000000000e+09,-9.080046715551932834e+01
7.203325000000000000e+09,-9.073940049485531745e+01
7.203390000000000000e+09,-9.087128743875007331e+01
7.203455000000000000e+09,-9.069582217710976124e+01
7.203520000000000000e+09,-9.064004885800477496e+01
7.203585000000000000e+09,-9.092095207859489392e+01
7.203650000000000000e+09,-9.071839122140963241e+01
7.203715000000000000e+09,-9.078965468070180123e+01
7.203780000000000000e+09,-9.102647695622758306e+01
7.203845000000000000e+09,-9.075670075268070036e+01
7.203910000000000000e+09,-9.098735491605182801e+01
7.203975000000000000e+09,-9.087802779765624450e+01
7.204040000000000000e+09,-9.084964230959947429e+01
7.204105000000000000e+09,-9.079494522764110798e+01
7.204170000000000000e+09,-9.062074064783770666e+01
7.204235000000000000e+09,-9.084570822192640094e+01
7.204300000000000000e+09,-9.087303863270636839e+01
7.204365000000000000e+09,-9.065225573325675157e+01
7.204430000000000000e+09,-9.102624418083371438e+01
7.204495000000000000e+09,-9.076653034633994821e+01
7.204560000000000000e+09,-9.074170091994518828e+01
7.204625000000000000e+09,-9.100813662992459285e+01
7.204690000000000000e+09,-9.069521815600145942e+01
7.204755000000000000e+09,-9.085304798120378678e+01
7.204820000000000000e+09,-9.081264285888661902e+01
7.204885000000000000e+09,-9.071913018931391548e+01
7.204950000000000000e+09,-9.091810100451664312e+01
7.205015000000000000e+09,-9.089299386923005386e+01
7.205080000000000000e+09,-9.075599570061558552e+01
7.205145000000000000e+09,-9.081394801019469298e+01
7.205210000000000000e+09,-9.077961547976342160e+01
7.205275000000000000e+09,-9.101666695606132862e+01
7.205340000000000000e+09,-9.079106498848528872e+01
7.205405000000000000e+09,-9.081239553889287208e+01
7.205470000000000000e+09,-9.091210580008619502e+01
7.205535000000000000e+09,-9.101656245776055698e+01
7.205600000000000000e+09,-9.099086646580617810e+01
7.205665000000000000e+09,-9.094097422892414784e+01
7.205730000000000000e+09,-9.116614544165184952e+01
7.205795000000000000e+09,-9.125550698314292219e+01
7.205860000000000000e+09,-9.154831759140316194e+01
7.205925000000000000e+09,-9.138939634582376925e+01
7.205990000000000000e+09,-9.110054230575698853e+01
7.206055000000000000e+09,-9.150617398872535091e+01
7.206120000000000000e+09,-9.191805924488198798e+01
7.206185000000000000e+09,-9.169558150478528091e+01
7.206250000000000000e+09,-9.180332290484963664e+01
7.206315000000000000e+09,-9.282267115639106692e+01
7.206380000000000000e+09,-9.551379754229245123e+01
7.206445000000000000e+09,-9.449616363639569272e+01
7.206510000000000000e+09,-9.256982541543727905e+01
7.206575000000000000e+09,-9.199140295376450638e+01
7.206640000000000000e+09,-9.141417124192358301e+01
7.206705000000000000e+09,-9.126817776915609670e+01
7.206770000000000000e+09,-9.118657346261329621e+01
7.206835000000000000e+09,-9.128999067803272283e+01
7.206900000000000000e+09,-9.113674375823288187e+01
7.206965000000000000e+09,-9.117782420042115632e+01
7.207030000000000000e+09,-9.101922995281407225e+01
7.207095000000000000e+09,-9.076177670792640129e+01
7.207160000000000000e+09,-9.086881002382619954e+01
7.207225000000000000e+09,-9.101469979963263768e+01
7.207290000000000000e+09,-9.086343031700747019e+01
7.207355000000000000e+09,-9.097314716957335179e+01
7.207420000000000000e+09,-9.083087014073802834e+01
7.207485000000000000e+09,-9.113779343008053502e+01
7.207550000000000000e+09,-9.109644547689229910e+01
7.207615000000000000e+09,-9.111633180839065460e+01
7.207680000000000000e+09,-9.111938669336961993e+01
7.207745000000000000e+09,-9.086325329490773584e+01
7.207810000000000000e+09,-9.101301750678192093e+01
7.207875000000000000e+09,-9.100972916416894520e+01
7.207940000000000000e+09,-9.104297427822801581e+01
7.208005000000000000e+09,-9.097017565777720449e+01
7.208070000000000000e+09,-9.089334905458275671e+01
7.208135000000000000e+09,-9.090462614921393936e+01
7.208200000000000000e+09,-9.095225945860690331e+01
7.208265000000000000e+09,-9.105791072489009252e+01
7.208330000000000000e+09,-9.093391685003844316e+01
7.208395000000000000e+09,-9.103688171562362186e+01
7.208460000000000000e+09,-9.106682397892973313e+01
7.208525000000000000e+09,-9.083703052617495644e+01
7.208590000000000000e+09,-9.066987092857642949e+01
7.208655000000000000e+09,-9.110560063968578959e+01
7.208720000000000000e+09,-9.107024651242221580e+01
7.208785000000000000e+09,-9.087164785782816523e+01
7.208850000000000000e+09,-9.092493176915564845e+01
7.208915000000000000e+09,-9.101976242232055370e+01
7.208980000000000000e+09,-9.091942000520955958e+01
7.209045000000000000e+09,-9.122308796680852083e+01
7.209110000000000000e+09,-9.103811916707753937e+01
7.209175000000000000e+09,-9.093368382322979926e+01
7.209240000000000000e+09,-9.094959161379557600e+01
7.209305000000000000e+09,-9.113221242311854553e+01
7.209370000000000000e+09,-9.109946426659435303e+01
7.209435000000000000e+09,-9.076831625793778358e+01
7.209500000000000000e+09,-9.126131589209423112e+01
7.209565000000000000e+09,-9.088444673243152749e+01
7.209630000000000000e+09,-9.103049608901827128e+01
7.209695000000000000e+09,-9.083009432368208991e+01
7.209760000000000000e+09,-9.097953661329700026e+01
7.209825000000000000e+09,-9.095705048700621376e+01
7.209890000000000000e+09,-9.098383801927573700e+01
7.209955000000000000e+09,-9.109086935320010525e+01
7.210020000000000000e+09,-9.106641393685180219e+01
7.210085000000000000e+09,-9.093648404071919344e+01
7.210150000000000000e+09,-9.102936057007406134e+01
7.210215000000000000e+09,-9.112098562757623199e+01
7.210280000000000000e+09,-9.075685575233494262e+01
7.210345000000000000e+09,-9.095369345999597499e+01
7.210410000000000000e+09,-9.074336754903036706e+01
7.210475000000000000e+09,-9.086505143020610831e+01
7.210540000000000000e+09,-9.108109503846981170e+01
7.210605000000000000e+09,-9.097813729818439299e+01
7.210670000000000000e+09,-9.089629286770195904e+01
7.210735000000000000e+09,-9.103923127693602169e+01
7.210800000000000000e+09,-9.094931418286221003e+01
7.210865000000000000e+09,-9.094660127228003432e+01
7.210930000000000000e+09,-9.096916870054279514e+01
7.210995000000000000e+09,-9.079043557010216148e+01
7.211060000000000000e+09,-9.121142309788464786e+01
7.211125000000000000e+09,-9.095073722473324551e+01
7.211190000000000000e+09,-9.111099438396681194e+01
7.211255000000000000e+09,-9.105061472473282436e+01
7.211320000000000000e+09,-9.092360281914515951e+01
7.211385000000000000e+09,-9.094972637116396186e+01
7.211450000000000000e+09,-9.095053314056683291e+01
7.211515000000000000e+09,-9.110069650939918517e+01
7.211580000000000000e+09,-9.105371174309911453e+01
7.211645000000000000e+09,-9.107200044242240722e+01
7.211710000000000000e+09,-9.088573508861315986e+01
7.211775000000000000e+09,-9.097470096510461701e+01
7.211840000000000000e+09,-9.097298655322404670e+01
7.211905000000000000e+09,-9.104783589190206783e+01
7.211970000000000000e+09,-9.129290683583749910e+01
7.212035000000000000e+09,-9.123269105834202719e+01
7.212100000000000000e+09,-9.078873330796315599e+01
7.212165000000000000e+09,-9.093615804195052021e+01
7.212230000000000000e+09,-9.102271990720167594e+01
7.212295000000000000e+09,-9.091064744021069544e+01
7.212360000000000000e+09,-9.095903974401606717e+01
7.212425000000000000e+09,-9.096704528188554661e+01
7.212490000000000000e+09,-9.085770513491227973e+01
7.212555000000000000e+09,-9.114408449678444413e+01
7.212620000000000000e+09,-9.097366544307980973e+01
7.212685000000000000e+09,-9.093040306440171605e+01
7.212750000000000000e+09,-9.088617784111846731e+01
7.212815000000000000e+09,-9.106922468972160800e+01
7.212880000000000000e+09,-9.098920468620411839e+01
7.212945000000000000e+09,-9.108503424295774664e+01
7.213010000000000000e+09,-9.112736921263399381e+01
7.213075000000000000e+09,-9.105421176513765147e+01
7.213140000000000000e+09,-9.089988810983854250e+01
7.213205000000000000e+09,-9.094469636702577020e+01
7.213270000000000000e+09,-9.088738857283134109e+01
7.213335000000000000e+09,-9.115370738127369066e+01
7.213400000000000000e+09,-9.094922920195953964e+01
7.213465000000000000e+09,-9.103777580301110106e+01
7.213530000000000000e+09,-9.099560634953633098e+01
7.213595000000000000e+09,-9.107178242718389072e+01
7.213660000000000000e+09,-9.093879030794130358e+01
7.213725000000000000e+09,-9.110080661005753200e+01
7.213790000000000000e+09,-9.098283570229384054e+01
7.213855000000000000e+09,-9.102218526904457008e+01
7.213920000000000000e+09,-9.117004672351342265e+01
7.213985000000000000e+09,-9.125846957340360177e+01
7.214050000000000000e+09,-9.116243053377581873e+01
7.214115000000000000e+09,-9.120216773375076968e+01
7.214180000000000000e+09,-9.101637488712128743e+01
7.214245000000000000e+09,-9.102960813210162883e+01
7.214310000000000000e+09,-9.116131599965279975e+01
7.214375000000000000e+09,-9.091721279664263022e+01
7.214440000000000000e+09,-9.113705355838405353e+01
7.214505000000000000e+09,-9.109998333238937107e+01
7.214570000000000000e+09,-9.116826342422871221e+01
7.214635000000000000e+09,-9.115173087436053834e+01
7.214700000000000000e+09,-9.129558712601325965e+01
7.214765000000000000e+09,-9.110413370451551884e+01
7.214830000000000000e+09,-9.108376536454299810e+01
7.214895000000000000e+09,-9.087481263252719543e+01
7.214960000000000000e+09,-9.091400193241261718e+01
7.215025000000000000e+09,-9.102426862735670454e+01
7.215090000000000000e+09,-9.100498249953616892e+01
7.215155000000000000e+09,-9.125354715356260726e+01
7.215220000000000000e+09,-9.113119261588217057e+01
7.215285000000000000e+09,-9.126858696882163713e+01
7.215350000000000000e+09,-9.112153891012920326e+01
7.215415000000000000e+09,-9.107592698776755924e+01
7.215480000000000000e+09,-9.112433849919482043e+01
7.215545000000000000e+09,-9.104596843795810912e+01
7.215610000000000000e+09,-9.127223433058539115e+01
7.215675000000000000e+09,-9.123999093535061888e+01
7.215740000000000000e+09,-9.121069841489037344e+01
7.215805000000000000e+09,-9.115192512384844292e+01
7.215870000000000000e+09,-9.122994561438417804e+01
7.215935000000000000e+09,-9.129829838060118163e+01
7.216000000000000000e+09,-9.124928532612568688e+01
7.216065000000000000e+09,-9.102597905774911169e+01
7.216130000000000000e+09,-9.119928502798700265e+01
7.216195000000000000e+09,-9.109784258238039456e+01
7.216260000000000000e+09,-9.109153859913175211e+01
7.216325000000000000e+09,-9.107237808669992774e+01
7.216390000000000000e+09,-9.103952947958673292e+01
7.216455000000000000e+09,-9.142823570125088395e+01
7.216520000000000000e+09,-9.127552508166026257e+01
7.216585000000000000e+09,-9.113306626301188373e+01
7.216650000000000000e+09,-9.103281330862871812e+01
7.216715000000000000e+09,-9.119225430492403461e+01
7.216780000000000000e+09,-9.123089069240714366e+01
7.216845000000000000e+09,-9.114779940601155772e+01
7.216910000000000000e+09,-9.139394932495002877e+01
7.216975000000000000e+09,-9.106976217703902421e+01
7.217040000000000000e+09,-9.103615897709842386e+01
7.217105000000000000e+09,-9.120845213150145980e+01
7.217170000000000000e+09,-9.127343400506373428e+01
7.217235000000000000e+09,-9.127506370168539718e+01
7.217300000000000000e+09,-9.133087225185369107e+01
7.217365000000000000e+09,-9.138237492332171996e+01
7.217430000000000000e+09,-9.122371553923117915e+01
7.217495000000000000e+09,-9.114687912092909983e+01
7.217560000000000000e+09,-9.134061098415001823e+01
7.217625000000000000e+09,-9.111089789555825291e+01
7.217690000000000000e+09,-9.115961235116222383e+01
7.217755000000000000e+09,-9.120057913228089319e+01
7.217820000000000000e+09,-9.106924000929872420e+01
7.217885000000000000e+09,-9.131064007609380440e+01
7.217950000000000000e+09,-9.108093417846775708e+01
7.218015000000000000e+09,-9.114998583048553371e+01
7.218080000000000000e+09,-9.124906744345796028e+01
7.218145000000000000e+09,-9.123346180695486396e+01
7.218210000000000000e+09,-9.127749797450492508e+01
7.218275000000000000e+09,-9.142059943187148008e+01
7.218340000000000000e+09,-9.111662099229441480e+01
7.218405000000000000e+09,-9.115595164634611081e+01
7.218470000000000000e+09,-9.122678579818041555e+01
7.218535000000000000e+09,-9.107671920987350234e+01
7.218600000000000000e+09,-9.108426273117694905e+01
7.218665000000000000e+09,-9.109199956570074619e+01
7.218730000000000000e+09,-9.119646392627436171e+01
7.218795000000000000e+09,-9.110226687916421895e+01
7.218860000000000000e+09,-9.131553716857909819e+01
7.218925000000000000e+09,-9.126614610726973353e+01
7.218990000000000000e+09,-9.142615434374454253e+01
7.219055000000000000e+09,-9.135523254761164935e+01
7.219120000000000000e+09,-9.136457034006630806e+01
7.219185000000000000e+09,-9.140495487061600954e+01
7.219250000000000000e+09,-9.143033775865092139e+01
7.219315000000000000e+09,-9.140341002504922585e+01
7.219380000000000000e+09,-9.110483542054005568e+01
7.219445000000000000e+09,-9.144163281296260948e+01
7.219510000000000000e+09,-9.127380365140338370e+01
7.219575000000000000e+09,-9.114493844020294944e+01
7.219640000000000000e+09,-9.125399018013789032e+01
7.219705000000000000e+09,-9.132818278962089664e+01
7.219770000000000000e+09,-9.115822491395266525e+01
7.219835000000000000e+09,-9.113367725404131647e+01
7.219900000000000000e+09,-9.138050813777412884e+01
7.219965000000000000e+09,-9.111567171929108611e+01
7.220030000000000000e+09,-9.130425807669087135e+01
7.220095000000000000e+09,-9.112509886508560442e+01
7.220160000000000000e+09,-9.130902034097755404e+01
7.220225000000000000e+09,-9.117000098195902069e+01
7.220290000000000000e+09,-9.120754516510045562e+01
7.220355000000000000e+09,-9.134451458307361804e+01
7.220420000000000000e+09,-9.133154006667639635e+01
7.220485000000000000e+09,-9.114646072912313457e+01
7.220550000000000000e+09,-9.124958781511659822e+01
7.220615000000000000e+09,-9.111627174027165665e+01
7.220680000000000000e+09,-9.129289597562609515e+01
7.220745000000000000e+09,-9.131997600241606960e+01
7.220810000000000000e+09,-9.116223986762693698e+01
7.220875000000000000e+09,-9.139938172039286712e+01
7.220940000000000000e+09,-9.133559670218316739e+01
7.221005000000000000e+09,-9.123439833765550588e+01
7.221070000000000000e+09,-9.128922987425971769e+01
7.221135000000000000e+09,-9.144606764920436603e+01
7.221200000000000000e+09,-9.110425583939418459e+01
7.221265000000000000e+09,-9.111568460888277343e+01
7.221330000000000000e+09,-9.118938302687622866e+01
7.221395000000000000e+09,-9.118318102294522021e+01
7.221460000000000000e+09,-9.137404658581603201e+01
7.221525000000000000e+09,-9.137643925850186122e+01
7.221590000000000000e+09,-9.144279920271834783e+01
7.221655000000000000e+09,-9.138280859320290972e+01
7.221720000000000000e+09,-9.130565283296945722e+01
7.221785000000000000e+09,-9.128990963515971657e+01
7.221850000000000000e+09,-9.152941834293322643e+01
7.221915000000000000e+09,-9.124655833808630234e+01
7.221980000000000000e+09,-9.119408240150744405e+01
7.222045000000000000e+09,-9.116743334646793073e+01
7.222110000000000000e+09,-9.137897895901893719e+01
7.222175000000000000e+09,-9.152527052118560391e+01
7.222240000000000000e+09,-9.140528327903052741e+01
7.222305000000000000e+09,-9.133559915151080588e+01
7.222370000000000000e+09,-9.142655422835196077e+01
7.222435000000000000e+09,-9.120517857188055189e+01
7.222500000000000000e+09,-9.127093752550649697e+01
7.222565000000000000e+09,-9.139960768480932529e+01
7.222630000000000000e+09,-9.126453484477102052e+01
7.222695000000000000e+09,-9.126735462788460040e+01
7.222760000000000000e+09,-9.119979284346106851e+01
7.222825000000000000e+09,-9.132976396295349275e+01
7.222890000000000000e+09,-9.127630009154498225e+01
7.222955000000000000e+09,-9.136660213822716514e+01
7.223020000000000000e+09,-9.125596739781947520e+01
7.223085000000000000e+09,-9.146223249141313261e+01
7.223150000000000000e+09,-9.133085572064908320e+01
7.223215000000000000e+09,-9.150615852699965558e+01
7.223280000000000000e+09,-9.127689972441764610e+01
7.223345000000000000e+09,-9.157166635573472036e+01
7.223410000000000000e+09,-9.121003295097806074e+01
7.223475000000000000e+09,-9.150621821357788122e+01
7.223540000000000000e+09,-9.156237050709754044e+01
7.223605000000000000e+09,-9.120637181649249214e+01
7.223670000000000000e+09,-9.119845017073275528e+01
7.223735000000000000e+09,-9.120274406671080669e+01
7.223800000000000000e+09,-9.144406396687580241e+01
7.223865000000000000e+09,-9.141122712471002387e+01
7.223930000000000000e+09,-9.149524026051834369e+01
7.223995000000000000e+09,-9.140144654668246460e+01
7.224060000000000000e+09,-9.132082608650611633e+01
7.224125000000000000e+09,-9.148479236817387061e+01
7.224190000000000000e+09,-9.135700406859328382e+01
7.224255000000000000e+09,-9.154086205331037718e+01
7.224320000000000000e+09,-9.135661633117462088e+01
7.224385000000000000e+09,-9.121483649267838700e+01
7.224450000000000000e+09,-9.145508604353037185e+01
7.224515000000000000e+09,-9.148358549262368911e+01
7.224580000000000000e+09,-9.148329404495051165e+01
7.224645000000000000e+09,-9.134553274602711781e+01
7.224710000000000000e+09,-9.143385152365270585e+01
7.224775000000000000e+09,-9.141117916914326713e+01
7.224840000000000000e+09,-9.152271058615083632e+01
7.224905000000000000e+09,-9.141698344762487238e+01
7.224970000000000000e+09,-9.145267330967774910e+01
7.225035000000000000e+09,-9.125676898697614092e+01
7.225100000000000000e+09,-9.117582469361558140e+01
7.225165000000000000e+09,-9.127679606433935078e+01
7.225230000000000000e+09,-9.130394293998313060e+01
7.225295000000000000e+09,-9.133080449573941451e+01
7.225360000000000000e+09,-9.129625974395455046e+01
7.225425000000000000e+09,-9.144611322109722096e+01
7.225490000000000000e+09,-9.143332838579328836e+01
7.225555000000000000e+09,-9.135739768819621531e+01
7.225620000000000000e+09,-9.125221781738017057e+01
7.225685000000000000e+09,-9.142138839956592733e+01
7.225750000000000000e+09,-9.137725330652195055e+01
7.225815000000000000e+09,-9.127097810201323114e+01
7.225880000000000000e+09,-9.135375842190583739e+01
7.225945000000000000e+09,-9.148237162674895728e+01
7.226010000000000000e+09,-9.120904954243469831e+01
7.226075000000000000e+09,-9.140814997958375443e+01
7.226140000000000000e+09,-9.145063066322818202e+01
7.226205000000000000e+09,-9.147752991732077987e+01
7.226270000000000000e+09,-9.124243429506451264e+01
7.226335000000000000e+09,-9.111765585225070652e+01
7.226400000000000000e+09,-9.148591099127962423e+01
7.226465000000000000e+09,-9.140782691787458702e+01
7.226530000000000000e+09,-9.151697581137419490e+01
7.226595000000000000e+09,-9.151803376970391923e+01
7.226660000000000000e+09,-9.139859445103934377e+01
7.226725000000000000e+09,-9.120727554244739110e+01
7.226790000000000000e+09,-9.138589344374776147e+01
7.226855000000000000e+09,-9.143416998929595252e+01
7.226920000000000000e+09,-9.139754416850122709e+01
7.226985000000000000e+09,-9.130430421838012478e+01
7.227050000000000000e+09,-9.158046619218583828e+01
7.227115000000000000e+09,-9.132043369085263862e+01
7.227180000000000000e+09,-9.147104040931409941e+01
7.227245000000000000e+09,-9.144251992547346219e+01
7.227310000000000000e+09,-9.133111233042419030e+01
7.227375000000000000e+09,-9.122343569311291844e+01
7.227440000000000000e+09,-9.144140574278351608e+01
7.227505000000000000e+09,-9.137696544978787472e+01
7.227570000000000000e+09,-9.146433979136173775e+01
7.227635000000000000e+09,-9.128112176216242801e+01
7.227700000000000000e+09,-9.147211464652639279e+01
7.227765000000000000e+09,-9.127785343736356083e+01
7.227830000000000000e+09,-9.127936785774403461e+01
7.227895000000000000e+09,-9.133749867126448407e+01
7.227960000000000000e+09,-9.142396396810644887e+01
7.228025000000000000e+09,-9.149609611657362507e+01
7.228090000000000000e+09,-9.136631191707488142e+01
7.228155000000000000e+09,-9.149051730401735938e+01
7.228220000000000000e+09,-9.164609425813537769e+01
7.228285000000000000e+09,-9.145045216805439736e+01
7.228350000000000000e+09,-9.148135683202404778e+01
7.228415000000000000e+09,-9.129884916366300729e+01
7.228480000000000000e+09,-9.143911833713617909e+01
7.228545000000000000e+09,-9.169621760242854691e+01
7.228610000000000000e+09,-9.150108725848173208e+01
7.228675000000000000e+09,-9.127512824083039789e+01
7.228740000000000000e+09,-9.118895068765755241e+01
7.228805000000000000e+09,-9.149981782370269912e+01
7.228870000000000000e+09,-9.127332532051012493e+01
7.228935000000000000e+09,-9.137612355492547067e+01
7.229000000000000000e+09,-9.150791546506697216e+01
7.229065000000000000e+09,-9.167232710894568015e+01
7.229130000000000000e+09,-9.151118003354622488e+01
7.229195000000000000e+09,-9.155333979829887880e+01
7.229260000000000000e+09,-9.152157377329098153e+01
7.229325000000000000e+09,-9.158741588147347557e+01
7.229390000000000000e+09,-9.171488172175186548e+01
7.229455000000000000e+09,-9.150793873526892241e+01
7.229520000000000000e+09,-9.169808485238885964e+01
7.229585000000000000e+09,-9.142594742771761673e+01
7.229650000000000000e+09,-9.147194150747667152e+01
7.229715000000000000e+09,-9.165080033850000518e+01
7.229780000000000000e+09,-9.182564636786241863e+01
7.229845000000000000e+09,-9.190204261166179833e+01
7.229910000000000000e+09,-9.235463696156175217e+01
7.229975000000000000e+09,-9.260230295582297799e+01
7.230040000000000000e+09,-9.288504055889004007e+01
7.230105000000000000e+09,-9.301527111193286146e+01
7.230170000000000000e+09,-9.398481900528514643e+01
7.230235000000000000e+09,-9.872437509886110263e+01
7.230300000000000000e+09,-9.737824375469507743e+01
7.230365000000000000e+09,-9.356296052606711555e+01
7.230430000000000000e+09,-9.243208250595287723e+01
7.230495000000000000e+09,-9.203324976889747688e+01
7.230560000000000000e+09,-9.184104438382789226e+01
7.230625000000000000e+09,-9.186854603916603423e+01
7.230690000000000000e+09,-9.164403308985674812e+01
7.230755000000000000e+09,-9.141450144570883651e+01
7.230820000000000000e+09,-9.188426637827893728e+01
7.230885000000000000e+09,-9.147802313676083941e+01
7.230950000000000000e+09,-9.173215584468789530e+01
7.231015000000000000e+09,-9.147705074028743866e+01
7.231080000000000000e+09,-9.142660479622742287e+01
7.231145000000000000e+09,-9.147165708757059122e+01
7.231210000000000000e+09,-9.143276191403423070e+01
7.231275000000000000e+09,-9.151992968847515897e+01
7.231340000000000000e+09,-9.150362424985657128e+01
7.231405000000000000e+09,-9.158391885170269120e+01
7.231470000000000000e+09,-9.165432499818551548e+01
7.231535000000000000e+09,-9.138440312685702338e+01
7.231600000000000000e+09,-9.159991932233188550e+01
7.231665000000000000e+09,-9.135315854234610811e+01
7.231730000000000000e+09,-9.151717862564100869e+01
7.231795000000000000e+09,-9.150987654318186060e+01
7.231860000000000000e+09,-9.127860966924139063e+01
7.231925000000000000e+09,-9.129755982631829170e+01
7.231990000000000000e+09,-9.177651439835196356e+01
7.232055000000000000e+09,-9.164048788451047756e+01
7.232120000000000000e+09,-9.148491387531733210e+01
7.232185000000000000e+09,-9.167876141695914782e+01
7.232250000000000000e+09,-9.162493670694631476e+01
7.232315000000000000e+09,-9.147465290284043249e+01
7.232380000000000000e+09,-9.175556331093929430e+01
7.232445000000000000e+09,-9.152942337977222564e+01
7.232510000000000000e+09,-9.140100248196800692e+01
7.232575000000000000e+09,-9.176588776321752050e+01
7.232640000000000000e+09,-9.142134235374798834e+01
7.232705000000000000e+09,-9.142997887897146825e+01
7.232770000000000000e+09,-9.179574462548940517e+01
7.232835000000000000e+09,-9.154532769547432736e+01
7.232900000000000000e+09,-9.139958446305149664e+01
7.232965000000000000e+09,-9.162978426438186830e+01
7.233030000000000000e+09,-9.163276666151794814e+01
7.233095000000000000e+09,-9.161770440378808189e+01
7.233160000000000000e+09,-9.160854717188172458e+01
7.233225000000000000e+09,-9.140358078464275593e+01
7.233290000000000000e+09,-9.147608513145117115e+01
7.233355000000000000e+09,-9.155178534340672059e+01
7.233420000000000000e+09,-9.149799230239258918e+01
7.233485000000000000e+09,-9.151070465766926532e+01
7.233550000000000000e+09,-9.155116184095493281e+01
7.233615000000000000e+09,-9.174164814761702758e+01
7.233680000000000000e+09,-9.177154920259768289e+01
7.233745000000000000e+09,-9.151232220341312029e+01
7.233810000000000000e+09,-9.136284049959490972e+01
7.233875000000000000e+09,-9.162923622448396088e+01
7.233940000000000000e+09,-9.150324911717932252e+01
7.234005000000000000e+09,-9.167250054638617485e+01
7.234070000000000000e+09,-9.153996152655915353e+01
7.234135000000000000e+09,-9.136621784209512498e+01
7.234200000000000000e+09,-9.172306078107183680e+01
7.234265000000000000e+09,-9.159850213467741753e+01
7.234330000000000000e+09,-9.134270453353239816e+01
7.234395000000000000e+09,-9.163543268459139313e+01
7.234460000000000000e+09,-9.159340747446998421e+01
7.234525000000000000e+09,-9.174109281807497496e+01
7.234590000000000000e+09,-9.140120109010291571e+01
7.234655000000000000e+09,-9.158759216164918371e+01
7.234720000000000000e+09,-9.167634261871278056e+01
7.234785000000000000e+09,-9.157311595254937231e+01
7.234850000000000000e+09,-9.165679309748624348e+01
7.234915000000000000e+09,-9.145423399827413391e+01
7.234980000000000000e+09,-9.134628643302755791e+01
7.235045000000000000e+09,-9.147189418297976715e+01
7.235110000000000000e+09,-9.172066579271414355e+01
7.235175000000000000e+09,-9.151160039674277868e+01
7.235240000000000000e+09,-9.152212330363951764e+01
7.235305000000000000e+09,-9.160243230757632205e+01
7.235370000000000000e+09,-9.151548872936712087e+01
7.235435000000000000e+09,-9.162359539888623772e+01
7.235500000000000000e+09,-9.169099838650035394e+01
7.235565000000000000e+09,-9.169230917092139066e+01
7.235630000000000000e+09,-9.182814959907972252e+01
7.235695000000000000e+09,-9.168628703586243489e+01
7.235760000000000000e+09,-9.162152649138612048e+01
7.235825000000000000e+09,-9.160997659058359943e+01
7.235890000000000000e+09,-9.161877158635846286e+01
7.235955000000000000e+09,-9.169154681049816702e+01
7.236020000000000000e+09,-9.153852670438611483e+01
7.236085000000000000e+09,-9.174699753239715960e+01
7.236150000000000000e+09,-9.153756739268990827e+01
7.236215000000000000e+09,-9.200260693080213059e+01
7.236280000000000000e+09,-9.168300160416555400e+01
7.236345000000000000e+09,-9.176560519963456386e+01
7.236410000000000000e+09,-9.139226383779887897e+01
7.236475000000000000e+09,-9.165521370297371107e+01
7.236540000000000000e+09,-9.157652484866079590e+01
7.236605000000000000e+09,-9.153183883040300373e+01
7.236670000000000000e+09,-9.156837890373520850e+01
7.236735000000000000e+09,-9.170136936573993580e+01
7.236800000000000000e+09,-9.160478872539701456e+01
7.236865000000000000e+09,-9.158078323065880966e+01
7.236930000000000000e+09,-9.135642253286096093e+01
7.236995000000000000e+09,-9.145502274295535017e+01
7.237060000000000000e+09,-9.129624064186870669e+01
7.237125000000000000e+09,-9.187513343242407871e+01
7.237190000000000000e+09,-9.167221327685734877e+01
7.237255000000000000e+09,-9.155245874682400142e+01
7.237320000000000000e+09,-9.163635355129747495e+01
7.237385000000000000e+09,-9.180771166910041359e+01
7.237450000000000000e+09,-9.164768685242495394e+01
7.237515000000000000e+09,-9.156286725938549864e+01
7.237580000000000000e+09,-9.172490722089148107e+01
7.237645000000000000e+09,-9.153854183096669317e+01
7.237710000000000000e+09,-9.154162585569838484e+01
7.237775000000000000e+09,-9.184121584751751755e+01
7.237840000000000000e+09,-9.157487805880958831e+01
7.237905000000000000e+09,-9.165962739585108920e+01
7.237970000000000000e+09,-9.175725627006119112e+01
7.238035000000000000e+09,-9.156613148155534532e+01
7.238100000000000000e+09,-9.188067658846969721e+01
7.238165000000000000e+09,-9.124942429429984259e+01
7.238230000000000000e+09,-9.152439786674929678e+01
7.238295000000000000e+09,-9.167978483050580962e+01
7.238360000000000000e+09,-9.155910880172325506e+01
7.238425000000000000e+09,-9.161845399939628010e+01
7.238490000000000000e+09,-9.188821417120584556e+01
7.238555000000000000e+09,-9.163336419710989844e+01
7.238620000000000000e+09,-9.155184508705622193e+01
7.238685000000000000e+09,-9.150022827469553022e+01
7.238750000000000000e+09,-9.149946370092959569e+01
7.238815000000000000e+09,-9.145845550142905722e+01
7.238880000000000000e+09,-9.159552692533202389e+01
7.238945000000000000e+09,-9.192751925412156311e+01
7.239010000000000000e+09,-9.162597659716816167e+01
7.239075000000000000e+09,-9.183369526979529951e+01
7.239140000000000000e+09,-9.139508143592152578e+01
7.239205000000000000e+09,-9.152667789927212993e+01
7.239270000000000000e+09,-9.154869361108508485e+01
7.239335000000000000e+09,-9.178735782855703462e+01
7.239400000000000000e+09,-9.184938677060736723e+01
7.239465000000000000e+09,-9.166609078936727428e+01
7.239530000000000000e+09,-9.191155994166898324e+01
7.239595000000000000e+09,-9.148628980917817444e+01
7.239660000000000000e+09,-9.168207950771864034e+01
7.239725000000000000e+09,-9.173668940133183014e+01
7.239790000000000000e+09,-9.181694206619596343e+01
7.239855000000000000e+09,-9.172110198648552171e+01
7.239920000000000000e+09,-9.154307814879685168e+01
7.239985000000000000e+09,-9.151637726512048232e+01
7.240050000000000000e+09,-9.175887197101073411e+01
7.240115000000000000e+09,-9.154785438048565993e+01
7.240180000000000000e+09,-9.151176745683090985e+01
7.240245000000000000e+09,-9.156462184203590482e+01
7.240310000000000000e+09,-9.164825376503102916e+01
7.240375000000000000e+09,-9.174027916975950347e+01
7.240440000000000000e+09,-9.166062582364686762e+01
7.240505000000000000e+09,-9.183937714424092746e+01
7.240570000000000000e+09,-9.181923086699227099e+01
7.240635000000000000e+09,-9.191520714125016411e+01
7.240700000000000000e+09,-9.147204250306270978e+01
7.240765000000000000e+09,-9.153650015740200274e+01
7.240830000000000000e+09,-9.164797909285503863e+01
7.240895000000000000e+09,-9.135500352532361035e+01
7.240960000000000000e+09,-9.183847197415433072e+01
7.241025000000000000e+09,-9.161709747652395208e+01
7.241090000000000000e+09,-9.172027336364115513e+01
7.241155000000000000e+09,-9.188026176207995377e+01
7.241220000000000000e+09,-9.151238791955097440e+01
7.241285000000000000e+09,-9.178313430448304189e+01
7.241350000000000000e+09,-9.160779067235978346e+01
7.241415000000000000e+09,-9.180254932897653930e+01
7.241480000000000000e+09,-9.161187420830992778e+01
7.241545000000000000e+09,-9.164144676523009991e+01
7.241610000000000000e+09,-9.188959607791952067e+01
7.241675000000000000e+09,-9.160715344696956208e+01
7.241740000000000000e+09,-9.174637512275850781e+01
7.241805000000000000e+09,-9.172600308430098437e+01
7.241870000000000000e+09,-9.192207015325899988e+01
7.241935000000000000e+09,-9.171102224658254443e+01
7.242000000000000000e+09,-9.165710687632991949e+01
7.242065000000000000e+09,-9.163610896635462666e+01
7.242130000000000000e+09,-9.170882117002243206e+01
7.242195000000000000e+09,-9.158028021180031431e+01
7.242260000000000000e+09,-9.159688022094947257e+01
7.242325000000000000e+09,-9.184560266335236633e+01
7.242390000000000000e+09,-9.151851942435243359e+01
7.242455000000000000e+09,-9.188720520672725911e+01
7.242520000000000000e+09,-9.175661841828394927e+01
7.242585000000000000e+09,-9.175352109761573161e+01
7.242650000000000000e+09,-9.171576328270886336e+01
7.242715000000000000e+09,-9.175345907677700552e+01
7.242780000000000000e+09,-9.163954285468612682e+01
7.242845000000000000e+09,-9.165267019446274332e+01
7.242910000000000000e+09,-9.161649089908357269e+01
7.242975000000000000e+09,-9.174295823587468135e+01
7.243040000000000000e+09,-9.160327984957928038e+01
7.243105000000000000e+09,-9.188607286545800434e+01
7.243170000000000000e+09,-9.171475550522835363e+01
7.243235000000000000e+09,-9.179857797218735982e+01
7.243300000000000000e+09,-9.181641524426282785e+01
7.243365000000000000e+09,-9.188239914859236990e+01
7.243430000000000000e+09,-9.174472495781654402e+01
7.243495000000000000e+09,-9.191742475965163806e+01
7.243560000000000000e+09,-9.152700039691126221e+01
7.243625000000000000e+09,-9.162365810815049372e+01
7.243690000000000000e+09,-9.172757346970909964e+01
7.243755000000000000e+09,-9.157083293303166727e+01
7.243820000000000000e+09,-9.176955818510558061e+01
7.243885000000000000e+09,-9.157923613722766731e+01
7.243950000000000000e+09,-9.185017384029173115e+01
7.244015000000000000e+09,-9.182645111382672098e+01
7.244080000000000000e+09,-9.153927688187037859e+01
7.244145000000000000e+09,-9.184753154359302130e+01
7.244210000000000000e+09,-9.156695990097051663e+01
7.244275000000000000e+09,-9.171834028149093854e+01
7.244340000000000000e+09,-9.188504873986150301e+01
7.244405000000000000e+09,-9.167736672678152843e+01
7.244470000000000000e+09,-9.169418524152143846e+01
7.244535000000000000e+09,-9.183629434022407168e+01
7.244600000000000000e+09,-9.154591529404596884e+01
7.244665000000000000e+09,-9.193490500860313830e+01
7.244730000000000000e+09,-9.174713663942765152e+01
7.244795000000000000e+09,-9.173192098241088388e+01
7.244860000000000000e+09,-9.179715138723176437e+01
7.244925000000000000e+09,-9.177763209317478754e+01
7.244990000000000000e+09,-9.179130807627190336e+01
7.245055000000000000e+09,-9.188330196463257948e+01
7.245120000000000000e+09,-9.144549358754220236e+01
7.245185000000000000e+09,-9.181197845404257407e+01
7.245250000000000000e+09,-9.166892228047125002e+01
7.245315000000000000e+09,-9.184499766872261262e+01
7.245380000000000000e+09,-9.146731549142569406e+01
7.245445000000000000e+09,-9.188482321984312762e+01
7.245510000000000000e+09,-9.145085288551784686e+01
7.245575000000000000e+09,-9.159164525334628593e+01
7.245640000000000000e+09,-9.175508102285142797e+01
7.245705000000000000e+09,-9.146311727658331847e+01
7.245770000000000000e+09,-9.173262966501178539e+01
7.245835000000000000e+09,-9.146177074799800266e+01
7.245900000000000000e+09,-9.174537681077330831e+01
7.245965000000000000e+09,-9.168946307308500820e+01
7.246030000000000000e+09,-9.162875345983474062e+01
7.246095000000000000e+09,-9.162475521811444423e+01
7.246160000000000000e+09,-9.179615598197273130e+01
7.246225000000000000e+09,-9.191960606684182267e+01
7.246290000000000000e+09,-9.139765608022804599e+01
7.246355000000000000e+09,-9.192980182846193316e+01
7.246420000000000000e+09,-9.151918447444218430e+01
7.246485000000000000e+09,-9.169589296520491928e+01
7.246550000000000000e+09,-9.165711639474581318e+01
7.246615000000000000e+09,-9.174466420573453718e+01
7.246680000000000000e+09,-9.165354300290694312e+01
7.246745000000000000e+09,-9.153207469124512841e+01
7.246810000000000000e+09,-9.190458143772499966e+01
7.246875000000000000e+09,-9.185935340643328573e+01
7.246940000000000000e+09,-9.175922838211729982e+01
7.247005000000000000e+09,-9.168435203717186255e+01
7.247070000000000000e+09,-9.216988352961281805e+01
7.247135000000000000e+09,-9.192872606005720115e+01
7.247200000000000000e+09,-9.167299506051818980e+01
7.247265000000000000e+09,-9.177589121573430475e+01
7.247330000000000000e+09,-9.187115174830496755e+01
7.247395000000000000e+09,-9.150242059849965415e+01
7.247460000000000000e+09,-9.166163126078798484e+01
7.247525000000000000e+09,-9.188141979843400975e+01
7.247590000000000000e+09,-9.188164524421155477e+01
7.247655000000000000e+09,-9.168500044110869851e+01
7.247720000000000000e+09,-9.188177208391265083e+01
7.247785000000000000e+09,-9.152077746413704062e+01
7.247850000000000000e+09,-9.203010397974921375e+01
7.247915000000000000e+09,-9.164105120181247344e+01
7.247980000000000000e+09,-9.175599605692309524e+01
7.248045000000000000e+09,-9.160775286867881562e+01
7.248110000000000000e+09,-9.180505871204391610e+01
7.248175000000000000e+09,-9.159198209276445368e+01
7.248240000000000000e+09,-9.158087382625053863e+01
7.248305000000000000e+09,-9.152525548689706625e+01
7.248370000000000000e+09,-9.180937123004262901e+01
7.248435000000000000e+09,-9.169126431429596380e+01
7.248500000000000000e+09,-9.173688565582227739e+01
7.248565000000000000e+09,-9.184284698830715854e+01
7.248630000000000000e+09,-9.177804862023158705e+01
7.248695000000000000e+09,-9.166533377227587209e+01
7.248760000000000000e+09,-9.193073724210414355e+01
7.248825000000000000e+09,-9.160277226387228211e+01
7.248890000000000000e+09,-9.190968361083747595e+01
7.248955000000000000e+09,-9.189646023793750373e+01
7.249020000000000000e+09,-9.167670190808294706e+01
7.249085000000000000e+09,-9.166401953992655649e+01
7.249150000000000000e+09,-9.199700961410889022e+01
7.249215000000000000e+09,-9.175883735274121022e+01
7.249280000000000000e+09,-9.197900129135044267e+01
7.249345000000000000e+09,-9.185478344626220348e+01
7.249410000000000000e+09,-9.207420580305522151e+01
7.249475000000000000e+09,-9.178106421564103812e+01
7.249540000000000000e+09,-9.190067143294429286e+01
7.249605000000000000e+09,-9.180247378412616399e+01
7.249670000000000000e+09,-9.175355931094324546e+01
7.249735000000000000e+09,-9.184788507147956693e+01
7.249800000000000000e+09,-9.168045161698843515e+01
7.249865000000000000e+09,-9.185196665238187563e+01
7.249930000000000000e+09,-9.164503129596877784e+01
7.249995000000000000e+09,-9.191193060008063753e+01
7.250060000000000000e+09,-9.201754741721158837e+01
7.250125000000000000e+09,-9.166133622495411259e+01
7.250190000000000000e+09,-9.195006639891177258e+01
7.250255000000000000e+09,-9.208089831226259037e+01
7.250320000000000000e+09,-9.176165438507545957e+01
7.250385000000000000e+09,-9.187711444938004490e+01
7.250450000000000000e+09,-9.176891926243699515e+01
7.250515000000000000e+09,-9.197496426209200138e+01
7.250580000000000000e+09,-9.203494064703531308e+01
7.250645000000000000e+09,-9.197000164766939179e+01
7.250710000000000000e+09,-9.179548528821449338e+01
7.250775000000000000e+09,-9.163501749351769377e+01
7.250840000000000000e+09,-9.185202044153568579e+01
7.250905000000000000e+09,-9.191268703010337049e+01
7.250970000000000000e+09,-9.186775876024967147e+01
7.251035000000000000e+09,-9.209799871332361931e+01
7.251100000000000000e+09,-9.187097118089667447e+01
7.251165000000000000e+09,-9.175508454741250830e+01
7.251230000000000000e+09,-9.190258142240020334e+01
7.251295000000000000e+09,-9.190407213870116720e+01
7.251360000000000000e+09,-9.205231693680289595e+01
7.251425000000000000e+09,-9.176296957255283360e+01
7.251490000000000000e+09,-9.161020325239603324e+01
7.251555000000000000e+09,-9.186055601762022604e+01
7.251620000000000000e+09,-9.168409019605299193e+01
7.251685000000000000e+09,-9.172409558389020390e+01
7.251750000000000000e+09,-9.208435624208195236e+01
7.251815000000000000e+09,-9.184483304774136059e+01
7.251880000000000000e+09,-9.193668333164171713e+01
7.251945000000000000e+09,-9.171333656121660738e+01
7.252010000000000000e+09,-9.173153329376525278e+01
7.252075000000000000e+09,-9.178225480104600820e+01
7.252140000000000000e+09,-9.194011344605601721e+01
7.252205000000000000e+09,-9.194846181700646071e+01
7.252270000000000000e+09,-9.187001011847218024e+01
7.252335000000000000e+09,-9.175175119425159664e+01
7.252400000000000000e+09,-9.180136012285987590e+01
7.252465000000000000e+09,-9.185684643896607326e+01
7.252530000000000000e+09,-9.187698686565875050e+01
7.252595000000000000e+09,-9.221681001199388561e+01
7.252660000000000000e+09,-9.195342950394307024e+01
7.252725000000000000e+09,-9.198069834194248529e+01
7.252790000000000000e+09,-9.194269194801513834e+01
7.252855000000000000e+09,-9.185715436674527723e+01
7.252920000000000000e+09,-9.179504722087477830e+01
7.252985000000000000e+09,-9.190794799686690908e+01
7.253050000000000000e+09,-9.192964476035032817e+01
7.253115000000000000e+09,-9.167644203300253025e+01
7.253180000000000000e+09,-9.181912674715582057e+01
7.253245000000000000e+09,-9.205629378122843320e+01
7.253310000000000000e+09,-9.190570069695935729e+01
7.253375000000000000e+09,-9.210405518132560587e+01
7.253440000000000000e+09,-9.190567837886615621e+01
7.253505000000000000e+09,-9.180135827412982508e+01
7.253570000000000000e+09,-9.180533398884612950e+01
7.253635000000000000e+09,-9.188457563432592679e+01
7.253700000000000000e+09,-9.176206789058944935e+01
7.253765000000000000e+09,-9.222108847101863205e+01
7.253830000000000000e+09,-9.232943906670817569e+01
7.253895000000000000e+09,-9.209774244022584355e+01
7.253960000000000000e+09,-9.180086379559362797e+01
7.254025000000000000e+09,-9.176648296026614560e+01
7.254090000000000000e+09,-9.202052884192390536e+01
7.254155000000000000e+09,-9.207299351939309418e+01
7.254220000000000000e+09,-9.216103899043008596e+01
7.254285000000000000e+09,-9.186833465872089732e+01
7.254350000000000000e+09,-9.208036138424833439e+01
7.254415000000000000e+09,-9.182249358866707212e+01
7.254480000000000000e+09,-9.197369113327269474e+01
7.254545000000000000e+09,-9.216108609278643371e+01
7.254610000000000000e+09,-9.208553506986321224e+01
7.254675000000000000e+09,-9.200354763848564232e+01
7.254740000000000000e+09,-9.196673304991095677e+01
7.254805000000000000e+09,-9.183608580589765324e+01
7.254870000000000000e+09,-9.193016169069994703e+01
7.254935000000000000e+09,-9.186767401253987941e+01
7.255000000000000000e+09,-9.197240133337811585e+01
7.255065000000000000e+09,-9.213486298518444073e+01
7.255130000000000000e+09,-9.193877904893642494e+01
7.255195000000000000e+09,-9.206814927586290764e+01
7.255260000000000000e+09,-9.220832533960914645e+01
7.255325000000000000e+09,-9.217782037882854240e+01
7.255390000000000000e+09,-9.208000369539146845e+01
7.255455000000000000e+09,-9.200712404265907196e+01
7.255520000000000000e+09,-9.200989509951349987e+01
7.255585000000000000e+09,-9.199596551661878152e+01
7.255650000000000000e+09,-9.218374940369044168e+01
7.255715000000000000e+09,-9.199267790081765384e+01
7.255780000000000000e+09,-9.243524063150672987e+01
7.255845000000000000e+09,-9.201948489862232350e+01
7.255910000000000000e+09,-9.205637139955413772e+01
7.255975000000000000e+09,-9.194064119251487455e+01
7.256040000000000000e+09,-9.224088732240662125e+01
7.256105000000000000e+09,-9.203359043843369136e+01
7.256170000000000000e+09,-9.220698843703316072e+01
7.256235000000000000e+09,-9.206853435784809392e+01
7.256300000000000000e+09,-9.207189061548027098e+01
7.256365000000000000e+09,-9.197479117787298719e+01
7.256430000000000000e+09,-9.211998637279282320e+01
7.256495000000000000e+09,-9.187888351125992870e+01
7.256560000000000000e+09,-9.190543231937910207e+01
7.256625000000000000e+09,-9.212075575848263043e+01
7.256690000000000000e+09,-9.214823081151615725e+01
7.256755000000000000e+09,-9.233433195439046415e+01
7.256820000000000000e+09,-9.191092021987309124e+01
7.256885000000000000e+09,-9.220953983086334915e+01
7.256950000000000000e+09,-9.206519696262104446e+01
7.257015000000000000e+09,-9.201142756151503477e+01
7.257080000000000000e+09,-9.218151885423202430e+01
7.257145000000000000e+09,-9.201287819126071099e+01
7.257210000000000000e+09,-9.211319150756237661e+01
7.257275000000000000e+09,-9.199244928004462452e+01
7.257340000000000000e+09,-9.213624108561654680e+01
7.257405000000000000e+09,-9.218797954876356471e+01
7.257470000000000000e+09,-9.204364230078503795e+01
7.257535000000000000e+09,-9.237522549366671853e+01
7.257600000000000000e+09,-9.195578364472034139e+01
7.257665000000000000e+09,-9.254369867621791457e+01
7.257730000000000000e+09,-9.200374466915110361e+01
7.257795000000000000e+09,-9.221553472015195041e+01
7.257860000000000000e+09,-9.216001357396686444e+01
7.257925000000000000e+09,-9.211819043760391423e+01
7.257990000000000000e+09,-9.227368461218573259e+01
7.258055000000000000e+09,-9.239017588704635386e+01
7.258120000000000000e+09,-9.203144053261623014e+01
7.258185000000000000e+09,-9.232285434869805840e+01
7.258250000000000000e+09,-9.212572712776702133e+01
7.258315000000000000e+09,-9.221017593649952460e+01
7.258380000000000000e+09,-9.219868538374058176e+01
7.258445000000000000e+09,-9.203290548664554649e+01
7.258510000000000000e+09,-9.226590043962872301e+01
7.258575000000000000e+09,-9.220167918530847828e+01
7.258640000000000000e+09,-9.208004705362520781e+01
7.258705000000000000e+09,-9.217343545359793211e+01
7.258770000000000000e+09,-9.213474554006724304e+01
7.258835000000000000e+09,-9.231164838141948792e+01
7.258900000000000000e+09,-9.223982437379804367e+01
7.258965000000000000e+09,-9.226502231646813357e+01
7.259030000000000000e+09,-9.218240775171479129e+01
7.259095000000000000e+09,-9.198248803954697905e+01
7.259160000000000000e+09,-9.216554676923490774e+01
7.259225000000000000e+09,-9.230777593877790821e+01
7.259290000000000000e+09,-9.213690666816306418e+01
7.259355000000000000e+09,-9.225676339340337506e+01
7.259420000000000000e+09,-9.212756057230274109e+01
7.259485000000000000e+09,-9.210017102872654959e+01
7.259550000000000000e+09,-9.219389325011640324e+01
7.259615000000000000e+09,-9.218377611933485127e+01
7.259680000000000000e+09,-9.192498658827059899e+01
7.259745000000000000e+09,-9.209880057901726502e+01
7.259810000000000000e+09,-9.199787690501042903e+01
7.259875000000000000e+09,-9.243011188112288323e+01
7.259940000000000000e+09,-9.206017048922566914e+01
7.260005000000000000e+09,-9.240448924939377662e+01
7.260070000000000000e+09,-9.208647403685969834e+01
7.260135000000000000e+09,-9.216947138628069069e+01
7.260200000000000000e+09,-9.228021400664272278e+01
7.260265000000000000e+09,-9.205668539252569360e+01
7.260330000000000000e+09,-9.218383182432204137e+01
7.260395000000000000e+09,-9.218584097772085784e+01
7.260460000000000000e+09,-9.226848496459749072e+01
7.260525000000000000e+09,-9.216997655544432178e+01
7.260590000000000000e+09,-9.223649357180758557e+01
7.260655000000000000e+09,-9.209629724146772389e+01
7.260720000000000000e+09,-9.213992476254489361e+01
7.260785000000000000e+09,-9.212544249423375220e+01
7.260850000000000000e+09,-9.228897329675005778e+01
7.260915000000000000e+09,-9.205017284389269605e+01
7.260980000000000000e+09,-9.219042976120461219e+01
7.261045000000000000e+09,-9.224741986895624279e+01
7.261110000000000000e+09,-9.245148584118615531e+01
7.261175000000000000e+09,-9.244262671166265477e+01
7.261240000000000000e+09,-9.256836781745148812e+01
7.261305000000000000e+09,-9.240471918399038032e+01
7.261370000000000000e+09,-9.253513688060735376e+01
7.261435000000000000e+09,-9.242325017716366631e+01
7.261500000000000000e+09,-9.254708798932088598e+01
7.261565000000000000e+09,-9.290898107055818400e+01
7.261630000000000000e+09,-9.274819873971580364e+01
7.261695000000000000e+09,-9.321498262927025280e+01
7.261760000000000000e+09,-9.388971356454052852e+01
7.261825000000000000e+09,-9.402588667588743476e+01
7.261890000000000000e+09,-9.448628079100319610e+01
7.261955000000000000e+09,-9.686228150935180281e+01
7.262020000000000000e+09,-1.011436505562645749e+02
7.262085000000000000e+09,-9.607559483298987857e+01
7.262150000000000000e+09,-9.407272274163648262e+01
7.262215000000000000e+09,-9.301741246349735093e+01
7.262280000000000000e+09,-9.274429831338657948e+01
7.262345000000000000e+09,-9.254643648896455943e+01
7.262410000000000000e+09,-9.259514657003684590e+01
7.262475000000000000e+09,-9.256411459228110061e+01
7.262540000000000000e+09,-9.238157194100924130e+01
7.262605000000000000e+09,-9.221980291887382464e+01
7.262670000000000000e+09,-9.229127818216419143e+01
7.262735000000000000e+09,-9.221559418974661071e+01
7.262800000000000000e+09,-9.233111952891191265e+01
7.262865000000000000e+09,-9.240961876628088589e+01
7.262930000000000000e+09,-9.239896847109299927e+01
7.262995000000000000e+09,-9.235942019639014688e+01
7.263060000000000000e+09,-9.225878194632214502e+01
7.263125000000000000e+09,-9.238147125628839262e+01
7.263190000000000000e+09,-9.244747958798382115e+01
7.263255000000000000e+09,-9.201696219646026975e+01
7.263320000000000000e+09,-9.213682295113753185e+01
7.263385000000000000e+09,-9.224322720819245092e+01
7.263450000000000000e+09,-9.252904119482879253e+01
7.263515000000000000e+09,-9.235332385989387660e+01
7.263580000000000000e+09,-9.199666189981689968e+01
7.263645000000000000e+09,-9.245060624662542637e+01
7.263710000000000000e+09,-9.232501859353416762e+01
7.263775000000000000e+09,-9.228718034231953027e+01
7.263840000000000000e+09,-9.205538445096854616e+01
7.263905000000000000e+09,-9.243352979029094740e+01
7.263970000000000000e+09,-9.265405831437061579e+01
7.264035000000000000e+09,-9.242114540008394385e+01
7.264100000000000000e+09,-9.246525647544100934e+01
7.264165000000000000e+09,-9.239296787554701496e+01
7.264230000000000000e+09,-9.238209729653158320e+01
7.264295000000000000e+09,-9.215577008713711393e+01
7.264360000000000000e+09,-9.232765122921826162e+01
7.264425000000000000e+09,-9.211823319602102345e+01
7.264490000000000000e+09,-9.228292234244594283e+01
7.264555000000000000e+09,-9.237431531304628152e+01
7.264620000000000000e+09,-9.221113533205100055e+01
7.264685000000000000e+09,-9.208780405186669782e+01
7.264750000000000000e+09,-9.205343519829527565e+01
7.264815000000000000e+09,-9.238324171664844187e+01
7.264880000000000000e+09,-9.243154290884659474e+01
7.264945000000000000e+09,-9.259076995139596988e+01
7.265010000000000000e+09,-9.240275473329189992e+01
7.265075000000000000e+09,-9.240005597471083831e+01
7.265140000000000000e+09,-9.231148627054643896e+01
7.265205000000000000e+09,-9.204008050724083034e+01
7.265270000000000000e+09,-9.232942863002861600e+01
7.265335000000000000e+09,-9.225051388762784654e+01
7.265400000000000000e+09,-9.246168767011201339e+01
7.265465000000000000e+09,-9.216314567572139538e+01
7.265530000000000000e+09,-9.190786085062222810e+01
7.265595000000000000e+09,-9.227916989623835775e+01
7.265660000000000000e+09,-9.191015225350083995e+01
7.265725000000000000e+09,-9.229318253217867607e+01
7.265790000000000000e+09,-9.258369095556487594e+01
7.265855000000000000e+09,-9.243384816881433608e+01
7.265920000000000000e+09,-9.226857104761465678e+01
7.265985000000000000e+09,-9.222277758795686964e+01
7.266050000000000000e+09,-9.210972709583798235e+01
7.266115000000000000e+09,-9.215093181380512988e+01
7.266180000000000000e+09,-9.216089522998282746e+01
7.266245000000000000e+09,-9.211669197571566770e+01
7.266310000000000000e+09,-9.245902152279199981e+01
7.266375000000000000e+09,-9.238271659896705046e+01
7.266440000000000000e+09,-9.213671947773727311e+01
7.266505000000000000e+09,-9.243492329746555924e+01
7.266570000000000000e+09,-9.230538602670712578e+01
7.266635000000000000e+09,-9.204236961679184503e+01
7.266700000000000000e+09,-9.239683933642537284e+01
7.266765000000000000e+09,-9.219484032498118609e+01
7.266830000000000000e+09,-9.214917495924991897e+01
7.266895000000000000e+09,-9.234192559113267862e+01
7.266960000000000000e+09,-9.222836898483097912e+01
7.267025000000000000e+09,-9.206316434319265340e+01
7.267090000000000000e+09,-9.233647806918794743e+01
7.267155000000000000e+09,-9.226593566370851818e+01
7.267220000000000000e+09,-9.253686771712486347e+01
7.267285000000000000e+09,-9.222673682414765040e+01
7.267350000000000000e+09,-9.243684366819243792e+01
7.267415000000000000e+09,-9.203002001251653041e+01
7.267480000000000000e+09,-9.219691947298214529e+01
7.267545000000000000e+09,-9.218472501044765011e+01
7.267610000000000000e+09,-9.238739742799580767e+01
7.267675000000000000e+09,-9.231504020808733912e+01
7.267740000000000000e+09,-9.238031596767615383e+01
7.267805000000000000e+09,-9.229881247138825984e+01
7.267870000000000000e+09,-9.227873543852859939e+01
7.267935000000000000e+09,-9.250167662797230150e+01
7.268000000000000000e+09,-9.214033752808298061e+01
7.268065000000000000e+09,-9.237950030616661934e+01
7.268130000000000000e+09,-9.241517910223842591e+01
7.268195000000000000e+09,-9.226327179229984665e+01
7.268260000000000000e+09,-9.244510183686554683e+01
7.268325000000000000e+09,-9.262827318861569381e+01
7.268390000000000000e+09,-9.246402263550135103e+01
7.268455000000000000e+09,-9.233314641129115330e+01
7.268520000000000000e+09,-9.236422144365494091e+01
7.268585000000000000e+09,-9.237069407467660653e+01
7.268650000000000000e+09,-9.229111759673934046e+01
7.268715000000000000e+09,-9.209256596420695473e+01
7.268780000000000000e+09,-9.226068399061941250e+01
7.268845000000000000e+09,-9.242094120924905098e+01
7.268910000000000000e+09,-9.233808011474076238e+01
7.268975000000000000e+09,-9.227745659706042147e+01
7.269040000000000000e+09,-9.248779201049200083e+01
7.269105000000000000e+09,-9.243432135451010367e+01
7.269170000000000000e+09,-9.220254030624646191e+01
7.269235000000000000e+09,-9.243334154935715219e+01
7.269300000000000000e+09,-9.239360089522662633e+01
7.269365000000000000e+09,-9.215914963270338944e+01
7.269430000000000000e+09,-9.227758726991248750e+01
7.269495000000000000e+09,-9.223533190642280033e+01
7.269560000000000000e+09,-9.244106312834375672e+01
7.269625000000000000e+09,-9.239945519124837858e+01
7.269690000000000000e+09,-9.224771827149314163e+01
7.269755000000000000e+09,-9.237279992494060821e+01
7.269820000000000000e+09,-9.268516813738170868e+01
7.269885000000000000e+09,-9.232033480355639199e+01
7.269950000000000000e+09,-9.235301982425625056e+01
7.270015000000000000e+09,-9.251698692975516281e+01
7.270080000000000000e+09,-9.196821416329751742e+01
7.270145000000000000e+09,-9.251564355285667318e+01
7.270210000000000000e+09,-9.233074555416646945e+01
7.270275000000000000e+09,-9.236314345390943004e+01
7.270340000000000000e+09,-9.210311828392727307e+01
7.270405000000000000e+09,-9.247535644162550739e+01
7.270470000000000000e+09,-9.269447590279656879e+01
7.270535000000000000e+09,-9.222379568737721911e+01
7.270600000000000000e+09,-9.224743273650008746e+01
7.270665000000000000e+09,-9.233970518282728790e+01
7.270730000000000000e+09,-9.233376487200501970e+01
7.270795000000000000e+09,-9.248404365704396923e+01
7.270860000000000000e+09,-9.264602599358177315e+01
7.270925000000000000e+09,-9.224311959541275030e+01
7.270990000000000000e+09,-9.228177317965284487e+01
7.271055000000000000e+09,-9.233598749207131107e+01
7.271120000000000000e+09,-9.248176629598489740e+01
7.271185000000000000e+09,-9.233497452097297753e+01
7.271250000000000000e+09,-9.235816692921387983e+01
7.271315000000000000e+09,-9.262182940355721428e+01
7.271380000000000000e+09,-9.252083913494206513e+01
7.271445000000000000e+09,-9.237015572945472286e+01
7.271510000000000000e+09,-9.263736962136867703e+01
7.271575000000000000e+09,-9.261765049978181708e+01
7.271640000000000000e+09,-9.244244173144562637e+01
7.271705000000000000e+09,-9.262121957025611607e+01
7.271770000000000000e+09,-9.225754143112081351e+01
7.271835000000000000e+09,-9.234658712587575735e+01
7.271900000000000000e+09,-9.228114845360249774e+01
7.271965000000000000e+09,-9.222204613629011760e+01
7.272030000000000000e+09,-9.248178820843683923e+01
7.272095000000000000e+09,-9.236364110664069926e+01
7.272160000000000000e+09,-9.259644113747583560e+01
7.272225000000000000e+09,-9.232982715414996733e+01
7.272290000000000000e+09,-9.242418738949645274e+01
7.272355000000000000e+09,-9.248551297413463601e+01
7.272420000000000000e+09,-9.228598181321365246e+01
7.272485000000000000e+09,-9.264667076335273066e+01
7.272550000000000000e+09,-9.243173195578386014e+01
7.272615000000000000e+09,-9.253715149540002471e+01
7.272680000000000000e+09,-9.248031542122060955e+01
7.272745000000000000e+09,-9.231100189020801849e+01
7.272810000000000000e+09,-9.248321358494904132e+01
7.272875000000000000e+09,-9.240785112493810516e+01
7.272940000000000000e+09,-9.252573767932354087e+01
7.273005000000000000e+09,-9.233501766571799863e+01
7.273070000000000000e+09,-9.230830743947025496e+01
7.273135000000000000e+09,-9.275785771775690591e+01
7.273200000000000000e+09,-9.230651554820035187e+01
7.273265000000000000e+09,-9.258431238072313363e+01
7.273330000000000000e+09,-9.245209077798450892e+01
7.273395000000000000e+09,-9.229566461937099575e+01
7.273460000000000000e+09,-9.263678936554727272e+01
7.273525000000000000e+09,-9.237856260639986772e+01
7.273590000000000000e+09,-9.241682800807595299e+01
7.273655000000000000e+09,-9.230562679817958838e+01
7.273720000000000000e+09,-9.266786752098616375e+01
7.273785000000000000e+09,-9.236064062651706763e+01
7.273850000000000000e+09,-9.267164674864302754e+01
7.273915000000000000e+09,-9.281884015687010958e+01
7.273980000000000000e+09,-9.256666868204577270e+01
7.274045000000000000e+09,-9.240691103150243180e+01
7.274110000000000000e+09,-9.256818644036654575e+01
7.274175000000000000e+09,-9.259344259003211164e+01
7.274240000000000000e+09,-9.252584412951696891e+01
7.274305000000000000e+09,-9.231394553427253413e+01
7.274370000000000000e+09,-9.253296658096053307e+01
7.274435000000000000e+09,-9.263005137145299273e+01
7.274500000000000000e+09,-9.246251945566798724e+01
7.274565000000000000e+09,-9.240162818354619390e+01
7.274630000000000000e+09,-9.256168920849147241e+01
7.274695000000000000e+09,-9.262516207466708806e+01
7.274760000000000000e+09,-9.276514696484063904e+01
7.274825000000000000e+09,-9.277520430739386370e+01
7.274890000000000000e+09,-9.245342828337525987e+01
7.274955000000000000e+09,-9.240266385268529348e+01
7.275020000000000000e+09,-9.270744964130295784e+01
7.275085000000000000e+09,-9.264500101640165042e+01
7.275150000000000000e+09,-9.270328175424232597e+01
7.275215000000000000e+09,-9.264913138272284243e+01
7.275280000000000000e+09,-9.269827875029237418e+01
7.275345000000000000e+09,-9.229427274647342472e+01
7.275410000000000000e+09,-9.259853754747466326e+01
7.275475000000000000e+09,-9.252532763989691489e+01
7.275540000000000000e+09,-9.260911152282390901e+01
7.275605000000000000e+09,-9.256267327462708749e+01
7.275670000000000000e+09,-9.286946783975267294e+01
7.275735000000000000e+09,-9.241559998912200058e+01
7.275800000000000000e+09,-9.266835269577046574e+01
7.275865000000000000e+09,-9.246247219709661636e+01
7.275930000000000000e+09,-9.262689375388899293e+01
7.275995000000000000e+09,-9.260064030568136673e+01
7.276060000000000000e+09,-9.241857259935417801e+01
7.276125000000000000e+09,-9.269293587106355403e+01
7.276190000000000000e+09,-9.297131100402469883e+01
7.276255000000000000e+09,-9.249896905882260967e+01
7.276320000000000000e+09,-9.254260520623276420e+01
7.276385000000000000e+09,-9.254225363873040067e+01
7.276450000000000000e+09,-9.265702154762843179e+01
7.276515000000000000e+09,-9.251465994216856359e+01
7.276580000000000000e+09,-9.278344817249269738e+01
7.276645000000000000e+09,-9.255349579477746147e+01
7.276710000000000000e+09,-9.274370747613595256e+01
7.276775000000000000e+09,-9.280677245614717208e+01
7.276840000000000000e+09,-9.264972843673075431e+01
7.276905000000000000e+09,-9.274230949464995888e+01
7.276970000000000000e+09,-9.263503926685409340e+01
7.277035000000000000e+09,-9.259111047560577390e+01
7.277100000000000000e+09,-9.262623087960677992e+01
7.277165000000000000e+09,-9.281185302095556722e+01
7.277230000000000000e+09,-9.283665346833873855e+01
7.277295000000000000e+09,-9.270948396749339793e+01
7.277360000000000000e+09,-9.245415286316983838e+01
7.277425000000000000e+09,-9.258450944276860639e+01
7.277490000000000000e+09,-9.310872231996370374e+01
7.277555000000000000e+09,-9.282871064002343076e+01
7.277620000000000000e+09,-9.288616058685491339e+01
7.277685000000000000e+09,-9.254955514479080136e+01
7.277750000000000000e+09,-9.262059369103633344e+01
7.277815000000000000e+09,-9.251425960487242151e+01
7.277880000000000000e+09,-9.302200473035495065e+01
7.277945000000000000e+09,-9.269147030242393726e+01
7.278010000000000000e+09,-9.274027373562017829e+01
7.278075000000000000e+09,-9.286872499460302777e+01
7.278140000000000000e+09,-9.265940664774524294e+01
7.278205000000000000e+09,-9.241040966788033018e+01
7.278270000000000000e+09,-9.277073161141498758e+01
7.278335000000000000e+09,-9.261018184223134142e+01
7.278400000000000000e+09,-9.242229019394294198e+01
7.278465000000000000e+09,-9.260831173133325933e+01
7.278530000000000000e+09,-9.282308364721129124e+01
7.278595000000000000e+09,-9.266709205951060824e+01
7.278660000000000000e+09,-9.277995248102374148e+01
7.278725000000000000e+09,-9.257107253856112550e+01
7.278790000000000000e+09,-9.278140496461786313e+01
7.278855000000000000e+09,-9.274791398878674897e+01
7.278920000000000000e+09,-9.252553787441317468e+01
7.278985000000000000e+09,-9.258346830115149828e+01
7.279050000000000000e+09,-9.249887724436767655e+01
7.279115000000000000e+09,-9.283403650228854076e+01
7.279180000000000000e+09,-9.276839585432588819e+01
7.279245000000000000e+09,-9.276839405317511478e+01
7.279310000000000000e+09,-9.260560542203907630e+01
7.279375000000000000e+09,-9.264537423051321241e+01
7.279440000000000000e+09,-9.286662042715425969e+01
7.279505000000000000e+09,-9.260522438453756422e+01
7.279570000000000000e+09,-9.299352422099829596e+01
7.279635000000000000e+09,-9.265204024726040188e+01
7.279700000000000000e+09,-9.288525795618934922e+01
7.279765000000000000e+09,-9.306478068825866501e+01
7.279830000000000000e+09,-9.284636508879373196e+01
7.279895000000000000e+09,-9.274922047879758225e+01
7.279960000000000000e+09,-9.283690358835082179e+01
7.280025000000000000e+09,-9.263900467525408544e+01
7.280090000000000000e+09,-9.284406534735231276e+01
7.280155000000000000e+09,-9.281939891705189893e+01
7.280220000000000000e+09,-9.280794844363924767e+01
7.280285000000000000e+09,-9.266861063718465630e+01
7.280350000000000000e+09,-9.250861866861961857e+01
7.280415000000000000e+09,-9.256506052548333230e+01
7.280480000000000000e+09,-9.292086054489224978e+01
7.280545000000000000e+09,-9.272802374359670807e+01
7.280610000000000000e+09,-9.289098151646329882e+01
7.280675000000000000e+09,-9.270376657874982129e+01
7.280740000000000000e+09,-9.294051698098918735e+01
7.280805000000000000e+09,-9.243812934309262630e+01
7.280870000000000000e+09,-9.260892359050872358e+01
7.280935000000000000e+09,-9.290263670431649246e+01
7.281000000000000000e+09,-9.262136119896048569e+01
7.281065000000000000e+09,-9.246735084513133529e+01
7.281130000000000000e+09,-9.279958939352574987e+01
7.281195000000000000e+09,-9.288894589457837014e+01
7.281260000000000000e+09,-9.265691169487291745e+01
7.281325000000000000e+09,-9.284606564662982464e+01
7.281390000000000000e+09,-9.267184457002653630e+01
7.281455000000000000e+09,-9.268109337512321133e+01
7.281520000000000000e+09,-9.276806759129208046e+01
7.281585000000000000e+09,-9.266733313517553938e+01
7.281650000000000000e+09,-9.283156510095373903e+01
7.281715000000000000e+09,-9.305862269537558973e+01
7.281780000000000000e+09,-9.291431775806819360e+01
7.281845000000000000e+09,-9.288036809145380346e+01
7.281910000000000000e+09,-9.266396679905817280e+01
7.281975000000000000e+09,-9.249964899184476508e+01
7.282040000000000000e+09,-9.305916490920465378e+01
7.282105000000000000e+09,-9.268379233513782367e+01
7.282170000000000000e+09,-9.271551766033624631e+01
7.282235000000000000e+09,-9.273201489983998158e+01
7.282300000000000000e+09,-9.262286378135405585e+01
7.282365000000000000e+09,-9.279324066435015084e+01
7.282430000000000000e+09,-9.280248840160318480e+01
7.282495000000000000e+09,-9.272535857410724702e+01
7.282560000000000000e+09,-9.270152351046868944e+01
7.282625000000000000e+09,-9.275923235722446236e+01
7.282690000000000000e+09,-9.287941200898941929e+01
7.282755000000000000e+09,-9.273191783475168393e+01
7.282820000000000000e+09,-9.292292823360683940e+01
7.282885000000000000e+09,-9.283298367647894622e+01
7.282950000000000000e+09,-9.266140267945010578e+01
7.283015000000000000e+09,-9.282910788649986955e+01
7.283080000000000000e+09,-9.260071592637825688e+01
7.283145000000000000e+09,-9.246481094291858938e+01
7.283210000000000000e+09,-9.295366503380478207e+01
7.283275000000000000e+09,-9.281847080008303408e+01
7.283340000000000000e+09,-9.324938938447986914e+01
7.283405000000000000e+09,-9.274518156900407462e+01
7.283470000000000000e+09,-9.272065246204059008e+01
7.283535000000000000e+09,-9.290317904573461760e+01
7.283600000000000000e+09,-9.291496516198967015e+01
7.283665000000000000e+09,-9.291573464746358013e+01
7.283730000000000000e+09,-9.275266146316863569e+01
7.283795000000000000e+09,-9.299304026773651799e+01
7.283860000000000000e+09,-9.307843570001800515e+01
7.283925000000000000e+09,-9.276823216224821067e+01
7.283990000000000000e+09,-9.313069407109536257e+01
7.284055000000000000e+09,-9.284769211153945889e+01
7.284120000000000000e+09,-9.272667482224323976e+01
7.284185000000000000e+09,-9.285289054729693703e+01
7.284250000000000000e+09,-9.310902503030993671e+01
7.284315000000000000e+09,-9.260294854963972000e+01
7.284380000000000000e+09,-9.292128472544492013e+01
7.284445000000000000e+09,-9.283171216770951162e+01
7.284510000000000000e+09,-9.275761555863732610e+01
7.284575000000000000e+09,-9.273697100361829371e+01
7.284640000000000000e+09,-9.290005130454514415e+01
7.284705000000000000e+09,-9.270648020095138975e+01
7.284770000000000000e+09,-9.279289668122898149e+01
7.284835000000000000e+09,-9.295648908399329002e+01
7.284900000000000000e+09,-9.288039452444236588e+01
7.284965000000000000e+09,-9.278844273732434544e+01
7.285030000000000000e+09,-9.280257790590822253e+01
7.285095000000000000e+09,-9.282114465547638815e+01
7.285160000000000000e+09,-9.260641937636998478e+01
7.285225000000000000e+09,-9.282024287740483715e+01
7.285290000000000000e+09,-9.293093106483603094e+01
7.285355000000000000e+09,-9.273572423210285365e+01
7.285420000000000000e+09,-9.302758182606544324e+01
7.285485000000000000e+09,-9.261424127885251778e+01
7.285550000000000000e+09,-9.266304646515479249e+01
7.285615000000000000e+09,-9.268614096005750014e+01
7.285680000000000000e+09,-9.289011993620425756e+01
7.285745000000000000e+09,-9.290794563053451327e+01
7.285810000000000000e+09,-9.289125516103905511e+01
7.285875000000000000e+09,-9.289630914397355355e+01
7.285940000000000000e+09,-9.305107597723825563e+01
7.286005000000000000e+09,-9.297272301891091217e+01
7.286070000000000000e+09,-9.268218726092337079e+01
7.286135000000000000e+09,-9.286553595076463807e+01
7.286200000000000000e+09,-9.283887336842420268e+01
7.286265000000000000e+09,-9.270352679912011240e+01
7.286330000000000000e+09,-9.279084012634402256e+01
7.286395000000000000e+09,-9.260613541215681721e+01
7.286460000000000000e+09,-9.284812643657353703e+01
7.286525000000000000e+09,-9.256053280331786937e+01
7.286590000000000000e+09,-9.298503036856665460e+01
7.286655000000000000e+09,-9.296566477256305916e+01
7.286720000000000000e+09,-9.279676083559704125e+01
7.286785000000000000e+09,-9.292885971319252292e+01
7.286850000000000000e+09,-9.279372436312169725e+01
7.286915000000000000e+09,-9.278371101284589884e+01
7.286980000000000000e+09,-9.284059782684160211e+01
7.287045000000000000e+09,-9.289761630416806781e+01
7.287110000000000000e+09,-9.291514302940561265e+01
7.287175000000000000e+09,-9.278621707393591578e+01
7.287240000000000000e+09,-9.309215852093936405e+01
7.287305000000000000e+09,-9.279030433190855831e+01
7.287370000000000000e+09,-9.287733569844658632e+01
7.287435000000000000e+09,-9.290824284272940758e+01
7.287500000000000000e+09,-9.305366648381925643e+01
7.287565000000000000e+09,-9.269081534699864733e+01
7.287630000000000000e+09,-9.282446009227416539e+01
7.287695000000000000e+09,-9.286582515668244753e+01
7.287760000000000000e+09,-9.257756568642649597e+01
7.287825000000000000e+09,-9.297752976368164468e+01
7.287890000000000000e+09,-9.304998294782203061e+01
7.287955000000000000e+09,-9.272728854309350766e+01
7.288020000000000000e+09,-9.305653310640613540e+01
7.288085000000000000e+09,-9.291177047386126731e+01
7.288150000000000000e+09,-9.290135017812309570e+01
7.288215000000000000e+09,-9.285457230244894333e+01
7.288280000000000000e+09,-9.268119884272047670e+01
7.288345000000000000e+09,-9.311914523097391339e+01
7.288410000000000000e+09,-9.270820917949016859e+01
7.288475000000000000e+09,-9.310207506470948147e+01
7.288540000000000000e+09,-9.291069018398718526e+01
7.288605000000000000e+09,-9.266680599464537238e+01
7.288670000000000000e+09,-9.295162414764689629e+01
7.288735000000000000e+09,-9.285040055469102072e+01
7.288800000000000000e+09,-9.265970452868242546e+01
7.288865000000000000e+09,-9.271135017849310600e+01
7.288930000000000000e+09,-9.252485234747318543e+01
7.288995000000000000e+09,-9.272606740460696528e+01
7.289060000000000000e+09,-9.290017551745962976e+01
7.289125000000000000e+09,-9.301155025493659423e+01
7.289190000000000000e+09,-9.288359418008613488e+01
7.289255000000000000e+09,-9.271083570805598129e+01
7.289320000000000000e+09,-9.306027821845042070e+01
7.289385000000000000e+09,-9.288746473831474759e+01
7.289450000000000000e+09,-9.302629250737274447e+01
7.289515000000000000e+09,-9.307541775276619944e+01
7.289580000000000000e+09,-9.295469423035490308e+01
7.289645000000000000e+09,-9.336727849493676956e+01
7.289710000000000000e+09,-9.302519611859776205e+01
7.289775000000000000e+09,-9.296735993029399481e+01
7.289840000000000000e+09,-9.331841665212884607e+01
7.289905000000000000e+09,-9.330983490098931554e+01
7.289970000000000000e+09,-9.367236493097729522e+01
7.290035000000000000e+09,-9.353707750252792152e+01
7.290100000000000000e+09,-9.364231562716088320e+01
7.290165000000000000e+09,-9.404816869525657808e+01
7.290230000000000000e+09,-9.424132899729316648e+01
7.290295000000000000e+09,-9.457010237024837807e+01
7.290360000000000000e+09,-9.665965743813204369e+01
7.290425000000000000e+09,-1.009563170412874342e+02
7.290490000000000000e+09,-1.002631453229166425e+02
7.290555000000000000e+09,-9.638421822085432211e+01
7.290620000000000000e+09,-9.489837180569152508e+01
7.290685000000000000e+09,-9.411914862439216733e+01
7.290750000000000000e+09,-9.363729628140418981e+01
7.290815000000000000e+09,-9.322352332121198515e+01
7.290880000000000000e+09,-9.339754717579074850e+01
7.290945000000000000e+09,-9.347350496815478493e+01
7.291010000000000000e+09,-9.346385159416601596e+01
7.291075000000000000e+09,-9.331432640897041608e+01
7.291140000000000000e+09,-9.310938316447455065e+01
7.291205000000000000e+09,-9.312660675757938122e+01
7.291270000000000000e+09,-9.334645746694994273e+01
7.291335000000000000e+09,-9.314108370345556409e+01
7.291400000000000000e+09,-9.322390209855660714e+01
7.291465000000000000e+09,-9.308278001774881716e+01
7.291530000000000000e+09,-9.308443047405273774e+01
7.291595000000000000e+09,-9.308036726930878046e+01
7.291660000000000000e+09,-9.292575980734198993e+01
7.291725000000000000e+09,-9.298849487737454922e+01
7.291790000000000000e+09,-9.303744246466774825e+01
7.291855000000000000e+09,-9.289573715469728654e+01
7.291920000000000000e+09,-9.326345770859866491e+01
7.291985000000000000e+09,-9.302359248040021100e+01
7.292050000000000000e+09,-9.309286267819396699e+01
7.292115000000000000e+09,-9.320830803703964307e+01
7.292180000000000000e+09,-9.284792037093963302e+01
7.292245000000000000e+09,-9.309007225762613302e+01
7.292310000000000000e+09,-9.319713855161560900e+01
7.292375000000000000e+09,-9.335746162240475599e+01
7.292440000000000000e+09,-9.283149197132661357e+01
7.292505000000000000e+09,-9.305141681571902268e+01
7.292570000000000000e+09,-9.317299545288980767e+01
7.292635000000000000e+09,-9.306426763271183233e+01
7.292700000000000000e+09,-9.300297768728255221e+01
7.292765000000000000e+09,-9.296219176355376135e+01
7.292830000000000000e+09,-9.316162460321294247e+01
7.292895000000000000e+09,-9.322990166505263687e+01
7.292960000000000000e+09,-9.284604185139004073e+01
7.293025000000000000e+09,-9.300205717125189153e+01
7.293090000000000000e+09,-9.293725116454042734e+01
7.293155000000000000e+09,-9.306671167843231274e+01
7.293220000000000000e+09,-9.309550434439840672e+01
7.293285000000000000e+09,-9.299759204416454850e+01
7.293350000000000000e+09,-9.317853232624258908e+01
7.293415000000000000e+09,-9.303039434006157649e+01
7.293480000000000000e+09,-9.311595372034642537e+01
7.293545000000000000e+09,-9.353451089204477853e+01
7.293610000000000000e+09,-9.328770098336934780e+01
7.293675000000000000e+09,-9.303792267968444207e+01
7.293740000000000000e+09,-9.282117936434842420e+01
7.293805000000000000e+09,-9.303968202460922043e+01
7.293870000000000000e+09,-9.277023428127925797e+01
7.293935000000000000e+09,-9.310177632538163550e+01
7.294000000000000000e+09,-9.288899428911945222e+01
7.294065000000000000e+09,-9.331790773529725413e+01
7.294130000000000000e+09,-9.321866462918693230e+01
7.294195000000000000e+09,-9.307346236937304695e+01
7.294260000000000000e+09,-9.318389162327513020e+01
7.294325000000000000e+09,-9.324750599370625537e+01
7.294390000000000000e+09,-9.316752058437225514e+01
7.294455000000000000e+09,-9.315681078194570830e+01
7.294520000000000000e+09,-9.299047841132821191e+01
7.294585000000000000e+09,-9.302085648179425448e+01
7.294650000000000000e+09,-9.294275550579925493e+01
7.294715000000000000e+09,-9.321173425794196987e+01
7.294780000000000000e+09,-9.284526219079553755e+01
7.294845000000000000e+09,-9.311217997653726286e+01
7.294910000000000000e+09,-9.330098882358477397e+01
7.294975000000000000e+09,-9.302438635259693456e+01
7.295040000000000000e+09,-9.332122608915585715e+01
7.295105000000000000e+09,-9.312971743226151489e+01
7.295170000000000000e+09,-9.311180505466126078e+01
7.295235000000000000e+09,-9.327640399457671094e+01
7.295300000000000000e+09,-9.302760579827265985e+01
7.295365000000000000e+09,-9.326941858717150069e+01
7.295430000000000000e+09,-9.303546345485202096e+01
7.295495000000000000e+09,-9.323629762997472881e+01
7.295560000000000000e+09,-9.300549957331949713e+01
7.295625000000000000e+09,-9.322452972571625196e+01
7.295690000000000000e+09,-9.309781300466795528e+01
7.295755000000000000e+09,-9.303440080778884180e+01
7.295820000000000000e+09,-9.344253740175784628e+01
7.295885000000000000e+09,-9.315505424927883382e+01
7.295950000000000000e+09,-9.304472717096660972e+01
7.296015000000000000e+09,-9.304234751840024842e+01
7.296080000000000000e+09,-9.304901265744726402e+01
7.296145000000000000e+09,-9.338041163781869614e+01
7.296210000000000000e+09,-9.311394792271569543e+01
7.296275000000000000e+09,-9.309095672268713884e+01
7.296340000000000000e+09,-9.311133681317829769e+01
7.296405000000000000e+09,-9.347673247445847267e+01
7.296470000000000000e+09,-9.313376772343424648e+01
7.296535000000000000e+09,-9.320794669649515640e+01
7.296600000000000000e+09,-9.311838416456092204e+01
7.296665000000000000e+09,-9.348215049033481705e+01
7.296730000000000000e+09,-9.333097725941200906e+01
7.296795000000000000e+09,-9.322714088070623006e+01
7.296860000000000000e+09,-9.350659572603689185e+01
7.296925000000000000e+09,-9.329746659218115212e+01
7.296990000000000000e+09,-9.316860138573673566e+01
7.297055000000000000e+09,-9.314381548185281190e+01
7.297120000000000000e+09,-9.313369667686309583e+01
7.297185000000000000e+09,-9.329257883994161205e+01
7.297250000000000000e+09,-9.306325347124365521e+01
7.297315000000000000e+09,-9.323520184159127666e+01
7.297380000000000000e+09,-9.331829388694106342e+01
7.297445000000000000e+09,-9.330094752899961463e+01
7.297510000000000000e+09,-9.326574981481927296e+01
7.297575000000000000e+09,-9.320301429718311681e+01
7.297640000000000000e+09,-9.332132039791922296e+01
7.297705000000000000e+09,-9.314585750396940966e+01
7.297770000000000000e+09,-9.288321536126674971e+01
7.297835000000000000e+09,-9.339478102008690996e+01
7.297900000000000000e+09,-9.331232585801052437e+01
7.297965000000000000e+09,-9.320852592689897165e+01
7.298030000000000000e+09,-9.321438987421143452e+01
7.298095000000000000e+09,-9.314386956594165667e+01
7.298160000000000000e+09,-9.312373200783086702e+01
7.298225000000000000e+09,-9.330197027199392323e+01
7.298290000000000000e+09,-9.330573869502015327e+01
7.298355000000000000e+09,-9.321280440985023574e+01
7.298420000000000000e+09,-9.334961332657378819e+01
7.298485000000000000e+09,-9.342270833582141165e+01
7.298550000000000000e+09,-9.325808271571099795e+01
7.298615000000000000e+09,-9.338803590040745917e+01
7.298680000000000000e+09,-9.313927449183238139e+01
7.298745000000000000e+09,-9.337087104390535330e+01
7.298810000000000000e+09,-9.319488055723802233e+01
7.298875000000000000e+09,-9.328793599596572506e+01
7.298940000000000000e+09,-9.309525450990167883e+01
7.299005000000000000e+09,-9.324576241936723875e+01
7.299070000000000000e+09,-9.325270197550290163e+01
7.299135000000000000e+09,-9.310048690949004424e+01
7.299200000000000000e+09,-9.332545370262715778e+01
7.299265000000000000e+09,-9.332149971717731773e+01
7.299330000000000000e+09,-9.327453534039599958e+01
7.299395000000000000e+09,-9.321939787397711541e+01
7.299460000000000000e+09,-9.321717225792043848e+01
7.299525000000000000e+09,-9.310488069432932434e+01
7.299590000000000000e+09,-9.332648946529702982e+01
7.299655000000000000e+09,-9.338775295712952129e+01
7.299720000000000000e+09,-9.329087506394357376e+01
7.299785000000000000e+09,-9.330049974860787643e+01
7.299850000000000000e+09,-9.352283046740365080e+01
7.299915000000000000e+09,-9.336978310698557948e+01
7.299980000000000000e+09,-9.309991301591702495e+01
7.300045000000000000e+09,-9.307644124264521679e+01
7.300110000000000000e+09,-9.302105081084366134e+01
7.300175000000000000e+09,-9.320022228631380301e+01
7.300240000000000000e+09,-9.329283359429214784e+01
7.300305000000000000e+09,-9.346897866786710551e+01
7.300370000000000000e+09,-9.315731743974176027e+01
7.300435000000000000e+09,-9.334333096854152245e+01
7.300500000000000000e+09,-9.333287471849752137e+01
7.300565000000000000e+09,-9.322336077402223964e+01
7.300630000000000000e+09,-9.332681795110936207e+01
7.300695000000000000e+09,-9.323521684413448440e+01
7.300760000000000000e+09,-9.319021582588484875e+01
7.300825000000000000e+09,-9.338323535743555226e+01
7.300890000000000000e+09,-9.338287222554014022e+01
7.300955000000000000e+09,-9.321551935149594215e+01
7.301020000000000000e+09,-9.345794567738558101e+01
7.301085000000000000e+09,-9.315490676753442756e+01
7.301150000000000000e+09,-9.321236740012943756e+01
7.301215000000000000e+09,-9.317475137799995366e+01
7.301280000000000000e+09,-9.320530803829907995e+01
7.301345000000000000e+09,-9.334274987262192269e+01
7.301410000000000000e+09,-9.339033556987452300e+01
7.301475000000000000e+09,-9.342923786583889978e+01
7.301540000000000000e+09,-9.334939120995122153e+01
7.301605000000000000e+09,-9.339904798669616071e+01
7.301670000000000000e+09,-9.342727945287720104e+01
7.301735000000000000e+09,-9.326246407554341999e+01
7.301800000000000000e+09,-9.338618470566245833e+01
7.301865000000000000e+09,-9.377269409316426163e+01
7.301930000000000000e+09,-9.329109901899377633e+01
7.301995000000000000e+09,-9.339853317983721581e+01
7.302060000000000000e+09,-9.342232699105265681e+01
7.302125000000000000e+09,-9.315643102203779335e+01
7.302190000000000000e+09,-9.356680604853653449e+01
7.302255000000000000e+09,-9.329574283051810824e+01
7.302320000000000000e+09,-9.300333865582842918e+01
7.302385000000000000e+09,-9.327390578497380602e+01
7.302450000000000000e+09,-9.331927619097882598e+01
7.302515000000000000e+09,-9.328641259606330038e+01
7.302580000000000000e+09,-9.319924588499956997e+01
7.302645000000000000e+09,-9.352677300672070260e+01
7.302710000000000000e+09,-9.315899896352442511e+01
7.302775000000000000e+09,-9.351527364600357828e+01
7.302840000000000000e+09,-9.343720985947172153e+01
7.302905000000000000e+09,-9.329097117727505406e+01
7.302970000000000000e+09,-9.345139286761273922e+01
7.303035000000000000e+09,-9.329903088721975735e+01
7.303100000000000000e+09,-9.367161489518558426e+01
7.303165000000000000e+09,-9.333796654891962419e+01
7.303230000000000000e+09,-9.318183557814479911e+01
7.303295000000000000e+09,-9.337148820938671179e+01
7.303360000000000000e+09,-9.343763697163578286e+01
7.303425000000000000e+09,-9.363069969696574901e+01
7.303490000000000000e+09,-9.292694547226666657e+01
7.303555000000000000e+09,-9.299169085264904311e+01
7.303620000000000000e+09,-9.376478563596336357e+01
7.303685000000000000e+09,-9.356397344018974138e+01
7.303750000000000000e+09,-9.311396843637990628e+01
7.303815000000000000e+09,-9.346634798639129826e+01
7.303880000000000000e+09,-9.337171326256905957e+01
7.303945000000000000e+09,-9.344818547407939491e+01
7.304010000000000000e+09,-9.313435772821647163e+01
7.304075000000000000e+09,-9.333359258308757944e+01
7.304140000000000000e+09,-9.353862851709175175e+01
7.304205000000000000e+09,-9.320648912946271025e+01
7.304270000000000000e+09,-9.362654402650727548e+01
7.304335000000000000e+09,-9.343560605692516674e+01
7.304400000000000000e+09,-9.356368565575245100e+01
7.304465000000000000e+09,-9.330525411706778982e+01
7.304530000000000000e+09,-9.324705449217182718e+01
7.304595000000000000e+09,-9.318288178291297186e+01
7.304660000000000000e+09,-9.322266635469287621e+01
7.304725000000000000e+09,-9.345610888953254403e+01
7.304790000000000000e+09,-9.322557102118962291e+01
7.304855000000000000e+09,-9.365087048703274775e+01
7.304920000000000000e+09,-9.333673116267840442e+01
7.304985000000000000e+09,-9.330439442613939605e+01
7.305050000000000000e+09,-9.332780479896597114e+01
7.305115000000000000e+09,-9.337565075004214066e+01
7.305180000000000000e+09,-9.308680589058796784e+01
7.305245000000000000e+09,-9.342958121306914165e+01
7.305310000000000000e+09,-9.354555683782552933e+01
7.305375000000000000e+09,-9.338899757044856642e+01
7.305440000000000000e+09,-9.334216205735125982e+01
7.305505000000000000e+09,-9.344708276940083636e+01
7.305570000000000000e+09,-9.322324074628311052e+01
7.305635000000000000e+09,-9.347369698548304484e+01
7.305700000000000000e+09,-9.315610624724331501e+01
7.305765000000000000e+09,-9.341845075283286803e+01
7.305830000000000000e+09,-9.334969987508409872e+01
7.305895000000000000e+09,-9.332189238106396090e+01
7.305960000000000000e+09,-9.349852844632358995e+01
7.306025000000000000e+09,-9.378949981726002250e+01
7.306090000000000000e+09,-9.321274619196726974e+01
7.306155000000000000e+09,-9.344775976800369222e+01
7.306220000000000000e+09,-9.354664863926460328e+01
7.306285000000000000e+09,-9.338769351705326471e+01
7.306350000000000000e+09,-9.335691526886465397e+01
7.306415000000000000e+09,-9.326646847066783153e+01
7.306480000000000000e+09,-9.330980789132232189e+01
7.306545000000000000e+09,-9.350644480287346028e+01
7.306610000000000000e+09,-9.341669090293046906e+01
7.306675000000000000e+09,-9.352467540349999808e+01
7.306740000000000000e+09,-9.350812435893119812e+01
7.306805000000000000e+09,-9.353280020951076779e+01
7.306870000000000000e+09,-9.336303070073734034e+01
7.306935000000000000e+09,-9.355048676525046858e+01
7.307000000000000000e+09,-9.364455255379040466e+01
7.307065000000000000e+09,-9.339409269676517056e+01
7.307130000000000000e+09,-9.344414241660523146e+01
7.307195000000000000e+09,-9.359921023046864264e+01
7.307260000000000000e+09,-9.340376345400855485e+01
7.307325000000000000e+09,-9.331829160046336824e+01
7.307390000000000000e+09,-9.328974798234588661e+01
7.307455000000000000e+09,-9.338474111623648355e+01
7.307520000000000000e+09,-9.346114904829684633e+01
7.307585000000000000e+09,-9.332107302674779703e+01
7.307650000000000000e+09,-9.353864565544064646e+01
7.307715000000000000e+09,-9.321106640601767879e+01
7.307780000000000000e+09,-9.337853344715915682e+01
7.307845000000000000e+09,-9.346939664350722410e+01
7.307910000000000000e+09,-9.321172099549613677e+01
7.307975000000000000e+09,-9.329092787085136251e+01
7.308040000000000000e+09,-9.313619895626671052e+01
7.308105000000000000e+09,-9.337440181671175310e+01
7.308170000000000000e+09,-9.338972923454919339e+01
7.308235000000000000e+09,-9.344482068867465330e+01
7.308300000000000000e+09,-9.322479782168196039e+01
7.308365000000000000e+09,-9.329052745864800045e+01
7.308430000000000000e+09,-9.365167567329490339e+01
7.308495000000000000e+09,-9.354834843127912336e+01
7.308560000000000000e+09,-9.330877884841345349e+01
7.308625000000000000e+09,-9.336472626555942611e+01
7.308690000000000000e+09,-9.347968893965554571e+01
7.308755000000000000e+09,-9.344801117005539481e+01
7.308820000000000000e+09,-9.342069457667452070e+01
7.308885000000000000e+09,-9.333411869051141707e+01
7.308950000000000000e+09,-9.351895184956306650e+01
7.309015000000000000e+09,-9.334144343227498553e+01
7.309080000000000000e+09,-9.337067289359939082e+01
7.309145000000000000e+09,-9.364248890963182248e+01
7.309210000000000000e+09,-9.337085849780392266e+01
7.309275000000000000e+09,-9.321371478601243155e+01
7.309340000000000000e+09,-9.334144773625712332e+01
7.309405000000000000e+09,-9.334947753764276968e+01
7.309470000000000000e+09,-9.344611415744388694e+01
7.309535000000000000e+09,-9.343919676632509663e+01
7.309600000000000000e+09,-9.357174041094467043e+01
7.309665000000000000e+09,-9.360652854485161356e+01
7.309730000000000000e+09,-9.346837908318684640e+01
7.309795000000000000e+09,-9.328937320747790807e+01
7.309860000000000000e+09,-9.323051977481733843e+01
7.309925000000000000e+09,-9.325806918179128502e+01
7.309990000000000000e+09,-9.330263873716569378e+01
7.310055000000000000e+09,-9.328698294291052662e+01
7.310120000000000000e+09,-9.344046970931094620e+01
7.310185000000000000e+09,-9.322054526480391701e+01
7.310250000000000000e+09,-9.346124270644381227e+01
7.310315000000000000e+09,-9.332788299330387360e+01
7.310380000000000000e+09,-9.358346444652636364e+01
7.310445000000000000e+09,-9.355111581181739666e+01
7.310510000000000000e+09,-9.358289656182583371e+01
7.310575000000000000e+09,-9.331503580165323797e+01
7.310640000000000000e+09,-9.352338038112741003e+01
7.310705000000000000e+09,-9.311189816667135233e+01
7.310770000000000000e+09,-9.339414846449061258e+01
7.310835000000000000e+09,-9.352418102042527437e+01
7.310900000000000000e+09,-9.347289161562527227e+01
7.310965000000000000e+09,-9.356986736184273923e+01
7.311030000000000000e+09,-9.345845191620162495e+01
7.311095000000000000e+09,-9.345010270179582790e+01
7.311160000000000000e+09,-9.323345710600980851e+01
7.311225000000000000e+09,-9.360623781847203873e+01
7.311290000000000000e+09,-9.357864057611087105e+01
7.311355000000000000e+09,-9.319417823690649527e+01
7.311420000000000000e+09,-9.330365453533084974e+01
7.311485000000000000e+09,-9.351626995935262698e+01
7.311550000000000000e+09,-9.358801474210693527e+01
7.311615000000000000e+09,-9.332468063156855465e+01
7.311680000000000000e+09,-9.327043192409459493e+01
7.311745000000000000e+09,-9.341322382031016502e+01
7.311810000000000000e+09,-9.320222984677899092e+01
7.311875000000000000e+09,-9.338119335442240754e+01
7.311940000000000000e+09,-9.339346203463048823e+01
7.312005000000000000e+09,-9.347365520479576162e+01
7.312070000000000000e+09,-9.336826030393885389e+01
7.312135000000000000e+09,-9.330210469231610659e+01
7.312200000000000000e+09,-9.340608922837434136e+01
7.312265000000000000e+09,-9.336118391302790087e+01
7.312330000000000000e+09,-9.322623172002550973e+01
7.312395000000000000e+09,-9.337502672467681464e+01
7.312460000000000000e+09,-9.335018044696049344e+01
7.312525000000000000e+09,-9.335256520639237010e+01
7.312590000000000000e+09,-9.330721606018883563e+01
7.312655000000000000e+09,-9.347447265698261276e+01
7.312720000000000000e+09,-9.343182662505685698e+01
7.312785000000000000e+09,-9.313275844859160202e+01
7.312850000000000000e+09,-9.323584386862798112e+01
7.312915000000000000e+09,-9.339680200672088972e+01
7.312980000000000000e+09,-9.324777646594107239e+01
7.313045000000000000e+09,-9.346591263833684593e+01
7.313110000000000000e+09,-9.348209634027080028e+01
7.313175000000000000e+09,-9.321191722809253122e+01
7.313240000000000000e+09,-9.311851060736427144e+01
7.313305000000000000e+09,-9.343175484268152786e+01
7.313370000000000000e+09,-9.344799226864707009e+01
7.313435000000000000e+09,-9.339346490889980146e+01
7.313500000000000000e+09,-9.357431692161290471e+01
7.313565000000000000e+09,-9.322265837403044486e+01
7.313630000000000000e+09,-9.352253038883543468e+01
7.313695000000000000e+09,-9.353362707948406296e+01
7.313760000000000000e+09,-9.319043036404345060e+01
7.313825000000000000e+09,-9.352772119318478872e+01
7.313890000000000000e+09,-9.321954577503845485e+01
7.313955000000000000e+09,-9.335345462412307427e+01
7.314020000000000000e+09,-9.340207758133529126e+01
7.314085000000000000e+09,-9.339263399820104894e+01
7.314150000000000000e+09,-9.330530327888976672e+01
7.314215000000000000e+09,-9.338018915109032037e+01
7.314280000000000000e+09,-9.363905996229581774e+01
7.314345000000000000e+09,-9.304274477260322840e+01
7.314410000000000000e+09,-9.334285639012702518e+01
7.314475000000000000e+09,-9.326639588777055678e+01
7.314540000000000000e+09,-9.337899399122734678e+01
7.314605000000000000e+09,-9.371010879111133818e+01
7.314670000000000000e+09,-9.356541557424570499e+01
7.314735000000000000e+09,-9.345711330104845160e+01
7.314800000000000000e+09,-9.356758393478099833e+01
7.314865000000000000e+09,-9.336217714770978660e+01
7.314930000000000000e+09,-9.374950137288458052e+01
7.314995000000000000e+09,-9.338412431461659935e+01
7.315060000000000000e+09,-9.346286108666038217e+01
7.315125000000000000e+09,-9.344086797915792886e+01
7.315190000000000000e+09,-9.330398466485975462e+01
7.315255000000000000e+09,-9.376103892939266871e+01
7.315320000000000000e+09,-9.352711972822000064e+01
7.315385000000000000e+09,-9.350046161076443241e+01
7.315450000000000000e+09,-9.360558635443702258e+01
7.315515000000000000e+09,-9.338978154538024512e+01
7.315580000000000000e+09,-9.326343552671733050e+01
7.315645000000000000e+09,-9.347726605547958911e+01
7.315710000000000000e+09,-9.365687729200344336e+01
7.315775000000000000e+09,-9.341156308295634858e+01
7.315840000000000000e+09,-9.356565199264593957e+01
7.315905000000000000e+09,-9.345588835584663912e+01
7.315970000000000000e+09,-9.330234331034141348e+01
7.316035000000000000e+09,-9.336989144322012635e+01
7.316100000000000000e+09,-9.318298310019473263e+01
7.316165000000000000e+09,-9.346422925485137512e+01
7.316230000000000000e+09,-9.332564218098298170e+01
7.316295000000000000e+09,-9.326815205512757245e+01
7.316360000000000000e+09,-9.338329386198709869e+01
7.316425000000000000e+09,-9.339566369516398936e+01
7.316490000000000000e+09,-9.352274392733015418e+01
7.316555000000000000e+09,-9.334564788395258006e+01
7.316620000000000000e+09,-9.383505656997927247e+01
7.316685000000000000e+09,-9.327999210154885645e+01
7.316750000000000000e+09,-9.388696009447484414e+01
7.316815000000000000e+09,-9.321875478443899965e+01
7.316880000000000000e+09,-9.343298778405417693e+01
7.316945000000000000e+09,-9.348415283512919416e+01
7.317010000000000000e+09,-9.356554332624034487e+01
7.317075000000000000e+09,-9.340137824306148673e+01
7.317140000000000000e+09,-9.342822539920938141e+01
7.317205000000000000e+09,-9.327349845438531872e+01
7.317270000000000000e+09,-9.325007934703252488e+01
7.317335000000000000e+09,-9.353841452240681065e+01
7.317400000000000000e+09,-9.335252853424647412e+01
7.317465000000000000e+09,-9.317191444919066612e+01
7.317530000000000000e+09,-9.365797106334348143e+01
7.317595000000000000e+09,-9.324825696219784277e+01
7.317660000000000000e+09,-9.323187159682180436e+01
7.317725000000000000e+09,-9.333983275514212608e+01
7.317790000000000000e+09,-9.337461446457265879e+01
7.317855000000000000e+09,-9.341668576783706612e+01
7.317920000000000000e+09,-9.357332647919399449e+01
7.317985000000000000e+09,-9.357982393617692196e+01
7.318050000000000000e+09,-9.320954383347300620e+01
7.318115000000000000e+09,-9.321083730001782897e+01
7.318180000000000000e+09,-9.347433326735988146e+01
7.318245000000000000e+09,-9.342423421184929566e+01
7.318310000000000000e+09,-9.337876493308895931e+01
7.318375000000000000e+09,-9.330733756396517720e+01
7.318440000000000000e+09,-9.334406580202632142e+01
7.318505000000000000e+09,-9.332620379462329652e+01
7.318570000000000000e+09,-9.326449054743115141e+01
7.318635000000000000e+09,-9.317254915038078877e+01
7.318700000000000000e+09,-9.348690774061259390e+01
7.318765000000000000e+09,-9.354980119340279998e+01
7.318830000000000000e+09,-9.341236356234297489e+01
7.318895000000000000e+09,-9.330667947998455247e+01
7.318960000000000000e+09,-9.322752751504303603e+01
7.319025000000000000e+09,-9.372238104601780151e+01
7.319090000000000000e+09,-9.348303984279647239e+01
7.319155000000000000e+09,-9.335077225810815094e+01
7.319220000000000000e+09,-9.357370740708594781e+01
7.319285000000000000e+09,-9.321717473436495993e+01
7.319350000000000000e+09,-9.339164968535853006e+01
7.319415000000000000e+09,-9.327852079173028699e+01
7.319480000000000000e+09,-9.353996170376547070e+01
7.319545000000000000e+09,-9.349437150609439584e+01
7.319610000000000000e+09,-9.365747731560774980e+01
7.319675000000000000e+09,-9.367707742645293933e+01
7.319740000000000000e+09,-9.325459180893859923e+01
7.319805000000000000e+09,-9.353888040133483628e+01
7.319870000000000000e+09,-9.353814935377465645e+01
7.319935000000000000e+09,-9.335622995096062482e+01
7.320000000000000000e+09,-9.357672118744828538e+01
