# freq_Hz, phase_rad_detrended, phase_rad
6.750000000000000000e+09,1.794469050250534492e-01,-6.309518573438871458e-01
6.750150000000000000e+09,1.810174788553007286e-01,-6.840464291571726196e-01
6.750300000000000000e+09,1.825366263311271053e-01,-7.371924273251987403e-01
6.750450000000000000e+09,1.839333597840338008e-01,-7.904608395158247980e-01
6.750600000000000000e+09,1.857567733005817123e-01,-8.433025716431293839e-01
6.750750000000000000e+09,1.864031225712579065e-01,-8.973213680159859429e-01
6.750900000000000000e+09,1.887409317277347620e-01,-9.496487045030418406e-01
6.751050000000000000e+09,1.902330610051481408e-01,-1.002821720869480959e+00
6.751200000000000000e+09,1.916730294370436738e-01,-1.056046898081118179e+00
6.751350000000000000e+09,1.933235829981843068e-01,-1.109061490163837149e+00
6.751500000000000000e+09,1.948503504534613295e-01,-1.162199868352085774e+00
6.751650000000000000e+09,1.963564515663498433e-01,-1.215358912882730014e+00
6.751800000000000000e+09,1.971951188094982488e-01,-1.269185391283441211e+00
6.751950000000000000e+09,1.992877420254397514e-01,-1.321757913711025356e+00
6.752100000000000000e+09,2.013110500804813352e-01,-1.374399751299843375e+00
6.752250000000000000e+09,2.026359420234047359e-01,-1.427740005000452728e+00
6.752400000000000000e+09,2.036522510309237699e-01,-1.481388841636466447e+00
6.752550000000000000e+09,2.056316084073677164e-01,-1.534074629903874998e+00
6.752700000000000000e+09,2.068056962937501186e-01,-1.587565687661025349e+00
6.752850000000000000e+09,2.083895608367125618e-01,-1.640646968761595659e+00
6.753000000000000000e+09,2.100020868710115174e-01,-1.693699588371149201e+00
6.753150000000000000e+09,2.117925462863734509e-01,-1.746574274599320020e+00
6.753300000000000000e+09,2.133398950121934146e-01,-1.799692071517352554e+00
6.753450000000000000e+09,2.144110798778240401e-01,-1.853286032295254682e+00
6.753600000000000000e+09,2.158614467175399287e-01,-1.906500811099071546e+00
6.753750000000000000e+09,2.174190275152021457e-01,-1.959608375945261827e+00
6.753900000000000000e+09,2.196074481436012249e-01,-2.012085100960395501e+00
6.754050000000000000e+09,2.204630208599525076e-01,-2.065894673887896715e+00
6.754200000000000000e+09,2.212439855765224728e-01,-2.119778854814859503e+00
6.754350000000000000e+09,2.225245261377351014e-01,-2.173163459897179628e+00
6.754500000000000000e+09,2.244581980850490766e-01,-2.225894933593718150e+00
6.754650000000000000e+09,2.252143948458042999e-01,-2.279803882476495680e+00
6.754800000000000000e+09,2.266363409308818078e-01,-2.333047082035277775e+00
6.754950000000000000e+09,2.272695703180120930e-01,-2.387078998291673138e+00
6.755100000000000000e+09,2.282731614342625726e-01,-2.440740552818955411e+00
6.755250000000000000e+09,2.292247338398629708e-01,-2.494454126057214616e+00
6.755400000000000000e+09,2.300987090089696707e-01,-2.548245296531640669e+00
6.755550000000000000e+09,2.316047125494620218e-01,-2.601404438635000815e+00
6.755700000000000000e+09,2.318041684969327498e-01,-2.655870128331062840e+00
6.755850000000000000e+09,2.326510153670544589e-01,-2.709688427104473885e+00
6.756000000000000000e+09,2.341713359467680888e-01,-2.762833252168612752e+00
6.756150000000000000e+09,2.342729353079415766e-01,-2.817396798450972017e+00
6.756300000000000000e+09,2.356466849857414836e-01,-2.870688194417024608e+00
6.756450000000000000e+09,2.352755881560746332e-01,-2.925724436890224212e+00
6.756600000000000000e+09,2.360961897571542956e-01,-2.979568980932677302e+00
6.756750000000000000e+09,2.372764481446227869e-01,-3.033053868189061308e+00
6.756900000000000000e+09,2.368019177710536383e-01,-3.088193544206163210e+00
6.757050000000000000e+09,2.379153862500889005e-01,-3.141745221370660701e+00
6.757200000000000000e+09,2.385094681644752690e-01,-3.195816285100126830e+00
6.757350000000000000e+09,2.388729100674384931e-01,-3.250117988840696359e+00
6.757500000000000000e+09,2.394256007867938685e-01,-3.304230443765193481e+00
6.757650000000000000e+09,2.397796615202456572e-01,-3.358541528675274446e+00
6.757800000000000000e+09,2.400394162550094634e-01,-3.412946919584043393e+00
6.757950000000000000e+09,2.409820566215756799e-01,-3.466669424861329674e+00
6.758100000000000000e+09,2.400890379694109455e-01,-3.522227589157027161e+00
6.758250000000000000e+09,2.407526454221908807e-01,-3.576229127348106829e+00
6.758400000000000000e+09,2.410548712153173234e-01,-3.630592047198513139e+00
6.758550000000000000e+09,2.404836270184769198e-01,-3.685828437038879191e+00
6.758700000000000000e+09,2.407626340558981504e-01,-3.740214575645317563e+00
6.758850000000000000e+09,2.405485682131347502e-01,-3.795093787131613716e+00
6.759000000000000000e+09,2.400925613995830155e-01,-3.850214939589017948e+00
6.759150000000000000e+09,2.389097209682495837e-01,-3.906062925663884133e+00
6.759300000000000000e+09,2.384169137244405157e-01,-3.961220878551225955e+00
6.759450000000000000e+09,2.381049389950691264e-01,-4.016197998924449841e+00
6.759600000000000000e+09,2.372491985940587966e-01,-4.071718884968992924e+00
6.759750000000000000e+09,2.363959110541493658e-01,-4.127237318152754852e+00
6.759900000000000000e+09,2.360247683754010950e-01,-4.182273606475035876e+00
6.760050000000000000e+09,2.345846934432458397e-01,-4.238378827050723885e+00
6.760200000000000000e+09,2.339258941278403725e-01,-4.293702772009981850e+00
6.760350000000000000e+09,2.330947825359057646e-01,-4.349199029245449211e+00
6.760500000000000000e+09,2.317004382788248051e-01,-4.405258519146382667e+00
6.760650000000000000e+09,2.304760213325067753e-01,-4.461148081736233451e+00
6.760800000000000000e+09,2.293934276153937191e-01,-4.516895821096879260e+00
6.760950000000000000e+09,2.278797189591834638e-01,-4.573074675396942013e+00
6.761100000000000000e+09,2.264355746634905131e-01,-4.629183965336167716e+00
6.761250000000000000e+09,2.243798814745003867e-01,-4.685904804169017446e+00
6.761400000000000000e+09,2.234327573329588645e-01,-4.741517073954091721e+00
6.761550000000000000e+09,2.220849666369666409e-01,-4.797530010293609593e+00
6.761700000000000000e+09,2.197085064778612207e-01,-4.854571616096574616e+00
6.761850000000000000e+09,2.175861363376689894e-01,-4.911359131880299600e+00
6.762000000000000000e+09,2.157359609780939991e-01,-4.967874452883400238e+00
6.762150000000000000e+09,2.137286577096730866e-01,-5.024546901795680753e+00
6.762300000000000000e+09,2.119778267869580901e-01,-5.080962878361928503e+00
6.762450000000000000e+09,2.092339996340921715e-01,-5.138371851158646919e+00
6.762600000000000000e+09,2.070369905124840315e-01,-5.195234005923787812e+00
6.762750000000000000e+09,2.047747086172861941e-01,-5.252161433462518403e+00
6.762900000000000000e+09,2.025143779307523317e-01,-5.309086909792904763e+00
6.763050000000000000e+09,2.003437808782715379e-01,-5.365922652488918310e+00
6.763200000000000000e+09,1.973647214205271894e-01,-5.423566857590515156e+00
6.763350000000000000e+09,1.947838176738390104e-01,-5.480812906980736088e+00
6.763500000000000000e+09,1.924701029028792476e-01,-5.537791767395228604e+00
6.763650000000000000e+09,1.894586971852136870e-01,-5.595468318756746662e+00
6.763800000000000000e+09,1.872899857387340106e-01,-5.652302175846759091e+00
6.763950000000000000e+09,1.843420753347277952e-01,-5.709915231894617804e+00
6.764100000000000000e+09,1.810822298848497880e-01,-5.767840222988028565e+00
6.764250000000000000e+09,1.782361613475798023e-01,-5.825351437168831303e+00
6.764400000000000000e+09,1.755030661048504470e-01,-5.882749678055420262e+00
6.764550000000000000e+09,1.718480135186046809e-01,-5.941069876285191675e+00
6.764700000000000000e+09,1.688332340187921332e-01,-5.998749801428863826e+00
6.764850000000000000e+09,1.659274385377074168e-01,-6.056320742553481296e+00
6.765000000000000000e+09,1.620020092377094656e-01,-6.114911317497004895e+00
6.765150000000000000e+09,1.588259602404207271e-01,-6.172752512138153236e+00
6.765300000000000000e+09,1.557997730276374782e-01,-6.230443844994469238e+00
6.765450000000000000e+09,1.521404246547035655e-01,-6.288768339011255648e+00
6.765600000000000000e+09,1.488097261846759167e-01,-6.346764183124816050e+00
6.765750000000000000e+09,1.451358514738894101e-01,-6.405103203479135310e+00
6.765900000000000000e+09,1.416923867371275847e-01,-6.463211813859749633e+00
6.766050000000000000e+09,1.381567542452630803e-01,-6.521412591995146890e+00
6.766200000000000000e+09,1.350794656520495352e-01,-6.579155026232212933e+00
6.766350000000000000e+09,1.320724105352262256e-01,-6.636827226992568995e+00
6.766500000000000000e+09,1.276496288707678062e-01,-6.695915154300560168e+00
6.766650000000000000e+09,1.244560122358517873e-01,-6.753773916579328684e+00
6.766800000000000000e+09,1.206070798674856448e-01,-6.812287994591227580e+00
6.766950000000000000e+09,1.178052141090226712e-01,-6.869755005993223307e+00
6.767100000000000000e+09,1.141082033257925232e-01,-6.928117162420305952e+00
6.767250000000000000e+09,1.110488922272612200e-01,-6.985841619162370009e+00
6.767400000000000000e+09,1.068522894488355135e-01,-7.044703367584655318e+00
6.767550000000000000e+09,1.037806868999613386e-01,-7.102440115777055141e+00
6.767700000000000000e+09,9.990181873364267773e-02,-7.160984129586906555e+00
6.767850000000000000e+09,9.613088171540784543e-02,-7.219420212249000990e+00
6.768000000000000000e+09,9.304755921894702908e-02,-7.277168680388987454e+00
6.768150000000000000e+09,8.983340395425543079e-02,-7.335047981297538655e+00
6.768300000000000000e+09,8.653466097229411957e-02,-7.393011869923032719e+00
6.768450000000000000e+09,8.306616990182646987e-02,-7.451145506637026017e+00
6.768600000000000000e+09,7.995375125242798475e-02,-7.508923070930284105e+00
6.768750000000000000e+09,7.665738238423713824e-02,-7.566884585442007705e+00
6.768900000000000000e+09,7.319006944557138183e-02,-7.625017044024525958e+00
6.769050000000000000e+09,7.003693619490292122e-02,-7.682835322918727172e+00
6.769200000000000000e+09,6.688569671160049523e-02,-7.740651708045562351e+00
6.769350000000000000e+09,6.355629256413042327e-02,-7.798646257836884921e+00
6.769500000000000000e+09,6.011642090302871111e-02,-7.856751275141519386e+00
6.769650000000000000e+09,5.715810149231792536e-02,-7.914374740196082669e+00
6.769800000000000000e+09,5.353374984030434547e-02,-7.972664237491629002e+00
6.769950000000000000e+09,5.035654880667550515e-02,-8.030506584168790596e+00
6.770100000000000000e+09,4.748134793232949846e-02,-8.088046930686989100e+00
6.770250000000000000e+09,4.488290646420978192e-02,-8.145310517798641570e+00
6.770400000000000000e+09,4.172829586780579803e-02,-8.203130274038905156e+00
6.770550000000000000e+09,3.897296788168880255e-02,-8.260550747668547800e+00
6.770700000000000000e+09,3.481947654023365146e-02,-8.319369384653535704e+00
6.770850000000000000e+09,3.263688357751881597e-02,-8.376217123260110142e+00
6.771000000000000000e+09,2.940357838635776488e-02,-8.434115574094796841e+00
6.771150000000000000e+09,2.686629072033497323e-02,-8.491318007404352386e+00
6.771300000000000000e+09,2.422664263531260076e-02,-8.548622801133234361e+00
6.771450000000000000e+09,2.095788660638220335e-02,-8.606556702805690406e+00
6.771600000000000000e+09,1.852963923538197832e-02,-8.663650095820550234e+00
6.771750000000000000e+09,1.548882174325783012e-02,-8.721356058956207136e+00
6.771900000000000000e+09,1.302153055958576999e-02,-8.778488495783404844e+00
6.772050000000000000e+09,8.729348193053709792e-03,-8.837445823793796507e+00
6.772200000000000000e+09,5.711280032141274887e-03,-8.895129037598241695e+00
6.772350000000000000e+09,1.210221301695568741e-03,-8.954295241972539898e+00
6.772500000000000000e+09,-3.732677817129825826e-03,-9.013903286734898046e+00
6.772650000000000000e+09,-8.677785595381237727e-03,-9.073513540156682211e+00
6.772800000000000000e+09,-1.422359582760357455e-02,-9.133724496032757045e+00
6.772950000000000000e+09,-2.369922216964859274e-02,-9.197865268018334817e+00
6.773100000000000000e+09,-2.889424877220037047e-02,-9.257725440264739092e+00
6.773250000000000000e+09,-3.251040229118906666e-02,-9.316006739427260541e+00
6.773400000000000000e+09,-4.129554155534975735e-02,-9.379457024334953985e+00
6.773550000000000000e+09,-5.353490288580253775e-02,-9.446361531309259263e+00
6.773700000000000000e+09,-6.582620914146986024e-02,-9.513317983208459339e+00
6.773850000000000000e+09,-9.266781219452013829e-02,-9.594824731905369219e+00
6.774000000000000000e+09,-1.320772455924092981e-01,-9.688899310946784027e+00
6.774150000000000000e+09,-1.919683004343308852e-01,-9.803455511432238367e+00
6.774300000000000000e+09,-2.582157718305229110e-01,-9.924368128472289996e+00
6.774450000000000000e+09,-3.136438099021248149e-01,-1.003446131218741755e+01
6.774600000000000000e+09,-3.896710022466471912e-01,-1.016515365017579953e+01
6.774750000000000000e+09,-4.883803456965534195e-01,-1.031852813926923851e+01
6.774900000000000000e+09,-6.342828548014320944e-01,-1.051909579401764283e+01
6.775050000000000000e+09,-8.493374142473761879e-01,-1.078881549910744653e+01
6.775200000000000000e+09,-1.156074707288368586e+00,-1.115021793779197168e+01
6.775350000000000000e+09,1.356961511319259017e+00,-8.691846864828196573e+00
6.775500000000000000e+09,1.049540267399150295e+00,-9.053933254391838048e+00
6.775650000000000000e+09,7.847887121796652821e-01,-9.373349955254855814e+00
6.775800000000000000e+09,6.053435426067821368e-01,-9.607460270471591457e+00
6.775950000000000000e+09,4.910200685719985358e-01,-9.776448890149907811e+00
6.776100000000000000e+09,4.219104473695409752e-01,-9.900223656995898125e+00
6.776250000000000000e+09,3.723707939367706388e-01,-1.000442845607252096e+01
6.776400000000000000e+09,3.315567398153635992e-01,-1.009990765583746075e+01
6.776550000000000000e+09,2.990769321947084336e-01,-1.018705260910196841e+01
6.776700000000000000e+09,2.737713228723457348e-01,-1.026702336406786387e+01
6.776850000000000000e+09,2.572192353159010736e-01,-1.033824059726784128e+01
6.777000000000000000e+09,2.433859470349553078e-01,-1.040673903119263954e+01
6.777150000000000000e+09,2.280644413120924696e-01,-1.047672568255903514e+01
6.777300000000000000e+09,2.148879565931345326e-01,-1.054456731292185268e+01
6.777450000000000000e+09,2.019762541445651038e-01,-1.061214416101394775e+01
6.777600000000000000e+09,1.927806154432687435e-01,-1.067600494535877687e+01
6.777750000000000000e+09,1.882943027935510827e-01,-1.073515640365235413e+01
6.777900000000000000e+09,1.832783783004607869e-01,-1.079483747378897007e+01
6.778050000000000000e+09,1.780483377636308262e-01,-1.085473265996965964e+01
6.778200000000000000e+09,1.735101413702473394e-01,-1.091393600200657588e+01
6.778350000000000000e+09,1.720316079846107016e-01,-1.097007968103573816e+01
6.778500000000000000e+09,1.698934412391892579e-01,-1.102688299342501921e+01
6.778650000000000000e+09,1.683422250622488292e-01,-1.108309935524549239e+01
6.778800000000000000e+09,1.652225835738718729e-01,-1.114088414237772184e+01
6.778950000000000000e+09,1.612158192552861635e-01,-1.119955605233984031e+01
6.779100000000000000e+09,1.583247102943818874e-01,-1.125711230694427734e+01
6.779250000000000000e+09,1.553385047922741791e-01,-1.131476365809023754e+01
6.779400000000000000e+09,1.531806208124688595e-01,-1.137158668771357561e+01
6.779550000000000000e+09,1.510514006609611215e-01,-1.142838105350893585e+01
6.779700000000000000e+09,1.518308377621551131e-01,-1.148226676205127461e+01
6.779850000000000000e+09,1.540490779776604313e-01,-1.153471366747930205e+01
6.780000000000000000e+09,1.610970565283391664e-01,-1.158233083457247581e+01
6.780150000000000000e+09,1.743598604427560872e-01,-1.162373317630159164e+01
6.780300000000000000e+09,1.789470624580165037e-01,-1.167381111993019083e+01
6.780450000000000000e+09,1.795253197148376501e-01,-1.172789800831689533e+01
6.780600000000000000e+09,1.783488942248130371e-01,-1.178373957945045269e+01
6.780750000000000000e+09,1.738538675099050579e-01,-1.184289975180922028e+01
6.780900000000000000e+09,1.692365783153633174e-01,-1.190218218664728766e+01
6.781050000000000000e+09,1.680223224879622279e-01,-1.195806158811822151e+01
6.781200000000000000e+09,1.718695128373148862e-01,-1.200887954341272845e+01
6.781350000000000000e+09,1.733255298428986180e-01,-1.206208867205067037e+01
6.781500000000000000e+09,1.713346915385081104e-01,-1.211874465599892048e+01
6.781650000000000000e+09,1.702230912876014912e-01,-1.217452140189335985e+01
6.781800000000000000e+09,1.677763355240493581e-01,-1.223163330330044474e+01
6.781950000000000000e+09,1.671312940456761709e-01,-1.228694349042267042e+01
6.782100000000000000e+09,1.664477534510062640e-01,-1.234229217666087308e+01
6.782250000000000000e+09,1.664326417561525773e-01,-1.239697243399957927e+01
6.782400000000000000e+09,1.658193592598316002e-01,-1.245225086213943300e+01
6.782550000000000000e+09,1.646413843071616867e-01,-1.250809398273563566e+01
6.782700000000000000e+09,1.639588673842862221e-01,-1.256344164530236363e+01
6.782850000000000000e+09,1.633430818301686571e-01,-1.261872257650001394e+01
6.783000000000000000e+09,1.621427820718963630e-01,-1.267458802190213873e+01
6.783150000000000000e+09,1.622628354588577793e-01,-1.272913311415871007e+01
6.783300000000000000e+09,1.606872289006702204e-01,-1.278537386636043038e+01
6.783450000000000000e+09,1.611660029377901537e-01,-1.283956023796716295e+01
6.783600000000000000e+09,1.597714126468243734e-01,-1.289561997390166148e+01
6.783750000000000000e+09,1.590769771900344409e-01,-1.295097955500231102e+01
6.783900000000000000e+09,1.587152592602567580e-01,-1.300600641857561435e+01
6.784050000000000000e+09,1.582991918135174814e-01,-1.306108763166588638e+01
6.784200000000000000e+09,1.573109836014392471e-01,-1.311674098552182421e+01
6.784350000000000000e+09,1.563601965086789392e-01,-1.317235691825811017e+01
6.784500000000000000e+09,1.558771327129377937e-01,-1.322750512769771092e+01
6.784650000000000000e+09,1.554979706144106189e-01,-1.328254943543977085e+01
6.784800000000000000e+09,1.542110863069332538e-01,-1.333850146539078096e+01
6.784950000000000000e+09,1.544897892491121638e-01,-1.339288790809245455e+01
6.785100000000000000e+09,1.537535755918799651e-01,-1.344828926739321950e+01
6.785250000000000000e+09,1.531736429743109085e-01,-1.350353434565432131e+01
6.785400000000000000e+09,1.532502732590330652e-01,-1.355812286101345165e+01
6.785550000000000000e+09,1.516573142959618536e-01,-1.361438096562005562e+01
6.785700000000000000e+09,1.510990103684246577e-01,-1.366960441519144531e+01
6.785850000000000000e+09,1.505975548014415466e-01,-1.372477101640196118e+01
6.786000000000000000e+09,1.500635464474768810e-01,-1.377997017039945860e+01
6.786150000000000000e+09,1.497948859928399656e-01,-1.383490397649794801e+01
6.786300000000000000e+09,1.492331836320062166e-01,-1.389013082450231451e+01
6.786450000000000000e+09,1.483333037369476415e-01,-1.394569585004122558e+01
6.786600000000000000e+09,1.476722510544057343e-01,-1.400102204836730024e+01
6.786750000000000000e+09,1.470568332405957079e-01,-1.405630261182464302e+01
6.786900000000000000e+09,1.467036085119470812e-01,-1.411132098219714415e+01
6.787050000000000000e+09,1.458364985650781875e-01,-1.416685323778754579e+01
6.787200000000000000e+09,1.454511429851841342e-01,-1.422190373901129945e+01
6.787350000000000000e+09,1.445486939874118804e-01,-1.427747133365259735e+01
6.787500000000000000e+09,1.431499248139367353e-01,-1.433353524846960525e+01
6.787650000000000000e+09,1.433865936344105307e-01,-1.438796372529299106e+01
6.787800000000000000e+09,1.417086959785862632e-01,-1.444430676859234808e+01
6.787950000000000000e+09,1.411995742755198791e-01,-1.449948103593926696e+01
6.788100000000000000e+09,1.396680152779552486e-01,-1.455567774058036434e+01
6.788250000000000000e+09,1.390494692355339623e-01,-1.461096143226631838e+01
6.788400000000000000e+09,1.384037493134471219e-01,-1.466627229783225772e+01
6.788550000000000000e+09,1.375150604951542732e-01,-1.472182613229408332e+01
6.788700000000000000e+09,1.364010897914909037e-01,-1.477760524864159919e+01
6.788850000000000000e+09,1.357121591449175213e-01,-1.483295932493170532e+01
6.789000000000000000e+09,1.346563883120985849e-01,-1.488868024140805701e+01
6.789150000000000000e+09,1.331523107416128227e-01,-1.494484946462239527e+01
6.789300000000000000e+09,1.322097523978875699e-01,-1.500045716860965328e+01
6.789450000000000000e+09,1.308157060442418640e-01,-1.505651636060715148e+01
6.789600000000000000e+09,1.302432916139402153e-01,-1.511175392068098589e+01
6.789750000000000000e+09,1.279846099429526873e-01,-1.516867774799550617e+01
6.789900000000000000e+09,1.271082136682473163e-01,-1.522421928991406403e+01
6.790050000000000000e+09,1.263265020301496122e-01,-1.527966614719569449e+01
6.790200000000000000e+09,1.250098397318630816e-01,-1.533564795513751378e+01
6.790350000000000000e+09,1.230438019291923979e-01,-1.539227913858403696e+01
6.790500000000000000e+09,1.215841728359059459e-01,-1.544840391332085616e+01
6.790650000000000000e+09,1.211095851498207310e-01,-1.550354364665080098e+01
6.790800000000000000e+09,1.194075217652876830e-01,-1.555991085567886678e+01
6.790950000000000000e+09,1.177081006667997087e-01,-1.561627542242088040e+01
6.791100000000000000e+09,1.159858992842597303e-01,-1.567266276944727998e+01
6.791250000000000000e+09,1.148713715230584853e-01,-1.572844244285201398e+01
6.791400000000000000e+09,1.126091719885238263e-01,-1.578536978803040114e+01
6.791550000000000000e+09,1.107050573571211061e-01,-1.584193904830533661e+01
6.791700000000000000e+09,1.101422309085133833e-01,-1.589716702039747709e+01
6.791850000000000000e+09,1.079992276994428124e-01,-1.595397516925040016e+01
6.792000000000000000e+09,1.065419802512295178e-01,-1.601009756234214620e+01
6.792150000000000000e+09,1.053546430290879243e-01,-1.606595004520814030e+01
6.792300000000000000e+09,1.034602825297383788e-01,-1.612250955135102259e+01
6.792450000000000000e+09,1.015702351405458614e-01,-1.617906474438374786e+01
6.792600000000000000e+09,1.001980687014061289e-01,-1.623510205646674009e+01
6.792750000000000000e+09,9.822169369877542522e-02,-1.629174357711290355e+01
6.792900000000000000e+09,9.739494397728165609e-02,-1.634723547247824982e+01
6.793050000000000000e+09,9.540272000528915441e-02,-1.640389284209377507e+01
6.793200000000000000e+09,9.331399917635607721e-02,-1.646064670856624090e+01
6.793350000000000000e+09,9.182088582883807248e-02,-1.651680496755761141e+01
6.793500000000000000e+09,9.005437607898869601e-02,-1.657323662295099354e+01
6.793650000000000000e+09,8.790377764693602103e-02,-1.663005236702690581e+01
6.793800000000000000e+09,8.651739107357059311e-02,-1.668610389924380399e+01
6.793950000000000000e+09,8.472803954713015173e-02,-1.674255839641377008e+01
6.794100000000000000e+09,8.251898763015930172e-02,-1.679943259397460054e+01
6.794250000000000000e+09,8.090727423873644852e-02,-1.685570945300955614e+01
6.794400000000000000e+09,7.964617963616404950e-02,-1.691163569325598104e+01
6.794550000000000000e+09,7.679725424670991174e-02,-1.696914976428896793e+01
6.794700000000000000e+09,7.549217978264266549e-02,-1.702511998439656793e+01
6.794850000000000000e+09,7.407189783132395178e-02,-1.708120541199173914e+01
6.795000000000000000e+09,7.237974648491984908e-02,-1.713756270898167600e+01
6.795150000000000000e+09,7.119385151407087164e-02,-1.719341374959605773e+01
6.795300000000000000e+09,6.827887203835558694e-02,-1.725099387471562551e+01
6.795450000000000000e+09,6.678452366562481757e-02,-1.730715336873188903e+01
6.795600000000000000e+09,6.493033711419471388e-02,-1.736367270092717163e+01
6.795750000000000000e+09,6.325463243769746668e-02,-1.742001355124720163e+01
6.795900000000000000e+09,6.159339961187271228e-02,-1.747633992971655914e+01
6.796050000000000000e+09,5.967678016500954641e-02,-1.753292169480727480e+01
6.796200000000000000e+09,5.813324975060751854e-02,-1.758913037086520958e+01
6.796350000000000000e+09,5.598247083947427427e-02,-1.764594629542019533e+01
6.796500000000000000e+09,5.374433663463307198e-02,-1.770284957526856928e+01
6.796650000000000000e+09,5.212898604096949384e-02,-1.775913007150576561e+01
6.796800000000000000e+09,4.996522739388709056e-02,-1.781595897579670762e+01
6.796950000000000000e+09,4.887487302427118152e-02,-1.787171447580984918e+01
6.797100000000000000e+09,4.667821376028413738e-02,-1.792857628071769582e+01
6.797250000000000000e+09,4.506593538228997886e-02,-1.798485370473922274e+01
6.797400000000000000e+09,4.296928355584839210e-02,-1.804161550220918997e+01
6.797550000000000000e+09,4.104984643905851271e-02,-1.809820008496983945e+01
6.797700000000000000e+09,3.878815158894965975e-02,-1.815512692546348106e+01
6.797850000000000000e+09,3.751751348857723656e-02,-1.821106270920770598e+01
6.798000000000000000e+09,3.569769785556431430e-02,-1.826754767048425165e+01
6.798150000000000000e+09,3.383095385852641357e-02,-1.832407956012482231e+01
6.798300000000000000e+09,3.128424665921158976e-02,-1.838129141296798963e+01
6.798450000000000000e+09,2.995816361296022023e-02,-1.843728264165777375e+01
6.798600000000000000e+09,2.747215770774502630e-02,-1.849443379320684144e+01
6.798750000000000000e+09,2.559348074878187163e-02,-1.855097761580933735e+01
6.798900000000000000e+09,2.410331858495950996e-02,-1.860713292361669247e+01
6.799050000000000000e+09,2.264478146643611467e-02,-1.866325660637906836e+01
6.799200000000000000e+09,2.079684870676601349e-02,-1.871976968478227121e+01
6.799350000000000000e+09,1.893265132006760609e-02,-1.877629902781250237e+01
6.799500000000000000e+09,1.703860474901830457e-02,-1.883285822002740417e+01
6.799650000000000000e+09,1.483710873652555051e-02,-1.888972486168342968e+01
6.799800000000000000e+09,1.397856222532567472e-02,-1.894524855383848916e+01
6.799950000000000000e+09,1.154568228404428964e-02,-1.900234657942329619e+01
6.800100000000000000e+09,9.597655202274069097e-03,-1.905895975214859916e+01
6.800250000000000000e+09,7.347337877934734252e-03,-1.911587521511679810e+01
6.800400000000000000e+09,6.056109108769192062e-03,-1.917183158952948929e+01
6.800550000000000000e+09,3.749422924556711223e-03,-1.922880342135756138e+01
6.800700000000000000e+09,2.320967422413389158e-03,-1.928489702250323745e+01
6.800850000000000000e+09,6.889494149895369901e-04,-1.934119418615418695e+01
6.801000000000000000e+09,-9.017637823234281313e-04,-1.939745004499535952e+01
6.801150000000000000e+09,-2.968023764989169422e-03,-1.945418145062155801e+01
6.801300000000000000e+09,-4.846351089828004888e-03,-1.951072492359024935e+01
6.801450000000000000e+09,-6.480412143741176578e-03,-1.956702413028769527e+01
6.801600000000000000e+09,-8.000178507796107397e-03,-1.962320904229528296e+01
6.801750000000000000e+09,-8.799539649366749927e-03,-1.967867354908070610e+01
6.801900000000000000e+09,-1.200357598618850830e-02,-1.973654273106106061e+01
6.802050000000000000e+09,-1.393190563434743012e-02,-1.979313620635307203e+01
6.802200000000000000e+09,-1.534838969623564253e-02,-1.984921783605849299e+01
6.802350000000000000e+09,-1.706501786287972777e-02,-1.990559960986866983e+01
6.802500000000000000e+09,-1.858618605707107463e-02,-1.996178592370671367e+01
6.802650000000000000e+09,-2.054615232136569603e-02,-2.001841103561454105e+01
6.802800000000000000e+09,-2.292822032143249089e-02,-2.007545824925846745e+01
6.802950000000000000e+09,-2.536597770347981395e-02,-2.013256115228404042e+01
6.803100000000000000e+09,-2.656839271152122706e-02,-2.018842871293561458e+01
6.803250000000000000e+09,-2.847620708308795656e-02,-2.024500167295104092e+01
6.803400000000000000e+09,-3.088999083182386585e-02,-2.030208060234330247e+01
6.803550000000000000e+09,-3.375530748076016607e-02,-2.035961106463609838e+01
6.803700000000000000e+09,-3.688046660770538665e-02,-2.041740136940657635e+01
6.803850000000000000e+09,-3.940806460851575821e-02,-2.047459411305091237e+01
6.804000000000000000e+09,-4.465941134520079459e-02,-2.053451060543145701e+01
6.804150000000000000e+09,-4.830437293077949334e-02,-2.059282071266056846e+01
6.804300000000000000e+09,-5.202026593722663961e-02,-2.065120175131054125e+01
6.804450000000000000e+09,-5.302333745901322004e-02,-2.070686996847618744e+01
6.804600000000000000e+09,-5.546305183482047596e-02,-2.076397482849552745e+01
6.804750000000000000e+09,-5.657166906784993898e-02,-2.081974859137240941e+01
6.804900000000000000e+09,-6.141176183342267336e-02,-2.087925382978151490e+01
6.805050000000000000e+09,-6.209009721503733203e-02,-2.093459731080666231e+01
6.805200000000000000e+09,-6.592058925849642037e-02,-2.099309294849397389e+01
6.805350000000000000e+09,-6.966334133645091242e-02,-2.105150084621546114e+01
6.805500000000000000e+09,-7.529353341367084340e-02,-2.111179618393653357e+01
6.805650000000000000e+09,-9.206259482973422337e-02,-2.118323039099612970e+01
6.805800000000000000e+09,-1.093768663320560108e-01,-2.125520980814198424e+01
6.805950000000000000e+09,-1.315655541805789142e-01,-2.133206364163435964e+01
6.806100000000000000e+09,-1.581019477515432925e-01,-2.141326518084885677e+01
6.806250000000000000e+09,-1.945259077073124843e-01,-2.150435428644848557e+01
6.806400000000000000e+09,-2.225234692941597814e-01,-2.158701699367885851e+01
6.806550000000000000e+09,-2.857404551699289641e-01,-2.170489912519816045e+01
6.806700000000000000e+09,-3.864819550194944497e-01,-2.186030577069158554e+01
6.806850000000000000e+09,-4.953180545334738838e-01,-2.202380701584909062e+01
6.807000000000000000e+09,-6.441384484998557980e-01,-2.222729255545933214e+01
6.807150000000000000e+09,-8.411452463419024639e-01,-2.247896449894491155e+01
6.807300000000000000e+09,-1.091373461321904159e+00,-2.278385785956843890e+01
6.807450000000000000e+09,1.461902152302972269e+00,-2.028524739158742207e+01
6.807600000000000000e+09,1.120677987661618857e+00,-2.068113670187230824e+01
6.807750000000000000e+09,8.199421476591695068e-01,-2.103653768751861008e+01
6.807900000000000000e+09,6.165717784108117883e-01,-2.129457320241050056e+01
6.808050000000000000e+09,4.833209543215133408e-01,-2.148248917214333176e+01
6.808200000000000000e+09,4.095492783875336329e-01,-2.161092599372116396e+01
6.808350000000000000e+09,3.502536921359933331e-01,-2.172488672561623702e+01
6.808500000000000000e+09,3.034078789312211200e-01,-2.182639768446486173e+01
6.808650000000000000e+09,2.622838779199980763e-01,-2.192218683111961752e+01
6.808800000000000000e+09,2.371784657581024192e-01,-2.200195738892504593e+01
6.808950000000000000e+09,2.158555029414728210e-01,-2.207794549738552803e+01
6.809100000000000000e+09,1.970140049918995828e-01,-2.215145214097863402e+01
6.809250000000000000e+09,1.847659467145135181e-01,-2.221836534489955284e+01
6.809400000000000000e+09,1.728191922144262094e-01,-2.228497724504349264e+01
6.809550000000000000e+09,1.621684626944492891e-01,-2.235029312020700232e+01
6.809700000000000000e+09,1.514283477103397502e-01,-2.241569838083497146e+01
6.809850000000000000e+09,1.440926563564453033e-01,-2.247769921783239155e+01
6.810000000000000000e+09,1.378031321423272004e-01,-2.253865388769004241e+01
6.810150000000000000e+09,1.359122232560316945e-01,-2.259520994222019752e+01
6.810300000000000000e+09,1.273996775249379709e-01,-2.265838763359481689e+01
6.810450000000000000e+09,1.262483954931425956e-01,-2.271420406127047187e+01
6.810600000000000000e+09,1.262658115074657417e-01,-2.276885179089968148e+01
6.810750000000000000e+09,1.191593474182681689e-01,-2.283062340063240470e+01
6.810900000000000000e+09,1.123881329090359316e-01,-2.289205976078549654e+01
6.811050000000000000e+09,1.068259265039692707e-01,-2.295228711283409595e+01
6.811200000000000000e+09,1.013910873148944347e-01,-2.301238709766702328e+01
6.811350000000000000e+09,9.767588006283745017e-02,-2.307076745056261302e+01
6.811500000000000000e+09,9.360337762486281576e-02,-2.312950509864412041e+01
6.811650000000000000e+09,9.155472010800380644e-02,-2.318621890180483192e+01
6.811800000000000000e+09,9.097660670859397669e-02,-2.324146216084777450e+01
6.811950000000000000e+09,9.285135796664434338e-02,-2.329425255523357663e+01
6.812100000000000000e+09,1.001669847065898011e-01,-2.334160207413716392e+01
6.812250000000000000e+09,1.073437861672985605e-01,-2.338909041831998792e+01
6.812400000000000000e+09,1.150202234073347540e-01,-2.343607912672380778e+01
6.812550000000000000e+09,1.130771680255797662e-01,-2.349268732774909196e+01
6.812700000000000000e+09,1.077221368601257723e-01,-2.355270750455840201e+01
6.812850000000000000e+09,1.030812079131777637e-01,-2.361201357914888277e+01
6.813000000000000000e+09,9.837762706813180102e-02,-2.367138230563745793e+01
6.813150000000000000e+09,9.358656110982721543e-02,-2.373083851723961857e+01
6.813300000000000000e+09,8.924276595118030286e-02,-2.378984745804179823e+01
6.813450000000000000e+09,8.486066848532303197e-02,-2.384889470115118826e+01
6.813600000000000000e+09,8.343874836515752236e-02,-2.390498176691520626e+01
6.813750000000000000e+09,7.925660995204353299e-02,-2.396382905097185301e+01
6.813900000000000000e+09,7.812213460089267869e-02,-2.401962867196685991e+01
6.814050000000000000e+09,7.784189964876020440e-02,-2.407457405256252159e+01
6.814200000000000000e+09,7.837525356811525512e-02,-2.412870584428669929e+01
6.814350000000000000e+09,7.832121170683237210e-02,-2.418342503179183822e+01
6.814500000000000000e+09,7.655436546577121248e-02,-2.423985702367642858e+01
6.814650000000000000e+09,7.460051751715468527e-02,-2.429647601726890116e+01
6.814800000000000000e+09,7.316949801983696489e-02,-2.435257218240975163e+01
6.814950000000000000e+09,7.099477868058201580e-02,-2.440941204739253934e+01
6.815100000000000000e+09,7.028596813503895646e-02,-2.446478600358193489e+01
6.815250000000000000e+09,6.769193711311416450e-02,-2.452204518024739244e+01
6.815400000000000000e+09,6.614024445750033010e-02,-2.457826201854686232e+01
6.815550000000000000e+09,6.406742182583968770e-02,-2.463499998682205216e+01
6.815700000000000000e+09,6.219981203506819156e-02,-2.469153274225635641e+01
6.815850000000000000e+09,6.095316331472133697e-02,-2.474744453662055932e+01
6.816000000000000000e+09,5.903508561387482700e-02,-2.480402775996493503e+01
6.816150000000000000e+09,5.774469516008196024e-02,-2.485998329606258395e+01
6.816300000000000000e+09,5.529370357883323095e-02,-2.491709943328736543e+01
6.816450000000000000e+09,5.361382061371244845e-02,-2.497344446189601896e+01
6.816600000000000000e+09,5.222318599298247932e-02,-2.502950024216060143e+01
6.816750000000000000e+09,5.049892465267191710e-02,-2.508588964914444475e+01
6.816900000000000000e+09,4.930621970572346413e-02,-2.514174749973524925e+01
6.817050000000000000e+09,4.702283989600175573e-02,-2.519869602518850016e+01
6.817200000000000000e+09,4.570257384292375491e-02,-2.525468143688511091e+01
6.817350000000000000e+09,4.418780189443438644e-02,-2.531086135447745633e+01
6.817500000000000000e+09,4.258753259659542323e-02,-2.536712676941882449e+01
6.817650000000000000e+09,4.071743059934362918e-02,-2.542366201705993234e+01
6.817800000000000000e+09,3.849886298381122174e-02,-2.548054573031899750e+01
6.817950000000000000e+09,3.661893162056628626e-02,-2.553709080732577519e+01
6.818100000000000000e+09,3.556154756131135741e-02,-2.559281333702888261e+01
6.818250000000000000e+09,3.315114404522745417e-02,-2.564988888618849927e+01
6.818400000000000000e+09,3.179436396948887023e-02,-2.570591081190777061e+01
6.818550000000000000e+09,2.926045681502742468e-02,-2.576310986470608455e+01
6.818700000000000000e+09,2.819469203116042877e-02,-2.581884077513348430e+01
6.818850000000000000e+09,2.549852198033519812e-02,-2.587620209082816558e+01
6.819000000000000000e+09,2.429504396957682388e-02,-2.593207071448245316e+01
6.819150000000000000e+09,2.204151938483889239e-02,-2.598898938471072384e+01
6.819300000000000000e+09,1.934850481201166872e-02,-2.604634754492740711e+01
6.819450000000000000e+09,1.880159715966911449e-02,-2.610155959822328242e+01
6.819600000000000000e+09,1.648393603461428825e-02,-2.615854240499218974e+01
6.819750000000000000e+09,1.410835067638771534e-02,-2.621558313599394907e+01
6.819900000000000000e+09,1.301763521667353984e-02,-2.627133899709719600e+01
6.820050000000000000e+09,1.064625937148733215e-02,-2.632837551858623470e+01
6.820200000000000000e+09,8.718687925853174647e-03,-2.638496823567540162e+01
6.820350000000000000e+09,7.199845878147925760e-03,-2.644115222336696291e+01
6.820500000000000000e+09,5.281796163380647613e-03,-2.649773541872525939e+01
6.820650000000000000e+09,2.691669190792111976e-03,-2.655499069134138068e+01
6.820800000000000000e+09,1.844081048563595004e-03,-2.661050342512746525e+01
6.820950000000000000e+09,-4.957891849493023528e-04,-2.666750844100451090e+01
6.821100000000000000e+09,-2.041919330164176927e-03,-2.672371971679357827e+01
6.821250000000000000e+09,-4.462301279698266399e-03,-2.678080524438664511e+01
6.821400000000000000e+09,-6.511954961510468820e-03,-2.683752004371199007e+01
6.821550000000000000e+09,-7.552358525849456328e-03,-2.689322559292018155e+01
6.821700000000000000e+09,-1.005387938175417162e-02,-2.695039225941961902e+01
6.821850000000000000e+09,-1.162725658139862617e-02,-2.700663078226311953e+01
6.822000000000000000e+09,-1.295328140977503040e-02,-2.706262195273502513e+01
6.822150000000000000e+09,-1.486035731096890800e-02,-2.711919417427975176e+01
6.822300000000000000e+09,-1.734890190027726931e-02,-2.717634786451291617e+01
6.822450000000000000e+09,-1.843072938627443591e-02,-2.723209483764244609e+01
6.822600000000000000e+09,-2.040699937992584978e-02,-2.728873625327995001e+01
6.822750000000000000e+09,-2.185949129046704797e-02,-2.734485389083402396e+01
6.822900000000000000e+09,-2.395114367300976710e-02,-2.740161068886009943e+01
6.823050000000000000e+09,-2.595460869390109337e-02,-2.745827929952484325e+01
6.823200000000000000e+09,-2.733101792495062909e-02,-2.751432085439942554e+01
6.823350000000000000e+09,-2.899043703695980412e-02,-2.757064541915496747e+01
6.823500000000000000e+09,-3.075441038050286124e-02,-2.762707453814236302e+01
6.823650000000000000e+09,-3.269120410668691079e-02,-2.768367647751207983e+01
6.823800000000000000e+09,-3.427763244353698724e-02,-2.773992805149278595e+01
6.823950000000000000e+09,-3.550309050837441305e-02,-2.779581865520115613e+01
6.824100000000000000e+09,-3.814168130969619597e-02,-2.785312239164600712e+01
6.824250000000000000e+09,-3.842761118862370040e-02,-2.790807346716879067e+01
6.824400000000000000e+09,-3.961964103649506797e-02,-2.796393064266019479e+01
6.824550000000000000e+09,-4.182780596654112060e-02,-2.802080395323409334e+01
6.824700000000000000e+09,-4.318831174247605986e-02,-2.807682960465356103e+01
6.824850000000000000e+09,-4.449824132522195441e-02,-2.813280467987983968e+01
6.825000000000000000e+09,-4.544400851188612478e-02,-2.818841559271035635e+01
6.825150000000000000e+09,-4.792820033946298963e-02,-2.824556493018146597e+01
6.825300000000000000e+09,-4.811561752291382277e-02,-2.830041749300877285e+01
6.825450000000000000e+09,-5.014512542931726102e-02,-2.835711214655870904e+01
6.825600000000000000e+09,-5.155422866372916246e-02,-2.841318639543665014e+01
6.825750000000000000e+09,-5.253552737011091267e-02,-2.846883283978688794e+01
6.825900000000000000e+09,-5.312773833194484041e-02,-2.852409019639225463e+01
6.826050000000000000e+09,-5.507011782087545271e-02,-2.858069772152503774e+01
6.826200000000000000e+09,-5.604324523606152297e-02,-2.863633599458375656e+01
6.826350000000000000e+09,-5.645434650141822885e-02,-2.869141224149264602e+01
6.826500000000000000e+09,-5.819990843211186871e-02,-2.874782294906719216e+01
6.826650000000000000e+09,-5.858469507968422363e-02,-2.880287288135829726e+01
6.826800000000000000e+09,-6.087284576415541437e-02,-2.885982617768662450e+01
6.826950000000000000e+09,-6.085479124500636772e-02,-2.891447326881100821e+01
6.827100000000000000e+09,-6.213149887556923545e-02,-2.897041512208510028e+01
6.827250000000000000e+09,-6.323422813638401863e-02,-2.902618299698977111e+01
6.827400000000000000e+09,-6.382794430575700062e-02,-2.908144185880267685e+01
6.827550000000000000e+09,-6.556778159206899659e-02,-2.913784684173251804e+01
6.827700000000000000e+09,-6.601710282018302678e-02,-2.919296130860448812e+01
6.827850000000000000e+09,-6.650511351265109283e-02,-2.924811446494048894e+01
6.828000000000000000e+09,-6.719109184633964560e-02,-2.930346558891802999e+01
6.828150000000000000e+09,-6.833102878060515195e-02,-2.935927067149582825e+01
6.828300000000000000e+09,-6.833704791031181003e-02,-2.941394183626906766e+01
6.828450000000000000e+09,-6.998978490323892743e-02,-2.947025971890585083e+01
6.828600000000000000e+09,-6.952610863149999432e-02,-2.952446118827764110e+01
6.828750000000000000e+09,-7.049200377169029252e-02,-2.958009222906168745e+01
6.828900000000000000e+09,-7.053120415467262205e-02,-2.963479657508820253e+01
6.829050000000000000e+09,-7.088230026689501528e-02,-2.968981281684395412e+01
6.829200000000000000e+09,-7.144726637864451391e-02,-2.974504292859955967e+01
6.829350000000000000e+09,-7.181137128776171608e-02,-2.980007217915220963e+01
6.829500000000000000e+09,-7.136454800678393440e-02,-2.985429050151508434e+01
6.829650000000000000e+09,-7.205745735294755150e-02,-2.990964855650478071e+01
6.829800000000000000e+09,-7.253833696708511525e-02,-2.996479458176245103e+01
6.829950000000000000e+09,-7.305252331995504278e-02,-3.001997391375917701e+01
6.830100000000000000e+09,-7.331770121322378486e-02,-3.007490423729597495e+01
6.830250000000000000e+09,-7.356836362020757747e-02,-3.012982004534681479e+01
6.830400000000000000e+09,-7.381829321806065991e-02,-3.018473512058820063e+01
6.830550000000000000e+09,-7.394228595243035329e-02,-3.023952425896609952e+01
6.830700000000000000e+09,-7.473904365594208343e-02,-3.029498616231346730e+01
6.830850000000000000e+09,-7.482851121881495260e-02,-3.034974077551987293e+01
6.831000000000000000e+09,-7.486477145658199106e-02,-3.040444218140149246e+01
6.831150000000000000e+09,-7.468972292305053884e-02,-3.045893227851149376e+01
6.831300000000000000e+09,-7.457990057664432015e-02,-3.051348760180862030e+01
6.831450000000000000e+09,-7.487820212965345945e-02,-3.056845104900548549e+01
6.831600000000000000e+09,-7.485982910924704470e-02,-3.062309782162860827e+01
6.831750000000000000e+09,-7.529869308271486261e-02,-3.067820183124593214e+01
6.831900000000000000e+09,-7.483834955991497395e-02,-3.073240663336666501e+01
6.832050000000000000e+09,-7.546974596825961612e-02,-3.078770317541853885e+01
6.832200000000000000e+09,-7.555279193862318721e-02,-3.084245136703275847e+01
6.832350000000000000e+09,-7.550732210894040008e-02,-3.089707104284660844e+01
6.832500000000000000e+09,-7.540949177037958862e-02,-3.095163835815157682e+01
6.832650000000000000e+09,-7.558210437638024359e-02,-3.100647611640143353e+01
6.832800000000000000e+09,-7.572958135045837480e-02,-3.106128873901904441e+01
6.832950000000000000e+09,-7.658764198418666069e-02,-3.111681194529662875e+01
6.833100000000000000e+09,-7.619146456386971522e-02,-3.117108091351984100e+01
6.833250000000000000e+09,-7.701421424888010847e-02,-3.122656880884838415e+01
6.833400000000000000e+09,-7.685299827426561592e-02,-3.128107273851762571e+01
6.833550000000000000e+09,-7.727320973871698584e-02,-3.133615809562560628e+01
6.833700000000000000e+09,-7.682578542380369413e-02,-3.139037581695454904e+01
6.833850000000000000e+09,-7.712302915812330184e-02,-3.144533820633240140e+01
6.834000000000000000e+09,-7.753175646341148308e-02,-3.150041207928121878e+01
6.834150000000000000e+09,-7.779420286165006360e-02,-3.155533967132331341e+01
6.834300000000000000e+09,-7.836283190601278648e-02,-3.161057344601120889e+01
6.834450000000000000e+09,-7.861775043832608389e-02,-3.166549351018737823e+01
6.834600000000000000e+09,-7.901209574567502614e-02,-3.172055300113825638e+01
6.834750000000000000e+09,-8.036901109740313132e-02,-3.177657506213351724e+01
6.834900000000000000e+09,-7.963892787927306927e-02,-3.183051012455924322e+01
6.835050000000000000e+09,-8.062467224019087553e-02,-3.188616101456369023e+01
6.835200000000000000e+09,-8.076534094746889991e-02,-3.194096682891482430e+01
6.835350000000000000e+09,-8.140300986692849960e-02,-3.199626964347781666e+01
6.835500000000000000e+09,-8.293039575686833587e-02,-3.205246217501128569e+01
6.835650000000000000e+09,-8.271223967053487058e-02,-3.210690916456881183e+01
6.835800000000000000e+09,-8.435853362965417546e-02,-3.216322060417145678e+01
6.835950000000000000e+09,-8.418386375274877764e-02,-3.221771107993841099e+01
6.836100000000000000e+09,-8.571067833349843568e-02,-3.227390304016269340e+01
6.836250000000000000e+09,-8.692082316673577225e-02,-3.232977833063945639e+01
6.836400000000000000e+09,-8.805252638775584728e-02,-3.238557517950433606e+01
6.836550000000000000e+09,-8.906607994733661826e-02,-3.244125387870744959e+01
6.836700000000000000e+09,-9.055491092404821529e-02,-3.249740785532801368e+01
6.836850000000000000e+09,-9.129043447406104406e-02,-3.255280852452155926e+01
6.837000000000000000e+09,-9.299107312215681986e-02,-3.260917430881318779e+01
6.837150000000000000e+09,-9.416298988465854336e-02,-3.266501137121954201e+01
6.837300000000000000e+09,-9.615952585910036987e-02,-3.272167305283751659e+01
6.837450000000000000e+09,-9.744789868248204812e-02,-3.277762657130443102e+01
6.837600000000000000e+09,-9.917057685091634767e-02,-3.283401439511671782e+01
6.837750000000000000e+09,-1.017485228650087947e-01,-3.289125748677434302e+01
6.837900000000000000e+09,-1.035486367835574129e-01,-3.294772274633675124e+01
6.838050000000000000e+09,-1.059571087383801569e-01,-3.300479636393509963e+01
6.838200000000000000e+09,-1.094694868716530323e-01,-3.306297388771190526e+01
6.838350000000000000e+09,-1.120778166105012019e-01,-3.312024736309461304e+01
6.838500000000000000e+09,-1.149092010009411524e-01,-3.317774389312857863e+01
6.838650000000000000e+09,-1.202784228022224511e-01,-3.323777826057371243e+01
6.838800000000000000e+09,-1.236462451682101005e-01,-3.329581122858323994e+01
6.838950000000000000e+09,-1.284142687224871793e-01,-3.335524439778104266e+01
6.839100000000000000e+09,-1.350852704298617368e-01,-3.341658054513226972e+01
6.839250000000000000e+09,-1.410261842750841765e-01,-3.347718660462103202e+01
6.839400000000000000e+09,-1.481818391737448337e-01,-3.353900740516354517e+01
6.839550000000000000e+09,-1.628153536477441321e-01,-3.360830606528107012e+01
6.839700000000000000e+09,-1.701518557202348347e-01,-3.367030771299710068e+01
6.839850000000000000e+09,-2.055064594008086942e-01,-3.376032746232152704e+01
6.840000000000000000e+09,-2.753901494842736497e-01,-3.388487629804851764e+01
6.840150000000000000e+09,-3.483963544092318898e-01,-3.401254764861733548e+01
6.840300000000000000e+09,-4.367975289726331312e-01,-3.415561396882426948e+01
6.840450000000000000e+09,-5.527151722267618084e-01,-3.432619675772192380e+01
6.840600000000000000e+09,-6.779123964355449061e-01,-3.450605912757456650e+01
6.840750000000000000e+09,-8.614709172402896797e-01,-3.474428279402284403e+01
6.840900000000000000e+09,-1.108719806460499058e+00,-3.504619682888690591e+01
6.841050000000000000e+09,-7.051040516625377563e-01,-3.469724621973247736e+01
6.841200000000000000e+09,1.173612985747425341e+00,-3.287319432796604701e+01
6.841350000000000000e+09,8.600720140140580838e-01,-3.324140044534326677e+01
6.841500000000000000e+09,6.313714094422593348e-01,-3.352476619555859827e+01
6.841650000000000000e+09,4.732074941546358104e-01,-3.373759525648975455e+01
6.841800000000000000e+09,3.791101311755653569e-01,-3.388635776511267750e+01
6.841950000000000000e+09,3.151682310989301072e-01,-3.400496481083284550e+01
6.842100000000000000e+09,2.611456322919281092e-01,-3.411365255528370710e+01
6.842250000000000000e+09,2.168117694422875275e-01,-3.421265156377687333e+01
6.842400000000000000e+09,1.840940513912627807e-01,-3.430003442747143794e+01
6.842550000000000000e+09,1.559681171531650534e-01,-3.438282550735338816e+01
6.842700000000000000e+09,1.340793299220450763e-01,-3.445937944022803379e+01
6.842850000000000000e+09,1.162389516738997486e-01,-3.453188496412003872e+01
6.843000000000000000e+09,1.010894373436670435e-01,-3.460169962409380418e+01
6.843150000000000000e+09,8.715560917598708102e-02,-3.467029859790500979e+01
6.843300000000000000e+09,7.316091678535485698e-02,-3.473895843593950161e+01
6.843450000000000000e+09,6.186481341816119084e-02,-3.480491968495022803e+01
6.843600000000000000e+09,5.139773509147715913e-02,-3.487005190892076456e+01
6.843750000000000000e+09,4.135212197452631244e-02,-3.493476266768124816e+01
6.843900000000000000e+09,3.402306849371683484e-02,-3.499675686680559039e+01
6.844050000000000000e+09,2.642426819230081492e-02,-3.505902081275085891e+01
6.844200000000000000e+09,1.766572936102761560e-02,-3.512244449722566486e+01
6.844350000000000000e+09,9.985474757179702010e-03,-3.518478989747337238e+01
6.844500000000000000e+09,2.900047543526795835e-03,-3.524654047033055093e+01
6.844650000000000000e+09,-1.427078123079184024e-03,-3.530553274164068966e+01
6.844800000000000000e+09,-7.964166658759097572e-03,-3.536673497582022918e+01
6.844950000000000000e+09,-1.385683409731086613e-02,-3.542729278890230660e+01
6.845100000000000000e+09,-1.876019891320623856e-02,-3.548686129936205447e+01
6.845250000000000000e+09,-2.443188198528645216e-02,-3.554719812807767454e+01
6.845400000000000000e+09,-2.617674164964967076e-02,-3.560360813338556341e+01
6.845550000000000000e+09,-2.895691450867587946e-02,-3.566105345188844211e+01
6.845700000000000000e+09,-3.238158881161012914e-02,-3.571914327183491622e+01
6.845850000000000000e+09,-2.620406003620701085e-02,-3.576763088870336560e+01
6.846000000000000000e+09,-1.737225220109195334e-02,-3.581346422651177619e+01
6.846150000000000000e+09,-1.966578553354736414e-02,-3.587042290548777146e+01
6.846300000000000000e+09,-2.037438923520085154e-02,-3.592579665483327744e+01
6.846450000000000000e+09,-2.464148572963864581e-02,-3.598472889697124089e+01
6.846600000000000000e+09,-3.280402026744866362e-02,-3.604755657715259076e+01
6.846750000000000000e+09,-4.065103544186143836e-02,-3.611006873797085603e+01
6.846900000000000000e+09,-4.638688821496828041e-02,-3.617046973638749563e+01
6.847050000000000000e+09,-5.057692836781768619e-02,-3.622932492218419753e+01
6.847200000000000000e+09,-5.410431709123741939e-02,-3.628751745655115002e+01
6.847350000000000000e+09,-5.950460959797965188e-02,-3.634758289470142500e+01
6.847500000000000000e+09,-6.405388148785817748e-02,-3.640679731223515603e+01
6.847650000000000000e+09,-6.902236067292477628e-02,-3.646643093706375538e+01
6.847800000000000000e+09,-7.362392521014982094e-02,-3.652569764724483292e+01
6.847950000000000000e+09,-7.727390015932655842e-02,-3.658401276783754241e+01
6.848100000000000000e+09,-8.075699714915174354e-02,-3.664216101047090035e+01
6.848250000000000000e+09,-8.576343846948475402e-02,-3.670183259743508586e+01
6.848400000000000000e+09,-8.916134743122228201e-02,-3.675989565204036325e+01
6.848550000000000000e+09,-9.326264646971793582e-02,-3.681866209672271140e+01
6.848700000000000000e+09,-9.688008931431824067e-02,-3.687694468521083735e+01
6.848850000000000000e+09,-1.004049086958005432e-01,-3.693513465023585951e+01
6.849000000000000000e+09,-1.043707824681447960e-01,-3.699376566965205626e+01
6.849150000000000000e+09,-1.083558879282406906e-01,-3.705241592075567780e+01
6.849300000000000000e+09,-1.120144783512273534e-01,-3.711073965682252407e+01
6.849450000000000000e+09,-1.152138797719999275e-01,-3.716860420388682940e+01
6.849600000000000000e+09,-1.186647556557787198e-01,-3.722672022541413384e+01
6.849750000000000000e+09,-1.219211056920386227e-01,-3.728464172109425334e+01
6.849900000000000000e+09,-1.252336057840466310e-01,-3.734261936682979410e+01
6.850050000000000000e+09,-1.285882729255334311e-01,-3.740063917961513340e+01
6.850200000000000000e+09,-1.312934892974482182e-01,-3.745800954163058094e+01
6.850350000000000000e+09,-1.340794257312154514e-01,-3.751546062370788093e+01
6.850500000000000000e+09,-1.372636807767548817e-01,-3.757331002439727285e+01
6.850650000000000000e+09,-1.399454245691060805e-01,-3.763065691383315681e+01
6.850800000000000000e+09,-1.425875626535884066e-01,-3.768796419756117189e+01
6.850950000000000000e+09,-1.454886572698086411e-01,-3.774553043782124462e+01
6.851100000000000000e+09,-1.477586306522411519e-01,-3.780246555684720988e+01
6.851250000000000000e+09,-1.499758431307824935e-01,-3.785934791496961083e+01
6.851400000000000000e+09,-1.524396529966622893e-01,-3.791647687047901627e+01
6.851550000000000000e+09,-1.542324088741366950e-01,-3.797293477200002343e+01
6.851700000000000000e+09,-1.574199382146730386e-01,-3.803078744698441938e+01
6.851850000000000000e+09,-1.580058601324552114e-01,-3.808603851454572720e+01
6.852000000000000000e+09,-1.609511628345643430e-01,-3.814364896289168883e+01
6.852150000000000000e+09,-1.626563907640488083e-01,-3.820001933646471315e+01
6.852300000000000000e+09,-1.640703996345749260e-01,-3.825609849097876491e+01
6.852450000000000000e+09,-1.658311287685307889e-01,-3.831252436575657327e+01
6.852600000000000000e+09,-1.675538474967055436e-01,-3.836891223012828789e+01
6.852750000000000000e+09,-1.699413065373889253e-01,-3.842596483481282377e+01
6.852900000000000000e+09,-1.714797158898164753e-01,-3.848216838980878407e+01
6.853050000000000000e+09,-1.721223555524105109e-01,-3.853747617511491086e+01
6.853200000000000000e+09,-1.743242893007206362e-01,-3.859434325450707348e+01
6.853350000000000000e+09,-1.762781698848598921e-01,-3.865096228073474549e+01
6.853500000000000000e+09,-1.773992689034926684e-01,-3.870674852539723076e+01
6.853650000000000000e+09,-1.783946854498168477e-01,-3.876240908758708770e+01
6.853800000000000000e+09,-1.800532989431431474e-01,-3.881873284672394675e+01
6.853950000000000000e+09,-1.812228341628951966e-01,-3.887456752758755130e+01
6.854100000000000000e+09,-1.824109082738942789e-01,-3.893042074734208313e+01
6.854250000000000000e+09,-1.832138869417718752e-01,-3.898588887165381323e+01
6.854400000000000000e+09,-1.842192965718609798e-01,-3.904155942692744219e+01
6.854550000000000000e+09,-1.856944924737504721e-01,-3.909769976847285733e+01
6.854700000000000000e+09,-1.856112195305925638e-01,-3.915228164117355192e+01
6.854850000000000000e+09,-1.871936647525487274e-01,-3.920852923203904794e+01
6.855000000000000000e+09,-1.878149303179839080e-01,-3.926381564324833562e+01
6.855150000000000000e+09,-1.885932646550259051e-01,-3.931925912322890326e+01
6.855300000000000000e+09,-1.892170151586611837e-01,-3.937454801937607840e+01
6.855450000000000000e+09,-1.899719928836418603e-01,-3.942996814274491157e+01
6.855600000000000000e+09,-1.894230674911838719e-01,-3.948408436299597923e+01
6.855750000000000000e+09,-1.908130532623815157e-01,-3.954013949441071674e+01
6.855900000000000000e+09,-1.911720729045356393e-01,-3.959516365969672336e+01
6.856050000000000000e+09,-1.917918330950740824e-01,-3.965044856553078745e+01
6.856200000000000000e+09,-1.908884861415174328e-01,-3.970421036422109040e+01
6.856350000000000000e+09,-1.916884675319181497e-01,-3.975967549125502387e+01
6.856500000000000000e+09,-1.919345915568300143e-01,-3.981458676092346138e+01
6.856650000000000000e+09,-1.914964541359722716e-01,-3.986881376914646324e+01
6.856800000000000000e+09,-1.914349666508812220e-01,-3.992341742730490495e+01
6.856950000000000000e+09,-1.917069166107197020e-01,-3.997835452290859592e+01
6.857100000000000000e+09,-1.910848064947145986e-01,-4.003239755843612357e+01
6.857250000000000000e+09,-1.911841687963189429e-01,-4.008716206638126067e+01
6.857400000000000000e+09,-1.900846942858720467e-01,-4.014072773751466627e+01
6.857550000000000000e+09,-1.902410859607996940e-01,-4.019554927483312667e+01
6.857700000000000000e+09,-1.901595482523816827e-01,-4.025013288276856827e+01
6.857850000000000000e+09,-1.892081743600328991e-01,-4.030384665451974513e+01
6.858000000000000000e+09,-1.893559839305254400e-01,-4.035865960973377042e+01
6.858150000000000000e+09,-1.882955155390249047e-01,-4.041226428698612949e+01
6.858300000000000000e+09,-1.891027232767044097e-01,-4.046773664036733464e+01
6.858450000000000000e+09,-1.875806340232557545e-01,-4.052087969675774559e+01
6.858600000000000000e+09,-1.873883283471187156e-01,-4.057535253672514131e+01
6.858750000000000000e+09,-1.867868817182340990e-01,-4.062941623573978234e+01
6.858900000000000000e+09,-1.860646365143310277e-01,-4.068335913617973887e+01
6.859050000000000000e+09,-1.853487859919979996e-01,-4.073730843130093859e+01
6.859200000000000000e+09,-1.855790660634397682e-01,-4.079220385701623286e+01
6.859350000000000000e+09,-1.842046833445110110e-01,-4.084549461994083686e+01
6.859500000000000000e+09,-1.833587081810037489e-01,-4.089931379042086235e+01
6.859650000000000000e+09,-1.827718657756705056e-01,-4.095339209365938160e+01
6.859800000000000000e+09,-1.822633814665906016e-01,-4.100754875499383445e+01
6.859950000000000000e+09,-1.820791735722977478e-01,-4.106202969274339409e+01
6.860100000000000000e+09,-1.813246430699493317e-01,-4.111594030788457843e+01
6.860250000000000000e+09,-1.804324540928377019e-01,-4.116971326455099955e+01
6.860400000000000000e+09,-1.796562024186982853e-01,-4.122360215852071263e+01
6.860550000000000000e+09,-1.790873013592602092e-01,-4.127769840310480731e+01
6.860700000000000000e+09,-1.778724854553175305e-01,-4.133114873284439739e+01
6.860850000000000000e+09,-1.769153639437135439e-01,-4.138485675697664590e+01
6.861000000000000000e+09,-1.749288989011574813e-01,-4.143753543757762259e+01
6.861150000000000000e+09,-1.751637254293427759e-01,-4.149243540974966038e+01
6.861300000000000000e+09,-1.737194789262872519e-01,-4.154565630889013761e+01
6.861450000000000000e+09,-1.730424967836938777e-01,-4.159964447239107699e+01
6.861600000000000000e+09,-1.722792799015095966e-01,-4.165354640115274520e+01
6.861750000000000000e+09,-1.713308244197691010e-01,-4.170726309131453746e+01
6.861900000000000000e+09,-1.708745432316760571e-01,-4.176147195577030402e+01
6.862050000000000000e+09,-1.691444290165904363e-01,-4.181440698719874405e+01
6.862200000000000000e+09,-1.680677190989001701e-01,-4.186799542292459364e+01
6.862350000000000000e+09,-1.674374610258126950e-01,-4.192203031049535866e+01
6.862500000000000000e+09,-1.669168768386057877e-01,-4.197617487195167740e+01
6.862650000000000000e+09,-1.660633003998910340e-01,-4.202998644115682225e+01
6.862800000000000000e+09,-1.649121311237706777e-01,-4.208350041752423465e+01
6.862950000000000000e+09,-1.636297308109178061e-01,-4.213688316285491453e+01
6.863100000000000000e+09,-1.643096835888684382e-01,-4.219222826127671766e+01
6.863250000000000000e+09,-1.629667697596346443e-01,-4.224555049309101662e+01
6.863400000000000000e+09,-1.625809200274943578e-01,-4.229982978900272883e+01
6.863550000000000000e+09,-1.622789529157131483e-01,-4.235419296753448037e+01
6.863700000000000000e+09,-1.613134697833658038e-01,-4.240789263004566578e+01
6.863850000000000000e+09,-1.611873211693790608e-01,-4.246243162707553154e+01
6.864000000000000000e+09,-1.609205518049563466e-01,-4.251683000335464158e+01
6.864150000000000000e+09,-1.602696491147810320e-01,-4.257084424630832586e+01
6.864300000000000000e+09,-1.605344237101533622e-01,-4.262577416654722384e+01
6.864450000000000000e+09,-1.614035841721985776e-01,-4.268130847265280181e+01
6.864600000000000000e+09,-1.617596015340865279e-01,-4.273632963565854936e+01
6.864750000000000000e+09,-1.611447485401384938e-01,-4.279037992830812698e+01
6.864900000000000000e+09,-1.614845076059197027e-01,-4.284538483301744094e+01
6.865050000000000000e+09,-1.617315434893100701e-01,-4.290029701454469091e+01
6.865200000000000000e+09,-1.618911205457536084e-01,-4.295512173724466010e+01
6.865350000000000000e+09,-1.623102265620843809e-01,-4.301020598890485047e+01
6.865500000000000000e+09,-1.630116187778796188e-01,-4.306557252676417846e+01
6.865650000000000000e+09,-1.645221927782927196e-01,-4.312174824640811721e+01
6.865800000000000000e+09,-1.665676446771939823e-01,-4.317845884395087808e+01
6.865950000000000000e+09,-1.691161181568716643e-01,-4.323567246307408851e+01
6.866100000000000000e+09,-1.700627363950601989e-01,-4.329128422695612954e+01
6.866250000000000000e+09,-1.727432237577559704e-01,-4.334862985996235807e+01
6.866400000000000000e+09,-1.758010247568009277e-01,-4.340635280660493578e+01
6.866550000000000000e+09,-1.795191223484238208e-01,-4.346473604984041117e+01
6.866700000000000000e+09,-1.888339858055516629e-01,-4.352871605894107176e+01
6.866850000000000000e+09,-2.026082564327396085e-01,-4.359715547521211221e+01
6.867000000000000000e+09,-2.380517738622316415e-01,-4.368726413828513699e+01
6.867150000000000000e+09,-3.296016969294086607e-01,-4.383347920699584677e+01
6.867300000000000000e+09,-5.917923773314512914e-01,-4.415033503304174189e+01
6.867450000000000000e+09,-1.016375293283964254e+00,-4.462958309463778761e+01
6.867600000000000000e+09,-1.590446027114055028e+00,-4.525831897411173088e+01
6.867750000000000000e+09,-1.743431917347990634e+00,-4.546597000998919924e+01
6.867900000000000000e+09,4.855409753361712433e-01,-4.329166226294857012e+01
6.868050000000000000e+09,3.258230829774646509e-01,-4.350604530095112921e+01
6.868200000000000000e+09,2.299674224622663132e-01,-4.365656610710986740e+01
6.868350000000000000e+09,1.673298489718249016e-01,-4.377386882624416131e+01
6.868500000000000000e+09,1.222733210523543335e-01,-4.387359049980715753e+01
6.868650000000000000e+09,9.759781229483621701e-02,-4.395293115420821550e+01
6.868800000000000000e+09,7.190026642123115153e-02,-4.403329384572567307e+01
6.868950000000000000e+09,5.851390348016138887e-02,-4.410134535431027558e+01
6.869100000000000000e+09,4.729637396850705500e-02,-4.416722802946578241e+01
6.869250000000000000e+09,3.561207072182526190e-02,-4.423357747835599696e+01
6.869400000000000000e+09,2.633118811803569770e-02,-4.429752350660331928e+01
6.869550000000000000e+09,2.292597288265341149e-02,-4.435559386748255406e+01
6.869700000000000000e+09,1.383379145367058527e-02,-4.441935119455506964e+01
6.869850000000000000e+09,1.209100571896470910e-02,-4.447575912593330827e+01
6.870000000000000000e+09,5.038745541156686159e-03,-4.453747653175496879e+01
6.870150000000000000e+09,3.062798318019588351e-03,-4.459411762462163864e+01
6.870300000000000000e+09,2.934085237917827271e-03,-4.464891148334559290e+01
6.870450000000000000e+09,1.805265001607381237e-03,-4.470470544922543610e+01
6.870600000000000000e+09,-6.775434221843568139e-03,-4.476795129409241980e+01
6.870750000000000000e+09,-8.411464919255706718e-03,-4.482425247043368444e+01
6.870900000000000000e+09,-8.814422948169919891e-03,-4.487932057410613140e+01
6.871050000000000000e+09,-9.523837681449265347e-03,-4.493469513448327035e+01
6.871200000000000000e+09,-9.929257601818619605e-03,-4.498976570004716535e+01
6.871350000000000000e+09,-9.331007603258001382e-03,-4.504383259569213749e+01
6.871500000000000000e+09,-1.430318151207643496e-02,-4.510346991524481552e+01
6.871650000000000000e+09,-1.014235020526399467e-02,-4.515397422958152873e+01
6.871800000000000000e+09,-9.410322644406221571e-03,-4.520790734766453056e+01
6.871950000000000000e+09,-1.598502522861622310e-02,-4.526914719589227332e+01
6.872100000000000000e+09,-2.528875412864550754e-02,-4.533311607043582825e+01
6.872250000000000000e+09,-3.090777577943271126e-02,-4.539340023773047506e+01
6.872400000000000000e+09,-3.693198844560896532e-02,-4.545408959604018406e+01
6.872550000000000000e+09,-3.931180194003758288e-02,-4.551113455517846518e+01
6.872700000000000000e+09,-4.361586487654278699e-02,-4.557010376375850313e+01
6.872850000000000000e+09,-4.702429818962627905e-02,-4.562817734271511938e+01
6.873000000000000000e+09,-5.280945326683195162e-02,-4.568862764343617755e+01
6.873150000000000000e+09,-5.760530530977092667e-02,-4.574808864112264928e+01
6.873300000000000000e+09,-6.220925623684792072e-02,-4.580735773769357877e+01
6.873450000000000000e+09,-6.755367298868719672e-02,-4.586736730008895080e+01
6.873600000000000000e+09,-7.135550966984283150e-02,-4.592583428241363919e+01
6.873750000000000000e+09,-7.643035266639941483e-02,-4.598557427105404827e+01
6.873900000000000000e+09,-8.074978901147744637e-02,-4.604455885304265905e+01
6.874050000000000000e+09,-8.581701451430490124e-02,-4.610429122418933900e+01
6.874200000000000000e+09,-8.995802890584059242e-02,-4.616309738422441455e+01
6.874350000000000000e+09,-9.439172723012489996e-02,-4.622219622819222451e+01
6.874500000000000000e+09,-9.959521414155148022e-02,-4.628206486074750359e+01
6.874650000000000000e+09,-1.036107624338811206e-01,-4.634074555468337309e+01
6.874800000000000000e+09,-1.080390904268710983e-01,-4.639983902831988871e+01
6.874950000000000000e+09,-1.122794427821887098e-01,-4.645874452631906593e+01
6.875100000000000000e+09,-1.182706355329443682e-01,-4.651940086471335434e+01
6.875250000000000000e+09,-1.208024608091804453e-01,-4.657659783563344291e+01
6.875400000000000000e+09,-1.261884948971285780e-01,-4.663664901536492380e+01
6.875550000000000000e+09,-1.309302706089496837e-01,-4.669605593672027766e+01
6.875700000000000000e+09,-1.354390384595447472e-01,-4.675522985021472522e+01
6.875850000000000000e+09,-1.405492069950682321e-01,-4.681500516439378146e+01
6.876000000000000000e+09,-1.446129045634165777e-01,-4.687373400760598230e+01
6.876150000000000000e+09,-1.485187822174509620e-01,-4.693230503090354944e+01
6.876300000000000000e+09,-1.530544497703374418e-01,-4.699150584409996867e+01
6.876450000000000000e+09,-1.585294179938188108e-01,-4.705164595796730254e+01
6.876600000000000000e+09,-1.625469981287537280e-01,-4.711032868374577021e+01
6.876750000000000000e+09,-1.662485502388904024e-01,-4.716869538149975938e+01
6.876900000000000000e+09,-1.714329747905196655e-01,-4.722854495169492139e+01
6.877050000000000000e+09,-1.762621450915418109e-01,-4.728803926763947629e+01
6.877200000000000000e+09,-1.795764077474046871e-01,-4.734601867593919167e+01
6.877350000000000000e+09,-1.844879800265957215e-01,-4.740559539386191545e+01
6.877500000000000000e+09,-1.886431120392657590e-01,-4.746441567151844509e+01
6.877650000000000000e+09,-1.931126254957575838e-01,-4.752355033061846257e+01
6.877800000000000000e+09,-1.967079443222203849e-01,-4.758181079508845812e+01
6.877950000000000000e+09,-2.009807294048400195e-01,-4.764074872581493736e+01
6.878100000000000000e+09,-2.046668862280753842e-01,-4.769910002828169837e+01
6.878250000000000000e+09,-2.092032315218474992e-01,-4.775830151921933009e+01
6.878400000000000000e+09,-2.131824822146697329e-01,-4.781694591555568508e+01
6.878550000000000000e+09,-2.162735307730585532e-01,-4.787470210975759954e+01
6.878700000000000000e+09,-2.199500411944796952e-01,-4.793304376582288029e+01
6.878850000000000000e+09,-2.244272000843139381e-01,-4.799218607035624728e+01
6.879000000000000000e+09,-2.279268680966453076e-01,-4.805035088401210430e+01
6.879150000000000000e+09,-2.314401960685685822e-01,-4.810852935762788718e+01
6.879300000000000000e+09,-2.334500052718837537e-01,-4.816520431247473510e+01
6.879450000000000000e+09,-2.384434695254782355e-01,-4.822486292237218208e+01
6.879600000000000000e+09,-2.415009628670077291e-01,-4.828258556135724433e+01
6.879750000000000000e+09,-2.450580753100553011e-01,-4.834080781944382466e+01
6.879900000000000000e+09,-2.481802610739407555e-01,-4.839859515085156261e+01
6.880050000000000000e+09,-2.510111695626378037e-01,-4.845609120498379241e+01
6.880200000000000000e+09,-2.530455533372162336e-01,-4.851279073440222334e+01
6.880350000000000000e+09,-2.560718348538983946e-01,-4.857048216156243825e+01
6.880500000000000000e+09,-2.585456722050452072e-01,-4.862762114455711782e+01
6.880650000000000000e+09,-2.620392837573604083e-01,-4.868577990175329262e+01
6.880800000000000000e+09,-2.638954313038937016e-01,-4.874230119494335156e+01
6.880950000000000000e+09,-2.664958391191731835e-01,-4.879956674840249065e+01
6.881100000000000000e+09,-2.684565094258601903e-01,-4.885619256435271041e+01
6.881250000000000000e+09,-2.707023177163989658e-01,-4.891310351828677483e+01
6.881400000000000000e+09,-2.721243313769150518e-01,-4.896919067759115052e+01
6.881550000000000000e+09,-2.736812215359947231e-01,-4.902541271339376294e+01
6.881700000000000000e+09,-2.757472495350086206e-01,-4.908214388703662934e+01
6.881850000000000000e+09,-2.777700831767333511e-01,-4.913883186632188682e+01
6.882000000000000000e+09,-2.786096015022820893e-01,-4.919433653029096831e+01
6.882150000000000000e+09,-2.802186724427713216e-01,-4.925061074687531004e+01
6.882300000000000000e+09,-2.810548541439814585e-01,-4.930611207422005293e+01
6.882450000000000000e+09,-2.814014399834050550e-01,-4.936112380570332903e+01
6.882600000000000000e+09,-2.834149580735143559e-01,-4.941780246943697108e+01
6.882750000000000000e+09,-2.837271927047737563e-01,-4.947277984971176323e+01
6.882900000000000000e+09,-2.843652126019975412e-01,-4.952808301525283952e+01
6.883050000000000000e+09,-2.856733429882396536e-01,-4.958405629128261438e+01
6.883200000000000000e+09,-2.862848343615311819e-01,-4.963933292829975841e+01
6.883350000000000000e+09,-2.858433107740836476e-01,-4.969355655035584363e+01
6.883500000000000000e+09,-2.864948895222596548e-01,-4.974887327474755239e+01
6.883650000000000000e+09,-2.869069350691120235e-01,-4.980395046593825725e+01
6.883800000000000000e+09,-2.866325958065303325e-01,-4.985834127231920831e+01
6.883950000000000000e+09,-2.867696262599750412e-01,-4.991314344841618578e+01
6.884100000000000000e+09,-2.868437172645528221e-01,-4.996788268506461606e+01
6.884250000000000000e+09,-2.873030371449516451e-01,-5.002300715058854763e+01
6.884400000000000000e+09,-2.863775758716684550e-01,-5.007674683495912404e+01
6.884550000000000000e+09,-2.860493291758245959e-01,-5.013108373390680583e+01
6.884700000000000000e+09,-2.848532572807869201e-01,-5.018455280765530091e+01
6.884850000000000000e+09,-2.841898840196179776e-01,-5.023855458003799157e+01
6.885000000000000000e+09,-2.841624814414842604e-01,-5.029319232310338350e+01
6.885150000000000000e+09,-2.833475224623569488e-01,-5.034704250976811579e+01
6.885300000000000000e+09,-2.819888134273611513e-01,-5.040034894637665275e+01
6.885450000000000000e+09,-2.811417741197388409e-01,-5.045416705271256319e+01
6.885600000000000000e+09,-2.814598198619364666e-01,-5.050915024409861331e+01
6.885750000000000000e+09,-2.795542660018952574e-01,-5.056190983588210486e+01
6.885900000000000000e+09,-2.784419474261312644e-01,-5.061546266295019336e+01
6.886050000000000000e+09,-2.766828679640269684e-01,-5.066836872913162182e+01
6.886200000000000000e+09,-2.751584163111076009e-01,-5.072150942312223521e+01
6.886350000000000000e+09,-2.733230904320294030e-01,-5.077433924288700950e+01
6.886500000000000000e+09,-2.731627861724561512e-01,-5.082884408427096901e+01
6.886650000000000000e+09,-2.703272329235204552e-01,-5.088067367666589291e+01
6.886800000000000000e+09,-2.687529000822692637e-01,-5.093376448946816737e+01
6.886950000000000000e+09,-2.667723723570887273e-01,-5.098644910738651959e+01
6.887100000000000000e+09,-2.648301667651864477e-01,-5.103917204743847691e+01
6.887250000000000000e+09,-2.623837020215731286e-01,-5.109139072833838924e+01
6.887400000000000000e+09,-2.613681930108455731e-01,-5.114504036497152129e+01
6.887550000000000000e+09,-2.593093722605672724e-01,-5.119764668986477574e+01
6.887700000000000000e+09,-2.573730017686486349e-01,-5.125037546501638275e+01
6.887850000000000000e+09,-2.539901574072871426e-01,-5.130165776629888086e+01
6.888000000000000000e+09,-2.524038482820856188e-01,-5.135473660281721209e+01
6.888150000000000000e+09,-2.510748861242788621e-01,-5.140807278630325783e+01
6.888300000000000000e+09,-2.475312368791762196e-01,-5.145919428270168794e+01
6.888450000000000000e+09,-2.448457148611282719e-01,-5.151117390632717274e+01
6.888600000000000000e+09,-2.442823545727961232e-01,-5.156527569168269309e+01
6.888750000000000000e+09,-2.412127770266820903e-01,-5.161687125978011181e+01
6.888900000000000000e+09,-2.399626849600551282e-01,-5.167028631335701760e+01
6.889050000000000000e+09,-2.370566071599142788e-01,-5.172204538120072925e+01
6.889200000000000000e+09,-2.345402285586288826e-01,-5.177419414824297661e+01
6.889350000000000000e+09,-2.331641023534558599e-01,-5.182748316768165608e+01
6.889500000000000000e+09,-2.296813880552122100e-01,-5.187866559902694519e+01
6.889650000000000000e+09,-2.271861669116859161e-01,-5.193083552352695165e+01
6.889800000000000000e+09,-2.252423363294937531e-01,-5.198355683858861198e+01
6.889950000000000000e+09,-2.218202869668743915e-01,-5.203479993486952537e+01
6.890100000000000000e+09,-2.197656341528215762e-01,-5.208741042769932506e+01
6.890250000000000000e+09,-2.176053418683707719e-01,-5.213991528105840700e+01
6.890400000000000000e+09,-2.152714721086752547e-01,-5.219224655694224424e+01
6.890550000000000000e+09,-2.131120817055744965e-01,-5.224475231218299598e+01
6.890700000000000000e+09,-2.100642949486157818e-01,-5.229636967106957002e+01
6.890850000000000000e+09,-2.083326801562321862e-01,-5.234930320192104602e+01
6.891000000000000000e+09,-2.053488224955231090e-01,-5.240098448990386970e+01
6.891150000000000000e+09,-2.032202565782625925e-01,-5.245352106963013483e+01
6.891300000000000000e+09,-2.002969509008423188e-01,-5.250526290959657416e+01
6.891450000000000000e+09,-1.989974034810089165e-01,-5.255862850782027351e+01
6.891600000000000000e+09,-1.961698700732696921e-01,-5.261046612005638679e+01
6.891750000000000000e+09,-1.934137732896914486e-01,-5.266237516891634129e+01
6.891900000000000000e+09,-1.916078174893698360e-01,-5.271523435875955244e+01
6.892050000000000000e+09,-1.891166733797433608e-01,-5.276740836029377846e+01
6.892200000000000000e+09,-1.858514076702704187e-01,-5.281880824022783827e+01
6.892350000000000000e+09,-1.842491292589016894e-01,-5.287187110746032204e+01
6.892500000000000000e+09,-1.826299107818201151e-01,-5.292491703462677322e+01
6.892650000000000000e+09,-1.802797816139474207e-01,-5.297723205110243327e+01
6.892800000000000000e+09,-1.789065445435937818e-01,-5.303052395967593213e+01
6.892950000000000000e+09,-1.758754193465250637e-01,-5.308215798012239617e+01
6.893100000000000000e+09,-1.736381715445816099e-01,-5.313458587796398547e+01
6.893250000000000000e+09,-1.719111907447867793e-01,-5.318752404280804313e+01
6.893400000000000000e+09,-1.706919165007008132e-01,-5.324096991420748992e+01
6.893550000000000000e+09,-1.664072450406592907e-01,-5.329135038839130800e+01
6.893700000000000000e+09,-1.666431996348265443e-01,-5.334625148862900090e+01
6.893850000000000000e+09,-1.637371640178670873e-01,-5.339801059865557420e+01
6.894000000000000000e+09,-1.628472474784956603e-01,-5.345178582776006238e+01
6.894150000000000000e+09,-1.608690912563162101e-01,-5.350447281718140857e+01
6.894300000000000000e+09,-1.588130795871691703e-01,-5.355708195115612114e+01
6.894450000000000000e+09,-1.580520865997740998e-01,-5.361098610381225882e+01
6.894600000000000000e+09,-1.566742508456258065e-01,-5.366427341370163617e+01
6.894750000000000000e+09,-1.557151150343116797e-01,-5.371797942353418165e+01
6.894900000000000000e+09,-1.551562915283923871e-01,-5.377208574567179511e+01
6.895050000000000000e+09,-1.532983972761172708e-01,-5.382489299706337249e+01
6.895200000000000000e+09,-1.518425936765339657e-01,-5.387810233910732194e+01
6.895350000000000000e+09,-1.517826603809737662e-01,-5.393270755145529449e+01
6.895500000000000000e+09,-1.504385830140861913e-01,-5.398602861973225941e+01
6.895650000000000000e+09,-1.518863446016069929e-01,-5.404214152696331297e+01
6.895800000000000000e+09,-1.510346456698883344e-01,-5.409595497367544681e+01
6.895950000000000000e+09,-1.507014993758417631e-01,-5.415028697302493299e+01
6.896100000000000000e+09,-1.509053774312363316e-01,-5.420515599672386031e+01
6.896250000000000000e+09,-1.520513105936345255e-01,-5.426096707553011100e+01
6.896400000000000000e+09,-1.547290173909701139e-01,-5.431830992797097934e+01
6.896550000000000000e+09,-1.569144893775558103e-01,-5.437516054560142464e+01
6.896700000000000000e+09,-1.621421100398023896e-01,-5.443505331190719687e+01
6.896850000000000000e+09,-1.762388873867948291e-01,-5.450381523489772206e+01
6.897000000000000000e+09,-1.911503574341466560e-01,-5.457339185058893349e+01
6.897150000000000000e+09,-2.210956672416344304e-01,-5.465800230603994692e+01
6.897300000000000000e+09,-2.848589279792435036e-01,-5.477643071242141559e+01
6.897450000000000000e+09,-4.353041823341712302e-01,-5.498154111241987607e+01
6.897600000000000000e+09,-7.007211646951887474e-01,-5.530162324042441924e+01
6.897750000000000000e+09,-1.091254692831036266e+00,-5.574682191420412636e+01
6.897900000000000000e+09,-1.495330425180469547e+00,-5.620556279219709239e+01
6.898050000000000000e+09,-1.684411110439434367e+00,-5.644930862309958286e+01
6.898200000000000000e+09,6.123100446414468934e-01,-5.420725261366256120e+01
6.898350000000000000e+09,4.955308839356931117e-01,-5.437869692001184774e+01
6.898500000000000000e+09,3.811544937939004285e-01,-5.454773845579749292e+01
6.898650000000000000e+09,3.010392476077328183e-01,-5.468251884762719328e+01
6.898800000000000000e+09,2.528011355259422999e-01,-5.478542210535251655e+01
6.898950000000000000e+09,2.115622639067069599e-01,-5.488132612261560439e+01
6.899100000000000000e+09,1.829071224091549652e-01,-5.496464640975668914e+01
6.899250000000000000e+09,1.623072189075998040e-01,-5.503991145890209680e+01
6.899400000000000000e+09,1.414168688697117204e-01,-5.511546695458351763e+01
6.899550000000000000e+09,1.264032934169350142e-01,-5.518514567567982709e+01
6.899700000000000000e+09,1.147170673937836227e-01,-5.525149704734683098e+01
6.899850000000000000e+09,1.067376903097780882e-01,-5.531414157007436927e+01
6.900000000000000000e+09,9.935655898453177315e-02,-5.537618784704347519e+01
6.900150000000000000e+09,9.396310059428003569e-02,-5.543624645107725257e+01
6.900300000000000000e+09,8.334768564620276265e-02,-5.550152701166886260e+01
6.900450000000000000e+09,7.833875444344329253e-02,-5.556120108851548167e+01
6.900600000000000000e+09,7.478991121875111503e-02,-5.561941507738369950e+01
6.900750000000000000e+09,7.134847354071638392e-02,-5.567752166070559383e+01
6.900900000000000000e+09,6.579995236758406918e-02,-5.573773532752225890e+01
6.901050000000000000e+09,6.459037360987451848e-02,-5.579361005192349410e+01
6.901200000000000000e+09,6.000278334811071090e-02,-5.585286278782911751e+01
6.901350000000000000e+09,6.042258129600952543e-02,-5.590710813552475145e+01
6.901500000000000000e+09,5.592773286277008538e-02,-5.596626812960184338e+01
6.901650000000000000e+09,6.217717786928034229e-02,-5.601468383023886588e+01
6.901800000000000000e+09,6.889840125744228772e-02,-5.606262775249423669e+01
6.901950000000000000e+09,8.226104100413067499e-02,-5.610393025839140080e+01
6.902100000000000000e+09,8.487034991884456758e-02,-5.615598609512021966e+01
6.902250000000000000e+09,9.009854120350269113e-02,-5.620542304947941403e+01
6.902400000000000000e+09,7.864617882405156024e-02,-5.627154055750239792e+01
6.902550000000000000e+09,6.623781281854235203e-02,-5.633861406915143988e+01
6.902700000000000000e+09,5.606975997907426290e-02,-5.640344726763476046e+01
6.902850000000000000e+09,5.084097157399014577e-02,-5.646334120168337734e+01
6.903000000000000000e+09,4.638879257526440369e-02,-5.652245852632563583e+01
6.903150000000000000e+09,4.490722139190950202e-02,-5.657860524315284323e+01
6.903300000000000000e+09,4.254629203924054082e-02,-5.663563131814904494e+01
6.903450000000000000e+09,3.879096320589070501e-02,-5.669405179262625438e+01
6.903600000000000000e+09,3.483247963257696256e-02,-5.675267542184309377e+01
6.903750000000000000e+09,3.001162490121345172e-02,-5.681216142221799004e+01
6.903900000000000000e+09,2.470757454243965867e-02,-5.687213061822062343e+01
6.904050000000000000e+09,1.790717138498365557e-02,-5.693359616702160508e+01
6.904200000000000000e+09,1.255120236513818099e-02,-5.699361728168531016e+01
6.904350000000000000e+09,6.565803456922481018e-03,-5.705426782623705861e+01
6.904500000000000000e+09,1.368497031329241054e-03,-5.711413027830618461e+01
6.904650000000000000e+09,-3.136003391880137769e-03,-5.717329992437324648e+01
6.904800000000000000e+09,-8.260518552319240371e-03,-5.723308958517721834e+01
6.904950000000000000e+09,-1.374302848471131711e-02,-5.729323724075346291e+01
6.905100000000000000e+09,-1.919225401918822627e-02,-5.735335161193147258e+01
6.905250000000000000e+09,-2.339320948836842717e-02,-5.741221771304418553e+01
6.905400000000000000e+09,-2.855861541855375663e-02,-5.747204826461822336e+01
6.905550000000000000e+09,-3.357026577512556287e-02,-5.753172506061832792e+01
6.905700000000000000e+09,-3.813001723080589045e-02,-5.759094995771786074e+01
6.905850000000000000e+09,-4.398014646498182856e-02,-5.765146523259556943e+01
6.906000000000000000e+09,-4.894981375251461486e-02,-5.771110004552663497e+01
6.906150000000000000e+09,-5.413553527592540604e-02,-5.777095091269389826e+01
6.906300000000000000e+09,-5.897377282692417566e-02,-5.783045429588842978e+01
6.906450000000000000e+09,-6.330808043939128993e-02,-5.788945374914475650e+01
6.906600000000000000e+09,-6.882480739411533932e-02,-5.794963562174300620e+01
6.906750000000000000e+09,-7.368001851053662676e-02,-5.800915597850296024e+01
6.906900000000000000e+09,-7.742626573704569637e-02,-5.806756737137332891e+01
6.907050000000000000e+09,-8.354257112826246612e-02,-5.812834882240807133e+01
6.907200000000000000e+09,-8.870737713352383480e-02,-5.818817877405686545e+01
6.907350000000000000e+09,-9.338606387025549793e-02,-5.824752260643745672e+01
6.907500000000000000e+09,-9.737353023692207898e-02,-5.830617521844764894e+01
6.907650000000000000e+09,-1.019101344796311537e-01,-5.836537696833421762e+01
6.907800000000000000e+09,-1.072439109607259411e-01,-5.842537589045884516e+01
6.907950000000000000e+09,-1.124490094106747051e-01,-5.848524613455232668e+01
6.908100000000000000e+09,-1.171199470334016723e-01,-5.854458221781890614e+01
6.908250000000000000e+09,-1.215968311747346320e-01,-5.860372424760377186e+01
6.908400000000000000e+09,-1.266975591019914305e-01,-5.866349012117488115e+01
6.908550000000000000e+09,-1.303692330352319573e-01,-5.872182694075165443e+01
6.908700000000000000e+09,-1.350722505795545203e-01,-5.878119510393950975e+01
6.908850000000000000e+09,-1.395352587835816394e-01,-5.884032325778738937e+01
6.909000000000000000e+09,-1.433980836595196706e-01,-5.889885122830686015e+01
6.909150000000000000e+09,-1.476096650044951275e-01,-5.895772795529568810e+01
6.909300000000000000e+09,-1.522300993318310702e-01,-5.901701353526655680e+01
6.909450000000000000e+09,-1.557655215077389244e-01,-5.907521410308599741e+01
6.909600000000000000e+09,-1.597068273443227326e-01,-5.913382055456643371e+01
6.909750000000000000e+09,-1.642216001441596518e-01,-5.919300047300980339e+01
6.909900000000000000e+09,-1.673043302673846711e-01,-5.925074834877688801e+01
6.910050000000000000e+09,-1.712671194112118656e-01,-5.930937628356424085e+01
6.910200000000000000e+09,-1.748421095659793423e-01,-5.936761641936254108e+01
6.910350000000000000e+09,-1.791777417835760389e-01,-5.942661719722399738e+01
6.910500000000000000e+09,-1.814584030059549491e-01,-5.948356300408990904e+01
6.910650000000000000e+09,-1.854715031436882100e-01,-5.954224124987149480e+01
6.910800000000000000e+09,-1.890666553521711535e-01,-5.960050154772351050e+01
6.910950000000000000e+09,-1.910921626373465187e-01,-5.965719220065221862e+01
6.911100000000000000e+09,-1.938122127929631233e-01,-5.971457739645168772e+01
6.911250000000000000e+09,-1.970607600547680249e-01,-5.977249108935702537e+01
6.911400000000000000e+09,-1.994772948082825792e-01,-5.982957276975439243e+01
6.911550000000000000e+09,-2.022707403187880004e-01,-5.988703136090843060e+01
6.911700000000000000e+09,-2.044533092987776968e-01,-5.994387907553195305e+01
6.911850000000000000e+09,-2.067904360198369318e-01,-6.000088134789686478e+01
6.912000000000000000e+09,-2.094778366580172246e-01,-6.005823389417857783e+01
6.912150000000000000e+09,-2.121915377604395303e-01,-6.011561274092453289e+01
6.912300000000000000e+09,-2.149521981265678505e-01,-6.017303854693451370e+01
6.912450000000000000e+09,-2.155869664631993032e-01,-6.022833846091467791e+01
6.912600000000000000e+09,-2.173958924007592941e-01,-6.028481253249609040e+01
6.912750000000000000e+09,-2.200992145183633397e-01,-6.034218100025722720e+01
6.912900000000000000e+09,-2.216263007631269488e-01,-6.039837323214552356e+01
6.913050000000000000e+09,-2.236110653641105728e-01,-6.045502314239035968e+01
6.913200000000000000e+09,-2.244241451995776515e-01,-6.051050136786935951e+01
6.913350000000000000e+09,-2.260333629984785375e-01,-6.056677573131212000e+01
6.913500000000000000e+09,-2.274891085371848476e-01,-6.062289662249435196e+01
6.913650000000000000e+09,-2.283770963544569099e-01,-6.067844975595515677e+01
6.913800000000000000e+09,-2.297663783555918826e-01,-6.073450418360015135e+01
6.913950000000000000e+09,-2.310180251564801779e-01,-6.079042097604456529e+01
6.914100000000000000e+09,-2.314053024222602062e-01,-6.084547339895420492e+01
6.914250000000000000e+09,-2.313349750491866530e-01,-6.090006821722466412e+01
6.914400000000000000e+09,-2.318735509748037771e-01,-6.095527193879381400e+01
6.914550000000000000e+09,-2.328106107466041408e-01,-6.101087414420946686e+01
6.914700000000000000e+09,-2.327809595079628480e-01,-6.106550963861435832e+01
6.914850000000000000e+09,-2.322384107724175806e-01,-6.111963223552266555e+01
6.915000000000000000e+09,-2.325667225400778193e-01,-6.117462569293385855e+01
6.915150000000000000e+09,-2.319239850684908788e-01,-6.122864810110580436e+01
6.915300000000000000e+09,-2.319704147277903417e-01,-6.128335967640895632e+01
6.915450000000000000e+09,-2.312697515591537467e-01,-6.133732415888385248e+01
6.915600000000000000e+09,-2.310645461857134819e-01,-6.139178409915426471e+01
6.915750000000000000e+09,-2.302585411301052432e-01,-6.144564323974218922e+01
6.915900000000000000e+09,-2.294657345511268431e-01,-6.149951557880674358e+01
6.916050000000000000e+09,-2.290871021972833432e-01,-6.155380209209675968e+01
6.916200000000000000e+09,-2.282026403442287688e-01,-6.160758277588723075e+01
6.916350000000000000e+09,-2.269021189719779841e-01,-6.166094740015883957e+01
6.916500000000000000e+09,-2.251537226774971145e-01,-6.171386414950789145e+01
6.916650000000000000e+09,-2.241788019605053250e-01,-6.176755437443442531e+01
6.916800000000000000e+09,-2.218606966323761753e-01,-6.181990141475015577e+01
6.916950000000000000e+09,-2.202249921593946169e-01,-6.187293085592070696e+01
6.917100000000000000e+09,-2.193930908474470698e-01,-6.192676410025228506e+01
6.917250000000000000e+09,-2.179253458212571104e-01,-6.197996150086995470e+01
6.917400000000000000e+09,-2.166546486870970512e-01,-6.203335594937932740e+01
6.917550000000000000e+09,-2.132932040065327328e-01,-6.208465965034261558e+01
6.917700000000000000e+09,-2.119414192332840230e-01,-6.213797301121289962e+01
6.917850000000000000e+09,-2.098949217883827600e-01,-6.219059165941153111e+01
6.918000000000000000e+09,-2.075497355756183993e-01,-6.224291161884261925e+01
6.918150000000000000e+09,-2.053607442457661136e-01,-6.229538777315629972e+01
6.918300000000000000e+09,-2.037483018998216266e-01,-6.234844047645420773e+01
6.918450000000000000e+09,-1.995749437004548099e-01,-6.239893226389837366e+01
6.918600000000000000e+09,-1.984924664546028339e-01,-6.245251493229605444e+01
6.918750000000000000e+09,-1.952434424074027675e-01,-6.250393105389270687e+01
6.918900000000000000e+09,-1.928286572826323209e-01,-6.255618141441146918e+01
6.919050000000000000e+09,-1.905702848736368082e-01,-6.260858818764632616e+01
6.919200000000000000e+09,-1.875748454125769626e-01,-6.266025789382879907e+01
6.919350000000000000e+09,-1.846705029634776452e-01,-6.271201869702323251e+01
6.919500000000000000e+09,-1.813399002859057418e-01,-6.276335323998951310e+01
6.919650000000000000e+09,-1.800108693617161748e-01,-6.281668935470885629e+01
6.919800000000000000e+09,-1.763070723122908134e-01,-6.286765070330329053e+01
6.919950000000000000e+09,-1.737556320344566529e-01,-6.291976440866898201e+01
6.920100000000000000e+09,-1.697683814654666890e-01,-6.297044230374352480e+01
6.920250000000000000e+09,-1.668654982123172204e-01,-6.302220456613423494e+01
6.920400000000000000e+09,-1.641237389924086187e-01,-6.307412795255785909e+01
6.920550000000000000e+09,-1.613244048064927938e-01,-6.312599376401579576e+01
6.920700000000000000e+09,-1.573334990293133728e-01,-6.317666800388214909e+01
6.920850000000000000e+09,-1.546306046590473215e-01,-6.322863025515541580e+01
6.921000000000000000e+09,-1.515888261960753880e-01,-6.328025362233629636e+01
6.921150000000000000e+09,-1.473178975338669261e-01,-6.333064783931762065e+01
6.921300000000000000e+09,-1.446706588557873374e-01,-6.338266574628307382e+01
6.921450000000000000e+09,-1.416153644204953821e-01,-6.343427559749163436e+01
6.921600000000000000e+09,-1.384281443168191572e-01,-6.348575352303149089e+01
6.921750000000000000e+09,-1.344758743623799546e-01,-6.353646639872090418e+01
6.921900000000000000e+09,-1.314564667422644106e-01,-6.358811213674432139e+01
6.922050000000000000e+09,-1.281782194983378531e-01,-6.363949903514392759e+01
6.922200000000000000e+09,-1.240325819299883392e-01,-6.369001854321943057e+01
6.922350000000000000e+09,-1.202982289098173396e-01,-6.374094933584279232e+01
6.922500000000000000e+09,-1.177295905003532539e-01,-6.379304584307718784e+01
6.922650000000000000e+09,-1.147545088365617971e-01,-6.384473590705692203e+01
6.922800000000000000e+09,-1.113174274722581458e-01,-6.389596397133615113e+01
6.922950000000000000e+09,-1.077892227862236041e-01,-6.394710091229397619e+01
6.923100000000000000e+09,-1.029922341100828476e-01,-6.399696906926136108e+01
6.923250000000000000e+09,-1.014121440220705495e-01,-6.405005412481720839e+01
6.923400000000000000e+09,-9.721790504352156859e-02,-6.410052503148219216e+01
6.923550000000000000e+09,-9.462364119396227125e-02,-6.415259591327615851e+01
6.923700000000000000e+09,-9.030420957584794905e-02,-6.420294162730189669e+01
6.923850000000000000e+09,-8.767886112117651010e-02,-6.425498142449076511e+01
6.924000000000000000e+09,-8.404593589335718207e-02,-6.430601364490679828e+01
6.924150000000000000e+09,-8.062754591146870098e-02,-6.435726040056843544e+01
6.924300000000000000e+09,-7.744547031651904945e-02,-6.440874347061702565e+01
6.924450000000000000e+09,-7.528457650771258614e-02,-6.446124772245207168e+01
6.924600000000000000e+09,-7.254073964263341168e-02,-6.451316903123051816e+01
6.924750000000000000e+09,-6.874002775109033792e-02,-6.456403346498284179e+01
6.924900000000000000e+09,-6.552084968176075108e-02,-6.461547943255703785e+01
6.925050000000000000e+09,-6.383022942044647152e-02,-6.466845395793926343e+01
6.925200000000000000e+09,-6.087485627993771686e-02,-6.472016373044260718e+01
6.925350000000000000e+09,-5.756741586642988295e-02,-6.477152143567262499e+01
6.925500000000000000e+09,-5.553110850053144532e-02,-6.482415027395057905e+01
6.925650000000000000e+09,-5.369294676394531507e-02,-6.487697725785753278e+01
6.925800000000000000e+09,-5.153293873561892724e-02,-6.492948239547273204e+01
6.925950000000000000e+09,-4.889541764330829210e-02,-6.498151002002427390e+01
6.926100000000000000e+09,-4.659119526196775496e-02,-6.503387094328647322e+01
6.926250000000000000e+09,-4.441717235563658051e-02,-6.508636206602366769e+01
6.926400000000000000e+09,-4.372394328679263253e-02,-6.514033398259867624e+01
6.926550000000000000e+09,-4.156756034498698682e-02,-6.519284274530041046e+01
6.926700000000000000e+09,-4.017355850501758141e-02,-6.524611388910429355e+01
6.926850000000000000e+09,-3.947954366694261807e-02,-6.530008501990974423e+01
6.927000000000000000e+09,-3.827571335251889195e-02,-6.535354633523886037e+01
6.927150000000000000e+09,-3.826184367243001816e-02,-6.540819761120262399e+01
6.927300000000000000e+09,-3.766766459908410525e-02,-6.546226857777280372e+01
6.927450000000000000e+09,-3.832989052583002376e-02,-6.551759594934341635e+01
6.927600000000000000e+09,-3.955353580329301622e-02,-6.557348474026440499e+01
6.927750000000000000e+09,-3.928337494993172641e-02,-6.562787972505456935e+01
6.927900000000000000e+09,-4.040000486192241169e-02,-6.568366150061042674e+01
6.928050000000000000e+09,-4.370278999975596435e-02,-6.574162943139178594e+01
6.928200000000000000e+09,-4.521950045567280085e-02,-6.579781128749155528e+01
6.928350000000000000e+09,-4.773177284371854512e-02,-6.585498870552314088e+01
6.928500000000000000e+09,-5.140261890323927219e-02,-6.591332469722618725e+01
6.928650000000000000e+09,-5.474664282833430207e-02,-6.597133386679513478e+01
6.928800000000000000e+09,-6.027509388823659719e-02,-6.603152746349857694e+01
6.928950000000000000e+09,-5.790765169020062331e-02,-6.608382516694439346e+01
6.929100000000000000e+09,-6.383794877248760713e-02,-6.614442060967020609e+01
6.929250000000000000e+09,-7.580386446883835561e-02,-6.621105167101009670e+01
6.929400000000000000e+09,-9.755597858691089641e-02,-6.628746893077202174e+01
6.929550000000000000e+09,-2.210121683553722960e-01,-6.646559026618400878e+01
6.929700000000000000e+09,-5.525647960012776139e-01,-6.685180803947376660e+01
6.929850000000000000e+09,-9.019302664550821191e-01,-6.725583865557111096e+01
6.930000000000000000e+09,-1.195177761635022762e+00,-6.760375129639457725e+01
6.930150000000000000e+09,-1.447282300589336046e+00,-6.791052098099274303e+01
6.930300000000000000e+09,9.985141854522368021e-01,-6.551938964059471004e+01
6.930450000000000000e+09,8.773514528087531517e-01,-6.569521751888204619e+01
6.930600000000000000e+09,7.195061071043085121e-01,-6.590772801023001648e+01
6.930750000000000000e+09,6.052538850941573401e-01,-6.607664537788370751e+01
6.930900000000000000e+09,5.274519155712340535e-01,-6.620911249305048329e+01
6.931050000000000000e+09,4.715409645614272449e-01,-6.631968858970381575e+01
6.931200000000000000e+09,4.207969520378327388e-01,-6.642509774787095012e+01
6.931350000000000000e+09,3.856947914489694540e-01,-6.651486505410366590e+01
6.931500000000000000e+09,3.612166928596565185e-01,-6.659400829833650448e+01
6.931650000000000000e+09,3.366984790604163891e-01,-6.667319165777961132e+01
6.931800000000000000e+09,3.149643537074240385e-01,-6.674959092877612932e+01
6.931950000000000000e+09,3.034115206192353753e-01,-6.681580890750784363e+01
6.932100000000000000e+09,2.903860084538933961e-01,-6.688349956531705232e+01
6.932250000000000000e+09,2.788313149722796425e-01,-6.694971940444219172e+01
6.932400000000000000e+09,2.742825125462360347e-01,-6.700893335251208782e+01
6.932550000000000000e+09,2.817972466738183357e-01,-6.705608376402804538e+01
6.932700000000000000e+09,2.630960225690301968e-01,-6.712945013377635917e+01
6.932850000000000000e+09,2.575415133770491138e-01,-6.718966978861219275e+01
6.933000000000000000e+09,2.589027486353074892e-01,-6.724297369899747423e+01
6.933150000000000000e+09,2.446083866595358813e-01,-6.731193320661709834e+01
6.933300000000000000e+09,2.227913984200142750e-01,-6.738841534050014559e+01
6.933450000000000000e+09,2.248242531543667155e-01,-6.744104763140933301e+01
6.933600000000000000e+09,2.280556583860686715e-01,-6.749248137182148355e+01
6.933750000000000000e+09,2.133048480139763114e-01,-6.756189732783710156e+01
6.933900000000000000e+09,2.096566469941905098e-01,-6.762021067450073986e+01
6.934050000000000000e+09,2.061745603858753384e-01,-6.767835790675259489e+01
6.934200000000000000e+09,2.153413992662507326e-01,-6.772385621351574514e+01
6.934350000000000000e+09,2.203188933573869690e-01,-6.777354386506846140e+01
6.934500000000000000e+09,2.122842648075931038e-01,-6.783624363926179512e+01
6.934650000000000000e+09,1.979971113664191762e-01,-6.790519593834682155e+01
6.934800000000000000e+09,1.878352329689079170e-01,-6.797002296238787267e+01
6.934950000000000000e+09,1.872347945523813451e-01,-6.802528854644792489e+01
6.935100000000000000e+09,1.823801295924312171e-01,-6.808480835705172751e+01
6.935250000000000000e+09,1.732160600629413238e-01,-6.814863757222475726e+01
6.935400000000000000e+09,1.665323008695196449e-01,-6.820998647706170459e+01
6.935550000000000000e+09,1.615834698772289357e-01,-6.826960045369784780e+01
6.935700000000000000e+09,1.574432838964980874e-01,-6.832840578532211850e+01
6.935850000000000000e+09,1.488510913840315197e-01,-6.839166312347843757e+01
6.936000000000000000e+09,1.418533128736072513e-01,-6.845332604763238749e+01
6.936150000000000000e+09,1.343261759879226247e-01,-6.851551833016161197e+01
6.936300000000000000e+09,1.270866605046592213e-01,-6.857742299128872787e+01
6.936450000000000000e+09,1.191362256736425707e-01,-6.864003857176327017e+01
6.936600000000000000e+09,1.107058143526700178e-01,-6.870313412872809522e+01
6.936750000000000000e+09,1.049662519150587059e-01,-6.876353883680924639e+01
6.936900000000000000e+09,9.750314724837494396e-02,-6.882566708711945580e+01
6.937050000000000000e+09,9.112913862411176069e-02,-6.888670624138758569e+01
6.937200000000000000e+09,8.359455056660181071e-02,-6.894890597508862129e+01
6.937350000000000000e+09,7.688847095727169290e-02,-6.901027720034180390e+01
6.937500000000000000e+09,6.968405262993826454e-02,-6.907214676431267719e+01
6.937650000000000000e+09,6.284647981115654147e-02,-6.913364948277498456e+01
6.937800000000000000e+09,5.630641360863819500e-02,-6.919485469462135541e+01
6.937950000000000000e+09,4.940203438238199851e-02,-6.925642421949115146e+01
6.938100000000000000e+09,4.362947424435503763e-02,-6.931686192527303092e+01
6.938250000000000000e+09,3.748234418561935399e-02,-6.937767420097529225e+01
6.938400000000000000e+09,3.007565354940311408e-02,-6.943974603725504835e+01
6.938550000000000000e+09,2.487139303862306861e-02,-6.949961544340968089e+01
6.938700000000000000e+09,1.697974728712381420e-02,-6.956217223480470579e+01
6.938850000000000000e+09,1.098431332771099278e-02,-6.962283281440797111e+01
6.939000000000000000e+09,5.021478672034618285e-03,-6.968346079470718735e+01
6.939150000000000000e+09,-9.447540087137440423e-04,-6.974409217303146136e+01
6.939300000000000000e+09,-7.699030304522125334e-03,-6.980551159497112224e+01
6.939450000000000000e+09,-1.325392440649864056e-02,-6.986573163471663861e+01
6.939600000000000000e+09,-1.891875452437830063e-02,-6.992606161047837077e+01
6.939750000000000000e+09,-2.515911482426247403e-02,-6.998696711642178059e+01
6.939900000000000000e+09,-3.074032418581396087e-02,-7.004721347142687193e+01
6.940050000000000000e+09,-3.668149029292067098e-02,-7.010781978317783114e+01
6.940200000000000000e+09,-4.175474826578806642e-02,-7.016755818679422418e+01
6.940350000000000000e+09,-4.705839604245909413e-02,-7.022752698021443507e+01
6.940500000000000000e+09,-5.239975890066261854e-02,-7.028753348871649109e+01
6.940650000000000000e+09,-5.819537574275557290e-02,-7.034799425120210969e+01
6.940800000000000000e+09,-6.377059228741188690e-02,-7.040823461339063272e+01
6.940950000000000000e+09,-6.863523780226898907e-02,-7.046776440454901547e+01
6.941100000000000000e+09,-7.307881699176732582e-02,-7.052687312938203945e+01
6.941250000000000000e+09,-7.839562203032812704e-02,-7.058685508006446696e+01
6.941400000000000000e+09,-8.250391797636780211e-02,-7.064562852165403228e+01
6.941550000000000000e+09,-8.645691999912230585e-02,-7.070424666932063928e+01
6.941700000000000000e+09,-9.142091617792402758e-02,-7.076387581114298087e+01
6.941850000000000000e+09,-9.500838130226441081e-02,-7.082212842191084690e+01
6.942000000000000000e+09,-9.894619575699437064e-02,-7.088073138200942935e+01
6.942150000000000000e+09,-1.035473328470715160e-01,-7.093999766474304636e+01
6.942300000000000000e+09,-1.060377591496575178e-01,-7.099715323668948486e+01
6.942450000000000000e+09,-1.103701484007189038e-01,-7.105615077158407189e+01
6.942600000000000000e+09,-1.132848606014960069e-01,-7.111373062942838885e+01
6.942750000000000000e+09,-1.163338496833006275e-01,-7.117144476415404597e+01
6.942900000000000000e+09,-1.198502065053332899e-01,-7.122962626661960428e+01
6.943050000000000000e+09,-1.226543959985377796e-01,-7.128709560175666127e+01
6.943200000000000000e+09,-1.249886469168330905e-01,-7.134409499831849644e+01
6.943350000000000000e+09,-1.282135909731323409e-01,-7.140198508801832133e+01
6.943500000000000000e+09,-1.305842972502944122e-01,-7.145902093993933590e+01
6.943650000000000000e+09,-1.336187068295231484e-01,-7.151672049516210450e+01
6.943800000000000000e+09,-1.342061240921310628e-01,-7.157197305806856491e+01
6.943950000000000000e+09,-1.366946974505225398e-01,-7.162912677707048204e+01
6.944100000000000000e+09,-1.385117153217834129e-01,-7.168560894058528277e+01
6.944250000000000000e+09,-1.403211195282807466e-01,-7.174208349043563260e+01
6.944400000000000000e+09,-1.426397100036638221e-01,-7.179906722655454132e+01
6.944550000000000000e+09,-1.432411560588775501e-01,-7.185433381825329491e+01
6.944700000000000000e+09,-1.439735178600756171e-01,-7.190973132569834547e+01
6.944850000000000000e+09,-1.463998389984482174e-01,-7.196682279248024372e+01
6.945000000000000000e+09,-1.464013959335801474e-01,-7.202148949505924236e+01
6.945150000000000000e+09,-1.476593016148086690e-01,-7.207741254638399653e+01
6.945300000000000000e+09,-1.481712463598228169e-01,-7.213258963677253632e+01
6.945450000000000000e+09,-1.481585521969321917e-01,-7.218724208825351241e+01
6.945600000000000000e+09,-1.484901641031086683e-01,-7.224223884580321453e+01
6.945750000000000000e+09,-1.495979780391536451e-01,-7.229801180538311201e+01
6.945900000000000000e+09,-1.495142725520111071e-01,-7.235259324553950933e+01
6.946050000000000000e+09,-1.505687678431257837e-01,-7.240831288647414965e+01
6.946200000000000000e+09,-1.493631528290251254e-01,-7.246177241710390149e+01
6.946350000000000000e+09,-1.509021700440342784e-01,-7.251797657996245050e+01
6.946500000000000000e+09,-1.495709640384035310e-01,-7.257131051960067225e+01
6.946650000000000000e+09,-1.506088500099878047e-01,-7.262701355121579638e+01
6.946800000000000000e+09,-1.486704514059340454e-01,-7.267974029825526827e+01
6.946950000000000000e+09,-1.480323093517768029e-01,-7.273376730184496353e+01
6.947100000000000000e+09,-1.484288739970764937e-01,-7.278882901213380308e+01
6.947250000000000000e+09,-1.476042185041706034e-01,-7.284266950228473547e+01
6.947400000000000000e+09,-1.465148304431096449e-01,-7.289624525986721437e+01
6.947550000000000000e+09,-1.457283284223933606e-01,-7.295012390349003795e+01
6.947700000000000000e+09,-1.442540190958254698e-01,-7.300331473980730834e+01
6.947850000000000000e+09,-1.435480752159037365e-01,-7.305727394157092647e+01
6.948000000000000000e+09,-1.420340834950195585e-01,-7.311042509549389479e+01
6.948150000000000000e+09,-1.409322242649579948e-01,-7.316398838190737308e+01
6.948300000000000000e+09,-1.387156801445144083e-01,-7.321643698343045514e+01
6.948450000000000000e+09,-1.370647238484963282e-01,-7.326945117277828956e+01
6.948600000000000000e+09,-1.356175093529401465e-01,-7.332266910392627324e+01
6.948750000000000000e+09,-1.331147157870020692e-01,-7.337483145600418766e+01
6.948900000000000000e+09,-1.316812073660571514e-01,-7.342806309322676839e+01
6.949050000000000000e+09,-1.287436282605511906e-01,-7.347979065976480229e+01
6.949200000000000000e+09,-1.265172337504623101e-01,-7.353222941089856590e+01
6.949350000000000000e+09,-1.243544197369317317e-01,-7.358473174252856097e+01
6.949500000000000000e+09,-1.227925958539231033e-01,-7.363783506428909220e+01
6.949650000000000000e+09,-1.186206625031900330e-01,-7.368832827658221163e+01
6.949800000000000000e+09,-1.172494434059103696e-01,-7.374162220312845761e+01
6.949950000000000000e+09,-1.133468979507767926e-01,-7.379238480331719074e+01
6.950100000000000000e+09,-1.115372507983920514e-01,-7.384524030180833165e+01
6.950250000000000000e+09,-1.075480026344308726e-01,-7.389591619928789612e+01
6.950400000000000000e+09,-1.055355441433221131e-01,-7.394856888644065407e+01
6.950550000000000000e+09,-1.021654266262004285e-01,-7.399986391456705803e+01
6.950700000000000000e+09,-9.873997377566468003e-02,-7.405110360736037478e+01
6.950850000000000000e+09,-9.683909736278906166e-02,-7.410386787659103902e+01
6.951000000000000000e+09,-9.371452490169929206e-02,-7.415540844977347490e+01
6.951150000000000000e+09,-9.055048642254348579e-02,-7.420690955693817159e+01
6.951300000000000000e+09,-8.675102523626776474e-02,-7.425777524139543573e+01
6.951450000000000000e+09,-8.385534975602126906e-02,-7.430954471155904173e+01
6.951600000000000000e+09,-8.102600271405435706e-02,-7.436138051016060047e+01
6.951750000000000000e+09,-7.795634596766376490e-02,-7.441297599905774973e+01
6.951900000000000000e+09,-7.517661926632968061e-02,-7.446486141800026815e+01
6.952050000000000000e+09,-7.188831888598201658e-02,-7.451623826326344613e+01
6.952200000000000000e+09,-6.843007769131759233e-02,-7.456744516771263420e+01
6.952350000000000000e+09,-6.482771742555826222e-02,-7.461850795309041473e+01
6.952500000000000000e+09,-6.142137221603150010e-02,-7.466976675352441362e+01
6.952650000000000000e+09,-5.918475101005071792e-02,-7.472219527796228533e+01
6.952800000000000000e+09,-5.469749172749516219e-02,-7.477237316432326963e+01
6.952950000000000000e+09,-5.261486186144281874e-02,-7.482495568010106979e+01
6.953100000000000000e+09,-4.890734966480181356e-02,-7.487591331354795443e+01
6.953250000000000000e+09,-4.565412415234959553e-02,-7.492732523367904207e+01
6.953400000000000000e+09,-4.227956993132409025e-02,-7.497861582510186906e+01
6.953550000000000000e+09,-3.867539771069061771e-02,-7.502967679852476124e+01
6.953700000000000000e+09,-3.690954470276608390e-02,-7.508257609116070341e+01
6.953850000000000000e+09,-3.213552229014737804e-02,-7.513246721439161036e+01
6.954000000000000000e+09,-2.866468786714904127e-02,-7.518366152561213767e+01
6.954150000000000000e+09,-2.532205400461862155e-02,-7.523498403739347395e+01
6.954300000000000000e+09,-2.244136075205460656e-02,-7.528676848978443559e+01
6.954450000000000000e+09,-1.819981654209357202e-02,-7.533719209121800020e+01
6.954600000000000000e+09,-1.636639064797407173e-02,-7.539002381096774741e+01
6.954750000000000000e+09,-1.183409007320790352e-02,-7.544015665603650689e+01
6.954900000000000000e+09,-8.686686575344992889e-03,-7.549167439818249647e+01
6.955050000000000000e+09,-5.605835585299701052e-03,-7.554325869283599104e+01
6.955200000000000000e+09,-1.924662562274193078e-03,-7.559424266545649118e+01
6.955350000000000000e+09,1.269773729177359201e-03,-7.564571337480889213e+01
6.955500000000000000e+09,4.564185317164515254e-03,-7.569708410886444483e+01
6.955650000000000000e+09,6.989486115088539009e-03,-7.574932395371037330e+01
6.955800000000000000e+09,1.108724771906111073e-02,-7.579989133774992638e+01
6.955950000000000000e+09,1.391656842680788486e-02,-7.585172716268571946e+01
6.956100000000000000e+09,1.707570235423361282e-02,-7.590323317440214623e+01
6.956250000000000000e+09,1.982750302140345866e-02,-7.595514651937850203e+01
6.956400000000000000e+09,2.277063781119181840e-02,-7.600686853023256617e+01
6.956550000000000000e+09,2.487672055359269052e-02,-7.605942759313370516e+01
6.956700000000000000e+09,2.766572484081564198e-02,-7.611130373449000786e+01
6.956850000000000000e+09,3.106214366216875078e-02,-7.616257246131250724e+01
6.957000000000000000e+09,3.329117670874381929e-02,-7.621500857390947203e+01
6.957150000000000000e+09,3.615316162358794827e-02,-7.626681173463848040e+01
6.957300000000000000e+09,3.879791513281816151e-02,-7.631883212677277584e+01
6.957450000000000000e+09,4.151084863836729255e-02,-7.637078433891076656e+01
6.957600000000000000e+09,4.395466850805007653e-02,-7.642300566468493628e+01
6.957750000000000000e+09,4.661243464043707263e-02,-7.647501304419607493e+01
6.957900000000000000e+09,4.837634363833842599e-02,-7.652791428084204028e+01
6.958050000000000000e+09,5.056916729760985163e-02,-7.658038660282629451e+01
6.958200000000000000e+09,5.289244336896103960e-02,-7.663272847239846897e+01
6.958350000000000000e+09,5.407449223675087069e-02,-7.668621156917454584e+01
6.958500000000000000e+09,5.577289399447238338e-02,-7.673917831306034998e+01
6.958650000000000000e+09,5.728002542169008393e-02,-7.679233632727665793e+01
6.958800000000000000e+09,5.960319887752518753e-02,-7.684467829946468953e+01
6.958950000000000000e+09,6.015648290656372410e-02,-7.689879016107917664e+01
6.959100000000000000e+09,6.302173811100431067e-02,-7.695059005151860276e+01
6.959250000000000000e+09,6.299331537498176203e-02,-7.700528361989815096e+01
6.959400000000000000e+09,6.419152715970710688e-02,-7.705875055375695126e+01
6.959550000000000000e+09,6.437777427036905920e-02,-7.711322945229015602e+01
6.959700000000000000e+09,6.461060089472425716e-02,-7.716766177130932647e+01
6.959850000000000000e+09,6.489417126604735131e-02,-7.722204334658185587e+01
6.960000000000000000e+09,6.602377539489623359e-02,-7.727557888809654685e+01
6.960150000000000000e+09,6.551494249158906769e-02,-7.733075286664337966e+01
6.960300000000000000e+09,6.432799794107779690e-02,-7.738660495683774343e+01
6.960450000000000000e+09,6.457749932650358460e-02,-7.744102060109585750e+01
6.960600000000000000e+09,6.424550072219403773e-02,-7.749601774534401954e+01
6.960750000000000000e+09,6.137039848471204095e-02,-7.755355799322502719e+01
6.960900000000000000e+09,6.097188193099611908e-02,-7.760862165542228297e+01
6.961050000000000000e+09,5.545190626229157260e-02,-7.766880677673484001e+01
6.961200000000000000e+09,5.440344245027972647e-02,-7.772452038619037751e+01
6.961350000000000000e+09,5.191966800505554147e-02,-7.778166930627945419e+01
6.961500000000000000e+09,4.790601183137255248e-02,-7.784034810809667704e+01
6.961650000000000000e+09,3.884249186326371728e-02,-7.790407677370831152e+01
6.961800000000000000e+09,3.058534033144155728e-02,-7.796699907088398618e+01
6.961950000000000000e+09,2.174551624884202283e-02,-7.803050404061012557e+01
6.962100000000000000e+09,-1.363762365602383397e-02,-7.812055232615884393e+01
6.962250000000000000e+09,-1.204507706971753578e-01,-7.828203061884352110e+01
6.962400000000000000e+09,-3.977911686546207193e-01,-7.861403616244450632e+01
6.962550000000000000e+09,-7.717840468999952463e-01,-7.904269418633373334e+01
6.962700000000000000e+09,-1.152496206423876401e+00,-7.947807149150114014e+01
6.962850000000000000e+09,-1.523251126621403273e+00,-7.990349155734253372e+01
6.963000000000000000e+09,9.803228966075465678e-01,-7.745458267975710953e+01
6.963150000000000000e+09,8.006496741151210017e-01,-7.768892104789306075e+01
6.963300000000000000e+09,6.508963542201229302e-01,-7.789333951343192552e+01
6.963450000000000000e+09,5.536384599382984106e-01,-7.804526255335727569e+01
6.963600000000000000e+09,4.854466907225969408e-01,-7.816811946821650281e+01
6.963750000000000000e+09,4.348988902113148924e-01,-7.827333241437165157e+01
6.963900000000000000e+09,3.985438119347008978e-01,-7.836435263829179121e+01
6.964050000000000000e+09,3.690382727650955985e-01,-7.844852332310524901e+01
6.964200000000000000e+09,3.446398400848948995e-01,-7.852758690142898956e+01
6.964350000000000000e+09,3.246928580652621577e-01,-7.860219902909214795e+01
6.964500000000000000e+09,3.064438537900429083e-01,-7.867511317901121970e+01
6.964650000000000000e+09,2.939300681865830711e-01,-7.874229211025821940e+01
6.964800000000000000e+09,2.883040019729037340e-01,-7.880258332211575123e+01
6.964950000000000000e+09,2.758472990378919576e-01,-7.886970517069428865e+01
6.965100000000000000e+09,2.695275605372273731e-01,-7.893069005483849310e+01
6.965250000000000000e+09,2.600101424873315636e-01,-7.899487261853224140e+01
6.965400000000000000e+09,2.491508009615159835e-01,-7.906039710570158263e+01
6.965550000000000000e+09,2.435850859030637139e-01,-7.912062796640388740e+01
6.965700000000000000e+09,2.361368057820669719e-01,-7.918274139216842400e+01
6.965850000000000000e+09,2.370467402717508776e-01,-7.923649660332226574e+01
6.966000000000000000e+09,2.156071407335105050e-01,-7.931260134850435861e+01
6.966150000000000000e+09,2.008465962963015272e-01,-7.938202703858510745e+01
6.966300000000000000e+09,1.975295788341639991e-01,-7.944000920169109747e+01
6.966450000000000000e+09,2.022674488918312363e-01,-7.948993647727695588e+01
6.966600000000000000e+09,1.860664498625084207e-01,-7.956080262194981856e+01
6.966750000000000000e+09,1.727968343498531567e-01,-7.962873738310632632e+01
6.966900000000000000e+09,1.672432566778496721e-01,-7.968895610642185545e+01
6.967050000000000000e+09,1.607320939610730193e-01,-7.975013241478249881e+01
6.967200000000000000e+09,1.556342159031203209e-01,-7.980989543848397716e+01
6.967350000000000000e+09,1.605302793655312144e-01,-7.985966452066509191e+01
6.967500000000000000e+09,1.600964483202460542e-01,-7.991476349735424378e+01
6.967650000000000000e+09,1.544979813914153510e-01,-7.997502710992660013e+01
6.967800000000000000e+09,1.511989659632888561e-01,-8.003299127099857913e+01
6.967950000000000000e+09,1.489831847753322336e-01,-8.008987219783007561e+01
6.968100000000000000e+09,1.413590639295847495e-01,-8.015216146431934874e+01
6.968250000000000000e+09,1.334896996870469366e-01,-8.021469597420573905e+01
6.968400000000000000e+09,1.250080970911540135e-01,-8.027784272244517183e+01
6.968550000000000000e+09,1.158981644320817850e-01,-8.034161780074776971e+01
6.968700000000000000e+09,1.078250397689402007e-01,-8.040435607105476379e+01
6.968850000000000000e+09,9.920932792054770744e-02,-8.046763692854669614e+01
6.969000000000000000e+09,9.107244528067326428e-02,-8.053043895683042308e+01
6.969150000000000000e+09,8.218833927872992717e-02,-8.059398820847589207e+01
6.969300000000000000e+09,7.359210168985441669e-02,-8.065724959170830743e+01
6.969450000000000000e+09,6.646539104022508582e-02,-8.071904144800178926e+01
6.969600000000000000e+09,5.870456052231531885e-02,-8.078146742416322468e+01
6.969750000000000000e+09,5.097977423514521433e-02,-8.084385735609424728e+01
6.969900000000000000e+09,4.356028045100401869e-02,-8.090594199552192833e+01
6.970050000000000000e+09,3.600891688897434051e-02,-8.096815850472749787e+01
6.970200000000000000e+09,2.828032934385760200e-02,-8.103055223791645290e+01
6.970350000000000000e+09,2.159649682694464445e-02,-8.109190121607690571e+01
6.970500000000000000e+09,1.550400087751313549e-02,-8.115265885767018972e+01
6.970650000000000000e+09,8.203118654961372158e-03,-8.121462488553626713e+01
6.970800000000000000e+09,8.217900974898384447e-04,-8.127667135973727852e+01
6.970950000000000000e+09,-5.372248823675818130e-03,-8.133753054430229668e+01
6.971100000000000000e+09,-1.213927983671680977e-02,-8.139896272095886331e+01
6.971250000000000000e+09,-1.889008952014137321e-02,-8.146037867628615459e+01
6.971400000000000000e+09,-2.515932652853791751e-02,-8.152131305893807678e+01
6.971550000000000000e+09,-3.159952122832976329e-02,-8.158241839928140848e+01
6.971700000000000000e+09,-3.812230728158283455e-02,-8.164360633097851405e+01
6.971850000000000000e+09,-4.344611960165423170e-02,-8.170359528894211110e+01
6.972000000000000000e+09,-4.955960465909470258e-02,-8.176437391964341828e+01
6.972150000000000000e+09,-5.484020990353144498e-02,-8.182431967053138067e+01
6.972300000000000000e+09,-6.027208454463561793e-02,-8.188441669081601049e+01
6.972450000000000000e+09,-6.503915029237816725e-02,-8.194384890220761974e+01
6.972600000000000000e+09,-6.988528155386575236e-02,-8.200336017911263298e+01
6.972750000000000000e+09,-7.537558533067567623e-02,-8.206351562853296855e+01
6.972900000000000000e+09,-8.034284730484841930e-02,-8.212314803615100800e+01
6.973050000000000000e+09,-8.557436869368473253e-02,-8.218304470318336996e+01
6.973200000000000000e+09,-8.972743657787418670e-02,-8.224186291671141191e+01
6.973350000000000000e+09,-9.333662375773599251e-02,-8.230013724953481358e+01
6.973500000000000000e+09,-9.709558665225870300e-02,-8.235856135807286194e+01
6.973650000000000000e+09,-1.018273987478437448e-01,-8.241795831581229947e+01
6.973800000000000000e+09,-1.058889425824247610e-01,-8.247668500529042035e+01
6.973950000000000000e+09,-1.086744485888715417e-01,-8.253413565694071963e+01
6.974100000000000000e+09,-1.126175940485438787e-01,-8.259274394804391761e+01
6.974250000000000000e+09,-1.153887656903407333e-01,-8.265018026532925433e+01
6.974400000000000000e+09,-1.178313000372526176e-01,-8.270728794532001871e+01
6.974550000000000000e+09,-1.204997001350704977e-01,-8.276462149106136224e+01
6.974700000000000000e+09,-1.237335205677254635e-01,-8.282252045713786970e+01
6.974850000000000000e+09,-1.256910846610992394e-01,-8.287914316687478333e+01
6.975000000000000000e+09,-1.281659023752155235e-01,-8.293628313023242526e+01
6.975150000000000000e+09,-1.302876438583808749e-01,-8.299307001735944311e+01
6.975300000000000000e+09,-1.323758361563562858e-01,-8.304982335530095838e+01
6.975450000000000000e+09,-1.342580661982566426e-01,-8.310637073098671124e+01
6.975600000000000000e+09,-1.354622671860283845e-01,-8.316224007761800863e+01
6.975750000000000000e+09,-1.371648077480216443e-01,-8.321860776382354175e+01
6.975900000000000000e+09,-1.382059407767997072e-01,-8.327431404249617231e+01
6.976050000000000000e+09,-1.397363645039746416e-01,-8.333050961186687289e+01
6.976200000000000000e+09,-1.407168664982521022e-01,-8.338615525950501706e+01
6.976350000000000000e+09,-1.409582990189477414e-01,-8.344106183766923834e+01
6.976500000000000000e+09,-1.424909835743477515e-01,-8.349725966786816400e+01
6.976650000000000000e+09,-1.421313476231205186e-01,-8.355156517756080348e+01
6.976800000000000000e+09,-1.419627006315522522e-01,-8.360606167621276086e+01
6.976950000000000000e+09,-1.423999514409928224e-01,-8.366116407266605393e+01
6.977100000000000000e+09,-1.419963258464207456e-01,-8.371542559271502171e+01
6.977250000000000000e+09,-1.424246898088483704e-01,-8.377051910232097498e+01
6.977400000000000000e+09,-1.412350749647828252e-01,-8.382399463312076193e+01
6.977550000000000000e+09,-1.398349157615115246e-01,-8.387725961956103049e+01
6.977700000000000000e+09,-1.401658080196455103e-01,-8.393225565746269012e+01
6.977850000000000000e+09,-1.388013817100386404e-01,-8.398555637679693575e+01
6.978000000000000000e+09,-1.383676074037367698e-01,-8.403978774813417374e+01
6.978150000000000000e+09,-1.363171591737568633e-01,-8.409240244554804633e+01
6.978300000000000000e+09,-1.352342666106949309e-01,-8.414598469862851005e+01
6.978450000000000000e+09,-1.335175729675199818e-01,-8.419893315062887496e+01
6.978600000000000000e+09,-1.325035735176669505e-01,-8.425258429682287442e+01
6.978750000000000000e+09,-1.317389544260407774e-01,-8.430648482337477390e+01
6.978900000000000000e+09,-1.284094130864303906e-01,-8.435782042767901601e+01
6.979050000000000000e+09,-1.271638707149094216e-01,-8.441124003095103490e+01
6.979200000000000000e+09,-1.255741520272977141e-01,-8.446431545790694884e+01
6.979350000000000000e+09,-1.238345131357903028e-01,-8.451724096465929392e+01
6.979500000000000000e+09,-1.220116756812359426e-01,-8.457008327284827942e+01
6.979650000000000000e+09,-1.191059590052532258e-01,-8.462184270181614920e+01
6.979800000000000000e+09,-1.171711410311360169e-01,-8.467457302948555764e+01
6.979950000000000000e+09,-1.147893941138704577e-01,-8.472685642821183194e+01
6.980100000000000000e+09,-1.119533220994668454e-01,-8.477868550184128082e+01
6.980250000000000000e+09,-1.088878090160108059e-01,-8.483028513440135043e+01
6.980400000000000000e+09,-1.070601146089700251e-01,-8.488312258563817636e+01
6.980550000000000000e+09,-1.039436474337946947e-01,-8.493467126410652668e+01
6.980700000000000000e+09,-1.008546698117953611e-01,-8.498624743212805299e+01
6.980850000000000000e+09,-9.912528567328138251e-02,-8.503918319363340572e+01
6.981000000000000000e+09,-9.527707652796379989e-02,-8.509000013013161379e+01
6.981150000000000000e+09,-9.307221738980331338e-02,-8.514246041663730580e+01
6.981300000000000000e+09,-9.009234086103390382e-02,-8.519414568575207625e+01
6.981450000000000000e+09,-8.665311936776731727e-02,-8.524537160990233531e+01
6.981600000000000000e+09,-8.362854042441369984e-02,-8.529701217660283419e+01
6.981750000000000000e+09,-8.064420946881512009e-02,-8.534869299129077547e+01
6.981900000000000000e+09,-7.683318624562218702e-02,-8.539954711371143503e+01
6.982050000000000000e+09,-7.430529554765996636e-02,-8.545168436865701267e+01
6.982200000000000000e+09,-6.998682574077008667e-02,-8.550203104449364844e+01
6.982350000000000000e+09,-6.744569400945010784e-02,-8.555415505840618096e+01
6.982500000000000000e+09,-6.366431498231861497e-02,-8.560503882502258932e+01
6.982650000000000000e+09,-6.020460283859563333e-02,-8.565624425852239199e+01
6.982800000000000000e+09,-5.808717938954544024e-02,-8.570879198071719429e+01
6.982950000000000000e+09,-5.341024530252980185e-02,-8.575878019227371851e+01
6.983100000000000000e+09,-5.102714246802975140e-02,-8.581106223508305675e+01
6.983250000000000000e+09,-4.672999932800792067e-02,-8.586143023758657478e+01
6.983400000000000000e+09,-4.360974851005039454e-02,-8.591297513241215711e+01
6.983550000000000000e+09,-3.967975798134659726e-02,-8.596371028752730581e+01
6.983700000000000000e+09,-3.653982428384949799e-02,-8.601523549947333436e+01
6.983850000000000000e+09,-3.234486951602377758e-02,-8.606570569034936113e+01
6.984000000000000000e+09,-2.966757822413512713e-02,-8.611769354470101234e+01
6.984150000000000000e+09,-2.550896757678344784e-02,-8.616820007969718631e+01
6.984300000000000000e+09,-2.219176566489977631e-02,-8.621954802342915514e+01
6.984450000000000000e+09,-1.841210296043982453e-02,-8.627043350636823504e+01
6.984600000000000000e+09,-1.483311981544943592e-02,-8.632151966886709715e+01
6.984750000000000000e+09,-1.109959853131670116e-02,-8.637245129322649007e+01
6.984900000000000000e+09,-7.116740971213175726e-03,-8.642313358130992640e+01
6.985050000000000000e+09,-4.119647185490293850e-03,-8.647480163316805601e+01
6.985200000000000000e+09,1.046778474744769483e-05,-8.652533666384134392e+01
6.985350000000000000e+09,3.450517867008784378e-03,-8.657656175940294929e+01
6.985500000000000000e+09,5.813083761879056510e-03,-8.662886433915160467e+01
6.985650000000000000e+09,9.650435204747509488e-03,-8.667969213335226186e+01
6.985800000000000000e+09,1.321094624076124546e-02,-8.673079676796011483e+01
6.985950000000000000e+09,1.641194581424088028e-02,-8.678226091403016085e+01
6.986100000000000000e+09,2.088557421630810040e-02,-8.683245243127194612e+01
6.986250000000000000e+09,2.372751461118127736e-02,-8.688427563652061281e+01
6.986400000000000000e+09,2.647924682847246913e-02,-8.693618904994684726e+01
6.986550000000000000e+09,2.930002223621386293e-02,-8.698803342018295837e+01
6.986700000000000000e+09,3.381205306909862429e-02,-8.703818653499361346e+01
6.986850000000000000e+09,3.689309196305146088e-02,-8.708977064174318627e+01
6.987000000000000000e+09,3.917785628219405680e-02,-8.714215102306789618e+01
6.987150000000000000e+09,4.221820335769166377e-02,-8.719377582163593843e+01
6.987300000000000000e+09,4.558622746134233239e-02,-8.724507294317614026e+01
6.987450000000000000e+09,4.905541578810357350e-02,-8.729626890049290466e+01
6.987600000000000000e+09,5.317548974579722199e-02,-8.734681397217875087e+01
6.987750000000000000e+09,5.453728639467669836e-02,-8.740011732117372389e+01
6.987900000000000000e+09,5.758961154461417209e-02,-8.745173014166731207e+01
6.988050000000000000e+09,6.089135463784600688e-02,-8.750309354421793273e+01
6.988200000000000000e+09,6.354501423986391728e-02,-8.755510503025945468e+01
6.988350000000000000e+09,6.649287457004504631e-02,-8.760682231557279920e+01
6.988500000000000000e+09,6.882290096729093420e-02,-8.765915743481940581e+01
6.988650000000000000e+09,7.068044740756818101e-02,-8.771196503402266842e+01
6.988800000000000000e+09,7.316544989912188157e-02,-8.776414517717496722e+01
6.988950000000000000e+09,7.586880196929257636e-02,-8.781610697074832217e+01
6.989100000000000000e+09,7.692379717707353848e-02,-8.786971712118408107e+01
6.989250000000000000e+09,7.918841745062366044e-02,-8.792211764655438344e+01
6.989400000000000000e+09,8.145511924034565254e-02,-8.797451609040818710e+01
6.989550000000000000e+09,8.344258493590928083e-02,-8.802719377035649018e+01
6.989700000000000000e+09,8.578903648674440774e-02,-8.807951246444918070e+01
6.989850000000000000e+09,8.757485487601002205e-02,-8.813239179170344073e+01
6.990000000000000000e+09,9.046965373771342911e-02,-8.818416213848560403e+01
6.990150000000000000e+09,9.215206684270071946e-02,-8.823714487102414239e+01
6.990300000000000000e+09,9.303020230824188275e-02,-8.829093188120246793e+01
6.990450000000000000e+09,9.470429337611108167e-02,-8.834392293577812438e+01
6.990600000000000000e+09,9.753829362279020643e-02,-8.839575408117497091e+01
6.990750000000000000e+09,9.797980945062079172e-02,-8.844997771099100703e+01
6.990900000000000000e+09,9.995068461198286514e-02,-8.850267198147317060e+01
6.991050000000000000e+09,1.012158462196310893e-01,-8.855607196550937488e+01
6.991200000000000000e+09,1.021108525372937947e-01,-8.860984210483525203e+01
6.991350000000000000e+09,1.038358485962760369e-01,-8.866278225441979544e+01
6.991500000000000000e+09,1.047163560458130860e-01,-8.871656689261411088e+01
6.991650000000000000e+09,1.052477326255143453e-01,-8.877070066167794948e+01
6.991800000000000000e+09,1.066354224415420049e-01,-8.882397811750544747e+01
6.991950000000000000e+09,1.071480530183208657e-01,-8.887813063257252111e+01
6.992100000000000000e+09,1.077379078944602497e-01,-8.893220592333992158e+01
6.992250000000000000e+09,1.081432550922585278e-01,-8.898646572178596159e+01
6.992400000000000000e+09,1.087815578873971845e-01,-8.904049256463436279e+01
6.992550000000000000e+09,1.091762699216047849e-01,-8.909476299824369505e+01
6.992700000000000000e+09,1.090637154674141129e-01,-8.914954069834172401e+01
6.992850000000000000e+09,1.099167979329394029e-01,-8.920335276151973858e+01
6.993000000000000000e+09,1.091866961481571252e-01,-8.925874800894837335e+01
6.993150000000000000e+09,1.097309986408134819e-01,-8.931286885209924264e+01
6.993300000000000000e+09,1.095313038392760063e-01,-8.936773369254431998e+01
6.993450000000000000e+09,1.089450504442339707e-01,-8.942298509158321451e+01
6.993600000000000000e+09,1.088804057411891790e-01,-8.947771488192978495e+01
6.993750000000000000e+09,1.084923764582441663e-01,-8.953276805685659667e+01
6.993900000000000000e+09,1.081952243294921345e-01,-8.958773035462887435e+01
6.994050000000000000e+09,1.067912184213639648e-01,-8.964379950618052817e+01
6.994200000000000000e+09,1.053813391053779469e-01,-8.969987453114038090e+01
6.994350000000000000e+09,1.050244428205360236e-01,-8.975489657306874847e+01
6.994500000000000000e+09,1.040524735577008641e-01,-8.981053368797545033e+01
6.994650000000000000e+09,1.027669433397448984e-01,-8.986648436383693195e+01
6.994800000000000000e+09,1.004510871449042497e-01,-8.992346536567529824e+01
6.994950000000000000e+09,9.850958623113115209e-02,-8.998007201223293805e+01
6.995100000000000000e+09,9.758794042119234291e-02,-9.003565880368640251e+01
6.995250000000000000e+09,9.456804290846321237e-02,-9.009334384684298414e+01
6.995400000000000000e+09,9.198695469680728820e-02,-9.015059008069817992e+01
6.995550000000000000e+09,9.060398138610992191e-02,-9.020663819965240293e+01
6.995700000000000000e+09,8.718139309152661554e-02,-9.026472593359083874e+01
6.995850000000000000e+09,8.465932343385418335e-02,-9.032191314889205103e+01
6.996000000000000000e+09,8.158627906625781634e-02,-9.037965133890348568e+01
6.996150000000000000e+09,7.786751968197336282e-02,-9.043803524393130999e+01
6.996300000000000000e+09,7.432785673087494160e-02,-9.049624005252594827e+01
6.996450000000000000e+09,7.002281121384612561e-02,-9.055521024368681537e+01
6.996600000000000000e+09,6.456562455652203880e-02,-9.061533257598767932e+01
6.996750000000000000e+09,6.040129375594460726e-02,-9.067416205243179661e+01
6.996900000000000000e+09,5.699297052026963684e-02,-9.073223552131130987e+01
6.997050000000000000e+09,5.449219630506263456e-02,-9.078940144117005673e+01
6.997200000000000000e+09,4.969199755409192676e-02,-9.084886678556487993e+01
6.997350000000000000e+09,4.569261751332476251e-02,-9.090753131124917275e+01
6.997500000000000000e+09,4.136693294324800263e-02,-9.096652214146278936e+01
6.997650000000000000e+09,3.579474795728287972e-02,-9.102675947209260698e+01
6.997800000000000000e+09,3.135963037748012994e-02,-9.108585973531593538e+01
6.997950000000000000e+09,2.462754005314593542e-02,-9.114725697128413628e+01
6.998100000000000000e+09,1.781138476833632467e-02,-9.120873827221247154e+01
6.998250000000000000e+09,9.915660256737623968e-03,-9.127129914236759589e+01
6.998400000000000000e+09,-3.343043306060167197e-03,-9.133922299157426039e+01
6.998550000000000000e+09,-2.013416027951109299e-02,-9.141067925419123696e+01
6.998700000000000000e+09,-5.360203071668934172e-02,-9.149881227027228192e+01
6.998850000000000000e+09,-8.532324031421012478e-02,-9.158519862551332835e+01
6.999000000000000000e+09,-1.439310828253752561e-01,-9.169847161366801913e+01
6.999150000000000000e+09,-2.053547480786903634e-01,-9.181456042456520095e+01
6.999300000000000000e+09,-2.496894302287415712e-01,-9.191356025235877780e+01
6.999450000000000000e+09,-3.411372317843444080e-01,-9.205967319955823314e+01
6.999600000000000000e+09,-4.358227497353652780e-01,-9.220902386315279387e+01
6.999750000000000000e+09,-5.515549288818988316e-01,-9.237942118794285307e+01
6.999900000000000000e+09,-7.194148508563671385e-01,-9.260194625556117387e+01
7.000050000000000000e+09,-9.480392326999265151e-01,-9.288523578304827311e+01
7.000200000000000000e+09,-1.265666017536176469e+00,-9.325752771352837556e+01
7.000350000000000000e+09,3.619060561361067130e-01,-9.168462078549961802e+01
7.000500000000000000e+09,1.047419140675472704e+00,-9.105377284660379189e+01
7.000650000000000000e+09,7.969496822516077827e-01,-9.135890745067150931e+01
7.000800000000000000e+09,6.187523427975065715e-01,-9.159176993576913617e+01
7.000950000000000000e+09,5.034231547072351987e-01,-9.176176426950294740e+01
7.001100000000000000e+09,4.248861851668550571e-01,-9.189496638468718004e+01
7.001250000000000000e+09,3.691279007127832301e-01,-9.200538981478477751e+01
7.001400000000000000e+09,3.179440272023157377e-01,-9.211123883393909750e+01
7.001550000000000000e+09,2.773150694766286506e-01,-9.220653293730832445e+01
7.001700000000000000e+09,2.454170419299686046e-01,-9.229309611049852435e+01
7.001850000000000000e+09,2.218266346928174926e-01,-9.237135166337951375e+01
7.002000000000000000e+09,2.035410934716566089e-01,-9.244430235024421449e+01
7.002150000000000000e+09,1.854367277605462050e-01,-9.251707186159917740e+01
7.002300000000000000e+09,1.676231524574660625e-01,-9.258955058254578319e+01
7.002450000000000000e+09,1.511971174213044833e-01,-9.266064176322548462e+01
7.002600000000000000e+09,1.403456567408341016e-01,-9.272615836954980750e+01
7.002750000000000000e+09,1.265043712148781196e-01,-9.279466480071928913e+01
7.002900000000000000e+09,1.111216191017661004e-01,-9.286471269847626786e+01
7.003050000000000000e+09,1.029838027897227448e-01,-9.292751566043183686e+01
7.003200000000000000e+09,9.937886985294142050e-02,-9.298578573901214384e+01
7.003350000000000000e+09,9.198263940319861831e-02,-9.304784711510575335e+01
7.003500000000000000e+09,8.683434677372758870e-02,-9.310766055337875002e+01
7.003650000000000000e+09,7.897409929393006678e-02,-9.317018594650241425e+01
7.003800000000000000e+09,8.236014148022263726e-02,-9.322146504995964733e+01
7.003950000000000000e+09,5.287448471553091167e-02,-9.330561585236786470e+01
7.004100000000000000e+09,4.518926772406928194e-02,-9.336796621500319304e+01
7.004250000000000000e+09,4.262725229956743078e-02,-9.342519337607122054e+01
7.004400000000000000e+09,4.488089009726081713e-02,-9.347760488391737965e+01
7.004550000000000000e+09,3.676555290952876476e-02,-9.354038536674865156e+01
7.004700000000000000e+09,3.440856383559776077e-02,-9.359740750146610822e+01
7.004850000000000000e+09,3.360962878174689195e-02,-9.365287158216381158e+01
7.005000000000000000e+09,3.363435993843211236e-02,-9.370751199665066622e+01
7.005150000000000000e+09,2.878747171197915122e-02,-9.376702403052095747e+01
7.005300000000000000e+09,3.126489530791332072e-02,-9.381921175256856316e+01
7.005450000000000000e+09,3.081016620744492229e-02,-9.387433162731257141e+01
7.005600000000000000e+09,2.802283248949777317e-02,-9.393178410667435685e+01
7.005750000000000000e+09,2.262375205887678931e-02,-9.399184833274851769e+01
7.005900000000000000e+09,1.766737409022312022e-02,-9.405146985636071122e+01
7.006050000000000000e+09,1.498200782768321915e-02,-9.410882036826708941e+01
7.006200000000000000e+09,1.292941921735746291e-02,-9.416553810252095502e+01
7.006350000000000000e+09,1.044521679875742848e-02,-9.422268745058340755e+01
7.006500000000000000e+09,7.398864969630380983e-03,-9.428039894805606025e+01
7.006650000000000000e+09,3.291273706992114967e-03,-9.433917168496223837e+01
7.006800000000000000e+09,8.318069425143903572e-04,-9.439629629737056860e+01
7.006950000000000000e+09,-2.001020541911202599e-03,-9.445379427049851984e+01
7.007100000000000000e+09,-5.710598564263591470e-03,-9.451216899416473893e+01
7.007250000000000000e+09,-7.295698773077674559e-03,-9.456841924001707866e+01
7.007400000000000000e+09,-9.887489280515637802e-03,-9.462567617616804228e+01
7.007550000000000000e+09,-1.177503714653482803e-02,-9.468222886967792817e+01
7.007700000000000000e+09,-1.375901772271959089e-02,-9.473887799589763858e+01
7.007850000000000000e+09,-1.486955595737526892e-02,-9.479465367977616097e+01
7.008000000000000000e+09,-1.624761762403181820e-02,-9.485069688708634317e+01
7.008150000000000000e+09,-1.727683288187620292e-02,-9.490639124798771320e+01
7.008300000000000000e+09,-1.630212968962041487e-02,-9.496008169043932412e+01
7.008450000000000000e+09,-1.805861078872794678e-02,-9.501650331718195730e+01
7.008600000000000000e+09,-1.854169209140366092e-02,-9.507165154412848551e+01
7.008750000000000000e+09,-1.919529666405139778e-02,-9.512697029434467311e+01
7.008900000000000000e+09,-1.967871086854700025e-02,-9.518211885419269436e+01
7.009050000000000000e+09,-1.906252685630249744e-02,-9.523616781582430235e+01
7.009200000000000000e+09,-2.006396918531550000e-02,-9.529183440379685521e+01
7.009350000000000000e+09,-2.083647211715344838e-02,-9.534727205237253145e+01
7.009500000000000000e+09,-1.960372664915155383e-02,-9.540070445254806941e+01
7.009650000000000000e+09,-1.901669480352552455e-02,-9.545478256634598324e+01
7.009800000000000000e+09,-1.884300350754131159e-02,-9.550927402069383731e+01
7.009950000000000000e+09,-1.827882892139598425e-02,-9.556337499175123185e+01
7.010100000000000000e+09,-1.835065274222813514e-02,-9.561811196121591649e+01
7.010250000000000000e+09,-1.731366692050073652e-02,-9.567174012103771474e+01
7.010400000000000000e+09,-1.632451854098349031e-02,-9.572541611830173736e+01
7.010550000000000000e+09,-1.599167232373588377e-02,-9.577974841772834225e+01
7.010700000000000000e+09,-1.489918891151376101e-02,-9.583332107995965998e+01
7.010850000000000000e+09,-1.393181556359479600e-02,-9.588701885225526667e+01
7.011000000000000000e+09,-1.218505911167255817e-02,-9.593993724144719693e+01
7.011150000000000000e+09,-1.061645083397877443e-02,-9.599303377881304300e+01
7.011300000000000000e+09,-9.365296577328763306e-03,-9.604644777020024549e+01
7.011450000000000000e+09,-8.122347670735052816e-03,-9.609986996693717742e+01
7.011600000000000000e+09,-6.138319779580569957e-03,-9.615255108468956280e+01
7.011750000000000000e+09,-4.803799870430225383e-03,-9.620588171042426495e+01
7.011900000000000000e+09,-3.245591933293212605e-03,-9.625898864813065359e+01
7.012050000000000000e+09,-1.301693034761797207e-03,-9.631170989487598888e+01
7.012200000000000000e+09,1.461928303399417928e-03,-9.636361141918135331e+01
7.012350000000000000e+09,3.286294466420258686e-03,-9.641645219866185812e+01
7.012500000000000000e+09,4.826557517560559063e-03,-9.646957708125458453e+01
7.012650000000000000e+09,7.378866808110728925e-03,-9.652168991760756001e+01
7.012800000000000000e+09,8.798843048310800441e-03,-9.657493508701121243e+01
7.012950000000000000e+09,1.246720722154748273e-02,-9.662593186848151561e+01
7.013100000000000000e+09,1.498456911158996263e-02,-9.667807965223499878e+01
7.013250000000000000e+09,1.698917900127128178e-02,-9.673074018798916995e+01
7.013400000000000000e+09,1.932874667046746708e-02,-9.678306576596351363e+01
7.013550000000000000e+09,2.131997158427623162e-02,-9.683573968669355736e+01
7.013700000000000000e+09,2.418802480447368453e-02,-9.688753677911689977e+01
7.013850000000000000e+09,2.745799627055589553e-02,-9.693893195329434320e+01
7.014000000000000000e+09,2.971399561128862388e-02,-9.699134109959746297e+01
7.014150000000000000e+09,3.167554723275145534e-02,-9.704404469361954000e+01
7.014300000000000000e+09,3.476517521481525819e-02,-9.709562021128131448e+01
7.014450000000000000e+09,3.773225384094303081e-02,-9.714731827829872657e+01
7.014600000000000000e+09,4.005212866999841026e-02,-9.719966354911321105e+01
7.014750000000000000e+09,4.303251298819077419e-02,-9.725134831043885697e+01
7.014900000000000000e+09,4.552851319844819500e-02,-9.730351745587213941e+01
7.015050000000000000e+09,4.717035516254952654e-02,-9.735654075955157793e+01
7.015200000000000000e+09,5.164050141037535013e-02,-9.740673575894759040e+01
7.015350000000000000e+09,5.428391039257007833e-02,-9.745875749560893553e+01
7.015500000000000000e+09,5.606798074028063184e-02,-9.751163857090507747e+01
7.015650000000000000e+09,5.997955626698114884e-02,-9.756239214102190260e+01
7.015800000000000000e+09,6.208481352103945028e-02,-9.761495202941138416e+01
7.015950000000000000e+09,6.553304944351623362e-02,-9.766616893913275987e+01
7.016100000000000000e+09,6.753083216615607398e-02,-9.771883630205364568e+01
7.016250000000000000e+09,7.031025809301638674e-02,-9.777072202177065208e+01
7.016400000000000000e+09,7.399897119819343061e-02,-9.782169845430900068e+01
7.016550000000000000e+09,7.753942104575628491e-02,-9.787282315010496347e+01
7.016700000000000000e+09,7.994116737050660504e-02,-9.792508654942407986e+01
7.016850000000000000e+09,8.295466755831171213e-02,-9.797673819487980040e+01
7.017000000000000000e+09,8.598291506000066420e-02,-9.802837509302197816e+01
7.017150000000000000e+09,8.844459277953831133e-02,-9.808057856094596616e+01
7.017300000000000000e+09,9.189571093197912433e-02,-9.813179258843705099e+01
7.017450000000000000e+09,9.436957122697720024e-02,-9.818398387378591963e+01
7.017600000000000000e+09,9.793472538994762999e-02,-9.823508386526647485e+01
7.017750000000000000e+09,1.006585468779093162e-01,-9.828702518942236566e+01
7.017900000000000000e+09,1.033081117969487650e-01,-9.833904077014686607e+01
7.018050000000000000e+09,1.066093126095637444e-01,-9.839040471497777673e+01
7.018200000000000000e+09,1.080020050283820865e-01,-9.844367716820281089e+01
7.018350000000000000e+09,1.108844331243403758e-01,-9.849545988575039246e+01
7.018500000000000000e+09,1.138525378131163279e-01,-9.854715692670545479e+01
7.018650000000000000e+09,1.152626592269143657e-01,-9.860041195093519661e+01
7.018800000000000000e+09,1.181569635649282191e-01,-9.865218279224072262e+01
7.018950000000000000e+09,1.210115727451608336e-01,-9.870399332870432829e+01
7.019100000000000000e+09,1.230530286211006796e-01,-9.875661701847192830e+01
7.019250000000000000e+09,1.254453439732685638e-01,-9.880888984876361292e+01
7.019400000000000000e+09,1.270896579463283160e-01,-9.886191068043407881e+01
7.019550000000000000e+09,1.292400075413411287e-01,-9.891442547648260586e+01
7.019700000000000000e+09,1.323822937587948445e-01,-9.896594833590900464e+01
7.019850000000000000e+09,1.333900903272109417e-01,-9.901960568498411419e+01
7.020000000000000000e+09,1.360224795571127743e-01,-9.907163844139775222e+01
7.020150000000000000e+09,1.379210566315549613e-01,-9.912440500996716253e+01
7.020300000000000000e+09,1.402187053987375975e-01,-9.917677250684350554e+01
7.020450000000000000e+09,1.420183922430027224e-01,-9.922963796564310712e+01
7.020600000000000000e+09,1.443796635749663437e-01,-9.928194183995466915e+01
7.020750000000000000e+09,1.458341274980909930e-01,-9.933515252167507015e+01
7.020900000000000000e+09,1.467425028376538876e-01,-9.938890929197937396e+01
7.021050000000000000e+09,1.484830587340013608e-01,-9.944183388172655214e+01
7.021200000000000000e+09,1.507404877667966048e-01,-9.949424159833762360e+01
7.021350000000000000e+09,1.512077660607076268e-01,-9.954843946568723823e+01
7.021500000000000000e+09,1.526994834779600296e-01,-9.960161289391351147e+01
7.021650000000000000e+09,1.540624954467233465e-01,-9.965491502758861486e+01
7.021800000000000000e+09,1.552773844564967476e-01,-9.970836528422236711e+01
7.021950000000000000e+09,1.555224418863190294e-01,-9.976278537243639732e+01
7.022100000000000000e+09,1.567753079197160559e-01,-9.981619765204654016e+01
7.022250000000000000e+09,1.575161181226860663e-01,-9.987012198748709579e+01
7.022400000000000000e+09,1.576205041102269888e-01,-9.992468274714340737e+01
7.022550000000000000e+09,1.582334011229136195e-01,-9.997873499577426060e+01
7.022700000000000000e+09,1.583906892814468392e-01,-1.000332428532595799e+02
7.022850000000000000e+09,1.588781675559118867e-01,-1.000874205206286405e+02
7.023000000000000000e+09,1.591120759075153046e-01,-1.001418517579205769e+02
7.023150000000000000e+09,1.589819320711143291e-01,-1.001966470474008304e+02
7.023300000000000000e+09,1.586327750805054393e-01,-1.002516613500349649e+02
7.023450000000000000e+09,1.584835589550834811e-01,-1.003064757118042394e+02
7.023600000000000000e+09,1.571162512418737833e-01,-1.003625081651609889e+02
7.023750000000000000e+09,1.564124727162408135e-01,-1.004178770893301476e+02
7.023900000000000000e+09,1.554719890081912581e-01,-1.004734827186820496e+02
7.024050000000000000e+09,1.542287260734838128e-01,-1.005293911272602969e+02
7.024200000000000000e+09,1.534317565582625775e-01,-1.005848532424193706e+02
7.024350000000000000e+09,1.522349944847150027e-01,-1.006407151501364439e+02
7.024500000000000000e+09,1.500154898652397151e-01,-1.006975998003994590e+02
7.024650000000000000e+09,1.484686493175786381e-01,-1.007538117865909726e+02
7.024800000000000000e+09,1.465281511518128355e-01,-1.008104174304002640e+02
7.024950000000000000e+09,1.445733177455679197e-01,-1.008670374094500488e+02
7.025100000000000000e+09,1.424319063335417468e-01,-1.009238439665059275e+02
7.025250000000000000e+09,1.388527289031742384e-01,-1.009820882895798206e+02
7.025400000000000000e+09,1.336700021584107390e-01,-1.010419361619684508e+02
7.025550000000000000e+09,1.301853961050198905e-01,-1.011000859136653673e+02
7.025700000000000000e+09,1.252460261572565514e-01,-1.011596904292566563e+02
7.025850000000000000e+09,1.207878665242105853e-01,-1.012188137345335690e+02
7.026000000000000000e+09,1.128206551553745385e-01,-1.012814460915459307e+02
7.026150000000000000e+09,1.011225079398769822e-01,-1.013478093844052950e+02
7.026300000000000000e+09,7.887089315198636541e-02,-1.014247261448367112e+02
7.026450000000000000e+09,1.340227975376251379e-02,-1.015448599038784607e+02
7.026600000000000000e+09,-8.673822067567016347e-02,-1.016996655499517601e+02
7.026750000000000000e+09,-1.985114572623132290e-01,-1.018661039321819288e+02
7.026900000000000000e+09,-2.866112489789998108e-01,-1.020088688695424679e+02
7.027050000000000000e+09,-4.083978048519014692e-01,-1.021853205710589094e+02
7.027200000000000000e+09,-5.717516227844043897e-01,-1.024033395346349380e+02
7.027350000000000000e+09,-8.234528680917776455e-01,-1.027097059255861637e+02
7.027500000000000000e+09,-1.151048235811572340e+00,-1.030919664389494983e+02
7.027650000000000000e+09,1.406173549709663462e+00,-1.005894097990721008e+02
7.027800000000000000e+09,1.122571324728539821e+00,-1.009276771696967643e+02
7.027950000000000000e+09,8.957353132140610796e-01,-1.012091783268547829e+02
7.028100000000000000e+09,7.249481456548494407e-01,-1.014346306400578328e+02
7.028250000000000000e+09,6.199136750752103353e-01,-1.015943302562810118e+02
7.028400000000000000e+09,5.513800307770821973e-01,-1.017175290462229924e+02
7.028550000000000000e+09,4.985823831150923979e-01,-1.018249918395285079e+02
7.028700000000000000e+09,4.585839905431328134e-01,-1.019196553777440073e+02
7.028850000000000000e+09,4.258076946577631361e-01,-1.020070968192732295e+02
7.029000000000000000e+09,3.950474241038932632e-01,-1.020925222354706250e+02
7.029150000000000000e+09,3.711536241068813524e-01,-1.021710811811111768e+02
7.029300000000000000e+09,3.494503074139458931e-01,-1.022474496434479647e+02
7.029450000000000000e+09,3.304834875298752195e-01,-1.023210816089755610e+02
7.029600000000000000e+09,3.156001859111228214e-01,-1.023906300562381801e+02
7.029750000000000000e+09,3.021019940064206821e-01,-1.024587933937864079e+02
7.029900000000000000e+09,2.897659288230016728e-01,-1.025257946046133526e+02
7.030050000000000000e+09,2.799884949822057933e-01,-1.025902371840980152e+02
7.030200000000000000e+09,2.675886476690578775e-01,-1.026573021770546887e+02
7.030350000000000000e+09,2.576541423342604276e-01,-1.027219018280333529e+02
7.030500000000000000e+09,2.499509674526336767e-01,-1.027842701485585053e+02
7.030650000000000000e+09,2.446783015430042951e-01,-1.028442079601116603e+02
7.030800000000000000e+09,2.362455723603176239e-01,-1.029073058349382137e+02
7.030950000000000000e+09,2.293476834825440847e-01,-1.029688688694595129e+02
7.031100000000000000e+09,2.190125274813823353e-01,-1.030338691711045271e+02
7.031250000000000000e+09,2.130290212178493903e-01,-1.030945178230115999e+02
7.031400000000000000e+09,2.078147648776393908e-01,-1.031543972249953356e+02
7.031550000000000000e+09,2.036554254332543223e-01,-1.032132217100835732e+02
7.031700000000000000e+09,1.986418551887112471e-01,-1.032729004259716561e+02
7.031850000000000000e+09,1.971838549619491232e-01,-1.033290235718422565e+02
7.032000000000000000e+09,1.955257122533140546e-01,-1.033853468601944314e+02
7.032150000000000000e+09,1.989081493402551359e-01,-1.034366295687510302e+02
7.032300000000000000e+09,2.072697693987777257e-01,-1.034829330943363459e+02
7.032450000000000000e+09,1.943213839615367533e-01,-1.035505466254171267e+02
7.032600000000000000e+09,1.791144316272550441e-01,-1.036204187233952609e+02
7.032750000000000000e+09,1.721833925662537013e-01,-1.036820149080997879e+02
7.032900000000000000e+09,1.681599794733728004e-01,-1.037407034668362087e+02
7.033050000000000000e+09,1.634606056531140439e-01,-1.038000679863003199e+02
7.033200000000000000e+09,1.633797652306583359e-01,-1.038548139723663013e+02
7.033350000000000000e+09,1.721727198383860014e-01,-1.039006861634024403e+02
7.033500000000000000e+09,1.768787385608305840e-01,-1.039506452903235214e+02
7.033650000000000000e+09,1.758288380279964258e-01,-1.040063603364998954e+02
7.033800000000000000e+09,1.708561639001118238e-01,-1.040659981562716325e+02
7.033950000000000000e+09,1.664615096756563162e-01,-1.041250579561396137e+02
7.034100000000000000e+09,1.616448929332108264e-01,-1.041845397185255990e+02
7.034250000000000000e+09,1.565185229491419250e-01,-1.042443312341535204e+02
7.034400000000000000e+09,1.518707951499607134e-01,-1.043036441075962273e+02
7.034550000000000000e+09,1.482225343293208653e-01,-1.043619575140607338e+02
7.034700000000000000e+09,1.429587729846559796e-01,-1.044218864210489244e+02
7.034850000000000000e+09,1.391408776835305616e-01,-1.044803694619935754e+02
7.035000000000000000e+09,1.349844443054450949e-01,-1.045391910410155276e+02
7.035150000000000000e+09,1.314549987430240208e-01,-1.045973856322214743e+02
7.035300000000000000e+09,1.281187227054374489e-01,-1.046553870539029134e+02
7.035450000000000000e+09,1.246267644720120416e-01,-1.047135441577798787e+02
7.035600000000000000e+09,1.205993151850890399e-01,-1.047722367527103273e+02
7.035750000000000000e+09,1.175084307159721675e-01,-1.048299927828232967e+02
7.035900000000000000e+09,1.140833463334729458e-01,-1.048880830128493358e+02
7.036050000000000000e+09,1.113700332459615083e-01,-1.049454614715806997e+02
7.036200000000000000e+09,1.081141777994503173e-01,-1.050033824726707365e+02
7.036350000000000000e+09,1.050101317810714363e-01,-1.050611516643326553e+02
7.036500000000000000e+09,1.026455176075700138e-01,-1.051181814241500092e+02
7.036650000000000000e+09,1.004374585299672162e-01,-1.051750546288711519e+02
7.036800000000000000e+09,9.746444812614640796e-02,-1.052326927849188110e+02
7.036950000000000000e+09,9.566420631021799181e-02,-1.052891581723782792e+02
7.037100000000000000e+09,9.236693425449971073e-02,-1.053471205900775374e+02
7.037250000000000000e+09,9.035262634091623113e-02,-1.054038000436349591e+02
7.037400000000000000e+09,8.860340377023590008e-02,-1.054602144118491793e+02
7.037550000000000000e+09,8.660079248117824591e-02,-1.055168821687820895e+02
7.037700000000000000e+09,8.485231675305726640e-02,-1.055732957901537361e+02
7.037850000000000000e+09,8.365849162316862930e-02,-1.056291547609271646e+02
7.038000000000000000e+09,8.139996248385727995e-02,-1.056860784357103284e+02
7.038150000000000000e+09,8.010405714028934199e-02,-1.057420394866974220e+02
7.038300000000000000e+09,7.847723202067413695e-02,-1.057983314574605771e+02
7.038450000000000000e+09,7.683223320705678816e-02,-1.058546416019180469e+02
7.038600000000000000e+09,7.562283208702069714e-02,-1.059105161486816087e+02
7.038750000000000000e+09,7.519216316107701914e-02,-1.059656119632514191e+02
7.038900000000000000e+09,7.435238099483854057e-02,-1.060211168910611832e+02
7.039050000000000000e+09,7.323027668387283029e-02,-1.060769041410156746e+02
7.039200000000000000e+09,7.280964149215662928e-02,-1.061319899218512575e+02
7.039350000000000000e+09,7.175619814672984376e-02,-1.061877085108402099e+02
7.039500000000000000e+09,7.154202042843849085e-02,-1.062425878342023680e+02
7.039650000000000000e+09,7.158026178727538991e-02,-1.062972147384870567e+02
7.039800000000000000e+09,7.083077604904985947e-02,-1.063526293698688079e+02
7.039950000000000000e+09,7.079661235057699287e-02,-1.064073286792111475e+02
7.040100000000000000e+09,7.039190907910608530e-02,-1.064623985281261440e+02
7.040250000000000000e+09,7.020934832098646439e-02,-1.065172462345281161e+02
7.040400000000000000e+09,6.992194506203475157e-02,-1.065721987834306077e+02
7.040550000000000000e+09,7.018046676651579219e-02,-1.066266054073696523e+02
7.040700000000000000e+09,6.954258291393955460e-02,-1.066819084368660810e+02
7.040850000000000000e+09,7.028936946323938173e-02,-1.067358267959603211e+02
7.041000000000000000e+09,6.966910921674696056e-02,-1.067911122018506518e+02
7.041150000000000000e+09,7.036337727076613646e-02,-1.068450830794401725e+02
7.041300000000000000e+09,7.052496705055943949e-02,-1.068995866353039190e+02
7.041450000000000000e+09,7.104898328304898314e-02,-1.069537277647152678e+02
7.041600000000000000e+09,7.098535882676060282e-02,-1.070084565348150960e+02
7.041750000000000000e+09,7.173954077484268055e-02,-1.070623674985108664e+02
7.041900000000000000e+09,7.174659058625820762e-02,-1.071170255943429765e+02
7.042050000000000000e+09,7.192586332986650177e-02,-1.071715114672429081e+02
7.042200000000000000e+09,7.233175854598528076e-02,-1.072257707176706418e+02
7.042350000000000000e+09,7.293306872846017086e-02,-1.072798345531316926e+02
7.042500000000000000e+09,7.405740852500741767e-02,-1.073333753589790120e+02
7.042650000000000000e+09,7.441416261470124027e-02,-1.073876837505328439e+02
7.042800000000000000e+09,7.522198628969078982e-02,-1.074415410725013800e+02
7.042950000000000000e+09,7.621808935256524364e-02,-1.074952101150823722e+02
7.043100000000000000e+09,7.665402496202489147e-02,-1.075494393251164382e+02
7.043250000000000000e+09,7.820401458567971531e-02,-1.076025544811363091e+02
7.043400000000000000e+09,7.869263970253825846e-02,-1.076567310016633172e+02
7.043550000000000000e+09,8.016893479431530523e-02,-1.077099198522150658e+02
7.043700000000000000e+09,8.069509116876361077e-02,-1.077640588414844842e+02
7.043850000000000000e+09,8.169674791827219451e-02,-1.078177223303785013e+02
7.044000000000000000e+09,8.247881807618284711e-02,-1.078716054058641163e+02
7.044150000000000000e+09,8.375283466608607341e-02,-1.079249965349180798e+02
7.044300000000000000e+09,8.513605733207896265e-02,-1.079782784578956125e+02
7.044450000000000000e+09,8.664818942064300700e-02,-1.080314314714509010e+02
7.044600000000000000e+09,8.692871473483876343e-02,-1.080858160917802451e+02
7.044750000000000000e+09,8.807797646935000557e-02,-1.081393319756892595e+02
7.044900000000000000e+09,9.003102664382822695e-02,-1.081920440711586338e+02
7.045050000000000000e+09,9.087117089104879142e-02,-1.082458690725549530e+02
7.045200000000000000e+09,9.191483107841236233e-02,-1.082994905580114278e+02
7.045350000000000000e+09,9.339173301735570476e-02,-1.083526788017160243e+02
7.045500000000000000e+09,9.482818537279058546e-02,-1.084059074950041293e+02
7.045650000000000000e+09,9.600626463847561354e-02,-1.084593945613822967e+02
7.045800000000000000e+09,9.763482454829386370e-02,-1.085124311471160041e+02
7.045950000000000000e+09,9.921061240085293775e-02,-1.085655205049072975e+02
7.046100000000000000e+09,1.007166712227274274e-01,-1.086186795917289629e+02
7.046250000000000000e+09,1.024010278380984573e-01,-1.086716603807571175e+02
7.046400000000000000e+09,1.042082354613000916e-01,-1.087245183187777684e+02
7.046550000000000000e+09,1.058082118584451337e-01,-1.087775834880241632e+02
7.046700000000000000e+09,1.070468590742734705e-01,-1.088310099864521874e+02
7.046850000000000000e+09,1.086407037437595591e-01,-1.088840812874262269e+02
7.047000000000000000e+09,1.103447974962534772e-01,-1.089370423393172729e+02
7.047150000000000000e+09,1.119742949929332099e-01,-1.089900779874644456e+02
7.047300000000000000e+09,1.131484606429182804e-01,-1.090435689674579862e+02
7.047450000000000000e+09,1.147782298087207664e-01,-1.090966043439360504e+02
7.047600000000000000e+09,1.162513773313094134e-01,-1.091497963420569874e+02
7.047750000000000000e+09,1.169538661838629423e-01,-1.092037589988479596e+02
7.047900000000000000e+09,1.189664751314154501e-01,-1.092564115355442738e+02
7.048050000000000000e+09,1.206229968181702361e-01,-1.093094201595010446e+02
7.048200000000000000e+09,1.218312724019057214e-01,-1.093628770295608348e+02
7.048350000000000000e+09,1.238137390938476301e-01,-1.094155597085127596e+02
7.048500000000000000e+09,1.245049626715371005e-01,-1.094695336305785958e+02
7.048650000000000000e+09,1.263866095116839006e-01,-1.095223171293823157e+02
7.048800000000000000e+09,1.283867102204681032e-01,-1.095749821743170571e+02
7.048950000000000000e+09,1.293825271323214565e-01,-1.096286515030487294e+02
7.049100000000000000e+09,1.310029237461520779e-01,-1.096816962520787655e+02
7.049250000000000000e+09,1.324478840492560039e-01,-1.097349164374191872e+02
7.049400000000000000e+09,1.335389397101636177e-01,-1.097884905274021321e+02
7.049550000000000000e+09,1.351633159275564822e-01,-1.098415312968282791e+02
7.049700000000000000e+09,1.365776243263354672e-01,-1.098947821340730258e+02
7.049850000000000000e+09,1.374747558082560772e-01,-1.099485501482349576e+02
7.050000000000000000e+09,1.392628457404185838e-01,-1.100014272039463350e+02
