# freq_Hz, phase_rad_detrended, phase_rad
7.125000000000000000e+09,8.387993303812413259e-02,-2.266740285385994813e+00
7.125063333333333015e+09,5.939254277868410981e-02,-2.315091011694687673e+00
7.125126666666666985e+09,3.870514016674064806e-02,-2.359641750355883971e+00
7.125190000000000000e+09,3.609562081733841410e-02,-2.386114605754539042e+00
7.125253333333333015e+09,3.538506506961214271e-02,-2.410688497551518150e+00
7.125316666666666985e+09,1.020650016161983586e-02,-2.459730398509097249e+00
7.125380000000000000e+09,6.950845163591390374e-02,-2.424291783083722063e+00
7.125443333333333015e+09,9.823399196629312158e-02,-2.419429578802595682e+00
7.125506666666666985e+09,1.113178363709432794e-01,-2.430209070447532316e+00
7.125570000000000000e+09,6.366274661985205086e-02,-2.501727496247542426e+00
7.125633333333333015e+09,-3.489918712634354492e-02,-2.624152766042990859e+00
7.125696666666666985e+09,1.000442997706705306e-01,-2.513072615195563575e+00
7.125760000000000000e+09,1.823737560965410509e-02,-2.618742875405498882e+00
7.125823333333333015e+09,8.049834256547283573e-02,-2.580345244498932988e+00
7.125886666666666985e+09,-3.354902719816044154e-02,-2.718255950312153058e+00
7.125950000000000000e+09,6.261690104626138620e-02,-2.645953358116650111e+00
7.126013333333333015e+09,4.821537825832455937e-02,-2.684218216953839775e+00
7.126076666666666985e+09,2.606681097199823327e-01,-2.495628821541768794e+00
7.126140000000000000e+09,3.606452955118122361e-02,-2.744095737759822740e+00
7.126203333333333015e+09,-2.071354120108370722e-02,-2.824737144561006552e+00
7.126266666666666985e+09,3.416645334847911997e-02,-2.793720486061030517e+00
7.126330000000000000e+09,1.026741460066844525e-01,-2.749076129452078021e+00
7.126393333333333015e+09,1.312235833721002720e-01,-2.744390028135581083e+00
7.126456666666666985e+09,2.205490015923183833e-02,-2.877422047398036309e+00
7.126520000000000000e+09,-6.445579494119479946e-02,-2.987796078547715783e+00
7.126583333333333015e+09,6.059206413524087509e-03,-2.941144413241915778e+00
7.126646666666666985e+09,1.075202547049620705e-01,-2.863546701000064587e+00
7.126710000000000000e+09,6.285217322459324407e-02,-2.932078118529686250e+00
7.126773333333333015e+09,1.630446914225514021e-02,-3.002489158661277191e+00
7.126836666666666985e+09,6.309710754594544113e-02,-2.979559856306839727e+00
7.126900000000000000e+09,4.633488971362220710e-02,-3.020185410188422903e+00
7.126963333333333015e+09,8.002008465810783733e-02,-3.010363551293190110e+00
7.127026666666666985e+09,4.830383809925731242e-03,-3.109416588190625053e+00
7.127090000000000000e+09,1.212752221131641051e-01,-3.016835085936639516e+00
7.127153333333333015e+09,4.085592395014936429e-02,-3.121117720148907093e+00
7.127216666666666985e+09,1.057968881357140845e-02,-3.175257291335071841e+00
7.127280000000000000e+09,1.864645014405441614e-01,-3.023235814757017970e+00
7.127343333333333015e+09,-2.281477267719278501e-02,-3.256378424924007753e+00
7.127406666666666985e+09,-1.175508509191836026e-02,-3.269182073388320120e+00
7.127470000000000000e+09,-2.695964743792522711e-02,-3.308249971783245869e+00
7.127533333333333015e+09,1.074980482279377370e-01,-3.197655612166635741e+00
7.127596666666666985e+09,1.054245620775473569e-01,-3.223592434366612913e+00
7.127660000000000000e+09,6.406414550131822594e-02,-3.288816186991760926e+00
7.127723333333333015e+09,1.003802447007609011e-01,-3.276363423841571088e+00
7.127786666666666985e+09,8.304730379259828155e-02,-3.317559700799320499e+00
7.127850000000000000e+09,1.005508575467315424e-01,-3.323919483094106120e+00
7.127913333333333015e+09,1.133410543065571652e-01,-3.334992622383533334e+00
7.127976666666666985e+09,1.649596988760593241e-01,-3.307237313863617967e+00
7.128040000000000000e+09,-5.860403696896510084e-02,-3.554664385757895229e+00
7.128103333333333015e+09,5.093502215207523776e-02,-3.468988662685773772e+00
7.128166666666666985e+09,6.608091279017491715e-02,-3.477706108097260884e+00
7.128230000000000000e+09,1.321109993406079930e-01,-3.435539357596080645e+00
7.128293333333333015e+09,6.436886048456225140e-02,-3.527144832501045268e+00
7.128356666666666985e+09,-5.858535022634114853e-02,-3.673962379261535460e+00
7.128420000000000000e+09,8.265241000243106484e-02,-3.556587955082016084e+00
7.128483333333333015e+09,1.361275831980974793e-01,-3.526976117935268551e+00
7.128546666666666985e+09,6.227550575817542011e-02,-3.624691531424777402e+00
7.128610000000000000e+09,8.226947399696005192e-02,-3.628560899235245607e+00
7.128673333333333015e+09,9.016289483640349545e-02,-3.644530814445055000e+00
7.128736666666666985e+09,7.731884419014667387e-02,-3.681238201140564659e+00
7.128800000000000000e+09,-2.790064568205385953e-02,-3.810321027062018029e+00
7.128863333333333015e+09,-4.490994322649655146e-03,-3.810774711751866661e+00
7.128926666666666985e+09,-1.343849900304578959e-01,-3.964532043508927739e+00
7.128990000000000000e+09,3.731645582971676589e-03,-3.850278743944751003e+00
7.129053333333333015e+09,9.132068578491514543e-02,-3.786553039792060371e+00
7.129116666666666985e+09,7.562801216871317678e-02,-3.826109049457515177e+00
7.129180000000000000e+09,5.896265304181058653e-02,-3.866637744633670604e+00
7.129243333333333015e+09,7.911132226710870796e-02,-3.870352411457625319e+00
7.129306666666666985e+09,4.047196316939460914e-02,-3.932855106604926210e+00
7.129370000000000000e+09,3.439010096275962880e-02,-3.962800304860480072e+00
7.129433333333333015e+09,1.007289708442096199e-01,-3.920324771028282917e+00
7.129496666666666985e+09,1.183544933816480516e-01,-3.926562584540431278e+00
7.129560000000000000e+09,4.465683684604293546e-02,-4.024123577124955276e+00
7.129623333333333015e+09,-9.055858426547658269e-02,-4.183202334285727630e+00
7.129686666666666985e+09,-3.298855689055280038e-02,-4.149495642960390640e+00
7.129750000000000000e+09,2.311441094198052326e-02,-4.117256011176776198e+00
7.129813333333333015e+09,6.207177356971627091e-04,-4.163613040432312395e+00
7.129876666666666985e+09,1.630746950557018238e-01,-4.025022399161894526e+00
7.129940000000000000e+09,7.269426028833692044e-02,-4.139266169978512266e+00
7.130003333333333015e+09,5.526391845616984710e-02,-4.180559847859598221e+00
7.130066666666666985e+09,4.871064149940274035e-02,-4.210976460865952120e+00
7.130130000000000000e+09,1.091843598443471564e-01,-4.174366078570260541e+00
7.130193333333333015e+09,1.033567277202251944e-01,-4.204057046743301385e+00
7.130256666666666985e+09,1.281928915235024391e-01,-4.203084218989610932e+00
7.130320000000000000e+09,1.725913441482003208e-01,-4.182549102414165887e+00
7.130383333333333015e+09,3.370665579513687504e-02,-4.345297126816148214e+00
7.130446666666666985e+09,-3.684630246194942060e-02,-4.439713421122821302e+00
7.130510000000000000e+09,4.962870929991503033e-02,-4.377101745410209688e+00
7.130573333333333015e+09,1.313144726868209489e-02,-4.437462343490695460e+00
7.130636666666666985e+09,7.251980549985148627e-02,-4.401937321308778905e+00
7.130700000000000000e+09,2.114492877719609254e-02,-4.477175534080687136e+00
7.130763333333333015e+09,-5.128767972134795627e-02,-4.573471478628484022e+00
7.130826666666666985e+09,6.611669474885228937e-02,-4.479930440207536613e+00
7.130890000000000000e+09,7.319256439223131849e-02,-4.496717906613410420e+00
7.130953333333333015e+09,-7.940510987144389077e-02,-4.673178916926338466e+00
7.131016666666666985e+09,2.787705140830887274e-02,-4.589760091695838540e+00
7.131080000000000000e+09,4.826176487561895101e-02,-4.593238714277781298e+00
7.131143333333333015e+09,-2.161828750738514771e-02,-4.686982102710038234e+00
7.131206666666666985e+09,1.413981739220089295e-01,-4.547828977330230948e+00
7.131270000000000000e+09,9.472308873382573324e-03,-4.703618178427776186e+00
7.131333333333333015e+09,-6.757818406350146745e-02,-4.804532007413913064e+00
7.131396666666666985e+09,1.046838234729818851e-01,-4.656133335927016503e+00
7.131460000000000000e+09,6.059332678665718674e-02,-4.724087168662260083e+00
7.131523333333333015e+09,7.010453219425905047e-02,-4.738439299303911056e+00
7.131586666666666985e+09,7.467471117364610222e-02,-4.757732456374117902e+00
7.131650000000000000e+09,8.431498067746012737e-02,-4.771955522919215653e+00
7.131713333333333015e+09,4.923966710433447247e-02,-4.830894172541594145e+00
7.131776666666666985e+09,3.823843452599895443e-02,-4.865758741169523560e+00
7.131840000000000000e+09,3.577225856715315899e-02,-4.892088253177622192e+00
7.131903333333333015e+09,1.078307794032333788e-01,-4.843893068390453749e+00
7.131966666666666985e+09,1.285372249696363767e-01,-4.847049958873644648e+00
7.132030000000000000e+09,-1.644977272797287782e-02,-5.015900292620506740e+00
7.132093333333333015e+09,5.416946613975692770e-02,-4.969144389801688710e+00
7.132156666666666985e+09,9.809321492702771650e-02,-4.949083977064011819e+00
7.132220000000000000e+09,3.440671036158882146e-02,-5.036633817678703551e+00
7.132283333333333015e+09,4.457023541520488408e-02,-5.050333628674006370e+00
7.132346666666666985e+09,1.937810005401470193e-01,-4.924986199598651027e+00
7.132410000000000000e+09,-5.665131925529021117e-02,-5.199281855443341094e+00
7.132473333333333015e+09,7.839064316513422170e-02,-5.088103229072169498e+00
7.132536666666666985e+09,3.922740620652298560e-02,-5.151129802080033571e+00
7.132600000000000000e+09,1.128073535034168628e-02,-5.202939808985467707e+00
7.132663333333333015e+09,5.756664912493025810e-02,-5.180517231260131972e+00
7.132726666666666985e+09,1.343297271998382669e-01,-5.127617489234476800e+00
7.132790000000000000e+09,1.182568987649883496e-01,-5.167553653718579554e+00
7.132853333333333015e+09,6.954618845420146300e-02,-5.240127700078619277e+00
7.132916666666666985e+09,1.177170311070971920e-01,-5.215820193474976385e+00
7.132980000000000000e+09,4.482718104337735099e-02,-5.312573379587949063e+00
7.133043333333333015e+09,2.456679757056701163e-02,-5.356697099110012239e+00
7.133106666666666985e+09,-4.295615997991220070e-02,-5.448083392710078243e+00
7.133170000000000000e+09,3.075641768132086895e-02,-5.398234151097764055e+00
7.133233333333333015e+09,1.543664261411095140e-01,-5.298487478687228247e+00
7.133296666666666985e+09,1.125336910124579148e-01,-5.364183549865466638e+00
7.133360000000000000e+09,3.813087910839207950e-02,-5.462449697818451355e+00
7.133423333333333015e+09,1.277241373437938421e-01,-5.396719775632302429e+00
7.133486666666666985e+09,8.237747119004268370e-03,-5.540069501906678795e+00
7.133550000000000000e+09,1.341639345451151044e-01,-5.438006650529486841e+00
7.133613333333333015e+09,8.403633297184143203e-02,-5.511997588152013350e+00
7.133676666666666985e+09,-3.120398274654867521e-02,-5.651101239919990249e+00
7.133740000000000000e+09,7.630716557133343514e-02,-5.567453427651360975e+00
7.133803333333333015e+09,-1.751084132459990172e-02,-5.685134770596213194e+00
7.133866666666666985e+09,1.192052248133848025e-01,-5.572282040507815282e+00
7.133930000000000000e+09,7.017901517249747201e-02,-5.645171586197955449e+00
7.133993333333333015e+09,2.081810568799724592e-02,-5.718395831731374557e+00
7.134056666666666985e+09,9.717222656596646857e-02,-5.665905046902992126e+00
7.134120000000000000e+09,-3.974177975598358614e-02,-5.826682389274195017e+00
7.134183333333333015e+09,1.612398891554525093e-01,-5.649564056411677804e+00
7.134246666666666985e+09,4.994750839438033552e-02,-5.784719773222336769e+00
7.134310000000000000e+09,1.070886494019802626e-01,-5.751441968263989679e+00
7.134373333333333015e+09,1.093532596993869177e-01,-5.773040694015835861e+00
7.134436666666666985e+09,-1.514560197705705491e-02,-5.921402891741532670e+00
7.134500000000000000e+09,1.791443702222688117e-01,-5.750976255591459640e+00
7.134563333333333015e+09,8.705561783589210734e-02,-5.866928344027089182e+00
7.134626666666666985e+09,2.932840425975857812e-02,-5.948518893652475548e+00
7.134690000000000000e+09,3.773263087891365331e-02,-5.963978003082573309e+00
7.134753333333333015e+09,5.799072247871706054e-02,-5.967583247532022739e+00
7.134816666666666985e+09,1.971571145852468732e-02,-6.029721594601467949e+00
7.134880000000000000e+09,1.453954998389228592e-02,-6.058761092125353187e+00
7.134943333333333015e+09,9.174861418055879625e-02,-6.005415363977939514e+00
7.135006666666666985e+09,2.211301992001057926e-02,-6.098914294288074522e+00
7.135070000000000000e+09,7.545929044936539043e-02,-6.069431359807638593e+00
7.135133333333333015e+09,7.389944088120525834e-02,-6.094854545425051562e+00
7.135196666666666985e+09,9.880760096441676410e-02,-6.093809721391426848e+00
7.135260000000000000e+09,3.581853860662675970e-02,-6.180662119798135734e+00
7.135323333333333015e+09,6.677414916574520021e-02,-6.173569845288270130e+00
7.135386666666666985e+09,7.463164989743553690e-02,-6.189575680606170138e+00
7.135450000000000000e+09,9.586847541998544386e-02,-6.192202191132535560e+00
7.135513333333333015e+09,1.403065364026589990e-01,-6.171627466199114842e+00
7.135576666666666985e+09,4.108231864469491512e-02,-6.294715020006669270e+00
7.135640000000000000e+09,1.369322784542141846e-01,-6.222728396246402838e+00
7.135703333333333015e+09,8.592012851561037223e-02,-6.297603882233921979e+00
7.135766666666666985e+09,7.243528286392297844e-02,-6.334952063935199718e+00
7.135830000000000000e+09,1.938751015150064205e-02,-6.411863172696874891e+00
7.135893333333333015e+09,6.130282067752013120e-03,-6.448983736829538849e+00
7.135956666666666985e+09,1.372921107306259714e-01,-6.341685244216255235e+00
7.136020000000000000e+09,1.731815966631433668e-02,-6.485522531329819707e+00
7.136083333333333015e+09,3.503525204768820345e-04,-6.526353674524576043e+00
7.136146666666666985e+09,5.291610752844277954e-02,-6.497651255566196937e+00
7.136210000000000000e+09,-4.640851232868570264e-02,-6.620839211472578256e+00
7.136273333333333015e+09,6.853431641617113712e-03,-6.591440603551194322e+00
7.136336666666666985e+09,1.519331213336485575e-01,-6.470224249908749670e+00
7.136400000000000000e+09,-6.975688847073335808e-03,-6.652996396138724400e+00
7.136463333333333015e+09,1.189280920701385469e-02,-6.657991234133890046e+00
7.136526666666666985e+09,1.940908665425151725e-01,-6.499656512847641565e+00
7.136590000000000000e+09,9.283555226289230689e-02,-6.624775163176517268e+00
7.136653333333333015e+09,2.618452276988936234e-02,-6.715289528718773049e+00
7.136716666666666985e+09,-4.664361715798648333e-03,-6.770001749253713896e+00
7.136780000000000000e+09,-5.602616942903537733e-03,-6.794803340530071623e+00
7.136843333333333015e+09,1.281096266621633006e-01,-6.684954432974257621e+00
7.136906666666666985e+09,4.185191650006281350e-02,-6.795075479185944900e+00
7.136970000000000000e+09,-5.221128859709445180e-02,-6.913002020332021047e+00
7.137033333333333015e+09,4.078530416974590622e-02,-6.843868763614433526e+00
7.137096666666666985e+09,-1.894463571131499435e-01,-7.097963760946916167e+00
7.137160000000000000e+09,4.979135483683272412e-02,-6.882589385045852381e+00
7.137223333333333015e+09,1.358766061567706629e-04,-6.956108199325781172e+00
7.137286666666666985e+09,9.130645897861278115e-02,-6.888800953002911953e+00
7.137350000000000000e+09,1.912177210120891147e-02,-6.984848975929234705e+00
7.137413333333333015e+09,1.248820921937010553e-03,-7.026585263157759442e+00
7.137476666666666985e+09,7.646414874667861739e-02,-6.975233271382604627e+00
7.137540000000000000e+09,1.824295404063835946e-02,-7.057317802137897722e+00
7.137603333333333015e+09,1.696926230220263676e-01,-6.929731469205428596e+00
7.137666666666666985e+09,-9.406872085410356021e-03,-7.132694300362452111e+00
7.137730000000000000e+09,1.379827511987183897e-01,-7.009168013127576202e+00
7.137793333333333015e+09,3.185274436960661149e-02,-7.139161356005606862e+00
7.137856666666666985e+09,3.315587881523907043e-02,-7.161721557609561195e+00
7.137920000000000000e+09,8.995335613482424719e-02,-7.128787416339228855e+00
7.137983333333333015e+09,3.837343984383423390e-02,-7.204230668679137750e+00
7.138046666666666985e+09,2.375296724812159255e-02,-7.242714477324440736e+00
7.138110000000000000e+09,2.334324121989972411e-03,-7.287996456499825193e+00
7.138173333333333015e+09,6.925275479958692415e-02,-7.244941361871143570e+00
7.138236666666666985e+09,8.795172698946540635e-02,-7.250105725730855433e+00
7.138300000000000000e+09,7.293763527986296680e-02,-7.288983153489710709e+00
7.138363333333333015e+09,8.181411476324917942e-02,-7.303970010055577333e+00
7.138426666666666985e+09,9.512269181207066993e-02,-7.314524769056008680e+00
7.138490000000000000e+09,9.047850714263550032e-02,-7.343032289774696686e+00
7.138553333333333015e+09,2.794306633540344365e-02,-7.429431066631181579e+00
7.138616666666666985e+09,3.393105501597304396e-02,-7.447306413999864816e+00
7.138680000000000000e+09,-5.249051591196263189e-03,-7.510349856656286960e+00
7.138743333333333015e+09,6.107088302727081697e-02,-7.467893258087072716e+00
7.138806666666666985e+09,1.577684178047764618e-01,-7.395059059359153864e+00
7.138870000000000000e+09,3.096964905638532883e-02,-7.545721164156463878e+00
7.138933333333333015e+09,-9.918874355862072889e-02,-7.699742892820722773e+00
7.138996666666666985e+09,6.469777095782358600e-02,-7.559719714353865250e+00
7.139060000000000000e+09,-3.258117399876692133e-02,-7.680861995359374639e+00
7.139123333333333015e+09,5.506631922738147722e-02,-7.617077838182479077e+00
7.139186666666666985e+09,4.012069261050399405e-02,-7.655886800848943352e+00
7.139250000000000000e+09,-1.251746868491920850e-02,-7.732388298193285436e+00
7.139313333333333015e+09,1.031077602184229391e-01,-7.640626405339196126e+00
7.139376666666666985e+09,6.343538541609472503e-02,-7.704162116191111132e+00
7.139440000000000000e+09,1.263878880994218079e-01,-7.665072949556702930e+00
7.139503333333333015e+09,5.507563658838598997e-02,-7.760248537116991585e+00
7.139566666666666985e+09,5.244837026525850376e-02,-7.786739139489705863e+00
7.139630000000000000e+09,1.587352485436479554e-01,-7.704315597260569248e+00
7.139693333333333015e+09,6.404368318695841111e-02,-7.822870498666177674e+00
7.139756666666666985e+09,4.400498626471893715e-02,-7.866772531638003940e+00
7.139820000000000000e+09,4.271318283576519548e-02,-7.891927671116210519e+00
7.139883333333333015e+09,-1.339935605383999473e-01,-8.092497750539294543e+00
7.139946666666666985e+09,4.270104783619910194e-02,-7.939666478214282286e+00
7.140010000000000000e+09,6.469611971015165608e-02,-7.941534742389582568e+00
7.140073333333333015e+09,1.806815810248423304e-01,-7.849412617123810776e+00
7.140136666666666985e+09,7.114382934411356274e-02,-7.982813704854126335e+00
7.140200000000000000e+09,4.902901734235420861e-02,-8.028791852905138526e+00
7.140263333333333015e+09,-1.143975826953465003e-01,-8.216081788992092072e+00
7.140326666666666985e+09,6.604962052076501777e-02,-8.059497921825233391e+00
7.140390000000000000e+09,1.584752045556214739e-02,-8.133563357939689098e+00
7.140453333333333015e+09,8.782635936792182463e-02,-8.085447855076582258e+00
7.140516666666666985e+09,-2.246535219892464852e-02,-8.219602902692681567e+00
7.140580000000000000e+09,8.159684399966415924e-02,-8.139404042543345597e+00
7.140643333333333015e+09,5.210416474596968328e-03,-8.239653806117665624e+00
7.140706666666666985e+09,-1.395748229352093972e-01,-8.408302381577062334e+00
7.140770000000000000e+09,-4.015899476080164732e-02,-8.332749889451573466e+00
7.140833333333333015e+09,-8.431648874527297721e-03,-8.324885879614551953e+00
7.140896666666666985e+09,6.286800687631810547e-02,-8.277449559913293342e+00
7.140960000000000000e+09,-5.273151198413472684e-02,-8.416912414822665056e+00
7.141023333333333015e+09,2.162834167687499587e-02,-8.366415897210908170e+00
7.141086666666666985e+09,1.132964100237856542e-01,-8.298611164913584304e+00
7.141150000000000000e+09,6.746057486475365295e-02,-8.368310336121535187e+00
7.141213333333333015e+09,1.759332124253631946e-02,-8.442040925793005357e+00
7.141276666666666985e+09,1.536310420525133225e-01,-8.329866541032615146e+00
7.141340000000000000e+09,9.968947182197140933e-02,-8.407671447312075941e+00
7.141403333333333015e+09,6.091101615517402479e-04,-8.530615145021748447e+00
7.141466666666666985e+09,-5.249011818839832699e-02,-8.607577709421285306e+00
7.141530000000000000e+09,1.494267230483483644e-01,-8.429524204233791451e+00
7.141593333333333015e+09,1.432521808869786639e-01,-8.459562082444080033e+00
7.141656666666666985e+09,6.541852851407625735e-02,-8.561259070866569232e+00
7.141720000000000000e+09,1.095588121121089387e-01,-8.540982123317789387e+00
7.141783333333333015e+09,1.019010460852847189e-01,-8.572503225393532489e+00
7.141846666666666985e+09,1.028799662496240330e-01,-8.595387641278779967e+00
7.141910000000000000e+09,3.947621134947709720e-02,-8.682654732228179739e+00
7.141973333333333015e+09,-4.361907542936549476e-02,-8.789613355055941213e+00
7.142036666666666985e+09,8.686583122825553005e-03,-8.761171032553336957e+00
7.142100000000000000e+09,-3.348387818666864746e-02,-8.827204829912083994e+00
7.142163333333333015e+09,1.284087660204527026e-01,-8.689175521754215481e+00
7.142226666666666985e+09,2.113046713788868658e-02,-8.820317156686032334e+00
7.142290000000000000e+09,-1.400389117691425156e-02,-8.879314851050088109e+00
7.142353333333333015e+09,1.095535848344653118e-01,-8.779620711087961382e+00
7.142416666666666985e+09,1.338672553224782291e-01,-8.779170376649201302e+00
7.142480000000000000e+09,6.083648184645440438e-02,-8.876064486174477963e+00
7.142543333333333015e+09,1.302065718081699686e-01,-8.830557732262015236e+00
7.142606666666666985e+09,1.672254764592828735e-01,-8.817402163660155168e+00
7.142670000000000000e+09,1.654844917488027534e-01,-8.843006484419888125e+00
7.142733333333333015e+09,1.343072185549036845e-01,-8.898047093663040030e+00
7.142796666666666985e+09,-6.829149687693814030e-02,-9.124509145144472200e+00
7.142860000000000000e+09,7.795558410423808482e-02,-9.002125400212211304e+00
7.142923333333333015e+09,1.358777322802708909e-01,-8.968066588085431334e+00
7.142986666666666985e+09,1.107800197431085820e-01,-9.017027636672183988e+00
7.143050000000000000e+09,2.290882972374852500e-02,-9.128762162740459374e+00
7.143113333333333015e+09,1.594110175082423808e-01,-9.016123311005218355e+00
7.143176666666666985e+09,-3.767510383395133999e-02,-9.237072768397002420e+00
7.143240000000000000e+09,-2.917404835310044575e-02,-9.252435048965066855e+00
7.143303333333333015e+09,6.043266408646985610e-02,-9.186691672574749390e+00
7.143366666666666985e+09,5.489620575220754972e-02,-9.216091466958602041e+00
7.143430000000000000e+09,2.809855066286814917e-02,-9.266752458097194278e+00
7.143493333333333015e+09,7.082450188413780268e-02,-9.247889842924843506e+00
7.143556666666666985e+09,-6.778343004030418228e-02,-9.410361110898872283e+00
7.143620000000000000e+09,8.772678337807526816e-02,-9.278714233529745670e+00
7.143683333333333015e+09,7.062789764069421494e-02,-9.319676455316045605e+00
7.143746666666666985e+09,1.129479598248934735e-01,-9.301219729181433138e+00
7.143810000000000000e+09,9.213729788057634096e-02,-9.345893727175003107e+00
7.143873333333333015e+09,2.908782322485592431e-02,-9.432806537879642406e+00
7.143936666666666985e+09,-1.542965564271625567e-02,-9.501187352796801378e+00
7.144000000000000000e+09,-1.143896695000989894e-02,-9.521060000153347858e+00
7.144063333333333015e+09,-1.944197868488473091e-02,-9.552926347937475526e+00
7.144126666666666985e+09,8.522464607485247257e-02,-9.472123059226991160e+00
7.144190000000000000e+09,4.048541213122369697e-02,-9.540725629219872772e+00
7.144253333333333015e+09,-5.915962716273881483e-02,-9.664234004563088121e+00
7.144316666666666985e+09,1.771030635106285445e-02,-9.611227407098539288e+00
7.144380000000000000e+09,-1.190979003463255026e-02,-9.664710839533487530e+00
7.144443333333333015e+09,5.159571040686117271e-02,-9.625068675141246644e+00
7.144506666666666985e+09,-6.139158509735764824e-02,-9.761919306694718301e+00
7.144570000000000000e+09,1.019390225685867790e-03,-9.723371667420927622e+00
7.144633333333333015e+09,9.466740917648586162e-02,-9.653586984519380465e+00
7.144696666666666985e+09,1.536182496827613875e-01,-9.618499480062691731e+00
7.144760000000000000e+09,-2.313494040816088670e-02,-9.819116006202532887e+00
7.144823333333333015e+09,3.300682858115777663e-02,-9.786837573262467060e+00
7.144886666666666985e+09,1.548168970355590091e-04,-9.843552920996176070e+00
7.144950000000000000e+09,6.525406018626611626e-02,-9.802317013755864394e+00
7.145013333333333015e+09,-8.687895217889263222e-04,-9.892303199513172274e+00
7.145076666666666985e+09,-8.464243577280683439e-02,-9.999940181813776974e+00
7.145140000000000000e+09,5.176641169793860797e-02,-9.887394670391950413e+00
7.145203333333333015e+09,9.263300717135436457e-02,-9.870391410967787493e+00
7.145266666666666985e+09,3.886456401753690670e-02,-9.948023190171191743e+00
7.145330000000000000e+09,2.907711090699116596e-02,-9.981673979330990321e+00
7.145393333333333015e+09,1.502095095233855204e-01,-9.884404916763514848e+00
7.145456666666666985e+09,2.084077516254243534e-01,-9.850070010711066359e+00
7.145520000000000000e+09,8.055073119624900357e-02,-1.000179036718949455e+01
7.145583333333333015e+09,-2.635337249718716635e-02,-1.013255780693184605e+01
7.145646666666666985e+09,1.262759424273447451e-01,-1.000379182805690448e+01
7.145710000000000000e+09,-4.491056345587729481e-02,-1.019884166998937935e+01
7.145773333333333015e+09,4.866134808818145530e-02,-1.012913309449423593e+01
7.145836666666666985e+09,2.464048423028586399e-02,-1.017701729440172187e+01
7.145900000000000000e+09,-4.535681667253044225e-03,-1.023005679634851361e+01
7.145963333333333015e+09,-9.044604930788402442e-02,-1.033983050003839743e+01
7.146026666666666985e+09,-1.581696403433667797e-01,-1.043141742712313302e+01
7.146090000000000000e+09,1.013252228690930679e-02,-1.028697860054210977e+01
7.146153333333333015e+09,8.729320650329697173e-02,-1.023368125237497495e+01
7.146216666666666985e+09,-6.108375554670431029e-02,-1.040592155047422906e+01
7.146280000000000000e+09,1.727825616355787020e-01,-1.019591856934119889e+01
7.146343333333333015e+09,-4.567737530683757541e-02,-1.043824184233286800e+01
7.146406666666666985e+09,1.228454797353073502e-02,-1.040414325510175253e+01
7.146470000000000000e+09,-3.696729104751383943e-03,-1.044398786822928749e+01
7.146533333333333015e+09,-5.121617353626994884e-02,-1.051537064871005889e+01
7.146596666666666985e+09,-7.131855601958214663e-02,-1.055933636724295788e+01
7.146660000000000000e+09,1.221731071634124532e-02,-1.049966383655595337e+01
7.146723333333333015e+09,-8.948108618554329041e-03,-1.054469259194010178e+01
7.146786666666666985e+09,1.630198090225931651e-02,-1.054330583846887492e+01
7.146850000000000000e+09,-7.741503140233696456e-02,-1.066088618682239009e+01
7.146913333333333015e+09,4.999843459685138214e-02,-1.055733605687245458e+01
7.146976666666666985e+09,-8.398717517690457157e-02,-1.071518500269579732e+01
7.147040000000000000e+09,3.085865789958930350e-02,-1.062420250566822233e+01
7.147103333333333015e+09,-3.713921335168102189e-02,-1.071606371296874549e+01
7.147166666666666985e+09,-1.270602870128509920e-01,-1.082984812267950225e+01
7.147230000000000000e+09,-6.011659782197220636e-02,-1.078676776953787630e+01
7.147293333333333015e+09,1.251137796650461098e-01,-1.062540072809977687e+01
7.147356666666666985e+09,-2.545820792015263123e-03,-1.077692366460642504e+01
7.147420000000000000e+09,9.357045474259884088e-02,-1.070467072512106377e+01
7.147483333333333015e+09,3.029366465021610111e-04,-1.082180157926607933e+01
7.147546666666666985e+09,-1.522473132871944301e-01,-1.099821516524936271e+01
7.147610000000000000e+09,-5.380581484512703128e-03,-1.087521176949593382e+01
7.147673333333333015e+09,-3.210807623253764120e-02,-1.092580260029287764e+01
7.147736666666666985e+09,7.525244445975687313e-02,-1.084230541565016992e+01
7.147800000000000000e+09,4.595758170951214083e-02,-1.089546361444966749e+01
7.147863333333333015e+09,-1.223004383708925502e-02,-1.097751457604552172e+01
7.147926666666666985e+09,-7.934834310600713536e-02,-1.106849621136369244e+01
7.147990000000000000e+09,-5.162821185137644875e-02,-1.106463941615831459e+01
7.148053333333333015e+09,-1.496309766073959935e-01,-1.118650551696358697e+01
7.148116666666666985e+09,-1.369941783921291290e-02,-1.107443729424466028e+01
7.148180000000000000e+09,-1.202496470306133602e-01,-1.120485085948531356e+01
7.148243333333333015e+09,-1.702927311253432663e-04,-1.110863484123507838e+01
7.148306666666666985e+09,-6.234841011578140524e-02,-1.119467629466898728e+01
7.148370000000000000e+09,-1.176111795388674608e-01,-1.127380240014132617e+01
7.148433333333333015e+09,2.194515751755155009e-02,-1.115810939913416000e+01
7.148496666666666985e+09,-6.754508425010463668e-02,-1.127146297695140298e+01
7.148560000000000000e+09,-8.604226167923556545e-02,-1.131382349042945279e+01
7.148623333333333015e+09,-1.333952494037831116e-01,-1.138503981420325317e+01
7.148686666666666985e+09,-6.684709374003006133e-03,-1.128219261022305986e+01
7.148750000000000000e+09,-1.250482927112983589e-02,-1.131187606616910557e+01
7.148813333333333015e+09,-1.462775705767782597e-01,-1.146951214352400683e+01
7.148876666666666985e+09,3.747295984186091999e-01,-1.097236831057820616e+01
7.148940000000000000e+09,3.428960757311578789e-01,-1.102806516931457637e+01
7.149003333333333015e+09,2.307196752252043126e-01,-1.116410490586978277e+01
7.149066666666666985e+09,2.836977531206343883e-01,-1.113499016402393949e+01
7.149130000000000000e+09,1.510551547885938817e-01,-1.129149609840523283e+01
7.149193333333333015e+09,2.128254430962481791e-01,-1.125358914614649741e+01
7.149256666666666985e+09,2.163867732510720288e-01,-1.127389115204126036e+01
7.149320000000000000e+09,1.859149430170976558e-01,-1.132822631832448756e+01
7.149383333333333015e+09,1.612362370871665007e-01,-1.137676836030333760e+01
7.149446666666666985e+09,1.212968970347461095e-01,-1.144057103640534478e+01
7.149510000000000000e+09,1.477647035986073831e-02,-1.157095479912948299e+01
7.149573333333333015e+09,7.234459533911419271e-02,-1.153725001019914842e+01
7.149636666666666985e+09,8.183638802067783047e-02,-1.155162155356717157e+01
7.149700000000000000e+09,8.400185238932422749e-02,-1.157331942524777801e+01
7.149763333333333015e+09,1.664625752197643749e-01,-1.151472203846625675e+01
7.149826666666666985e+09,7.327185181787498891e-02,-1.163177609791773293e+01
7.149890000000000000e+09,3.322989210736437826e-02,-1.169568139367749637e+01
7.149953333333333015e+09,-9.709375584645130175e-03,-1.176248399741875872e+01
7.150016666666666985e+09,1.392684401436063979e-01,-1.163736951773976003e+01
7.150080000000000000e+09,1.219497515614325067e-01,-1.167855154237118676e+01
7.150143333333333015e+09,1.354899333097705494e-01,-1.168887469667210155e+01
7.150206666666666985e+09,-7.286336501799439702e-03,-1.185551430253292438e+01
7.150270000000000000e+09,1.407512217492055129e-01,-1.173134008033117226e+01
7.150333333333333015e+09,3.029235126221863084e-02,-1.186566228686741198e+01
7.150396666666666985e+09,8.872094120899731706e-03,-1.191094588005832122e+01
7.150460000000000000e+09,8.136459777987603559e-02,-1.186231671244826025e+01
7.150523333333333015e+09,4.972286660315816675e-02,-1.191782177967423095e+01
7.150586666666666985e+09,1.851089893342532378e-01,-1.180629899299272623e+01
7.150650000000000000e+09,-9.746559290167766676e-03,-1.202501787766606256e+01
7.150713333333333015e+09,7.805811585970090505e-02,-1.196107653856544673e+01
7.150776666666666985e+09,3.226124980747613336e-02,-1.203073674066726184e+01
7.150840000000000000e+09,4.937206175377184536e-03,-1.208192412034827967e+01
7.150903333333333015e+09,3.460012931737388442e-02,-1.207612453325553581e+01
7.150966666666666985e+09,1.062994133024375287e-01,-1.202828858532005896e+01
7.151030000000000000e+09,-9.129510138416563336e-03,-1.216758084481016589e+01
7.151093333333333015e+09,-1.186890694518485390e-01,-1.230100374017251674e+01
7.151156666666666985e+09,-3.076699477322364373e-02,-1.223694500154347864e+01
7.151220000000000000e+09,5.765417615180723487e-02,-1.217238716666770060e+01
7.151283333333333015e+09,5.627729106419110394e-02,-1.219762738780423561e+01
7.151346666666666985e+09,1.701517921896940067e-01,-1.210761622272831950e+01
7.151410000000000000e+09,2.501450765662482922e-02,-1.227661684331064151e+01
7.151473333333333015e+09,8.647354543760066292e-02,-1.223902114157858456e+01
7.151536666666666985e+09,-7.075433111580409218e-02,-1.242011235418157611e+01
7.151600000000000000e+09,8.803889244370921574e-03,-1.236441746987065393e+01
7.151663333333333015e+09,1.492786556054497282e-01,-1.224780603955849401e+01
7.151726666666666985e+09,1.165075310411030074e-01,-1.230444050017242752e+01
7.151790000000000000e+09,-8.917048914600655962e-03,-1.245372841617738402e+01
7.151853333333333015e+09,8.072190713494542535e-02,-1.238795279617709078e+01
7.151916666666666985e+09,6.746103129696834344e-02,-1.242507700806432069e+01
7.151980000000000000e+09,-1.458021556819808495e-01,-1.266220353109252272e+01
7.152043333333333015e+09,8.401244746030833710e-02,-1.245625226399948637e+01
7.152106666666666985e+09,8.989734035441898641e-03,-1.255513831347360565e+01
7.152170000000000000e+09,-6.396832405554064849e-02,-1.265195970761384103e+01
7.152233333333333015e+09,-2.278368765025184928e-02,-1.263463840725780507e+01
7.152296666666666985e+09,1.930938619612803109e-01,-1.244262419369585970e+01
7.152360000000000000e+09,5.924565311199536666e-02,-1.260033573859406353e+01
7.152423333333333015e+09,-5.600204319432577904e-02,-1.273944677094963751e+01
7.152486666666666985e+09,5.062117521352860194e-02,-1.265668688859136992e+01
7.152550000000000000e+09,3.605598596983838888e-03,-1.272756580125683357e+01
7.152613333333333015e+09,2.065873987640465259e-02,-1.273437599602666559e+01
7.152676666666666985e+09,4.814381683011070834e-02,-1.273075425512254633e+01
7.152740000000000000e+09,2.567291958999717849e-02,-1.277708848841157874e+01
7.152803333333333015e+09,1.246579196256369926e-01,-1.270196682442519176e+01
7.152866666666666985e+09,1.627999279964775781e-02,-1.283420808730077134e+01
7.152930000000000000e+09,-1.857818750776729644e-03,-1.287620923490011116e+01
7.152993333333333015e+09,1.111252697343960705e-01,-1.278708948246419119e+01
7.153056666666666985e+09,1.557542617324969569e-01,-1.276632382651568065e+01
7.153120000000000000e+09,-1.082060524665529044e-02,-1.295676202954408573e+01
7.153183333333333015e+09,5.774148021332869973e-02,-1.291206328013301707e+01
7.153246666666666985e+09,-1.034080957978655846e-01,-1.309707619219380170e+01
7.153310000000000000e+09,5.635124912678790565e-02,-1.296118018331840105e+01
7.153373333333333015e+09,7.669959843875417960e-02,-1.296469517005535010e+01
7.153436666666666985e+09,1.214275185594804185e-01,-1.294383058598421421e+01
7.153500000000000000e+09,-1.440601883002834427e-02,-1.310352745942297581e+01
7.153563333333333015e+09,1.531997159900875261e-01,-1.295978506065177882e+01
7.153626666666666985e+09,4.883694893393908387e-03,-1.313196441779805923e+01
7.153690000000000000e+09,-2.467102121073239118e-02,-1.318538246995143837e+01
7.153753333333333015e+09,9.694833389823287462e-02,-1.308762645089172594e+01
7.153816666666666985e+09,1.911045264236044261e-02,-1.318932766819685121e+01
7.153880000000000000e+09,8.101524451673824956e-02,-1.315128621237172624e+01
7.153943333333333015e+09,-3.920006673145692844e-02,-1.329536485966917425e+01
7.154006666666666985e+09,-1.245434747345512960e-01,-1.340457160372152146e+01
7.154070000000000000e+09,6.797844517417672705e-02,-1.323591301986204627e+01
7.154133333333333015e+09,1.200108781272355429e-01,-1.320774392295824029e+01
7.154196666666666985e+09,9.340495488845945715e-02,-1.325821318224660317e+01
7.154260000000000000e+09,-6.682939701251555675e-03,-1.338216441288523306e+01
7.154323333333333015e+09,2.192772699675771264e-02,-1.337741708223647663e+01
7.154386666666666985e+09,8.841220110046066338e-03,-1.341436692517277507e+01
7.154450000000000000e+09,1.429868523786446133e-01,-1.330408462895309540e+01
7.154513333333333015e+09,3.383841224657402336e-02,-1.343709640513441883e+01
7.154576666666666985e+09,-1.078651156072574224e-02,-1.350558466499130539e+01
7.154640000000000000e+09,-4.189942764165621725e-03,-1.352285143224366415e+01
7.154703333333333015e+09,1.419568285479950731e-01,-1.340056799698075629e+01
7.154766666666666985e+09,1.280898823420528743e-02,-1.355357917334413287e+01
7.154830000000000000e+09,1.967203116278426478e-02,-1.357057946646447277e+01
7.154893333333333015e+09,1.999459163295966846e-01,-1.341416891734691319e+01
7.154956666666666985e+09,5.143150092139947560e-03,-1.363283501963395672e+01
7.155020000000000000e+09,3.205238565816159735e-02,-1.362978912011718791e+01
7.155083333333333015e+09,-2.496025420181524623e-02,-1.371066509602608363e+01
7.155146666666666985e+09,5.901801554584551468e-02,-1.365055016232800966e+01
7.155210000000000000e+09,2.959207282935238936e-02,-1.370383944109375562e+01
7.155273333333333015e+09,-2.232280227719840582e-02,-1.377961765224922530e+01
7.155336666666666985e+09,1.272282415659020671e-03,-1.377988590360595467e+01
7.155400000000000000e+09,1.241849045455385436e-01,-1.368083661752532798e+01
7.155463333333333015e+09,-1.345254110622100541e-01,-1.396341026918199546e+01
7.155526666666666985e+09,4.540324823445018865e-03,-1.384820786934592718e+01
7.155590000000000000e+09,2.743320806717797211e-02,-1.384917832215145062e+01
7.155653333333333015e+09,4.502484935244943642e-02,-1.385545001691543199e+01
7.155716666666666985e+09,5.505508985491580631e-02,-1.386928311246221845e+01
7.155780000000000000e+09,2.316076133377009683e-02,-1.392504077703261700e+01
7.155843333333333015e+09,5.220954443751324447e-02,-1.391985532997812669e+01
7.155906666666666985e+09,-3.556842698247741907e-02,-1.403149663744737019e+01
7.155970000000000000e+09,1.719881244526302311e-01,-1.384780342206151538e+01
7.156033333333333015e+09,-5.153989900850675099e-02,-1.409519478157190520e+01
7.156096666666666985e+09,4.355415080031832531e-02,-1.402396406781233296e+01
7.156160000000000000e+09,-1.256955639656052170e-01,-1.421707711862750934e+01
7.156223333333333015e+09,-5.063216445321927495e-02,-1.416587705516437623e+01
7.156286666666666985e+09,-6.152799433023936615e-02,-1.420063622109098311e+01
7.156350000000000000e+09,-5.330458935723925151e-02,-1.421627615216690188e+01
7.156413333333333015e+09,1.722725326837348803e-02,-1.416960764559054198e+01
7.156476666666666985e+09,1.794744691562240035e-01,-1.403122376575227825e+01
7.156540000000000000e+09,-4.356377764499086425e-02,-1.427812534860241200e+01
7.156603333333333015e+09,2.238714028552024615e-02,-1.423603776672115373e+01
7.156666666666666985e+09,5.550805504323541584e-02,-1.422678018801302535e+01
7.156730000000000000e+09,1.397147114533048295e-02,-1.429218010795984917e+01
7.156793333333333015e+09,-1.375177048762044052e-01,-1.446753262003063689e+01
7.156856666666666985e+09,4.546341338666337606e-02,-1.430841483781735590e+01
7.156920000000000000e+09,8.357362340802865219e-02,-1.429416796384524346e+01
7.156983333333333015e+09,6.246461163000560646e-02,-1.433914031167218539e+01
7.157046666666666985e+09,-2.687044272622785002e-03,-1.442815530362440057e+01
7.157110000000000000e+09,7.032246131070252204e-02,-1.437900913409032810e+01
7.157173333333333015e+09,-1.026195558206683955e-01,-1.457581448727061790e+01
7.157236666666666985e+09,-1.093737907005731813e-03,-1.449815200540654203e+01
7.157300000000000000e+09,4.956591941603072371e-02,-1.447135568413275841e+01
7.157363333333333015e+09,1.197605627429716435e-01,-1.442502437685473637e+01
7.157426666666666985e+09,3.200728379293238390e-02,-1.453664099185436243e+01
7.157490000000000000e+09,5.694493101850284233e-02,-1.453556668067804480e+01
7.157553333333333015e+09,4.895849603008350925e-02,-1.456741645171571697e+01
7.157616666666666985e+09,8.566266306535830211e-02,-1.455457562072969502e+01
7.157680000000000000e+09,-9.539763189075856076e-02,-1.475949925173506472e+01
7.157743333333333015e+09,1.563781710039080508e-02,-1.467232713879316819e+01
7.157806666666666985e+09,6.034668033956691602e-02,-1.465148161160324491e+01
7.157870000000000000e+09,5.401179251174781371e-02,-1.468167983548031685e+01
7.157933333333333015e+09,-2.343532520575486444e-02,-1.478299028924707237e+01
7.157996666666666985e+09,-8.878147073732733929e-02,-1.487219977082789768e+01
7.158060000000000000e+09,1.866100269768011799e-02,-1.478862063344214306e+01
7.158123333333333015e+09,2.109813129314908053e-02,-1.481004684089592693e+01
7.158186666666666985e+09,-2.475330828900723645e-03,-1.485748363906756708e+01
7.158250000000000000e+09,1.441377670353141127e-01,-1.473473387725227113e+01
7.158313333333333015e+09,-5.305420537330007846e-02,-1.495578918571013816e+01
7.158376666666666985e+09,9.604100440265028737e-02,-1.483055731198377458e+01
7.158440000000000000e+09,-1.599841145155256328e-01,-1.511044576695086938e+01
7.158503333333333015e+09,6.478610444015053815e-02,-1.490953888404444605e+01
7.158566666666666985e+09,-7.990196340744404324e-02,-1.507809028794162742e+01
7.158630000000000000e+09,6.491423393901740724e-03,-1.501556023718920052e+01
7.158693333333333015e+09,3.352323328012829506e-03,-1.504256267330434227e+01
7.158756666666666985e+09,-1.035462422254891379e-01,-1.517332457490743103e+01
7.158820000000000000e+09,-1.269506767607815334e-01,-1.522059234549197626e+01
7.158883333333333015e+09,2.730138396122683275e-02,-1.509020362081888678e+01
7.158946666666666985e+09,3.099862776643469431e-02,-1.511036971306326571e+01
7.159010000000000000e+09,2.294988468425707140e-02,-1.514228179219469617e+01
7.159073333333333015e+09,6.070498919991074160e-02,-1.512839002372796138e+01
7.159136666666666985e+09,-8.017828546254435196e-03,-1.522097617752371335e+01
7.159200000000000000e+09,7.372270771330136085e-02,-1.516309897731341039e+01
7.159263333333333015e+09,-2.690165979733016854e-02,-1.528758668087296080e+01
7.159326666666666985e+09,9.996273271839406505e-02,-1.518458562440682336e+01
7.159390000000000000e+09,9.356270909946040604e-02,-1.521484898407500985e+01
7.159453333333333015e+09,7.032904301794928870e-03,-1.532524212492192817e+01
7.159516666666666985e+09,6.443103906212144238e-02,-1.529170732621085449e+01
7.159580000000000000e+09,-4.749688950278496691e-02,-1.542749859082501374e+01
7.159643333333333015e+09,3.554753170192270773e-03,-1.540031028420128933e+01
7.159706666666666985e+09,-9.131010811997519738e-02,-1.551903848154070964e+01
7.159770000000000000e+09,-5.259908732710094625e-02,-1.550419079679708823e+01
7.159833333333333015e+09,-1.405329021284984492e-03,-1.547686037454052510e+01
7.159896666666666985e+09,1.800156779280825958e-02,-1.548131681377568469e+01
7.159960000000000000e+09,-9.915133546647858509e-02,-1.562233305308422437e+01
7.160023333333333015e+09,8.495055329340139849e-02,-1.546209450037359723e+01
7.160086666666666985e+09,6.824662554633320610e-02,-1.550266176417025221e+01
7.160150000000000000e+09,1.224739412401589789e-01,-1.547229778452534532e+01
7.160213333333333015e+09,2.996957186977411425e-02,-1.558866548994498302e+01
7.160276666666666985e+09,6.500660197788832306e-02,-1.557749179588645916e+01
7.160340000000000000e+09,5.583941741582520990e-02,-1.561052231649743760e+01
7.160403333333333015e+09,-5.849430885934481239e-03,-1.569607450084845013e+01
7.160466666666666985e+09,3.298638278825904990e-02,-1.568110202322384694e+01
7.160530000000000000e+09,3.149769309480809909e-02,-1.570645404896621322e+01
7.160593333333333015e+09,5.997867147667790277e-02,-1.570183640663359625e+01
7.160656666666666985e+09,-7.012051657775941749e-02,-1.585579893073762392e+01
7.160720000000000000e+09,-9.568153135819379429e-02,-1.590522328156731113e+01
7.160783333333333015e+09,-6.818223463251271710e-02,-1.590158732089054539e+01
7.160846666666666985e+09,-3.191725833877256946e-02,-1.588918568064639558e+01
7.160910000000000000e+09,1.269951738011876330e-02,-1.586843224097675709e+01
7.160973333333333015e+09,-2.475452639128405963e-02,-1.592974962079707879e+01
7.161036666666666985e+09,1.768054534796448252e-04,-1.592868162500190188e+01
7.161100000000000000e+09,-1.056646346149570093e-02,-1.596328822996613006e+01
7.161163333333333015e+09,-1.498541194307314584e-01,-1.612643922198428470e+01
7.161226666666666985e+09,3.577807432921709108e-02,-1.596467036427392294e+01
7.161290000000000000e+09,1.006236008479106658e-01,-1.592368817380448220e+01
7.161353333333333015e+09,-4.110857652353772096e-02,-1.608928368722484947e+01
7.161416666666666985e+09,-3.894030049837482466e-02,-1.611097874724927337e+01
7.161480000000000000e+09,-6.758168367955263989e-02,-1.616348346647970402e+01
7.161543333333333015e+09,-4.355301613487938539e-02,-1.616331813498428360e+01
7.161606666666666985e+09,-9.592930316154379966e-02,-1.623955775806020085e+01
7.161670000000000000e+09,5.530278694553203422e-02,-1.611218900400237786e+01
7.161733333333333015e+09,-1.333717529869460350e-02,-1.620469230229585733e+01
7.161796666666666985e+09,2.004564245130424638e-02,-1.619517282059511132e+01
7.161860000000000000e+09,-2.734826510626220397e-02,-1.626643006420193061e+01
7.161923333333333015e+09,1.120484455032766391e-02,-1.625174029059459357e+01
7.161986666666666985e+09,-1.378678334939920092e-02,-1.630059525454390723e+01
7.162050000000000000e+09,4.216841184679864796e-02,-1.626850339539662826e+01
7.162113333333333015e+09,-5.883918359949547039e-02,-1.639337432689217522e+01
7.162176666666666985e+09,-4.170656510000725348e-02,-1.640010504444227379e+01
7.162240000000000000e+09,7.123568238975508393e-02,-1.631102613300143034e+01
7.162303333333333015e+09,-6.907001826436953706e-02,-1.647519516970480780e+01
7.162366666666666985e+09,-3.156495087112531905e-02,-1.646155343836115037e+01
7.162430000000000000e+09,-5.867682974777466143e-03,-1.645971950651372140e+01
7.162493333333333015e+09,8.029220150018190338e-02,-1.639742295808801487e+01
7.162556666666666985e+09,-6.008061529411889978e-02,-1.656165911093190246e+01
7.162620000000000000e+09,-9.874447478401293665e-02,-1.662418630647104933e+01
7.162683333333333015e+09,2.062451975116985636e-02,-1.652868064798478542e+01
7.162746666666666985e+09,1.365234345184482834e-01,-1.643664506926709379e+01
7.162810000000000000e+09,5.391348087921343790e-02,-1.654311835895558147e+01
7.162873333333333015e+09,-5.812041310557347629e-02,-1.667901558898928727e+01
7.162936666666666985e+09,8.025570729144959614e-02,-1.656450280464185099e+01
7.163000000000000000e+09,-2.368145991514580828e-03,-1.667098999397407155e+01
7.163063333333333015e+09,-6.115233510464079814e-02,-1.675363751913611310e+01
7.163126666666666985e+09,-1.185368172547178744e-01,-1.683488533733578052e+01
7.163190000000000000e+09,-3.152615298053618176e-02,-1.677173800911085166e+01
7.163253333333333015e+09,-1.263488288764591516e-02,-1.677671007506687673e+01
7.163316666666666985e+09,8.473846964534459403e-03,-1.677946468126428670e+01
7.163380000000000000e+09,-6.800319703761914525e-02,-1.687980506131569314e+01
7.163443333333333015e+09,3.835717112712089261e-02,-1.679730802920020594e+01
7.163506666666666985e+09,-1.971795316138624798e-02,-1.687924648953796591e+01
7.163570000000000000e+09,-1.032465862726397177e-01,-1.698663845869847222e+01
7.163633333333333015e+09,-1.001700948117765222e-01,-1.700742530328686186e+01
7.163696666666666985e+09,6.001328045194043170e-02,-1.687110526407239774e+01
7.163760000000000000e+09,-3.899099256479132691e-04,-1.695537179049923893e+01
7.163823333333333015e+09,8.950214797768296648e-02,-1.688934306864516088e+01
7.163886666666666985e+09,2.320814445628371914e-02,-1.697950040821614692e+01
7.163950000000000000e+09,-1.784645747440904984e-02,-1.704441834619575857e+01
7.164013333333333015e+09,8.803791769740954010e-02,-1.696239730707319282e+01
7.164076666666666985e+09,-1.204760197539265221e-01,-1.719477458057411567e+01
7.164140000000000000e+09,2.420181680507127453e-02,-1.707396008006403676e+01
7.164203333333333015e+09,1.283758268316255169e-01,-1.699364940608673535e+01
7.164266666666666985e+09,2.971929984789767332e-02,-1.711616926912004999e+01
7.164330000000000000e+09,-7.187971775169899047e-02,-1.724163162276856553e+01
7.164393333333333015e+09,2.305886718365002253e-02,-1.717055637388246936e+01
7.164456666666666985e+09,-2.462705753580607393e-02,-1.724210563465151225e+01
7.164520000000000000e+09,-1.057355363813883287e-02,-1.725191546680309784e+01
7.164583333333333015e+09,1.239767496672037339e-01,-1.714122849954667416e+01
7.164646666666666985e+09,9.025663660800731236e-02,-1.719881194865545737e+01
7.164710000000000000e+09,-5.144534528824351582e-02,-1.736437726660096104e+01
7.164773333333333015e+09,6.436610760707139889e-02,-1.727242914975456500e+01
7.164836666666666985e+09,-1.522359958851637884e-02,-1.737588219299973957e+01
7.164900000000000000e+09,5.532450870643756957e-02,-1.732919742075403846e+01
7.164963333333333015e+09,1.819108290291566732e-01,-1.722647443648023824e+01
7.165026666666666985e+09,-1.901745984934777312e-02,-1.745126606140832948e+01
7.165090000000000000e+09,-1.481836944387602273e-01,-1.760429563204699477e+01
7.165153333333333015e+09,6.048146423590594623e-02,-1.741949380942124748e+01
7.165216666666666985e+09,5.550839295968401643e-02,-1.744833021674705620e+01
7.165280000000000000e+09,-1.463455252349277202e-02,-1.754233649827948582e+01
7.165343333333333015e+09,2.019649392175182356e-02,-1.753136878788349406e+01
7.165406666666666985e+09,-2.958866634632784098e-02,-1.760501728420082657e+01
7.165470000000000000e+09,-5.806266769545231909e-02,-1.765735462159920388e+01
7.165533333333333015e+09,-3.776486393942235509e-02,-1.766092015389242675e+01
7.165596666666666985e+09,3.597287294116213729e-02,-1.761104575306109510e+01
7.165660000000000000e+09,-3.048396733923652846e-03,-1.767393035878543373e+01
7.165723333333333015e+09,2.218302270930152531e-01,-1.747291507100775121e+01
7.165786666666666985e+09,1.365254203875565508e-03,-1.771724337994647769e+01
7.165850000000000000e+09,8.893618926535395985e-03,-1.773357835127273674e+01
7.165913333333333015e+09,-1.495375510114875794e-01,-1.791587285726001255e+01
7.165976666666666985e+09,-1.227320795179309698e-02,-1.780247185024990486e+01
7.166040000000000000e+09,2.610345677546987986e-02,-1.778795852157156077e+01
7.166103333333333015e+09,-2.255589086390585862e-02,-1.786048120526018934e+01
7.166166666666666985e+09,4.000317944642262091e-02,-1.782178547099944765e+01
7.166230000000000000e+09,4.391184797013636398e-02,-1.784174013852465279e+01
7.166293333333333015e+09,-7.129772367066422589e-02,-1.798081304621470622e+01
7.166356666666666985e+09,-1.709740035107643052e-02,-1.795047605894470522e+01
7.166420000000000000e+09,9.503010867253891547e-02,-1.786221188597000875e+01
7.166483333333333015e+09,2.969984762611233009e-03,-1.797813534592918927e+01
7.166546666666666985e+09,9.597018839711779492e-02,-1.790899847834426950e+01
7.166610000000000000e+09,1.821553586932758151e-01,-1.784667664409736432e+01
7.166673333333333015e+09,3.912894623084284262e-02,-1.801356639260871617e+01
7.166736666666666985e+09,7.554956158307746250e-02,-1.800100911330606834e+01
7.166800000000000000e+09,5.831281251369091478e-02,-1.804210919842470773e+01
7.166863333333333015e+09,1.429705811293757733e-03,-1.812285564117602377e+01
7.166926666666666985e+09,1.153507126907733493e-01,-1.803279797034613097e+01
7.166990000000000000e+09,-1.321160127179510368e-02,-1.818522362035795226e+01
7.167053333333333015e+09,-7.875774141903590930e-02,-1.827463309655411194e+01
7.167116666666666985e+09,2.230192457020052643e-04,-1.821951567193896082e+01
7.167180000000000000e+09,-1.069405136333045903e-02,-1.825429607859724612e+01
7.167243333333333015e+09,2.944772220683589126e-02,-1.823801764107633261e+01
7.167306666666666985e+09,-3.359713330179658897e-02,-1.832492583263421793e+01
7.167370000000000000e+09,-2.496471291970081552e-02,-1.834015674830137499e+01
7.167433333333333015e+09,-6.802104847347578698e-02,-1.840707641990440280e+01
7.167496666666666985e+09,-5.368478668621179395e-02,-1.841660349416639164e+01
7.167560000000000000e+09,-9.172895136376979508e-03,-1.839595493866580966e+01
7.167623333333333015e+09,2.068344337180860748e-02,-1.838996193620687691e+01
7.167686666666666985e+09,6.719485666486946229e-03,-1.842778922996178537e+01
7.167750000000000000e+09,-9.312740272447683765e-02,-1.855149945440166803e+01
7.167813333333333015e+09,2.204239252547424144e-02,-1.846019299520096979e+01
7.167876666666666985e+09,-6.631324437161367769e-02,-1.857241196814764805e+01
7.167940000000000000e+09,1.545457074005440745e-03,-1.852841660275094426e+01
7.168003333333333015e+09,2.043916523442348421e-01,-1.834943374352996770e+01
7.168066666666666985e+09,5.494667176736811598e-02,-1.852274206015642477e+01
7.168130000000000000e+09,-5.856749698299879014e-02,-1.866011956495570701e+01
7.168193333333333015e+09,-1.727363445352061433e-01,-1.879815174855716720e+01
7.168256666666666985e+09,-7.294012008478745202e-02,-1.872221886015633885e+01
7.168320000000000000e+09,1.422645575462411216e-02,-1.865891562036584261e+01
7.168383333333333015e+09,-2.097596139152813066e-02,-1.871798137356125125e+01
7.168446666666666985e+09,9.751350389947432973e-02,-1.862335524431983558e+01
7.168510000000000000e+09,-5.350373394832175222e-02,-1.879823581821688450e+01
7.168573333333333015e+09,-2.215518498116253454e-02,-1.879075060529864416e+01
7.168636666666666985e+09,-8.606289512290032917e-03,-1.880106504587935845e+01
7.168700000000000000e+09,-1.045733218468569703e-02,-1.882677942460100695e+01
7.168763333333333015e+09,1.167167058664730916e-02,-1.882851375787859283e+01
7.168826666666666985e+09,5.208467113412496019e-02,-1.881196409338070197e+01
7.168890000000000000e+09,-4.849683981150221257e-02,-1.893640894037558198e+01
7.168953333333333015e+09,5.512156107832311136e-02,-1.885665387553467554e+01
7.169016666666666985e+09,4.907853615630841659e-02,-1.888656023650627702e+01
7.169080000000000000e+09,-7.419592370573013795e-02,-1.903369803241756841e+01
7.169143333333333015e+09,-6.980273513858392676e-02,-1.905316817989967504e+01
7.169206666666666985e+09,5.027237334031653404e-02,-1.895695640747002741e+01
7.169270000000000000e+09,-1.139119247444568828e-01,-1.914500404160405367e+01
7.169333333333333015e+09,5.230200609798885125e-02,-1.900265344681086077e+01
7.169396666666666985e+09,4.727655440152744859e-02,-1.903154223455657501e+01
7.169460000000000000e+09,-7.108446736609153049e-02,-1.917376659237344683e+01
7.169523333333333015e+09,1.266587218066668186e-01,-1.899988673924994131e+01
7.169586666666666985e+09,-9.173439096410973548e-02,-1.924214318806997071e+01
7.169650000000000000e+09,-1.080865781080504462e-01,-1.928235871126316425e+01
7.169713333333333015e+09,1.056717175850963031e-01,-1.909246375161927034e+01
7.169776666666666985e+09,-9.878437205004075850e-02,-1.932078317730399419e+01
7.169840000000000000e+09,-9.972883465947646187e-02,-1.934559097596234878e+01
7.169903333333333015e+09,-2.835131328982498644e-03,-1.927256060868110765e+01
7.169966666666666985e+09,4.691269274124820754e-02,-1.924667612066046374e+01
7.170030000000000000e+09,-9.283247911654868290e-02,-1.941028462856717951e+01
7.170093333333333015e+09,-2.244652162992721856e-02,-1.936376200712981088e+01
7.170156666666666985e+09,-5.516950502244810650e-02,-1.942034832657191856e+01
7.170220000000000000e+09,-1.204033932396342266e-01,-1.950944555083802356e+01
7.170283333333333015e+09,1.527521875766524317e-02,-1.939763027488997693e+01
7.170346666666666985e+09,4.672873732258864266e-02,-1.939004009237464032e+01
7.170410000000000000e+09,-8.642142015946774336e-02,-1.954705358590595310e+01
7.170473333333333015e+09,2.322663023299753604e-02,-1.946126887156240315e+01
7.170536666666666985e+09,4.132417680785849257e-02,-1.946703466103713254e+01
7.170600000000000000e+09,-7.429486302577004153e-02,-1.960651703692001391e+01
7.170663333333333015e+09,-9.464546563491893494e-02,-1.965073097557807813e+01
7.170726666666666985e+09,-4.749075788099688111e-02,-1.962743960387374642e+01
7.170790000000000000e+09,-1.134433963881704699e-01,-1.971725557843017285e+01
7.170853333333333015e+09,3.087886673365503043e-02,-1.959679665135726268e+01
7.170916666666666985e+09,-3.921280541936766895e-02,-1.969075165955987572e+01
7.170980000000000000e+09,3.774500156241344939e-02,-1.963765718862734744e+01
7.171043333333333015e+09,4.687944028396984208e-02,-1.965238608595504388e+01
7.171106666666666985e+09,4.184884860124782335e-02,-1.968128001368701874e+01
7.171170000000000000e+09,8.996814055091917339e-02,-1.965702405778660022e+01
7.171233333333333015e+09,2.171112991132773118e-02,-1.974914440447544450e+01
7.171296666666666985e+09,3.046172128805935131e-02,-1.976425714914796572e+01
7.171360000000000000e+09,1.415980132562602023e-01,-1.967698419322901771e+01
7.171423333333333015e+09,-6.411794588569108555e-02,-1.990656348842022183e+01
7.171486666666666985e+09,1.026381454268232574e-02,-1.985604506404110126e+01
7.171550000000000000e+09,6.644402612209887593e-03,-1.988352781202082653e+01
7.171613333333333015e+09,5.192784098619540600e-02,-1.986210770969609385e+01
7.171676666666666985e+09,-6.093263492715550456e-03,-1.994399215022459160e+01
7.171740000000000000e+09,-8.152599571332075357e-03,-1.996991482235212700e+01
7.171803333333333015e+09,-1.508302281100171172e-02,-2.000070858164104948e+01
7.171866666666666985e+09,-6.641094839812566875e-02,-2.007589984327776023e+01
7.171930000000000000e+09,2.900800246536050508e-03,-2.003045143068201739e+01
7.171993333333333015e+09,4.740338082403638964e-02,-2.000981218615376989e+01
7.172056666666666985e+09,4.804631542103976471e-03,-2.007627427148528909e+01
7.172120000000000000e+09,-5.242299676529071917e-02,-2.015736523584160267e+01
7.172183333333333015e+09,4.903994384188692379e-02,-2.007976563128367786e+01
7.172246666666666985e+09,-1.077012092225189122e-01,-2.026037012039767049e+01
7.172310000000000000e+09,-6.085137549248642586e-02,-2.023738362271689084e+01
7.172373333333333015e+09,6.022223304284324286e-02,-2.014017335023048005e+01
7.172436666666666985e+09,1.850563198781074448e-02,-2.020575328733509934e+01
7.172500000000000000e+09,7.731562351474252637e-02,-2.017080663185742040e+01
7.172563333333333015e+09,-3.435448463445567313e-02,-2.030634007605553748e+01
7.172626666666666985e+09,-1.386091048868109965e-03,-2.029723501851953671e+01
7.172690000000000000e+09,-4.036324622222764447e-02,-2.036007550974214908e+01
7.172753333333333015e+09,-8.813780679790994554e-02,-2.043171340636675026e+01
7.172816666666666985e+09,-2.103122917133859460e-02,-2.038847016478976570e+01
7.172880000000000000e+09,-1.013132462511592280e-01,-2.049261551791883917e+01
7.172943333333333015e+09,-9.299791921394984229e-02,-2.050816352693088263e+01
7.173006666666666985e+09,3.688108263783362872e-02,-2.040214786112835199e+01
7.173070000000000000e+09,2.975682934549084280e-02,-2.043313545046994761e+01
7.173133333333333015e+09,-8.849104468605517582e-02,-2.057524666055075002e+01
7.173196666666666985e+09,-8.425484868553212436e-03,-2.051904443678250090e+01
7.173260000000000000e+09,-8.137134939567403080e-02,-2.061585363735887455e+01
7.173323333333333015e+09,-5.344977448890375626e-02,-2.061179539850135711e+01
7.173386666666666985e+09,2.654786356941229997e-02,-2.055566109649229389e+01
7.173450000000000000e+09,-1.566506772728395447e-01,-2.076272297338379857e+01
7.173513333333333015e+09,-8.597364070386248613e-03,-2.063853299623059812e+01
7.173576666666666985e+09,-2.900410970872613348e-02,-2.068280307791852479e+01
7.173640000000000000e+09,3.969302321428713753e-02,-2.063796928104443040e+01
7.173703333333333015e+09,6.788067051886059744e-03,-2.069473757325608432e+01
7.173766666666666985e+09,2.962907073202103447e-02,-2.069575990562553613e+01
7.173830000000000000e+09,-5.612059146293191247e-02,-2.080537290386940796e+01
7.173893333333333015e+09,-2.452669982469046772e-02,-2.079764234828041936e+01
7.173956666666666985e+09,-8.758082993032445529e-02,-2.088455981443564013e+01
7.174020000000000000e+09,-3.420271782471218103e-02,-2.085504503837894674e+01
7.174083333333333015e+09,9.155437417628675689e-02,-2.075315128242720064e+01
7.174146666666666985e+09,-4.750668024519200117e-02,-2.091607567289826619e+01
7.174210000000000000e+09,4.335830590916245342e-02,-2.084907402279316457e+01
7.174273333333333015e+09,-4.378821744182914699e-03,-2.092067448649542882e+01
7.174336666666666985e+09,3.601404582414957645e-02,-2.090414495497668312e+01
7.174400000000000000e+09,4.482399194981212531e-02,-2.091919834490027341e+01
7.174463333333333015e+09,1.074399592032122541e-01,-2.088044571369579216e+01
7.174526666666666985e+09,-2.388783100972275975e-01,-2.125062731904581881e+01
7.174590000000000000e+09,6.969542701469322310e-04,-2.103491539072769712e+01
7.174653333333333015e+09,-7.459446065290009642e-02,-2.113407014169966303e+01
7.174716666666666985e+09,9.497216899351457187e-03,-2.107384180019699826e+01
7.174780000000000000e+09,-4.729506541913153228e-02,-2.115449741856473409e+01
7.174843333333333015e+09,-4.225260881437620242e-02,-2.117331829800889764e+01
7.174906666666666985e+09,5.508694184667106697e-02,-2.109984208339743716e+01
7.174970000000000000e+09,3.171015247539088477e-02,-2.114708220881797018e+01
7.175033333333333015e+09,-6.397302831954476687e-02,-2.126662872566215867e+01
7.175096666666666985e+09,9.606724736250171759e-02,-2.113045178602936502e+01
7.175160000000000000e+09,-1.154600953618682979e-01,-2.136584246480298788e+01
7.175223333333333015e+09,7.941708914967549049e-02,-2.119482861634069693e+01
7.175286666666666985e+09,5.175188363138971681e-02,-2.124635715790823554e+01
7.175350000000000000e+09,-1.399307179965880721e-01,-2.146190309558546616e+01
7.175413333333333015e+09,3.227808933102238598e-02,-2.131355762430710854e+01
7.175476666666666985e+09,1.730956764708935225e-02,-2.135238948204063192e+01
7.175540000000000000e+09,4.488903492253371041e-02,-2.134867335081410289e+01
7.175603333333333015e+09,-1.061159298114233707e-03,-2.141848688108400367e+01
7.175666666666666985e+09,1.385665897886667608e-02,-2.142743239885661310e+01
7.175730000000000000e+09,-2.670379601133276992e-02,-2.149185618989572788e+01
7.175793333333333015e+09,-1.804120504848292228e-01,-2.166942778041848072e+01
7.175856666666666985e+09,-4.281926689003157094e-02,-2.155569833287326986e+01
7.175920000000000000e+09,-5.216096871741271457e-02,-2.158890337074956989e+01
7.175983333333333015e+09,-1.037816905683079938e-01,-2.166438742864971800e+01
7.176046666666666985e+09,-5.505583600501395836e-02,-2.163952491013601076e+01
7.176110000000000000e+09,2.103176798058115082e-02,-2.158730064219966849e+01
7.176173333333333015e+09,8.218300723803295682e-02,-2.155001273899113556e+01
7.176236666666666985e+09,4.818247220132221287e-02,-2.160787661007743310e+01
7.176300000000000000e+09,-8.292359349863431817e-02,-2.176284601182664247e+01
7.176363333333333015e+09,-4.038908267398610974e-02,-2.174417483705091314e+01
7.176426666666666985e+09,4.162581862692249501e-02,-2.168602327179959133e+01
7.176490000000000000e+09,3.500344915384445699e-02,-2.171650897732192220e+01
7.176553333333333015e+09,1.540838903237684576e-02,-2.175996737349230870e+01
7.176616666666666985e+09,-9.743897061622419642e-02,-2.189667806919049653e+01
7.176680000000000000e+09,6.459040318931030811e-02,-2.175851203143421486e+01
7.176743333333333015e+09,-6.524948079746195617e-02,-2.191221525146990601e+01
7.176806666666666985e+09,3.594945489169276698e-02,-2.183487965183033808e+01
7.176870000000000000e+09,-4.404310827738555645e-02,-2.193873555104866924e+01
7.176933333333333015e+09,-2.375051364308333746e-02,-2.194230629246361985e+01
7.176996666666666985e+09,-8.318702690367629771e-02,-2.202560614177346565e+01
7.177060000000000000e+09,3.739354045990239683e-03,-2.196254309687305195e+01
7.177123333333333015e+09,4.679767878509011325e-02,-2.194334810818320491e+01
7.177186666666666985e+09,3.168022502349643332e-02,-2.198232889799405143e+01
7.177250000000000000e+09,-6.356001631806051932e-02,-2.210143247538486122e+01
7.177313333333333015e+09,3.352691899408100085e-02,-2.202820887612197254e+01
7.177376666666666985e+09,-6.383695469466488248e-02,-2.214943608586030521e+01
7.177440000000000000e+09,-7.510644093312990321e-02,-2.218456890814768911e+01
7.177503333333333015e+09,-1.248484315272762046e-01,-2.225817423479108825e+01
7.177566666666666985e+09,-2.183201311362381603e-02,-2.217902115242702621e+01
7.177630000000000000e+09,-5.188087073608471655e-02,-2.223293334609840244e+01
7.177693333333333015e+09,-2.760738582037092215e-02,-2.223252319723194503e+01
7.177756666666666985e+09,4.145185649457161503e-02,-2.218732729096658929e+01
7.177820000000000000e+09,-1.027019842269858430e-01,-2.235534446773706563e+01
7.177883333333333015e+09,-3.594048745647171472e-02,-2.231244630701580434e+01
7.177946666666666985e+09,2.391486203541859368e-02,-2.227645429357350082e+01
7.178010000000000000e+09,-4.718816886012433542e-02,-2.237142066051796263e+01
7.178073333333333015e+09,-1.277447676232732476e-01,-2.247584059533036438e+01
7.178136666666666985e+09,-3.682908813112106827e-02,-2.240878825188779899e+01
7.178200000000000000e+09,-1.070934573037156667e-01,-2.250291595710964643e+01
7.178263333333333015e+09,-3.157384217392333881e-02,-2.245125967802877298e+01
7.178326666666666985e+09,2.702859200759633040e-03,-2.244084631270367680e+01
7.178390000000000000e+09,3.353107011090372680e-02,-2.243388143784278554e+01
7.178453333333333015e+09,-1.995833510160949231e-02,-2.251123417910421765e+01
7.178516666666666985e+09,-6.375884895810202124e-03,-2.252151506494800515e+01
7.178580000000000000e+09,-4.692499803964622629e-02,-2.258592751414109401e+01
7.178643333333333015e+09,-4.531294478988812102e-02,-2.260817879694025478e+01
7.178706666666666985e+09,-5.243702958949825188e-03,-2.259197289115890328e+01
7.178770000000000000e+09,-5.634391267317795382e-02,-2.266693643692238425e+01
7.178833333333333015e+09,5.110250487798140284e-02,-2.258335335542047773e+01
7.178896666666666985e+09,-1.400328804884054534e-03,-2.265971952515259602e+01
7.178960000000000000e+09,3.944948546827475866e-02,-2.264273304692869004e+01
7.179023333333333015e+09,-1.121388671108185520e-01,-2.281818473555703619e+01
7.179086666666666985e+09,6.701096605596745803e-02,-2.266289823843950302e+01
7.179150000000000000e+09,-1.811251300800265085e-01,-2.293489767062474982e+01
7.179213333333333015e+09,-3.650637820955182633e-02,-2.281414225480352798e+01
7.179276666666666985e+09,-2.765544868795899447e-02,-2.282915466133152194e+01
7.179340000000000000e+09,4.627614048184014450e-02,-2.277908640821064168e+01
7.179403333333333015e+09,3.156332290098617932e-02,-2.281766256184074848e+01
7.179466666666666985e+09,-1.188522530428492985e-01,-2.299194147383417075e+01
7.179530000000000000e+09,-1.146284484119775016e-01,-2.301158100525221784e+01
7.179593333333333015e+09,-1.281010284185413184e-01,-2.304891692130803449e+01
7.179656666666666985e+09,-1.143090191920599352e-01,-2.305898824813113990e+01
7.179720000000000000e+09,-6.039490175433925856e-02,-2.302893746674233810e+01
7.179783333333333015e+09,-9.038647456295478833e-02,-2.308279237560020647e+01
7.179846666666666985e+09,5.705552254227086451e-03,-2.301056368483261139e+01
7.179910000000000000e+09,-8.018501621262075219e-02,-2.312031758934837811e+01
7.179973333333333015e+09,2.796557542707134303e-02,-2.303603033375793885e+01
7.180036666666666985e+09,-2.820335646755012249e-02,-2.311606260170214711e+01
7.180100000000000000e+09,-2.658580468307398803e-01,-2.337758062811458970e+01
7.180163333333333015e+09,1.905012450785292799e-02,-2.311653579282491577e+01
7.180226666666666985e+09,-1.135656386925703032e-01,-2.327301489207492580e+01
7.180290000000000000e+09,-9.133367521622659524e-02,-2.327464626464783493e+01
7.180353333333333015e+09,-6.137588033287855183e-02,-2.326855180581340576e+01
7.180416666666666985e+09,-6.673105083928021486e-02,-2.329777031236939422e+01
7.180480000000000000e+09,-8.693071628383108873e-02,-2.334183331386319793e+01
7.180543333333333015e+09,-1.323580362395055943e-01,-2.341112396986779132e+01
7.180606666666666985e+09,-2.190187785326713765e-01,-2.352164804821054389e+01
7.180670000000000000e+09,-1.732650424349593266e-01,-2.349975764816208468e+01
7.180733333333333015e+09,-1.970175757716532416e-01,-2.354737351754803143e+01
7.180796666666666985e+09,-2.412865833592832132e-01,-2.361550586118491424e+01
7.180860000000000000e+09,-1.893134114857630834e-02,-2.341701395502346017e+01
7.180923333333333015e+09,-2.033120830975789772e-01,-2.362525803302171568e+01
7.180986666666666985e+09,-8.730557010598261058e-02,-2.353311485607937215e+01
7.181050000000000000e+09,-4.277542792774369218e-03,-2.347395016481541674e+01
7.181113333333333015e+09,-2.077996264954187211e-01,-2.370133558456731393e+01
7.181176666666666985e+09,-1.019395688192332727e-01,-2.361933886294038132e+01
7.181240000000000000e+09,-2.614818341096381005e-01,-2.380274446428003898e+01
7.181303333333333015e+09,3.177139775199009364e-01,-2.324741198869975278e+01
7.181366666666666985e+09,4.414578765770542645e-01,-2.314753142569218980e+01
7.181430000000000000e+09,3.637458078662199057e-01,-2.324910683045194304e+01
7.181493333333333015e+09,3.313059183470343783e-01,-2.330541005602038140e+01
7.181556666666666985e+09,2.095783251680281012e-01,-2.345100098524897447e+01
7.181620000000000000e+09,1.916035041810530970e-01,-2.349283914228486836e+01
7.181683333333333015e+09,8.817347350744952905e-02,-2.362013250900772476e+01
7.181746666666666985e+09,9.481432649752719044e-02,-2.363735499206723389e+01
7.181810000000000000e+09,9.778102175674874275e-02,-2.365825163285693122e+01
7.181873333333333015e+09,9.419283944466982916e-02,-2.368570315121826297e+01
7.181936666666666985e+09,1.224282295028231715e-01,-2.368133109720969642e+01
7.182000000000000000e+09,1.150419785665661720e-01,-2.371258068419520626e+01
7.182063333333333015e+09,-3.815375607015170090e-03,-2.385530137441770648e+01
7.182126666666666985e+09,-2.906729472837454864e-02,-2.390441662958865265e+01
7.182190000000000000e+09,-1.017857380922215782e-01,-2.400099840900175252e+01
7.182253333333333015e+09,4.341461757977072011e-02,-2.387966138937867910e+01
7.182316666666666985e+09,9.618280797326406173e-03,-2.393732106221071021e+01
7.182380000000000000e+09,-4.868642925550759060e-02,-2.401948910831280060e+01
7.182443333333333015e+09,-2.170227939250679583e-02,-2.401636829449871513e+01
7.182506666666666985e+09,2.147277186688967276e-02,-2.399705657928890901e+01
7.182570000000000000e+09,5.078836931292229906e-02,-2.399160431789212922e+01
7.182633333333333015e+09,9.970996552688760062e-02,-2.396654605772741675e+01
7.182696666666666985e+09,4.429897940480387319e-02,-2.404582037989875332e+01
7.182760000000000000e+09,-5.458784937921379310e-02,-2.416857054473202382e+01
7.182823333333333015e+09,-1.051572623827397024e-01,-2.424300329378480257e+01
7.182886666666666985e+09,-8.395836378500476371e-02,-2.424566773123632046e+01
7.182950000000000000e+09,-7.005835575639807189e-02,-2.425563105925696661e+01
7.183013333333333015e+09,8.187190779047526235e-02,-2.412756413175934611e+01
7.183076666666666985e+09,-1.595942279545141673e-01,-2.439289360355358838e+01
7.183140000000000000e+09,-5.861590175391384605e-02,-2.431577861340224089e+01
7.183203333333333015e+09,1.399565324517482168e-02,-2.426703039445240506e+01
7.183266666666666985e+09,9.601991684228039503e-03,-2.429528739206293864e+01
7.183330000000000000e+09,1.036484562675568100e-01,-2.422510426352852875e+01
7.183393333333333015e+09,5.576165328616866645e-02,-2.429685440255916973e+01
7.183456666666666985e+09,-5.756774722949487000e-02,-2.443404713912442006e+01
7.183520000000000000e+09,6.450325866180506296e-02,-2.433583946928203900e+01
7.183583333333333015e+09,-4.331557041514955131e-02,-2.446752163440824646e+01
7.183646666666666985e+09,-6.814220714285568192e-02,-2.451621160718553938e+01
7.183710000000000000e+09,1.040972266525344025e-01,-2.436783550943906818e+01
7.183773333333333015e+09,-1.102362052831473704e-01,-2.460603227742400279e+01
7.183836666666666985e+09,-3.837935106567158527e-02,-2.455803875925611379e+01
7.183900000000000000e+09,-5.791927649291039870e-02,-2.460144202073260544e+01
7.183963333333333015e+09,-4.238737736805830991e-02,-2.460977345765667224e+01
7.184026666666666985e+09,1.824477885710962255e-02,-2.457300463748109109e+01
7.184090000000000000e+09,-1.326598018383364774e-01,-2.474777255422579003e+01
7.184153333333333015e+09,-2.568014979290467181e-02,-2.466465623822927711e+01
7.184216666666666985e+09,4.752490018574917485e-03,-2.465808693446738431e+01
7.184280000000000000e+09,2.963497660265801414e-02,-2.465706778393255405e+01
7.184343333333333015e+09,6.834363867439918749e-02,-2.464222245790973176e+01
7.184406666666666985e+09,-7.382915218495966769e-02,-2.480825858481867741e+01
7.184470000000000000e+09,8.131536610934730902e-02,-2.467697740257362327e+01
7.184533333333333015e+09,-1.002057341552387015e-02,-2.479217667814774728e+01
7.184596666666666985e+09,-5.968779243071153928e-02,-2.486570723321218779e+01
7.184660000000000000e+09,3.090472032676316871e-02,-2.479897805650396592e+01
7.184723333333333015e+09,-7.441802744830994243e-02,-2.492816414032829186e+01
7.184786666666666985e+09,-7.226727154465351077e-02,-2.494987672047388827e+01
7.184850000000000000e+09,-4.659965070455029945e-02,-2.494807243568303790e+01
7.184913333333333015e+09,-1.524034373948950361e-01,-2.507773955842263547e+01
7.184976666666666985e+09,-5.243450376059044515e-02,-2.500163396083758371e+01
7.185040000000000000e+09,-4.856474666556920283e-02,-2.502162753979181531e+01
7.185103333333333015e+09,2.651941588902317903e-02,-2.497040671328647576e+01
7.185166666666666985e+09,1.310333072139897581e-01,-2.488975615801109598e+01
7.185230000000000000e+09,2.024902684665619290e-02,-2.502440377442734842e+01
7.185293333333333015e+09,-5.103472691863686350e-02,-2.511955086424189432e+01
7.185356666666666985e+09,7.161155885004433230e-03,-2.508521831748783981e+01
7.185420000000000000e+09,1.692759809917632197e-02,-2.509931521132258680e+01
7.185483333333333015e+09,-7.674623206080966042e-02,-2.521685237753182562e+01
7.185546666666666985e+09,-1.421621622286792785e-01,-2.530613164374928203e+01
7.185610000000000000e+09,9.983109728767658453e-02,-2.508800172028184505e+01
7.185673333333333015e+09,-1.042653825362762632e-01,-2.531596153615505074e+01
7.185736666666666985e+09,1.350211403795569254e-01,-2.510053834928880434e+01
7.185800000000000000e+09,1.031834430537585945e-01,-2.515623938266385551e+01
7.185863333333333015e+09,2.994328963772829866e-03,-2.528029183280276015e+01
7.185926666666666985e+09,4.068208942497975045e-02,-2.526646740839114003e+01
7.185990000000000000e+09,-8.355152939792631628e-02,-2.541456436326329893e+01
7.186053333333333015e+09,-4.842405027443064114e-02,-2.540330022018872214e+01
7.186116666666666985e+09,-8.051704442887341884e-02,-2.545925655039275526e+01
7.186180000000000000e+09,-1.303383555201520494e-02,-2.541563667756514988e+01
7.186243333333333015e+09,3.327450402380449646e-02,-2.539319167403824551e+01
7.186306666666666985e+09,-3.530301836464033727e-02,-2.548563253247628069e+01
7.186370000000000000e+09,-3.301500430819359622e-02,-2.550720785446908678e+01
7.186433333333333015e+09,-1.340050278865874134e-01,-2.563206121409673344e+01
7.186496666666666985e+09,-7.596908170949134842e-02,-2.559788860396889021e+01
7.186560000000000000e+09,3.481895952707958486e-02,-2.551096389878157211e+01
7.186623333333333015e+09,8.367499723619431506e-02,-2.548597119712171022e+01
7.186686666666666985e+09,-4.477089155653501962e-02,-2.563828042196369239e+01
7.186750000000000000e+09,1.036627657823672166e-01,-2.551371010067404299e+01
7.186813333333333015e+09,1.832349506619834756e-02,-2.562291270743946470e+01
7.186876666666666985e+09,9.440469133817330771e-02,-2.557069484721674257e+01
7.186940000000000000e+09,9.028668607802714519e-02,-2.559867618852614157e+01
7.187003333333333015e+09,-1.460265108512146526e-01,-2.585885272150463621e+01
7.187066666666666985e+09,-2.085039209893224665e-02,-2.575753993880194059e+01
7.187130000000000000e+09,-1.029664783447259424e-02,-2.577084953058639982e+01
7.187193333333333015e+09,-3.933434415357339731e-02,-2.582375056295475346e+01
7.187256666666666985e+09,4.565977379964536453e-02,-2.576261978105112505e+01
7.187320000000000000e+09,-5.441687123656890890e-03,-2.583758457802334263e+01
7.187383333333333015e+09,-1.645106492977035373e-01,-2.602051687624664211e+01
7.187446666666666985e+09,-8.759185486546527954e-04,-2.588074548154718357e+01
7.187510000000000000e+09,-1.432891057668079782e-01,-2.604702200481425223e+01
7.187573333333333015e+09,-7.278102245124529190e-02,-2.600037725754794238e+01
7.187636666666666985e+09,-5.334651220741903899e-02,-2.600480608335370647e+01
7.187700000000000000e+09,-5.886122752542632952e-02,-2.603418413472096660e+01
7.187763333333333015e+09,-2.125382964275743802e-01,-2.621172453967202998e+01
7.187826666666666985e+09,-7.701663891251442351e-02,-2.610006621820656036e+01
7.187890000000000000e+09,-1.574623994324042542e-02,-2.606265915528653920e+01
7.187953333333333015e+09,-1.353219850172493466e-01,-2.620609823640946701e+01
7.188016666666666985e+09,-1.588273616145130518e-01,-2.625346694905631750e+01
7.188080000000000000e+09,-3.979247125550244846e-02,-2.615829539474655974e+01
7.188143333333333015e+09,-1.475580975003047968e-01,-2.628992435704028097e+01
7.188206666666666985e+09,-3.895911030731724622e-02,-2.620518870589688021e+01
7.188270000000000000e+09,-1.253292189771073595e-01,-2.631542215061592316e+01
7.188333333333333015e+09,3.507052135118726710e-02,-2.617888574633654741e+01
7.188396666666666985e+09,-7.454729391756131918e-02,-2.631236689765488279e+01
7.188460000000000000e+09,-4.321771998965928674e-02,-2.630490065977623360e+01
7.188523333333333015e+09,-9.913810402849421166e-02,-2.638468437986432136e+01
7.188586666666666985e+09,-9.577812958179521274e-02,-2.640518774146687520e+01
7.188650000000000000e+09,-7.573518218801922330e-03,-2.634084646615313474e+01
7.188713333333333015e+09,-9.633191387599637778e-02,-2.645346819785958203e+01
7.188776666666666985e+09,-6.307201107815174623e-02,-2.644407163111099024e+01
7.188840000000000000e+09,-1.804770774605302108e-02,-2.642291066382814435e+01
7.188903333333333015e+09,1.608626232507859299e-02,-2.641264002980626557e+01
7.188966666666666985e+09,-1.100361656702695257e-01,-2.656262579385120048e+01
7.189030000000000000e+09,-4.758458159849610070e-02,-2.652403754582834594e+01
7.189093333333333015e+09,4.023439286579844065e-02,-2.646008190741330424e+01
7.189156666666666985e+09,-2.690310516094029936e-03,-2.652686994684478350e+01
7.189220000000000000e+09,-4.701528689032841157e-04,-2.654851312524651163e+01
7.189283333333333015e+09,-4.732567974857104787e-02,-2.661923198817543224e+01
7.189346666666666985e+09,-8.303069867124079906e-02,-2.667880034314768878e+01
7.189410000000000000e+09,6.391237273412997411e-02,-2.655572060779123689e+01
7.189473333333333015e+09,1.628474015706871114e-03,-2.664186784255891283e+01
7.189536666666666985e+09,-1.024266147458057219e-01,-2.676978626737001221e+01
7.189600000000000000e+09,-4.587996553676987332e-02,-2.673710295421022920e+01
7.189663333333333015e+09,8.338447432739570786e-02,-2.663170185039498250e+01
7.189726666666666985e+09,6.311866521623343829e-02,-2.667583099555573156e+01
7.189790000000000000e+09,-6.369250350281774331e-02,-2.682650550032403558e+01
7.189853333333333015e+09,3.015140290741413764e-02,-2.675652492996272258e+01
7.189916666666666985e+09,-8.305953232957108412e-02,-2.689359920124929459e+01
7.189980000000000000e+09,-5.956920739997784153e-02,-2.689397221236895419e+01
7.190043333333333015e+09,9.752323440487487005e-03,-2.684851401757740774e+01
7.190106666666666985e+09,3.783883437104407221e-02,-2.684429084269643795e+01
7.190170000000000000e+09,-7.883606693701494805e-02,-2.698482908005374981e+01
7.190233333333333015e+09,1.337004518300588529e-02,-2.691648630398264785e+01
7.190296666666666985e+09,1.783802522869848417e-02,-2.693588165998654205e+01
7.190360000000000000e+09,8.842253272987221635e-02,-2.688916048853462115e+01
7.190423333333333015e+09,-1.908798307622205925e-02,-2.702053434038996826e+01
7.190486666666666985e+09,-5.601981435119540720e-02,-2.708132950771419445e+01
7.190550000000000000e+09,-9.274932170548311205e-03,-2.705844796158280019e+01
7.190613333333333015e+09,-4.514723991240643386e-02,-2.711818360537391115e+01
7.190676666666666985e+09,-1.745605462192045820e-02,-2.711435575613267801e+01
7.190740000000000000e+09,1.205948491006481049e-02,-2.710870355264994558e+01
7.190803333333333015e+09,9.214989360515346561e-03,-2.713541138424874788e+01
7.190866666666666985e+09,8.697815241035300460e-03,-2.715979189441781827e+01
7.190930000000000000e+09,-1.167767319382448932e-01,-2.730912977764601379e+01
7.190993333333333015e+09,2.201395112556170375e-02,-2.719420243063146003e+01
7.191056666666666985e+09,6.115647869422602412e-02,-2.717892323911238606e+01
7.191120000000000000e+09,-4.856896169487256998e-02,-2.731251201555039998e+01
7.191183333333333015e+09,-1.213137558122632242e-01,-2.740912014571704347e+01
7.191246666666666985e+09,-5.938019359532020758e-02,-2.737104991954969080e+01
7.191310000000000000e+09,3.363545383284005652e-02,-2.730189760817044586e+01
7.191373333333333015e+09,-3.670790620928698900e-02,-2.739610430426182575e+01
7.191436666666666985e+09,1.787868675293324827e-02,-2.736538104734919585e+01
7.191500000000000000e+09,5.004911581725579595e-02,-2.735707395433379219e+01
7.191563333333333015e+09,-2.112187179204383369e-02,-2.745210827799234465e+01
7.191626666666666985e+09,3.786991858479638040e-02,-2.741697982366509123e+01
7.191690000000000000e+09,1.404915924460681254e-02,-2.746466391905453364e+01
7.191753333333333015e+09,2.399716331096612976e-02,-2.747857925103709320e+01
7.191816666666666985e+09,1.625963312043765541e-02,-2.751018011727720847e+01
7.191880000000000000e+09,-8.143247510009388179e-02,-2.763173556154699284e+01
7.191943333333333015e+09,-2.458867523386132348e-02,-2.759875509772967916e+01
7.192006666666666985e+09,1.406022076839263946e-02,-2.758396953777701199e+01
7.192070000000000000e+09,-9.569638256070689408e-02,-2.771758947715536436e+01
7.192133333333333015e+09,-4.504525644680867913e-02,-2.769080168709038503e+01
7.192196666666666985e+09,-1.874707245884010831e-02,-2.768836683915200325e+01
7.192260000000000000e+09,-4.313928572121739080e-02,-2.773662238846363337e+01
7.192323333333333015e+09,-4.667465058350472873e-03,-2.772201390385001929e+01
7.192386666666666985e+09,-1.039743973934754706e-01,-2.784518417223439712e+01
7.192450000000000000e+09,-6.848257680865188490e-02,-2.783355568769882638e+01
7.192513333333333015e+09,5.253116360868759216e-02,-2.773640528333074329e+01
7.192576666666666985e+09,-1.563056020992981132e-01,-2.796910538508798183e+01
7.192640000000000000e+09,4.927803011765163888e-02,-2.778738508892028491e+01
7.192703333333333015e+09,-9.680070388478156929e-02,-2.795732715897197096e+01
7.192766666666666985e+09,-8.193935498615090296e-02,-2.796632914612292709e+01
7.192830000000000000e+09,-6.802124201397674597e-02,-2.797627436919967181e+01
7.192893333333333015e+09,3.609011049671551064e-02,-2.789602635273823239e+01
7.192956666666666985e+09,-4.717855828860351153e-02,-2.800315835757313820e+01
7.193020000000000000e+09,6.730882784457392631e-02,-2.791253430748887965e+01
7.193083333333333015e+09,2.826150907708324667e-03,-2.800088032047499809e+01
7.193146666666666985e+09,-1.487324952705684211e-01,-2.817630230270286162e+01
7.193210000000000000e+09,-1.212060769811174055e-02,-2.806355375117932383e+01
7.193273333333333015e+09,-1.094217754912456542e-01,-2.818471825502171058e+01
7.193336666666666985e+09,1.885699521647055121e-02,-2.808030282036358116e+01
7.193400000000000000e+09,1.419950205579567637e-02,-2.810882364957317492e+01
7.193463333333333015e+09,-6.616604198504916212e-02,-2.821305252966327259e+01
7.193526666666666985e+09,-2.937124394289725160e-02,-2.820012106767070748e+01
7.193590000000000000e+09,-7.074386397140486338e-02,-2.826535702374846792e+01
7.193653333333333015e+09,-8.638142975630813680e-03,-2.822711463880161276e+01
7.193716666666666985e+09,-1.789805867647231707e-01,-2.842132041864029190e+01
7.193780000000000000e+09,-1.065219067518725637e-01,-2.837272507467669413e+01
7.193843333333333015e+09,-8.181670738942514731e-02,-2.837188321136316560e+01
7.193906666666666985e+09,-1.530514948191097346e-02,-2.832923498950523822e+01
7.193970000000000000e+09,6.968566076862003911e-02,-2.826810751530396004e+01
7.194033333333333015e+09,-8.562258461328298154e-03,-2.837021877058282726e+01
7.194096666666666985e+09,-1.090255205603689603e-01,-2.849454536873145472e+01
7.194160000000000000e+09,-1.056855787110997369e-01,-2.851506876293143833e+01
7.194223333333333015e+09,-6.518296683839963634e-02,-2.849842948710799106e+01
7.194286666666666985e+09,-8.689589473462078217e-02,-2.854400575105346505e+01
7.194350000000000000e+09,-8.273483267659642593e-02,-2.856370802504469353e+01
7.194413333333333015e+09,-1.255825123168783364e-01,-2.863041904073422828e+01
7.194476666666666985e+09,-1.620913178468406102e-01,-2.869079118231344339e+01
7.194540000000000000e+09,-1.977949277012811535e-01,-2.875035812821713677e+01
7.194603333333333015e+09,-9.714233365106395013e-02,-2.867356887021617240e+01
7.194666666666666985e+09,4.351358274494998568e-02,-2.855677628986941130e+01
7.194730000000000000e+09,7.004934047674993280e-02,-2.855410386818686419e+01
7.194793333333333015e+09,2.441606037243815308e-02,-2.862360048434042881e+01
7.194856666666666985e+09,1.079042515968566818e-01,-2.856397562916559707e+01
7.194920000000000000e+09,6.564587460696102994e-02,-2.863009734220441160e+01
7.194983333333333015e+09,-1.039762102074632821e-01,-2.882358276306808875e+01
7.195046666666666985e+09,3.135382712904188907e-02,-2.871211606178117037e+01
7.195110000000000000e+09,-5.129794284855293540e-02,-2.881863116780768408e+01
7.195173333333333015e+09,-1.389839113253046321e-01,-2.893018047233368861e+01
7.195236666666666985e+09,-8.378295572498828392e-02,-2.889884285278295906e+01
7.195300000000000000e+09,-1.589791920166305772e-02,-2.885482115230855271e+01
7.195363333333333015e+09,-3.551016096887948947e-02,-2.889829673012502198e+01
7.195426666666666985e+09,-1.198964073790698137e-01,-2.900654631258479910e+01
7.195490000000000000e+09,4.437514468937564516e-02,-2.886613809656560647e+01
7.195553333333333015e+09,-2.157344126415239316e-02,-2.895595001856805339e+01
7.195616666666666985e+09,-1.673819136745180458e-02,-2.897497810472093960e+01
7.195680000000000000e+09,5.544276110719437156e-02,-2.892666048829554626e+01
7.195743333333333015e+09,-7.941803823731063972e-02,-2.908538462368897015e+01
7.195806666666666985e+09,-5.949263226426992901e-02,-2.908932255376551623e+01
7.195870000000000000e+09,-4.115344097783690813e-04,-2.905410479196027751e+01
7.195933333333333015e+09,-7.081494708945257344e-03,-2.908463808830836328e+01
7.195996666666666985e+09,-1.317974258148879585e-01,-2.923321735546389277e+01
7.196060000000000000e+09,-4.610465046869904882e-02,-2.917138791616695670e+01
7.196123333333333015e+09,-9.635483982280845794e-02,-2.924550144157031895e+01
7.196186666666666985e+09,-9.668111572978332902e-02,-2.926969105352654665e+01
7.196250000000000000e+09,-3.448795320322162183e-02,-2.923136122704924134e+01
7.196313333333333015e+09,-8.013303712779773491e-02,-2.930086964702307029e+01
7.196376666666666985e+09,-6.154498562758803359e-02,-2.930614493157211342e+01
7.196440000000000000e+09,-4.505998267448063643e-02,-2.931352326466825886e+01
7.196503333333333015e+09,-9.307079245840910176e-02,-2.938539741050144016e+01
7.196566666666666985e+09,2.555234275006412759e-02,-2.929063761134221977e+01
7.196630000000000000e+09,1.457582652246713906e-02,-2.932547746361906960e+01
7.196693333333333015e+09,8.251256398850870255e-02,-2.928140406220228087e+01
7.196756666666666985e+09,-1.657157356717853247e-01,-2.955349569791216169e+01
7.196820000000000000e+09,-5.643871493655439053e-02,-2.946808201322584964e+01
7.196883333333333015e+09,4.824455545431760584e-03,-2.943068217879311632e+01
7.196946666666666985e+09,-1.345808188364365776e-01,-2.959395078922457145e+01
7.197010000000000000e+09,2.079900486909025403e-02,-2.946243430156796350e+01
7.197073333333333015e+09,-1.034049289195628774e-01,-2.961050157140586947e+01
7.197136666666666985e+09,6.560965023263776175e-02,-2.946535032830325562e+01
7.197200000000000000e+09,4.329038395641759962e-02,-2.951153293062839467e+01
7.197263333333333015e+09,-1.273656120261534852e-01,-2.970605226266021859e+01
7.197326666666666985e+09,3.104416610452176428e-02,-2.957150582057913368e+01
7.197390000000000000e+09,3.192708448735359639e-02,-2.959448623824555469e+01
7.197453333333333015e+09,-3.038399459567386884e-02,-2.968066065337749748e+01
7.197516666666666985e+09,-4.632353127180977026e-02,-2.972046352610322373e+01
7.197580000000000000e+09,-1.694419057079912250e-01,-2.986744523658865802e+01
7.197643333333333015e+09,-1.574992198622382489e-01,-2.987936588679182037e+01
7.197706666666666985e+09,1.667328120267086433e-02,-2.972905672177650160e+01
7.197770000000000000e+09,-1.599329919770298147e-03,-2.977119266894819560e+01
7.197833333333333015e+09,4.657376527845613623e-02,-2.974688290979888450e+01
7.197896666666666985e+09,-1.687517437895351691e-01,-2.998607175491646615e+01
7.197960000000000000e+09,6.114900673314949131e-02,-2.978003434044303432e+01
7.198023333333333015e+09,-3.444450401220677804e-02,-2.989949118723764343e+01
7.198086666666666985e+09,-1.143309185769822989e-01,-3.000324093785167179e+01
7.198150000000000000e+09,9.266287663573180566e-02,-2.982011047868821052e+01
7.198213333333333015e+09,-2.959710160636319642e-02,-2.996623379297955836e+01
7.198276666666666985e+09,2.455899377865833344e-02,-2.993594103364378967e+01
7.198340000000000000e+09,-2.414640991297751782e-01,-3.022582746260147601e+01
7.198403333333333015e+09,1.061980721117805615e-02,-2.999760689230977562e+01
7.198466666666666985e+09,-2.894117546727414947e-03,-3.003498415311693392e+01
7.198530000000000000e+09,-1.808813001366118556e-01,-3.023683467175607120e+01
7.198593333333333015e+09,-1.424036970360731402e-01,-3.022222040470478532e+01
7.198656666666666985e+09,-2.907914244704912221e-02,-3.013275918616534810e+01
7.198720000000000000e+09,-1.497338868996571648e-01,-3.027727726666687502e+01
7.198783333333333015e+09,5.756794007878696107e-02,-3.009383877573768373e+01
7.198846666666666985e+09,-2.397624312218837872e-02,-3.019924629498824586e+01
7.198910000000000000e+09,6.814919424935794723e-02,-3.013098419366561842e+01
7.198973333333333015e+09,2.326946871745505518e-02,-3.019972725524677415e+01
7.199036666666666985e+09,1.072569513008083675e-01,-3.013960310871300763e+01
7.199100000000000000e+09,2.013787532754207632e-02,-3.025058552073519280e+01
7.199163333333333015e+09,-1.482699834458145460e-02,-3.030941373045656917e+01
7.199226666666666985e+09,-3.248083112871924527e-02,-3.035093089929029375e+01
7.199290000000000000e+09,-4.676759836962673944e-02,-3.038908100258045408e+01
7.199353333333333015e+09,4.324079128935665040e-02,-3.032293594897038957e+01
7.199416666666666985e+09,9.165562231487101030e-02,-3.029838445399446201e+01
7.199480000000000000e+09,3.734187484549522651e-02,-3.037656153751309063e+01
7.199543333333333015e+09,-1.843408661214240851e-02,-3.045620083501964714e+01
7.199606666666666985e+09,-9.532687374861126273e-03,-3.047116277183195265e+01
7.199670000000000000e+09,-1.270598151693569378e-01,-3.061255323567570130e+01
7.199733333333333015e+09,-1.247080623742213845e-01,-3.063406481892948463e+01
7.199796666666666985e+09,-9.494555220603828616e-02,-3.062816564481088832e+01
7.199860000000000000e+09,-1.347975726670114227e-01,-3.069188100132111430e+01
7.199923333333333015e+09,-1.560451123054527045e-01,-3.073699187700880842e+01
7.199986666666666985e+09,-4.890773373811185820e-02,-3.065371783449072041e+01
7.200050000000000000e+09,-5.075662791069390778e-02,-3.067943006471255529e+01
7.200113333333333015e+09,-8.936040269569289762e-02,-3.074189717554680712e+01
7.200176666666666985e+09,3.758463035500625438e-02,-3.063881547854536080e+01
7.200240000000000000e+09,-5.669417012377664378e-02,-3.075695761507339654e+01
7.200303333333333015e+09,-1.056502828674865668e-01,-3.082977706386635930e+01
7.200366666666666985e+09,4.090565547737412544e-02,-3.070708446157075144e+01
7.200430000000000000e+09,-6.805993069700022602e-02,-3.083991338379437863e+01
7.200493333333333015e+09,-1.820043391502323971e-02,-3.081391722306165448e+01
7.200556666666666985e+09,-4.461866865128172321e-03,-3.082404199206134976e+01
7.200620000000000000e+09,4.013563831328426090e-02,-3.080330782293185266e+01
7.200683333333333015e+09,-1.050273416402198734e-01,-3.097233413893460963e+01
7.200746666666666985e+09,1.968242665299158034e-03,-3.088920189067868094e+01
7.200810000000000000e+09,1.905227243489804323e-02,-3.089598119695799738e+01
7.200873333333333015e+09,-5.156322457363060607e-02,-3.099046003001577887e+01
7.200936666666666985e+09,-8.058827008264657366e-02,-3.104334841157438518e+01
7.201000000000000000e+09,-1.451269809323925131e-01,-3.113175045847304645e+01
7.201063333333333015e+09,-7.957939185320128672e-02,-3.109006620544310806e+01
7.201126666666666985e+09,-9.125631258382327360e-02,-3.112560646222332039e+01
7.201190000000000000e+09,-1.113857501735928679e-01,-3.116959923586234282e+01
7.201253333333333015e+09,-2.776973790201253678e-02,-3.110984655963968137e+01
7.201316666666666985e+09,-1.002883959655420654e-01,-3.120622855375279769e+01
7.201380000000000000e+09,-1.305950030476203949e-01,-3.126039849688412886e+01
7.201443333333333015e+09,-1.189345386680180638e-01,-3.127260136855344541e+01
7.201506666666666985e+09,3.475301631363336696e-02,-3.114277714962138077e+01
7.201570000000000000e+09,-7.791342443839965881e-02,-3.127930692642266663e+01
7.201633333333333015e+09,-3.365064339032741714e-02,-3.125890748142351327e+01
7.201696666666666985e+09,-7.439679689001721385e-02,-3.132351697097278986e+01
7.201760000000000000e+09,1.522536810466590396e-02,-3.125775814202735958e+01
7.201823333333333015e+09,-5.138412839451333980e-02,-3.134823097457545771e+01
7.201886666666666985e+09,-1.597018046551497150e-01,-3.148041198688568088e+01
7.201950000000000000e+09,-7.787427760862897230e-02,-3.142244779588841297e+01
7.202013333333333015e+09,-1.432849930929691595e-01,-3.151172184742200599e+01
7.202076666666666985e+09,-4.594288786811517866e-02,-3.143824307824640485e+01
7.202140000000000000e+09,-1.900842779926392723e-02,-3.143517195422680643e+01
7.202203333333333015e+09,-2.864897755230799703e-02,-3.146867584002910334e+01
7.202266666666666985e+09,1.358970131023440331e-02,-3.145030049721581378e+01
7.202330000000000000e+09,3.864924151494619764e-02,-3.144910429306035482e+01
7.202393333333333015e+09,3.443803303106562907e-03,-3.150817306732144729e+01
7.202456666666666985e+09,-5.781540419668829145e-03,-3.154126174709381303e+01
7.202520000000000000e+09,-7.919429376643805085e-02,-3.163853783648949758e+01
7.202583333333333015e+09,-8.329339612906139223e-02,-3.166650027490137376e+01
7.202646666666666985e+09,-2.231807822474713987e-01,-3.183025099706937411e+01
7.202710000000000000e+09,3.165508751612122751e-02,-3.159927846335469681e+01
7.202773333333333015e+09,-6.541061454690577648e-02,-3.172020750146697665e+01
7.202836666666666985e+09,-3.444222987796763391e-02,-3.171310245284762885e+01
7.202900000000000000e+09,-1.000756608485779964e-01,-3.180259921986715455e+01
7.202963333333333015e+09,1.042006250264151390e-01,-3.162218627004141425e+01
7.203026666666666985e+09,-1.174833518726785542e-01,-3.186773358299009828e+01
7.203090000000000000e+09,-4.198706775733995755e-02,-3.181610063492401252e+01
7.203153333333333015e+09,-1.653869040151150216e-01,-3.196336380723070647e+01
7.203216666666666985e+09,-1.394134880362720708e-01,-3.196125372730145031e+01
7.203280000000000000e+09,-2.289783122757711453e-01,-3.207468188759020222e+01
7.203343333333333015e+09,-4.020046521276654516e-02,-3.190976737657611650e+01
7.203406666666666985e+09,-1.325375366540555433e-01,-3.202596778406699229e+01
7.203470000000000000e+09,-1.869719293346463473e-01,-3.210426551279683594e+01
7.203533333333333015e+09,-1.774062538379297393e-01,-3.211856317334903821e+01
7.203596666666666985e+09,1.326725208294732283e-02,-3.195175300347774794e+01
7.203660000000000000e+09,-1.856560247018990140e-02,-3.200744919408013800e+01
7.203723333333333015e+09,-1.481922811396430006e-02,-3.202756615577283128e+01
7.203786666666666985e+09,-6.793026268532997847e-02,-3.210454052639378375e+01
7.203850000000000000e+09,-4.914822003512142601e-02,-3.210962181979282803e+01
7.203913333333333015e+09,-9.687274827998493265e-02,-3.218120968408694438e+01
7.203976666666666985e+09,3.507733976025662059e-02,-3.207312293209595566e+01
7.204040000000000000e+09,-7.112593796409782954e-02,-3.220318954586956295e+01
7.204103333333333015e+09,-1.137787151776592509e-02,-3.216730481547248388e+01
7.204166666666666985e+09,-1.199132429097460317e-02,-3.219178160429494540e+01
7.204230000000000000e+09,2.976557069627006058e-02,-3.217388804535695357e+01
7.204293333333333015e+09,-1.358229952978149413e-01,-3.236333994740029141e+01
7.204356666666666985e+09,-1.539826016798926389e-01,-3.240536288983195590e+01
7.204420000000000000e+09,-1.589192613376440022e-01,-3.243416288553862614e+01
7.204483333333333015e+09,3.464418801080171306e-02,-3.226446277223943326e+01
7.204546666666666985e+09,-2.536611944131692553e-01,-3.257663149071299102e+01
7.204610000000000000e+09,-4.250658045535971041e-02,-3.238934021280410036e+01
7.204673333333333015e+09,-9.556314791380771112e-02,-3.246626011631180120e+01
7.204736666666666985e+09,-3.947006715151246681e-03,-3.239850731116273153e+01
7.204800000000000000e+09,-8.448164659574075586e-02,-3.250290528709223992e+01
7.204863333333333015e+09,-8.617133525459053089e-02,-3.252845831180034253e+01
7.204926666666666985e+09,-1.007646691434018749e-01,-3.256691498173874066e+01
7.204990000000000000e+09,-5.932334110115533576e-02,-3.254933698974541301e+01
7.205053333333333015e+09,-2.810539369175302227e-02,-3.254198237838526353e+01
7.205116666666666985e+09,-1.118382767565861968e-02,-3.254892414841875592e+01
7.205180000000000000e+09,-1.110046879169956924e-01,-3.267260834470934583e+01
7.205243333333333015e+09,-7.144236950863813718e-02,-3.265690936234990716e+01
7.205306666666666985e+09,-1.625766766841252320e-01,-3.277190700557498104e+01
7.205370000000000000e+09,-1.921732062871441826e-01,-3.282536687122725283e+01
7.205433333333333015e+09,-7.193515553402818341e-02,-3.272899215652305571e+01
7.205496666666666985e+09,-1.398126385710725117e-01,-3.282073297560968683e+01
7.205560000000000000e+09,-3.348491998392688629e-01,-3.303963287292713602e+01
7.205623333333333015e+09,-1.299123206020666998e-01,-3.285855932973885274e+01
7.205686666666666985e+09,-1.364398106322255444e-01,-3.288895015581859838e+01
7.205750000000000000e+09,-1.960367260487601015e-01,-3.297241040728438577e+01
7.205813333333333015e+09,-1.175421587967520054e-01,-3.291777917608163051e+01
7.205876666666666985e+09,-1.452887252777657068e-01,-3.296938907861189705e+01
7.205940000000000000e+09,-8.817196044885378114e-02,-3.293613564983223796e+01
7.206003333333333015e+09,-1.539909467793947329e-01,-3.302581797221203175e+01
7.206066666666666985e+09,-2.365337238998677094e-01,-3.313222408538175756e+01
7.206130000000000000e+09,-2.356564792219160154e-01,-3.315521017675305870e+01
7.206193333333333015e+09,-6.834562041744618455e-02,-3.301176265399784171e+01
7.206256666666666985e+09,-2.001991846879107584e-01,-3.316747955431790018e+01
7.206320000000000000e+09,-3.895832488340289501e-01,-3.338072695451293015e+01
7.206383333333333015e+09,-6.032918410601624259e-01,-3.361829888278831646e+01
7.206446666666666985e+09,5.874660114899370456e-01,-3.245140436628780378e+01
7.206510000000000000e+09,5.273065826499632180e-01,-3.253542713117669649e+01
7.206573333333333015e+09,2.874416860942474727e-01,-3.279915536378166507e+01
7.206636666666666985e+09,1.923496808713096584e-01,-3.291811070505419679e+01
7.206700000000000000e+09,1.224664778448101288e-01,-3.301185724412960809e+01
7.206763333333333015e+09,1.854788478117583850e-01,-3.297270821021191267e+01
7.206826666666666985e+09,7.527535703222554275e-02,-3.310677503704103231e+01
7.206890000000000000e+09,1.153420287151405432e-01,-3.309057170140703619e+01
7.206953333333333015e+09,4.100591624548144409e-02,-3.318877114992595523e+01
7.207016666666666985e+09,1.447045681899865599e-01,-3.310893583403103690e+01
7.207080000000000000e+09,3.149734053404529277e-02,-3.324600639773623101e+01
7.207143333333333015e+09,-6.576980097552365123e-02,-3.336713687529471173e+01
7.207206666666666985e+09,9.373232590866109604e-02,-3.323149808446012088e+01
7.207270000000000000e+09,1.271986359782317777e-02,-3.333637388282021163e+01
7.207333333333333015e+09,6.312761227955832055e-02,-3.330982947018739537e+01
7.207396666666666985e+09,-4.544677617872139308e-02,-3.344226719469526188e+01
7.207460000000000000e+09,-8.509083500015890422e-03,-3.342919283806580921e+01
7.207523333333333015e+09,-7.560964401251624167e-02,-3.352015673462722134e+01
7.207586666666666985e+09,6.670951786779966142e-02,-3.340170090879649933e+01
7.207650000000000000e+09,4.476443627974191486e-02,-3.344750932643380992e+01
7.207713333333333015e+09,1.251253141952446413e-02,-3.350362456734328021e+01
7.207776666666666985e+09,6.598504962745721514e-03,-3.353340192984931178e+01
7.207840000000000000e+09,5.172055351888360519e-02,-3.351214321734242674e+01
7.207903333333333015e+09,-4.063011852306885885e-02,-3.362835722543363204e+01
7.207966666666666985e+09,-4.072542929495170938e-02,-3.365231587225476773e+01
7.208030000000000000e+09,-1.513537507950246663e-02,-3.365058915408857132e+01
7.208093333333333015e+09,-4.399159459093482383e-02,-3.370330870964925651e+01
7.208156666666666985e+09,-1.499411347705219555e-01,-3.383312158587809648e+01
7.208220000000000000e+09,-3.873063347798932909e-02,-3.374577442063481669e+01
7.208283333333333015e+09,-5.840960644549397784e-02,-3.378931672965157418e+01
7.208346666666666985e+09,-8.470587345330926610e-02,-3.383947633270897626e+01
7.208410000000000000e+09,5.038943503180348671e-03,-3.377359485180140553e+01
7.208473333333333015e+09,-2.185245588336215405e-03,-3.380468237694217493e+01
7.208536666666666985e+09,4.501571491885414389e-02,-3.378134475248457136e+01
7.208600000000000000e+09,2.277956021268323639e-02,-3.382744424323966115e+01
7.208663333333333015e+09,-2.098507100299684680e-03,-3.387618564660189691e+01
7.208726666666666985e+09,1.070023487237392601e-03,-3.389688045206394662e+01
7.208790000000000000e+09,8.880699071051623150e-02,-3.383300682088958666e+01
7.208853333333333015e+09,-1.088763948552440297e-02,-3.395656478713488013e+01
7.208916666666666985e+09,-7.222417428524607885e-02,-3.404176465798418860e+01
7.208980000000000000e+09,4.370302297850514606e-02,-3.394970079676969021e+01
7.209043333333333015e+09,-9.679192694971305855e-02,-3.411405908274682730e+01
7.209106666666666985e+09,1.766891140349002853e-02,-3.402346158044321101e+01
7.209170000000000000e+09,-5.252473115778855117e-02,-3.411751855905374242e+01
7.209233333333333015e+09,8.350322859091363625e-02,-3.400535393535395912e+01
7.209296666666666985e+09,7.309418820752711099e-02,-3.403962631178693243e+01
7.209360000000000000e+09,9.208025705226674518e-02,-3.404450357899144564e+01
7.209423333333333015e+09,1.080861194227296096e-01,-3.405236105266990165e+01
7.209486666666666985e+09,-1.540479862372805542e-01,-3.433835849437949861e+01
7.209550000000000000e+09,-6.079752757015199904e-02,-3.426897137176162289e+01
7.209613333333333015e+09,1.633029570812070119e-01,-3.406873422315951672e+01
7.209676666666666985e+09,-1.858576072064721529e-02,-3.427448627701062378e+01
7.209740000000000000e+09,-3.011695485388088400e-02,-3.430988080719311029e+01
7.209803333333333015e+09,-9.412067600378293264e-02,-3.439774786439226517e+01
7.209866666666666985e+09,7.834583100674308298e-05,-3.432741217860672833e+01
7.209930000000000000e+09,-1.350420213558507498e-01,-3.448639588184283866e+01
7.209993333333333015e+09,-4.391173248552604491e-02,-3.441912892902176679e+01
7.210056666666666985e+09,-8.191270517015425412e-02,-3.448099323775564784e+01
7.210120000000000000e+09,8.059607001076329880e-02,-3.434234779862398312e+01
7.210183333333333015e+09,1.236795277506672619e-01,-3.432312767693333200e+01
7.210246666666666985e+09,8.677004354282757959e-04,-3.446980284029815778e+01
7.210310000000000000e+09,-4.706513137482914999e-02,-3.454159900815733408e+01
7.210373333333333015e+09,3.706700972350063239e-02,-3.448133020310825714e+01
7.210436666666666985e+09,5.424765108292461946e-02,-3.448801289779841994e+01
7.210500000000000000e+09,6.901369726707429209e-02,-3.449711018766318915e+01
7.210563333333333015e+09,-5.313988491852228435e-02,-3.464312710589803856e+01
7.210626666666666985e+09,-9.544330661309174957e-02,-3.470929386364219482e+01
7.210690000000000000e+09,-1.260237374011339284e-01,-3.476373763047915588e+01
7.210753333333333015e+09,2.475710392871377508e-02,-3.463682012519856102e+01
7.210816666666666985e+09,2.230654483864213944e-02,-3.466313402033821944e+01
7.210880000000000000e+09,2.646372205482805384e-03,-3.470665752902063161e+01
7.210943333333333015e+09,-3.534341619479874907e-02,-3.476851065346983205e+01
7.211006666666666985e+09,-1.355848469553393443e-01,-3.489261542027995944e+01
7.211070000000000000e+09,5.291983876145422983e-02,-3.472797407061241870e+01
7.211133333333333015e+09,-1.588878668250970350e-03,-3.480634612409104278e+01
7.211196666666666985e+09,-5.660521466206347441e-02,-3.488522579613444208e+01
7.211260000000000000e+09,-1.177096512922304328e-02,-3.486425488265085448e+01
7.211323333333333015e+09,9.299013160042335358e-02,-3.478335712197012697e+01
7.211386666666666985e+09,-1.144922610759735448e-01,-3.501470285069611066e+01
7.211450000000000000e+09,-3.702007742007396018e-02,-3.496109400308946391e+01
7.211513333333333015e+09,-1.076610490090956773e-01,-3.505559831072773846e+01
7.211576666666666985e+09,-1.835845925755563712e-02,-3.499015905702545126e+01
7.211640000000000000e+09,-3.393378333714025530e-02,-3.502959771715428872e+01
7.211703333333333015e+09,-6.335626757844181611e-02,-3.508288353744484311e+01
7.211766666666666985e+09,-2.508938248786307668e-02,-3.506847998840352432e+01
7.211830000000000000e+09,-7.367356224408183607e-02,-3.514092750420898881e+01
7.211893333333333015e+09,6.789438462730146284e-02,-3.502322289338686545e+01
7.211956666666666985e+09,1.216289667129757390e-01,-3.499335164735043691e+01
7.212020000000000000e+09,-2.001369574419555875e-01,-3.533898090755462817e+01
7.212083333333333015e+09,-2.251597284684692113e-02,-3.518522325900876524e+01
7.212146666666666985e+09,5.462281741503716148e-02,-3.513194780479647505e+01
7.212210000000000000e+09,7.384263162609983056e-02,-3.513659132663433127e+01
7.212273333333333015e+09,-9.638537449764328358e-02,-3.533068266880732722e+01
7.212336666666666985e+09,-3.620551971927454815e-03,-3.526178118233119818e+01
7.212400000000000000e+09,-4.997845930873978659e-02,-3.533200242571692939e+01
7.212463333333333015e+09,-1.797987700530825350e-01,-3.548568607251052498e+01
7.212526666666666985e+09,-5.973650571326061254e-02,-3.538948714422028985e+01
7.212590000000000000e+09,7.855128073584438653e-02,-3.527506269382010373e+01
7.212653333333333015e+09,-6.997021573596384769e-03,-3.538447433217879734e+01
7.212716666666666985e+09,7.991169215252114100e-03,-3.539334947743953563e+01
7.212780000000000000e+09,2.115807395373536792e-02,-3.540404590875030522e+01
7.212843333333333015e+09,-2.967646610925811501e-02,-3.547874378486221758e+01
7.212906666666666985e+09,-2.545672161282652723e-03,-3.547547632696382891e+01
7.212970000000000000e+09,-1.871124508557002741e-01,-3.568390644170749937e+01
7.213033333333333015e+09,2.140263523892826925e-02,-3.549925469166178971e+01
7.213096666666666985e+09,1.768464686851700662e-02,-3.552683601608178776e+01
7.213160000000000000e+09,-5.591992473341633740e-03,-3.557397599147289924e+01
7.213223333333333015e+09,-2.813574426804876794e-02,-3.562038307931652525e+01
7.213286666666666985e+09,-7.761926500621285641e-02,-3.569372993610427613e+01
7.213350000000000000e+09,-1.609053379863851774e-01,-3.580087934513370129e+01
7.213413333333333015e+09,8.057513700329366202e-03,-3.565577982949623959e+01
7.213476666666666985e+09,-5.445751931956976932e-02,-3.574215819856539156e+01
7.213540000000000000e+09,-3.793467101026237742e-02,-3.574949868630533700e+01
7.213603333333333015e+09,-1.172570197804105874e-01,-3.585268437112473805e+01
7.213666666666666985e+09,3.055680362320600807e-02,-3.572873388377037429e+01
7.213730000000000000e+09,-5.501079500108829734e-02,-3.583816481844392143e+01
7.213793333333333015e+09,-6.643344197332368140e-02,-3.587345080146540965e+01
7.213856666666666985e+09,3.662551167956706877e-02,-3.579425518386177174e+01
7.213920000000000000e+09,5.621737548631955406e-02,-3.579852665610427209e+01
7.213983333333333015e+09,-1.941487088322446652e-02,-3.589802223852306895e+01
7.214046666666666985e+09,5.907365926643137755e-02,-3.584339704442299990e+01
7.214110000000000000e+09,-2.773175473173239425e-03,-3.592910721521152340e+01
7.214173333333333015e+09,-5.816817806156393544e-02,-3.600836555384916693e+01
7.214236666666666985e+09,-9.654472092637433889e-02,-3.607060543276356412e+01
7.214300000000000000e+09,8.607053162374000976e-02,-3.591185351626236866e+01
7.214363333333333015e+09,8.145573095220726145e-02,-3.594033165298315424e+01
7.214426666666666985e+09,-1.269525984520356587e-01,-3.617260331843698395e+01
7.214490000000000000e+09,6.244061372797204967e-03,-3.606326999466106997e+01
7.214553333333333015e+09,2.932489260667381359e-02,-3.606405249947644620e+01
7.214616666666666985e+09,-1.462068140185124321e-02,-3.613186140953455805e+01
7.214680000000000000e+09,-1.823338431582754993e-02,-3.615933744849778719e+01
7.214743333333333015e+09,2.908440052492977657e-02,-3.613588299970594875e+01
7.214806666666666985e+09,-1.376637372317262020e-01,-3.632649447351219152e+01
7.214870000000000000e+09,3.628221496098404941e-02,-3.617641185736873410e+01
7.214933333333333015e+09,8.014818650390509447e-02,-3.615640922187473194e+01
7.214996666666666985e+09,-6.761810542787571876e-02,-3.632803884985609955e+01
7.215060000000000000e+09,-9.117066433547194038e-02,-3.637545474481294860e+01
7.215123333333333015e+09,7.638408401640361944e-02,-3.623176333250999193e+01
7.215186666666666985e+09,-1.036007979691433434e-01,-3.643561155054512568e+01
7.215250000000000000e+09,-1.042780681784947205e-01,-3.646015215680372989e+01
7.215313333333333015e+09,-7.007313769680223459e-02,-3.644981056237095629e+01
7.215376666666666985e+09,5.244172882756714671e-02,-3.635115903189617370e+01
7.215440000000000000e+09,-6.127760993911124388e-02,-3.648874170671210493e+01
7.215503333333333015e+09,4.465886067242053059e-02,-3.640666857214982599e+01
7.215566666666666985e+09,-3.187854370921883174e-02,-3.650706931258071819e+01
7.215630000000000000e+09,9.879162680448416722e-03,-3.648917494224030378e+01
7.215693333333333015e+09,-5.475203851018761725e-02,-3.657766947948019265e+01
7.215756666666666985e+09,1.150931361388742857e-01,-3.643168764088038358e+01
7.215820000000000000e+09,-8.910699564634683156e-02,-3.665975110871485754e+01
7.215883333333333015e+09,-1.143769921808583945e-01,-3.670888444129862194e+01
7.215946666666666985e+09,8.116267556317779963e-02,-3.653720810960417253e+01
7.216010000000000000e+09,-1.946223648109679516e-02,-3.666169635769736601e+01
7.216073333333333015e+09,-7.549478620040162014e-02,-3.674159224346592367e+01
7.216136666666666985e+09,1.031462013664707911e-01,-3.658681459194863805e+01
7.216200000000000000e+09,-1.219345533173097351e-01,-3.683575868268133746e+01
7.216263333333333015e+09,-1.614416361088899521e-02,-3.675383162902416956e+01
7.216326666666666985e+09,-4.626510653489646074e-02,-3.680781590799776382e+01
7.216390000000000000e+09,1.711750747101987713e-01,-3.661423906280158747e+01
7.216453333333333015e+09,-5.879873887012365685e-02,-3.686807621243116273e+01
7.216516666666666985e+09,-2.244599151011783533e-02,-3.685558680112074370e+01
7.216580000000000000e+09,6.700181293933127336e-02,-3.679000233272055453e+01
7.216643333333333015e+09,-2.453087928380170979e-03,-3.688332056963717775e+01
7.216706666666666985e+09,2.669938123755599690e-02,-3.687803143652083548e+01
7.216770000000000000e+09,-1.351441705553568795e-01,-3.706373832436300120e+01
7.216833333333333015e+09,-7.097605885441993223e-02,-3.702343354871097603e+01
7.216896666666666985e+09,-1.885996886117169424e-02,-3.699518079476732169e+01
7.216960000000000000e+09,-1.770722173132668331e-01,-3.717725637926866966e+01
7.217023333333333015e+09,-6.358031298305633072e-02,-3.708762781098737094e+01
7.217086666666666985e+09,-8.784630472625565289e-02,-3.713575713878016415e+01
7.217150000000000000e+09,-6.476523881693907470e-02,-3.713653940892010041e+01
7.217213333333333015e+09,-6.691135291103478266e-02,-3.716254885906310790e+01
7.217276666666666985e+09,-2.863155187846189165e-03,-3.712236399738951320e+01
7.217340000000000000e+09,-9.281132728949614830e-02,-3.723617550554041600e+01
7.217403333333333015e+09,9.264392792773179508e-02,-3.707458358637244089e+01
7.217466666666666985e+09,2.561836098621483870e-03,-3.718852901425080404e+01
7.217530000000000000e+09,-5.742138991195133713e-02,-3.727237557631062970e+01
7.217593333333333015e+09,-5.743734788805454627e-02,-3.729625487033598574e+01
7.217656666666666985e+09,-5.460336018154521298e-02,-3.731728421867872925e+01
7.217720000000000000e+09,4.559633253415995569e-02,-3.724094786201227691e+01
7.217783333333333015e+09,-8.524985923128269860e-02,-3.739565738982697241e+01
7.217846666666666985e+09,9.173950891556614806e-02,-3.724253135772971035e+01
7.217910000000000000e+09,5.730092733319480658e-02,-3.730083327536100057e+01
7.217973333333333015e+09,1.575595235620852463e-02,-3.736624158638723969e+01
7.218036666666666985e+09,8.183699009364175936e-02,-3.732402388469939325e+01
7.218100000000000000e+09,1.358543342291795852e-03,-3.742836566749966209e+01
7.218163333333333015e+09,1.971863513897886833e-02,-3.743386891175222786e+01
7.218226666666666985e+09,-1.335787495849487527e-01,-3.761102963252574227e+01
7.218290000000000000e+09,-2.609226641487794041e-02,-3.752740648540459034e+01
7.218353333333333015e+09,-2.674990715028968680e-03,-3.752785254575399421e+01
7.218416666666666985e+09,4.430993720930587187e-02,-3.750473095387924616e+01
7.218480000000000000e+09,-6.395861862117158125e-03,-3.757930008899958807e+01
7.218543333333333015e+09,-4.627433549133286306e-02,-3.764304189867805661e+01
7.218606666666666985e+09,5.991009854992057626e-02,-3.756072080068638996e+01
7.218670000000000000e+09,5.676466694730919471e-02,-3.758772956833825418e+01
7.218733333333333015e+09,-5.225482832182848369e-02,-3.772061239965631074e+01
7.218796666666666985e+09,-3.060011047533350848e-02,-3.772282101785940256e+01
7.218860000000000000e+09,-5.210832933006770418e-02,-3.776819257276338959e+01
7.218923333333333015e+09,1.061098597071463701e-02,-3.772933659351152613e+01
7.218986666666666985e+09,-4.193112085789607590e-02,-3.780574203638972364e+01
7.219050000000000000e+09,-1.603386101517898510e-01,-3.794801286173287025e+01
7.219113333333333015e+09,5.082677307856897642e-02,-3.776071081455143030e+01
7.219176666666666985e+09,-8.547053246147129357e-02,-3.792087145614105737e+01
7.219240000000000000e+09,8.032223083544209885e-02,-3.777894202889339681e+01
7.219303333333333015e+09,-6.494385644605671359e-02,-3.794807145222414846e+01
7.219366666666666985e+09,-6.865262461391097304e-02,-3.797564355644125556e+01
7.219430000000000000e+09,-1.357342611506737740e-01,-3.806658852902727119e+01
7.219493333333333015e+09,4.582213800443213358e-02,-3.790889546592141812e+01
7.219556666666666985e+09,-2.430307214166305130e-02,-3.800288401211676614e+01
7.219620000000000000e+09,1.000641059653162301e-01,-3.790238017005903970e+01
7.219683333333333015e+09,-1.019655158195647005e-01,-3.812827312789317347e+01
7.219746666666666985e+09,-5.195904405276507987e-03,-3.805536685252847207e+01
7.219810000000000000e+09,1.142433822933952570e-02,-3.806260994594277491e+01
7.219873333333333015e+09,6.891331170771763937e-02,-3.802898430851364964e+01
7.219936666666666985e+09,1.681106482805461155e-02,-3.810494989144289946e+01
7.220000000000000000e+09,-1.774062828779037204e-01,-3.832303057519777667e+01
7.220063333333333015e+09,-1.093174764839019986e-01,-3.827880510485302779e+01
7.220126666666666985e+09,-1.478617961244097501e-01,-3.834121276054312233e+01
7.220190000000000000e+09,9.305797118414460556e-02,-3.812415632928348685e+01
7.220253333333333015e+09,-7.459348479827099254e-02,-3.831567112131515529e+01
7.220316666666666985e+09,3.042036320279351003e-02,-3.823452060936367758e+01
7.220380000000000000e+09,2.799643079916336319e-02,-3.826080787781622661e+01
7.220443333333333015e+09,-2.891462944835154758e-02,-3.834158227411299436e+01
7.220506666666666985e+09,-5.015534150635403421e-02,-3.838668632222058363e+01
7.220570000000000000e+09,-4.886799529031549127e-02,-3.840926231205379793e+01
7.220633333333333015e+09,-3.164682073338553892e-02,-3.841590447354578686e+01
7.220696666666666985e+09,-1.664859528407092171e-01,-3.857460694170269733e+01
7.220760000000000000e+09,-1.865818505535088434e-02,-3.845064250996659183e+01
7.220823333333333015e+09,-6.790649964623440837e-02,-3.852375416060639424e+01
7.220886666666666985e+09,2.993465735244882353e-02,-3.844977633965729780e+01
7.220950000000000000e+09,-3.012897656241619870e-02,-3.853370330962141566e+01
7.221013333333333015e+09,5.508321767867130347e-02,-3.847235445142924704e+01
7.221076666666666985e+09,-1.101193186709537031e-02,-3.856231293702460050e+01
7.221140000000000000e+09,-7.766789797989304134e-02,-3.865283223918665101e+01
7.221203333333333015e+09,-5.935037238786833313e-02,-3.865837804964387914e+01
7.221266666666666985e+09,5.714203844782872466e-02,-3.856574897485743492e+01
7.221330000000000000e+09,7.235052890010962301e-02,-3.857440382045440685e+01
7.221393333333333015e+09,-8.036456085304166663e-02,-3.875098224625681098e+01
7.221456666666666985e+09,-7.320563180622485788e-02,-3.876768665325924701e+01
7.221520000000000000e+09,-8.134969321190510527e-03,-3.872647932682346550e+01
7.221583333333333015e+09,-1.324591165145960758e-01,-3.887466681006612390e+01
7.221646666666666985e+09,1.144274997770367008e-02,-3.875462827962307699e+01
7.221710000000000000e+09,-3.518627205508551015e-02,-3.882512063770511901e+01
7.221773333333333015e+09,-9.071790940349444554e-02,-3.890451561110278078e+01
7.221836666666666985e+09,-1.194629122790047404e-01,-3.895712395002788497e+01
7.221900000000000000e+09,-9.248341617345801069e-02,-3.895400778997125002e+01
7.221963333333333015e+09,-3.899873221890004515e-02,-3.892438644206594489e+01
7.222026666666666985e+09,9.360148154471659154e-02,-3.881564956435192215e+01
7.222090000000000000e+09,-8.998812870432004729e-02,-3.902310251064987767e+01
7.222153333333333015e+09,9.137220014232383392e-02,-3.886560551785248663e+01
7.222216666666666985e+09,-1.641594435432836008e-02,-3.899725699839872561e+01
7.222280000000000000e+09,-6.635605441518777070e-02,-3.907106044450850391e+01
7.222343333333333015e+09,-1.012225898643492883e-02,-3.903868998512900390e+01
7.222406666666666985e+09,-5.966456320511070999e-02,-3.911209562539726647e+01
7.222470000000000000e+09,-3.344199461608354795e-03,-3.907963859770301696e+01
7.222533333333333015e+09,-4.627830126205623174e-02,-3.914643603555238371e+01
7.222596666666666985e+09,-9.931160759216339784e-02,-3.922333267793207767e+01
7.222660000000000000e+09,-1.132742621814486483e-01,-3.926115866857061576e+01
7.222723333333333015e+09,4.318489083778587201e-02,-3.912856285160030012e+01
7.222786666666666985e+09,-9.557406862719375340e-02,-3.929118514711486654e+01
7.222850000000000000e+09,1.046644899330715361e-01,-3.911480992460385409e+01
7.222913333333333015e+09,-2.915733280277521544e-02,-3.927249508338861972e+01
7.222976666666666985e+09,-3.604788257437263610e-02,-3.930324896920980393e+01
7.223040000000000000e+09,-4.803496321244438150e-02,-3.933909938589712851e+01
7.223103333333333015e+09,-1.564267229341993470e-01,-3.947135448166813632e+01
7.223166666666666985e+09,-1.496177640994460489e-01,-3.948840885888263585e+01
7.223230000000000000e+09,-2.788735118499374721e-02,-3.939054178201743639e+01
7.223293333333333015e+09,1.697461807606970297e-02,-3.936954314880562578e+01
7.223356666666666985e+09,-4.874869532486059143e-03,-3.941525597246343438e+01
7.223420000000000000e+09,-1.605182871787178556e-01,-3.959476272615891901e+01
7.223483333333333015e+09,-1.647573189282880435e-01,-3.962286509395774203e+01
7.223546666666666985e+09,-4.753187356427446275e-02,-3.952950298464298129e+01
7.223610000000000000e+09,-1.118319233966431625e-01,-3.961766637052460283e+01
7.223673333333333015e+09,2.238945599602004677e-02,-3.950730832718119245e+01
7.223736666666666985e+09,-7.978429981348256206e-02,-3.963334541904028185e+01
7.223800000000000000e+09,3.493842595928953187e-02,-3.954248602931642864e+01
7.223863333333333015e+09,-1.114316328758633290e-01,-3.971271942420083434e+01
7.223926666666666985e+09,-1.243196359368425874e-03,-3.962639432373392623e+01
7.223990000000000000e+09,1.389460133309938783e-02,-3.963511986209037730e+01
7.224053333333333015e+09,-8.394527112940863844e-02,-3.975682307060213816e+01
7.224116666666666985e+09,-1.275149894014830920e-01,-3.982425612492379940e+01
7.224180000000000000e+09,-1.378929722330966001e-01,-3.985849744380433179e+01
7.224243333333333015e+09,1.378006758149297184e-02,-3.973068774003899506e+01
7.224306666666666985e+09,-1.729070068188747200e-01,-3.994123815048894954e+01
7.224370000000000000e+09,5.352434988758147938e-03,-3.978684204473056951e+01
7.224433333333333015e+09,-1.674778620936692164e-01,-3.998353567786191576e+01
7.224496666666666985e+09,-5.434553086715965264e-02,-3.989426668268499299e+01
7.224560000000000000e+09,2.101104654991559073e-02,-3.984277344131717058e+01
7.224623333333333015e+09,4.935718164881564007e-02,-3.983829064226718941e+01
7.224686666666666985e+09,-1.207093410256021571e-02,-3.992358209406815206e+01
7.224750000000000000e+09,-7.078113302248567607e-02,-4.000615562903733036e+01
7.224813333333333015e+09,-1.263719613179858925e-02,-3.997187502819556215e+01
7.224876666666666985e+09,-9.382631541833319488e-02,-4.007692748353168355e+01
7.224940000000000000e+09,-5.275421048110473521e-02,-4.005971871464370793e+01
7.225003333333333015e+09,-3.596068495577497970e-02,-4.006678852516763101e+01
7.225066666666666985e+09,-6.030030631229976734e-03,-4.006072120689233884e+01
7.225130000000000000e+09,-7.400147312726090831e-02,-4.015255598543762261e+01
7.225193333333333015e+09,4.528387710920611653e-02,-4.005713397125040842e+01
7.225256666666666985e+09,-1.687870883986164472e-01,-4.029506827280748382e+01
7.225320000000000000e+09,-7.181660664900846314e-02,-4.022196112710712868e+01
7.225383333333333015e+09,3.203684704519815796e-02,-4.014197100946217489e+01
7.225446666666666985e+09,4.333329551144515790e-03,-4.019353786300548137e+01
7.225510000000000000e+09,3.308776695329385120e-02,-4.018864676165258487e+01
7.225573333333333015e+09,-2.327252046163152954e-02,-4.026887038511676309e+01
7.225636666666666985e+09,-8.151555167032142890e-02,-4.035097675237503978e+01
7.225700000000000000e+09,-9.703939661373794934e-02,-4.039036393336737518e+01
7.225763333333333015e+09,-5.364151229352387418e-02,-4.037082938509641394e+01
7.225826666666666985e+09,5.902590728318557467e-03,-4.033514861812415830e+01
7.225890000000000000e+09,-5.563046775333191363e-02,-4.042054501265472766e+01
7.225953333333333015e+09,-9.264139296671203283e-02,-4.048141927391736061e+01
7.226016666666666985e+09,-4.111814568918958912e-02,-4.045375936268942496e+01
7.226080000000000000e+09,5.413315453153444423e-02,-4.038237139851761981e+01
7.226143333333333015e+09,-4.583396198518130404e-02,-4.050620185108358839e+01
7.226206666666666985e+09,1.108850343177962827e-01,-4.037334619083019760e+01
7.226270000000000000e+09,4.297384633311196467e-03,-4.050379717656393552e+01
7.226333333333333015e+09,6.038688781659828919e-02,-4.047157100942956731e+01
7.226396666666666985e+09,-9.424759481253630611e-02,-4.065006882810828870e+01
7.226460000000000000e+09,-7.020187289602830560e-02,-4.064988644224103354e+01
7.226523333333333015e+09,3.914967562320015304e-02,-4.056439822977072396e+01
7.226586666666666985e+09,-5.547111470527710253e-02,-4.068288235614878801e+01
7.226650000000000000e+09,-7.605673403814705580e-02,-4.072733131153091790e+01
7.226713333333333015e+09,-1.003448808948306237e-01,-4.077548279443651325e+01
7.226776666666666985e+09,-6.940783168764852462e-02,-4.076840908127892504e+01
7.226840000000000000e+09,-9.341804147408794279e-02,-4.081628262711461019e+01
7.226903333333333015e+09,-2.568437752124452800e-02,-4.077241229921102672e+01
7.226966666666666985e+09,-5.792237416231671432e-02,-4.082851363190134464e+01
7.227030000000000000e+09,-7.864146656539361402e-02,-4.087309606035368148e+01
7.227093333333333015e+09,-8.733185216381400551e-02,-4.090564978200135471e+01
7.227156666666666985e+09,6.147368871230440845e-02,-4.078070757717448913e+01
7.227220000000000000e+09,6.703700160711889566e-02,-4.079900760032892748e+01
7.227283333333333015e+09,-4.168668674516595729e-02,-4.093159462473046517e+01
7.227346666666666985e+09,8.585598340302169618e-02,-4.082791529063153035e+01
7.227410000000000000e+09,-1.188922442764948073e-01,-4.105652685436029969e+01
7.227473333333333015e+09,-8.498890053962782076e-02,-4.104648684667268554e+01
7.227536666666666985e+09,-2.672187536747117065e-02,-4.101208315755011569e+01
7.227600000000000000e+09,-6.710359964031908930e-02,-4.107632821787188249e+01
7.227663333333333015e+09,4.311891893723185376e-02,-4.098996903534358438e+01
7.227726666666666985e+09,-6.288735095593267488e-02,-4.111983864128633570e+01
7.227790000000000000e+09,4.783004145820513031e-02,-4.103298458492111678e+01
7.227853333333333015e+09,-1.721958711032627320e-01,-4.127687383353183748e+01
7.227916666666666985e+09,-3.995639592276489793e-02,-4.116849769440092643e+01
7.227980000000000000e+09,-9.506290227579228258e-02,-4.124746753680287270e+01
7.228043333333333015e+09,-3.704686894322861690e-02,-4.121331483951956187e+01
7.228106666666666985e+09,8.799136722645783948e-02,-4.111213993939946221e+01
7.228170000000000000e+09,-1.254368234459448672e-01,-4.134943146612111775e+01
7.228233333333333015e+09,-1.897089903594633142e-01,-4.143756696908355508e+01
7.228296666666666985e+09,-9.579320582729877742e-02,-4.136751452060097733e+01
7.228360000000000000e+09,-2.406423572161031643e-02,-4.131964888654454171e+01
7.228423333333333015e+09,-3.007884915595582243e-02,-4.134952683602780610e+01
7.228486666666666985e+09,-1.251078268557748174e-01,-4.146841914977721189e+01
7.228550000000000000e+09,-1.096637693644240130e-01,-4.147683842833511392e+01
7.228613333333333015e+09,4.964666980301757349e-02,-4.134139132521659121e+01
7.228676666666666985e+09,-2.323389192426148497e-01,-4.164724025031181043e+01
7.228740000000000000e+09,-2.815164160253473824e-01,-4.172028108314379580e+01
7.228803333333333015e+09,-1.492555589924222659e-01,-4.161188356215978956e+01
7.228866666666666985e+09,-1.428565848293033014e-01,-4.162934792404625739e+01
7.228930000000000000e+09,-9.385559115342800851e-02,-4.160421026641963493e+01
7.228993333333333015e+09,-2.023925959512951067e-02,-4.155445727091058927e+01
7.229056666666666985e+09,-9.580866930247111668e-02,-4.165389001666718372e+01
7.229120000000000000e+09,-9.227309517273596384e-02,-4.167421777858670140e+01
7.229183333333333015e+09,-1.320267303647639778e-01,-4.173783474982798225e+01
7.229246666666666985e+09,-1.708209555594280005e-01,-4.180049231107189911e+01
7.229310000000000000e+09,-1.098572449985226740e-01,-4.176339193656024662e+01
7.229373333333333015e+09,-1.876366207589299506e-01,-4.186503464836990673e+01
7.229436666666666985e+09,-2.437888031904620334e-01,-4.194505016685102561e+01
7.229500000000000000e+09,-8.724580441997176194e-02,-4.181237050412945422e+01
7.229563333333333015e+09,-1.163386547290627959e-01,-4.186532669048779809e+01
7.229626666666666985e+09,-2.610112983768431150e-01,-4.203386267018516520e+01
7.229690000000000000e+09,-1.223326316588568830e-01,-4.191904733951609785e+01
7.229753333333333015e+09,-1.149783059618982861e-01,-4.193555634986839209e+01
7.229816666666666985e+09,-1.849478763569649686e-01,-4.202938925631304556e+01
7.229880000000000000e+09,-2.572409843476322067e-01,-4.212554570035263168e+01
7.229943333333333015e+09,-4.068973303145995146e-01,-4.229906538236885183e+01
7.230006666666666985e+09,-2.543321740177830748e-01,-4.217036356212162218e+01
7.230070000000000000e+09,-5.133803001960757229e-01,-4.245327502434916767e+01
7.230133333333333015e+09,-4.059923762716763918e-01,-4.236975043647368722e+01
7.230196666666666985e+09,5.106193843877804284e-02,-4.193655945781281957e+01
7.230260000000000000e+09,-9.822216654043103290e-02,-4.210970689884128149e+01
7.230323333333333015e+09,3.293336243983304712e-01,-4.170601444395143886e+01
7.230386666666666985e+09,3.193480054745165830e-01,-4.173986339892483954e+01
7.230450000000000000e+09,2.590013336775598418e-01,-4.182407340677104912e+01
7.230513333333333015e+09,4.502935641164640401e-02,-4.206190872008588144e+01
7.230576666666666985e+09,1.841300842904587398e-01,-4.194667132825665590e+01
7.230640000000000000e+09,1.431377810927259020e-01,-4.201152696750364157e+01
7.230703333333333015e+09,2.659086865167381575e-01,-4.191261939812854820e+01
7.230766666666666985e+09,1.343849816310793699e-01,-4.206800643906379378e+01
7.230830000000000000e+09,1.837821719462411352e-01,-4.204247258479788485e+01
7.230893333333333015e+09,-6.454532622818476284e-03,-4.225657262541619730e+01
7.230956666666666985e+09,1.480909341657294931e-01,-4.212589049467690216e+01
7.231020000000000000e+09,8.118506726825103215e-02,-4.221665969762363346e+01
7.231083333333333015e+09,3.166111380799563335e-01,-4.200509696286118100e+01
7.231146666666666985e+09,4.992331087811407997e-02,-4.229564812611227609e+01
7.231210000000000000e+09,-3.835935529793488286e-02,-4.240779412833757789e+01
7.231273333333333015e+09,-8.142682686355584565e-02,-4.247472493595245169e+01
7.231336666666666985e+09,7.085286271814794645e-02,-4.234630858242034179e+01
7.231400000000000000e+09,3.292853721731603400e-03,-4.243773192746566991e+01
7.231463333333333015e+09,3.059843139396889455e-05,-4.246485751880526038e+01
7.231526666666666985e+09,1.331857439552521782e-01,-4.235556570933098897e+01
7.231590000000000000e+09,-4.725539502592823737e-02,-4.255987018436108826e+01
7.231653333333333015e+09,1.016208688473412280e-01,-4.243485725653707163e+01
7.231716666666666985e+09,-2.525430714648990715e-02,-4.258559576858049667e+01
7.231780000000000000e+09,-4.941982833270941455e-02,-4.263362462581563506e+01
7.231843333333333015e+09,9.316737838034327979e-03,-4.259875139569413705e+01
7.231906666666666985e+09,5.330872159126442966e-02,-4.257862274799049374e+01
7.231970000000000000e+09,5.896522457246788917e-02,-4.259682958105820916e+01
7.232033333333333015e+09,4.057948438482839038e-02,-4.263907865729510860e+01
7.232096666666666985e+09,1.339477585488566547e-01,-4.256957371918066713e+01
7.232160000000000000e+09,1.003587475196923151e-01,-4.262702606625908430e+01
7.232223333333333015e+09,2.235555800231026069e-01,-4.252769256980458579e+01
7.232286666666666985e+09,8.057024788458733155e-02,-4.269454123799269496e+01
7.232350000000000000e+09,-5.746255851192927366e-02,-4.285643738043846440e+01
7.232413333333333015e+09,4.226484774323324700e-02,-4.278057331023222076e+01
7.232476666666666985e+09,4.168271256524036517e-02,-4.280501878145980044e+01
7.232540000000000000e+09,7.766559288796770488e-02,-4.279289923718632593e+01
7.232603333333333015e+09,2.029886564592686682e-03,-4.289239827955861983e+01
7.232666666666666985e+09,-7.055390857863130805e-02,-4.298884541075143062e+01
7.232730000000000000e+09,3.034661136097582812e-02,-4.291180822686107632e+01
7.232793333333333015e+09,-2.465282882208441606e-02,-4.299067100309338940e+01
7.232856666666666985e+09,8.993497556078722255e-02,-4.289994653475977060e+01
7.232920000000000000e+09,-3.067802562171095815e-02,-4.304442287199152162e+01
7.232983333333333015e+09,6.597138535617119715e-02,-4.297163679706289230e+01
7.233046666666666985e+09,-1.301535228669763455e-01,-4.319162504133529268e+01
7.233110000000000000e+09,9.820637307066704125e-02,-4.298712848144690213e+01
7.233173333333333015e+09,2.651491956253693161e-02,-4.308268327100428507e+01
7.233236666666666985e+09,6.467256847868441128e-02,-4.306838895813772439e+01
7.233300000000000000e+09,4.437850500572437795e-02,-4.311254635765960330e+01
7.233363333333333015e+09,-5.328346245892845445e-02,-4.323407166117350897e+01
7.233426666666666985e+09,-1.127563658126433666e-01,-4.331740790057681068e+01
7.233490000000000000e+09,1.154361271528898669e-01,-4.311307874366019632e+01
7.233553333333333015e+09,-7.839299622649775756e-02,-4.333077120308883678e+01
7.233616666666666985e+09,-1.587122265091522877e-02,-4.329211276556284105e+01
7.233680000000000000e+09,-1.554323505624850554e-01,-4.345553722952332976e+01
7.233743333333333015e+09,7.134921546610684118e-02,-4.325261899954399070e+01
7.233806666666666985e+09,-3.250536277152349385e-02,-4.338033691383120782e+01
7.233870000000000000e+09,5.291304947155595073e-02,-4.331878183763704726e+01
7.233933333333333015e+09,-1.242975711554237250e-01,-4.351985579431327977e+01
7.233996666666666985e+09,1.614137636550978527e-01,-4.325800779555234499e+01
7.234060000000000000e+09,-5.031819687495442395e-03,-4.344831671494419112e+01
7.234123333333333015e+09,-2.435581696765609649e-03,-4.346958381300238017e+01
7.234186666666666985e+09,-4.020920276460060450e-03,-4.349503248763166141e+01
7.234250000000000000e+09,-8.176830088241615613e-02,-4.359664320428687034e+01
7.234313333333333015e+09,2.129143061981864093e-02,-4.351744680883355443e+01
7.234376666666666985e+09,-1.363490030086538241e-01,-4.369895057851161368e+01
7.234440000000000000e+09,-8.245259095209434008e-02,-4.366891750250430704e+01
7.234503333333333015e+09,4.564977406933223847e-02,-4.356467847353179934e+01
7.234566666666666985e+09,-9.572665414712133725e-02,-4.372991823779783971e+01
7.234630000000000000e+09,7.804707165924185119e-02,-4.358000784804072936e+01
7.234693333333333015e+09,-8.759037317706486192e-02,-4.376950862892628891e+01
7.234756666666666985e+09,4.895489601113922618e-02,-4.365682669578733766e+01
7.234820000000000000e+09,-2.825753526110474922e-03,-4.373247068137384019e+01
7.234883333333333015e+09,1.397117933097860032e-01,-4.361379647058719655e+01
7.234946666666666985e+09,1.231662666115340699e-02,-4.376505497328508199e+01
7.235010000000000000e+09,-4.290304201908412551e-02,-4.384413797801457235e+01
7.235073333333333015e+09,-1.887600788465491064e-01,-4.401385835089129017e+01
7.235136666666666985e+09,1.708690466841034095e-01,-4.367809256140989049e+01
7.235200000000000000e+09,-2.356570065340690689e-02,-4.389639064479665365e+01
7.235263333333333015e+09,7.852716980998764029e-03,-4.388883556321150081e+01
7.235326666666666985e+09,3.362336901319906701e-02,-4.388692824722888730e+01
7.235390000000000000e+09,-2.381042208772043978e-02,-4.396822537437872569e+01
7.235453333333333015e+09,6.030781706711252355e-02,-4.390797047127314556e+01
7.235516666666666985e+09,-1.130260652932122412e-01,-4.410516768968305712e+01
7.235580000000000000e+09,-8.441822276480337450e-02,-4.410042318320356713e+01
7.235643333333333015e+09,-1.843543832627858592e-02,-4.405830373481429518e+01
7.235706666666666985e+09,1.551540625941782992e-02,-4.404821622627818556e+01
7.235770000000000000e+09,-3.948084134036378146e-02,-4.412707580992688605e+01
7.235833333333333015e+09,2.476005646112611203e-02,-4.408669824817464900e+01
7.235896666666666985e+09,4.946612526419613687e-02,-4.408585551542116576e+01
7.235960000000000000e+09,4.949833971878803140e-02,-4.410968663701582670e+01
7.236023333333333015e+09,-2.946911478721858657e-02,-4.421251742757075220e+01
7.236086666666666985e+09,-1.282763409507978736e-01,-4.433518798978391828e+01
7.236150000000000000e+09,-8.082184952598225891e-02,-4.431159683440835551e+01
7.236213333333333015e+09,-6.377837325717194972e-02,-4.431841669418846408e+01
7.236276666666666985e+09,4.821194787813709581e-02,-4.423028970910274182e+01
7.236340000000000000e+09,2.924675716276681214e-02,-4.427311823586736494e+01
7.236403333333333015e+09,1.710882939076441289e-02,-4.430911949968828623e+01
7.236466666666666985e+09,-5.884185394833707505e-02,-4.440893351907697451e+01
7.236530000000000000e+09,-5.309557665523101377e-02,-4.442705057783312128e+01
7.236593333333333015e+09,-8.383970571293986040e-02,-4.448165804294009007e+01
7.236656666666666985e+09,-2.246301384261073508e-04,-4.442190630341482205e+01
7.236720000000000000e+09,-3.158458994261081898e-02,-4.447712959926826670e+01
7.236783333333333015e+09,-1.281541962427468206e-02,-4.448222376499917630e+01
7.236846666666666985e+09,-2.338495234255333344e-05,-4.449329506637650411e+01
7.236910000000000000e+09,8.068094928233904284e-03,-4.450906692254517338e+01
7.236973333333333015e+09,4.155166918617680949e-02,-4.449944668433649042e+01
7.237036666666666985e+09,4.978463868246052471e-02,-4.451507705088945244e+01
7.237100000000000000e+09,-2.729330799269291674e-02,-4.461601833361386582e+01
7.237163333333333015e+09,9.494371082389108096e-02,-4.451764465084652755e+01
7.237226666666666985e+09,-8.479853657839697689e-02,-4.472125023429840951e+01
7.237290000000000000e+09,-1.140987449861512459e-01,-4.477441377875507555e+01
7.237353333333333015e+09,3.256290155192687052e-03,-4.468092207966299156e+01
7.237416666666666985e+09,-1.855287965017566876e-01,-4.489357050236952773e+01
7.237480000000000000e+09,-4.072908084670245898e-02,-4.477263412276339238e+01
7.237543333333333015e+09,-1.275239527069516043e-02,-4.476852077323663792e+01
7.237606666666666985e+09,7.680931988461026094e-02,-4.470282239413091929e+01
7.237670000000000000e+09,7.221015330112123820e-02,-4.473128489676332720e+01
7.237733333333333015e+09,-6.542332245913229372e-02,-4.489278170857283357e+01
7.237796666666666985e+09,-1.448134493079820118e-01,-4.499603517147127008e+01
7.237860000000000000e+09,-3.022638911605213252e-02,-4.490531144732859303e+01
7.237923333333333015e+09,3.210076523924243475e-02,-4.486684762902221735e+01
7.237986666666666985e+09,-3.281784723347414001e-02,-4.495562957754452071e+01
7.238050000000000000e+09,7.162704120190710455e-03,-4.493951236224010870e+01
7.238113333333333015e+09,1.601930417152885866e-02,-4.495451909823768943e+01
7.238176666666666985e+09,-1.572517457683630937e-02,-4.501012691303564139e+01
7.238240000000000000e+09,1.492794323993251737e-02,-4.500333713126812540e+01
7.238303333333333015e+09,7.558003165759430431e-02,-4.496654837889938250e+01
7.238366666666666985e+09,-1.665513093091206542e-01,-4.523254305591568425e+01
7.238430000000000000e+09,1.294220988540928374e-02,-4.507691287277040715e+01
7.238493333333333015e+09,-9.148640252085726843e-02,-4.520520482122592654e+01
7.238556666666666985e+09,3.259810150474606871e-03,-4.513432194460384750e+01
7.238620000000000000e+09,2.174160239557920704e-02,-4.513970348840799574e+01
7.238683333333333015e+09,1.898543813403819058e-02,-4.516632298871878959e+01
7.238746666666666985e+09,-1.037529216915800134e-02,-4.521954705507123862e+01
7.238810000000000000e+09,1.039989252592405933e-01,-4.512903617369209286e+01
7.238873333333333015e+09,3.480237454677848064e-02,-4.522209606045380781e+01
7.238936666666666985e+09,2.689818603599292146e-02,-4.525386358501384620e+01
7.239000000000000000e+09,-7.352281968059770634e-02,-4.537814792677968967e+01
7.239063333333333015e+09,1.402425717114539339e-01,-4.518824587143689087e+01
7.239126666666666985e+09,-8.222389612212310794e-02,-4.543457567532005470e+01
7.239190000000000000e+09,4.968820048969035952e-02,-4.532652691475716011e+01
7.239253333333333015e+09,4.395492755588747968e-02,-4.535612352374021583e+01
7.239316666666666985e+09,-1.085210564909004916e-01,-4.553246284383659059e+01
7.239380000000000000e+09,8.556190135495711502e-02,-4.536224322203965187e+01
7.239443333333333015e+09,-7.482709254133368404e-02,-4.554649555198519550e+01
7.239506666666666985e+09,1.030243350945454495e-01,-4.539250746039890316e+01
7.239570000000000000e+09,-3.878891292399799795e-02,-4.555818404446636549e+01
7.239633333333333015e+09,-2.311399614514328960e-01,-4.577439842904305323e+01
7.239696666666666985e+09,1.303027441804971431e-01,-4.543681905946070998e+01
7.239760000000000000e+09,8.941425297332727951e-02,-4.550157088671713268e+01
7.239823333333333015e+09,3.673471467097755294e-02,-4.557811376106840129e+01
7.239886666666666985e+09,1.072396906294912355e-01,-4.553147212115947440e+01
7.239950000000000000e+09,-1.169869451649176995e-01,-4.577956209300313617e+01
7.240013333333333015e+09,-1.128403656397622967e-01,-4.579927884952689965e+01
7.240076666666666985e+09,1.330749278523128964e-01,-4.557722689208441125e+01
7.240140000000000000e+09,-8.450732569998820054e-02,-4.581867248168596518e+01
7.240203333333333015e+09,-2.736711661165003306e-02,-4.578539560864654590e+01
7.240266666666666985e+09,-9.635168347207212491e-02,-4.587824351155655478e+01
7.240330000000000000e+09,-7.137201412773208631e-02,-4.587712717826146758e+01
7.240393333333333015e+09,-2.376848523368124688e-02,-4.585338698541666957e+01
7.240456666666666985e+09,-7.372411648633203640e-02,-4.592720595271857320e+01
7.240520000000000000e+09,-6.922788736058294035e-02,-4.594657305964207694e+01
7.240583333333333015e+09,9.321782108872156414e-02,-4.580799068724202527e+01
7.240646666666666985e+09,2.852608746913176674e-03,-4.592221923563308650e+01
7.240710000000000000e+09,-1.894818626643512971e-01,-4.613841704309360381e+01
7.240773333333333015e+09,-1.895234570288550913e-02,-4.599175086218139086e+01
7.240836666666666985e+09,4.483190728635122468e-03,-4.599217866179912306e+01
7.240900000000000000e+09,2.355665088575165100e-02,-4.599696853769125937e+01
7.240963333333333015e+09,3.197906854993703973e-02,-4.601240945607632682e+01
7.241026666666666985e+09,-5.870348222759957935e-02,-4.612695534290345023e+01
7.241090000000000000e+09,-1.708003190364237867e-01,-4.626291551576119332e+01
7.241153333333333015e+09,9.458218996913103638e-02,-4.602139634280489133e+01
7.241216666666666985e+09,-1.085561598411288742e-02,-4.615069748480772205e+01
7.241280000000000000e+09,-8.428465819793018454e-02,-4.624798986307045823e+01
7.241343333333333015e+09,-1.014230947449732412e-01,-4.628899163566675412e+01
7.241406666666666985e+09,1.884614589996402856e-02,-4.619258573107141075e+01
7.241470000000000000e+09,-3.343164673131582276e-02,-4.626872685975160948e+01
7.241533333333333015e+09,-5.264431225719334861e-02,-4.631180286132673274e+01
7.241596666666666985e+09,1.169525010570353629e-01,-4.616606938406209082e+01
7.241660000000000000e+09,-1.256088801785324449e-01,-4.643249410134691857e+01
7.241723333333333015e+09,-9.211046069103900891e-02,-4.642285901790834401e+01
7.241786666666666985e+09,-1.625371536955526608e-01,-4.651714904696244446e+01
7.241850000000000000e+09,-8.321328606695033159e-02,-4.646168851538308786e+01
7.241913333333333015e+09,1.765180555457135370e-02,-4.638468675981048506e+01
7.241976666666666985e+09,-8.757407335799172188e-02,-4.651377597477263492e+01
7.242040000000000000e+09,2.955406834573182095e-03,-4.644710983062932996e+01
7.242103333333333015e+09,-5.573696042822717800e-02,-4.652966553394104920e+01
7.242166666666666985e+09,-9.586847802539466556e-02,-4.659366038758780348e+01
7.242230000000000000e+09,3.422867479347502240e-02,-4.648742657081817953e+01
7.242293333333333015e+09,-7.286759887087157495e-03,-4.655280534154766059e+01
7.242356666666666985e+09,-6.321323775591025651e-02,-4.663259515546607048e+01
7.242420000000000000e+09,2.957632052859793248e-02,-4.656366893323082223e+01
7.242483333333333015e+09,-8.239191048616589796e-03,-4.662534778085728959e+01
7.242546666666666985e+09,7.708270191143640204e-02,-4.656388922394648944e+01
7.242610000000000000e+09,8.202836846961503170e-02,-4.658280689343756364e+01
7.242673333333333015e+09,-1.398856847679255111e-01,-4.682858428272435702e+01
7.242736666666666985e+09,-2.620397849063493823e-02,-4.673876591249631929e+01
7.242800000000000000e+09,2.259359912094396350e-01,-4.651048927884549755e+01
7.242863333333333015e+09,-1.520725176401782619e-02,-4.677549585786820785e+01
7.242926666666666985e+09,-7.308618272369926672e-02,-4.685723812487747608e+01
7.242990000000000000e+09,-9.900003090823616958e-02,-4.690701530911093187e+01
7.243053333333333015e+09,-1.080361657329191871e-01,-4.693991477998486772e+01
7.243116666666666985e+09,-4.621731802990325377e-02,-4.690195926833143858e+01
7.243180000000000000e+09,-2.763048050989240778e-01,-4.715591009144937829e+01
7.243243333333333015e+09,1.156830339047161260e-01,-4.678778558849499092e+01
7.243306666666666985e+09,-1.225659778960874746e-01,-4.704989793634538131e+01
7.243370000000000000e+09,-2.372929432866044408e-03,-4.695356822393107876e+01
7.243433333333333015e+09,-9.980042538586531009e-04,-4.697605663480132421e+01
7.243496666666666985e+09,-1.006301611461211110e-01,-4.709955212774317346e+01
7.243560000000000000e+09,-4.958506208029689333e-02,-4.707237036472660208e+01
7.243623333333333015e+09,-1.436396807082047644e-01,-4.719028831940342883e+01
7.243686666666666985e+09,1.726959449344676045e-01,-4.689781602981034325e+01
7.243750000000000000e+09,-8.929839445480070026e-02,-4.718367370524886439e+01
7.243813333333333015e+09,8.702334880013040674e-02,-4.703121529804285217e+01
7.243876666666666985e+09,-1.820300924322282299e-03,-4.714392228381689165e+01
7.243940000000000000e+09,-6.440775052659830635e-03,-4.717240609399448203e+01
7.244003333333333015e+09,1.159544239160226198e-02,-4.717823321259913882e+01
7.244066666666666985e+09,-9.402241462668570193e-02,-4.730771440566701358e+01
7.244130000000000000e+09,-3.190684735154292184e-02,-4.726946217444112364e+01
7.244193333333333015e+09,-7.544575188745028527e-02,-4.733686441502594988e+01
7.244256666666666985e+09,2.801688146565339821e-02,-4.725726511772243299e+01
7.244320000000000000e+09,3.638404887770718688e-02,-4.727276128635963204e+01
7.244383333333333015e+09,9.029044237394856509e-02,-4.724271822891264350e+01
7.244446666666666985e+09,-1.284837655185313565e-01,-4.748535577285437626e+01
7.244510000000000000e+09,-7.254618462316386740e-02,-4.745328152800826160e+01
7.244573333333333015e+09,-1.874207672504439870e-01,-4.759201944668479456e+01
7.244636666666666985e+09,7.845330089182311895e-02,-4.735000871459178029e+01
7.244700000000000000e+09,-9.411361378788285492e-02,-4.754643896532073910e+01
7.244763333333333015e+09,1.372324665053525905e-02,-4.746246544093157382e+01
7.244826666666666985e+09,-9.445822107557688696e-02,-4.759451024470727276e+01
7.244890000000000000e+09,-1.113652794479094155e-01,-4.763528063912852417e+01
7.244953333333333015e+09,1.493988446921434843e-02,-4.753283881126065324e+01
7.245016666666666985e+09,-3.638825051772442976e-02,-4.760803028229717881e+01
7.245080000000000000e+09,-1.221305194488309098e-02,-4.760771841977325636e+01
7.245143333333333015e+09,-8.665104058471939652e-02,-4.770601974446234550e+01
7.245206666666666985e+09,-2.073517718482023042e-01,-4.785058381177541520e+01
7.245270000000000000e+09,-2.172083759002418901e-02,-4.768881621356615597e+01
7.245333333333333015e+09,-2.032830548613162591e-02,-4.771128701751151624e+01
7.245396666666666985e+09,-5.700575159175258477e-02,-4.777182779966672399e+01
7.245460000000000000e+09,-9.805799293347661205e-02,-4.783674337705736690e+01
7.245523333333333015e+09,-6.262656633317931210e-03,-4.776881137680646106e+01
7.245586666666666985e+09,2.310153632292610837e-02,-4.776331051989980381e+01
7.245650000000000000e+09,-5.626289177413923426e-04,-4.781083802118972415e+01
7.245713333333333015e+09,-1.012616117475886313e-01,-4.793540034006849027e+01
7.245776666666666985e+09,-5.947059548233823989e-02,-4.791747265985282667e+01
7.245840000000000000e+09,6.579072381294537308e-02,-4.781607467660679589e+01
7.245903333333333015e+09,-6.590923399643600078e-02,-4.797163797046509615e+01
7.245966666666666985e+09,-1.894404642262514926e-02,-4.794853611894087209e+01
7.246030000000000000e+09,1.605155124500825536e-01,-4.779293989611741722e+01
7.246093333333333015e+09,-9.013458248365679992e-02,-4.806745332710007546e+01
7.246156666666666985e+09,1.217087757317614205e-02,-4.798901120309282931e+01
7.246220000000000000e+09,1.837536047326437938e-02,-4.800667005624199390e+01
7.246283333333333015e+09,-5.976575554623764219e-02,-4.810867450831075587e+01
7.246346666666666985e+09,-5.218485172380127324e-02,-4.812495694053756523e+01
7.246410000000000000e+09,-5.624629957489446497e-02,-4.815288172443791836e+01
7.246473333333333015e+09,-5.575571195223005816e-02,-4.817625447286449969e+01
7.246536666666666985e+09,8.129924087934625732e-02,-4.806306285608218332e+01
7.246600000000000000e+09,1.313264755332710365e-02,-4.815509278545744820e+01
7.246663333333333015e+09,-1.631382086052113323e-01,-4.835522697766524658e+01
7.246726666666666985e+09,-1.220127964293595824e-01,-4.833796490153898162e+01
7.246790000000000000e+09,2.445245125392148111e-02,-4.821536298990461944e+01
7.246853333333333015e+09,-7.740576347604388729e-02,-4.834108454068383054e+01
7.246916666666666985e+09,-1.058763540593332664e-02,-4.829812974866330677e+01
7.246980000000000000e+09,6.436922325889327112e-03,-4.830496852698040300e+01
7.247043333333333015e+09,-1.280149720854950601e-02,-4.834807028256410177e+01
7.247106666666666985e+09,2.299030850262084869e-02,-4.833614181290251821e+01
7.247170000000000000e+09,-5.273336948658169376e-02,-4.843572882694063964e+01
7.247233333333333015e+09,8.773237105124565005e-03,-4.839808555639817911e+01
7.247296666666666985e+09,-7.349425430059142172e-02,-4.850421638385348899e+01
7.247360000000000000e+09,-3.518866950230403745e-03,-4.845810433255203975e+01
7.247423333333333015e+09,-8.347767905910785657e-02,-4.856192648071017715e+01
7.247486666666666985e+09,-1.183186503327959826e-02,-4.851414400273393568e+01
7.247550000000000000e+09,-6.486373899363684359e-03,-4.853266184764927260e+01
7.247613333333333015e+09,1.036940096932141842e-01,-4.844634480010560651e+01
7.247676666666666985e+09,1.324732794018785853e-01,-4.844142886644653601e+01
7.247740000000000000e+09,-1.324066330578830275e-01,-4.873017211495555046e+01
7.247803333333333015e+09,-1.130213914381954510e-01,-4.873465020938478176e+01
7.247866666666666985e+09,2.393663496437881122e-02,-4.862155551903179429e+01
7.247930000000000000e+09,9.578157020439448388e-02,-4.857357391984103145e+01
7.247993333333333015e+09,2.411173461275240015e-02,-4.866910709148159242e+01
7.248056666666666985e+09,-1.672289605818733094e-01,-4.888431112272580492e+01
7.248120000000000000e+09,1.516550944364780662e-02,-4.872577998874953664e+01
7.248183333333333015e+09,-2.112442226520272470e-02,-4.878593325650764001e+01
7.248246666666666985e+09,-1.231043912677591834e-01,-4.891177656155944931e+01
7.248310000000000000e+09,-1.448899955051103916e-01,-4.895742550184605335e+01
7.248373333333333015e+09,-6.383425120690588983e-02,-4.890023309359710169e+01
7.248436666666666985e+09,7.362393060451211113e-02,-4.878663824783493652e+01
7.248500000000000000e+09,-1.074805506192433313e-03,-4.888520031999489390e+01
7.248563333333333015e+09,-3.484708847970097167e-02,-4.894283593901765528e+01
7.248626666666666985e+09,-1.722366193348463526e-01,-4.910408880592205350e+01
7.248690000000000000e+09,-1.264191761908790568e-01,-4.908213469882733904e+01
7.248753333333333015e+09,2.705304528964802557e-02,-4.895252581339606479e+01
7.248816666666666985e+09,1.803142772084243006e-02,-4.898541076701445718e+01
7.248880000000000000e+09,-3.663594215038301627e-02,-4.906394147293460151e+01
7.248943333333333015e+09,-2.414078511613126921e-03,-4.905358294534508445e+01
7.249006666666666985e+09,-5.262289019211152663e-02,-4.912765509307516965e+01
7.249070000000000000e+09,-1.902620584380017021e-01,-4.928915759736997870e+01
7.249133333333333015e+09,2.864795022821908788e-02,-4.909411092475301075e+01
7.249196666666666985e+09,-2.222514408414610898e-02,-4.916884735511496274e+01
7.249260000000000000e+09,-8.556546076073345830e-02,-4.925605100784046897e+01
7.249323333333333015e+09,-7.283500348064109176e-02,-4.926718388660962944e+01
7.249386666666666985e+09,-1.304327685510742185e-02,-4.923125549603368256e+01
7.249450000000000000e+09,-7.784508154389868650e-02,-4.931992063677172666e+01
7.249513333333333015e+09,-7.600225846108088490e-02,-4.934194114973782774e+01
7.249576666666666985e+09,-1.568705778894425862e-01,-4.944667280521577624e+01
7.249640000000000000e+09,-2.782714491073079444e-02,-4.934149270828631728e+01
7.249703333333333015e+09,-1.194454088678753578e-02,-4.934947344031129290e+01
7.249766666666666985e+09,1.121531247299927259e-01,-4.924923911074409943e+01
7.249830000000000000e+09,2.395348466740188087e-02,-4.936130208685594312e+01
7.249893333333333015e+09,1.532806189340831793e-01,-4.925583828863818070e+01
7.249956666666666985e+09,-1.413682423671502875e-01,-4.957435048598900096e+01
7.250020000000000000e+09,7.496805813679685571e-02,-4.938187752153430665e+01
7.250083333333333015e+09,-1.571460672707871709e-01,-4.963785498299114352e+01
7.250146666666666985e+09,-7.448350123325298000e-02,-4.957905575300286216e+01
7.250210000000000000e+09,-9.318750067415493277e-02,-4.962162308849301695e+01
7.250273333333333015e+09,-4.264848364397266778e-02,-4.959494740751208752e+01
7.250336666666666985e+09,-1.603589110442982246e-02,-4.959219815102179751e+01
7.250400000000000000e+09,4.905928940722503739e-03,-4.959511966702589802e+01
7.250463333333333015e+09,-5.496090211622828292e-02,-4.967884983413210165e+01
7.250526666666666985e+09,-1.217309769493724048e-01,-4.976948324501449861e+01
7.250590000000000000e+09,7.889135670165359215e-02,-4.959272424741272545e+01
7.250653333333333015e+09,-7.712019427391680892e-02,-4.977259913443754868e+01
7.250716666666666985e+09,-1.261398746430231199e-01,-4.984548215085624179e+01
7.250780000000000000e+09,-3.746723852341915517e-02,-4.978067285078555670e+01
7.250843333333333015e+09,-2.173480194047527903e-02,-4.978880375025186567e+01
7.250906666666666985e+09,1.088327213861219889e-01,-4.968209956297485519e+01
7.250970000000000000e+09,2.203928606650862321e-02,-4.979275633434338744e+01
7.251033333333333015e+09,1.553422000650073187e-02,-4.982312473645264816e+01
7.251096666666666985e+09,-6.543493636216624054e-02,-4.992795722887090903e+01
7.251160000000000000e+09,4.272557787358977066e-02,-4.984366005068406480e+01
7.251223333333333015e+09,-1.153188865123766504e-01,-5.002556785111928406e+01
7.251286666666666985e+09,4.546838574298561753e-02,-4.988864391491350858e+01
7.251350000000000000e+09,9.339318813007935205e-02,-4.986458244857567479e+01
7.251413333333333015e+09,3.201265960268528943e-02,-4.994982631315198063e+01
7.251476666666666985e+09,1.872246025655499579e-02,-4.998697984854770482e+01
7.251540000000000000e+09,-5.361284721925585472e-02,-5.008317849207276140e+01
7.251603333333333015e+09,-9.244134808206894149e-02,-5.014587032898449337e+01
7.251666666666666985e+09,-3.586556318838063362e-02,-5.011315788014039185e+01
7.251730000000000000e+09,-8.123021540023955822e-02,-5.018238586840151072e+01
7.251793333333333015e+09,-1.093870832017103112e-01,-5.023440607225190035e+01
7.251856666666666985e+09,-1.036959960794803237e-01,-5.025257832117925716e+01
7.251920000000000000e+09,-8.000318306095266507e-03,-5.018074597945511783e+01
7.251983333333333015e+09,-6.722761083779715818e-02,-5.026383660803607967e+01
7.252046666666666985e+09,7.118747259462310240e-02,-5.014928486065290514e+01
7.252110000000000000e+09,-1.609939176978940623e-01,-5.040532958699468224e+01
7.252173333333333015e+09,2.596719936107660942e-02,-5.024223180598495730e+01
7.252236666666666985e+09,-2.928260299330531780e-02,-5.032134494438859917e+01
7.252300000000000000e+09,-1.655562763625155753e-01,-5.048148195380705516e+01
7.252363333333333015e+09,7.487600284548534546e-03,-5.033230141320925100e+01
7.252426666666666985e+09,-1.266712892208801122e-01,-5.049032363876392537e+01
7.252490000000000000e+09,-4.090938949160971561e-02,-5.042842507508391492e+01
7.252553333333333015e+09,-7.836322320981992107e-02,-5.048974224485137086e+01
7.252616666666666985e+09,-1.300024114160365230e-01,-5.056524476910718136e+01
7.252680000000000000e+09,1.398608618388408331e-02,-5.044511960755617963e+01
7.252743333333333015e+09,2.540943161218223167e-02,-5.045755959817713432e+01
7.252806666666666985e+09,-6.863615944769207999e-02,-5.057546852528659542e+01
7.252870000000000000e+09,-1.391152029956685965e-01,-5.066981090488349082e+01
7.252933333333333015e+09,4.308960155142216308e-02,-5.051146943638565290e+01
7.252996666666666985e+09,1.615826540322302662e-01,-5.041683971995443159e+01
7.253060000000000000e+09,-9.647449310859457228e-02,-5.069876020314417531e+01
7.253123333333333015e+09,7.225862507269198431e-03,-5.061892318357756437e+01
7.253186666666666985e+09,-1.765059058645590540e-01,-5.082651828799897942e+01
7.253250000000000000e+09,-5.751857539784310802e-02,-5.073139429358151631e+01
7.253313333333333015e+09,-2.153604667012913865e-01,-5.091309952093388347e+01
7.253376666666666985e+09,7.982374406500269970e-02,-5.064177864621717617e+01
7.253440000000000000e+09,-3.145340450316780334e-04,-5.074578026037646339e+01
7.253503333333333015e+09,-1.312006510830485695e-01,-5.090052971346339916e+01
7.253566666666666985e+09,2.891312703521009553e-02,-5.076427927139472729e+01
7.253630000000000000e+09,3.132420008629566155e-02,-5.078573153439289456e+01
7.253693333333333015e+09,2.825801748765144339e-02,-5.081266105304045766e+01
7.253756666666666985e+09,-1.147468626951990700e-01,-5.097952926927289496e+01
7.253820000000000000e+09,-9.552467226825456237e-04,-5.088960098934963128e+01
7.253883333333333015e+09,5.930461511108831019e-02,-5.085320446356477930e+01
7.253946666666666985e+09,6.372799386969063562e-02,-5.087264442085576377e+01
7.254010000000000000e+09,-7.741420673561094645e-03,-5.096797717144826834e+01
7.254073333333333015e+09,2.690852966254908551e-02,-5.095719055716141099e+01
7.254136666666666985e+09,-5.164028167313716722e-02,-5.105960270454635008e+01
7.254200000000000000e+09,-8.595562590173244644e-03,-5.104042132151263900e+01
7.254263333333333015e+09,-8.912575851496740142e-03,-5.106460167082321533e+01
7.254326666666666985e+09,4.602577525169238015e-02,-5.103352665576927905e+01
7.254390000000000000e+09,-3.084612671516140381e-02,-5.113426189378538567e+01
7.254453333333333015e+09,8.319738840604884444e-02,-5.104408171471342825e+01
7.254516666666666985e+09,-7.624416870733341511e-03,-5.115876685603979723e+01
7.254580000000000000e+09,5.923648391295444071e-02,-5.111576929130502833e+01
7.254643333333333015e+09,5.575545916912716393e-02,-5.114311365209810845e+01
7.254706666666666985e+09,-7.221134740102996830e-02,-5.129494379471785237e+01
7.254770000000000000e+09,2.985386301675418963e-02,-5.121674192034898709e+01
7.254833333333333015e+09,-9.576770202903617246e-02,-5.136622682144403029e+01
7.254896666666666985e+09,-5.806999265517731601e-02,-5.135239244811975823e+01
7.254960000000000000e+09,-1.684299711117773768e-01,-5.148661576262527717e+01
7.255023333333333015e+09,-1.042842315779068940e-01,-5.144633335914065952e+01
7.255086666666666985e+09,-9.118780733599152200e-02,-5.145710027094833094e+01
7.255150000000000000e+09,1.116779655565380835e-01,-5.127809783410505418e+01
7.255213333333333015e+09,-7.287678624433624464e-02,-5.148651592195484739e+01
7.255276666666666985e+09,-5.524467490432272143e-02,-5.149274714666442065e+01
7.255340000000000000e+09,1.009564419535351476e-01,-5.136040936585581562e+01
7.255403333333333015e+09,5.349173566088438747e-02,-5.143173740819738526e+01
7.255466666666666985e+09,-1.888342583546886999e-01,-5.169792673826254514e+01
7.255530000000000000e+09,1.246933479974572379e-01,-5.140826246795965204e+01
7.255593333333333015e+09,1.374233174563812554e-01,-5.141939583454964691e+01
7.255656666666666985e+09,-4.372560537725433960e-02,-5.162440809343286929e+01
7.255720000000000000e+09,-8.871370421171320686e-02,-5.169325952831658100e+01
7.255783333333333015e+09,-6.480814511754573459e-02,-5.169321730527133241e+01
7.255846666666666985e+09,2.547809410330614810e-03,-5.164972468679304285e+01
7.255910000000000000e+09,-7.188408035342064295e-02,-5.174801991260604694e+01
7.255973333333333015e+09,-5.082273129407610668e-02,-5.175082189959595524e+01
7.256036666666666985e+09,-1.338185848391759691e-01,-5.185768108919030794e+01
7.256100000000000000e+09,2.976833858134853017e-03,-5.174474900654224996e+01
7.256163333333333015e+09,-1.850576509603598652e-01,-5.195664682740999751e+01
7.256226666666666985e+09,-2.136325720664942196e-01,-5.200908508456538470e+01
7.256290000000000000e+09,-5.194293373367031563e-02,-5.187125878228181364e+01
7.256353333333333015e+09,1.283515511608612769e-01,-5.171482763343654199e+01
7.256416666666666985e+09,-2.648882022258902680e-02,-5.189353134086957908e+01
7.256480000000000000e+09,2.029281394120374671e-02,-5.187061304275470519e+01
7.256543333333333015e+09,9.462222872500092308e-03,-5.190530696987265458e+01
7.256606666666666985e+09,-2.200251057646909203e-01,-5.215865763455943238e+01
7.256670000000000000e+09,9.319883277422746914e-02,-5.186929703206943287e+01
7.256733333333333015e+09,-2.945093306168189429e-02,-5.201581013395460218e+01
7.256796666666666985e+09,-7.038744842731148310e-04,-5.201092641142678019e+01
7.256860000000000000e+09,-2.549061549632298807e-01,-5.228899202795465584e+01
7.256923333333333015e+09,6.825164391314331169e-02,-5.198969756512752838e+01
7.256986666666666985e+09,-2.099113022883827284e-01,-5.229172384737864121e+01
7.257050000000000000e+09,-6.261064170759311764e-02,-5.216828652284677048e+01
7.257113333333333015e+09,1.144110101287054704e-01,-5.201512820705973184e+01
7.257176666666666985e+09,6.987833266556719991e-03,-5.214641471997146738e+01
7.257240000000000000e+09,-5.172394836220206571e-02,-5.222898983764947189e+01
7.257303333333333015e+09,-5.342670536192173358e-02,-5.225455593069811044e+01
7.257366666666666985e+09,-1.337580716131867575e-01,-5.235875063299896937e+01
7.257430000000000000e+09,3.939236581842919804e-02,-5.220946353161660625e+01
7.257493333333333015e+09,-5.778281694124132173e-02,-5.233050205042519565e+01
7.257556666666666985e+09,-1.952269739096124113e-02,-5.231610526692450236e+01
7.257620000000000000e+09,-1.151198208658499311e-01,-5.243556572644864389e+01
7.257683333333333015e+09,-7.018266261664507510e-02,-5.241449190424835081e+01
7.257746666666666985e+09,1.304736973494016183e-01,-5.223769888033189801e+01
7.257810000000000000e+09,3.169917121257270765e-02,-5.236033674251797976e+01
7.257873333333333015e+09,-5.136080180052715605e-02,-5.246726005158033246e+01
7.257936666666666985e+09,-7.323324968446343064e-02,-5.251299583551352157e+01
7.258000000000000000e+09,-3.485686590860126444e-02,-5.249848278778691224e+01
7.258063333333333015e+09,9.488357612989517520e-02,-5.239260568179766864e+01
7.258126666666666985e+09,-1.237747787088352425e-01,-5.263512737268565189e+01
7.258190000000000000e+09,1.307411065429207042e-01,-5.240447482348314878e+01
7.258253333333333015e+09,-1.340943281669026987e-01,-5.269317359424222502e+01
7.258316666666666985e+09,6.434532468320242060e-02,-5.251859727744170669e+01
7.258380000000000000e+09,-1.110684201813327832e-01,-5.271787435835516078e+01
7.258443333333333015e+09,1.709378637699643377e-02,-5.261357548784608440e+01
7.258506666666666985e+09,5.225885784484773922e-02,-5.260227375242781989e+01
7.258570000000000000e+09,1.242947874215118986e-01,-5.255410115890007461e+01
7.258633333333333015e+09,1.663835552062806755e-01,-5.253587572716455867e+01
7.258696666666666985e+09,8.342177068037415211e-03,-5.271778044135238872e+01
7.258760000000000000e+09,-5.625156076469295385e-03,-5.275561111054581431e+01
7.258823333333333015e+09,-2.390047203093814687e-02,-5.279774976254953600e+01
7.258886666666666985e+09,-5.114071948909781895e-03,-5.280282669851709443e+01
7.258950000000000000e+09,-8.607428214436652070e-02,-5.290765024476147005e+01
7.259013333333333015e+09,2.066973219062617773e-02,-5.282476956647573019e+01
7.259076666666666985e+09,-7.132034995080971385e-02,-5.294062298466675287e+01
7.259140000000000000e+09,-9.453868474798809984e-02,-5.298770465551318409e+01
7.259203333333333015e+09,-8.678665940807661627e-02,-5.300381596622219149e+01
7.259266666666666985e+09,-9.746696689106215672e-03,-5.295063933955280788e+01
7.259330000000000000e+09,-5.396989925576178848e-02,-5.301872587816871629e+01
7.259393333333333015e+09,6.805294808814466023e-02,-5.292056636687372873e+01
7.259456666666666985e+09,-2.670384194297454883e-01,-5.327952107044120567e+01
7.259520000000000000e+09,-1.647953882485637678e-01,-5.320114137530927678e+01
7.259583333333333015e+09,-1.157177923096242012e-01,-5.317592711541925610e+01
7.259646666666666985e+09,1.339203790004646066e-01,-5.295015228015875408e+01
7.259710000000000000e+09,1.069220358351401501e-01,-5.300101395937333137e+01
7.259773333333333015e+09,-2.469750415698754864e-01,-5.337877437282759985e+01
7.259836666666666985e+09,7.372529763835444783e-02,-5.308193736966862275e+01
7.259900000000000000e+09,-6.430500866188992859e-02,-5.324383101201811996e+01
7.259963333333333015e+09,9.364643744532230585e-02,-5.310974290196016057e+01
7.260026666666666985e+09,-6.813277555939123431e-02,-5.329538545101412694e+01
7.260090000000000000e+09,-1.039167979309425505e-01,-5.335503280943493110e+01
7.260153333333333015e+09,-2.517261622129751686e-01,-5.352670550976621655e+01
7.260216666666666985e+09,-9.812668576084604410e-02,-5.339696936936334026e+01
7.260280000000000000e+09,-1.124276987138941308e-01,-5.343513371836564119e+01
7.260343333333333015e+09,-5.331089120291920835e-02,-5.339988024690391910e+01
7.260406666666666985e+09,-1.766872195999837913e-01,-5.354711991135057048e+01
7.260470000000000000e+09,-1.226795241216720456e-01,-5.351697555192117761e+01
7.260533333333333015e+09,-1.555742015463792427e-01,-5.357373356539513765e+01
7.260596666666666985e+09,-1.629476325108356605e-01,-5.360497033240918086e+01
7.260660000000000000e+09,-4.185387133226470269e-02,-5.350773990727952878e+01
7.260723333333333015e+09,-5.020599134891767790e-02,-5.353995536334543459e+01
7.260786666666666985e+09,-4.296420533555789234e-02,-5.355657691338166160e+01
7.260850000000000000e+09,-9.232905293054471940e-02,-5.362980509702556731e+01
7.260913333333333015e+09,-1.369308743904227299e-01,-5.369827025453469815e+01
7.260976666666666985e+09,-1.601493603478942873e-01,-5.374535207654175650e+01
7.261040000000000000e+09,-7.166311859139540275e-02,-5.368072917083451756e+01
7.261103333333333015e+09,-2.269115871436326870e-01,-5.385984097543566662e+01
7.261166666666666985e+09,-7.500550020781560079e-02,-5.373179822454944343e+01
7.261230000000000000e+09,-2.180107235093942109e-02,-5.370245713274181298e+01
7.261293333333333015e+09,1.029840167511082427e-01,-5.360153537968868420e+01
7.261356666666666985e+09,-1.263290925117672714e-01,-5.385471182500114651e+01
7.261420000000000000e+09,-1.945657443428316924e-01,-5.394681181288147087e+01
7.261483333333333015e+09,-1.680969428064642557e-01,-5.394420634739401521e+01
7.261546666666666985e+09,-1.691482698331014944e-01,-5.396912101047024635e+01
7.261610000000000000e+09,-2.071979126054799281e-01,-5.403103398929187051e+01
7.261673333333333015e+09,-3.200979021473528974e-01,-5.416779731488300342e+01
7.261736666666666985e+09,-1.015443717149793201e-01,-5.397310712049987558e+01
7.261800000000000000e+09,-2.206401873439531869e-01,-5.411606627217810939e+01
7.261863333333333015e+09,-9.801901664438616990e-02,-5.401730843752778810e+01
7.261926666666666985e+09,-3.307395098405550016e-01,-5.427389226677321687e+01
7.261990000000000000e+09,-2.851593958731228895e-01,-5.425217548885503049e+01
7.262053333333333015e+09,5.629650213348540433e-01,-5.342791440769631350e+01
7.262116666666666985e+09,4.100439687398562683e-01,-5.360469879634055701e+01
7.262180000000000000e+09,3.381979085414670294e-01,-5.370040819258820619e+01
7.262243333333333015e+09,2.234963099449984725e-01,-5.383897312723392048e+01
7.262306666666666985e+09,3.248198171161433834e-01,-5.376151295611236947e+01
7.262370000000000000e+09,3.821768498312536622e-01,-5.372801925944617096e+01
7.262433333333333015e+09,1.307726640604798263e-01,-5.400328678126620474e+01
7.262496666666666985e+09,-7.414204832515736143e-02,-5.423206482970142872e+01
7.262560000000000000e+09,1.593904705267732425e-01,-5.402239564689841700e+01
7.262623333333333015e+09,8.723246386799132779e-02,-5.411841698960644464e+01
7.262686666666666985e+09,7.815205052561680077e-02,-5.415136073899840596e+01
7.262750000000000000e+09,1.651868093623889422e-01,-5.408818931621055270e+01
7.262813333333333015e+09,-5.017491100547033511e-02,-5.432741437262767192e+01
7.262876666666666985e+09,-3.374920341419596070e-02,-5.433485200108598434e+01
7.262940000000000000e+09,7.636714298798352729e-02,-5.424859899073305769e+01
7.263003333333333015e+09,6.681653653980390573e-02,-5.428201293323014909e+01
7.263066666666666985e+09,2.970256732865550475e-03,-5.436972254908668134e+01
7.263130000000000000e+09,-1.176593389084388264e-01,-5.451421548077723855e+01
7.263193333333333015e+09,1.483463008430163654e-01,-5.427207317707470224e+01
7.263256666666666985e+09,9.152439614820906399e-02,-5.435275841781909634e+01
7.263320000000000000e+09,-7.034460377768425587e-02,-5.453849075379424249e+01
7.263383333333333015e+09,1.552526051872362700e-01,-5.433675688087823374e+01
7.263446666666666985e+09,-1.211994931418090005e-01,-5.463707231525687291e+01
7.263510000000000000e+09,-1.195453112364219805e-01,-5.465928146940073873e+01
7.263573333333333015e+09,1.970545427311520825e-02,-5.454389403994045438e+01
7.263636666666666985e+09,7.228256238190056138e-02,-5.451518026788092186e+01
7.263700000000000000e+09,4.666494944808619039e-02,-5.456466121686398907e+01
7.263763333333333015e+09,1.795692139242817120e-01,-5.445562028843704638e+01
7.263826666666666985e+09,2.480848254593581714e-02,-5.463424435586464512e+01
7.263890000000000000e+09,1.474780281401422144e-01,-5.453543814631969155e+01
7.263953333333333015e+09,-5.549097843367434280e-02,-5.476227048894276095e+01
7.264016666666666985e+09,4.819365535504971376e-02,-5.468244919120328973e+01
7.264080000000000000e+09,6.291215125805393882e-02,-5.469159403134953834e+01
7.264143333333333015e+09,-5.430663539848978871e-02,-5.483267615405533491e+01
7.264206666666666985e+09,-4.875835516129711777e-02,-5.485099120986772903e+01
7.264270000000000000e+09,-2.588384149932210221e-02,-5.485198003225467289e+01
7.264333333333333015e+09,8.848244773076885394e-03,-5.484111128203152674e+01
7.264396666666666985e+09,-8.984850980233716200e-03,-5.488280771383442413e+01
7.264460000000000000e+09,9.649109587632409557e-02,-5.480119510302678520e+01
7.264523333333333015e+09,-1.346503292925049777e-01,-5.505619986424486711e+01
7.264586666666666985e+09,1.462755049342234770e-02,-5.493078532050852658e+01
7.264650000000000000e+09,-1.184931103937856278e-01,-5.508776931744465344e+01
7.264713333333333015e+09,-1.170537144640491078e-01,-5.511019325756416976e+01
7.264776666666666985e+09,-4.646296593630694360e-02,-5.506346584508601438e+01
7.264840000000000000e+09,8.249733205605735975e-02,-5.495836888314290292e+01
7.264903333333333015e+09,-8.579105299051548172e-02,-5.515052060423839464e+01
7.264966666666666985e+09,1.347720055227696889e-01,-5.495382088177469626e+01
7.265030000000000000e+09,-9.101739450576218360e-02,-5.520347361785248097e+01
7.265093333333333015e+09,-7.305704726993411668e-02,-5.520937660666557179e+01
7.265156666666666985e+09,-3.124107985427571066e-02,-5.519142397529950017e+01
7.265220000000000000e+09,-1.949876956090363933e-01,-5.537903392710351369e+01
7.265283333333333015e+09,6.128381125733284307e-02,-5.514662575628606334e+01
7.265346666666666985e+09,1.772035601346573230e-01,-5.505456934345832565e+01
7.265410000000000000e+09,-1.302031977223094827e-02,-5.526865655941446676e+01
7.265473333333333015e+09,-1.820679559101989753e-02,-5.529770637128250854e+01
7.265536666666666985e+09,-3.881957142526459847e-02,-5.534218248316600608e+01
7.265600000000000000e+09,2.545701503080977091e-03,-5.532468054628691334e+01
7.265663333333333015e+09,-5.198388213375437772e-02,-5.540307346597300864e+01
7.265726666666666985e+09,-7.270061371308855769e-02,-5.544765353360158855e+01
7.265790000000000000e+09,6.815686326375924864e-02,-5.533065939267400069e+01
7.265853333333333015e+09,-2.077248385885681614e-01,-5.563040443057557383e+01
7.265916666666666985e+09,-6.407054145078205920e-02,-5.551061346948704767e+01
7.265980000000000000e+09,-7.354721105222949973e-02,-5.554395347513774084e+01
7.266043333333333015e+09,-8.863090165638709550e-02,-5.558290050179115838e+01
7.266106666666666985e+09,1.190511579987969526e-01,-5.539908177818556112e+01
7.266170000000000000e+09,-1.454568211754292406e-02,-5.555654195435081988e+01
7.266233333333333015e+09,-1.791794699784787781e-01,-5.574503907826100146e+01
7.266296666666666985e+09,2.122867056476991365e-01,-5.537743623868441034e+01
7.266360000000000000e+09,-9.069348694281842427e-02,-5.570427976732384678e+01
7.266423333333333015e+09,-5.153241585624357413e-03,-5.564260285801591266e+01
7.266486666666666985e+09,-5.803286682697716969e-02,-5.571934581930685226e+01
7.266550000000000000e+09,2.954005401835502198e-02,-5.565563623451043895e+01
7.266613333333333015e+09,1.826361821338835512e-01,-5.552640344244415616e+01
7.266676666666666985e+09,-1.213396434439673044e-01,-5.585424260407159380e+01
7.266740000000000000e+09,-9.725908753099332671e-02,-5.585402538420787977e+01
7.266803333333333015e+09,9.855080700153706630e-02,-5.568207882572426826e+01
7.266866666666666985e+09,8.840471468759858453e-02,-5.571608825408779353e+01
7.266930000000000000e+09,1.221826731986723757e-01,-5.570617363162596547e+01
7.266993333333333015e+09,-7.549503783976518889e-02,-5.592771467871332192e+01
7.267056666666666985e+09,-1.146629908144944920e-01,-5.599074596773763801e+01
7.267120000000000000e+09,-8.343044119983034079e-02,-5.598337675417223380e+01
7.267183333333333015e+09,3.691605383857421430e-02,-5.588689359518274813e+01
7.267246666666666985e+09,-3.948570544949348005e-04,-5.594806784212540407e+01
7.267310000000000000e+09,-1.044877189992376998e-02,-5.598198509302007864e+01
7.267373333333333015e+09,-2.529668289457234209e-01,-5.624836648611479717e+01
7.267436666666666985e+09,2.485749205047227406e-02,-5.599440550116818827e+01
7.267500000000000000e+09,1.252075625249204904e-02,-5.603060557301542843e+01
7.267563333333333015e+09,-3.314442204371346179e-01,-5.639843388575430083e+01
7.267626666666666985e+09,1.788929371665730628e-01,-5.591196006419985309e+01
7.267690000000000000e+09,7.906736466940600394e-02,-5.603564897274626588e+01
7.267753333333333015e+09,4.633631546764860332e-02,-5.609224335799728323e+01
7.267816666666666985e+09,-5.536755539283433336e-02,-5.621781056490701189e+01
7.267880000000000000e+09,-9.263519263544850446e-02,-5.627894153819888601e+01
7.267943333333333015e+09,1.743931038211812279e-01,-5.603577657779150201e+01
7.268006666666666985e+09,1.893448041556666794e-04,-5.623384367285812147e+01
7.268070000000000000e+09,-1.778135683170916082e-01,-5.643570992202828052e+01
7.268133333333333015e+09,-3.503234118988274304e-02,-5.631679203095033159e+01
7.268196666666666985e+09,-1.516136835234647151e-01,-5.645723670933350036e+01
7.268260000000000000e+09,6.307671167999018280e-02,-5.626640965017896434e+01
7.268323333333333015e+09,-1.404811695886891698e-01,-5.649383086749689653e+01
7.268386666666666985e+09,3.165532899615186579e-03,-5.637404750105817897e+01
7.268450000000000000e+09,2.019450018649848744e-02,-5.638088186982021455e+01
7.268513333333333015e+09,-1.166862436314772822e-01,-5.654162594968744315e+01
7.268576666666666985e+09,-1.212332588663542765e-01,-5.657003630097190694e+01
7.268640000000000000e+09,-2.400350629103087385e-02,-5.649666988444583637e+01
7.268703333333333015e+09,2.283050324628987937e-02,-5.647369921095743450e+01
7.268766666666666985e+09,2.316174552333905012e-02,-5.649723130472997212e+01
7.268830000000000000e+09,6.758385727468407822e-02,-5.647667252902787993e+01
7.268893333333333015e+09,1.493115809756062617e-02,-5.655318856425392227e+01
7.268956666666666985e+09,1.376037767876425733e-02,-5.657822268072230543e+01
7.269020000000000000e+09,-6.922755948923509095e-02,-5.668507395393955761e+01
7.269083333333333015e+09,3.916885828103744416e-02,-5.660054087221820396e+01
7.269146666666666985e+09,-7.927247930713576807e-02,-5.674284554585596396e+01
7.269210000000000000e+09,-1.794805618747119524e-01,-5.686691696447279298e+01
7.269273333333333015e+09,9.564832095342978846e-02,-5.661565141769357012e+01
7.269336666666666985e+09,-3.687643772655491148e-02,-5.677203951242314162e+01
7.269400000000000000e+09,-2.221111545666332177e-02,-5.678123752620250286e+01
7.269463333333333015e+09,-2.667110179785936452e-02,-5.680956084859295174e+01
7.269526666666666985e+09,-8.864699124048769363e-02,-5.689540007408483291e+01
7.269590000000000000e+09,-1.230746496672452395e-02,-5.684292388386032258e+01
7.269653333333333015e+09,1.288867531769710695e-01,-5.672559300176587982e+01
7.269716666666666985e+09,-8.408122412019736203e-02,-5.696242431511230109e+01
7.269780000000000000e+09,7.039385812795728725e-03,-5.689516704122856083e+01
7.269843333333333015e+09,4.377159629839866284e-02,-5.688229816679221074e+01
7.269906666666666985e+09,1.317762582253081405e-01,-5.681815684091488805e+01
7.269970000000000000e+09,-9.570484442088655896e-02,-5.706950127961000163e+01
7.270033333333333015e+09,5.100134843566905829e-02,-5.694665842280269885e+01
7.270096666666666985e+09,-8.613440958495743871e-02,-5.710765751687291214e+01
7.270160000000000000e+09,1.017952965817841005e-01,-5.694359114675508948e+01
7.270223333333333015e+09,-1.935733433667792269e-01,-5.726282312275290565e+01
7.270286666666666985e+09,-3.895378464133614216e-02,-5.713206690007704935e+01
7.270350000000000000e+09,5.422223788713864678e-02,-5.706275421359749345e+01
7.270413333333333015e+09,-2.961815659094213515e-02,-5.717045794412482707e+01
7.270476666666666985e+09,2.946998502421394051e-02,-5.713523313855926489e+01
7.270540000000000000e+09,6.289454361083812728e-02,-5.712567191602155248e+01
7.270603333333333015e+09,-6.456875170528775243e-02,-5.727699854738693119e+01
7.270666666666666985e+09,-5.731352589075555670e-02,-5.729360665762198579e+01
7.270730000000000000e+09,-7.093151280046328111e-02,-5.733108798058095346e+01
7.270793333333333015e+09,9.597446880685822634e-02,-5.718804533502254372e+01
7.270856666666666985e+09,-2.797234211108445834e-02,-5.733585548199008031e+01
7.270920000000000000e+09,-3.192886840090380929e-02,-5.736367534432914539e+01
7.270983333333333015e+09,1.106225803470337610e-01,-5.724498723163012670e+01
7.271046666666666985e+09,1.243526328881472409e-01,-5.725512051513860001e+01
7.271110000000000000e+09,3.752710827754413003e-03,-5.739958377324825278e+01
7.271173333333333015e+09,-3.898911454949427480e-02,-5.746618893467442035e+01
7.271236666666666985e+09,-4.352251224927528028e-02,-5.749458566842378815e+01
7.271300000000000000e+09,-2.859708021264850686e-02,-5.750352357243640711e+01
7.271363333333333015e+09,-6.441223976952414887e-02,-5.756320206804254269e+01
7.271426666666666985e+09,7.129181397630901529e-02,-5.745136135034595526e+01
7.271490000000000000e+09,4.868613590897297172e-02,-5.749783036446255124e+01
7.271553333333333015e+09,-3.176996822328703729e-02,-5.760214980464405699e+01
7.271616666666666985e+09,-5.357801913213933176e-02,-5.764782119160216922e+01
7.271680000000000000e+09,-8.420241414009410619e-02,-5.770230892265936973e+01
7.271743333333333015e+09,-1.548253458526644977e-01,-5.779679519042120006e+01
7.271806666666666985e+09,-7.666521208016519040e-02,-5.774249839269828755e+01
7.271870000000000000e+09,-1.373153185278894739e-01,-5.782701183519493071e+01
7.271933333333333015e+09,4.827272001807614288e-02,-5.766528713269821083e+01
7.271996666666666985e+09,1.357163208382985431e-01,-5.760170686792757522e+01
7.272060000000000000e+09,-2.095635827447992483e-01,-5.797085010755959189e+01
7.272123333333333015e+09,-1.295554852088969255e-01,-5.791470534607294951e+01
7.272186666666666985e+09,-2.833699215239704472e-02,-5.783735018906603642e+01
7.272250000000000000e+09,-7.821641609024254649e-02,-5.791109294905280080e+01
7.272313333333333015e+09,9.173728097410815963e-02,-5.776500258803769583e+01
7.272376666666666985e+09,-9.587834332386790948e-02,-5.797648154838525869e+01
7.272440000000000000e+09,1.294816542744570143e-02,-5.789151837568286396e+01
7.272503333333333015e+09,7.656770712894456210e-02,-5.785176217003062504e+01
7.272566666666666985e+09,-4.959666868730749911e-02,-5.800178988189646390e+01
7.272630000000000000e+09,3.423256817031727905e-02,-5.794182398108808485e+01
7.272693333333333015e+09,1.051310504079054908e-01,-5.789478883489941552e+01
7.272756666666666985e+09,1.013138131783364315e-02,-5.801365184003907416e+01
7.272820000000000000e+09,-8.433441360440241397e-02,-5.813198097101057016e+01
7.272883333333333015e+09,1.028858042301123987e-01,-5.796862408922497423e+01
7.272946666666666985e+09,-3.660995429783753252e-02,-5.813198318380251095e+01
7.273010000000000000e+09,-9.974253311959557777e-02,-5.821897909867352183e+01
7.273073333333333015e+09,1.535759958862570329e-03,-5.814156414164397546e+01
7.273136666666666985e+09,-1.080013460236770584e-01,-5.827496458367610899e+01
7.273200000000000000e+09,-7.099131534059921478e-02,-5.826181788904228398e+01
7.273263333333333015e+09,1.353910627884218343e-01,-5.807929884696251577e+01
7.273326666666666985e+09,-1.237322716877216067e-01,-5.836228551748791205e+01
7.273390000000000000e+09,2.967945323863574458e-02,-5.823273712861080753e+01
7.273453333333333015e+09,-1.045200200326448225e-01,-5.839079993793134093e+01
7.273516666666666985e+09,-1.945935241587193332e-02,-5.832960260636382088e+01
7.273580000000000000e+09,5.654245359497167556e-02,-5.827746413640223011e+01
7.273643333333333015e+09,1.340964090320895252e-01,-5.822377351701436510e+01
7.273706666666666985e+09,3.149227892733108547e-02,-5.835024098316837637e+01
7.273770000000000000e+09,4.246276208182564460e-02,-5.836313383606313465e+01
7.273833333333333015e+09,1.343874271205152127e-01,-5.829507250707369792e+01
7.273896666666666985e+09,2.610453662751410775e-02,-5.842721873361628582e+01
7.273960000000000000e+09,1.454147692175098427e-01,-5.833177183707520896e+01
7.274023333333333015e+09,-3.146237713621502508e-02,-5.853251231947818667e+01
7.274086666666666985e+09,-1.827734448451536764e-01,-5.870768672323671211e+01
7.274150000000000000e+09,-5.976933398468275982e-02,-5.860854594842516008e+01
7.274213333333333015e+09,2.779576215963430741e-02,-5.854484418833009585e+01
7.274276666666666985e+09,1.332679457299761339e-01,-5.846323534080934081e+01
7.274340000000000000e+09,-1.009045760360649524e-01,-5.872127119862430078e+01
7.274403333333333015e+09,6.563839630370438272e-02,-5.857859156233378428e+01
7.274466666666666985e+09,-6.223406545773002563e-02,-5.873032736014480548e+01
7.274530000000000000e+09,6.752663066247066581e-02,-5.862443000007385763e+01
7.274593333333333015e+09,1.077813392285378313e-01,-5.860803862755670934e+01
7.274656666666666985e+09,5.985129961793234088e-03,-5.873369817287304073e+01
7.274720000000000000e+09,-1.313408164584046744e-01,-5.889488745534249148e+01
7.274783333333333015e+09,-2.212392844840636030e-01,-5.900864925941706929e+01
7.274846666666666985e+09,1.013428990837894617e-02,-5.880113902107421353e+01
7.274910000000000000e+09,-3.333174238563429981e-02,-5.886846838941747961e+01
7.274973333333333015e+09,-3.973941483172893641e-02,-5.889873939791249313e+01
7.275036666666666985e+09,-6.648827997857154060e-02,-5.894935159910892253e+01
7.275100000000000000e+09,2.121278950630909321e-01,-5.869459876011651289e+01
7.275163333333333015e+09,4.922853536285742848e-02,-5.888136145586599923e+01
7.275226666666666985e+09,9.879645029505468301e-02,-5.885565687698305481e+01
7.275290000000000000e+09,-2.036879167138891944e-01,-5.918200458004125153e+01
7.275353333333333015e+09,3.971434155293707136e-02,-5.896246565782367810e+01
7.275416666666666985e+09,1.797246768382620985e-02,-5.900807086774204180e+01
7.275480000000000000e+09,7.196253775465066838e-02,-5.897794413372047018e+01
7.275543333333333015e+09,-3.070935192290136229e-02,-5.910447935944727504e+01
7.275606666666666985e+09,3.054623434395153936e-02,-5.906708710922967498e+01
7.275670000000000000e+09,2.811581453921974116e-02,-5.909338086508365961e+01
7.275733333333333015e+09,-1.916305416421693053e-02,-5.916452306983635623e+01
7.275796666666666985e+09,7.039738377002890957e-03,-5.916218361334472320e+01
7.275860000000000000e+09,8.520690972088829085e-02,-5.910787977804975668e+01
7.275923333333333015e+09,-1.988662491773141028e-01,-5.941581627299720481e+01
7.275986666666666985e+09,-6.433487622580713605e-02,-5.930514823609528463e+01
7.276050000000000000e+09,3.106498070032159831e-02,-5.923361171521807478e+01
7.276113333333333015e+09,4.654128800257240073e-02,-5.924199874396508392e+01
7.276176666666666985e+09,-1.006271791716244479e-01,-5.941303054718886756e+01
7.276240000000000000e+09,-2.240890560197073000e-02,-5.935867560966813272e+01
7.276303333333333015e+09,-1.661231012518271655e-02,-5.937674235024059044e+01
7.276366666666666985e+09,2.800578570266054612e-03,-5.938119279759472846e+01
7.276430000000000000e+09,-1.694958957795478227e-02,-5.942480630179220924e+01
7.276493333333333015e+09,-4.519171268236021888e-02,-5.947691176094553356e+01
7.276556666666666985e+09,6.716495176051751059e-02,-5.938841843255224262e+01
7.276620000000000000e+09,-2.088778129230206559e-02,-5.950033450165430793e+01
7.276683333333333015e+09,4.459502129004278004e-02,-5.945871503512088196e+01
7.276746666666666985e+09,1.179674017739884562e-01,-5.940920599068652308e+01
7.276810000000000000e+09,1.818478096226527896e-02,-5.953285194754750620e+01
7.276873333333333015e+09,-1.420550522182111308e-01,-5.971695511677690149e+01
7.276936666666666985e+09,8.528752606434153449e-02,-5.951347587454393562e+01
7.277000000000000000e+09,4.730848779208685073e-02,-5.957531824886543603e+01
7.277063333333333015e+09,-5.882331692462372530e-02,-5.970531338963140655e+01
7.277126666666666985e+09,-3.480668292307598222e-02,-5.970516009167910454e+01
7.277190000000000000e+09,-2.739477889262786903e-02,-5.972161152369791637e+01
7.277253333333333015e+09,3.476588958009330099e-02,-5.968331419127444093e+01
7.277316666666666985e+09,7.586690339862656174e-02,-5.966607651350516761e+01
7.277380000000000000e+09,-4.068799756738883389e-02,-5.980649475052042874e+01
7.277443333333333015e+09,-1.858668727791368269e-01,-5.997553696178143667e+01
7.277506666666666985e+09,2.364324436626787929e-01,-5.957710098138886678e+01
7.277570000000000000e+09,1.488226201985298758e-02,-5.982251449908095253e+01
7.277633333333333015e+09,1.176629592809419478e-01,-5.974359713786910930e+01
7.277696666666666985e+09,-1.417277161425829490e-01,-6.002685114934222099e+01
7.277760000000000000e+09,1.813348116344357663e-01,-5.972765195761412116e+01
7.277823333333333015e+09,1.536908893842792168e-02,-5.991748101635938895e+01
7.277886666666666985e+09,-5.808358053739226534e-02,-6.001479702188479592e+01
7.277950000000000000e+09,7.654697030706358873e-02,-5.990402980708925895e+01
7.278013333333333015e+09,-5.464134855387214884e-03,-6.000990424830095549e+01
7.278076666666666985e+09,3.287578112662714602e-02,-5.999542766836853502e+01
7.278140000000000000e+09,5.773327158962615613e-02,-5.999443351395444779e+01
7.278203333333333015e+09,-2.021677870407501132e-02,-6.009624690029740890e+01
7.278266666666666985e+09,8.463073227636641604e-02,-6.001526272536655426e+01
7.278330000000000000e+09,2.923343932879163276e-02,-6.009452335436338188e+01
7.278393333333333015e+09,-1.175593659611209318e-01,-6.026517949570220622e+01
7.278456666666666985e+09,-2.846285752546862113e-03,-6.017432975154322605e+01
7.278520000000000000e+09,1.081588630935996775e-01,-6.008718793874633235e+01
7.278583333333333015e+09,7.558570785671747672e-02,-6.014362443003213343e+01
7.278646666666666985e+09,-2.786713974600729671e-03,-6.024586018791303843e+01
7.278710000000000000e+09,-1.556540676713211724e-01,-6.042259087765901171e+01
7.278773333333333015e+09,3.383691421163348423e-02,-6.025696323182497594e+01
7.278836666666666985e+09,-1.653378193032040144e-01,-6.048000130138940023e+01
7.278900000000000000e+09,-2.502096702642830905e-02,-6.036354778516187736e+01
7.278963333333333015e+09,9.077062325425799827e-02,-6.027161953093044389e+01
7.279026666666666985e+09,-1.858182494131455087e-02,-6.040483531517526927e+01
7.279090000000000000e+09,-5.006840188500660815e-02,-6.046018522816821417e+01
7.279153333333333015e+09,-6.949707663863335938e-02,-6.050347723897109375e+01
7.279216666666666985e+09,-6.339638854687734693e-02,-6.052123988692859058e+01
7.279280000000000000e+09,9.743364745705918040e-02,-6.038427318697390689e+01
7.279343333333333015e+09,2.180859566188999565e-01,-6.028748421386131895e+01
7.279406666666666985e+09,-9.040091200819233563e-02,-6.061983441853766408e+01
7.279470000000000000e+09,-2.315111575399697585e-02,-6.057644795833272156e+01
7.279533333333333015e+09,-9.388851797266539734e-02,-6.067104869660064281e+01
7.279596666666666985e+09,5.007351114382174728e-02,-6.055095000353374246e+01
7.279660000000000000e+09,1.276352674627716510e-01,-6.049725158326371144e+01
7.279723333333333015e+09,-4.108598740032931573e-02,-6.068983617417606524e+01
7.279786666666666985e+09,-1.281411852777836202e-02,-6.068542764135310108e+01
7.279850000000000000e+09,1.603645036354350850e-03,-6.069487321383788725e+01
7.279913333333333015e+09,3.425555822616388468e-03,-6.071691463910087805e+01
7.279976666666666985e+09,-8.907050116838632903e-02,-6.083327403214146756e+01
7.280040000000000000e+09,-9.325653214339979513e-03,-6.077739252023634009e+01
7.280103333333333015e+09,-3.946605918658718792e-02,-6.083139626225784014e+01
7.280166666666666985e+09,7.291085853096035407e-02,-6.074288268058987939e+01
7.280230000000000000e+09,-2.474838537368384550e-02,-6.086440526054377642e+01
7.280293333333333015e+09,1.812766201832261004e-02,-6.084539254920068885e+01
7.280356666666666985e+09,3.635569805288696443e-02,-6.085102784921571129e+01
7.280420000000000000e+09,-6.025986387367510133e-02,-6.097150674719152619e+01
7.280483333333333015e+09,-8.220815598789954493e-02,-6.101731837535466951e+01
7.280546666666666985e+09,6.444943110673051478e-02,-6.089452412430963335e+01
7.280610000000000000e+09,-2.597766672462142878e-02,-6.100881455819023103e+01
7.280673333333333015e+09,3.121308097867370179e-03,-6.100357891941666111e+01
7.280736666666666985e+09,-9.079791542554005446e-03,-6.103964335510666928e+01
7.280800000000000000e+09,1.165204850441341478e-01,-6.093790641456924106e+01
7.280863333333333015e+09,1.101173609388723662e-01,-6.096817287472341462e+01
7.280926666666666985e+09,-7.114186987851667254e-02,-6.117329544159039756e+01
7.280990000000000000e+09,1.236327992938512921e-01,-6.100238410846727533e+01
7.281053333333333015e+09,-1.215148845959390655e-02,-6.116203173226998047e+01
7.281116666666666985e+09,4.591396907382971904e-02,-6.112782961078580257e+01
7.281180000000000000e+09,2.713882528227173907e-02,-6.117046809062662049e+01
7.281243333333333015e+09,-1.331229197823091681e-02,-6.123478254393636888e+01
7.281306666666666985e+09,-3.767390634495626500e-02,-6.128300749435235417e+01
7.281370000000000000e+09,1.878822694673942806e-02,-6.125040869710990421e+01
7.281433333333333015e+09,-9.579206147449781383e-02,-6.138885232158040139e+01
7.281496666666666985e+09,-9.008104707402964095e-02,-6.140700464322952001e+01
7.281560000000000000e+09,1.518967399800743578e-01,-6.118889019222433490e+01
7.281623333333333015e+09,8.615128895163337575e-02,-6.127849897930202161e+01
7.281686666666666985e+09,-4.145535814551948306e-02,-6.142996896244876126e+01
7.281750000000000000e+09,3.156463622898542098e-02,-6.138081230412317524e+01
7.281813333333333015e+09,2.249540335566280191e-02,-6.141374487304575780e+01
7.281876666666666985e+09,-1.163998540375317248e-01,-6.157650346648853912e+01
7.281940000000000000e+09,2.220056336312836720e-04,-6.148374494286629499e+01
7.282003333333333015e+09,-5.852738857072381506e-02,-6.156635767311989582e+01
7.282066666666666985e+09,3.520180489077517905e-02,-6.149649181570798362e+01
7.282130000000000000e+09,-7.526757410519735458e-02,-6.163082453075321610e+01
7.282193333333333015e+09,-1.276848700853250307e-01,-6.170710516278226265e+01
7.282256666666666985e+09,-8.477389916836841621e-02,-6.168805752791489283e+01
7.282320000000000000e+09,-3.642868768645968203e-02,-6.166357565248222983e+01
7.282383333333333015e+09,4.257332924343870673e-02,-6.160843697160125032e+01
7.282446666666666985e+09,1.551401782315764422e-02,-6.165935961907111817e+01
7.282510000000000000e+09,5.599588341776495781e-02,-6.164274108952577080e+01
7.282573333333333015e+09,-6.388587495924724635e-02,-6.178648618395170189e+01
7.282636666666666985e+09,-6.313626895416035723e-02,-6.180959991399620179e+01
7.282700000000000000e+09,-3.290437120933091819e-01,-6.209937069318459635e+01
7.282763333333333015e+09,5.864433883797914859e-02,-6.173554597830222690e+01
7.282826666666666985e+09,5.198864521462809307e-02,-6.176606500797516475e+01
7.282890000000000000e+09,-1.503705292395736137e-01,-6.199228751847862640e+01
7.282953333333333015e+09,3.117299363304226745e-02,-6.183460733165525625e+01
7.283016666666666985e+09,7.844605400094195602e-02,-6.181119760733661650e+01
7.283080000000000000e+09,2.165159976893704652e-02,-6.189185539761786714e+01
7.283143333333333015e+09,4.833430624407952791e-02,-6.188903602719198460e+01
7.283206666666666985e+09,8.877466262994460067e-02,-6.187245900685537237e+01
7.283270000000000000e+09,-7.549960412033840385e-02,-6.206059660965490821e+01
7.283333333333333015e+09,1.104080067795081277e-01,-6.189855233480431451e+01
7.283396666666666985e+09,2.152533087875667661e-01,-6.181757036884584267e+01
7.283460000000000000e+09,8.372210300120030979e-02,-6.197296491068112800e+01
7.283523333333333015e+09,-8.851356187374648243e-02,-6.216906391160532763e+01
7.283586666666666985e+09,4.963235403357657560e-02,-6.205478133174759137e+01
7.283650000000000000e+09,4.911311183221300780e-03,-6.212336571064686552e+01
7.283713333333333015e+09,-1.290964247158470357e-01,-6.228123678259518670e+01
7.283776666666666985e+09,1.619242397211451134e-02,-6.215981126995681194e+01
7.283840000000000000e+09,-9.268003795945389811e-03,-6.220913503377379072e+01
7.283903333333333015e+09,-7.167862355714049727e-02,-6.229540898958423867e+01
7.283966666666666985e+09,1.652440611270833415e-02,-6.223106929596397663e+01
7.284030000000000000e+09,5.058071281342080283e-02,-6.222087632531218304e+01
7.284093333333333015e+09,9.059937172104071124e-03,-6.228626043700275261e+01
7.284156666666666985e+09,-1.979604323388670650e-01,-6.251714414256331054e+01
7.284220000000000000e+09,1.682275809206146278e-02,-6.232622428818163485e+01
7.284283333333333015e+09,-4.137707185099515073e-02,-6.240828745417361034e+01
7.284346666666666985e+09,8.712065163508242449e-02,-6.230365306673711956e+01
7.284410000000000000e+09,5.423316746782802511e-02,-6.236040388695362680e+01
7.284473333333333015e+09,3.264339969824447962e-03,-6.243523605050054925e+01
7.284536666666666985e+09,4.266553084754320935e-03,-6.245809717343520617e+01
7.284600000000000000e+09,-1.135140050487564167e-01,-6.259974106761796975e+01
7.284663333333333015e+09,-7.132019848040727084e-02,-6.258141059709853948e+01
7.284726666666666985e+09,-6.236770328560936605e-02,-6.259632143795332837e+01
7.284790000000000000e+09,-4.619676333431499415e-02,-6.260401383405128684e+01
7.284853333333333015e+09,-3.827449107760827474e-02,-6.261995489784383295e+01
7.284916666666666985e+09,6.084901556479849205e-02,-6.254469472725067902e+01
7.284980000000000000e+09,-1.248876799810432203e-01,-6.275429475884577357e+01
7.285043333333333015e+09,-1.518678316885058166e-02,-6.266845719808283377e+01
7.285106666666666985e+09,-7.488518435157232034e-02,-6.275201893531480835e+01
7.285170000000000000e+09,2.930488456165392108e-03,-6.269806659855632347e+01
7.285233333333333015e+09,-3.169863856275867420e-02,-6.275655906162450037e+01
7.285296666666666985e+09,-6.459044326983587325e-02,-6.281331420238116436e+01
7.285360000000000000e+09,1.282245964752348755e-03,-6.277130484919549502e+01
7.285423333333333015e+09,-8.725566906394988109e-02,-6.288370610027345009e+01
7.285486666666666985e+09,-4.147466325024851130e-02,-6.286178843050934262e+01
7.285550000000000000e+09,-1.135751597080343345e-01,-6.295775226301604022e+01
7.285613333333333015e+09,-3.308020142079470816e-02,-6.290112064077805343e+01
7.285676666666666985e+09,-1.165686332941504588e-01,-6.300847240870099597e+01
7.285740000000000000e+09,-8.008683887975820426e-02,-6.299585395033552260e+01
7.285803333333333015e+09,-1.023953778068786846e-01,-6.304202582531189591e+01
7.285866666666666985e+09,-6.623736465873975021e-02,-6.302973114821335088e+01
7.285930000000000000e+09,-1.152019615317101398e-02,-6.299887731575670102e+01
7.285993333333333015e+09,-1.793698879366303345e-01,-6.319059034358940607e+01
7.286056666666666985e+09,-5.858742769348879165e-02,-6.309367121939585132e+01
7.286120000000000000e+09,-1.593007922008951027e-01,-6.321824791995251758e+01
7.286183333333333015e+09,1.286720207911500324e-01,-6.295413844300939132e+01
7.286246666666666985e+09,-1.528999476000763025e-01,-6.325957374745020445e+01
7.286310000000000000e+09,-2.047297621535904000e-02,-6.315101011211473292e+01
7.286373333333333015e+09,-2.134972058214401613e-02,-6.317575019253043678e+01
7.286436666666666985e+09,-6.420095777264833714e-02,-6.324246476577052789e+01
7.286500000000000000e+09,7.231627109360516670e-02,-6.312981087295353433e+01
7.286563333333333015e+09,-2.667298299115827831e-02,-6.325266346308721666e+01
7.286626666666666985e+09,3.163566841258358409e-02,-6.321821814773306158e+01
7.286690000000000000e+09,-1.759352354433545429e-01,-6.344965238763824544e+01
7.286753333333333015e+09,-3.983155798917437096e-02,-6.333741204623332521e+01
7.286816666666666985e+09,3.076659577338602958e-03,-6.331836716471605797e+01
7.286880000000000000e+09,-1.345858813044671365e-01,-6.347989304164712365e+01
7.286943333333333015e+09,-2.471535386116130439e-02,-6.339388585025306355e+01
7.287006666666666985e+09,-6.903993269638419861e-03,-6.339993782571080061e+01
7.287070000000000000e+09,-3.580371430294349011e-02,-6.345270088279335141e+01
7.287133333333333015e+09,-8.657622859527691617e-02,-6.352733673313494478e+01
7.287196666666666985e+09,-1.392822325886555745e-02,-6.347855206384777915e+01
7.287260000000000000e+09,1.273215879818678786e-02,-6.347575501783998675e+01
7.287323333333333015e+09,-2.848787110263373279e-02,-6.354083838379005300e+01
7.287386666666666985e+09,3.547471017668613058e-04,-6.353585910163523920e+01
7.287450000000000000e+09,-1.054965008583010899e-01,-6.366557368564422603e+01
7.287513333333333015e+09,8.804379251628802194e-03,-6.357513614158355608e+01
7.287576666666666985e+09,-1.954968879758780531e-01,-6.380330074486064973e+01
7.287640000000000000e+09,1.599234135657567890e-01,-6.347174377936793377e+01
7.287703333333333015e+09,-2.344690001733340523e-02,-6.367897742900026969e+01
7.287766666666666985e+09,-7.485853298352651564e-02,-6.375425239801604960e+01
7.287830000000000000e+09,4.034437549418612434e-02,-6.366291282558725584e+01
7.287893333333333015e+09,-1.198058108352952900e-01,-6.384692634796599719e+01
7.287956666666666985e+09,-1.011753869015947771e-01,-6.385215926008188347e+01
7.288020000000000000e+09,-1.248370416964021956e-01,-6.389968425092594373e+01
7.288083333333333015e+09,-4.426875888874803877e-02,-6.384297930416720135e+01
7.288146666666666985e+09,1.845743737938931872e-02,-6.380411644394865789e+01
7.288210000000000000e+09,-2.412482181251363045e-01,-6.408768543550243635e+01
7.288273333333333015e+09,6.242478314214139345e-02,-6.380787577028407753e+01
7.288336666666666985e+09,-1.327899239073246918e-01,-6.402695381338313041e+01
7.288400000000000000e+09,1.878993660790939657e-01,-6.373012785944596459e+01
7.288463333333333015e+09,3.748058304879009484e-03,-6.393814250326909132e+01
7.288526666666666985e+09,-3.344907212155590059e-02,-6.399920296974512013e+01
7.288590000000000000e+09,-8.259403303233625593e-02,-6.407221126670515332e+01
7.288653333333333015e+09,-1.472103739439631909e-01,-6.416069094366604020e+01
7.288716666666666985e+09,-9.835095769922475029e-02,-6.413569486347054749e+01
7.288780000000000000e+09,3.911726058323949928e-02,-6.402208998123732897e+01
7.288843333333333015e+09,-1.615975119846382313e-01,-6.424666808985446664e+01
7.288906666666666985e+09,-9.673795903258053386e-02,-6.420567187295166889e+01
7.288970000000000000e+09,1.205590274997092592e-01,-6.401223822246862483e+01
7.289033333333333015e+09,7.519644188377583305e-03,-6.414914094182920223e+01
7.289096666666666985e+09,1.241329448283323700e-01,-6.405639097723850739e+01
7.289160000000000000e+09,-3.793099461181270726e-02,-6.424231825272791241e+01
7.289223333333333015e+09,2.067636035552311569e-02,-6.420757423380982232e+01
7.289286666666666985e+09,3.585799476940110253e-02,-6.421625593544553112e+01
7.289350000000000000e+09,-2.240068349506287859e-01,-6.449998410121447989e+01
7.289413333333333015e+09,-2.422943463713522760e-02,-6.432407003695024628e+01
7.289476666666666985e+09,-1.505414076104756305e-01,-6.447424534597315926e+01
7.289540000000000000e+09,-5.920262541275178592e-02,-6.440676989982435430e+01
7.289603333333333015e+09,-1.457402522232484898e-01,-6.451717086268411094e+01
7.289666666666666985e+09,-1.192654078528931905e-01,-6.451455935436334244e+01
7.289730000000000000e+09,-1.417459189652845453e-01,-6.456090320152465267e+01
7.289793333333333015e+09,-2.788477085822762547e-01,-6.472186832719089011e+01
7.289856666666666985e+09,-1.155023265307448810e-01,-6.458238628118895974e+01
7.289920000000000000e+09,-2.074531428106922704e-01,-6.469820043351815286e+01
7.289983333333333015e+09,-2.122172120052283617e-01,-6.472682783876160784e+01
7.290046666666666985e+09,-1.450885563795623057e-01,-6.468356251918552857e+01
7.290110000000000000e+09,-2.374115032593095975e-01,-6.479974880211453581e+01
7.290173333333333015e+09,-4.352265459072413023e-01,-6.502142718081138639e+01
7.290236666666666985e+09,-3.993911826333800263e-01,-6.500945515358709770e+01
7.290300000000000000e+09,-3.734704513695703554e-01,-6.500739775837254797e+01
7.290363333333333015e+09,-4.900927447747136512e-01,-6.514788338782661015e+01
7.290426666666666985e+09,-5.678883670342713685e-01,-6.524954234613575466e+01
7.290490000000000000e+09,1.432632208512814032e-01,-6.456225409429944762e+01
7.290553333333333015e+09,8.419886680393133815e-01,-6.388739198316067558e+01
7.290616666666666985e+09,4.072255199864258657e-01,-6.434601846726282304e+01
7.290680000000000000e+09,4.483917412595985752e-01,-6.432871558203889606e+01
7.290743333333333015e+09,3.929382727754671123e-01,-6.440803238657228746e+01
7.290806666666666985e+09,3.905025118603475676e-01,-6.443433148353665274e+01
7.290870000000000000e+09,3.178148463947820801e-01,-6.453088248505147817e+01
7.290933333333333015e+09,1.783650850836693280e-01,-6.469419558241183665e+01
7.290996666666666985e+09,2.062592197480199729e-01,-6.469016478379674595e+01
7.291060000000000000e+09,1.715054812354992464e-01,-6.474878185835851241e+01
7.291123333333333015e+09,7.930513969458274914e-02,-6.486484553594868885e+01
7.291186666666666985e+09,2.060797361982338316e-01,-6.476193427549462456e+01
7.291250000000000000e+09,8.171176797462464947e-02,-6.491016557976715262e+01
7.291313333333333015e+09,4.806930289926469868e-02,-6.496767138089175830e+01
7.291376666666666985e+09,1.775770439090678110e-01,-6.486202697593154198e+01
7.291440000000000000e+09,-4.138055975374754780e-02,-6.510484791564327622e+01
7.291503333333333015e+09,4.410934572234737061e-02,-6.504322134621644125e+01
7.291566666666666985e+09,1.334267335775365382e-01,-6.497776729441083887e+01
7.291630000000000000e+09,6.331429619295647626e-02,-6.507174306784433782e+01
7.291693333333333015e+09,5.418923281416709870e-02,-6.510473146727237292e+01
7.291756666666666985e+09,1.614324981508303836e-01,-6.502135153798529643e+01
7.291820000000000000e+09,1.194892081350076296e-01,-6.508715816405037913e+01
7.291883333333333015e+09,9.853364136012032759e-02,-6.513197706687418531e+01
7.291946666666666985e+09,3.524429002712281545e-02,-6.521912975425676962e+01
7.292010000000000000e+09,6.610248582212818746e-02,-6.521213489451100997e+01
7.292073333333333015e+09,1.422377220943502607e-01,-6.515986299428770678e+01
7.292136666666666985e+09,1.447936380975392012e-01,-6.518117041433410463e+01
7.292200000000000000e+09,9.394305337032449188e-02,-6.525588433511057929e+01
7.292263333333333015e+09,2.448327022445653256e-01,-6.512885802228525733e+01
7.292326666666666985e+09,1.136549291825019736e-01,-6.528389913139690748e+01
7.292390000000000000e+09,-7.515480354386738782e-02,-6.549657220017252257e+01
7.292453333333333015e+09,4.003177430649884627e-02,-6.540524895837141628e+01
7.292516666666666985e+09,1.703722916190173464e-01,-6.529877177710814351e+01
7.292580000000000000e+09,4.294349503894068221e-03,-6.548871305527252673e+01
7.292643333333333015e+09,1.257614726593345722e-01,-6.539110926816633196e+01
7.292706666666666985e+09,-6.339103144159707881e-02,-6.560412510831652355e+01
7.292770000000000000e+09,-8.247485003246879387e-02,-6.564707226295664100e+01
7.292833333333333015e+09,-6.752098568304631954e-02,-6.565598173465647847e+01
7.292896666666666985e+09,-3.320348883761425895e-02,-6.564552757386029214e+01
7.292960000000000000e+09,1.772611235433032562e-01,-6.545892629752863456e+01
7.293023333333333015e+09,1.209524272900353026e-01,-6.553909832983114825e+01
7.293086666666666985e+09,7.597471948398037966e-02,-6.560793937368680417e+01
7.293150000000000000e+09,2.062247514752613142e-01,-6.550155267774442791e+01
7.293213333333333015e+09,1.282072615101270685e-01,-6.560343350375882210e+01
7.293276666666666985e+09,1.025819795129621070e-01,-6.565292212180557385e+01
7.293340000000000000e+09,7.100368553402347516e-02,-6.570836375183343137e+01
7.293403333333333015e+09,2.922896989823016156e-01,-6.551094107443441317e+01
7.293466666666666985e+09,-2.841846098093014916e-03,-6.582993595556438038e+01
7.293530000000000000e+09,1.332284439360620354e-01,-6.571772900157914421e+01
7.293593333333333015e+09,9.689929662583551817e-02,-6.577792148493863067e+01
7.293656666666666985e+09,2.615121667280106976e-02,-6.587253290094125191e+01
7.293720000000000000e+09,8.251060035092905309e-03,-6.591429639362820581e+01
7.293783333333333015e+09,-3.981292638103184345e-02,-6.598622371609324944e+01
7.293846666666666985e+09,7.133913966052318756e-02,-6.589893498610129541e+01
7.293910000000000000e+09,-6.382830787052284904e-02,-6.605796576968158718e+01
7.293973333333333015e+09,3.677186038162005843e-02,-6.598122893747836315e+01
7.294036666666666985e+09,5.581362221069241514e-02,-6.598605051169887759e+01
7.294100000000000000e+09,-5.478475384863656927e-02,-6.612051222380746651e+01
7.294163333333333015e+09,-2.531126825583385198e-02,-6.611490207426358268e+01
7.294226666666666985e+09,1.594334367379275363e-01,-6.595402070531939387e+01
7.294290000000000000e+09,2.611423835455184417e-02,-6.611120323975202950e+01
7.294353333333333015e+09,-7.429871037766133668e-02,-6.623547952453316157e+01
7.294416666666666985e+09,1.092152214103663255e-01,-6.607582892879472070e+01
7.294480000000000000e+09,5.052722530376740906e-02,-6.615838026095056534e+01
7.294543333333333015e+09,-9.360134167138767225e-03,-6.624213095647073146e+01
7.294606666666666985e+09,5.072752028570448601e-02,-6.620590663806714815e+01
7.294670000000000000e+09,1.012880203777086763e-01,-6.617920947402438969e+01
7.294733333333333015e+09,-1.163415753106846751e-01,-6.642070240576202877e+01
7.294796666666666985e+09,1.970698127010734879e-01,-6.613115435379953055e+01
7.294860000000000000e+09,5.762619656528045198e-02,-6.629446130598458353e+01
7.294923333333333015e+09,9.784987243072862384e-02,-6.627810096616838109e+01
7.294986666666666985e+09,6.034029771853965940e-02,-6.633947387693015685e+01
7.295050000000000000e+09,1.108435889873362612e-01,-6.631283392171027913e+01
7.295113333333333015e+09,9.689398294152340441e-02,-6.635064686380535193e+01
7.295176666666666985e+09,1.869788196493686883e-01,-6.628442536314707922e+01
7.295240000000000000e+09,-4.407136685435375512e-02,-6.653933888569972055e+01
7.295303333333333015e+09,-7.233169533061811762e-02,-6.659146255022524485e+01
7.295366666666666985e+09,3.350539273442620924e-02,-6.650948879820978732e+01
7.295430000000000000e+09,4.160995412949830552e-02,-6.652524757286363410e+01
7.295493333333333015e+09,-9.056465676236769013e-02,-6.668128551980474583e+01
7.295556666666666985e+09,-1.497178636179796740e-02,-6.662955598545377711e+01
7.295620000000000000e+09,5.381917307080641422e-02,-6.658462836207041846e+01
7.295683333333333015e+09,-5.653253098031996160e-03,-6.666796412428817575e+01
7.295746666666666985e+09,1.808590893195543003e-01,-6.650531511792017625e+01
7.295810000000000000e+09,5.373258725641960609e-02,-6.665630495603257089e+01
7.295873333333333015e+09,1.007241780676366716e-01,-6.663317670127027270e+01
7.295936666666666985e+09,-4.950808960872166153e-02,-6.680727230499621783e+01
7.296000000000000000e+09,-5.835331574502333751e-02,-6.683998086718176523e+01
7.296063333333333015e+09,8.607619587314729870e-02,-6.671941469161251348e+01
7.296126666666666985e+09,1.131865707930188591e-01,-6.671616765274222871e+01
7.296190000000000000e+09,2.399161903326785250e-03,-6.685081839768118073e+01
7.296253333333333015e+09,-1.225338722488800158e-02,-6.688933428285831440e+01
7.296316666666666985e+09,-2.167420543304388048e-02,-6.692261843711605707e+01
7.296380000000000000e+09,4.951451262591888280e-02,-6.687529305510634003e+01
7.296443333333333015e+09,-9.766752559862368344e-02,-6.704633842938014254e+01
7.296506666666666985e+09,1.190178320430277381e-01,-6.685351640778773685e+01
7.296570000000000000e+09,8.325522218301273369e-02,-6.691314235369701180e+01
7.296633333333333015e+09,-1.582162304872838376e-01,-6.717847714241655410e+01
7.296696666666666985e+09,-1.033600122723612458e-01,-6.714748426025089145e+01
7.296760000000000000e+09,-8.033275013812612997e-02,-6.714832033416590207e+01
7.296823333333333015e+09,-5.753454768465360303e-02,-6.714938546776168948e+01
7.296886666666666985e+09,-4.826478198123140828e-02,-6.716397903810785408e+01
7.296950000000000000e+09,3.490670050769040245e-02,-6.710467089166785115e+01
7.297013333333333015e+09,4.802556837699967218e-02,-6.711541535984778761e+01
7.297076666666666985e+09,1.579947670269348237e-01,-6.702930949724743925e+01
7.297140000000000000e+09,4.688709337844443326e-02,-6.716428050694484853e+01
7.297203333333333015e+09,9.327755098205159356e-02,-6.714175338539050131e+01
7.297266666666666985e+09,1.505597272432623868e-02,-6.724383829969781345e+01
7.297330000000000000e+09,4.046070174278781906e-02,-6.724229690672827076e+01
7.297393333333333015e+09,1.177953104156870268e-01,-6.718882563410461728e+01
7.297456666666666985e+09,1.807130332639417247e-02,-6.731241297724349693e+01
7.297520000000000000e+09,-9.220459845268180743e-02,-6.744655221507149179e+01
7.297583333333333015e+09,1.014764600558208940e-01,-6.727673449261224903e+01
7.297646666666666985e+09,1.160809782847422866e-01,-6.728599331043291443e+01
7.297710000000000000e+09,1.257677005294510764e-02,-6.741336085471395734e+01
7.297773333333333015e+09,1.559193448548512606e-02,-6.743420902633033620e+01
7.297836666666666985e+09,3.909836875978101034e-02,-6.743456592810562711e+01
7.297900000000000000e+09,5.893209755569728259e-02,-6.743859553535897078e+01
7.297963333333333015e+09,1.283059480416000042e-01,-6.739308502092198694e+01
7.298026666666666985e+09,5.888279625119707816e-02,-6.748637150876197666e+01
7.298090000000000000e+09,3.613060978111093391e-02,-6.753298703128132274e+01
7.298153333333333015e+09,8.747529929414099570e-02,-6.750550567781719735e+01
7.298216666666666985e+09,1.040198725009560121e-01,-6.751282444065996913e+01
7.298280000000000000e+09,3.167550860125345480e-02,-6.760903214060893163e+01
7.298343333333333015e+09,4.542180180634147746e-02,-6.761914918345310355e+01
7.298406666666666985e+09,-2.343636660890524581e-02,-6.771187068791759600e+01
7.298470000000000000e+09,4.012093691618190405e-02,-6.767217672044175458e+01
7.298533333333333015e+09,4.133983084813053210e-03,-6.773202701032238338e+01
7.298596666666666985e+09,9.117575060513161134e-02,-6.766884857885132476e+01
7.298660000000000000e+09,-5.053563715331677031e-02,-6.783442330265901887e+01
7.298723333333333015e+09,-1.032280997827257352e-01,-6.791097910133767357e+01
7.298786666666666985e+09,1.086439985032683353e-01,-6.772297033910128050e+01
7.298850000000000000e+09,1.274530349114399996e-02,-6.784273237016232372e+01
7.298913333333333015e+09,9.029582670838465219e-02,-6.778904518299432880e+01
7.298976666666666985e+09,1.688886910245912532e-02,-6.788631547664984112e+01
7.299040000000000000e+09,8.624469689195279898e-02,-6.784082298490926632e+01
7.299103333333333015e+09,4.021635154172997773e-02,-6.791071466630874909e+01
7.299166666666666985e+09,2.949380782939670098e-02,-6.794530054607065495e+01
7.299230000000000000e+09,1.473010918677175596e-02,-6.798392758076219877e+01
7.299293333333333015e+09,1.046420053542362893e-01,-6.791787902064399418e+01
7.299356666666666985e+09,-4.232514537839904278e-02,-6.808870950742621631e+01
7.299420000000000000e+09,5.463729048840093583e-02,-6.801561040760833521e+01
7.299483333333333015e+09,-3.966713578932967721e-03,-6.809807774772491484e+01
7.299546666666666985e+09,-2.156566637937373798e-02,-6.813954003657495662e+01
7.299610000000000000e+09,2.084082692802269321e-02,-6.812099687931680592e+01
7.299673333333333015e+09,3.744413539466506791e-02,-6.812825690689908242e+01
7.299736666666666985e+09,1.626132680464138502e-01,-6.802695111029692043e+01
7.299800000000000000e+09,4.999570607216696772e-02,-6.816343200832042726e+01
7.299863333333333015e+09,1.441321719765227272e-01,-6.809315887846499038e+01
7.299926666666666985e+09,6.193273734004378639e-02,-6.819922164915104190e+01
7.299990000000000000e+09,2.057885165988864173e-01,-6.807922920594145921e+01
7.300053333333333015e+09,-1.164279831471048965e-03,-6.831004533842073556e+01
7.300116666666666985e+09,9.938625903920694782e-02,-6.823335813559964436e+01
7.300180000000000000e+09,1.073658492900619876e-01,-6.824924188139803505e+01
7.300243333333333015e+09,7.284033922947230622e-02,-6.830763072750788467e+01
7.300306666666666985e+09,1.949196433102429182e-03,-6.840238520635351449e+01
7.300370000000000000e+09,1.045368312931884702e-01,-6.832366090754267418e+01
7.300433333333333015e+09,1.262647649170531849e-01,-6.832579630996805520e+01
7.300496666666666985e+09,-1.759538614175681914e-01,-6.865187827235193652e+01
7.300560000000000000e+09,2.034227064746119140e-01,-6.829636504050901635e+01
7.300623333333333015e+09,1.946001816508271531e-01,-6.832905090138204685e+01
7.300686666666666985e+09,3.976806864258719543e-02,-6.850774635043954675e+01
7.300750000000000000e+09,1.189673788780254426e-01,-6.845241037625335423e+01
7.300813333333333015e+09,6.282658075953406751e-02,-6.853241451042110555e+01
7.300876666666666985e+09,1.139897013298423190e-01,-6.850511472590038409e+01
7.300940000000000000e+09,2.630212596912429035e-02,-6.861666563731002100e+01
7.301003333333333015e+09,5.644337335154148150e-02,-6.861038772597684954e+01
7.301066666666666985e+09,1.363030919310688205e-01,-6.855439134344690899e+01
7.301130000000000000e+09,6.887812330822384865e-02,-6.864567964811867284e+01
7.301193333333333015e+09,2.371935667205065101e-01,-6.850122754075565012e+01
7.301256666666666985e+09,7.779582079879787671e-02,-6.868448862272694555e+01
7.301320000000000000e+09,-2.483315823700138480e-02,-6.881098093781166369e+01
7.301383333333333015e+09,-4.542909691366503466e-02,-6.885544021253757307e+01
7.301446666666666985e+09,-1.435642758812178954e-01,-6.897743872755471273e+01
7.301510000000000000e+09,8.733107387058680615e-03,-6.884900468033569609e+01
7.301573333333333015e+09,1.219573821707911065e-01,-6.875964374160088255e+01
7.301636666666666985e+09,1.167821728905380496e-01,-6.878868228693072240e+01
7.301700000000000000e+09,1.297525923477849119e-01,-6.879957520352272127e+01
7.301763333333333015e+09,1.243913898622537317e-01,-6.882879974205717133e+01
7.301826666666666985e+09,1.366934395203287522e-01,-6.884036102844868310e+01
7.301890000000000000e+09,-2.055839066068188004e-02,-6.902147619467895368e+01
7.301953333333333015e+09,4.969015082453154264e-02,-6.897509098924265913e+01
7.302016666666666985e+09,1.023246700889188787e-01,-6.894631980602785859e+01
7.302080000000000000e+09,-3.211214970441744754e-02,-6.910461996187044065e+01
7.302143333333333015e+09,-3.466139536570267410e-02,-6.913103254358098582e+01
7.302206666666666985e+09,2.033052119093383681e-01,-6.891692927235519051e+01
7.302270000000000000e+09,1.522189774118629657e-01,-6.899187884290192585e+01
7.302333333333333015e+09,4.673825694311517509e-03,-6.916328733066872303e+01
7.302396666666666985e+09,-5.538658857012990211e-02,-6.924721108098242439e+01
7.302460000000000000e+09,-7.177114103100734610e-03,-6.922286494256464096e+01
7.302523333333333015e+09,6.359426052301841992e-02,-6.917595690398778174e+01
7.302586666666666985e+09,1.985306882673398832e-02,-6.924356143173331191e+01
7.302650000000000000e+09,1.160664308640093623e-01,-6.917121140574529647e+01
7.302713333333333015e+09,7.689221453712491439e-02,-6.923424895812142665e+01
7.302776666666666985e+09,-2.158405232989935030e-03,-6.933716291394114251e+01
7.302840000000000000e+09,1.321167605731830008e-01,-6.922675108418387424e+01
7.302903333333333015e+09,1.250603619837136193e-01,-6.925767081882260356e+01
7.302966666666666985e+09,1.907446784999677902e-01,-6.921584983835593619e+01
7.303030000000000000e+09,1.639745284708737927e-02,-6.941406040005773548e+01
7.303093333333333015e+09,-4.803585543876920383e-02,-6.950235704439283779e+01
7.303156666666666985e+09,1.226987340109531033e-02,-6.946591465160256007e+01
7.303220000000000000e+09,9.520114047533922985e-02,-6.940684672057723503e+01
7.303283333333333015e+09,1.221667285371950129e-01,-6.940374446856463919e+01
7.303346666666666985e+09,4.380451146171537857e-02,-6.950597002168970562e+01
7.303410000000000000e+09,4.240686520213898802e-02,-6.953123100399852774e+01
7.303473333333333015e+09,1.384047307547575656e-02,-6.958366073217410985e+01
7.303536666666666985e+09,1.204459598572640289e-01,-6.950091858144192258e+01
7.303600000000000000e+09,1.029056088478341735e-02,-6.963493731646364893e+01
7.303663333333333015e+09,1.589646985089956388e-01,-6.951012651488835559e+01
7.303726666666666985e+09,2.219396163240787700e-01,-6.947101493312285925e+01
7.303790000000000000e+09,3.597855537178418217e-02,-6.968083933012441378e+01
7.303853333333333015e+09,-2.567271348205224513e-02,-6.976635393502716909e+01
7.303916666666666985e+09,8.145652989813356726e-02,-6.968308802769655586e+01
7.303980000000000000e+09,4.383036134863971256e-02,-6.974457753229530965e+01
7.304043333333333015e+09,-4.406986934054657468e-02,-6.985634109903375588e+01
7.304106666666666985e+09,1.327181414692404360e-01,-6.970341642427321460e+01
7.304170000000000000e+09,1.662072954349156362e-01,-6.969379060635678513e+01
7.304233333333333015e+09,6.761273887066465704e-02,-6.981624849897029605e+01
7.304296666666666985e+09,5.150187552021634474e-02,-6.985622269837000431e+01
7.304360000000000000e+09,-9.111219709808437983e-03,-6.994069912964927482e+01
7.304423333333333015e+09,1.003692683351715687e-01,-6.985508197765354055e+01
7.304486666666666985e+09,3.705735189043934952e-02,-6.994225723014753271e+01
7.304550000000000000e+09,-2.267466776713433774e-02,-7.002585258585436634e+01
7.304613333333333015e+09,-6.402757859474661473e-02,-7.009106883273122435e+01
7.304676666666666985e+09,1.247740770401435384e-01,-6.992613051314592099e+01
7.304740000000000000e+09,-9.224642068485877644e-02,-7.016701434691984218e+01
7.304803333333333015e+09,5.164591430377640791e-02,-7.004698534798046694e+01
7.304866666666666985e+09,1.228788167981633705e-01,-6.999961578153565256e+01
7.304930000000000000e+09,2.276706495688074483e-02,-7.012359086942585407e+01
7.304993333333333015e+09,1.732442187574037007e-01,-6.999697705167459105e+01
7.305056666666666985e+09,-3.072861643761370942e-02,-7.022481322291919525e+01
7.305120000000000000e+09,-7.394779131371365111e-02,-7.029189573384421408e+01
7.305183333333333015e+09,2.198027122529566668e-01,-7.002200856632678949e+01
7.305246666666666985e+09,-6.428489194007624974e-03,-7.027210310382335479e+01
7.305310000000000000e+09,1.186259446808861640e-01,-7.017091200599770673e+01
7.305373333333333015e+09,1.078593697295957554e-01,-7.020554191699791602e+01
7.305436666666666985e+09,4.243120305177683349e-02,-7.029483341972532173e+01
7.305500000000000000e+09,1.178539950625605570e-01,-7.024327396376379795e+01
7.305563333333333015e+09,4.647090792754227095e-02,-7.033852038694773512e+01
7.305626666666666985e+09,1.178109021611817298e-01,-7.029104372876366824e+01
7.305690000000000000e+09,4.308003581805053273e-02,-7.038963793115605938e+01
7.305753333333333015e+09,5.416188720786863087e-03,-7.045116511430224193e+01
7.305816666666666985e+09,2.025250377162990389e-02,-7.046019213530098568e+01
7.305880000000000000e+09,-2.041891144956764492e-02,-7.052472688657142896e+01
7.305943333333333015e+09,-8.773159743611813610e-03,-7.053694447091473307e+01
7.306006666666666985e+09,3.111917548307019388e-02,-7.052091547173731101e+01
7.306070000000000000e+09,1.693476051215441203e-01,-7.040655037814808281e+01
7.306133333333333015e+09,1.022229076410496873e-01,-7.049753841167782298e+01
7.306196666666666985e+09,2.007240408971711076e-03,-7.062161741495916090e+01
7.306260000000000000e+09,-3.218928164983481111e-03,-7.065070691958237603e+01
7.306323333333333015e+09,-4.458612463589872732e-02,-7.071593745210253701e+01
7.306386666666666985e+09,2.070856340364173320e-01,-7.048812902947946668e+01
7.306450000000000000e+09,7.696354052761478215e-02,-7.064211445903752917e+01
7.306513333333333015e+09,1.631950495595049233e-01,-7.057974628605489897e+01
7.306576666666666985e+09,1.777640658900736526e-03,-7.076502703100508995e+01
7.306640000000000000e+09,1.190227700910782005e-01,-7.067164523762181716e+01
7.306703333333333015e+09,2.198835161989904918e-01,-7.059464782756316481e+01
7.306766666666666985e+09,-9.438557346796017100e-02,-7.093278025327971648e+01
7.306830000000000000e+09,3.001011605981318553e-02,-7.083224789980084779e+01
7.306893333333333015e+09,1.038802833573413409e-01,-7.078224106855256537e+01
7.306956666666666985e+09,2.281711226623883704e-02,-7.088716757569326887e+01
7.307020000000000000e+09,1.448493399228993894e-01,-7.078899868408552720e+01
7.307083333333333015e+09,1.220424826064743229e-01,-7.083566887745119800e+01
7.307146666666666985e+09,1.838785743218949165e-01,-7.079769612178536420e+01
7.307210000000000000e+09,1.064219178001337696e-01,-7.089901611435638529e+01
7.307273333333333015e+09,6.441209312228579620e-02,-7.096488927508315214e+01
7.307336666666666985e+09,6.442692084837631228e-02,-7.098873778340664842e+01
7.307400000000000000e+09,1.160569754453604219e-01,-7.096097106485891004e+01
7.307463333333333015e+09,2.259626799010021614e-01,-7.087492869645218718e+01
7.307526666666666985e+09,-4.965539338968483207e-03,-7.112972025174175883e+01
7.307590000000000000e+09,-2.700836080009594298e-04,-7.114888813206003704e+01
7.307653333333333015e+09,8.844700385600390291e-02,-7.108403438064495106e+01
7.307716666666666985e+09,2.397071088216762291e-02,-7.117237400966837413e+01
7.307780000000000000e+09,-5.312764880487463870e-02,-7.127333570540467633e+01
7.307843333333333015e+09,1.405537942350179037e-01,-7.110351759841370267e+01
7.307906666666666985e+09,4.567199355200557420e-02,-7.122226273514628758e+01
7.307970000000000000e+09,2.670741029389489540e-02,-7.126509065445365820e+01
7.308033333333333015e+09,-7.674707816140369232e-02,-7.139240847895821673e+01
7.308096666666666985e+09,-9.494883539545639906e-03,-7.134901962038560441e+01
7.308160000000000000e+09,1.196879566089847913e-01,-7.124370011628631971e+01
7.308223333333333015e+09,9.739168503257644716e-02,-7.128985972391198800e+01
7.308286666666666985e+09,3.118809415748557967e-02,-7.137992665083633881e+01
7.308350000000000000e+09,4.724573535834508675e-02,-7.138773234568472503e+01
7.308413333333333015e+09,4.422330645716954223e-02,-7.141461811063514631e+01
7.308476666666666985e+09,1.843634626238355168e-01,-7.129834129051808134e+01
7.308540000000000000e+09,1.254374015405517184e-01,-7.138113068765028402e+01
7.308603333333333015e+09,3.915904397688052541e-02,-7.149127238126320094e+01
7.308666666666666985e+09,2.517262507252127079e-01,-7.130256851056445555e+01
7.308730000000000000e+09,1.901706258308166753e-01,-7.138798747150777046e+01
7.308793333333333015e+09,6.661534549907344172e-02,-7.153540608788877364e+01
7.308856666666666985e+09,2.856593061416390356e-02,-7.159731883882325576e+01
7.308920000000000000e+09,2.344036359462648988e-01,-7.141534446954007365e+01
7.308983333333333015e+09,6.415923572673420949e-02,-7.160945220580886428e+01
7.309046666666666985e+09,1.610489703746793566e-01,-7.153642580721050592e+01
7.309110000000000000e+09,4.018404954913989968e-02,-7.168115406408529111e+01
7.309173333333333015e+09,1.615007542385029637e-01,-7.158370069544484693e+01
7.309236666666666985e+09,-2.456628734681487458e-02,-7.179363107307976577e+01
7.309300000000000000e+09,1.907107466205104629e-02,-7.177385704712014558e+01
7.309363333333333015e+09,1.255339849187038226e-01,-7.169125747291241169e+01
7.309426666666666985e+09,1.159091097900528666e-01,-7.172474568409064943e+01
7.309490000000000000e+09,1.330878677606364135e-01,-7.173143026216932583e+01
7.309553333333333015e+09,1.309120815854925013e-01,-7.175746938439338862e+01
7.309616666666666985e+09,1.192957252990964889e-01,-7.179294907672935722e+01
7.309680000000000000e+09,1.390069787645842325e-01,-7.179710115931312941e+01
7.309743333333333015e+09,-3.865296474208435029e-02,-7.199862443886871688e+01
7.309806666666666985e+09,6.709989139106653511e-02,-7.191673491878515279e+01
7.309870000000000000e+09,1.064627916228033655e-01,-7.190123535460266169e+01
7.309933333333333015e+09,6.886146995081787736e-02,-7.196270001232390712e+01
7.309996666666666985e+09,1.423515311931282668e-01,-7.191307328713085667e+01
7.310060000000000000e+09,1.065182834615825413e-01,-7.197276987091164813e+01
7.310123333333333015e+09,9.901259840106035881e-02,-7.200413889202141604e+01
7.310186666666666985e+09,8.695807524850351911e-02,-7.204005675122323282e+01
7.310250000000000000e+09,2.376958897009302518e-01,-7.191318227282006603e+01
7.310313333333333015e+09,2.945422938006743152e-01,-7.188019920476956770e+01
7.310376666666666985e+09,4.863126605926026969e-03,-7.219374170801390278e+01
7.310440000000000000e+09,-4.073822052548337069e-02,-7.226320639119423106e+01
7.310503333333333015e+09,-6.269483834280720203e-02,-7.230902634506081483e+01
7.310566666666666985e+09,1.193701546253009838e-01,-7.215082468814227923e+01
7.310630000000000000e+09,2.386589817277240400e-03,-7.229167158899922185e+01
7.310693333333333015e+09,1.737877541961978523e-01,-7.214413376066956118e+01
7.310756666666666985e+09,-1.924906670879522608e-03,-7.234370975758622535e+01
7.310820000000000000e+09,-4.479863667086192436e-03,-7.237012805063135090e+01
7.310883333333333015e+09,1.546206478760723257e-01,-7.223489087513743812e+01
7.310946666666666985e+09,-7.640145233439454842e-02,-7.248977631139750599e+01
7.311010000000000000e+09,2.133983008012307891e-01,-7.222383989431079954e+01
7.311073333333333015e+09,-4.526368533760205537e-03,-7.246562789969503626e+01
7.311136666666666985e+09,1.636531203612463514e-01,-7.232131174684961650e+01
7.311200000000000000e+09,2.251694464183202626e-01,-7.228365875684180253e+01
7.311263333333333015e+09,4.598516711591571493e-02,-7.248670637219312596e+01
7.311326666666666985e+09,4.220652806452562800e-02,-7.251434834729408863e+01
7.311390000000000000e+09,7.105915143851859739e-02,-7.250935905996935560e+01
7.311453333333333015e+09,1.113520482060295080e-01,-7.249292949925076357e+01
7.311516666666666985e+09,3.964409706551919044e-02,-7.258850078644086068e+01
7.311580000000000000e+09,7.222523109062706226e-02,-7.257978298846499854e+01
7.311643333333333015e+09,2.954955175582085758e-03,-7.267291660042896240e+01
7.311706666666666985e+09,-2.071644759610080655e-01,-7.290689936761515355e+01
7.311770000000000000e+09,-6.092876474923514252e-04,-7.272420751535088357e+01
7.311833333333333015e+09,5.296766017832510443e-02,-7.269449390357432605e+01
7.311896666666666985e+09,-8.380593807751779423e-02,-7.285513083787941468e+01
7.311960000000000000e+09,-4.756495266597937643e-02,-7.284275318851713621e+01
7.312023333333333015e+09,4.859734982746033438e-02,-7.277045422207295644e+01
7.312086666666666985e+09,6.226245797861906794e-02,-7.278065244997104344e+01
7.312150000000000000e+09,7.538242762700519961e-02,-7.279139581637190304e+01
7.312213333333333015e+09,6.438528908005025642e-02,-7.282625629096811792e+01
7.312276666666666985e+09,-1.026187704648009458e-01,-7.301712368656255592e+01
7.312340000000000000e+09,1.323669872639356981e-01,-7.280600126488273816e+01
7.312403333333333015e+09,-5.663001894440355954e-02,-7.301886160714032314e+01
7.312466666666666985e+09,7.647268531430029270e-02,-7.290962223893122029e+01
7.312530000000000000e+09,2.247583799495629364e-01,-7.278519988034487653e+01
7.312593333333333015e+09,6.818019568497390992e-02,-7.296564140065871129e+01
7.312656666666666985e+09,2.821102957195336103e-01,-7.277557463667373838e+01
7.312720000000000000e+09,-8.696385666641504031e-02,-7.316851212510860591e+01
7.312783333333333015e+09,7.491311677550527293e-02,-7.303049848771594554e+01
7.312846666666666985e+09,2.051830635521696422e-01,-7.292409187698885376e+01
7.312910000000000000e+09,5.057642814279006416e-04,-7.315263251230851438e+01
7.312973333333333015e+09,7.962811700056704467e-02,-7.309737349563863518e+01
7.313036666666666985e+09,1.109819931854758579e-01,-7.308988295550331316e+01
7.313100000000000000e+09,1.789840121239762993e-01,-7.304574427261405845e+01
7.313163333333333015e+09,2.598199139171981642e-01,-7.298877170686975546e+01
7.313226666666666985e+09,-1.562037550697255028e-01,-7.342865871190628013e+01
7.313290000000000000e+09,5.066051929456705238e-02,-7.324565777359123331e+01
7.313353333333333015e+09,1.667648347698502675e-01,-7.315341679416486897e+01
7.313416666666666985e+09,-6.611427539293401878e-02,-7.341015924037724005e+01
7.313480000000000000e+09,-4.841878182843117884e-02,-7.341632708286199716e+01
7.313543333333333015e+09,1.969617579453739609e-01,-7.319480987913711090e+01
7.313606666666666985e+09,1.497652928787260862e-01,-7.326586968025333135e+01
7.313670000000000000e+09,8.931155937902701680e-02,-7.335018674980229036e+01
7.313733333333333015e+09,1.436578654362676843e-01,-7.331970377979430964e+01
7.313796666666666985e+09,3.644965175188019657e-02,-7.345077532952794286e+01
7.313860000000000000e+09,1.839385733368175124e-01,-7.332714974399225127e+01
7.313923333333333015e+09,1.734028634136279834e-01,-7.336154878996470075e+01
7.313986666666666985e+09,2.973787861262735532e-01,-7.326143620330131512e+01
7.314050000000000000e+09,1.228929456033540646e-01,-7.345978537987348034e+01
7.314113333333333015e+09,1.411408737449448836e-02,-7.359242757415158565e+01
7.314176666666666985e+09,1.742301001375068381e-01,-7.345617489743783324e+01
7.314240000000000000e+09,1.824707496722766109e-01,-7.347179758395232341e+01
7.314303333333333015e+09,3.251079897204078861e-02,-7.364562087070180496e+01
7.314366666666666985e+09,8.073322282011474726e-02,-7.362126178290331779e+01
7.314430000000000000e+09,4.049816404283035354e-02,-7.368536017772952107e+01
7.314493333333333015e+09,1.803355513055322490e-01,-7.356938612651607912e+01
7.314556666666666985e+09,1.057900641343536563e-01,-7.366779494973683029e+01
7.314620000000000000e+09,3.115287510841682206e-01,-7.348591959883593461e+01
7.314683333333333015e+09,1.272818261910941828e-01,-7.369402985977826859e+01
7.314746666666666985e+09,1.890755006234741131e-01,-7.365609952139547545e+01
7.314810000000000000e+09,6.916922797529423406e-02,-7.379986913009257421e+01
7.314873333333333015e+09,1.981492347965314593e-01,-7.369475245932058272e+01
7.314936666666666985e+09,1.508831629281104370e-01,-7.376588186723860474e+01
7.315000000000000000e+09,5.433534749511181872e-02,-7.388629301872084909e+01
