# freq_Hz, phase_rad_detrended, phase_rad
7.125000000000000000e+09,-1.510425681530769282e-02,-2.301173307406331858e+00
7.125063333333333015e+09,-5.472010152188655496e-02,-2.364664339927663228e+00
7.125126666666666985e+09,-3.069257362519195453e-02,-2.364511999845728241e+00
7.125190000000000000e+09,-2.829924783320869608e-02,-2.385993861868497490e+00
7.125253333333333015e+09,-2.002573045013633646e-02,-2.401595532300177638e+00
7.125316666666666985e+09,-2.893124444775851956e-02,-2.434376234112893389e+00
7.125380000000000000e+09,-2.427158108948246351e-02,-2.453591758569035886e+00
7.125443333333333015e+09,-3.328720244849758814e-02,-2.486482567742803518e+00
7.125506666666666985e+09,-4.633655225558719337e-02,-2.523407105364986691e+00
7.125570000000000000e+09,-1.879693041878072179e-02,-2.519742671342598772e+00
7.125633333333333015e+09,-4.567179686085820478e-02,-2.570492725599428763e+00
7.125696666666666985e+09,-5.045629069523149823e-02,-2.599152407248895624e+00
7.125760000000000000e+09,-3.060546183081891414e-02,-2.603176766198901593e+00
7.125823333333333015e+09,-6.031735022025985771e-02,-2.656763842403095044e+00
7.125886666666666985e+09,-1.648314068297729307e-02,-2.636804820680906047e+00
7.125950000000000000e+09,-3.990289023812643165e-02,-2.684099758050473739e+00
7.126013333333333015e+09,-4.080603988275832705e-02,-2.708878095509858142e+00
7.126076666666666985e+09,-2.424724186354376698e-02,-2.716194485305737150e+00
7.126140000000000000e+09,-1.019188259892356285e-02,-2.726014313855869453e+00
7.126203333333333015e+09,-3.735145257225447324e-02,-2.777049071643626021e+00
7.126266666666666985e+09,-2.624384919677646977e-02,-2.789816656083234481e+00
7.126330000000000000e+09,-3.843386292859385378e-02,-2.825881857629804372e+00
7.126393333333333015e+09,-2.904251462182783072e-02,-2.840365697137464007e+00
7.126456666666666985e+09,-2.793871637694156362e-02,-2.863137086707664203e+00
7.126520000000000000e+09,-2.780815720449325568e-02,-2.886881715349968403e+00
7.126583333333333015e+09,-2.531636401835024586e-02,-2.908265109978251051e+00
7.126646666666666985e+09,-1.864140600774311096e-02,-2.925465339782730378e+00
7.126710000000000000e+09,-3.006487766139276374e-02,-2.960763999251132539e+00
7.126773333333333015e+09,-2.141470065450334914e-02,-2.975989010059002737e+00
7.126836666666666985e+09,-5.346157335212087247e-02,-3.031911070571372768e+00
7.126900000000000000e+09,-2.228914855212149604e-02,-3.024613833586133005e+00
7.126963333333333015e+09,-2.909385114980134190e-02,-3.055293723998565358e+00
7.127026666666666985e+09,-1.788031697743175386e-02,-3.067955377640948278e+00
7.127090000000000000e+09,-2.925734404458602000e-02,-3.103207592522862157e+00
7.127153333333333015e+09,-2.482105286044866688e-02,-3.122646489153477312e+00
7.127216666666666985e+09,-3.263008505216991040e-02,-3.154330709160285018e+00
7.127280000000000000e+09,-1.499418930509177628e-02,-3.160570001227632542e+00
7.127343333333333015e+09,-5.226098079082941439e-02,-3.221711980528122687e+00
7.127406666666666985e+09,-2.251302983943492819e-02,-3.215839217391814664e+00
7.127470000000000000e+09,-1.658967346587525427e-02,-3.233791048832680648e+00
7.127533333333333015e+09,-4.881167315012469032e-02,-3.289888236331682592e+00
7.127596666666666985e+09,-1.386204756280173811e-02,-3.278813798559446102e+00
7.127660000000000000e+09,-5.044820733037358451e-03,-3.293871759544107380e+00
7.127723333333333015e+09,-2.683090853931879849e-02,-3.339533035165141328e+00
7.127786666666666985e+09,-2.959209671434992472e-02,-3.366169411155266022e+00
7.127850000000000000e+09,-1.695224213826174164e-02,-3.377404744393596392e+00
7.127913333333333015e+09,-1.163622434581323972e-02,-3.395963914415900398e+00
7.127976666666666985e+09,-2.556030419997323833e-02,-3.433763182085153964e+00
7.128040000000000000e+09,-2.385929083526727723e-02,-3.455937356535200511e+00
7.128103333333333015e+09,-2.979007938624356200e-02,-3.485743332900595348e+00
7.128166666666666985e+09,-3.173495596130404550e-02,-3.511563397290749400e+00
7.128230000000000000e+09,-2.400812543168573399e-02,-3.527711754575883596e+00
7.128293333333333015e+09,-4.180891360902361242e-02,-3.569387730567640027e+00
7.128356666666666985e+09,-3.955673554793692759e-02,-3.591010740321646910e+00
7.128420000000000000e+09,-5.972688602620479514e-02,-3.635056078614667285e+00
7.128483333333333015e+09,-1.704329917888625090e-02,-3.616247679581767294e+00
7.128546666666666985e+09,-1.775387922985371958e-02,-3.640833447447828330e+00
7.128610000000000000e+09,-1.792143250754341111e-02,-3.664876188540270530e+00
7.128673333333333015e+09,-4.117651992978199615e-03,-3.674947595840457826e+00
7.128736666666666985e+09,-7.720128732895403800e-03,-3.702425260395134643e+00
7.128800000000000000e+09,-3.884826486244685739e-02,-3.757428584339438604e+00
7.128863333333333015e+09,-1.289212003208906054e-02,-3.755347627323840420e+00
7.128926666666666985e+09,-4.484562096083166693e-02,-3.811176316067335534e+00
7.128990000000000000e+09,-2.331731234920475515e-02,-3.813523195270461130e+00
7.129053333333333015e+09,-2.050115791199536019e-02,-3.834582228648011348e+00
7.129116666666666985e+09,-1.876607326772639084e-03,-3.839832865877541135e+00
7.129180000000000000e+09,-1.942077807601849671e-02,-3.881252224441539500e+00
7.129243333333333015e+09,-3.461076689932962580e-02,-3.920317401079610242e+00
7.129306666666666985e+09,-2.096859033499853808e-02,-3.930550412330365617e+00
7.129370000000000000e+09,-5.234985063426655927e-02,-3.985806860444052191e+00
7.129433333333333015e+09,-7.100522907524275951e-03,-3.964432720532069521e+00
7.129496666666666985e+09,-4.335309476924198435e-02,-4.024560480208873692e+00
7.129560000000000000e+09,-4.488706562362843044e-02,-4.049969638877678690e+00
7.129623333333333015e+09,-1.094070544843006587e-02,-4.039898466517239939e+00
7.129686666666666985e+09,-1.802947935203569330e-02,-4.070862428235932029e+00
7.129750000000000000e+09,-5.249056323613210395e-02,-4.129198699934446992e+00
7.129813333333333015e+09,-5.649986939414297638e-02,-4.157083193907217478e+00
7.129876666666666985e+09,-1.938543348416388312e-02,-4.143843945812324847e+00
7.129940000000000000e+09,-3.466824289403014347e-02,-4.183001943036950721e+00
7.130003333333333015e+09,-1.149035227294348260e-02,-4.183699240230282612e+00
7.130066666666666985e+09,1.037294541348998678e-02,-4.185711130358935605e+00
7.130130000000000000e+09,-2.440849577441639440e-02,-4.244367759361601600e+00
7.130193333333333015e+09,-1.659946138976042818e-02,-4.260433912791364186e+00
7.130256666666666985e+09,-6.192036198369610389e-02,-4.329630001200386324e+00
7.130320000000000000e+09,-1.306572552842055757e-02,-4.304650552559870391e+00
7.130383333333333015e+09,-1.245560938253031935e-02,-4.327915624228398705e+00
7.130446666666666985e+09,-2.458873724546073447e-02,-4.363923939906415583e+00
7.130510000000000000e+09,-3.371950751022456672e-02,-4.396929897985939029e+00
7.130573333333333015e+09,-9.529657847444639174e-03,-4.396615236137911609e+00
7.130636666666666985e+09,-2.638295902207499211e-02,-4.437343725127294469e+00
7.130700000000000000e+09,-1.441574782980481473e-02,-4.449251701749783905e+00
7.130763333333333015e+09,-6.030299067255739942e-02,-4.519014132407288997e+00
7.130826666666666985e+09,-4.767472553418983239e-02,-4.530261055083681043e+00
7.130890000000000000e+09,5.185488426335815859e-03,-4.501276028937907903e+00
7.130953333333333015e+09,-3.147618249083983244e-02,-4.561812887669836059e+00
7.131016666666666985e+09,-3.405535146306348793e-02,-4.588267244456819327e+00
7.131080000000000000e+09,-4.430041535887241366e-02,-4.622387496167380760e+00
7.131143333333333015e+09,-4.555931771642818262e-02,-4.647521586339689037e+00
7.131206666666666985e+09,-1.766015484134353386e-02,-4.643497611279697956e+00
7.131270000000000000e+09,-3.330587371771809302e-02,-4.683018517970491068e+00
7.131333333333333015e+09,-3.763379663483057413e-03,-4.677351211731008540e+00
7.131396666666666985e+09,1.047882238612629635e-03,-4.696415137644006421e+00
7.131460000000000000e+09,-2.828723707425506717e-02,-4.749625444771292671e+00
7.131523333333333015e+09,-4.856712175406840970e-03,-4.750070107687196952e+00
7.131586666666666985e+09,-4.394245932498819229e-02,-4.813031042651871871e+00
7.131650000000000000e+09,-1.089600779257793306e-02,-4.803859778933880165e+00
7.131713333333333015e+09,-3.180418806103979534e-02,-4.848643147017094535e+00
7.131776666666666985e+09,-1.915916106509030215e-02,-4.859873307836238610e+00
7.131840000000000000e+09,-4.604092960472172535e-02,-4.910630264190622540e+00
7.131903333333333015e+09,-1.764175886177010710e-02,-4.906106281262096580e+00
7.131966666666666985e+09,-8.028418769432832391e-03,-4.920368128984845768e+00
7.132030000000000000e+09,-4.891904012230163801e-02,-4.985133938152467081e+00
7.132093333333333015e+09,-3.644602699334509310e-02,-4.996536112837936194e+00
7.132156666666666985e+09,-3.672983412036501250e-02,-5.020695107780042576e+00
7.132220000000000000e+09,-3.313484750841677595e-02,-5.040975308982846848e+00
7.132283333333333015e+09,7.812815459170785459e-03,-5.023902833829684944e+00
7.132346666666666985e+09,-4.332615323364841231e-02,-5.098916990337590605e+00
7.132410000000000000e+09,-1.029679320475995752e-02,-5.089762818123454657e+00
7.132473333333333015e+09,-2.522843492519655229e-02,-5.128569647658650865e+00
7.132536666666666985e+09,-4.893178640247963784e-02,-5.176148186950686458e+00
7.132600000000000000e+09,6.806722753362137723e-03,-5.144284865609604296e+00
7.132663333333333015e+09,-5.883295405634925146e-03,-5.180850071583353866e+00
7.132726666666666985e+09,-1.498832513292747137e-03,-5.200340796505764196e+00
7.132790000000000000e+09,-4.234706693538825562e-02,-5.265064218742619317e+00
7.132853333333333015e+09,-1.619220603093562971e-02,-5.262784545652919199e+00
7.132916666666666985e+09,-1.168128181516259190e-02,-5.282148809251898669e+00
7.132980000000000000e+09,-4.181763259540893785e-03,-5.298524478511036584e+00
7.133043333333333015e+09,-2.875699186647651118e-02,-5.346974894932724709e+00
7.133106666666666985e+09,-3.895867251322115976e-02,-5.381051763394555820e+00
7.133170000000000000e+09,-5.752764963162881884e-02,-5.423495928327389137e+00
7.133233333333333015e+09,-3.045817978866338649e-02,-5.420301646299176213e+00
7.133296666666666985e+09,1.755218334599817354e-02,-5.396166470979601115e+00
7.133360000000000000e+09,-6.038052138302774097e-03,-5.443631894278327721e+00
7.133423333333333015e+09,-2.512387526278736516e-02,-5.486592905217564820e+00
7.133486666666666985e+09,-1.889500974094993069e-02,-5.504239227510820953e+00
7.133550000000000000e+09,-1.104444470267473832e-03,-5.510323850054557049e+00
7.133613333333333015e+09,-1.137975238772348519e-02,-5.544474345786765568e+00
7.133676666666666985e+09,-4.395241395334892331e-02,-5.600922195167484574e+00
7.133740000000000000e+09,-2.567088620332835802e-02,-5.606515855232216516e+00
7.133803333333333015e+09,-3.546143326957285069e-02,-5.640181590112879562e+00
7.133866666666666985e+09,-4.511472036201347180e-02,-5.673710065020413751e+00
7.133930000000000000e+09,1.177049266204299727e-02,-5.640700039811109789e+00
7.133993333333333015e+09,-2.580079695751269497e-02,-5.702146517245084034e+00
7.134056666666666985e+09,-2.808978200144807147e-03,-5.703029886302809714e+00
7.134120000000000000e+09,-2.569860447895866429e-02,-5.749794700396376079e+00
7.134183333333333015e+09,-9.787281649979107101e-03,-5.757758565381815075e+00
7.134246666666666985e+09,-2.958610109943027311e-02,-5.801432572646359809e+00
7.134310000000000000e+09,-3.290174878129992209e-02,-5.828623408142981965e+00
7.134373333333333015e+09,-9.339472444647611837e-03,-5.828936319621082163e+00
7.134436666666666985e+09,1.197132584296767277e-03,-5.842274902406897397e+00
7.134500000000000000e+09,6.866912493999066669e-04,-5.866660531556546765e+00
7.134563333333333015e+09,-1.321818068446933836e-02,-5.904440591305175623e+00
7.134626666666666985e+09,-2.576140960882256081e-02,-5.940859008044281353e+00
7.134690000000000000e+09,-3.280947585921012433e-02,-5.971782262109421424e+00
7.134753333333333015e+09,-2.330869562223725211e-02,-5.986156669687208165e+00
7.134816666666666985e+09,3.278472793611442171e-02,-5.953938433943608999e+00
7.134880000000000000e+09,1.325204915005340212e-02,-5.997346300544422526e+00
7.134943333333333015e+09,-3.537074479821544770e-02,-6.069844282307450989e+00
7.135006666666666985e+09,-3.760572007267892758e-02,-6.095954445397000931e+00
7.135070000000000000e+09,-8.085700560800823666e-03,-6.090309613699541380e+00
7.135133333333333015e+09,-3.022326258575347424e-02,-6.136322363539250091e+00
7.135196666666666985e+09,-3.989780229156636437e-03,-6.133964068997743269e+00
7.135260000000000000e+09,-1.385443714899370349e-02,-6.167703913732002441e+00
7.135323333333333015e+09,-1.627484586553773482e-02,-6.193999510263298980e+00
7.135386666666666985e+09,-2.796693028654750890e-02,-6.229566782499398769e+00
7.135450000000000000e+09,-7.319966750880979589e-03,-6.232795006778154345e+00
7.135513333333333015e+09,-2.105601520993438669e-02,-6.270406243051963813e+00
7.135576666666666985e+09,-1.442809667678623953e-02,-6.287653512333905681e+00
7.135640000000000000e+09,-3.569395598700619843e-02,-6.332794559458878147e+00
7.135703333333333015e+09,-2.435156247811498531e-02,-6.345327353764409040e+00
7.135766666666666985e+09,-3.473741903178506618e-02,-6.379588398133169136e+00
7.135830000000000000e+09,-3.051649321211158394e-02,-6.399242660128248161e+00
7.135893333333333015e+09,-2.304434790062082072e-02,-6.415645702631179503e+00
7.135956666666666985e+09,-1.268055842042947745e-02,-6.429157100966078175e+00
7.136020000000000000e+09,-2.736753458257190630e-02,-6.467719264942973112e+00
7.136083333333333015e+09,-2.559530437896651023e-02,-6.489822222553789821e+00
7.136146666666666985e+09,-9.089001012069886087e-03,-6.497191107001983212e+00
7.136210000000000000e+09,1.230670280513646020e-02,-6.499670590999532926e+00
7.136273333333333015e+09,-1.659883515251880937e-02,-6.552451316771606749e+00
7.136336666666666985e+09,-1.378007908793765779e-02,-6.573507748522115612e+00
7.136400000000000000e+09,9.627460380405850060e-03,-6.573975396868528165e+00
7.136463333333333015e+09,-6.183108969464878868e-02,-6.669309134758335311e+00
7.136526666666666985e+09,-3.638388609893272729e-02,-6.667737118977375310e+00
7.136590000000000000e+09,1.178975149598304739e-02,-6.643438669197215596e+00
7.136653333333333015e+09,-2.520836186865693662e-02,-6.704311970376611640e+00
7.136716666666666985e+09,6.084989109362837212e-04,-6.702370297411770927e+00
7.136780000000000000e+09,-1.612075603716878192e-02,-6.742974740174632053e+00
7.136843333333333015e+09,9.779958117438702914e-03,-6.740949213834780629e+00
7.136906666666666985e+09,4.399794904283105268e-03,-6.770204564863026242e+00
7.136970000000000000e+09,9.686058505611327973e-03,-6.788793489076116572e+00
7.137033333333333015e+09,5.638235472723351904e-03,-6.816716499923760608e+00
7.137096666666666985e+09,-1.591678738228807788e-02,-6.862146710593862053e+00
7.137160000000000000e+09,-5.316434923070545437e-04,-6.870636754518299583e+00
7.137223333333333015e+09,-1.642545646420234817e-02,-6.910405755304950937e+00
7.137286666666666985e+09,-1.982718942752370594e-03,-6.919838205598590974e+00
7.137350000000000000e+09,1.168902582418862579e-02,-6.930041648646068531e+00
7.137413333333333015e+09,-1.905513380818124602e-02,-6.984660996093194463e+00
7.137476666666666985e+09,-6.223151411887783979e-03,-6.995704201511991016e+00
7.137540000000000000e+09,-9.403823740534278386e-03,-7.022760061655393571e+00
7.137603333333333015e+09,-1.327139567049062663e-02,-7.050502821399768472e+00
7.137666666666666985e+09,-5.343382237856886263e-02,-7.114540435922936723e+00
7.137730000000000000e+09,1.392225100354238521e-02,-7.071059550355581536e+00
7.137793333333333015e+09,-1.998357393683924954e-02,-7.128840563110381723e+00
7.137856666666666985e+09,-2.910497435813663714e-02,-7.161837151346769126e+00
7.137920000000000000e+09,2.127389092083920019e-02,-7.135333473882549349e+00
7.137983333333333015e+09,3.739239822258788593e-02,-7.143090154395219216e+00
7.138046666666666985e+09,1.650888145611517643e-02,-7.187848858976781941e+00
7.138110000000000000e+09,1.166666328603227498e-02,-7.216566264961620902e+00
7.138173333333333015e+09,-9.316910304978165414e-03,-7.261425026367049895e+00
7.138236666666666985e+09,4.307849833542931606e-03,-7.271675454043618814e+00
7.138300000000000000e+09,-4.008123492150517109e-03,-7.303866615184068323e+00
7.138363333333333015e+09,1.894550520667870330e-02,-7.304788174299995163e+00
7.138426666666666985e+09,-7.861406971358064766e-03,-7.355470274292784438e+00
7.138490000000000000e+09,-2.888916144174569212e-02,-7.400373216577928126e+00
7.138553333333333015e+09,-9.680482592173689227e-03,-7.405039725543112183e+00
7.138616666666666985e+09,1.541754279272478101e-02,-7.403816887972969774e+00
7.138680000000000000e+09,-2.520971658445247954e-02,-7.468319335164899542e+00
7.138743333333333015e+09,-1.744362845660862860e-02,-7.484428434851811751e+00
7.138806666666666985e+09,-2.545245185705624635e-02,-7.516312446067349384e+00
7.138870000000000000e+09,1.114857544254910238e-02,-7.503586606582162588e+00
7.138933333333333015e+09,1.118584852360182680e-02,-7.527424521315865924e+00
7.138996666666666985e+09,-2.197447352796721987e-02,-7.584460031182524986e+00
7.139060000000000000e+09,-7.026700313731204517e-03,-7.593387445782707523e+00
7.139123333333333015e+09,7.176690966186782816e-03,-7.603059242317545596e+00
7.139186666666666985e+09,-8.353441425165364365e-03,-7.642464562523987759e+00
7.139250000000000000e+09,1.781906842855907058e-02,-7.640167240484685429e+00
7.139313333333333015e+09,-5.544481507394305453e-02,-7.737306311801940062e+00
7.139376666666666985e+09,7.708830169121050346e-03,-7.698027854373965972e+00
7.139440000000000000e+09,1.813372715627536991e-03,-7.727798499641881591e+00
7.139503333333333015e+09,2.245529797819045825e-02,-7.731031762194071177e+00
7.139566666666666985e+09,6.773845570762659918e-03,-7.770588402416588991e+00
7.139630000000000000e+09,-1.216737064175887895e-02,-7.813404806443866590e+00
7.139693333333333015e+09,-1.201326136278346723e-02,-7.837125884979309731e+00
7.139756666666666985e+09,7.670859685526387750e-03,-7.841316951746089892e+00
7.139820000000000000e+09,1.201325679540587998e-02,-7.860849742450966460e+00
7.139883333333333015e+09,-2.983784745929440874e-02,-7.926576034520088854e+00
7.139946666666666985e+09,-1.486391377633466959e-02,-7.935477288652219130e+00
7.140010000000000000e+09,-6.790982746033513706e-03,-7.951279545436670482e+00
7.140073333333333015e+09,-1.638787344628056530e-02,-7.984751623951339639e+00
7.140136666666666985e+09,-9.689777008018651827e-03,-8.001928715328167740e+00
7.140200000000000000e+09,-9.809067834201101732e-04,-8.017095032918321706e+00
7.140263333333333015e+09,-8.250106744169372064e-03,-8.048239420693827029e+00
7.140326666666666985e+09,5.201622287774654296e-03,-8.058662879476639063e+00
7.140390000000000000e+09,3.134240054990300450e-03,-8.084605449524175924e+00
7.140453333333333015e+09,-6.365743577651628016e-03,-8.117980620971573913e+00
7.140516666666666985e+09,-5.986517455022877243e-03,-8.141476582663701222e+00
7.140580000000000000e+09,-2.699565216194166339e-02,-8.186360905185376069e+00
7.140643333333333015e+09,-1.201213177666460297e-02,-8.195252572614851516e+00
7.140706666666666985e+09,1.530258273795048751e-02,-8.191813045915326441e+00
7.140770000000000000e+09,3.228407200362326535e-03,-8.227762409267336707e+00
7.140833333333333015e+09,3.770812772659226653e-03,-8.251095191509792315e+00
7.140896666666666985e+09,-2.496824084164117608e-02,-8.303709432939182733e+00
7.140960000000000000e+09,2.201021119679680282e-02,-8.280606168715166859e+00
7.141023333333333015e+09,-1.130616183020194399e-02,-8.337797729556921666e+00
7.141086666666666985e+09,-2.923893693587586995e-03,-8.353290649235393772e+00
7.141150000000000000e+09,-1.071143410940322838e-02,-8.384953377465631519e+00
7.141213333333333015e+09,-2.282948986659150137e-03,-8.400400080157643501e+00
7.141276666666666985e+09,-1.548373652518364452e-03,-8.423540692638592731e+00
7.141340000000000000e+09,-8.653660350754321939e-03,-8.454521167151247241e+00
7.141403333333333015e+09,-3.307867705577294259e-02,-8.502821371671021922e+00
7.141466666666666985e+09,-4.505007355679246928e-02,-8.538667955987131464e+00
7.141530000000000000e+09,3.564376476813180261e-03,-8.513928693768278322e+00
7.141593333333333015e+09,-1.912630647614754764e-02,-8.560494564535661155e+00
7.141656666666666985e+09,-1.938597906979211416e-02,-8.584629424944395737e+00
7.141720000000000000e+09,-1.556061739759506679e-02,-8.604679251086951197e+00
7.141783333333333015e+09,6.518029889370779983e-04,-8.612342018514841158e+00
7.141846666666666985e+09,-3.876356201445929628e-02,-8.675632571333327547e+00
7.141910000000000000e+09,-7.117372350737838360e-03,-8.667861569484362150e+00
7.141973333333333015e+09,-3.633546313878532885e-02,-8.720954848086828193e+00
7.142036666666666985e+09,-3.773557999715038136e-02,-8.746230152760283261e+00
7.142100000000000000e+09,-1.686233168007333916e-02,-8.749232092257962279e+00
7.142163333333333015e+09,-1.399226887058979685e-02,-8.770237217263231244e+00
7.142226666666666985e+09,-2.204480837018962802e-02,-8.802164944577587136e+00
7.142290000000000000e+09,-1.602540386789286231e-02,-8.820020727890046430e+00
7.142353333333333015e+09,-3.630324781329008488e-02,-8.864173759650199713e+00
7.142416666666666985e+09,-1.965370379867081851e-02,-8.871399403450332954e+00
7.142480000000000000e+09,-1.215759748402511775e-02,-8.887778484950443314e+00
7.142543333333333015e+09,-6.876583843393291318e-03,-8.906372659124567548e+00
7.142606666666666985e+09,-2.336991894223316990e-02,-8.946741182038159934e+00
7.142670000000000000e+09,1.429669236635078278e-02,-8.932949758544332042e+00
7.142733333333333015e+09,2.890650018455609427e-02,-8.942215138540882791e+00
7.142796666666666985e+09,-6.427655360459638700e-03,-9.001424481900988539e+00
7.142860000000000000e+09,-1.000411052881666762e-02,-9.028876124883764120e+00
7.142923333333333015e+09,9.236159337994820362e-03,-9.033511042831708693e+00
7.142986666666666985e+09,-1.385543694166635476e-02,-9.080477826926459883e+00
7.143050000000000000e+09,-1.447154164864805637e-02,-9.104969119447860137e+00
7.143113333333333015e+09,-2.728681898626561519e-02,-9.141659584600233757e+00
7.143176666666666985e+09,-5.063762203478106017e-02,-9.188885575463839217e+00
7.143240000000000000e+09,2.211170728968525623e-02,-9.140011433953791453e+00
7.143303333333333015e+09,-1.291954265098915755e-02,-9.198917871709221927e+00
7.143366666666666985e+09,-3.341705522522886440e-03,-9.213215222395845672e+00
7.143430000000000000e+09,-4.718806190149749114e-02,-9.280936766589576337e+00
7.143493333333333015e+09,-4.433812272245063468e-02,-9.301962015224948033e+00
7.143556666666666985e+09,-1.115147679691119720e-02,-9.292650557114498611e+00
7.143620000000000000e+09,-4.480817191667085808e-02,-9.350182440049014332e+00
7.143683333333333015e+09,-1.791277155972181845e-02,-9.347162227506483845e+00
7.143746666666666985e+09,-6.552963161306379902e-03,-9.359677606923158422e+00
7.143810000000000000e+09,-5.196421177219079368e-03,-9.382196252753827181e+00
7.143873333333333015e+09,-2.541529675752585149e-02,-9.426290316148552506e+00
7.143936666666666985e+09,5.363769894456638099e-03,-9.419386437311660032e+00
7.144000000000000000e+09,3.426966761214345070e-03,-9.445198428259658385e+00
7.144063333333333015e+09,-1.332351712260404497e-02,-9.485824099958232836e+00
7.144126666666666985e+09,-1.613247795720695876e-02,-9.512508248607588257e+00
7.144190000000000000e+09,-2.113753020282516104e-02,-9.541388488667962520e+00
7.144253333333333015e+09,-2.932534325175950585e-02,-9.573451489531652925e+00
7.144316666666666985e+09,-8.620224523779640435e-03,-9.576621558618429120e+00
7.144380000000000000e+09,-4.331155215651882884e-02,-9.635188074065920816e+00
7.144443333333333015e+09,-3.679812859877529263e-02,-9.652549838322933340e+00
7.144506666666666985e+09,3.181679557246575030e-02,-9.607810101966448357e+00
7.144570000000000000e+09,1.154736500206787753e-02,-9.651954720351598738e+00
7.144633333333333015e+09,5.156047019735154890e-03,-9.682221226148687521e+00
7.144696666666666985e+09,-1.173223289566394101e-02,-9.722984693879176632e+00
7.144760000000000000e+09,-3.031045467740511867e-02,-9.765438103475336362e+00
7.144823333333333015e+09,-4.346889103810980259e-02,-9.802471727650797106e+00
7.144886666666666985e+09,-4.245625327994773102e-02,-9.825334277707725050e+00
7.144950000000000000e+09,-3.708826148615429474e-02,-9.843841473728353719e+00
7.145013333333333015e+09,-4.330851602273533274e-02,-9.873936916079687265e+00
7.145076666666666985e+09,-2.222270035858997517e-02,-9.876726288230631923e+00
7.145140000000000000e+09,-1.100472326553258995e-02,-9.889383498951996643e+00
7.145203333333333015e+09,4.029129819826948733e-05,-9.902213672203018291e+00
7.145266666666666985e+09,-2.066872927564666895e-02,-9.946797880591953245e+00
7.145330000000000000e+09,-4.271468511015186209e-02,-9.992719024241214498e+00
7.145393333333333015e+09,-5.690454028670188791e-03,-9.979569980974154930e+00
7.145456666666666985e+09,-2.158185861208217204e-02,-1.001933657337265338e+01
7.145520000000000000e+09,-8.346402871190150563e-03,-1.002997630544651742e+01
7.145583333333333015e+09,-5.364018644413448555e-02,-1.009914527683388386e+01
7.145646666666666985e+09,-7.475196709012976726e-03,-1.007685547491385236e+01
7.145710000000000000e+09,-3.217822535613201751e-02,-1.012543369137572391e+01
7.145773333333333015e+09,-2.932614585297521614e-02,-1.014645679968698921e+01
7.145836666666666985e+09,-5.487148585987000615e-02,-1.019587732750897402e+01
7.145900000000000000e+09,-4.254735489891459110e-02,-1.020742838436277111e+01
7.145963333333333015e+09,-3.001426261632111903e-02,-1.021877047989493370e+01
7.146026666666666985e+09,-1.058062655063096713e-02,-1.022321203164399961e+01
7.146090000000000000e+09,-2.695955813682360258e-02,-1.026346615104494475e+01
7.146153333333333015e+09,-3.205950644472288502e-02,-1.029244128716760009e+01
7.146216666666666985e+09,-3.029768428611490094e-02,-1.031455465282374817e+01
7.146280000000000000e+09,-2.886183830793953575e-02,-1.033699399466032887e+01
7.146343333333333015e+09,-5.857098844011865424e-02,-1.039057833260726049e+01
7.146406666666666985e+09,1.146708362992576724e-02,-1.034441544835197213e+01
7.146470000000000000e+09,-9.144788995413932753e-03,-1.038890250879206789e+01
7.146533333333333015e+09,-3.515797551758303996e-02,-1.043879088312898951e+01
7.146596666666666985e+09,-6.318165623457261404e-02,-1.049068975166106910e+01
7.146660000000000000e+09,-5.024227815015080978e-02,-1.050162556139106940e+01
7.146723333333333015e+09,-2.694570018003616951e-02,-1.050220417123571082e+01
7.146786666666666985e+09,-7.170611332351484180e-02,-1.057083977219427595e+01
7.146850000000000000e+09,-5.167166874474560245e-02,-1.057468051542992882e+01
7.146913333333333015e+09,-2.400475140088431658e-02,-1.057088878590082359e+01
7.146976666666666985e+09,-6.178694308154675241e-02,-1.063254616539657604e+01
7.147040000000000000e+09,-7.351654545561459031e-02,-1.066815095558506243e+01
7.147103333333333015e+09,-4.689340415153964159e-02,-1.066540300209574355e+01
7.147166666666666985e+09,-8.152184570206522096e-02,-1.072390663146135914e+01
7.147230000000000000e+09,-3.140750855857099566e-02,-1.069766748213261742e+01
7.147293333333333015e+09,-1.938053708980902456e-02,-1.070951569847827756e+01
7.147356666666666985e+09,-2.804385268771447670e-02,-1.074205420189127302e+01
7.147420000000000000e+09,-1.315122305028637584e-02,-1.075103676006859743e+01
7.147483333333333015e+09,-8.089312776717605402e-02,-1.084265385259990921e+01
7.147546666666666985e+09,-6.595279859314651105e-02,-1.085158871124096969e+01
7.147610000000000000e+09,-6.029463607650598078e-02,-1.086980573653908522e+01
7.147673333333333015e+09,-5.029022767897828317e-02,-1.088367651595597607e+01
7.147736666666666985e+09,-5.189511231169063876e-02,-1.090915658840377844e+01
7.147800000000000000e+09,-7.036202995255891324e-02,-1.095149869385940278e+01
7.147863333333333015e+09,-7.470237630258935724e-02,-1.097971422802418573e+01
7.147926666666666985e+09,-1.030550414542563686e-01,-1.103194208099060880e+01
7.147990000000000000e+09,-1.101516177326828938e-01,-1.106291384508379139e+01
7.148053333333333015e+09,-1.175160171986160407e-01,-1.109415343236448059e+01
7.148116666666666985e+09,-9.880662464561495995e-02,-1.109931922762623202e+01
7.148180000000000000e+09,-1.235386601538337459e-01,-1.114792645094920687e+01
7.148243333333333015e+09,-1.194987729949090749e-01,-1.116776175160503826e+01
7.148306666666666985e+09,-6.822841711374749707e-02,-1.114036658353862919e+01
7.148370000000000000e+09,-1.182633187539430253e-01,-1.121427667299358077e+01
7.148433333333333015e+09,-1.466795389516057924e-01,-1.126656808100599960e+01
7.148496666666666985e+09,-1.989543268904885309e-01,-1.134271805675997236e+01
7.148560000000000000e+09,-1.548308556989166362e-01,-1.132246977338281901e+01
7.148623333333333015e+09,-9.980820916210397797e-02,-1.129132231466076242e+01
7.148686666666666985e+09,-1.060886649589569686e-01,-1.132147795827270542e+01
7.148750000000000000e+09,-1.917934218251442502e-01,-1.143105790295331126e+01
7.148813333333333015e+09,-1.930115169709125666e-01,-1.145615118591383563e+01
7.148876666666666985e+09,4.175665651045861182e-01,-1.086944829165342696e+01
7.148940000000000000e+09,4.025360017680483793e-01,-1.090835404280438325e+01
7.149003333333333015e+09,3.268602129478548335e-01,-1.100790501943933286e+01
7.149066666666666985e+09,2.275149147225299373e-01,-1.113112550547974777e+01
7.149130000000000000e+09,2.235707342494634986e-01,-1.115894487376757027e+01
7.149193333333333015e+09,1.631302343407163846e-01,-1.124326056149073594e+01
7.149256666666666985e+09,1.354660206924958032e-01,-1.129479996295404653e+01
7.149320000000000000e+09,1.443153738137823439e-01,-1.130982579764751605e+01
7.149383333333333015e+09,7.324194190469945909e-02,-1.140477441737101749e+01
7.149446666666666985e+09,1.108805337602234431e-01,-1.139101101333058352e+01
7.149510000000000000e+09,6.822493237927851339e-02,-1.145754180252628451e+01
7.149573333333333015e+09,8.621321576399054720e-02,-1.146342870695599103e+01
7.149636666666666985e+09,4.615597342128729963e-02,-1.152736113711378430e+01
7.149700000000000000e+09,7.412544891924710555e-02,-1.152326684943058055e+01
7.149763333333333015e+09,9.869886899874025232e-02,-1.152256861716550951e+01
7.149826666666666985e+09,6.552719781115534659e-02,-1.157961547616818088e+01
7.149890000000000000e+09,3.220163148463406344e-02,-1.163681623030945822e+01
7.149953333333333015e+09,2.760463449126682178e-02,-1.166528841511758152e+01
7.150016666666666985e+09,5.379110842099876777e-02,-1.166297712900260564e+01
7.150080000000000000e+09,1.070206721472111155e-02,-1.172994135802363580e+01
7.150143333333333015e+09,4.448568602852986942e-02,-1.172003292702458310e+01
7.150206666666666985e+09,2.931218606981467190e-02,-1.175908161479805436e+01
7.150270000000000000e+09,1.640109630890940196e-02,-1.179586789237371214e+01
7.150333333333333015e+09,1.729612810236602627e-02,-1.181884804839501157e+01
7.150396666666666985e+09,1.034614909313091857e-02,-1.184967321521933670e+01
7.150460000000000000e+09,2.539127535462348817e-02,-1.185850327677226268e+01
7.150523333333333015e+09,4.924357509221621854e-02,-1.185852616484942601e+01
7.150586666666666985e+09,5.722372934817698820e-03,-1.192592255482191455e+01
7.150650000000000000e+09,4.574594219547023499e-02,-1.190977417337568411e+01
7.150713333333333015e+09,3.500148426976323890e-02,-1.194439381911614362e+01
7.150776666666666985e+09,3.092088398812897765e-02,-1.197234960721286789e+01
7.150840000000000000e+09,1.481439352729552184e-02,-1.201233128548812346e+01
7.150903333333333015e+09,1.899293137101309981e-02,-1.203202793545915839e+01
7.150966666666666985e+09,3.961728978624101671e-02,-1.203527876485902048e+01
7.151030000000000000e+09,1.199237813160891619e-03,-1.209757200464685667e+01
7.151093333333333015e+09,1.803343736223794735e-02,-1.210461299291220172e+01
7.151156666666666985e+09,7.933637478764410389e-03,-1.213858798061076172e+01
7.151220000000000000e+09,-5.022328045933832641e-03,-1.217541913395021602e+01
7.151283333333333015e+09,-1.275573333304436119e-02,-1.220702772705174866e+01
7.151346666666666985e+09,4.680492656662593731e-03,-1.221346668887713172e+01
7.151410000000000000e+09,4.376724438120405125e-02,-1.219825512496734277e+01
7.151473333333333015e+09,1.502413428315030330e-02,-1.225087342287981862e+01
7.151536666666666985e+09,3.454847804158411861e-02,-1.225522426693647482e+01
7.151600000000000000e+09,1.445103298315864038e-02,-1.229919689980965281e+01
7.151663333333333015e+09,-3.304400746188385085e-02,-1.237056712806911740e+01
7.151726666666666985e+09,-2.063818406435480313e-02,-1.238203649248667837e+01
7.151790000000000000e+09,-1.561369174803139970e-02,-1.240088718798510747e+01
7.151853333333333015e+09,-5.421987037536268872e-03,-1.241457067108936840e+01
7.151916666666666985e+09,8.442677389066233218e-03,-1.242458119447752196e+01
7.151980000000000000e+09,-9.215057799067949418e-03,-1.246611411748041220e+01
7.152043333333333015e+09,-1.844729039071602017e-02,-1.249922153788681278e+01
7.152106666666666985e+09,-5.385420912311644770e-04,-1.250518797740208399e+01
7.152170000000000000e+09,2.587220705438042501e-03,-1.252593740242017084e+01
7.152233333333333015e+09,3.401226814488467198e-02,-1.251838754279547672e+01
7.152296666666666985e+09,-2.131270455149447685e-02,-1.259758770330694588e+01
7.152360000000000000e+09,-1.435514949229599324e-02,-1.261450533606216950e+01
7.152423333333333015e+09,7.037724193708072562e-04,-1.262332160196525876e+01
7.152486666666666985e+09,4.339767657251947242e-02,-1.260450288562719656e+01
7.152550000000000000e+09,8.346404445473964984e-03,-1.266342934556866417e+01
7.152613333333333015e+09,-6.651898959562529967e-03,-1.270230283678845673e+01
7.152676666666666985e+09,-2.882947219063858313e-02,-1.274835559783462280e+01
7.152740000000000000e+09,3.089934347431722017e-02,-1.271250196998408555e+01
7.152803333333333015e+09,1.736059388814226168e-02,-1.274991590738501657e+01
7.152866666666666985e+09,2.270502511524163936e-02,-1.276844666397300720e+01
7.152930000000000000e+09,-1.472165062926045209e-02,-1.282974852753192785e+01
7.152993333333333015e+09,-3.130962792461389199e-04,-1.283921516099666960e+01
7.153056666666666985e+09,1.734848792873755485e-02,-1.284542876460377592e+01
7.153120000000000000e+09,7.405434389916365490e-03,-1.287924700595734961e+01
7.153183333333333015e+09,1.930222098178546730e-02,-1.289122540717990262e+01
7.153246666666666985e+09,1.171362092535588317e-02,-1.292268919505142222e+01
7.153310000000000000e+09,1.021424588103059250e-02,-1.294806375791050357e+01
7.153373333333333015e+09,-1.856163284698197913e-02,-1.300071482445293469e+01
7.153436666666666985e+09,-1.025784072506752409e-03,-1.300705416349354948e+01
7.153500000000000000e+09,1.079308555830493788e-03,-1.302882425867996830e+01
7.153563333333333015e+09,-7.646239677276511770e-03,-1.306142499472749385e+01
7.153626666666666985e+09,4.183348611519477345e-05,-1.307761210937919216e+01
7.153690000000000000e+09,-6.358243242214456359e-03,-1.310788737392227787e+01
7.153753333333333015e+09,-2.273376466460064194e-02,-1.314813808315942012e+01
7.153816666666666985e+09,-1.334992524814282433e-02,-1.316262943155771481e+01
7.153880000000000000e+09,-8.146881072056189055e-03,-1.318130157519638423e+01
7.153943333333333015e+09,-3.467429681419709198e-02,-1.323170417875328120e+01
7.154006666666666985e+09,-2.264328303802898290e-02,-1.324354835279186560e+01
7.154070000000000000e+09,-2.574751664241148319e-03,-1.324735500923283382e+01
7.154133333333333015e+09,1.685211168323164088e-02,-1.325180333370011709e+01
7.154196666666666985e+09,3.586451736603990526e-03,-1.328894418146183476e+01
7.154260000000000000e+09,2.831958155093161622e-02,-1.328808623946192569e+01
7.154323333333333015e+09,-2.607902853755916794e-02,-1.336636003736517253e+01
7.154386666666666985e+09,-3.413765387579204003e-02,-1.339829385051849542e+01
7.154450000000000000e+09,8.167874452235324156e-03,-1.337986351000488661e+01
7.154513333333333015e+09,-2.194751236139680373e-02,-1.343385408463327479e+01
7.154576666666666985e+09,-4.061044162286187031e-02,-1.347639220170982988e+01
7.154640000000000000e+09,-1.874052251821289872e-02,-1.347839747041959946e+01
7.154703333333333015e+09,-2.104706962384739199e-04,-1.348374260641238109e+01
7.154766666666666985e+09,2.998346967086007453e-03,-1.350440897656414663e+01
7.154830000000000000e+09,-5.118451725440564815e-03,-1.353640096307109175e+01
7.154893333333333015e+09,-4.957851752399378142e-03,-1.356011555091280663e+01
7.154956666666666985e+09,-2.299510064722376512e-02,-1.360202798762272103e+01
7.155020000000000000e+09,-6.694749169657399079e-03,-1.360960282395991072e+01
7.155083333333333015e+09,-2.134132811952227371e-02,-1.364812459072419415e+01
7.155146666666666985e+09,-2.669976174602872732e-02,-1.367735821216579062e+01
7.155210000000000000e+09,-3.770249869987196689e-03,-1.367830388810450515e+01
7.155273333333333015e+09,4.225839286204902123e-03,-1.369418298676273160e+01
7.155336666666666985e+09,-2.357370819154525066e-02,-1.374585772205557177e+01
7.155400000000000000e+09,-1.078632469513607361e-02,-1.375694552637391865e+01
7.155463333333333015e+09,-1.474073452815360952e-02,-1.378477512402135829e+01
7.155526666666666985e+09,-3.594993677133118126e-03,-1.379750457098542427e+01
7.155590000000000000e+09,4.872797659659333647e-02,-1.376905678852645387e+01
7.155653333333333015e+09,-1.326182148522114801e-02,-1.385492177442302442e+01
7.155716666666666985e+09,-1.981695125201810015e-02,-1.388535209200457743e+01
7.155780000000000000e+09,-1.970664378503705905e-02,-1.390911697235234890e+01
7.155843333333333015e+09,-1.702140620200864873e-02,-1.393030692258407655e+01
7.155906666666666985e+09,-1.838514721972828170e-03,-1.393899921891879679e+01
7.155970000000000000e+09,-1.199702777956446198e-04,-1.396115586228937211e+01
7.156033333333333015e+09,-4.623360260925579723e-03,-1.398953444008725810e+01
7.156096666666666985e+09,1.431330235128314143e-03,-1.400735493740596027e+01
7.156160000000000000e+09,1.774895038634660693e-02,-1.401491250506949449e+01
7.156223333333333015e+09,-1.298050993242405582e-02,-1.406951715320302121e+01
7.156286666666666985e+09,7.063685893010429595e-03,-1.407334814519267674e+01
7.156350000000000000e+09,-7.209341396864132889e-03,-1.411149636029697341e+01
7.156413333333333015e+09,1.198163765510074086e-02,-1.411618056905976104e+01
7.156476666666666985e+09,-2.575492421364700135e-02,-1.417779231874359880e+01
7.156540000000000000e+09,-4.242086180063964207e-02,-1.421833344414501354e+01
7.156603333333333015e+09,-3.687188132220953207e-02,-1.423665965148133594e+01
7.156666666666666985e+09,2.986567971046838466e-02,-1.419379727826374804e+01
7.156730000000000000e+09,-1.655107983494019663e-02,-1.426408922562357873e+01
7.156793333333333015e+09,-2.326839991704510169e-02,-1.429468173352043969e+01
7.156856666666666985e+09,3.836612423912200143e-03,-1.429145190899456885e+01
7.156920000000000000e+09,2.414511021039800198e-02,-1.429501859902283911e+01
7.156983333333333015e+09,1.671821851673804815e-02,-1.432632067853092117e+01
7.157046666666666985e+09,-2.237013719581071314e-03,-1.436915109858233031e+01
7.157110000000000000e+09,-1.765679292634025899e-02,-1.440844606560384200e+01
7.157173333333333015e+09,-1.798346399730554879e-02,-1.443264792448922940e+01
7.157236666666666985e+09,-1.735649486658275009e-04,-1.443871321325567969e+01
7.157300000000000000e+09,-1.500438877029353080e-02,-1.447741922489205990e+01
7.157363333333333015e+09,6.566949786712683590e-03,-1.447972307414947579e+01
7.157426666666666985e+09,-4.791828329735814407e-02,-1.455808349504863664e+01
7.157490000000000000e+09,9.097872168631226941e-03,-1.452494252739739977e+01
7.157553333333333015e+09,-5.830930805148071272e-03,-1.456374651818593513e+01
7.157616666666666985e+09,1.311848247933333766e-02,-1.456867229271620978e+01
7.157680000000000000e+09,1.360798301086418860e-02,-1.459205797999943499e+01
7.157743333333333015e+09,-1.452282327321974265e-02,-1.464406397409827143e+01
7.157806666666666985e+09,-2.313602498490219261e-02,-1.467655236362470994e+01
7.157870000000000000e+09,-2.694064174026422620e-02,-1.470423216819482803e+01
7.157933333333333015e+09,8.726839747488668309e-03,-1.469243987452182765e+01
7.157996666666666985e+09,3.922797933135768744e-04,-1.472464962229075880e+01
7.158060000000000000e+09,3.792775804427961361e-02,-1.471098933185454882e+01
7.158123333333333015e+09,-3.076043657512350649e-02,-1.480355271428870800e+01
7.158186666666666985e+09,4.444032620882687468e-02,-1.475222713931984408e+01
7.158250000000000000e+09,-4.307653736654870613e-03,-1.482485030707974794e+01
7.158313333333333015e+09,-1.771234374286834168e-02,-1.486213018490071747e+01
7.158376666666666985e+09,-6.614627126701577708e-03,-1.487490765609964072e+01
7.158440000000000000e+09,5.789544662663459462e-03,-1.488637867212469423e+01
7.158503333333333015e+09,-3.121804641052072782e-02,-1.494726145101263448e+01
7.158566666666666985e+09,2.458761705100798167e-02,-1.491533097536619579e+01
7.158630000000000000e+09,-4.908582132756578176e-04,-1.496428463844489798e+01
7.158693333333333015e+09,-5.288472967771795652e-03,-1.499295744101415018e+01
7.158756666666666985e+09,1.340250198360415368e-02,-1.499814165387786424e+01
7.158820000000000000e+09,-9.473611612166976670e-03,-1.504489295528839143e+01
7.158883333333333015e+09,-9.399188249716416976e-03,-1.506869371974035943e+01
7.158946666666666985e+09,-2.194532151676398257e-02,-1.510511504082249701e+01
7.159010000000000000e+09,-3.185013374738865366e-02,-1.513889504086787774e+01
7.159073333333333015e+09,-5.654574309641446916e-03,-1.513657466924454909e+01
7.159136666666666985e+09,-8.436088230439509061e-03,-1.516323137098043716e+01
7.159200000000000000e+09,3.194103342636367415e-03,-1.517547636722211735e+01
7.159263333333333015e+09,-2.137582616638766808e-03,-1.520468324099581103e+01
7.159326666666666985e+09,-2.762129926478706921e-02,-1.525404214545904935e+01
7.159390000000000000e+09,-3.024366194587457812e-02,-1.528053969595489292e+01
7.159453333333333015e+09,2.278056063653721708e-03,-1.527189316576012068e+01
7.159516666666666985e+09,-1.373554169391333346e-02,-1.531178195133244024e+01
7.159580000000000000e+09,-3.277336191735003013e-02,-1.535469495937063300e+01
7.159643333333333015e+09,-1.184376288453670156e-02,-1.535764054815257573e+01
7.159706666666666985e+09,1.095468441240754487e-02,-1.535871728867038399e+01
7.159770000000000000e+09,1.305904700955196063e-02,-1.538048811388799564e+01
7.159833333333333015e+09,-3.055729899547543482e-02,-1.544797964770777909e+01
7.159896666666666985e+09,-3.478711571978720940e-02,-1.547608465224684338e+01
7.159960000000000000e+09,-2.178579292244009480e-02,-1.548695851726425232e+01
7.160023333333333015e+09,-1.994009979572552993e-02,-1.550898801195229382e+01
7.160086666666666985e+09,4.755601486913008102e-03,-1.550816749848474529e+01
7.160150000000000000e+09,-6.082908756813054652e-03,-1.554288119654288991e+01
7.160213333333333015e+09,-9.606524029155849576e-03,-1.557027999962998877e+01
7.160276666666666985e+09,-4.443542546793288750e-02,-1.562898408888385582e+01
7.160340000000000000e+09,5.369643785037681027e-03,-1.560305420744530380e+01
7.160403333333333015e+09,7.743162582189100362e-03,-1.562455587646290844e+01
7.160466666666666985e+09,-9.880963031505984873e-03,-1.566605518989169354e+01
7.160530000000000000e+09,2.951413867949170822e-03,-1.567709800080665694e+01
7.160593333333333015e+09,-2.257113038886338074e-02,-1.572649573287822555e+01
7.160656666666666985e+09,-2.574890211656644112e-02,-1.575354869242101863e+01
7.160720000000000000e+09,-2.080030798273391213e-02,-1.577247528610194216e+01
7.160783333333333015e+09,-5.126578270676063198e-02,-1.582681594864038743e+01
7.160846666666666985e+09,-3.046957348573542390e-02,-1.582989492723445224e+01
7.160910000000000000e+09,3.685311802290769378e-02,-1.578644742354056518e+01
7.160973333333333015e+09,2.654590755020258541e-02,-1.582062982182768884e+01
7.161036666666666985e+09,-8.072425079390654901e-04,-1.587185815970092051e+01
7.161100000000000000e+09,3.625051975287618689e-03,-1.589130105303244989e+01
7.161163333333333015e+09,5.037024242326992862e-03,-1.591376426857983262e+01
7.161226666666666985e+09,1.834166634109735128e-03,-1.594084231400313634e+01
7.161290000000000000e+09,4.982894101343049442e-02,-1.591672272743857164e+01
7.161353333333333015e+09,1.117659237100632197e-02,-1.597925026389541792e+01
7.161416666666666985e+09,-2.989911801346778475e-03,-1.601729195588286103e+01
7.161480000000000000e+09,4.756150831791927658e-03,-1.603342108106447483e+01
7.161543333333333015e+09,-2.051445085526282242e-02,-1.608256687056628564e+01
7.161606666666666985e+09,5.473922736420888668e-04,-1.608538021525213679e+01
7.161670000000000000e+09,2.715414682493744181e-02,-1.608264864851559395e+01
7.161733333333333015e+09,1.924095040727991091e-02,-1.611443703274800754e+01
7.161796666666666985e+09,-1.299436364691430867e-02,-1.617054753461695782e+01
7.161860000000000000e+09,1.034857146214562817e-02,-1.617107978732265039e+01
7.161923333333333015e+09,4.188370543865005402e-03,-1.620111517605568707e+01
7.161986666666666985e+09,1.796233192180451965e-02,-1.621121640249283757e+01
7.162050000000000000e+09,1.247714836278390749e-02,-1.624057677386628029e+01
7.162113333333333015e+09,-1.869549079105681244e-02,-1.629562460083487352e+01
7.162176666666666985e+09,2.117955406752969338e-03,-1.629868634245215375e+01
7.162240000000000000e+09,9.479056249077189023e-03,-1.631520042942425164e+01
7.162303333333333015e+09,1.485697616114833863e-03,-1.634706897587196650e+01
7.162366666666666985e+09,-2.292636872693520900e-02,-1.639535623003010656e+01
7.162430000000000000e+09,3.143519415232276515e-03,-1.639316152970236118e+01
7.162493333333333015e+09,-6.139115409681039637e-03,-1.642631935234203056e+01
7.162556666666666985e+09,-1.906155858741698239e-02,-1.646311698333485296e+01
7.162620000000000000e+09,-1.973340659799305286e-02,-1.648766401916018509e+01
7.162683333333333015e+09,-9.817684014663541348e-03,-1.650162348439127769e+01
7.162746666666666985e+09,4.843599417167610000e-03,-1.651083738877453655e+01
7.162810000000000000e+09,-9.181420055419664550e-04,-1.654047431801199863e+01
7.162873333333333015e+09,-2.099525585434491859e-02,-1.658442661967522369e+01
7.162936666666666985e+09,-3.237752323874687477e-02,-1.661968407487471566e+01
7.163000000000000000e+09,2.190992562678317768e-02,-1.658927181382393812e+01
7.163063333333333015e+09,-2.923586955691703793e-02,-1.666429279682206044e+01
7.163126666666666985e+09,-1.021300317912476885e-02,-1.666914511825935818e+01
7.163190000000000000e+09,-1.300559404309353795e-02,-1.669581289693808301e+01
7.163253333333333015e+09,3.035344211014034954e-03,-1.670364714649839399e+01
7.163316666666666985e+09,6.654000996153541792e-03,-1.672390367752834450e+01
7.163380000000000000e+09,-7.350379289000841254e-03,-1.676178324562825495e+01
7.163443333333333015e+09,1.565864430936159124e-02,-1.676264940984464502e+01
7.163506666666666985e+09,-6.761901514774848465e-03,-1.680894514348353752e+01
7.163570000000000000e+09,-2.484061362245881810e-03,-1.682854249114576461e+01
7.163633333333333015e+09,-1.885635538686258883e-02,-1.686878997298513383e+01
7.163696666666666985e+09,1.954117125320919968e-02,-1.685426763415981810e+01
7.163760000000000000e+09,-3.026890808716942161e-02,-1.692795290131495278e+01
7.163823333333333015e+09,6.012702176928286235e-03,-1.691554647886561114e+01
7.163886666666666985e+09,-2.993770957026242741e-02,-1.697537207842788831e+01
7.163950000000000000e+09,2.196769917683738527e-02,-1.694734185749521060e+01
7.164013333333333015e+09,-3.699256797306560429e-02,-1.703017731245986965e+01
7.164076666666666985e+09,-2.109009394834870932e-02,-1.703815002625024277e+01
7.164140000000000000e+09,-4.580105199782025238e-02,-1.708673617211413287e+01
7.164203333333333015e+09,4.249265173289273889e-03,-1.706056104275777940e+01
7.164266666666666985e+09,-4.561682077220297060e-02,-1.713430231651836166e+01
7.164330000000000000e+09,1.594595658969311103e-02,-1.709661472697088413e+01
7.164393333333333015e+09,-3.365597613009896349e-02,-1.717009184750543227e+01
7.164456666666666985e+09,-4.062345846406856253e-03,-1.716437340503683018e+01
7.164520000000000000e+09,-1.498514112968152290e-02,-1.719917138813486090e+01
7.164583333333333015e+09,5.386276648465582184e-03,-1.720267515817113235e+01
7.164646666666666985e+09,-2.566399241885619631e-04,-1.723219326255887651e+01
7.164710000000000000e+09,-2.401839572177166815e-02,-1.727983020617121568e+01
7.164773333333333015e+09,9.329330429761029109e-03,-1.727035766783410153e+01
7.164836666666666985e+09,-1.460076260264031589e-02,-1.731816294868159289e+01
7.164900000000000000e+09,-1.564166469373873269e-02,-1.734307903858744737e+01
7.164963333333333015e+09,1.281344175166410082e-02,-1.733849911995646309e+01
7.165026666666666985e+09,-1.062672927776731058e-02,-1.738581447880098452e+01
7.165090000000000000e+09,-5.822442545600381436e-03,-1.740488537988357365e+01
7.165153333333333015e+09,-1.250145005817770993e-02,-1.743543957521056953e+01
7.165216666666666985e+09,-2.581354193695162280e-02,-1.747262685490443346e+01
7.165280000000000000e+09,4.308571279826622913e-02,-1.742760278798397167e+01
7.165343333333333015e+09,2.857847678782832190e-03,-1.749170584091821112e+01
7.165406666666666985e+09,1.235721824049207385e-02,-1.750608165817125439e+01
7.165470000000000000e+09,-8.679191302434219324e-03,-1.755099325552893674e+01
7.165533333333333015e+09,-1.471704153603070608e-02,-1.758090629357728929e+01
7.165596666666666985e+09,-1.812715164468414741e-02,-1.760819159150069524e+01
7.165660000000000000e+09,-1.707821546438381688e-02,-1.763101784313515097e+01
7.165723333333333015e+09,2.701659763003405601e-02,-1.761079821785548916e+01
7.165786666666666985e+09,-2.719409846329057245e-02,-1.768888410176390380e+01
7.165850000000000000e+09,-1.464079887693969795e-02,-1.770020598999197148e+01
7.165913333333333015e+09,1.547862160852631064e-02,-1.769396175732126153e+01
7.165976666666666985e+09,-5.349167274118826754e-03,-1.773866473401899668e+01
7.166040000000000000e+09,-5.159210178508288891e-03,-1.776234996473780470e+01
7.166103333333333015e+09,-2.451240156396750081e-03,-1.778351718253044922e+01
7.166166666666666985e+09,-6.257556559262411611e-03,-1.781119868674840490e+01
7.166230000000000000e+09,-1.848062458724086810e-02,-1.784729694259080190e+01
7.166293333333333015e+09,-2.788310856190889808e-02,-1.788057461438022600e+01
7.166356666666666985e+09,3.286699707083684530e-02,-1.784369969656257027e+01
7.166420000000000000e+09,-3.187930286554063741e-03,-1.790362981173438328e+01
7.166483333333333015e+09,-1.952024249347772411e-02,-1.794383731175605945e+01
7.166546666666666985e+09,-2.611518562010317623e-02,-1.797430744269777492e+01
7.166610000000000000e+09,-3.987187206611153556e-02,-1.801193931695853934e+01
7.166673333333333015e+09,-1.301981285862297000e-02,-1.800896244556546932e+01
7.166736666666666985e+09,1.028267514303848884e-03,-1.801878955300763252e+01
7.166800000000000000e+09,-1.359540568932970928e-02,-1.805728841402602214e+01
7.166863333333333015e+09,-1.036400414279370352e-02,-1.807793220029390824e+01
7.166926666666666985e+09,-1.562155818487198644e-02,-1.810706494215107298e+01
7.166990000000000000e+09,-1.624615966669296085e-02,-1.813156473144765002e+01
7.167053333333333015e+09,-2.018785793462285483e-02,-1.815938161753000202e+01
7.167116666666666985e+09,1.477004798032410804e-02,-1.814829889943014507e+01
7.167180000000000000e+09,2.506487361447540252e-03,-1.818443764786377415e+01
7.167243333333333015e+09,-1.665466172012841639e-02,-1.822747398476010616e+01
7.167306666666666985e+09,-3.835826657667240625e-03,-1.823853033751240105e+01
7.167370000000000000e+09,-1.987311509341438409e-02,-1.827844281376290070e+01
7.167433333333333015e+09,7.125715513129904366e-03,-1.827531917097111247e+01
7.167496666666666985e+09,1.047869544762392024e-02,-1.829584137885137451e+01
7.167560000000000000e+09,2.038518942165978842e-02,-1.830981007269209471e+01
7.167623333333333015e+09,-9.451589923763492607e-03,-1.836352203985227050e+01
7.167686666666666985e+09,-7.518662074929238770e-03,-1.838546429981852626e+01
7.167750000000000000e+09,6.294579107276376817e-03,-1.839552624645074275e+01
7.167813333333333015e+09,-1.996380575968359494e-02,-1.844565981913245523e+01
7.167876666666666985e+09,2.338010359430597873e-03,-1.844723319082843105e+01
7.167940000000000000e+09,-2.010137682819035376e-02,-1.849354776583047411e+01
7.168003333333333015e+09,-3.562732641607979645e-02,-1.853294890323311606e+01
7.168066666666666985e+09,9.084334334364285723e-03,-1.851211243029776199e+01
7.168130000000000000e+09,1.008846358081783023e-02,-1.853498348886573055e+01
7.168193333333333015e+09,-2.684182732647144576e-02,-1.859578896758777589e+01
7.168256666666666985e+09,-2.253343799699081274e-02,-1.861535576607338172e+01
7.168320000000000000e+09,-2.383256392833743575e-02,-1.864053007981915044e+01
7.168383333333333015e+09,6.808678033323189993e-03,-1.863376402567224588e+01
7.168446666666666985e+09,-7.554724884897723314e-03,-1.867200261640555681e+01
7.168510000000000000e+09,2.358679863392509901e-02,-1.866473628070148649e+01
7.168573333333333015e+09,2.977643194245160885e-02,-1.868242183520738209e+01
7.168636666666666985e+09,-1.003361649211242934e-02,-1.874610707145703614e+01
7.168700000000000000e+09,2.244695921569572761e-02,-1.873750168356398049e+01
7.168763333333333015e+09,2.493063065454492744e-03,-1.878133076752864383e+01
7.168826666666666985e+09,1.270715902385077811e-02,-1.879499185938533756e+01
7.168890000000000000e+09,-3.755211245177747514e-04,-1.883194972734846218e+01
7.168953333333333015e+09,-9.203015121606483717e-03,-1.886465240915996944e+01
7.169016666666666985e+09,-1.442991354133837945e-02,-1.889375449539479135e+01
7.169080000000000000e+09,-1.649106883180451177e-02,-1.891969083850001354e+01
7.169143333333333015e+09,1.493502687760539516e-02,-1.891213993060535614e+01
7.169206666666666985e+09,-2.125539655081354340e-02,-1.897220554184853114e+01
7.169270000000000000e+09,-2.269917244524677358e-02,-1.899752450555772043e+01
7.169333333333333015e+09,-1.698914289245934128e-02,-1.901568966381968551e+01
7.169396666666666985e+09,-2.009475159131213218e-02,-1.904267046033329436e+01
7.169460000000000000e+09,-5.490153374054784763e-05,-1.904650579809047883e+01
7.169523333333333015e+09,-7.188558244664022823e-05,-1.907039796995394099e+01
7.169586666666666985e+09,2.921442010498864761e-02,-1.906498685208125821e+01
7.169650000000000000e+09,-3.916057969423292207e-03,-1.912199251797042621e+01
7.169713333333333015e+09,-2.414088843032402565e-03,-1.914436573665879138e+01
7.169776666666666985e+09,-2.496005520232458252e-02,-1.919078689083317357e+01
7.169840000000000000e+09,1.077164621441895065e-02,-1.917893037723084859e+01
7.169903333333333015e+09,-9.888668347077356202e-03,-1.922346587960710096e+01
7.169966666666666985e+09,-1.038092765265119510e-02,-1.924783332672776481e+01
7.170030000000000000e+09,-8.525436707419231652e-03,-1.926985302359695140e+01
7.170093333333333015e+09,1.054493206932960447e-03,-1.928414828149735527e+01
7.170156666666666985e+09,3.473136229425577426e-02,-1.927434660022512247e+01
7.170220000000000000e+09,-7.308899356019082916e-03,-1.934026204968981588e+01
7.170283333333333015e+09,-1.617265845544579861e-02,-1.937300099660399866e+01
7.170346666666666985e+09,-1.325036195423479057e-02,-1.939395388791787767e+01
7.170410000000000000e+09,-3.876187230218164359e-02,-1.944334058608058058e+01
7.170473333333333015e+09,-8.019686400821512962e-03,-1.943647358799363900e+01
7.170536666666666985e+09,-2.385499499984788940e-02,-1.947618408440775539e+01
7.170600000000000000e+09,2.341213846364098572e-04,-1.947597015583802715e+01
7.170663333333333015e+09,-7.236202079898390593e-03,-1.950731566711698051e+01
7.170726666666666985e+09,-2.386534798746708930e-02,-1.954782000083963922e+01
7.170790000000000000e+09,-8.092532211858127766e-03,-1.955592237287878632e+01
7.170853333333333015e+09,-1.922383424906826122e-02,-1.959092886273041501e+01
7.170916666666666985e+09,8.581454480719230560e-03,-1.958699876181571753e+01
7.170980000000000000e+09,2.698851024826254275e-02,-1.959246689386293028e+01
7.171043333333333015e+09,-2.078902517824943175e-02,-1.966411961710419831e+01
7.171106666666666985e+09,1.054205607410096945e-03,-1.966615157413329129e+01
7.171170000000000000e+09,1.215659717427897135e-02,-1.967892437038117848e+01
7.171233333333333015e+09,-1.593014578936191583e-02,-1.973088630115957542e+01
7.171296666666666985e+09,-2.888732573085661670e-02,-1.976771866891582263e+01
7.171360000000000000e+09,-5.212797524829326790e-02,-1.981483450624801534e+01
7.171423333333333015e+09,-2.408722020879849879e-02,-1.981066893902327664e+01
7.171486666666666985e+09,-1.837043906640190016e-03,-1.981229395053587439e+01
7.171550000000000000e+09,-1.438709986405228847e-02,-1.984871919430803899e+01
7.171613333333333015e+09,3.065513098267302894e-02,-1.982755215127606974e+01
7.171676666666666985e+09,1.723098950995805012e-02,-1.986485148056387473e+01
7.171740000000000000e+09,-1.724263627473021643e-02,-1.992320029416298155e+01
7.171803333333333015e+09,-1.825272123756604969e-02,-1.994808556694057344e+01
7.171866666666666985e+09,2.999816851058767497e-03,-1.995070821666703864e+01
7.171930000000000000e+09,-2.889749137370145604e-02,-2.000648071270622097e+01
7.171993333333333015e+09,-1.918667070641077999e-02,-2.002064507985368280e+01
7.172056666666666985e+09,-1.775211500425655231e-02,-2.004308571196661859e+01
7.172120000000000000e+09,1.507286579305500140e-02,-2.003413591898372914e+01
7.172183333333333015e+09,-2.236952297611694007e-02,-2.009545349556765359e+01
7.172246666666666985e+09,-3.717069528167726844e-02,-2.013412985568830393e+01
7.172310000000000000e+09,2.403475584215541971e-02,-2.009679959237922731e+01
7.172373333333333015e+09,-3.884477452800183528e-03,-2.014859401348860146e+01
7.172436666666666985e+09,8.591605009261371606e-03,-2.015999311884162992e+01
7.172500000000000000e+09,-4.734086054050123948e-03,-2.019719399771969748e+01
7.172563333333333015e+09,-1.912216309591840968e-02,-2.023545726257598787e+01
7.172626666666666985e+09,-1.496132576200182029e-02,-2.025517161305715774e+01
7.172690000000000000e+09,-4.830981856283855791e-02,-2.031239529367275054e+01
7.172753333333333015e+09,-1.065876206249782854e-02,-2.029861942498683192e+01
7.172816666666666985e+09,-1.235128619168790465e-02,-2.032418713693111201e+01
7.172880000000000000e+09,-1.916909933795096777e-02,-2.035488013789212758e+01
7.172943333333333015e+09,2.658291181248273460e-03,-2.035692793518768440e+01
7.173006666666666985e+09,-1.857091810865085790e-02,-2.040203233229233959e+01
7.173070000000000000e+09,4.887722588247100930e-03,-2.040244887941019414e+01
7.173133333333333015e+09,-5.800128098782408870e-02,-2.048921307080102139e+01
7.173196666666666985e+09,-3.573994649072886887e-02,-2.049082692411868223e+01
7.173260000000000000e+09,-1.132024645984941458e-02,-2.049028241190255883e+01
7.173323333333333015e+09,-1.254869166368166589e-02,-2.051538604492114359e+01
7.173386666666666985e+09,-1.774552905311921336e-02,-2.054445807012533720e+01
7.173450000000000000e+09,-3.203410964880859524e-02,-2.058262183853578264e+01
7.173513333333333015e+09,-3.133347929112062502e-02,-2.060579639599284718e+01
7.173576666666666985e+09,-1.283361161528873140e-02,-2.061117171613210530e+01
7.173640000000000000e+09,-2.659743326389474305e-02,-2.064881072559513342e+01
7.173703333333333015e+09,1.845799045426943508e-02,-2.062763048969172175e+01
7.173766666666666985e+09,1.011928352216173721e-02,-2.065984438443891946e+01
7.173830000000000000e+09,-1.818801716846252248e-02,-2.071202687294396583e+01
7.173893333333333015e+09,-1.147418395805388514e-02,-2.072918822754831325e+01
7.173956666666666985e+09,-7.745724888028604482e-03,-2.074933495629337443e+01
7.174020000000000000e+09,1.063195100557479122e-02,-2.075483246821419314e+01
7.174083333333333015e+09,-3.061182957178942843e-03,-2.079240078999170294e+01
7.174146666666666985e+09,9.613329565944184196e-03,-2.080360146528366982e+01
7.174210000000000000e+09,-1.940900165262959831e-02,-2.085649898431699611e+01
7.174273333333333015e+09,-2.140836495836850872e-03,-2.086310600697462547e+01
7.174336666666666985e+09,-4.032634310700089486e-02,-2.092516670140087953e+01
7.174400000000000000e+09,-4.055799791899872275e-02,-2.094927354402762987e+01
7.174463333333333015e+09,-5.111353230795145919e-03,-2.093770208715384840e+01
7.174526666666666985e+09,-4.219335477741736895e-02,-2.099865927651556063e+01
7.174590000000000000e+09,-1.168002493369968420e-02,-2.099202113448659901e+01
7.174653333333333015e+09,-3.115354883671983544e-02,-2.103536984620403771e+01
7.174716666666666985e+09,-6.076019964059042877e-03,-2.103416750514646694e+01
7.174780000000000000e+09,-1.132035744871728866e-02,-2.106328703044588124e+01
7.174843333333333015e+09,-7.849265183246245670e-03,-2.108369112599482875e+01
7.174906666666666985e+09,-2.430357979094210918e-02,-2.112402062841761463e+01
7.174970000000000000e+09,-1.014435646852263062e-02,-2.113373659290995121e+01
7.175033333333333015e+09,-2.631591564198032529e-02,-2.117378333989816142e+01
7.175096666666666985e+09,-5.486103525460350738e-02,-2.122620364732554066e+01
7.175160000000000000e+09,-1.013785593922733597e-03,-2.119623158547961594e+01
7.175223333333333015e+09,-1.037316862743509205e-02,-2.122946615632788436e+01
7.175286666666666985e+09,-4.271492753798256103e-02,-2.128568310305318434e+01
7.175350000000000000e+09,-3.663262510918841031e-02,-2.130347598843914625e+01
7.175413333333333015e+09,-2.389072196626074174e-02,-2.131460927311097464e+01
7.175476666666666985e+09,-1.396219017594191314e-02,-2.132855592913574583e+01
7.175540000000000000e+09,-2.975564827066179419e-02,-2.136822457504488426e+01
7.175603333333333015e+09,-1.009664477723504206e-02,-2.137244075936621357e+01
7.175666666666666985e+09,8.235504021214978820e-03,-2.137798379838285356e+01
7.175730000000000000e+09,-1.675469756794001341e-02,-2.142684918778642711e+01
7.175793333333333015e+09,1.297103468660054659e-02,-2.142099864334664261e+01
7.175856666666666985e+09,-1.118016439050961708e-02,-2.146902503023884279e+01
7.175920000000000000e+09,-1.206418200150594089e-02,-2.149378423566425766e+01
7.175983333333333015e+09,-4.194360232688509882e-02,-2.154753884380439288e+01
7.176046666666666985e+09,-4.797893318296786447e-02,-2.157744936247556566e+01
7.176110000000000000e+09,-6.098529130832019973e-02,-2.161433090841567406e+01
7.176173333333333015e+09,-3.205153990253606366e-02,-2.160927234482430848e+01
7.176236666666666985e+09,-1.068304995093072307e-02,-2.161177904268779315e+01
7.176300000000000000e+09,-3.513099588229096071e-03,-2.162848428013984758e+01
7.176363333333333015e+09,-2.533532997897935957e-02,-2.167418169834501640e+01
7.176426666666666985e+09,-6.387347684647437518e-03,-2.167910890386577449e+01
7.176490000000000000e+09,-7.951048395852922113e-03,-2.170454779239173604e+01
7.176553333333333015e+09,-1.961802323873129694e-02,-2.174008995504903297e+01
7.176616666666666985e+09,-2.994990753128234928e-02,-2.177429702715667403e+01
7.176680000000000000e+09,-8.739942254113231002e-03,-2.177696224969426098e+01
7.176743333333333015e+09,1.080842058879483147e-02,-2.178128907466577147e+01
7.176806666666666985e+09,-2.115203945420418563e-02,-2.183712472252386050e+01
7.176870000000000000e+09,-5.042709625803354356e-02,-2.189027496714244592e+01
7.176933333333333015e+09,-3.072025638782704959e-02,-2.189444331508699548e+01
7.176996666666666985e+09,3.147773140462106767e-03,-2.188445047337345883e+01
7.177060000000000000e+09,4.353963055777398949e-03,-2.190711947127289960e+01
7.177123333333333015e+09,2.021058001636433232e-02,-2.191513804212706873e+01
7.177186666666666985e+09,-1.483743530334180605e-02,-2.197406124526153093e+01
7.177250000000000000e+09,-2.913631413369444090e-02,-2.201223531190663607e+01
7.177313333333333015e+09,-2.567328921243827722e-02,-2.203264747480013597e+01
7.177376666666666985e+09,-4.283260791794418765e-02,-2.207368198132073189e+01
7.177440000000000000e+09,-5.937733916759668773e-03,-2.206066229513396593e+01
7.177503333333333015e+09,-2.168254315858320069e-02,-2.210028229219054552e+01
7.177566666666666985e+09,-3.709395503639711933e-02,-2.213956889188344945e+01
7.177630000000000000e+09,-2.674613872712683360e-02,-2.215309626338859772e+01
7.177693333333333015e+09,-2.245638209423006515e-02,-2.217268169457045701e+01
7.177756666666666985e+09,-2.737400106096998798e-02,-2.220147450135228695e+01
7.177820000000000000e+09,2.630486835422018999e-02,-2.217167081975151532e+01
7.177883333333333015e+09,-3.055809891162297731e-02,-2.225240897483211810e+01
7.177946666666666985e+09,-9.930626324472058286e-03,-2.225565669006005365e+01
7.178010000000000000e+09,-3.755103417589111814e-03,-2.227335635496758925e+01
7.178073333333333015e+09,9.102550669179976239e-03,-2.228437388869557978e+01
7.178136666666666985e+09,-3.625794705883578217e-02,-2.235360957423868200e+01
7.178200000000000000e+09,-3.914771497151647850e-02,-2.238037452996611876e+01
7.178263333333333015e+09,-7.116226419214299881e-02,-2.243626426700116738e+01
7.178326666666666985e+09,-4.714550940864370432e-03,-2.239369174156497522e+01
7.178390000000000000e+09,-7.741233652399870380e-03,-2.242059361209126678e+01
7.178453333333333015e+09,-1.846104800776515731e-02,-2.245518861426105417e+01
7.178516666666666985e+09,-5.162798009852309633e-02,-2.251223073416689857e+01
7.178580000000000000e+09,-2.752616128476859103e-02,-2.251200410316790368e+01
7.178643333333333015e+09,-3.728997961485802648e-02,-2.254564310931241167e+01
7.178706666666666985e+09,-1.553280452129257583e-02,-2.254776112203393268e+01
7.178770000000000000e+09,-5.267156452707766334e-02,-2.260877506985447738e+01
7.178833333333333015e+09,-4.330329638431607009e-02,-2.262328198952646829e+01
7.178896666666666985e+09,-4.411921004939145519e-02,-2.264797309100629974e+01
7.178960000000000000e+09,-6.785918566464488322e-03,-2.263451498733812883e+01
7.179023333333333015e+09,-6.186068632206698226e-02,-2.271346494290848383e+01
7.179086666666666985e+09,-4.891691409851262051e-02,-2.272439635849968553e+01
7.179150000000000000e+09,-1.319881840372261195e-02,-2.271255345061965158e+01
7.179213333333333015e+09,-4.254563422888679725e-02,-2.276577545425956828e+01
7.179276666666666985e+09,-3.441631635997310923e-02,-2.278152132420574816e+01
7.179340000000000000e+09,-5.356335512855281422e-02,-2.282454355078874642e+01
7.179403333333333015e+09,-4.996832531055162008e-02,-2.284482370878549773e+01
7.179466666666666985e+09,-3.548084562919484597e-02,-2.285421141691923452e+01
7.179530000000000000e+09,-4.240820058202032783e-02,-2.288501395968647856e+01
7.179593333333333015e+09,-6.095707381347281739e-02,-2.292743802073268355e+01
7.179656666666666985e+09,-8.775118278517624049e-02,-2.297810731751948055e+01
7.179720000000000000e+09,-4.784173093839427793e-02,-2.296207305348711714e+01
7.179783333333333015e+09,-4.373410113291242851e-02,-2.298184061149638779e+01
7.179846666666666985e+09,-6.915324311678716640e-02,-2.303113494129535610e+01
7.179910000000000000e+09,-7.349659864065571924e-02,-2.305935348463364321e+01
7.179973333333333015e+09,-7.142037461996508796e-02,-2.308115244842770863e+01
7.180036666666666985e+09,-6.894315059974687188e-02,-2.310255041222258043e+01
7.180100000000000000e+09,-8.754904844584743273e-02,-2.314503149788343350e+01
7.180163333333333015e+09,-9.621011977742810473e-02,-2.317756775702943628e+01
7.180226666666666985e+09,-5.602734075981175010e-02,-2.316126016582690994e+01
7.180290000000000000e+09,-7.618258308875525131e-02,-2.320529059597060595e+01
7.180353333333333015e+09,-3.722693694028578193e-02,-2.319021013763655858e+01
7.180416666666666985e+09,-8.143690914714696305e-02,-2.325829529765850978e+01
7.180480000000000000e+09,-1.209478215144024205e-01,-2.332168139784051775e+01
7.180543333333333015e+09,-1.027531350236330354e-01,-2.332736189916417047e+01
7.180606666666666985e+09,-1.400486826476772251e-01,-2.338853263460330467e+01
7.180670000000000000e+09,-1.349153019964539624e-01,-2.340727444176683747e+01
7.180733333333333015e+09,-1.402218905607490740e-01,-2.343645621814588864e+01
7.180796666666666985e+09,-1.335602218286773279e-01,-2.345366973722856940e+01
7.180860000000000000e+09,-1.730600235476487114e-01,-2.351704472676229685e+01
7.180923333333333015e+09,-2.066150767959484824e-01,-2.357447496782535268e+01
7.180986666666666985e+09,-2.111558605493470964e-01,-2.360289093939350380e+01
7.181050000000000000e+09,-1.666160252379533802e-01,-2.358222629189686614e+01
7.181113333333333015e+09,-1.476042964992849704e-01,-2.358708975097295379e+01
7.181176666666666985e+09,-2.231550208342731878e-01,-2.368651566312269452e+01
7.181240000000000000e+09,-2.661567355851950367e-01,-2.375339256568837243e+01
7.181303333333333015e+09,1.694084308678931450e-01,-2.334170258705004031e+01
7.181366666666666985e+09,4.976685027193674671e-01,-2.303731770301365245e+01
7.181430000000000000e+09,3.840143404825049345e-01,-2.317484705306493709e+01
7.181493333333333015e+09,2.670582928026163927e-01,-2.331567828855958169e+01
7.181556666666666985e+09,2.397677230477803789e-01,-2.336684404612950772e+01
7.181620000000000000e+09,1.764468395330744954e-01,-2.345404011745863571e+01
7.181683333333333015e+09,1.436858328521353201e-01,-2.351067631195432739e+01
7.181746666666666985e+09,1.371455018401874781e-01,-2.354109183078136525e+01
7.181810000000000000e+09,1.035950301472787771e-01,-2.359851749028869605e+01
7.181873333333333015e+09,1.019739110458353082e-01,-2.362401379720489203e+01
7.181936666666666985e+09,9.960325731274011218e-02,-2.365025963875307724e+01
7.182000000000000000e+09,9.895740370862071700e-02,-2.367478068017195270e+01
7.182063333333333015e+09,7.974663490015387879e-02,-2.371786663679483809e+01
7.182126666666666985e+09,3.038016417026057070e-02,-2.379110829533982141e+01
7.182190000000000000e+09,6.244895214986101450e-02,-2.378291469517497703e+01
7.182253333333333015e+09,6.904315157686014004e-02,-2.380019568356239645e+01
7.182316666666666985e+09,5.977561190364966137e-02,-2.383333841105070050e+01
7.182380000000000000e+09,4.612614566783790337e-02,-2.387086306510126477e+01
7.182443333333333015e+09,2.371064266970535073e-02,-2.391715375591381587e+01
7.182506666666666985e+09,3.326084435653342553e-02,-2.393147874204208136e+01
7.182570000000000000e+09,5.906708891260237237e-02,-2.392954768530076493e+01
7.182633333333333015e+09,5.929154902603173127e-02,-2.395319841300209163e+01
7.182696666666666985e+09,2.447947984438059166e-02,-2.401188566999849883e+01
7.182760000000000000e+09,2.735978370018088413e-02,-2.403288055395745104e+01
7.182823333333333015e+09,2.433948096848226328e-02,-2.405977604450390572e+01
7.182886666666666985e+09,3.365510358804257862e-02,-2.407433560969910147e+01
7.182950000000000000e+09,5.068015163077888019e-02,-2.408118574947111767e+01
7.183013333333333015e+09,2.331322749573772057e-02,-2.413242786142091489e+01
7.183076666666666985e+09,2.812724797053078873e-02,-2.415148902876087789e+01
7.183140000000000000e+09,3.301201108310891641e-03,-2.420019026343785029e+01
7.183203333333333015e+09,-1.380094129024200811e-02,-2.424116759365115925e+01
7.183266666666666985e+09,3.657954513179717537e-02,-2.421466229504421008e+01
7.183330000000000000e+09,1.137412238467305770e-02,-2.426374290560575275e+01
7.183393333333333015e+09,4.352097269788046674e-02,-2.425547124310730140e+01
7.183456666666666985e+09,9.246930311505252575e-03,-2.431362047330876663e+01
7.183520000000000000e+09,-1.379452917912971088e-03,-2.434812204435260341e+01
7.183583333333333015e+09,-4.136689407754801096e-03,-2.437475446865720485e+01
7.183646666666666985e+09,1.855735554143933541e-02,-2.437593561152309718e+01
7.183710000000000000e+09,5.305115472438259872e-02,-2.436531700015457247e+01
7.183773333333333015e+09,4.060691010526085165e-03,-2.443818265168318860e+01
7.183836666666666985e+09,2.635663915196673202e-02,-2.443976189135683441e+01
7.183900000000000000e+09,1.594467751272077294e-02,-2.447404904081083643e+01
7.183963333333333015e+09,7.905389892673753138e-03,-2.450596351624530556e+01
7.184026666666666985e+09,1.813461308942265759e-02,-2.451960948086364311e+01
7.184090000000000000e+09,-9.006586304387553810e-04,-2.456251994039826059e+01
7.184153333333333015e+09,9.419935248502042668e-03,-2.457607453433374189e+01
7.184216666666666985e+09,8.096020741536591458e-03,-2.460127363665579381e+01
7.184280000000000000e+09,1.209593897457494904e-02,-2.462114890623751506e+01
7.184343333333333015e+09,-3.993313005722498588e-02,-2.469705316308373355e+01
7.184406666666666985e+09,4.362674416206857586e-02,-2.463736847667952645e+01
7.184470000000000000e+09,1.964008715368947833e-02,-2.468523032150266516e+01
7.184533333333333015e+09,1.578457786290954346e-02,-2.471296101860819761e+01
7.184596666666666985e+09,2.807073434464513184e-03,-2.474981371085139870e+01
7.184660000000000000e+09,-3.890555551338437112e-02,-2.481540152761400364e+01
7.184723333333333015e+09,4.147216494219918559e-02,-2.475889899497317259e+01
7.184786666666666985e+09,-7.363796501181241183e-03,-2.483161014423130908e+01
7.184850000000000000e+09,1.585627887000029546e-02,-2.483226525667488360e+01
7.184913333333333015e+09,-1.456916212809389322e-02,-2.488656588548773030e+01
7.184976666666666985e+09,-1.499130179064422919e-02,-2.491086321296503669e+01
7.185040000000000000e+09,-2.630412824196071142e-03,-2.492237751181334460e+01
7.185103333333333015e+09,-1.994224539073741198e-02,-2.496356453219463845e+01
7.185166666666666985e+09,-2.762123180524156396e-03,-2.497025959779951876e+01
7.185230000000000000e+09,8.941484407461786077e-03,-2.498243117802595137e+01
7.185293333333333015e+09,-1.517652669475921812e-02,-2.503042437694292488e+01
7.185356666666666985e+09,1.680460104363490359e-02,-2.502231843701962433e+01
7.185420000000000000e+09,2.102330008314723386e-02,-2.504197492579453055e+01
7.185483333333333015e+09,1.788591532617189728e-02,-2.506898749836625839e+01
7.185546666666666985e+09,1.838438584141144361e-02,-2.509236421566611241e+01
7.185610000000000000e+09,2.588165602160685808e-02,-2.510874213330033555e+01
7.185673333333333015e+09,5.488287795323287810e-03,-2.515301068934137518e+01
7.185736666666666985e+09,1.946585900666875091e-02,-2.516290830594511974e+01
7.185800000000000000e+09,1.066556696367015888e-02,-2.519558378580287084e+01
7.185863333333333015e+09,-2.843519314031084377e-02,-2.525855973372127394e+01
7.185926666666666985e+09,-6.165419396072735481e-03,-2.526016514779212585e+01
7.185990000000000000e+09,-4.290283369024194826e-02,-2.532077774990104757e+01
7.186053333333333015e+09,-5.695262071029105755e-03,-2.530744536609625683e+01
7.186116666666666985e+09,-1.307890936137212634e-02,-2.533870420120168987e+01
7.186180000000000000e+09,-2.350052461920881797e-03,-2.535185053211699113e+01
7.186243333333333015e+09,-1.097687292965332517e-02,-2.538435254039914568e+01
7.186306666666666985e+09,3.349665957617986578e-03,-2.539390118932696438e+01
7.186370000000000000e+09,2.248408925038347661e-02,-2.539864195384895496e+01
7.186433333333333015e+09,3.235628624800312991e-03,-2.544176560228929418e+01
7.186496666666666985e+09,-1.645326051873041706e-02,-2.548532967924757742e+01
7.186560000000000000e+09,2.624915359682233884e-03,-2.549012669118392083e+01
7.186623333333333015e+09,1.640801623717180746e-02,-2.550021877812118731e+01
7.186686666666666985e+09,-2.391701894474351775e-03,-2.554289368406758598e+01
7.186750000000000000e+09,-2.522707295068116196e-02,-2.558960424293854885e+01
7.186813333333333015e+09,9.458261644965659798e-04,-2.558730653163812718e+01
7.186876666666666985e+09,-2.431261748176183346e-02,-2.563644016309913809e+01
7.186940000000000000e+09,-1.903136067991439973e-02,-2.565503409411204672e+01
7.187003333333333015e+09,6.985547712893946937e-03,-2.565289237353399443e+01
7.187066666666666985e+09,-1.443316604045818963e-02,-2.569818627510243303e+01
7.187130000000000000e+09,-1.680621615075850173e-02,-2.572443451302715545e+01
7.187193333333333015e+09,-1.200328231131209122e-02,-2.574350676700246510e+01
7.187256666666666985e+09,3.134741186866563112e-02,-2.572403126063757739e+01
7.187320000000000000e+09,2.930970587467385258e-03,-2.577632288973319774e+01
7.187383333333333015e+09,-2.152718371261386210e-02,-2.582465623184803150e+01
7.187446666666666985e+09,-1.426778498890968194e-02,-2.584127202093941733e+01
7.187510000000000000e+09,3.619294323617339160e-02,-2.581468648052875636e+01
7.187573333333333015e+09,-2.474571381952728188e-03,-2.587722918296163499e+01
7.187636666666666985e+09,-1.213995283198343600e-02,-2.591076975222675571e+01
7.187700000000000000e+09,-2.663554476846030639e-02,-2.594914053197798864e+01
7.187763333333333015e+09,5.682813698903999011e-03,-2.594069736132504289e+01
7.187826666666666985e+09,3.478942769458370776e-03,-2.596677642006957853e+01
7.187890000000000000e+09,-6.848555836313607870e-03,-2.600097910649010657e+01
7.187953333333333015e+09,-7.177268319473739666e-04,-2.601872346530015889e+01
7.188016666666666985e+09,-3.962405446458205915e-04,-2.604227716682795091e+01
7.188080000000000000e+09,-1.504658499358413337e-02,-2.608080269909164173e+01
7.188143333333333015e+09,-1.384797315413521801e-03,-2.609101609922788967e+01
7.188206666666666985e+09,1.598720351722704436e-03,-2.611190776937584701e+01
7.188270000000000000e+09,9.175278646971207763e-03,-2.612820639889535101e+01
7.188333333333333015e+09,-6.812075838062980893e-04,-2.616193807294054707e+01
7.188396666666666985e+09,-3.911849610127760002e-02,-2.622425054927311194e+01
7.188460000000000000e+09,-1.574860585485282627e-02,-2.622475584684143968e+01
7.188523333333333015e+09,1.256326820142561473e-02,-2.622031916059991730e+01
7.188586666666666985e+09,-1.957617745019746280e-02,-2.627633379406629643e+01
7.188650000000000000e+09,-1.366606080981114246e-02,-2.629429886524066262e+01
7.188713333333333015e+09,-5.044756470200084664e-02,-2.635495555694760839e+01
7.188776666666666985e+09,-2.014704879423234729e-02,-2.634853022885459595e+01
7.188840000000000000e+09,-4.336293543176950038e-02,-2.639562130330688561e+01
7.188903333333333015e+09,-1.835697887936049710e-02,-2.639449053456923266e+01
7.188966666666666985e+09,-3.068778525529225476e-02,-2.643069652876025444e+01
7.189030000000000000e+09,-1.877969294145387380e-02,-2.644266362426083461e+01
7.189093333333333015e+09,-1.129894883367299485e-02,-2.645905806796780979e+01
7.189156666666666985e+09,4.164316662937039837e-03,-2.646746999028628977e+01
7.189220000000000000e+09,-1.457990403580211591e-02,-2.651008939879944748e+01
7.189283333333333015e+09,8.931119356940797616e-03,-2.651045356322146418e+01
7.189346666666666985e+09,-3.095027744947742576e-02,-2.657421014784296887e+01
7.189410000000000000e+09,-5.287257997633076911e-03,-2.657242231620554662e+01
7.189473333333333015e+09,-3.368667614473963567e-04,-2.659134711278411700e+01
7.189536666666666985e+09,-6.989922204056142618e-03,-2.662187535604181221e+01
7.189600000000000000e+09,1.958618048563209868e-02,-2.661917444116688003e+01
7.189663333333333015e+09,-1.010283759686103622e-02,-2.667273864706379527e+01
7.189726666666666985e+09,-1.558853777529378704e-02,-2.670209953505731448e+01
7.189790000000000000e+09,-1.172964322806890891e-02,-2.672211582832484567e+01
7.189853333333333015e+09,2.458386888132935155e-03,-2.673180298602306593e+01
7.189916666666666985e+09,2.348024171211093858e-02,-2.673465631901417439e+01
7.189980000000000000e+09,-1.153270338111411775e-02,-2.679354445192215906e+01
7.190043333333333015e+09,-1.151098218922541605e-02,-2.681739791854468891e+01
7.190106666666666985e+09,1.318444642193128402e-02,-2.681657767774861867e+01
7.190170000000000000e+09,-2.152711256724870736e-02,-2.687516442455255827e+01
7.190233333333333015e+09,1.145794494700425048e-02,-2.686605455485272387e+01
7.190296666666666985e+09,-2.057833473526926582e-02,-2.692196602235008740e+01
7.190360000000000000e+09,2.336358409324645891e-02,-2.690189929133632774e+01
7.190423333333333015e+09,-8.209256526150454647e-03,-2.695734731977047716e+01
7.190486666666666985e+09,6.777116547411310421e-03,-2.696623613451167145e+01
7.190550000000000000e+09,-5.002017229966071454e-03,-2.700189045610380489e+01
7.190613333333333015e+09,2.686880336668195923e-03,-2.701807674635192313e+01
7.190676666666666985e+09,1.674119997870704424e-02,-2.702789761452464035e+01
7.190740000000000000e+09,-2.016416457600911372e-02,-2.708867816689411256e+01
7.190803333333333015e+09,-1.259548087792339288e-02,-2.710498467101077935e+01
7.190866666666666985e+09,-2.533433008085950178e-02,-2.714159870802880903e+01
7.190930000000000000e+09,-1.747887305996442819e-02,-2.715761843882233251e+01
7.190993333333333015e+09,-2.984544969972091621e-02,-2.719386020327684150e+01
7.191056666666666985e+09,-9.443698734180827614e-03,-2.719733364012639498e+01
7.191120000000000000e+09,-1.030044582844169554e-03,-2.721279517378947688e+01
7.191183333333333015e+09,-3.645836783013223226e-02,-2.727209868485151745e+01
7.191246666666666985e+09,-2.460142596042302898e-02,-2.728411693079690181e+01
7.191310000000000000e+09,6.457231666328056008e-03,-2.727693346098456928e+01
7.191373333333333015e+09,-1.001759725055606509e-02,-2.731728347771620946e+01
7.191436666666666985e+09,-2.066750318497057037e-02,-2.735180857146571398e+01
7.191500000000000000e+09,3.582546480661363830e-03,-2.735143370961450060e+01
7.191563333333333015e+09,7.225198063736115728e-04,-2.737816892410354441e+01
7.191626666666666985e+09,-7.285459907713232042e-04,-2.740349517771577936e+01
7.191690000000000000e+09,-2.583697501716386569e-03,-2.742922551704147693e+01
7.191753333333333015e+09,-1.450197253437579548e-02,-2.746501897988855845e+01
7.191816666666666985e+09,-3.432108418736135036e-02,-2.750871327935663402e+01
7.191880000000000000e+09,-2.623920670231427721e-03,-2.750089130365425660e+01
7.191943333333333015e+09,-1.408010443576301896e-03,-2.752355058124202358e+01
7.192006666666666985e+09,-1.037419803781958194e-02,-2.755639195665135688e+01
7.192070000000000000e+09,7.983802126528161125e-03,-2.756190914430176520e+01
7.192133333333333015e+09,1.574251653652325444e-02,-2.757802561770618865e+01
7.192196666666666985e+09,1.348119582537066208e-02,-2.760416212623243126e+01
7.192260000000000000e+09,-2.145600857391016802e-02,-2.766297451844646815e+01
7.192323333333333015e+09,-2.202543279939561671e-02,-2.768741913048670966e+01
7.192386666666666985e+09,-5.652261932382884879e-04,-2.768983411169530484e+01
7.192450000000000000e+09,-2.829222522124652528e-02,-2.774143629853806914e+01
7.192513333333333015e+09,-4.185783417522515037e-03,-2.774120504454910119e+01
7.192576666666666985e+09,1.845723421083533822e-02,-2.774243721473549584e+01
7.192640000000000000e+09,2.102098984273581550e-02,-2.776374864691835143e+01
7.192703333333333015e+09,-1.386055858280244024e-02,-2.782250538315864574e+01
7.192766666666666985e+09,-3.065571631776009554e-03,-2.783558558402270577e+01
7.192830000000000000e+09,-4.430775199697478683e-03,-2.786082597540504935e+01
7.192893333333333015e+09,2.245127092483301112e-02,-2.785781911709527492e+01
7.192956666666666985e+09,5.285264350909812947e-03,-2.789886031148428813e+01
7.193020000000000000e+09,2.244353974734991652e-02,-2.790557722390227013e+01
7.193083333333333015e+09,-4.439988124552485260e-03,-2.795633593958892504e+01
7.193146666666666985e+09,-3.818047405236058012e-03,-2.797958918668469863e+01
7.193210000000000000e+09,2.057699733090956329e-02,-2.797906932976297512e+01
7.193273333333333015e+09,-1.551642773852179857e-02,-2.803903794264715899e+01
7.193336666666666985e+09,-3.776545362561023467e-02,-2.808516215634933744e+01
7.193400000000000000e+09,-1.467469350235006686e-03,-2.807273935988838431e+01
7.193463333333333015e+09,-7.985561222479731214e-03,-2.810313263957538155e+01
7.193526666666666985e+09,-9.825949659873600694e-03,-2.812884821582786543e+01
7.193590000000000000e+09,2.174805821424996566e-02,-2.812114939576849793e+01
7.193653333333333015e+09,2.386886456550385560e-02,-2.814290377723166259e+01
7.193716666666666985e+09,-9.415892064144060214e-03,-2.820006372167640407e+01
7.193780000000000000e+09,-1.537060272664803051e-02,-2.822989362015366055e+01
7.193843333333333015e+09,-1.255021561962621490e-02,-2.825094842086105729e+01
7.193906666666666985e+09,-5.603025077391521336e-03,-2.826787641813391616e+01
7.193970000000000000e+09,-1.859997135911939381e-02,-2.830474855223039654e+01
7.194033333333333015e+09,1.213672685894451320e-02,-2.829788704182675119e+01
7.194096666666666985e+09,-3.820348779710869280e-02,-2.837210244429789796e+01
7.194160000000000000e+09,3.046489863097079365e-02,-2.832730924568457098e+01
7.194223333333333015e+09,-4.977169315552032458e-04,-2.838214704906185304e+01
7.194286666666666985e+09,1.475162233538185319e-02,-2.839077289760967204e+01
7.194350000000000000e+09,2.363245345473075076e-02,-2.840576725430507565e+01
7.194413333333333015e+09,2.329254399181834856e-02,-2.842998235158274412e+01
7.194476666666666985e+09,-1.184173105530561543e-02,-2.848899181444462414e+01
7.194540000000000000e+09,-3.343186282947385735e-03,-2.850436845748701842e+01
7.194603333333333015e+09,3.921358341901992617e-03,-2.852097910067692510e+01
7.194666666666666985e+09,2.346503298451807495e-02,-2.852531061384906508e+01
7.194730000000000000e+09,3.787699688006540555e-02,-2.853477383776827025e+01
7.194793333333333015e+09,9.218206460996469787e-03,-2.858730781600209525e+01
7.194856666666666985e+09,-3.136463467406258587e-02,-2.865176584495224432e+01
7.194920000000000000e+09,-2.194974888903544752e-02,-2.866622614698163574e+01
7.194983333333333015e+09,2.529631056741266093e-02,-2.864285527533994724e+01
7.195046666666666985e+09,2.667622493051879928e-02,-2.866535054879192757e+01
7.195110000000000000e+09,5.109449623208917046e-03,-2.871079251191365955e+01
7.195173333333333015e+09,1.967493349420479376e-02,-2.872010221585741974e+01
7.195236666666666985e+09,2.216389187881517842e-02,-2.874148844528789581e+01
7.195300000000000000e+09,-6.600976101676536700e-03,-2.879412850108280963e+01
7.195363333333333015e+09,2.005907659523842312e-02,-2.879134363620065074e+01
7.195426666666666985e+09,-9.939108221992398740e-04,-2.883627181143317486e+01
7.195490000000000000e+09,-5.527378469452060017e-04,-2.885970582627267689e+01
7.195553333333333015e+09,-3.918344396037554134e-03,-2.888694662063619134e+01
7.195616666666666985e+09,-2.752571587508256812e-02,-2.893442917993032282e+01
7.195680000000000000e+09,1.911082500622995894e-02,-2.891166782686376990e+01
7.195743333333333015e+09,-1.782374544663767324e-02,-2.897247758513105609e+01
7.195806666666666985e+09,-4.489510875675506441e-03,-2.898301853837518038e+01
7.195870000000000000e+09,9.671268778411956646e-03,-2.899273294653585253e+01
7.195933333333333015e+09,2.354518085786239112e-02,-2.900273422227082065e+01
7.195996666666666985e+09,6.700991760972385691e-03,-2.904345359918280067e+01
7.196060000000000000e+09,-4.246714570394161115e-02,-2.911649692446247073e+01
7.196123333333333015e+09,5.521330922526601626e-03,-2.909238363565075502e+01
7.196186666666666985e+09,3.954761878973656053e-02,-2.908223253559830113e+01
7.196250000000000000e+09,7.484236463113802529e-03,-2.913817110573967994e+01
7.196313333333333015e+09,7.603941120436275014e-03,-2.916192658889710998e+01
7.196376666666666985e+09,-8.239881992903264063e-03,-2.920164559982520558e+01
7.196440000000000000e+09,1.019683064253840143e-02,-2.920708407500451997e+01
7.196503333333333015e+09,-2.773609885772998496e-02,-2.926889219231954087e+01
7.196566666666666985e+09,1.298391770346540852e-02,-2.925204736357310153e+01
7.196630000000000000e+09,-3.590199673872973563e-03,-2.929249666876519598e+01
7.196693333333333015e+09,7.116538525448135033e-03,-2.930566511838062738e+01
7.196756666666666985e+09,-5.658126254459716620e-03,-2.934231497097562880e+01
7.196820000000000000e+09,-8.630366346185525117e-03,-2.936916239888177316e+01
7.196883333333333015e+09,-2.401643748629567199e-02,-2.940842365783663581e+01
7.196946666666666985e+09,2.862802172877465523e-02,-2.937965438643665905e+01
7.197010000000000000e+09,3.642200941757778310e-02,-2.939573558656227448e+01
7.197073333333333015e+09,3.444134315765978727e-02,-2.942159144063694853e+01
7.197136666666666985e+09,2.279169703189509733e-02,-2.945711627457780324e+01
7.197200000000000000e+09,3.234574117411170846e-02,-2.947143741825000518e+01
7.197263333333333015e+09,1.641547632544870794e-03,-2.952601679960632808e+01
7.197326666666666985e+09,1.453508452188856381e-02,-2.953699845053207440e+01
7.197390000000000000e+09,-8.943796950440230376e-03,-2.958435251981915570e+01
7.197453333333333015e+09,1.502540807486241192e-03,-2.959778136987565134e+01
7.197516666666666985e+09,1.327215173226647948e-03,-2.962183188332500094e+01
7.197580000000000000e+09,2.613047695401959913e-02,-2.962090380935896050e+01
7.197643333333333015e+09,-4.639915191525290084e-03,-2.967554938931892750e+01
7.197706666666666985e+09,6.349581321391184474e-03,-2.968843508062110104e+01
7.197770000000000000e+09,-5.336121296540596859e-03,-2.972399597105378888e+01
7.197833333333333015e+09,2.609895887053070851e-02,-2.971643607870113613e+01
7.197896666666666985e+09,1.178089610165500289e-02,-2.975462932928510185e+01
7.197960000000000000e+09,2.216302569614825302e-02,-2.976812238750536466e+01
7.198023333333333015e+09,1.844806284139011154e-02,-2.979571253817487886e+01
7.198086666666666985e+09,6.981721055662859499e-03,-2.983105406777535862e+01
7.198150000000000000e+09,1.785591819268361746e-02,-2.984405505845309392e+01
7.198213333333333015e+09,3.475501040582784640e-02,-2.985103115405470575e+01
7.198276666666666985e+09,-1.366641505740062712e-03,-2.991102799378102617e+01
7.198340000000000000e+09,-9.073565607909728215e-03,-2.994261010569795189e+01
7.198403333333333015e+09,1.375855660807445702e-03,-2.995603587224399078e+01
7.198466666666666985e+09,-1.919320693471249228e-02,-3.000048012265426323e+01
7.198530000000000000e+09,2.754078422947614513e-02,-2.997762131930483065e+01
7.198593333333333015e+09,2.387266655649966651e-02,-3.000516462479256319e+01
7.198656666666666985e+09,2.738585360845391392e-02,-3.002552662555569896e+01
7.198720000000000000e+09,3.005994902955322345e-02,-3.004672771794902175e+01
7.198783333333333015e+09,5.441725925436458056e-03,-3.009522112886789103e+01
7.198846666666666985e+09,2.570422856804199796e-02,-3.009883381404037550e+01
7.198910000000000000e+09,3.283246807227158115e-02,-3.011558076235056802e+01
7.198973333333333015e+09,-2.089471457370706275e-03,-3.017437788969496282e+01
7.199036666666666985e+09,-3.023815505645188750e-02,-3.022640176110913401e+01
7.199100000000000000e+09,-2.704627583636209920e-03,-3.022274342145074044e+01
7.199163333333333015e+09,-2.347712597743267793e-02,-3.026739110765928942e+01
7.199226666666666985e+09,4.198539087060026986e-03,-3.026359063040988673e+01
7.199290000000000000e+09,-1.745358359002580073e-03,-3.029340971567070540e+01
7.199353333333333015e+09,-2.125877954647492629e-02,-3.033679832467259629e+01
7.199416666666666985e+09,1.491849557984181729e-02,-3.032449623736136957e+01
7.199480000000000000e+09,-1.035188838118017429e-02,-3.037364180913714762e+01
7.199543333333333015e+09,2.072644220753261379e-03,-3.038509246434963273e+01
7.199606666666666985e+09,-6.276041009307675722e-04,-3.041166790048641033e+01
7.199670000000000000e+09,-3.748292197109037716e-03,-3.043866377639734111e+01
7.199733333333333015e+09,1.512082367558775786e-02,-3.044366984833906287e+01
7.199796666666666985e+09,1.043675624165985028e-02,-3.047222910358808434e+01
7.199860000000000000e+09,-1.606965810220373214e-02,-3.052261070574670043e+01
7.199923333333333015e+09,2.400135045430573655e-03,-3.052801610041382219e+01
7.199986666666666985e+09,4.609701162380019923e-03,-3.054968172211162880e+01
7.200050000000000000e+09,-1.535885530824288026e-02,-3.059352546639700421e+01
7.200113333333333015e+09,-2.261726795430973880e-02,-3.062465906685782713e+01
7.200176666666666985e+09,-1.960413453036835563e-02,-3.064552112124864180e+01
7.200240000000000000e+09,1.566120667781945031e-02,-3.063413096785520651e+01
7.200303333333333015e+09,-1.814837908784028286e-02,-3.069181574143562230e+01
7.200366666666666985e+09,9.758081283447239684e-03,-3.068778446887909084e+01
7.200430000000000000e+09,5.752270625482225341e-03,-3.071566546735180836e+01
7.200493333333333015e+09,-6.435105173974164927e-03,-3.075172803096602081e+01
7.200556666666666985e+09,2.080569631822015708e-03,-3.076708754397531465e+01
7.200620000000000000e+09,-5.660973120701129346e-03,-3.079870427454225990e+01
7.200683333333333015e+09,2.531628576419464594e-02,-3.079160220347211663e+01
7.200746666666666985e+09,-9.304591231227732351e-03,-3.085009826828262902e+01
7.200810000000000000e+09,-3.867732160158610100e-02,-3.090334618646740950e+01
7.200873333333333015e+09,1.440052855072337934e-02,-3.087414352412985608e+01
7.200936666666666985e+09,-3.377561186709243657e-02,-3.094619485236275835e+01
7.201000000000000000e+09,1.576553161992677587e-03,-3.093471787514809535e+01
7.201063333333333015e+09,-3.021526790863759970e-03,-3.096319114291570784e+01
7.201126666666666985e+09,-6.098138562929733553e-03,-3.099014294250286028e+01
7.201190000000000000e+09,1.766143887003579493e-02,-3.099025855288465081e+01
7.201253333333333015e+09,-2.167611134401781214e-02,-3.105347129091312652e+01
7.201316666666666985e+09,-8.912287901488014086e-03,-3.106458265528568674e+01
7.201380000000000000e+09,1.572481629209931953e-02,-3.106382073890685191e+01
7.201443333333333015e+09,-1.596436366613573909e-02,-3.111938510667950908e+01
7.201506666666666985e+09,2.340773031879095356e-02,-3.110388820050967240e+01
7.201570000000000000e+09,-2.308748557964790393e-02,-3.117425860422286732e+01
7.201633333333333015e+09,2.284838099484431950e-03,-3.117276146835815354e+01
7.201696666666666985e+09,1.702400537691772797e-02,-3.118189748889581026e+01
7.201760000000000000e+09,-2.383169605927903945e-02,-3.124662837814676308e+01
7.201823333333333015e+09,7.580581051779944346e-03,-3.123909128885012265e+01
7.201886666666666985e+09,-9.879298007597014930e-03,-3.128042635572458963e+01
7.201950000000000000e+09,1.177228973645583210e-02,-3.128264995579529284e+01
7.202013333333333015e+09,-5.516189520741576757e-02,-3.137345932855391695e+01
7.202076666666666985e+09,-3.672240528551640182e-04,-3.134253984521411240e+01
7.202140000000000000e+09,-7.912386498126977585e-03,-3.137396019547414028e+01
7.202203333333333015e+09,-2.450056398364353072e-02,-3.141442356077440934e+01
7.202266666666666985e+09,-3.198281569325445162e-04,-3.141411801276245441e+01
7.202330000000000000e+09,8.174335791704123722e-03,-3.142949903662857380e+01
7.202393333333333015e+09,-2.227299994199682942e-03,-3.146377586022923012e+01
7.202456666666666985e+09,-1.155498796402554262e-02,-3.149697873601414955e+01
7.202520000000000000e+09,5.131197600043435614e-03,-3.150416773826449912e+01
7.202583333333333015e+09,-1.566493479663932931e-02,-3.154883905847593795e+01
7.202646666666666985e+09,-1.056585577522639596e-03,-3.155810589707191127e+01
7.202710000000000000e+09,-4.435678187174829645e-03,-3.158536017749598201e+01
7.202773333333333015e+09,-1.041911465331324393e-02,-3.161521880177687649e+01
7.202836666666666985e+09,-2.878671049749215172e-02,-3.165746158543614541e+01
7.202900000000000000e+09,-1.267200546964630803e-02,-3.166522206822271812e+01
7.202963333333333015e+09,-1.615359805958860306e-02,-3.169257884862741648e+01
7.203026666666666985e+09,-4.936877583951115867e-03,-3.170523731596686901e+01
7.203090000000000000e+09,-3.815426701389768027e-02,-3.176232989321156808e+01
7.203153333333333015e+09,-2.051871628243517875e-02,-3.176856953029452768e+01
7.203216666666666985e+09,-3.187081915440259650e-02,-3.180379682098158511e+01
7.203280000000000000e+09,1.426545006976098762e-02,-3.178153573957217759e+01
7.203343333333333015e+09,-1.727006431807254216e-02,-3.183694644177442967e+01
7.203406666666666985e+09,-2.962117690150378735e-02,-3.187317274217295093e+01
7.203470000000000000e+09,1.027518625070200642e-02,-3.185715156683550120e+01
7.203533333333333015e+09,-3.506440129488552770e-02,-3.192636634219550729e+01
7.203596666666666985e+09,-2.330296508028339986e-02,-3.193848009379599517e+01
7.203660000000000000e+09,-4.951016979745048729e-02,-3.198856248632791832e+01
7.203723333333333015e+09,-1.253079945707469278e-02,-3.197545830380196108e+01
7.203786666666666985e+09,2.028592188708699950e-02,-3.196651677027288940e+01
7.203850000000000000e+09,-2.788807515537428117e-02,-3.203856595513011030e+01
7.203913333333333015e+09,-1.457561806610385702e-02,-3.204912868585559238e+01
7.203976666666666985e+09,-9.903230143926577966e-03,-3.206833148574816761e+01
7.204040000000000000e+09,-1.858944323167577295e-03,-3.208416238774216112e+01
7.204103333333333015e+09,-2.892357991201777168e-02,-3.213510221114577092e+01
7.204166666666666985e+09,-5.575634789789063461e-02,-3.218581016694639629e+01
7.204230000000000000e+09,-4.208473316153060750e-02,-3.219601374002479588e+01
7.204293333333333015e+09,-4.862947618756408019e-02,-3.222643367086558186e+01
7.204356666666666985e+09,-6.425505849545487536e-02,-3.226593444098856622e+01
7.204420000000000000e+09,-4.163965698371896451e-02,-3.226719422729124886e+01
7.204483333333333015e+09,-4.468897835339902258e-02,-3.229411873647568143e+01
7.204546666666666985e+09,-2.029799968173051639e-02,-3.229360294561909939e+01
7.204610000000000000e+09,-4.267344101778292043e-02,-3.233985357476957745e+01
7.204673333333333015e+09,-4.539666901626304707e-02,-3.236645199058281008e+01
7.204736666666666985e+09,-2.896685285250555353e-02,-3.237389736223414616e+01
7.204800000000000000e+09,-1.303889349769349337e-02,-3.238184459069375265e+01
7.204863333333333015e+09,-4.122433453736107367e-02,-3.243390521954817274e+01
7.204926666666666985e+09,-9.962318499992051102e-02,-3.251617925782582574e+01
7.204990000000000000e+09,-4.745571401264214728e-02,-3.248788697465296593e+01
7.205053333333333015e+09,-3.903556748739589466e-02,-3.250334201594247219e+01
7.205116666666666985e+09,-5.522032084473948998e-02,-3.254340195711490935e+01
7.205180000000000000e+09,-7.011735883620673349e-02,-3.258217418292112910e+01
7.205243333333333015e+09,-5.293305422161864726e-02,-3.258886506612095957e+01
7.205306666666666985e+09,-6.787207204409639871e-02,-3.262767927175853089e+01
7.205370000000000000e+09,-5.305847868593360772e-02,-3.263674086621512060e+01
7.205433333333333015e+09,-6.985442343270165111e-02,-3.267741199877630720e+01
7.205496666666666985e+09,-1.004043188365244532e-01,-3.273183708199522357e+01
7.205560000000000000e+09,-6.724148438026134045e-02,-3.272254943535371297e+01
7.205623333333333015e+09,-1.207592709109945872e-01,-3.279994240969886476e+01
7.205686666666666985e+09,-1.097893385170323199e-01,-3.281284766511999607e+01
7.205750000000000000e+09,-9.342347192276889700e-02,-3.282035698634048515e+01
7.205813333333333015e+09,-1.212663275395726714e-01,-3.287207502977204854e+01
7.205876666666666985e+09,-8.439320063966704311e-02,-3.285907709068689542e+01
7.205940000000000000e+09,-1.067810000226643297e-01,-3.290534007788464521e+01
7.206003333333333015e+09,-1.406415725910221681e-01,-3.296307583826776266e+01
7.206066666666666985e+09,-1.346256818023050528e-01,-3.298093513529379806e+01
7.206130000000000000e+09,-1.673164380592027101e-01,-3.303750107936544822e+01
7.206193333333333015e+09,-1.275809279990411937e-01,-3.302164075712004632e+01
7.206256666666666985e+09,-1.278674081109514304e-01,-3.304580242504704302e+01
7.206320000000000000e+09,-2.574187153562874641e-01,-3.319922892010679760e+01
7.206383333333333015e+09,-2.695969693966446812e-01,-3.323528236196191443e+01
7.206446666666666985e+09,3.390638790599993513e-01,-3.265049670132035686e+01
7.206510000000000000e+09,4.055929929156292246e-01,-3.260784277527914554e+01
7.206573333333333015e+09,3.430436872109225988e-01,-3.269426726879861178e+01
7.206636666666666985e+09,2.298602383929235771e-01,-3.283132590543169727e+01
7.206700000000000000e+09,2.032989464963961268e-01,-3.288176238514264327e+01
7.206763333333333015e+09,1.703385042889351553e-01,-3.293859801516486385e+01
7.206826666666666985e+09,1.530991040253866231e-01,-3.297971260324349885e+01
7.206890000000000000e+09,1.575004042807819360e-01,-3.299918649080252919e+01
7.206953333333333015e+09,1.337642587967877716e-01,-3.304679782410127586e+01
7.207016666666666985e+09,1.250707115901121824e-01,-3.307936655912303792e+01
7.207080000000000000e+09,9.031503187750899997e-02,-3.313799742665040071e+01
7.207143333333333015e+09,6.386266894751457812e-02,-3.318832497739481369e+01
7.207206666666666985e+09,9.198418397514984690e-02,-3.318407865018226488e+01
7.207270000000000000e+09,5.154482991364517375e-02,-3.324839319205852917e+01
7.207333333333333015e+09,7.567481354478644562e-02,-3.324813839624180645e+01
7.207396666666666985e+09,9.691608969257003992e-02,-3.325077230790910932e+01
7.207460000000000000e+09,5.421088395241469016e-02,-3.331735270146402428e+01
7.207523333333333015e+09,5.053806084510625851e-02,-3.334490071238575126e+01
7.207586666666666985e+09,2.990611699137701862e-02,-3.338940784405456697e+01
7.207650000000000000e+09,6.628535137942037636e-02,-3.337690379748128322e+01
7.207713333333333015e+09,5.569878429046326573e-02,-3.341136555238499284e+01
7.207776666666666985e+09,6.073815086467959645e-02,-3.343020137362553612e+01
7.207840000000000000e+09,5.699458643420740600e-02,-3.345782012587076082e+01
7.207903333333333015e+09,4.397230731770918055e-02,-3.349471759280201155e+01
7.207966666666666985e+09,5.360971858188179340e-02,-3.350895536935259855e+01
7.208030000000000000e+09,4.232768098958672454e-02,-3.354411259475964613e+01
7.208093333333333015e+09,4.750867914950873683e-02,-3.356280678441447662e+01
7.208156666666666985e+09,7.943461544545016295e-02,-3.355475603593329481e+01
7.208220000000000000e+09,1.634791100691757038e-02,-3.364171792818657991e+01
7.208283333333333015e+09,2.908476186966169053e-02,-3.365285626513858830e+01
7.208346666666666985e+09,1.109100401325946450e-02,-3.369472521081008409e+01
7.208410000000000000e+09,4.867628896396070104e-02,-3.368101511367380141e+01
7.208473333333333015e+09,3.920256128475330115e-02,-3.371436402916776132e+01
7.208536666666666985e+09,4.625351681715272889e-02,-3.373118826145045546e+01
7.208600000000000000e+09,1.855947951976588683e-02,-3.378275748656226085e+01
7.208663333333333015e+09,3.926128182559551760e-02,-3.378593087207118373e+01
7.208726666666666985e+09,2.060725410802177748e-02,-3.382846008760385104e+01
7.208790000000000000e+09,4.752072100996684867e-02,-3.382542180851632452e+01
7.208853333333333015e+09,1.787090437193228354e-02,-3.387894681296911870e+01
7.208916666666666985e+09,3.750051755645955609e-02,-3.388319238759967789e+01
7.208980000000000000e+09,2.703080236286581339e-02,-3.391753729060802414e+01
7.209043333333333015e+09,3.709670008598919821e-02,-3.393134658069932641e+01
7.209106666666666985e+09,5.459184376748282830e-02,-3.393772662483291924e+01
7.209170000000000000e+09,3.591786368054528111e-02,-3.398027579273460930e+01
7.209233333333333015e+09,2.624167745405259211e-02,-3.401382716677552764e+01
7.209296666666666985e+09,5.313222350189761300e-02,-3.401081180854276909e+01
7.209360000000000000e+09,3.636248451234536105e-02,-3.405145673534708095e+01
7.209423333333333015e+09,4.010876859040024556e-02,-3.407158563908344462e+01
7.209486666666666985e+09,4.100010227841011101e-02,-3.409456949321052122e+01
7.209550000000000000e+09,1.176733576862432074e-02,-3.414767744753505951e+01
7.209613333333333015e+09,5.276309259627964821e-03,-3.417804366185881548e+01
7.209676666666666985e+09,3.639680418476132218e-02,-3.417079835474843463e+01
7.209740000000000000e+09,2.158456683041265478e-02,-3.420948577991754291e+01
7.209803333333333015e+09,7.134166396831176371e-03,-3.424781136816587690e+01
7.209866666666666985e+09,2.203135816841950145e-02,-3.425678936420904108e+01
7.209930000000000000e+09,9.480708529402193108e-03,-3.429321520166281800e+01
7.209993333333333015e+09,4.247724144598663543e-02,-3.428409385656098607e+01
7.210056666666666985e+09,4.001814642116841014e-02,-3.431042813940055680e+01
7.210120000000000000e+09,1.508503317340625927e-02,-3.435923644046307857e+01
7.210183333333333015e+09,5.066073662808889821e-02,-3.434753592482314843e+01
7.210246666666666985e+09,1.587718599070342407e-02,-3.440619466327562748e+01
7.210310000000000000e+09,2.554778772548615962e-02,-3.442039924935526329e+01
7.210373333333333015e+09,3.300910689751646032e-02,-3.443681311799798550e+01
7.210436666666666985e+09,1.769495875699078624e-02,-3.447600245395360474e+01
7.210500000000000000e+09,6.397592598062828984e-03,-3.451117500792695125e+01
7.210563333333333015e+09,2.213382641681960195e-02,-3.451931396192294699e+01
7.210626666666666985e+09,2.397701195314994038e-02,-3.454134596420171022e+01
7.210690000000000000e+09,4.437655808345652986e-03,-3.458476050816093306e+01
7.210753333333333015e+09,-3.552300444127354240e-04,-3.461342858182844395e+01
7.210816666666666985e+09,-2.176997831710991704e-03,-3.463912553743083578e+01
7.210880000000000000e+09,5.950935621602582160e-02,-3.460131437119785147e+01
7.210943333333333015e+09,3.145264247118007006e-02,-3.465324627275711578e+01
7.211006666666666985e+09,4.958610304691291049e-02,-3.465898799999647650e+01
7.211070000000000000e+09,2.177888794636828607e-02,-3.471067040291177364e+01
7.211133333333333015e+09,-1.828714276700793562e-02,-3.477461162143956841e+01
7.211196666666666985e+09,7.304282890058289013e-02,-3.470715683758707115e+01
7.211260000000000000e+09,1.210669303860356649e-02,-3.479196816126380298e+01
7.211323333333333015e+09,4.943792544617053863e-02,-3.477851211667065456e+01
7.211386666666666985e+09,3.725801886189117340e-02,-3.481456721107002750e+01
7.211450000000000000e+09,1.525294176339286878e-02,-3.486044747598327831e+01
7.211513333333333015e+09,1.074572393021355765e-02,-3.488882988163121013e+01
7.211576666666666985e+09,3.989277982839922743e-02,-3.488355801354778407e+01
7.211640000000000000e+09,2.731382862797460120e-02,-3.492001215256296121e+01
7.211703333333333015e+09,1.201329880693435825e-02,-3.495918787019876106e+01
7.211766666666666985e+09,3.571287472356488024e-02,-3.495936348209688305e+01
7.211830000000000000e+09,2.771560861278032917e-02,-3.499123593602242011e+01
7.211893333333333015e+09,8.404280677375197683e-03,-3.503442245177258485e+01
7.211956666666666985e+09,2.864452711099829685e-02,-3.503805739315371426e+01
7.212020000000000000e+09,-3.379471661396848958e-03,-3.509395657974086191e+01
7.212083333333333015e+09,5.087182701956294295e-03,-3.510936511319226838e+01
7.212146666666666985e+09,2.081472048892862858e-03,-3.513624601166041828e+01
7.212210000000000000e+09,4.072814772683841511e-03,-3.515812985675104585e+01
7.212273333333333015e+09,-2.966298991211147040e-03,-3.518904415832970045e+01
7.212336666666666985e+09,3.410182602474520763e-02,-3.517585122112883056e+01
7.212400000000000000e+09,2.101184721901461216e-02,-3.521281638774897971e+01
7.212463333333333015e+09,2.237047868122488126e-02,-3.523533294410152905e+01
7.212526666666666985e+09,1.297068463010475625e-02,-3.526860792596773564e+01
7.212590000000000000e+09,3.810380998069007319e-02,-3.526734998843156887e+01
7.212653333333333015e+09,4.145904434430036645e-02,-3.528786994188271819e+01
7.212716666666666985e+09,2.660142350298144720e-02,-3.532660275053912358e+01
7.212780000000000000e+09,2.875125960900959399e-02,-3.534832810224785504e+01
7.212843333333333015e+09,4.857999020673275936e-02,-3.535237455946455043e+01
7.212906666666666985e+09,1.236789297011142708e-02,-3.541246184451625822e+01
7.212970000000000000e+09,2.591779980470931832e-02,-3.542278712549641995e+01
7.213033333333333015e+09,5.065706583953044628e-02,-3.542192304727601737e+01
7.213096666666666985e+09,4.145155181446114057e-02,-3.545500374911617314e+01
7.213160000000000000e+09,4.469999887232489755e-02,-3.547563048987306900e+01
7.213223333333333015e+09,3.122270045424357932e-02,-3.551298297610556887e+01
7.213286666666666985e+09,6.489587238051086615e-02,-3.550318499199439515e+01
7.213350000000000000e+09,4.992430586104745771e-02,-3.554203174632861106e+01
7.213413333333333015e+09,6.523649194912906069e-02,-3.555059474805528197e+01
7.213476666666666985e+09,1.366508225355289596e-02,-3.562604134556561775e+01
7.213540000000000000e+09,3.203471898768128767e-02,-3.563154689664624186e+01
7.213603333333333015e+09,-1.748354231276749715e-02,-3.570494034576144315e+01
7.213666666666666985e+09,-2.983610775289946559e-02,-3.574116809901633474e+01
7.213730000000000000e+09,1.528931570952352104e-02,-3.571991786336866426e+01
7.213793333333333015e+09,3.173454855441093514e-02,-3.572734781833852935e+01
7.213856666666666985e+09,3.874201979687086350e-02,-3.574421553491082904e+01
7.213920000000000000e+09,9.782136870214230839e-03,-3.579705060565223818e+01
7.213983333333333015e+09,3.117785202524459010e-02,-3.579953007831196032e+01
7.214046666666666985e+09,1.412180649711558544e-02,-3.584046131165518290e+01
7.214110000000000000e+09,2.995493086054068499e-02,-3.584850337510617635e+01
7.214173333333333015e+09,2.589639647851527116e-03,-3.589974385413361802e+01
7.214236666666666985e+09,1.752957308340796772e-02,-3.590867910851315514e+01
7.214300000000000000e+09,2.588874056467460605e-02,-3.592419512884630706e+01
7.214363333333333015e+09,3.894383845930349253e-02,-3.593501521876643778e+01
7.214426666666666985e+09,2.406612596146828764e-02,-3.597376811907935945e+01
7.214490000000000000e+09,4.147766162013510893e-02,-3.598023177123511118e+01
7.214553333333333015e+09,2.420102694338766014e-02,-3.602138359372661114e+01
7.214616666666666985e+09,2.269918712352136936e-02,-3.604676062136157100e+01
7.214680000000000000e+09,3.101533917030252496e-02,-3.606231965712954235e+01
7.214743333333333015e+09,3.666945777816010832e-02,-3.608054072633611042e+01
7.214806666666666985e+09,9.994947244614138526e-03,-3.613109042468474286e+01
7.214870000000000000e+09,2.078038883763611011e-02,-3.614418017090647339e+01
7.214933333333333015e+09,2.900821875120129789e-02,-3.615982752880733386e+01
7.214996666666666985e+09,1.048256940679692661e-02,-3.620222836596682470e+01
7.215060000000000000e+09,4.409813804763018652e-03,-3.623217630938361111e+01
7.215123333333333015e+09,5.747650036656892780e-02,-3.620298481063623086e+01
7.215186666666666985e+09,1.664028573821951795e-02,-3.626769621307966673e+01
7.215250000000000000e+09,4.858166067157299040e-02,-3.625963002596107287e+01
7.215313333333333015e+09,6.188922765218762834e-03,-3.632589795168184565e+01
7.215376666666666985e+09,6.652800420773274936e-02,-3.628943405805441813e+01
7.215440000000000000e+09,3.389735272875782357e-03,-3.637644751480403471e+01
7.215503333333333015e+09,2.918912335552192872e-02,-3.637452331453614107e+01
7.215566666666666985e+09,5.005637216129343869e-02,-3.637753125354512207e+01
7.215630000000000000e+09,3.220704245612893146e-02,-3.641925577106504619e+01
7.215693333333333015e+09,4.158185335323594245e-02,-3.643375614798269169e+01
7.215756666666666985e+09,2.980695470078842391e-03,-3.649623249368060129e+01
7.215820000000000000e+09,4.787312247812280930e-02,-3.647521525448731694e+01
7.215883333333333015e+09,2.327488517615705632e-02,-3.652368867960403520e+01
7.215946666666666985e+09,5.162208868561890540e-03,-3.656567654372671683e+01
7.216010000000000000e+09,1.702129683045683350e-02,-3.657769264357924754e+01
7.216073333333333015e+09,5.239383612646264510e-02,-3.656619529209799424e+01
7.216136666666666985e+09,4.250775284111085739e-02,-3.659995656319843960e+01
7.216200000000000000e+09,2.680976626411535335e-02,-3.663952973758985365e+01
7.216263333333333015e+09,4.100064233444555839e-02,-3.664921404933427596e+01
7.216326666666666985e+09,1.304131757339632713e-02,-3.670104856191041875e+01
7.216390000000000000e+09,1.642634866463055232e-02,-3.672153871863360308e+01
7.216453333333333015e+09,3.594058875524552832e-02,-3.672589966635774061e+01
7.216516666666666985e+09,1.610283796470213247e-02,-3.676961260496337758e+01
7.216580000000000000e+09,4.945017213113800381e-02,-3.676014045861169421e+01
7.216643333333333015e+09,2.916282157077176862e-02,-3.680430299698647900e+01
7.216706666666666985e+09,1.505612301675540721e-02,-3.684228488335558893e+01
7.216770000000000000e+09,4.583555174126274778e-02,-3.683538064244583410e+01
7.216833333333333015e+09,2.470774996421454262e-02,-3.688038363203730086e+01
7.216896666666666985e+09,6.376652494866164034e-02,-3.686520004486794733e+01
7.216960000000000000e+09,3.993284773456196035e-02,-3.691290890989679951e+01
7.217023333333333015e+09,5.586842104142419885e-02,-3.692084852440435583e+01
7.217086666666666985e+09,-1.674269873450384694e-02,-3.701733483199537744e+01
7.217150000000000000e+09,3.202236418297133014e-02,-3.699244495689265477e+01
7.217213333333333015e+09,3.099365838343715041e-02,-3.701734885050660750e+01
7.217276666666666985e+09,4.482054850667793744e-02,-3.702739714819846029e+01
7.217340000000000000e+09,2.987984736417104159e-02,-3.706621303715571969e+01
7.217403333333333015e+09,3.911424509706051822e-02,-3.708085382723758983e+01
7.217466666666666985e+09,2.877640381312573936e-02,-3.711506685633627711e+01
7.217530000000000000e+09,3.535428738759094358e-02,-3.713236416057656442e+01
7.217593333333333015e+09,2.353747742847644986e-02,-3.716805615835043852e+01
7.217656666666666985e+09,3.447432266582239890e-02,-3.718099450092784508e+01
7.217720000000000000e+09,3.636048733093844021e-02,-3.720298352407748155e+01
7.217783333333333015e+09,2.158341437449706746e-02,-3.724163578484868253e+01
7.217846666666666985e+09,4.216008560227635371e-02,-3.724493430143598971e+01
7.217910000000000000e+09,5.248063747060882633e-02,-3.725848893738207579e+01
7.217973333333333015e+09,1.569477841982802602e-03,-3.733327528482546143e+01
7.218036666666666985e+09,5.472993322923969117e-02,-3.730399001725329100e+01
7.218100000000000000e+09,2.870345007688257510e-02,-3.735389168822006667e+01
7.218163333333333015e+09,2.482123834696636777e-02,-3.738164908776474249e+01
7.218226666666666985e+09,1.507329735047591157e-02,-3.741527221657631941e+01
7.218290000000000000e+09,4.231113359310256783e-02,-3.741190956814811841e+01
7.218353333333333015e+09,5.430669498815632323e-02,-3.742378919456781716e+01
7.218416666666666985e+09,4.961198844910796879e-02,-3.745235908892195198e+01
7.218480000000000000e+09,3.375517590033894066e-02,-3.749209108928514667e+01
7.218543333333333015e+09,1.856700142361944472e-02,-3.753115445157661867e+01
7.218606666666666985e+09,4.252550973421165281e-02,-3.753107113108111292e+01
7.218670000000000000e+09,3.094025393789934242e-02,-3.756653157469218485e+01
7.218733333333333015e+09,4.782076466769069611e-02,-3.757352625177681205e+01
7.218796666666666985e+09,4.063598136185930798e-02,-3.760458622289772990e+01
7.218860000000000000e+09,3.860643815207254193e-02,-3.763049095392227628e+01
7.218923333333333015e+09,4.501365674669699501e-02,-3.764795892314207038e+01
7.218986666666666985e+09,4.795708971979451007e-02,-3.766889067798405932e+01
7.219050000000000000e+09,-8.684997836923002978e-04,-3.774159145530230575e+01
7.219113333333333015e+09,4.446771706338381591e-02,-3.772013042626964818e+01
7.219176666666666985e+09,2.987445270958488663e-02,-3.775859887843854068e+01
7.219240000000000000e+09,4.927351721686790142e-02,-3.776307500174601017e+01
7.219303333333333015e+09,1.328676139936391110e-02,-3.782293694537826667e+01
7.219366666666666985e+09,6.944748512877652047e-02,-3.779065140946361367e+01
7.219430000000000000e+09,3.237335715139266767e-02,-3.785160072525575004e+01
7.219493333333333015e+09,2.750758204402359297e-02,-3.788034168817787162e+01
7.219556666666666985e+09,2.361893152263405682e-02,-3.790810552651402077e+01
7.219620000000000000e+09,3.484750217093335323e-02,-3.792075214368047398e+01
7.219683333333333015e+09,4.459396818221961212e-02,-3.793488086548394023e+01
7.219746666666666985e+09,2.627493072806430519e-02,-3.797707509075318910e+01
7.219810000000000000e+09,2.235432984192442518e-02,-3.800487087945374753e+01
7.219873333333333015e+09,1.547280633531045169e-02,-3.803562759077511402e+01
7.219936666666666985e+09,8.359615284355470521e-03,-3.806661596964116256e+01
7.220000000000000000e+09,3.431320207916144227e-03,-3.809541945253202044e+01
7.220063333333333015e+09,3.909694036901356640e-02,-3.808362902018567553e+01
7.220126666666666985e+09,6.587623278576870689e-03,-3.814001352509120579e+01
7.220190000000000000e+09,2.192446671459435947e-02,-3.814855186946960686e+01
7.220253333333333015e+09,1.244701960914795791e-02,-3.818190450438981287e+01
7.220316666666666985e+09,2.594057844068231589e-02,-3.819228613337336498e+01
7.220380000000000000e+09,3.088310996020027233e-02,-3.821121878966826557e+01
7.220443333333333015e+09,7.684734316050878533e-03,-3.825829235312717458e+01
7.220506666666666985e+09,2.719877800041814453e-02,-3.826265349725789378e+01
7.220570000000000000e+09,-2.949340420428825382e-03,-3.831667680349349325e+01
7.220633333333333015e+09,4.534605849735129368e-02,-3.829225659239013879e+01
7.220696666666666985e+09,2.811971835777171691e-02,-3.833335812034480483e+01
7.220760000000000000e+09,2.988738886465824862e-02,-3.835546563765267081e+01
7.220823333333333015e+09,5.174066567438018183e-02,-3.835748754865737453e+01
7.220886666666666985e+09,3.352588976036940949e-02,-3.839957751238647177e+01
7.220950000000000000e+09,2.063956988009607585e-02,-3.843633902008150471e+01
7.221013333333333015e+09,3.276455975638725704e-02,-3.844808921801963209e+01
7.221076666666666985e+09,3.056016426727836688e-02,-3.847416880132382744e+01
7.221140000000000000e+09,-6.251643405377649287e-03,-3.853485579681124307e+01
7.221203333333333015e+09,1.157129107816246005e-02,-3.854090805014245547e+01
7.221266666666666985e+09,7.504186972894899554e-03,-3.856885034206247553e+01
7.221330000000000000e+09,1.066063566148045538e-02,-3.858956908118864959e+01
7.221393333333333015e+09,2.127480957730654154e-02,-3.860283009508757601e+01
7.221456666666666985e+09,7.100350654896914193e-02,-3.857697658593066592e+01
7.221520000000000000e+09,9.504106498354758514e-03,-3.866235117379603992e+01
7.221583333333333015e+09,2.877559656080563855e-02,-3.866695487154834154e+01
7.221646666666666985e+09,2.620177171871063138e-02,-3.869340388420518906e+01
7.221710000000000000e+09,1.981233676141158639e-02,-3.872366850697724772e+01
7.221773333333333015e+09,2.821959462303169630e-02,-3.873913643693038011e+01
7.221836666666666985e+09,1.483859476184790083e-02,-3.877639262460665748e+01
7.221900000000000000e+09,3.152209618483681197e-02,-3.878358431099808712e+01
7.221963333333333015e+09,3.177876722776318275e-02,-3.880720282776991326e+01
7.222026666666666985e+09,2.809341999933678835e-02,-3.883476336281343322e+01
7.222090000000000000e+09,2.963326673868493799e-02,-3.885709870388850362e+01
7.222153333333333015e+09,-5.599313229801339276e-03,-3.891620647167174241e+01
7.222216666666666985e+09,3.020118495615520260e-02,-3.890428116130087943e+01
7.222280000000000000e+09,2.364610875805084333e-02,-3.893471142531340234e+01
7.222343333333333015e+09,2.340166393347686835e-02,-3.895883105795272883e+01
7.222406666666666985e+09,1.706834212719599009e-02,-3.898903956757410327e+01
7.222470000000000000e+09,2.652718383373553479e-02,-3.900345591368231624e+01
7.222533333333333015e+09,3.413798258984712675e-02,-3.901972030274062320e+01
7.222596666666666985e+09,-7.722591851162974308e-03,-3.908545606499672687e+01
7.222660000000000000e+09,4.574786168870303982e-02,-3.905586079927161336e+01
7.222723333333333015e+09,2.300137244529310010e-02,-3.910248247632944185e+01
7.222786666666666985e+09,1.116517366804714584e-02,-3.913819386292178137e+01
7.222850000000000000e+09,2.299655347532336691e-02,-3.915023767092925766e+01
7.222913333333333015e+09,5.526515982097635060e-03,-3.919158289623690195e+01
7.222976666666666985e+09,1.095155270496661615e-02,-3.921003304732912653e+01
7.223040000000000000e+09,4.288449637650870727e-02,-3.920197529147233695e+01
7.223103333333333015e+09,1.069093849309155075e-02,-3.925804403717051372e+01
7.223166666666666985e+09,3.871121042270431190e-02,-3.925389895305565346e+01
7.223230000000000000e+09,1.756027693686945668e-02,-3.929892507435624083e+01
7.223293333333333015e+09,1.614238015209679133e-02,-3.932421815895577311e+01
7.223356666666666985e+09,7.842504513128290000e-03,-3.935639322240949411e+01
7.223420000000000000e+09,2.247885710968233752e-02,-3.936563205762769257e+01
7.223483333333333015e+09,-5.959240348424543754e-03,-3.941794534290055907e+01
7.223546666666666985e+09,-2.369631855138720766e-03,-3.943823092222202575e+01
7.223610000000000000e+09,4.158836489599337938e-02,-3.941814811328564616e+01
7.223673333333333015e+09,-1.358314566593321615e-02,-3.949719481166233237e+01
7.223736666666666985e+09,1.762036302109493136e-02,-3.948986649079039069e+01
7.223800000000000000e+09,-3.501210139467758609e-02,-3.956637414302058176e+01
7.223863333333333015e+09,1.045383867228366626e-02,-3.954478339076838012e+01
7.223926666666666985e+09,2.112530609802121262e-02,-3.955798711115772903e+01
7.223990000000000000e+09,1.628422725618605682e-02,-3.958670337781398274e+01
7.224053333333333015e+09,3.187816729384707060e-02,-3.959498462559108134e+01
7.224116666666666985e+09,2.649632902173948423e-02,-3.962424165167827539e+01
7.224180000000000000e+09,6.944327607200762031e-03,-3.966766884090723977e+01
7.224243333333333015e+09,5.314350111187593484e-02,-3.964534485521731710e+01
7.224306666666666985e+09,3.727704695049283146e-02,-3.968508649719378667e+01
7.224370000000000000e+09,6.633285591377102719e-03,-3.973960544636766201e+01
7.224433333333333015e+09,4.445355421946572960e-02,-3.972566036555399194e+01
7.224496666666666985e+09,1.774781423119264900e-02,-3.977624129335735148e+01
7.224560000000000000e+09,1.293694474600926014e-02,-3.980492735065729448e+01
7.224623333333333015e+09,1.787838755548420977e-02,-3.982386109566223809e+01
7.224686666666666985e+09,1.423743428876633743e-02,-3.985137723674404953e+01
7.224750000000000000e+09,1.042518943772563489e-02,-3.987906466940984274e+01
7.224813333333333015e+09,2.558949515652386708e-03,-3.991080609714633454e+01
7.224876666666666985e+09,1.883576719098556396e-02,-3.991840446728609493e+01
7.224940000000000000e+09,3.081775570630185257e-02,-3.993029766658553115e+01
7.225003333333333015e+09,1.445917972415600161e-02,-3.997053143038242951e+01
7.225066666666666985e+09,2.526124472502999652e-03,-4.000633967344884212e+01
7.225130000000000000e+09,6.116083811200212494e-03,-4.002662490192489742e+01
7.225193333333333015e+09,1.087469726276424353e-02,-4.004574147628808589e+01
7.225256666666666985e+09,2.561114669575204061e-02,-4.005488021466985771e+01
7.225320000000000000e+09,-3.366559050540729459e-03,-4.010773310823090299e+01
7.225383333333333015e+09,-2.736464274541106079e-02,-4.015560637974052582e+01
7.225446666666666985e+09,8.359277023757272218e-03,-4.014375764778611710e+01
7.225510000000000000e+09,1.897517001653170610e-02,-4.015701694260809518e+01
7.225573333333333015e+09,-9.853900046650210243e-03,-4.020972120048602960e+01
7.225636666666666985e+09,6.648242372995838423e-02,-4.015726006452451458e+01
7.225700000000000000e+09,2.813876788136582263e-02,-4.021947890818752569e+01
7.225763333333333015e+09,9.590663433698409790e-03,-4.026190220044995272e+01
7.225826666666666985e+09,3.363156087884533463e-02,-4.026173649081989225e+01
7.225890000000000000e+09,1.491176932560733803e-03,-4.031775206258059541e+01
7.225953333333333015e+09,3.063517126022219372e-02,-4.031248325606769356e+01
7.226016666666666985e+09,-3.545233085099397385e-02,-4.040244594599399619e+01
7.226080000000000000e+09,5.160501898450320368e-02,-4.033926378397291757e+01
7.226143333333333015e+09,7.660877501436402781e-04,-4.041397790302203674e+01
7.226206666666666985e+09,2.285362090113096656e-02,-4.041576555768613588e+01
7.226270000000000000e+09,3.031202824193002243e-02,-4.043218233816008933e+01
7.226333333333333015e+09,-2.377538432583747863e-02,-4.051014493854228249e+01
7.226396666666666985e+09,2.315750606582867022e-02,-4.048708723596570280e+01
7.226460000000000000e+09,4.005690485472968021e-02,-4.049406302499155430e+01
7.226523333333333015e+09,1.259547313028974713e-02,-4.054539964453041989e+01
7.226586666666666985e+09,-2.043813234103453169e-02,-4.060230843781683063e+01
7.226650000000000000e+09,1.262630721877400219e-02,-4.059311918607178171e+01
7.226713333333333015e+09,-1.010081027702369738e-02,-4.063972149138199796e+01
7.226776666666666985e+09,-4.523858169551431274e-02,-4.069873445061557504e+01
7.226840000000000000e+09,1.418478325006589102e-02,-4.066318627348475445e+01
7.226903333333333015e+09,-5.535855002420930759e-04,-4.070179983004981494e+01
7.226966666666666985e+09,-5.024750909896624762e-04,-4.072562390745531502e+01
7.227030000000000000e+09,-1.701861251709146927e-02,-4.076601523269617644e+01
7.227093333333333015e+09,3.905448290443302994e-02,-4.073381732508940445e+01
7.227156666666666985e+09,6.694015023789745555e-03,-4.079005298078480024e+01
7.227220000000000000e+09,1.243719141104548953e-02,-4.080818499221230411e+01
7.227283333333333015e+09,2.545955054267068363e-02,-4.081903782089543142e+01
7.227346666666666985e+09,2.512825667037787980e-02,-4.084324430258247673e+01
7.227410000000000000e+09,1.153211478253979294e-03,-4.089109453558936025e+01
7.227473333333333015e+09,2.508343401004253792e-03,-4.091361459148136248e+01
7.227536666666666985e+09,4.648309563741293005e-03,-4.093534981313371901e+01
7.227600000000000000e+09,-2.530226564730497785e-02,-4.098917557615918383e+01
7.227663333333333015e+09,-1.016653260549560400e-02,-4.099791503093212697e+01
7.227726666666666985e+09,6.451664328643857971e-03,-4.100517202181308107e+01
7.227790000000000000e+09,6.642432406167131376e-03,-4.102885644154997635e+01
7.227853333333333015e+09,4.026677729799388317e-02,-4.101910728447290211e+01
7.227916666666666985e+09,1.794067826772050012e-03,-4.108145518175921751e+01
7.227980000000000000e+09,7.388467552964073093e-03,-4.109973596984744404e+01
7.228043333333333015e+09,-5.013561315846004618e-02,-4.118113523837362067e+01
7.228106666666666985e+09,3.024857068253794523e-02,-4.112462624234771624e+01
7.228170000000000000e+09,-1.413179965337718613e-02,-4.119288180049838388e+01
7.228233333333333015e+09,-1.774072222438860535e-02,-4.122036591088381385e+01
7.228296666666666985e+09,1.347642454827990832e-02,-4.121302395192623891e+01
7.228360000000000000e+09,-3.916059466490651175e-03,-4.125429162375576198e+01
7.228423333333333015e+09,-3.625557035974225073e-03,-4.127787630913966410e+01
7.228486666666666985e+09,-3.585333796252143657e-02,-4.133397927788130488e+01
7.228550000000000000e+09,1.702605557283476401e-02,-4.130497507216070119e+01
7.228613333333333015e+09,-2.289690162322699507e-02,-4.136877321717118150e+01
7.228676666666666985e+09,-4.651010106975661529e-02,-4.141626160443280469e+01
7.228740000000000000e+09,-2.939383273377416117e-02,-4.142302052391157474e+01
7.228803333333333015e+09,-4.867473045827352962e-03,-4.142236935203805359e+01
7.228866666666666985e+09,-2.346094354985694963e-02,-4.146483801035716965e+01
7.228930000000000000e+09,-1.724258751288232361e-02,-4.148249484213494753e+01
7.228993333333333015e+09,-2.420049525650824762e-02,-4.151332793769333307e+01
7.229056666666666985e+09,-1.788735544631947505e-02,-4.153088998569789680e+01
7.229120000000000000e+09,-2.277991210493013341e-02,-4.155965773017125997e+01
7.229183333333333015e+09,-3.736766178746364631e-02,-4.159812066766855310e+01
7.229246666666666985e+09,-3.981038401783365543e-02,-4.162443857771367561e+01
7.229310000000000000e+09,-4.721029805314458372e-02,-4.165571367956373905e+01
7.229373333333333015e+09,-7.329591590639950027e-02,-4.170567448523175358e+01
7.229436666666666985e+09,-6.979192464832806309e-02,-4.172604568178876860e+01
7.229500000000000000e+09,-9.614220709410403742e-02,-4.177627115204896313e+01
7.229563333333333015e+09,-8.936634589153413799e-02,-4.179337047866115284e+01
7.229626666666666985e+09,-6.534985875649823583e-02,-4.179322917934120341e+01
7.229690000000000000e+09,-1.450718358327804935e-01,-4.189682634423191132e+01
7.229753333333333015e+09,-1.263636443886397842e-01,-4.190199334060252312e+01
7.229816666666666985e+09,-1.530608478317390109e-01,-4.195256573186070881e+01
7.229880000000000000e+09,-1.666081882206142950e-01,-4.198998826006400975e+01
7.229943333333333015e+09,-2.400238248894268622e-01,-4.208727908454757483e+01
7.230006666666666985e+09,-2.221580671220806380e-01,-4.209328851459531506e+01
7.230070000000000000e+09,-2.091792641798093655e-01,-4.210418489946780340e+01
7.230133333333333015e+09,-3.066670793563872621e-01,-4.222554790245879985e+01
7.230196666666666985e+09,-3.959831833173410587e-01,-4.233873919423484011e+01
7.230260000000000000e+09,4.885601634207148436e-03,-4.196174559709805152e+01
7.230323333333333015e+09,6.152946165682990909e-01,-4.137521176997837813e+01
7.230386666666666985e+09,4.680455469426263448e-01,-4.154633602741913734e+01
7.230450000000000000e+09,3.398324902419886939e-01,-4.169842427193453460e+01
7.230513333333333015e+09,2.738345486093365366e-01,-4.178829740138160531e+01
7.230576666666666985e+09,2.647531843012060904e-01,-4.182125395350482933e+01
7.230640000000000000e+09,1.949271897206301674e-01,-4.191495513590015776e+01
7.230703333333333015e+09,2.032859867670779863e-01,-4.193047152666812849e+01
7.230766666666666985e+09,1.432280923479893886e-01,-4.201440460890231066e+01
7.230830000000000000e+09,1.635173768683912954e-01,-4.201799051219666126e+01
7.230893333333333015e+09,1.604226379113029566e-01,-4.204496043896850210e+01
7.230956666666666985e+09,1.179744173170931276e-01,-4.211128384737747155e+01
7.231020000000000000e+09,1.333541676560017208e-01,-4.211977928485331546e+01
7.231083333333333015e+09,1.415360052503871202e-01,-4.213547263507368257e+01
7.231146666666666985e+09,9.458020277580203583e-02,-4.220630362536302727e+01
7.231210000000000000e+09,1.230159805999448963e-01,-4.220174303535363691e+01
7.231273333333333015e+09,1.519669177911353586e-01,-4.219666728597719896e+01
7.231336666666666985e+09,9.322339734148243906e-02,-4.227928599424194545e+01
7.231400000000000000e+09,1.127678426507685572e-01,-4.228361673674707788e+01
7.231463333333333015e+09,9.983375134964944664e-02,-4.232042601586294950e+01
7.231526666666666985e+09,1.026456750533597528e-01,-4.234148927997433276e+01
7.231590000000000000e+09,9.443581433029635264e-02,-4.237357432851181471e+01
7.231653333333333015e+09,9.912738534615073149e-02,-4.239275794531071995e+01
7.231716666666666985e+09,1.031753255160907656e-01,-4.241258519295586638e+01
7.231780000000000000e+09,6.762969039944266569e-02,-4.247200601588693303e+01
7.231843333333333015e+09,8.802935449242710320e-02,-4.247548153960870820e+01
7.231906666666666985e+09,8.615600953410051943e-02,-4.250123007238212125e+01
7.231970000000000000e+09,1.010707594633046824e-01,-4.251019051026733564e+01
7.232033333333333015e+09,5.642184135805194956e-02,-4.257871461618734799e+01
7.232096666666666985e+09,7.303915327712928729e-02,-4.258597249208335711e+01
7.232160000000000000e+09,8.160977273920622110e-02,-4.260127706043603979e+01
7.232223333333333015e+09,8.965170532211175214e-02,-4.261711031566755281e+01
7.232286666666666985e+09,4.102059590972118031e-02,-4.268961661289502985e+01
7.232350000000000000e+09,8.456617128489796187e-02,-4.266994622533460557e+01
7.232413333333333015e+09,8.438280893730620846e-02,-4.269400477549662298e+01
7.232476666666666985e+09,4.929148718153442132e-02,-4.275297128506748123e+01
7.232540000000000000e+09,6.036982400980406283e-02,-4.276576813605397120e+01
7.232603333333333015e+09,8.327646771034125095e-02,-4.276673668016785257e+01
7.232666666666666985e+09,7.008257536363515783e-02,-4.280380576032964512e+01
7.232730000000000000e+09,9.754558868231555380e-02,-4.280021793482572434e+01
7.232793333333333015e+09,6.223765612341480846e-02,-4.285940105519937759e+01
7.232856666666666985e+09,1.049177752465624280e-01,-4.284059612389098248e+01
7.232920000000000000e+09,6.589954862612756870e-02,-4.290348953832617696e+01
7.232983333333333015e+09,9.538490083745188031e-02,-4.289787937392960515e+01
7.233046666666666985e+09,5.824983028334429491e-02,-4.295888963229846524e+01
7.233110000000000000e+09,6.973858995920778625e-02,-4.297127606043736137e+01
7.233173333333333015e+09,9.498364700662165205e-02,-4.296990619120470001e+01
7.233236666666666985e+09,7.561869601183701661e-02,-4.301314633001457821e+01
7.233300000000000000e+09,1.014056080918308567e-01,-4.301123460574900292e+01
7.233363333333333015e+09,9.254056790285147827e-02,-4.304397483375273481e+01
7.233426666666666985e+09,9.413491967750076128e-02,-4.306625566979317909e+01
7.233490000000000000e+09,6.853494259792825005e-02,-4.311573083468717016e+01
7.233553333333333015e+09,7.293997319809619739e-02,-4.313520099190175472e+01
7.233616666666666985e+09,3.196715549815820623e-02,-4.320004899741678628e+01
7.233680000000000000e+09,9.038062520557588186e-02,-4.316551071552378716e+01
7.233743333333333015e+09,6.908093812246107746e-02,-4.321068559042165447e+01
7.233806666666666985e+09,7.291370032987032346e-02,-4.323072801602933879e+01
7.233870000000000000e+09,5.155069679111079495e-02,-4.327596620738251687e+01
7.233933333333333015e+09,9.559797648861945163e-02,-4.325579411549976072e+01
7.233996666666666985e+09,6.920836501889482406e-02,-4.330605891478457892e+01
7.234060000000000000e+09,5.788930138659509339e-02,-4.334125316623163116e+01
7.234123333333333015e+09,4.186109688896522130e-02,-4.338115655854367958e+01
7.234186666666666985e+09,3.190411253208225162e-02,-4.341498873071565612e+01
7.234250000000000000e+09,8.079071942218263302e-02,-4.338997731164030824e+01
7.234313333333333015e+09,7.375436069724372601e-02,-4.342088885817966570e+01
7.234376666666666985e+09,1.057561366912125322e-01,-4.341276227000079047e+01
7.234440000000000000e+09,6.753811836035339411e-02,-4.347485547614640211e+01
7.234503333333333015e+09,7.485459919831072284e-02,-4.349141418312286334e+01
7.234566666666666985e+09,6.405372908419337818e-02,-4.352609024105207425e+01
7.234630000000000000e+09,5.103777399942543980e-02,-4.356298138395159469e+01
7.234693333333333015e+09,8.734064322588608320e-02,-4.355055370253989366e+01
7.234756666666666985e+09,2.839937660700542210e-02,-4.363337015697352683e+01
7.234820000000000000e+09,4.660787762625773212e-02,-4.363903684376902703e+01
7.234883333333333015e+09,7.115841624961660727e-02,-4.363836149296042777e+01
7.234946666666666985e+09,4.731970063617296773e-02,-4.368607539638862391e+01
7.235010000000000000e+09,3.594355939753057783e-02,-4.372132672544201881e+01
7.235073333333333015e+09,4.468542803281394526e-02,-4.373646004462149506e+01
7.235136666666666985e+09,7.544899256803461185e-02,-4.372957166790102690e+01
7.235200000000000000e+09,6.022141795202173853e-02,-4.376867443033179939e+01
7.235263333333333015e+09,7.169065621530990029e-02,-4.378108037988326373e+01
7.235326666666666985e+09,6.044409663681449274e-02,-4.381620212727684560e+01
7.235390000000000000e+09,7.859158760246032216e-02,-4.382192982412561832e+01
7.235453333333333015e+09,7.767342474511451655e-02,-4.384672317479772374e+01
7.235516666666666985e+09,6.981335842051805685e-02,-4.387845842893740667e+01
7.235580000000000000e+09,5.894725362592367901e-02,-4.391319972154642670e+01
7.235643333333333015e+09,4.330635817884598282e-02,-4.395271580480825691e+01
7.235706666666666985e+09,8.696983314001727194e-02,-4.393292751766217208e+01
7.235770000000000000e+09,8.815516687494096004e-02,-4.395561737174167405e+01
7.235833333333333015e+09,3.799816700691849292e-02,-4.402964955942444902e+01
7.235896666666666985e+09,4.387096117613964452e-02,-4.404765195307031433e+01
7.235960000000000000e+09,1.039494929137916301e-01,-4.401144860914742196e+01
7.236023333333333015e+09,5.576891156817964657e-02,-4.408350437830745250e+01
7.236086666666666985e+09,6.647016220310320023e-02,-4.409667831548762251e+01
7.236150000000000000e+09,2.250015315323850018e-02,-4.416452351235223972e+01
7.236213333333333015e+09,5.673903571129557122e-02,-4.415415981760860120e+01
7.236276666666666985e+09,3.043691413698468295e-02,-4.420433712699800566e+01
7.236340000000000000e+09,8.069915862868271006e-02,-4.417795007032106014e+01
7.236403333333333015e+09,7.112478564843627282e-02,-4.421139963111572513e+01
7.236466666666666985e+09,8.085654584579771154e-02,-4.422554305873345726e+01
7.236530000000000000e+09,5.770575588420712165e-02,-4.427256903650980036e+01
7.236593333333333015e+09,7.196781985564371098e-02,-4.428218216035311627e+01
7.236656666666666985e+09,3.952614018366773507e-02,-4.433849902783985186e+01
7.236720000000000000e+09,4.832241301838280378e-02,-4.435357794281988930e+01
7.236783333333333015e+09,3.726115938529517280e-02,-4.438851438426772944e+01
7.236846666666666985e+09,7.585205725300880886e-02,-4.437379867421477542e+01
7.236910000000000000e+09,5.660608683373880012e-02,-4.441691983244879793e+01
7.236973333333333015e+09,6.585974810347039465e-02,-4.443154135899381885e+01
7.237036666666666985e+09,5.869405668553184796e-02,-4.446258223822651701e+01
7.237100000000000000e+09,5.572250553253610406e-02,-4.448942897719426526e+01
7.237163333333333015e+09,7.129564121677134381e-02,-4.449773102932478963e+01
7.237226666666666985e+09,3.710291891827921518e-02,-4.455579893943836822e+01
7.237290000000000000e+09,3.907011897945977807e-02,-4.457770692719160621e+01
7.237353333333333015e+09,7.931245626036087515e-02,-4.456133977772545762e+01
7.237416666666666985e+09,5.335182932996929139e-02,-4.461117559247094277e+01
7.237480000000000000e+09,3.669932763212102600e-02,-4.465170328198320959e+01
7.237543333333333015e+09,5.900648473746628042e-02,-4.465327131269262395e+01
7.237606666666666985e+09,4.055436240878407261e-02,-4.469559862283639262e+01
7.237670000000000000e+09,4.220463628777082477e-02,-4.471782353677182442e+01
7.237733333333333015e+09,5.674416092637812881e-02,-4.472715919994797673e+01
7.237796666666666985e+09,6.225166858106945256e-02,-4.474552688010837187e+01
7.237860000000000000e+09,4.671747394221625882e-02,-4.478493626256197757e+01
7.237923333333333015e+09,5.230351433407065542e-02,-4.480322540998454883e+01
7.237986666666666985e+09,4.915456741370860527e-02,-4.483024954471999735e+01
7.238050000000000000e+09,3.689990565334255734e-02,-4.486637939429512301e+01
7.238113333333333015e+09,4.840650968363036100e-02,-4.487874797807925376e+01
7.238176666666666985e+09,3.215681783397883464e-02,-4.491887285774399174e+01
7.238240000000000000e+09,5.627435407770065012e-02,-4.491863050931502954e+01
7.238303333333333015e+09,7.921731426259270847e-02,-4.491956273694455604e+01
7.238366666666666985e+09,3.901889398354541072e-02,-4.498363634503868980e+01
7.238430000000000000e+09,6.313883523431940148e-02,-4.498339159160267542e+01
7.238493333333333015e+09,2.941837110842726588e-02,-4.504098724354332006e+01
7.238556666666666985e+09,5.064781495242698384e-02,-4.504363298751407285e+01
7.238620000000000000e+09,4.173445573871248371e-02,-4.507642153454254696e+01
7.238683333333333015e+09,6.390634218581681125e-02,-4.507812483591019515e+01
7.238746666666666985e+09,5.650916170654340931e-02,-4.510939720420422105e+01
7.238810000000000000e+09,2.862571628768506571e-02,-4.516115583743783901e+01
7.238873333333333015e+09,3.856136895236517148e-02,-4.517509537258791141e+01
7.238936666666666985e+09,5.375481417931382566e-02,-4.518377711517571527e+01
7.239000000000000000e+09,2.114908759998002097e-02,-4.524025802956980868e+01
7.239063333333333015e+09,2.307162576190791015e-02,-4.526221067922263330e+01
7.239126666666666985e+09,5.283993750175852711e-02,-4.525631755529787625e+01
7.239190000000000000e+09,4.965623996982060362e-02,-4.528337644064423273e+01
7.239253333333333015e+09,6.028832920304694198e-02,-4.529661953922575890e+01
7.239316666666666985e+09,5.860661359945851245e-02,-4.532217644264444090e+01
7.239380000000000000e+09,6.545057058128378458e-02,-4.533920767347703418e+01
7.239443333333333015e+09,5.689335868227374249e-02,-4.537164007319079673e+01
7.239506666666666985e+09,5.868243494870739596e-02,-4.539372618473945664e+01
7.239570000000000000e+09,6.513258155749213074e-03,-4.546977054934683338e+01
7.239633333333333015e+09,3.055554520344827552e-02,-4.546960345011388682e+01
7.239696666666666985e+09,6.425968914471269500e-02,-4.545977449398771597e+01
7.239760000000000000e+09,4.871767764612400242e-02,-4.549919169330105717e+01
7.239823333333333015e+09,4.982080845378078493e-02,-4.552196375030781894e+01
7.239886666666666985e+09,2.579386919968840175e-02,-4.556986587737700489e+01
7.239950000000000000e+09,3.554449886088661970e-02,-4.558399043553055918e+01
7.240013333333333015e+09,8.300182849509951666e-03,-4.563510993935635440e+01
7.240076666666666985e+09,4.597776054992408490e-02,-4.562130754947103384e+01
7.240140000000000000e+09,3.709710263462540070e-02,-4.565406339520108503e+01
7.240203333333333015e+09,3.373278266213475263e-02,-4.568130290298800134e+01
7.240266666666666985e+09,6.881918435624356789e-02,-4.567009168910897898e+01
7.240330000000000000e+09,4.895076526475605760e-02,-4.571383529601521900e+01
7.240393333333333015e+09,5.077687069279335219e-02,-4.573588437840194132e+01
7.240456666666666985e+09,5.248332337696837158e-02,-4.575805311353251881e+01
7.240520000000000000e+09,4.467359119547609225e-02,-4.578973803352876359e+01
7.240583333333333015e+09,7.197029918943798066e-02,-4.578631651334956132e+01
7.240646666666666985e+09,5.926688484931474932e-02,-4.582289511550443706e+01
7.240710000000000000e+09,3.153118505105823033e-02,-4.587450600311744608e+01
7.240773333333333015e+09,5.715014024855946673e-02,-4.587276223573470446e+01
7.240836666666666985e+09,2.976701190519293050e-02,-4.592402055189282351e+01
7.240900000000000000e+09,3.932602644971439076e-02,-4.593833672516305455e+01
7.240963333333333015e+09,4.106646014365367137e-02,-4.596047147928387488e+01
7.241026666666666985e+09,3.521344541244531001e-02,-4.599019968183016971e+01
7.241090000000000000e+09,5.926097094028648371e-02,-4.599002734411675419e+01
7.241153333333333015e+09,3.885532300047600529e-02,-4.603430817987131718e+01
7.241216666666666985e+09,2.362216500227276583e-02,-4.607341652568460688e+01
7.241280000000000000e+09,2.836862538763540442e-02,-4.609254525311366280e+01
7.241343333333333015e+09,1.577068439215167928e-02,-4.612901838192390613e+01
7.241406666666666985e+09,4.533513465903382667e-02,-4.612332911947211045e+01
7.241470000000000000e+09,2.316255428705460417e-02,-4.616937688765851533e+01
7.241533333333333015e+09,3.975107281442546991e-02,-4.617666355694589697e+01
7.241596666666666985e+09,4.920402776505028442e-02,-4.619108578981036572e+01
7.241660000000000000e+09,5.196710416139183053e-02,-4.621219790122877669e+01
7.241723333333333015e+09,3.461106227536703273e-02,-4.625342913092922004e+01
7.241786666666666985e+09,1.818766992190035126e-02,-4.629372771109777318e+01
7.241850000000000000e+09,5.345049191826944934e-02,-4.628234007691616370e+01
7.241913333333333015e+09,4.617197406117412584e-02,-4.631349378258767757e+01
7.241976666666666985e+09,3.497388231561870953e-02,-4.634856706214832656e+01
7.242040000000000000e+09,4.490526159973740050e-02,-4.636251087067896037e+01
7.242103333333333015e+09,1.513713132062832756e-02,-4.641615418877248800e+01
7.242166666666666985e+09,2.792758884616119985e-02,-4.642723891906204159e+01
7.242230000000000000e+09,5.769157745157116324e-02,-4.642135011827139124e+01
7.242293333333333015e+09,2.890756787753190338e-02,-4.647400931565984905e+01
7.242356666666666985e+09,2.373012328147439121e-02,-4.650306194807100013e+01
7.242420000000000000e+09,8.744083228471311031e-03,-4.654192317593875572e+01
7.242483333333333015e+09,5.729199956837760510e-02,-4.651725044741360193e+01
7.242546666666666985e+09,6.029654555437247154e-02,-4.653812108924236668e+01
7.242610000000000000e+09,5.791193700633812114e-02,-4.656438088560515354e+01
7.242673333333333015e+09,1.346980415652865304e-02,-4.663269820626972262e+01
7.242736666666666985e+09,4.097908636807545690e-02,-4.662906411187292832e+01
7.242800000000000000e+09,3.823895116708087016e-02,-4.665567943488867542e+01
7.242863333333333015e+09,4.368120677372644423e-02,-4.667411236709678235e+01
7.242926666666666985e+09,-7.053111255387989331e-03,-4.674872187294099035e+01
7.242990000000000000e+09,1.067651417918824563e-02,-4.675486743532083267e+01
7.243053333333333015e+09,6.076021760252814374e-02,-4.672865891971225238e+01
7.243116666666666985e+09,3.556745611213329994e-03,-4.680973757951865366e+01
7.243180000000000000e+09,2.278827443581832313e-02,-4.681438123850846722e+01
7.243243333333333015e+09,5.232741340364555072e-03,-4.685581195941867350e+01
7.243306666666666985e+09,1.086487593170915034e-02,-4.687405501264242247e+01
7.243370000000000000e+09,4.178995037457866601e-02,-4.686700512601397151e+01
7.243433333333333015e+09,4.531107651899901612e-02,-4.688735918768431077e+01
7.243496666666666985e+09,2.669365437544257702e-02,-4.692985179764295367e+01
7.243560000000000000e+09,2.813670256759337462e-02,-4.695228393726556249e+01
7.243623333333333015e+09,3.239602394462082202e-02,-4.697189980370295359e+01
7.243686666666666985e+09,5.852805320790110954e-02,-4.696964296225475977e+01
7.243750000000000000e+09,6.850623701742364347e-02,-4.698353996625998974e+01
7.243813333333333015e+09,3.579047812225155667e-02,-4.704013091296958748e+01
7.243876666666666985e+09,4.117032430779232755e-02,-4.705862625459913318e+01
7.243940000000000000e+09,2.453417194996632134e-02,-4.709913759477171880e+01
7.244003333333333015e+09,-3.615594543951772266e-03,-4.715116254908005544e+01
7.244066666666666985e+09,5.328523230322446125e-02,-4.711813691004796567e+01
7.244130000000000000e+09,3.584892681672613435e-02,-4.715944840334922361e+01
7.244193333333333015e+09,3.495807460962652158e-02,-4.718421444337074178e+01
7.244256666666666985e+09,2.126375272523262083e-02,-4.722178395307022214e+01
7.244320000000000000e+09,2.985304328851867695e-02,-4.723706985032169570e+01
7.244383333333333015e+09,6.067873539731749588e-02,-4.723011934602764939e+01
7.244446666666666985e+09,4.117025554019448919e-02,-4.727350301369952490e+01
7.244510000000000000e+09,1.386780299723255894e-02,-4.732468065405724644e+01
7.244573333333333015e+09,4.891557960115022752e-02,-4.731350806526808128e+01
7.244636666666666985e+09,4.278041492374029531e-02,-4.734351841776025083e+01
7.244700000000000000e+09,3.121717144075830674e-02,-4.737895684905798532e+01
7.244763333333333015e+09,1.806969785101131265e-02,-4.741597951046248482e+01
7.244826666666666985e+09,7.780214953584163595e-03,-4.745014418117500554e+01
7.244890000000000000e+09,-3.761931464559609140e-03,-4.748556151540756787e+01
7.244953333333333015e+09,3.047278847798651213e-02,-4.747520198327977425e+01
7.245016666666666985e+09,3.979246503717348560e-02,-4.748975749453568085e+01
7.245080000000000000e+09,3.696945575465804268e-02,-4.751645569163261484e+01
7.245143333333333015e+09,4.501672255540256629e-02,-4.753228361264662283e+01
7.245206666666666985e+09,2.680427147166142277e-02,-4.757437125154545754e+01
7.245270000000000000e+09,1.086126350977423272e-02,-4.761418944732176328e+01
7.245333333333333015e+09,9.053187130213302680e-03,-4.763987271151607672e+01
7.245396666666666985e+09,1.422123900837846122e-02,-4.765857984745300513e+01
7.245460000000000000e+09,9.746696036209812064e-03,-4.768692957823959233e+01
7.245523333333333015e+09,6.566530319595642595e-03,-4.771398493177095901e+01
7.245586666666666985e+09,-2.177933801199571917e-02,-4.776620598791764394e+01
7.245650000000000000e+09,4.293184383501369439e-02,-4.772536999388538703e+01
7.245713333333333015e+09,5.160983895522974763e-02,-4.774056718657959664e+01
7.245776666666666985e+09,-5.800357897264518670e-03,-4.782185257124717737e+01
7.245840000000000000e+09,-3.081429570890747982e-03,-4.784300883073555610e+01
7.245903333333333015e+09,6.072167667013417258e-02,-4.780308091230894973e+01
7.245966666666666985e+09,5.646398290006970910e-02,-4.783121379389410777e+01
7.246030000000000000e+09,3.277775372957592026e-03,-4.790827518923597239e+01
7.246093333333333015e+09,3.247115552481716350e-02,-4.790295699689853848e+01
7.246156666666666985e+09,1.066406486553006516e-02,-4.794863927537291204e+01
7.246220000000000000e+09,2.298850150570785900e-02,-4.796019002654748675e+01
7.246283333333333015e+09,2.196355284645079564e-02,-4.798509016302150343e+01
7.246346666666666985e+09,1.249432133025152325e-02,-4.801843458235245521e+01
7.246410000000000000e+09,2.043498250839093089e-02,-4.803436910898906831e+01
7.246473333333333015e+09,-1.064239678360223706e-02,-4.808932167609582109e+01
7.246536666666666985e+09,1.527472607116919789e-02,-4.808727974105580216e+01
7.246600000000000000e+09,3.443557547185349677e-02,-4.809199407946987748e+01
7.246663333333333015e+09,2.047581282800337021e-02,-4.812982902992848011e+01
7.246726666666666985e+09,5.356314651215399181e-02,-4.812061688405941595e+01
7.246790000000000000e+09,1.654890774102568685e-02,-4.818150631064496281e+01
7.246853333333333015e+09,3.026127461929206675e-02,-4.819166913158145604e+01
7.246916666666666985e+09,3.513940201864329538e-02,-4.821066619199719128e+01
7.246980000000000000e+09,3.858622252564458677e-02,-4.823109455930461564e+01
7.247043333333333015e+09,5.210622926099262031e-02,-4.824144974038402012e+01
7.247106666666666985e+09,1.681555048546101716e-02,-4.830061560697464529e+01
7.247170000000000000e+09,1.441396945378414784e-02,-4.832689237582074071e+01
7.247233333333333015e+09,1.291403501232224471e-02,-4.835226749807695512e+01
7.247296666666666985e+09,1.659506533115973070e-03,-4.838739721437124786e+01
7.247360000000000000e+09,2.185836141623553885e-02,-4.839107354730255395e+01
7.247423333333333015e+09,3.500299368134562883e-02,-4.840180410285219637e+01
7.247486666666666985e+09,-3.465188910416117096e-02,-4.849533417345279673e+01
7.247550000000000000e+09,2.813373364694626844e-02,-4.845642373851644180e+01
7.247613333333333015e+09,2.456447426016694635e-02,-4.848386818571763968e+01
7.247676666666666985e+09,5.336120913484165840e-02,-4.847894663865805143e+01
7.247740000000000000e+09,4.660841489983624797e-02,-4.850957462070781645e+01
7.247803333333333015e+09,-2.293361519015491012e-03,-4.858235158494108674e+01
7.247866666666666985e+09,1.528775662023207360e-02,-4.858864565461693275e+01
7.247930000000000000e+09,3.106253837863448553e-02,-4.859674606067328284e+01
7.247993333333333015e+09,3.455521769244995767e-02,-4.861712856917388592e+01
7.248056666666666985e+09,2.295703472245236298e-02,-4.865260193995897708e+01
7.248120000000000000e+09,-2.780181222859567924e-02,-4.872723597472477763e+01
7.248183333333333015e+09,1.387828045366745755e-02,-4.870943106985727411e+01
7.248246666666666985e+09,4.852753290991529411e-02,-4.869865700521577878e+01
7.248310000000000000e+09,1.235549707494243421e-02,-4.875870422886550415e+01
7.248373333333333015e+09,1.599529480410666338e-02,-4.877893961895109243e+01
7.248436666666666985e+09,7.037844682727012469e-02,-4.874843165474268858e+01
7.248500000000000000e+09,2.700598401804654713e-02,-4.881567930536666466e+01
7.248563333333333015e+09,1.645902057819625952e-02,-4.885010145662127456e+01
7.248626666666666985e+09,-1.242553531621126695e-02,-4.890286120033043460e+01
7.248690000000000000e+09,3.725918553491425200e-02,-4.887705166729406159e+01
7.248753333333333015e+09,1.188093058542705194e-02,-4.892630511005830130e+01
7.248816666666666985e+09,-1.857478464444284327e-03,-4.896391870692326620e+01
7.248880000000000000e+09,5.633879878959646703e-02,-4.892959761748364400e+01
7.248943333333333015e+09,3.926621723076806347e-02,-4.897054538685723202e+01
7.249006666666666985e+09,1.898595793828405931e-02,-4.901470083396480248e+01
7.249070000000000000e+09,-1.871266507973246007e-02,-4.907627464479723756e+01
7.249133333333333015e+09,6.661377986851846345e-03,-4.907477578954541286e+01
7.249196666666666985e+09,3.936832781724319830e-02,-4.906594402753010797e+01
7.249260000000000000e+09,1.134173793864334812e-02,-4.911784580522312638e+01
7.249323333333333015e+09,2.596249450006382631e-02,-4.912710023647646551e+01
7.249386666666666985e+09,7.245226479923871921e-03,-4.916969269231169193e+01
7.249450000000000000e+09,3.594003210711349539e-02,-4.916487307449926192e+01
7.249513333333333015e+09,2.917153115284776277e-02,-4.919551676326794620e+01
7.249576666666666985e+09,3.969040816165403385e-02,-4.920887307407422639e+01
7.249640000000000000e+09,1.194437268286918652e-02,-4.926049429736776375e+01
7.249703333333333015e+09,3.609457852478215045e-02,-4.926021927934027644e+01
7.249766666666666985e+09,-9.461990535463371543e-03,-4.932965103621560843e+01
7.249830000000000000e+09,2.804453637879333883e-02,-4.931601969711611133e+01
7.249893333333333015e+09,6.317093446769916909e-02,-4.930476848684162405e+01
7.249956666666666985e+09,3.380789885454760224e-02,-4.935800671026986208e+01
7.250020000000000000e+09,2.926212075089296150e-02,-4.938642767618827634e+01
7.250083333333333015e+09,-1.411226538006360443e-02,-4.945367725013398541e+01
7.250146666666666985e+09,8.218722625755958688e-03,-4.945522144994292546e+01
7.250210000000000000e+09,1.674449404772815342e-02,-4.947057086633570577e+01
7.250273333333333015e+09,4.125074966746211658e-02,-4.946993979853072432e+01
7.250336666666666985e+09,4.761652321319331804e-02,-4.948744921279974562e+01
7.250400000000000000e+09,1.705942375991043036e-02,-4.954188150006778812e+01
7.250463333333333015e+09,6.316644117525527236e-03,-4.957649946752492554e+01
7.250526666666666985e+09,-4.552184571815587333e-02,-4.965221314517536655e+01
7.250590000000000000e+09,3.322532403666400569e-02,-4.959734116323529918e+01
7.250653333333333015e+09,1.223833517509831381e-02,-4.964220333991161738e+01
7.250716666666666985e+09,1.952815668562379869e-02,-4.965878870621618546e+01
7.250780000000000000e+09,2.490617713877441020e-02,-4.967728587357745340e+01
7.250843333333333015e+09,-7.969163761387676459e-04,-4.972686415490711909e+01
7.250906666666666985e+09,3.080292044589327816e-02,-4.971913950590018061e+01
7.250970000000000000e+09,1.331201660454439661e-02,-4.976050559755594804e+01
7.251033333333333015e+09,6.252635679921070277e-03,-4.979144016629532388e+01
7.251096666666666985e+09,2.295293486621829970e-02,-4.979861505492412022e+01
7.251160000000000000e+09,3.349833997234696881e-02,-4.981194483763241010e+01
7.251223333333333015e+09,4.185054979573266110e-02,-4.982746781562378402e+01
7.251286666666666985e+09,-3.713536292518426762e-02,-4.993032891615978741e+01
7.251350000000000000e+09,9.461156777298640463e-03,-4.990760758427205701e+01
7.251413333333333015e+09,1.900265660963640357e-02,-4.992194127225413780e+01
7.251476666666666985e+09,-1.699031104168113870e-02,-4.998180942772054891e+01
7.251540000000000000e+09,3.671781452356270847e-02,-4.995197648997005757e+01
7.251603333333333015e+09,3.603280190230861990e-02,-4.997653669040573732e+01
7.251666666666666985e+09,2.587224004474109051e-02,-5.001057244007839131e+01
7.251730000000000000e+09,1.716576902541788741e-02,-5.004315409891246702e+01
7.251793333333333015e+09,2.361297855646427024e-02,-5.006058207719583919e+01
7.251856666666666985e+09,-1.197462058447484878e-02,-5.012004486415187188e+01
7.251920000000000000e+09,2.580971555358502201e-02,-5.010613571582856451e+01
7.251983333333333015e+09,1.796677909354826852e-02,-5.013785384010336088e+01
7.252046666666666985e+09,4.268220466840944027e-04,-5.017926898496497756e+01
7.252110000000000000e+09,1.922182950161044346e-02,-5.018434916532481083e+01
7.252173333333333015e+09,6.818290705076890390e-03,-5.022062789193609689e+01
7.252236666666666985e+09,2.531079064630148423e-02,-5.022601057980962480e+01
7.252300000000000000e+09,1.551957482499943808e-02,-5.025967698344567935e+01
7.252363333333333015e+09,1.660838969585398672e-02,-5.028246335638958442e+01
7.252426666666666985e+09,3.353258818565763022e-02,-5.028941434571453328e+01
7.252490000000000000e+09,-1.826961858093056890e-03,-5.034864908357304358e+01
7.252553333333333015e+09,2.945031362335726044e-02,-5.034124699590634577e+01
7.252616666666666985e+09,-1.350885016130121130e-02,-5.040808134750609071e+01
7.252680000000000000e+09,1.438285087530744022e-02,-5.040406483428390061e+01
7.252743333333333015e+09,2.777013685930995734e-02,-5.041455273611465771e+01
7.252806666666666985e+09,2.477391570857179204e-02,-5.044142414508048233e+01
7.252870000000000000e+09,1.564234610807346826e-02,-5.047443090249540631e+01
7.252933333333333015e+09,2.358570814610061461e-02,-5.049036272827213168e+01
7.252996666666666985e+09,6.180894833306638247e-03,-5.053164272940001922e+01
7.253060000000000000e+09,-3.224562866321889487e-04,-5.056202126833437660e+01
7.253123333333333015e+09,1.606511094806251094e-03,-5.058396748876769067e+01
7.253186666666666985e+09,6.925636023087378135e-02,-5.054019282744670960e+01
7.253250000000000000e+09,2.719787952410968046e-02,-5.060612649596823331e+01
7.253313333333333015e+09,3.577638617237255403e-02,-5.062142317713438899e+01
7.253376666666666985e+09,2.512129236558280354e-02,-5.065595345875627231e+01
7.253440000000000000e+09,2.771221444456983818e-02,-5.067723772449203778e+01
7.253503333333333015e+09,3.015558383721383962e-02,-5.069866954291381234e+01
7.253566666666666985e+09,-9.431503137363961287e-03,-5.076213181770348370e+01
7.253630000000000000e+09,-9.895190139069143243e-03,-5.078647069251994139e+01
7.253693333333333015e+09,-7.487790112961079103e-03,-5.080793848030825188e+01
7.253756666666666985e+09,-1.238210890818436383e-03,-5.082556408890120281e+01
7.253820000000000000e+09,2.674811571323232329e-02,-5.082145295011190456e+01
7.253883333333333015e+09,1.256733577904611820e-02,-5.085950891786050931e+01
7.253946666666666985e+09,1.354887449896580165e-02,-5.088240256695568320e+01
7.254010000000000000e+09,2.686350272131932115e-02,-5.089296312654808219e+01
7.254073333333333015e+09,2.863650403561734947e-03,-5.094083816668059939e+01
7.254136666666666985e+09,-1.762233191519868569e-02,-5.098519933681411231e+01
7.254200000000000000e+09,2.695119396355494246e-02,-5.096450099875011119e+01
7.254263333333333015e+09,-1.321673864195815895e-02,-5.102854411917037680e+01
7.254326666666666985e+09,1.447357679482053072e-02,-5.102472899154835773e+01
7.254390000000000000e+09,5.986279029130514573e-03,-5.105709147712880025e+01
7.254453333333333015e+09,1.110735399056750339e-02,-5.107584558998212287e+01
7.254516666666666985e+09,5.492168906148719998e-02,-5.105590644272628964e+01
7.254580000000000000e+09,3.848411865323697612e-02,-5.109621920094895842e+01
7.254643333333333015e+09,2.636118767730266654e-02,-5.113221731973964523e+01
7.254706666666666985e+09,1.068783482581636690e-02,-5.117176586040622510e+01
7.254770000000000000e+09,5.047730913993575541e-03,-5.120128115213246645e+01
7.254833333333333015e+09,2.098766190623280181e-02,-5.120921640895498683e+01
7.254896666666666985e+09,8.034203179626331348e-03,-5.124604505549667977e+01
7.254960000000000000e+09,-2.917640502350593579e-02,-5.130713085151423059e+01
7.255023333333333015e+09,3.435649482415925604e-02,-5.126747313948132501e+01
7.255086666666666985e+09,3.482324709239037475e-02,-5.129088157502818035e+01
7.255150000000000000e+09,2.476175688933324182e-02,-5.132481825304598999e+01
7.255213333333333015e+09,2.612914351099249188e-02,-5.134732605423875640e+01
7.255276666666666985e+09,5.082543942677375526e-03,-5.139224784162215798e+01
7.255340000000000000e+09,-1.243442504891589806e-02,-5.143363999842851086e+01
7.255403333333333015e+09,-4.756497567342421462e-03,-5.144983725876135594e+01
7.255466666666666985e+09,5.465705283532429348e-02,-5.141429889617377569e+01
7.255530000000000000e+09,2.574182775990152550e-02,-5.146708930906395807e+01
7.255593333333333015e+09,3.630817378708428578e-02,-5.148039815085119386e+01
7.255656666666666985e+09,2.965803752527307324e-02,-5.151092347492809154e+01
7.255720000000000000e+09,-1.324542790757021749e-02,-5.157770212817569444e+01
7.255783333333333015e+09,-3.476805556616113790e-03,-5.159180869363915889e+01
7.255846666666666985e+09,2.600227729210757843e-03,-5.160960684816841848e+01
7.255910000000000000e+09,3.289291470543531659e-02,-5.160318934900695353e+01
7.255973333333333015e+09,3.708575323229723608e-02,-5.162287169829484412e+01
7.256036666666666985e+09,5.024043260636545938e-02,-5.163359220673553551e+01
7.256100000000000000e+09,2.075924990563038364e-02,-5.168694857725102310e+01
7.256163333333333015e+09,-1.779301515096420871e-02,-5.174937603012237020e+01
7.256226666666666985e+09,5.477977140529333155e-03,-5.174998022564562916e+01
7.256290000000000000e+09,3.906679651575473144e-02,-5.174026659408516338e+01
7.256353333333333015e+09,1.807551079589586607e-02,-5.178513306761977475e+01
7.256416666666666985e+09,-1.409292840512677003e-02,-5.184117669463589095e+01
7.256480000000000000e+09,9.041494965835283892e-03,-5.184191745907934745e+01
7.256543333333333015e+09,2.882208490579785121e-02,-5.184601205695413739e+01
7.256606666666666985e+09,-1.028807477855053776e-02,-5.190899740445357935e+01
7.256670000000000000e+09,-4.561129637252747671e-04,-5.192304063045317264e+01
7.256733333333333015e+09,8.389464415792247109e-03,-5.193807024088840762e+01
7.256796666666666985e+09,7.022097257781467761e-03,-5.196331279586151197e+01
7.256860000000000000e+09,-3.162423236346967315e-04,-5.199452632325734669e+01
7.256923333333333015e+09,-9.269451128197658818e-03,-5.202735471987666216e+01
7.256986666666666985e+09,1.592253347610750325e-02,-5.202603792308745057e+01
7.257050000000000000e+09,2.565884760952741317e-02,-5.204017679676844921e+01
7.257113333333333015e+09,-1.127172391135644602e-02,-5.210098255610409268e+01
7.257176666666666985e+09,-2.611107883699759213e-02,-5.213969709884482029e+01
7.257240000000000000e+09,-4.536036351765915242e-03,-5.214199724417434112e+01
7.257303333333333015e+09,3.501228888460161670e-02,-5.212632410675239214e+01
7.257366666666666985e+09,-7.361971368887054723e-03,-5.219257355482097438e+01
7.257430000000000000e+09,9.835145322369953647e-03,-5.219925162594446988e+01
7.257493333333333015e+09,1.272593709924763061e-02,-5.222023602198201786e+01
7.257556666666666985e+09,-1.416398662089335403e-02,-5.227100113351724531e+01
7.257620000000000000e+09,2.069955160572334307e-02,-5.226001278310538822e+01
7.257683333333333015e+09,-2.609661544255459376e-02,-5.233068413796807761e+01
7.257746666666666985e+09,2.078325499198285797e-02,-5.230767945534863372e+01
7.257810000000000000e+09,1.566731336071569558e-02,-5.233667058479465339e+01
7.257873333333333015e+09,-4.254803338953649927e-02,-5.241876111935966520e+01
7.257936666666666985e+09,-7.327675058419913512e-03,-5.240741594884330112e+01
7.258000000000000000e+09,3.036851916404970098e-02,-5.239359494243559112e+01
7.258063333333333015e+09,2.669086072303628043e-02,-5.242114778869135705e+01
7.258126666666666985e+09,-5.891845437329124024e-02,-5.253063229160243708e+01
7.258190000000000000e+09,2.663993972306855085e-02,-5.246894908532082979e+01
7.258253333333333015e+09,-1.596078060109107355e-02,-5.253542499345974903e+01
7.258316666666666985e+09,1.483418493331356558e-02,-5.252850521574043086e+01
7.258380000000000000e+09,-2.154561991702053092e-03,-5.256936915047987213e+01
7.258443333333333015e+09,2.155706269746815451e-03,-5.258893407003317577e+01
7.258506666666666985e+09,4.285307941522376041e-03,-5.261067965617649378e+01
7.258570000000000000e+09,-1.750456069807171389e-03,-5.264059060800224188e+01
7.258633333333333015e+09,-1.924085223564020453e-02,-5.268195619198282742e+01
7.258696666666666985e+09,1.501101873653709617e-02,-5.267157950882573658e+01
7.258760000000000000e+09,1.215576276231189468e-02,-5.269830995261438744e+01
7.258823333333333015e+09,9.864581415413908871e-03,-5.272447632177603793e+01
7.258886666666666985e+09,7.785822414760446009e-03,-5.275043026859178497e+01
7.258950000000000000e+09,-4.539070223472663201e-04,-5.278254518584331123e+01
7.259013333333333015e+09,-1.351804221647512350e-02,-5.281948450885219160e+01
7.259076666666666985e+09,-4.116822570409794935e-03,-5.283395847702121273e+01
7.259140000000000000e+09,1.725823110639623792e-02,-5.283645861115916631e+01
7.259203333333333015e+09,3.728328542209169427e-03,-5.287386370153777193e+01
7.259266666666666985e+09,6.230976732418014308e-03,-5.289523624116265665e+01
7.259330000000000000e+09,-2.742762791754671525e-03,-5.292808516850158185e+01
7.259393333333333015e+09,-4.518181913823582363e-02,-5.299439941266248155e+01
7.259456666666666985e+09,-1.007750267738316552e-02,-5.298317028401672246e+01
7.259520000000000000e+09,2.284059999878707004e-02,-5.297412736915530473e+01
7.259583333333333015e+09,-3.298546248642963974e-02,-5.305382861945494000e+01
7.259646666666666985e+09,4.068426117875389991e-03,-5.304064991866572853e+01
7.259710000000000000e+09,-1.136568423660833105e-02,-5.307995921683496476e+01
7.259773333333333015e+09,-3.750729922229112390e-02,-5.312997601963540006e+01
7.259836666666666985e+09,-2.317000518434042533e-02,-5.313951391341220898e+01
7.259900000000000000e+09,-2.071831048674965814e-02,-5.316093740652937072e+01
7.259963333333333015e+09,-1.503446102812233676e-02,-5.317912874488550301e+01
7.260026666666666985e+09,-4.407107011770960980e-02,-5.323204054178984279e+01
7.260090000000000000e+09,-1.646638557657809088e-02,-5.322831104506346378e+01
7.260153333333333015e+09,-1.418947480232191083e-02,-5.324990932210396011e+01
7.260216666666666985e+09,-3.580166865899769846e-02,-5.329539670377539551e+01
7.260280000000000000e+09,-5.897583029707220703e-02,-5.334244605322822252e+01
7.260343333333333015e+09,-2.535553927607026026e-02,-5.333270095002198019e+01
7.260406666666666985e+09,-3.264329153585521226e-02,-5.336386389009685161e+01
7.260470000000000000e+09,-7.324937018719168691e-02,-5.342834515656260663e+01
7.260533333333333015e+09,-5.249369236508982794e-02,-5.343146466655526439e+01
7.260596666666666985e+09,-7.417121028029072249e-02,-5.347701737228555174e+01
7.260660000000000000e+09,-4.712039131509726531e-02,-5.347384174113477684e+01
7.260723333333333015e+09,-5.035790064712841740e-02,-5.350095443828156760e+01
7.260786666666666985e+09,-6.573582316945447701e-02,-5.354020754861898013e+01
7.260850000000000000e+09,-9.437336983876321028e-02,-5.359272028310270741e+01
7.260913333333333015e+09,-6.016907703173757227e-02,-5.358239117811044139e+01
7.260976666666666985e+09,-7.068200267102042744e-02,-5.361677929156481071e+01
7.261040000000000000e+09,-8.461689495492663582e-02,-5.365458937166346942e+01
7.261103333333333015e+09,-5.993452341967042685e-02,-5.365378218794263887e+01
7.261166666666666985e+09,-1.032883209451540552e-01,-5.372101117328320896e+01
7.261230000000000000e+09,-1.252816008411770099e-01,-5.376687964099399153e+01
7.261293333333333015e+09,-8.715211864689109689e-02,-5.375262534661412417e+01
7.261356666666666985e+09,-1.501233554928589342e-01,-5.383947177127517847e+01
7.261420000000000000e+09,-1.325426028755742891e-01,-5.384576620647265344e+01
7.261483333333333015e+09,-1.260704110855073168e-01,-5.386316920249700502e+01
7.261546666666666985e+09,-1.295979783893557169e-01,-5.389057195761594699e+01
7.261610000000000000e+09,-1.920341886659429065e-01,-5.397688335570728668e+01
7.261673333333333015e+09,-1.947815788644078339e-01,-5.400350593372050412e+01
7.261736666666666985e+09,-2.358393662997357865e-01,-5.406843890897058458e+01
7.261800000000000000e+09,-2.138722681436817652e-01,-5.407034699862929017e+01
7.261863333333333015e+09,-2.572716040668439064e-01,-5.413762152236720482e+01
7.261926666666666985e+09,-4.133708950588115272e-01,-5.431759600117393205e+01
7.261990000000000000e+09,-2.679278299277214614e-01,-5.419602812385759449e+01
7.262053333333333015e+09,5.637287408565399005e-01,-5.338824674088808564e+01
7.262116666666666985e+09,5.251965753381000468e-01,-5.345065409422127800e+01
7.262180000000000000e+09,3.966048796309706859e-01,-5.360312097774316697e+01
7.262243333333333015e+09,3.214878573112400773e-01,-5.370211318787765009e+01
7.262306666666666985e+09,2.676019010064152326e-01,-5.377987433199756850e+01
7.262370000000000000e+09,2.287505878772861934e-01,-5.384260083294111610e+01
7.262433333333333015e+09,1.735342051352333215e-01,-5.392169240349792148e+01
7.262496666666666985e+09,1.842803992591797169e-01,-5.393482139718906865e+01
7.262560000000000000e+09,1.298126540046027344e-01,-5.401316433025806418e+01
7.262623333333333015e+09,1.470525179508754832e-01,-5.401979965412655105e+01
7.262686666666666985e+09,1.033707786827378072e-01,-5.408735658120977519e+01
7.262750000000000000e+09,1.239793355443552514e-01,-5.409062321216257629e+01
7.262813333333333015e+09,1.194515574851493511e-01,-5.411902617803653470e+01
7.262876666666666985e+09,1.142544388980013537e-01,-5.414809848443877627e+01
7.262940000000000000e+09,1.450030015894157032e-01,-5.414122510956211443e+01
7.263003333333333015e+09,9.664747634355563832e-02,-5.421345582262240015e+01
7.263066666666666985e+09,1.043940056524235160e-01,-5.422958448112861873e+01
7.263130000000000000e+09,5.011639622480146272e-02,-5.430773727837100040e+01
7.263193333333333015e+09,4.877701370865850095e-02,-5.433295184870155481e+01
7.263256666666666985e+09,7.108715614270977312e-02,-5.433451689408259710e+01
7.263320000000000000e+09,1.043997783879078156e-01,-5.432507945965215157e+01
7.263383333333333015e+09,1.032406154647560470e-01,-5.435011381038972900e+01
7.263446666666666985e+09,6.190025162678836068e-02,-5.441532936204278315e+01
7.263510000000000000e+09,3.017197201759813652e-02,-5.447093282946673298e+01
7.263573333333333015e+09,7.496277895106828737e-02,-5.445001721034801534e+01
7.263636666666666985e+09,5.847751954798496854e-02,-5.449037765756585117e+01
7.263700000000000000e+09,5.650017171284815731e-02,-5.451623019321574048e+01
7.263763333333333015e+09,4.384300808176533337e-02,-5.455276254466158292e+01
7.263826666666666985e+09,7.709189072592437242e-02,-5.454338884983217639e+01
7.263890000000000000e+09,2.923756929720155995e-02,-5.461511835907565882e+01
7.263953333333333015e+09,4.223882945299095582e-02,-5.462599228673462193e+01
7.264016666666666985e+09,4.862616090218097042e-02,-5.464348014310018442e+01
7.264080000000000000e+09,6.420866000300406995e-02,-5.465177283181411383e+01
7.264143333333333015e+09,6.058461315431173944e-02,-5.467927206647756577e+01
7.264206666666666985e+09,3.730087684653682345e-02,-5.472643099060042715e+01
7.264270000000000000e+09,9.874084881793265822e-02,-5.468886620644345697e+01
7.264333333333333015e+09,5.447696358224618507e-02,-5.475700527949389596e+01
7.264396666666666985e+09,6.551776338528014776e-02,-5.476983966750595556e+01
7.264460000000000000e+09,7.172552672925291972e-02,-5.478750709197639424e+01
7.264523333333333015e+09,2.148755692717685406e-02,-5.486162024959322991e+01
7.264586666666666985e+09,5.888978565953806310e-02,-5.484809320867595517e+01
7.264650000000000000e+09,-1.609293606015427258e-02,-5.494695111821007316e+01
7.264713333333333015e+09,3.671853686470427647e-02,-5.491801483309996712e+01
7.264776666666666985e+09,3.289574944565032411e-02,-5.494571280833411464e+01
7.264840000000000000e+09,1.104347596966448464e-02,-5.499144026962485299e+01
7.264903333333333015e+09,3.759468501822027520e-02,-5.498876424839071575e+01
7.264966666666666985e+09,2.325500156173632149e-02,-5.502697911966228617e+01
7.265030000000000000e+09,6.040897115101273585e-02,-5.501370033788776936e+01
7.265093333333333015e+09,7.068150976189002677e-02,-5.502730298709131063e+01
7.265156666666666985e+09,2.620818643887190547e-02,-5.509565149822942232e+01
7.265220000000000000e+09,1.145630233549610466e-02,-5.513427857014755062e+01
7.265283333333333015e+09,-1.070394391908990883e-02,-5.518031400421656230e+01
7.265346666666666985e+09,3.753028334442376490e-02,-5.515595496476813508e+01
7.265410000000000000e+09,3.587345487320448001e-02,-5.518148698105410688e+01
7.265473333333333015e+09,3.888874071792969289e-02,-5.520234688302414128e+01
7.265536666666666985e+09,2.752814422423455198e-02,-5.523758266733258893e+01
7.265600000000000000e+09,4.638693514645098048e-02,-5.524259906422512501e+01
7.265663333333333015e+09,3.375273606314976860e-02,-5.527910845112317872e+01
7.265726666666666985e+09,2.234008051783575866e-02,-5.531439629448325235e+01
7.265790000000000000e+09,3.936916560704162293e-03,-5.535667464625513645e+01
7.265853333333333015e+09,5.295923743976516107e-02,-5.533152751319083507e+01
7.265916666666666985e+09,1.578208551858040209e-02,-5.539257985292677233e+01
7.265980000000000000e+09,5.519001709048865223e-02,-5.537704710916961659e+01
7.266043333333333015e+09,-9.575560958055007177e-04,-5.545706987017066325e+01
7.266106666666666985e+09,-3.857505582388398579e-03,-5.548384500747233972e+01
7.266170000000000000e+09,2.927626657788806597e-02,-5.547458642312648891e+01
7.266233333333333015e+09,4.432038455534836885e-02,-5.548341749296378111e+01
7.266296666666666985e+09,1.300395746844884570e-02,-5.553860910786576710e+01
7.266360000000000000e+09,4.831043046850425071e-02,-5.552717782268013025e+01
7.266423333333333015e+09,4.010475368970389809e-02,-5.555925868727368311e+01
7.266486666666666985e+09,1.592202047297774925e-02,-5.560731660830550283e+01
7.266550000000000000e+09,2.984781533348979110e-02,-5.561726600125941644e+01
7.266613333333333015e+09,2.091436680900926603e-02,-5.565007463759864947e+01
7.266676666666666985e+09,-9.329799158429352701e-03,-5.570419399138118166e+01
7.266740000000000000e+09,6.745658454017444683e-02,-5.565128279549733037e+01
7.266803333333333015e+09,2.757578748057909479e-02,-5.571503878037134427e+01
7.266866666666666985e+09,5.941892190780606597e-02,-5.570707083375920377e+01
7.266930000000000000e+09,3.379274257860487296e-02,-5.575657220090315747e+01
7.266993333333333015e+09,1.120849445767646557e-02,-5.580303163683851153e+01
7.267056666666666985e+09,5.269596613757698833e-02,-5.578541935297370458e+01
7.267120000000000000e+09,-5.927558088338003017e-03,-5.586791806501437208e+01
7.267183333333333015e+09,-6.062290307106366072e-03,-5.589192798504755899e+01
7.267246666666666985e+09,-1.740725773368012597e-02,-5.592714814028921921e+01
7.267310000000000000e+09,5.611945203791890435e-02,-5.587749661833237980e+01
7.267373333333333015e+09,1.504985475688158658e-02,-5.594244140342783567e+01
7.267436666666666985e+09,3.932793510372789569e-02,-5.594203851089608293e+01
7.267500000000000000e+09,2.820917839649439429e-02,-5.597703245541806893e+01
7.267563333333333015e+09,2.689543134829364135e-02,-5.600222139028102220e+01
7.267626666666666985e+09,2.205740559510616094e-02,-5.603093460384896218e+01
7.267690000000000000e+09,6.221720538663788602e-02,-5.601464999187219007e+01
7.267753333333333015e+09,-1.612097932906664255e-02,-5.611686336440264711e+01
7.267816666666666985e+09,2.620304853559218827e-02,-5.609841452435274789e+01
7.267880000000000000e+09,-3.376532199531823153e-03,-5.615186929290262441e+01
7.267943333333333015e+09,2.393197960153514714e-02,-5.614843596891630995e+01
7.268006666666666985e+09,4.791433472796313708e-02,-5.614832880160497552e+01
7.268070000000000000e+09,3.896174094073501237e-03,-5.621622215005328371e+01
7.268133333333333015e+09,1.974832374447288430e-02,-5.622424518821764394e+01
7.268196666666666985e+09,4.230731269232990144e-02,-5.622556138708487339e+01
7.268260000000000000e+09,1.650016334279769126e-02,-5.627524372424882415e+01
7.268323333333333015e+09,4.605021438542422629e-02,-5.626956886102095012e+01
7.268386666666666985e+09,2.042856711565121941e-02,-5.631906569610581670e+01
7.268450000000000000e+09,1.237899801928676879e-03,-5.636213155123395779e+01
7.268513333333333015e+09,3.465456735594329984e-02,-5.635259007149470278e+01
7.268576666666666985e+09,-2.882593421759338526e-03,-5.641400242008749188e+01
7.268640000000000000e+09,2.878953401425832226e-02,-5.640620548046623384e+01
7.268703333333333015e+09,-3.743548027216547780e-03,-5.646261375032212015e+01
7.268766666666666985e+09,3.684654470582415797e-03,-5.647906073563941476e+01
7.268830000000000000e+09,1.139520704654017891e-02,-5.649522537087820950e+01
7.268893333333333015e+09,-6.273756588235812615e-03,-5.653676952232741115e+01
7.268956666666666985e+09,4.368300216273723890e-02,-5.651068795139152456e+01
7.269020000000000000e+09,-2.659750554993678406e-02,-5.660484364691895820e+01
7.269083333333333015e+09,2.679388913229274749e-03,-5.659944194027020359e+01
7.269146666666666985e+09,-3.546627166620908156e-03,-5.662954314416514734e+01
7.269210000000000000e+09,3.786363772262291150e-02,-5.661200806709065603e+01
7.269273333333333015e+09,3.890114870801397728e-02,-5.663484574391969062e+01
7.269336666666666985e+09,-1.465170723767528216e-02,-5.671227378768046634e+01
7.269400000000000000e+09,-2.061497092243058660e-02,-5.674211223917998126e+01
7.269463333333333015e+09,-1.822096957531726957e-02,-5.676359342564762045e+01
7.269526666666666985e+09,-1.178601699201919928e-02,-5.678103366087907489e+01
7.269590000000000000e+09,1.293772192585151970e-02,-5.678018510977595668e+01
7.269653333333333015e+09,8.123764300144387107e-03,-5.680887425521642342e+01
7.269716666666666985e+09,1.487421638023533887e-02,-5.682599899095109208e+01
7.269780000000000000e+09,-1.320958659393056678e-02,-5.687795798174001050e+01
7.269843333333333015e+09,-5.564167676332942847e-03,-5.689418775063716538e+01
7.269906666666666985e+09,4.214170408182127403e-02,-5.687035706669410473e+01
7.269970000000000000e+09,2.253021434069069073e-02,-5.691384374424964676e+01
7.270033333333333015e+09,-2.239005963656381937e-02,-5.698263920604166088e+01
7.270096666666666985e+09,4.031110925501479869e-02,-5.694381322496516873e+01
7.270160000000000000e+09,2.062020042080803250e-02,-5.698737932161380115e+01
7.270223333333333015e+09,6.933426135283582425e-03,-5.702494128371407811e+01
7.270286666666666985e+09,3.402358057898169363e-02,-5.702172631708547357e+01
7.270350000000000000e+09,2.918521503083582047e-03,-5.707670656397579023e+01
7.270413333333333015e+09,-2.813900680274628030e-02,-5.713163928009637260e+01
7.270476666666666985e+09,8.434471405166732438e-03,-5.711894098970354605e+01
7.270540000000000000e+09,-1.603427726962536326e-02,-5.716728492619276381e+01
7.270603333333333015e+09,-3.540220694495133102e-02,-5.721052804368284228e+01
7.270666666666666985e+09,9.518173574768695744e-03,-5.718948285097821582e+01
7.270730000000000000e+09,-3.060104937230789801e-02,-5.725347726174004492e+01
7.270793333333333015e+09,2.168817097324904353e-02,-5.722506322920890653e+01
7.270856666666666985e+09,8.716357561645793339e-03,-5.726191023043559625e+01
7.270920000000000000e+09,-1.175157133098281292e-02,-5.730625334714298447e+01
7.270983333333333015e+09,-6.672099367087014343e-03,-5.732504906299350722e+01
7.271046666666666985e+09,-2.305145346171144638e-02,-5.736530360490322522e+01
7.271110000000000000e+09,-1.831384159737581285e-02,-5.738444118085364209e+01
7.271173333333333015e+09,-3.185631635815866503e-03,-5.739318815870650781e+01
7.271236666666666985e+09,1.444282938290797347e-02,-5.739943488550287043e+01
7.271300000000000000e+09,-2.030177498029672734e-02,-5.745805467768082764e+01
7.271363333333333015e+09,3.280148115835146427e-02,-5.742882660935693906e+01
7.271426666666666985e+09,-8.044973282565592854e-03,-5.749354825161260862e+01
7.271490000000000000e+09,-4.424179518259307997e-02,-5.755362026132738862e+01
7.271553333333333015e+09,-6.433299378826973225e-03,-5.753968695333837502e+01
7.271616666666666985e+09,1.289647917464264992e-02,-5.754423236259966501e+01
7.271680000000000000e+09,4.084750804959469406e-02,-5.754015652153947258e+01
7.271743333333333015e+09,-1.488203368948148864e-02,-5.761976125109330127e+01
7.271806666666666985e+09,2.408803358407851647e-02,-5.760466637163482773e+01
7.271870000000000000e+09,-2.010721883280552902e-02,-5.767273681186613032e+01
7.271933333333333015e+09,-1.062780183403333467e-03,-5.767756756103148064e+01
7.271996666666666985e+09,-2.190671878106087433e-02,-5.772228668744423175e+01
7.272060000000000000e+09,-3.651263756200506805e-02,-5.776076779403960160e+01
7.272123333333333015e+09,-1.360495187508803383e-02,-5.776173529616743707e+01
7.272186666666666985e+09,-3.406038975936809265e-02,-5.780606592186680359e+01
7.272250000000000000e+09,1.441904532096316416e-02,-5.778146167460089089e+01
7.272313333333333015e+09,1.591992042399681395e-03,-5.781816391569421398e+01
7.272376666666666985e+09,-6.722561271281790596e-03,-5.785035365682298192e+01
7.272440000000000000e+09,1.139237488928301900e-02,-5.785611390847684277e+01
7.272503333333333015e+09,-8.220870812550629125e-03,-5.789960234199342892e+01
7.272566666666666985e+09,4.188275818691522545e-02,-5.787337390080905664e+01
7.272630000000000000e+09,-6.081388151699229638e-03,-5.794521323496242360e+01
7.272693333333333015e+09,-1.426203127605418786e-02,-5.797726906590119711e+01
7.272756666666666985e+09,7.874467795261352876e-03,-5.797900775464496803e+01
7.272820000000000000e+09,1.742074513089164611e-04,-5.801058320280367298e+01
7.272883333333333015e+09,6.570049132015753912e-03,-5.802806254893739180e+01
7.272946666666666985e+09,-1.740934529310322887e-02,-5.807591713117760435e+01
7.273010000000000000e+09,-1.709113411886420408e-02,-5.809947410781811783e+01
7.273073333333333015e+09,-9.877956140506682914e-03,-5.811613611765417886e+01
7.273136666666666985e+09,2.728253810861502870e-02,-5.810285081122014361e+01
7.273200000000000000e+09,-1.520322270970808631e-02,-5.816921175985322634e+01
7.273263333333333015e+09,1.488911198951115011e-02,-5.816299461296875961e+01
7.273326666666666985e+09,5.757012696008700914e-03,-5.819600190007702167e+01
7.273390000000000000e+09,-5.746874111522970452e-04,-5.822620878799893518e+01
7.273453333333333015e+09,3.221310135473487435e-02,-5.821729618704780052e+01
7.273516666666666985e+09,-2.688168969805815323e-02,-5.830026616591534605e+01
7.273580000000000000e+09,-2.168543651291088281e-02,-5.831894510054495839e+01
7.273643333333333015e+09,-1.010143521141770862e-02,-5.833123628705822483e+01
7.273706666666666985e+09,-2.064952024028343658e-02,-5.836565955990184307e+01
7.273770000000000000e+09,-4.193357519909568509e-03,-5.837307858499622171e+01
7.273833333333333015e+09,-1.388714675646696151e-02,-5.840664756204753161e+01
7.273896666666666985e+09,-2.659792802820248880e-02,-5.844323353113436070e+01
7.273960000000000000e+09,1.017638355010319628e-02,-5.843033440737047357e+01
7.274023333333333015e+09,2.333857194336985685e-02,-5.844104740679196652e+01
7.274086666666666985e+09,1.550243705273146588e-02,-5.847275872949769138e+01
7.274150000000000000e+09,-6.873621451525480097e-03,-5.851900997581636688e+01
7.274213333333333015e+09,-2.759841853361422181e-04,-5.853628752636493005e+01
7.274276666666666985e+09,-9.332780366051451892e-03,-5.856921951036073892e+01
7.274340000000000000e+09,-2.293803843044628366e-02,-5.860669995623955231e+01
7.274403333333333015e+09,-5.177078012650326855e-04,-5.860815481342513067e+01
7.274466666666666985e+09,8.669715838465208435e-04,-5.863064532185510558e+01
7.274530000000000000e+09,2.864137418244183664e-02,-5.862674610707126988e+01
7.274593333333333015e+09,-4.584387617987317753e-02,-5.872510654524799634e+01
7.274656666666666985e+09,-1.256573820609219183e-02,-5.871570359508930892e+01
7.274720000000000000e+09,-2.288846749350881282e-02,-5.874990151219147805e+01
7.274783333333333015e+09,-3.804201787318817196e-02,-5.878893025038558307e+01
7.274846666666666985e+09,-5.402500164510115610e-02,-5.882878842197258251e+01
7.274910000000000000e+09,-2.818799543145900088e-02,-5.882682660357369997e+01
7.274973333333333015e+09,-6.661171860329773153e-03,-5.882917496781698219e+01
7.275036666666666985e+09,-1.816365715325218844e-02,-5.886455264092499817e+01
7.275100000000000000e+09,5.643015322078781537e-03,-5.886462115626441971e+01
7.275163333333333015e+09,-3.105644222550552058e-03,-5.889724500362380866e+01
7.275226666666666985e+09,-5.830292163317096765e-03,-5.892384483937932771e+01
7.275290000000000000e+09,1.104528078806055191e-02,-5.893084445424270967e+01
7.275353333333333015e+09,1.621832933832223489e-02,-5.894954659350720050e+01
7.275416666666666985e+09,1.959337892836288120e-02,-5.897004673173191236e+01
7.275480000000000000e+09,-2.405799176710132770e-02,-5.903757329024212908e+01
7.275543333333333015e+09,-1.056242758069458887e-02,-5.904795291387048195e+01
7.275606666666666985e+09,-1.587910717564966490e-02,-5.907714478128019664e+01
7.275670000000000000e+09,3.360310931805088330e-02,-5.905153775260124860e+01
7.275733333333333015e+09,-7.309321311268490717e-04,-5.910974698186517884e+01
7.275796666666666985e+09,6.275494399261560829e-03,-5.912661574314988400e+01
7.275860000000000000e+09,-1.790537789716495354e-04,-5.915694547914252865e+01
7.275923333333333015e+09,6.793642295711777024e-03,-5.917384797088260484e+01
7.275986666666666985e+09,2.060006891696275488e-03,-5.920245679410170681e+01
7.276050000000000000e+09,-7.284860093648148904e-03,-5.923567684890147689e+01
7.276113333333333015e+09,2.770558768236952574e-02,-5.922456158894021172e+01
7.276176666666666985e+09,-5.979016686531224423e-03,-5.928212138112420604e+01
7.276240000000000000e+09,4.210949748916448243e-03,-5.929580660250317692e+01
7.276303333333333015e+09,-8.154108745586086116e-03,-5.933204684881243196e+01
7.276366666666666985e+09,-3.724503730162354032e-02,-5.938501296518355588e+01
7.276430000000000000e+09,-1.842257219698950621e-02,-5.939006568789368146e+01
7.276493333333333015e+09,4.423682646098825444e-03,-5.939109462086501168e+01
7.276556666666666985e+09,-5.397917272823349322e-03,-5.942479140859902742e+01
7.276620000000000000e+09,2.625126832798940768e-02,-5.941701741081296717e+01
7.276683333333333015e+09,-1.019915212346944600e-02,-5.947734301907885168e+01
7.276746666666666985e+09,-6.037181318902185012e-03,-5.949705623608937088e+01
7.276810000000000000e+09,-2.679079297446662622e-02,-5.954168503555968783e+01
7.276873333333333015e+09,-3.629701909238747248e-02,-5.957506644949202723e+01
7.276936666666666985e+09,-3.853984728112891389e-02,-5.960118446549586224e+01
7.277000000000000000e+09,-2.523353986267551363e-02,-5.961175334589216135e+01
7.277063333333333015e+09,-2.324856826033538937e-02,-5.963364356210457373e+01
7.277126666666666985e+09,7.355501484909154897e-04,-5.963353463151050704e+01
7.277190000000000000e+09,-1.800047242208790976e-02,-5.967614584189583837e+01
7.277253333333333015e+09,-1.978801375096850279e-02,-5.970180857103947858e+01
7.277316666666666985e+09,4.436473012013664174e-03,-5.970145927209124892e+01
7.277380000000000000e+09,-1.808956298874164759e-02,-5.974786049590675674e+01
7.277443333333333015e+09,5.855021530365434046e-03,-5.974779109920240217e+01
7.277506666666666985e+09,-1.089181353957258125e-02,-5.978841312208709979e+01
7.277570000000000000e+09,6.293988290622110071e-03,-5.979510250807166472e+01
7.277633333333333015e+09,-5.118769281920521053e-02,-5.987645937699624454e+01
7.277696666666666985e+09,-3.509974280309791084e-02,-5.988424661479522371e+01
7.277760000000000000e+09,-2.892010484765705769e-02,-5.990194216465420141e+01
7.277823333333333015e+09,-1.145190839448417819e-02,-5.990834915601578103e+01
7.277886666666666985e+09,-1.977644090058561233e-02,-5.994054887633697604e+01
7.277950000000000000e+09,-3.194950886150849101e-02,-5.997659713211232457e+01
7.278013333333333015e+09,-4.564894442546574282e-02,-6.001417175549103433e+01
7.278076666666666985e+09,-4.491290140246206875e-02,-6.003731090028312423e+01
7.278140000000000000e+09,-2.674843142784766314e-03,-6.001894802983785837e+01
7.278203333333333015e+09,2.258065604866743570e-02,-6.001756771846116578e+01
7.278266666666666985e+09,5.112743220941240452e-03,-6.005891081910397844e+01
7.278330000000000000e+09,-2.649358227434817081e-02,-6.011439233241402036e+01
7.278393333333333015e+09,-2.574792446264240198e-02,-6.013752186241674025e+01
7.278456666666666985e+09,-5.025266114108006832e-02,-6.018590178691027148e+01
7.278520000000000000e+09,-2.095242196907776133e-02,-6.018047673555302168e+01
7.278583333333333015e+09,-3.062390666290326635e-02,-6.021402340806126574e+01
7.278646666666666985e+09,-3.655121403717487283e-02,-6.024382590325062381e+01
7.278710000000000000e+09,-4.796413320212877807e-02,-6.027911401023033733e+01
7.278773333333333015e+09,-3.286416319213003590e-03,-6.025831148116184011e+01
7.278836666666666985e+09,2.430646760820565078e-02,-6.025459378504951502e+01
7.278900000000000000e+09,-2.565517450175747172e-02,-6.032843061497423065e+01
7.278963333333333015e+09,-1.187119428306715463e-02,-6.033852182257029284e+01
7.279026666666666985e+09,-2.843697151172364102e-02,-6.037896278761370183e+01
7.279090000000000000e+09,3.157925049606546963e-03,-6.037124307886713126e+01
7.279153333333333015e+09,-3.035071274701550692e-02,-6.042862690447850582e+01
7.279216666666666985e+09,-2.227418024686045328e-02,-6.044442555979311038e+01
7.279280000000000000e+09,-2.538004010294514501e-02,-6.047140660746394758e+01
7.279343333333333015e+09,2.473102159063955696e-02,-6.044517073358511539e+01
7.279406666666666985e+09,-2.889576521058501157e-02,-6.052267270820109246e+01
7.279470000000000000e+09,1.257145885066535129e-02,-6.050508067195460171e+01
7.279533333333333015e+09,1.368226052738918952e-02,-6.052784505809263749e+01
7.279596666666666985e+09,-4.017258355774799838e-02,-6.060557508999286114e+01
7.279660000000000000e+09,2.005781471058298848e-02,-6.056921987953894870e+01
7.279723333333333015e+09,-5.216693663896165845e-02,-6.066531981870324586e+01
7.279786666666666985e+09,-3.921761585208116685e-02,-6.067624568573145893e+01
7.279850000000000000e+09,-2.212855443281824819e-02,-6.068303181212661457e+01
7.279913333333333015e+09,-3.832513561310690875e-02,-6.072310358112166284e+01
7.279976666666666985e+09,-2.427571952229357066e-02,-6.073292935284593597e+01
7.280040000000000000e+09,-1.234561666112199418e-02,-6.074487443779918294e+01
7.280103333333333015e+09,-3.974925947216689792e-02,-6.079615326842498035e+01
7.280166666666666985e+09,-1.518526746256299020e-02,-6.079546446423047001e+01
7.280230000000000000e+09,-3.747744369944427945e-02,-6.084163182828210381e+01
7.280293333333333015e+09,-3.609314240052441392e-02,-6.086412271479760960e+01
7.280356666666666985e+09,-2.407247516575949930e-02,-6.087597723537793115e+01
7.280420000000000000e+09,-3.547604513789082148e-02,-6.091125599316482209e+01
7.280483333333333015e+09,-1.787614178164886880e-02,-6.091753127762299158e+01
7.280546666666666985e+09,3.921213185648753097e-03,-6.091960911047078753e+01
7.280610000000000000e+09,1.034919212821705514e-02,-6.093705631934297173e+01
7.280673333333333015e+09,7.189928625983554866e-03,-6.096409077065963089e+01
7.280736666666666985e+09,-5.725247627663065941e-02,-6.105240836337733157e+01
7.280800000000000000e+09,2.344377920928053527e-02,-6.099558729570617999e+01
7.280863333333333015e+09,-7.365120402226921215e-03,-6.105027138313209889e+01
7.280926666666666985e+09,-4.459262102562888685e-02,-6.111137407157059442e+01
7.280990000000000000e+09,-2.878604503699477846e-02,-6.111944268339671282e+01
7.281053333333333015e+09,-2.194753799640380976e-02,-6.113647936417088147e+01
7.281116666666666985e+09,1.550246016740430832e-02,-6.112290455382183296e+01
7.281180000000000000e+09,-4.763123512741174181e-02,-6.120991343693140152e+01
7.281243333333333015e+09,-3.544451295380213196e-02,-6.122160190257254442e+01
7.281306666666666985e+09,-1.114462469865173944e-02,-6.122117720213214653e+01
7.281370000000000000e+09,-4.385656125911907566e-02,-6.127776432650736638e+01
7.281433333333333015e+09,-1.845377456447039322e-02,-6.127623672762747731e+01
7.281496666666666985e+09,-2.156028910317075997e-02,-6.130321842998126414e+01
7.281560000000000000e+09,-3.149862525697244564e-02,-6.133703195394949148e+01
7.281623333333333015e+09,-2.234809710078167200e-02,-6.135175661360805321e+01
7.281686666666666985e+09,-1.426744415220326800e-02,-6.136755114847456838e+01
7.281750000000000000e+09,-4.527509474364421749e-03,-6.138168640161114809e+01
7.281813333333333015e+09,-4.265423493610853711e-02,-6.144368831488764471e+01
7.281876666666666985e+09,-1.388420565908887738e-02,-6.143879347342571151e+01
7.281940000000000000e+09,-7.033408390995532500e-03,-6.145581786397204382e+01
7.282003333333333015e+09,-3.743136190628604254e-03,-6.147640277958642940e+01
7.282066666666666985e+09,-7.253965647507243375e-02,-6.156907448768596680e+01
7.282130000000000000e+09,-3.511020431652411844e-02,-6.155552022334217099e+01
7.282193333333333015e+09,-3.476779664022444649e-02,-6.157905300348028987e+01
7.282256666666666985e+09,-3.749680971350244363e-02,-6.160565720436865433e+01
7.282320000000000000e+09,1.929427995762011960e-03,-6.159010615447414949e+01
7.282383333333333015e+09,-4.081664947231189444e-02,-6.165672741975664195e+01
7.282446666666666985e+09,-3.629665899010348085e-02,-6.167608261708952710e+01
7.282510000000000000e+09,-6.096657729031562667e-03,-6.166975780364320769e+01
7.282573333333333015e+09,-3.518228350390018022e-02,-6.172271861723250197e+01
7.282636666666666985e+09,-3.063998739928308623e-02,-6.174205150894297134e+01
7.282700000000000000e+09,-2.698794956751981999e-02,-6.176227465892596058e+01
7.282763333333333015e+09,-3.547362475207904708e-02,-6.179463552192493836e+01
7.282826666666666985e+09,-6.089520839209683345e-02,-6.184393229338004971e+01
7.282890000000000000e+09,-3.818330401218616998e-02,-6.184509557681489156e+01
7.282953333333333015e+09,-1.609475602471377442e-02,-6.184688221664217167e+01
7.283016666666666985e+09,-3.173648614228596898e-02,-6.188639913457450348e+01
7.283080000000000000e+09,-2.209938865276228626e-02,-6.190063722489973941e+01
7.283143333333333015e+09,-1.703859323848888607e-02,-6.191945161730021852e+01
7.283206666666666985e+09,-9.360768818602593910e-03,-6.193564898069508473e+01
7.283270000000000000e+09,-6.849606273597430572e-03,-6.195701300596483208e+01
7.283333333333333015e+09,-2.890751357151799539e-02,-6.200294610107750515e+01
7.283396666666666985e+09,-2.348717798808053203e-02,-6.202140095330916125e+01
7.283460000000000000e+09,-2.500856066092893570e-02,-6.204679752379643531e+01
7.283523333333333015e+09,-3.636923499425392947e-02,-6.208203338594451282e+01
7.283586666666666985e+09,-1.031896777664087494e-02,-6.207985830654198622e+01
7.283650000000000000e+09,3.728230181486935635e-03,-6.208968629639827697e+01
7.283713333333333015e+09,-2.376025244821988736e-02,-6.214104996684274340e+01
7.283776666666666985e+09,-1.395781573454968338e-02,-6.215512271794415966e+01
7.283840000000000000e+09,-2.589280487019607335e-02,-6.219093289489423171e+01
7.283903333333333015e+09,-8.180095956632271736e-03,-6.219709537379542041e+01
7.283966666666666985e+09,-3.354884791114187692e-02,-6.224633931356502359e+01
7.284030000000000000e+09,2.645998778916691663e-03,-6.223401965468937647e+01
7.284093333333333015e+09,-3.604612343846014255e-02,-6.229658696472151291e+01
7.284156666666666985e+09,-4.330427509199807901e-02,-6.232772030419013731e+01
7.284220000000000000e+09,-3.247244546630412287e-02,-6.234076366237919586e+01
7.284283333333333015e+09,-5.175753758680201599e-02,-6.238392394231411942e+01
7.284346666666666985e+09,-6.901229753090376562e-02,-6.242505389007331473e+01
7.284410000000000000e+09,7.192777217284174185e-04,-6.237919750263543506e+01
7.284473333333333015e+09,-3.557421894549150920e-02,-6.243936618711707354e+01
7.284536666666666985e+09,-3.581018981537908985e-02,-6.246347734580204758e+01
7.284600000000000000e+09,-6.602877425809339229e-02,-6.251757111805952150e+01
7.284663333333333015e+09,2.079262602140374838e-02,-6.245462490559444291e+01
7.284726666666666985e+09,-2.578567839128709238e-02,-6.252507839782222732e+01
7.284790000000000000e+09,-6.030669591549298048e-02,-6.258347460316118571e+01
7.284853333333333015e+09,-2.329747288444394826e-02,-6.257034056794488919e+01
7.284916666666666985e+09,-2.521714905715555233e-02,-6.259613543193235330e+01
7.284980000000000000e+09,-3.020089238152223743e-02,-6.262499436307147960e+01
7.285043333333333015e+09,4.572116231614131721e-03,-6.261409654227310284e+01
7.285106666666666985e+09,-4.474293727962219691e-02,-6.268728678359909168e+01
7.285170000000000000e+09,-2.033113043219714200e-02,-6.268675016456641913e+01
7.285233333333333015e+09,-6.125291249920650216e-02,-6.275154713444818100e+01
7.285296666666666985e+09,-4.542160106235115791e-02,-6.275959101082641922e+01
7.285360000000000000e+09,-2.443909672884814199e-02,-6.276248369430733476e+01
7.285423333333333015e+09,-1.810240856211464688e-02,-6.278002219395536088e+01
7.285486666666666985e+09,-2.498787957534887028e-02,-6.281078285278368156e+01
7.285550000000000000e+09,-2.191428842723297521e-02,-6.283158444944998422e+01
7.285613333333333015e+09,-8.510364748659071665e-03,-6.284205571358616282e+01
7.285676666666666985e+09,-3.748463807799851111e-02,-6.289490517473059583e+01
7.285740000000000000e+09,-1.787571805515852930e-02,-6.289917144252217440e+01
7.285803333333333015e+09,-3.335596622483194551e-02,-6.293852687850660743e+01
7.285866666666666985e+09,-4.907362946881477228e-02,-6.297811972956567672e+01
7.285930000000000000e+09,-3.915954664328324952e-02,-6.299208083455456375e+01
7.285993333333333015e+09,-4.366514496225448738e-02,-6.302046162068828750e+01
7.286056666666666985e+09,-2.492569028442659373e-02,-6.302559735382555317e+01
7.286120000000000000e+09,-6.202982896412123637e-02,-6.308657668032000032e+01
7.286183333333333015e+09,-4.953672798732355886e-02,-6.309795876715762830e+01
7.286246666666666985e+09,-5.533383724315399377e-02,-6.312763106422854520e+01
7.286310000000000000e+09,-2.864291782366024108e-03,-6.309903670658251684e+01
7.286373333333333015e+09,-1.043224215150928558e-02,-6.313047984476607155e+01
7.286436666666666985e+09,-2.808382866629699492e-02,-6.317200661909595283e+01
7.286500000000000000e+09,-1.365067822078458448e-02,-6.318144865646519293e+01
7.286563333333333015e+09,-4.698355431634126944e-02,-6.323865672037517527e+01
7.286626666666666985e+09,-2.275114776029596442e-02,-6.323829950163421643e+01
7.286690000000000000e+09,-5.677881351632407814e-02,-6.329620235520500415e+01
7.286753333333333015e+09,-5.982881357743252693e-02,-6.332312754308086511e+01
7.286816666666666985e+09,-2.775052370522246292e-02,-6.331492444102340755e+01
7.286880000000000000e+09,-3.132367928884605135e-02,-6.334237278442178365e+01
7.286943333333333015e+09,-5.438290546501178824e-02,-6.338930719841270900e+01
7.287006666666666985e+09,-6.411137595651439369e-02,-6.342291085671897122e+01
7.287070000000000000e+09,-5.932841125804344529e-02,-6.344200307983525278e+01
7.287133333333333015e+09,-1.866315954703168245e-02,-6.342521301593899352e+01
7.287196666666666985e+09,-2.024523784357512568e-02,-6.345067028205028947e+01
7.287260000000000000e+09,-4.462031225413198854e-02,-6.349892054427559884e+01
7.287323333333333015e+09,-3.233559740257163639e-02,-6.351051101723879810e+01
7.287386666666666985e+09,-2.357325002423493743e-02,-6.352562385767554787e+01
7.287450000000000000e+09,-3.067774499423592260e-02,-6.355660354045997451e+01
7.287513333333333015e+09,-1.804703809583685370e-02,-6.356784802137632795e+01
7.287576666666666985e+09,-3.815802583051919328e-02,-6.361183419692610386e+01
7.287640000000000000e+09,-5.078689809597847216e-02,-6.364833825700598169e+01
7.287703333333333015e+09,-2.561195098918034319e-02,-6.364703849771393607e+01
7.287766666666666985e+09,-5.884045042999730413e-02,-6.370414218496983949e+01
7.287830000000000000e+09,-8.809573725606156813e-02,-6.375727265961032941e+01
7.287893333333333015e+09,-6.050686747332889581e-02,-6.375355897764234925e+01
7.287956666666666985e+09,-3.435674908996588783e-02,-6.375128404707407981e+01
7.288020000000000000e+09,-2.884376138957378544e-02,-6.376964624718844021e+01
7.288083333333333015e+09,-6.709531671264556962e-02,-6.383177299032593766e+01
7.288146666666666985e+09,-5.928619059261563962e-02,-6.384783905202099419e+01
7.288210000000000000e+09,-8.098856038602519902e-02,-6.389341660962915626e+01
7.288273333333333015e+09,-6.109397620783596494e-02,-6.389739721326538557e+01
7.288336666666666985e+09,-4.248835340646195391e-02,-6.390266677827910513e+01
7.288400000000000000e+09,-7.990562344810570039e-02,-6.396395923613550138e+01
7.288463333333333015e+09,-5.734825391790110416e-02,-6.396527705441972245e+01
7.288526666666666985e+09,-3.878063635858808311e-02,-6.397058462467549589e+01
7.288590000000000000e+09,-8.931289925235574856e-02,-6.404499207538401606e+01
7.288653333333333015e+09,-9.756857900494253499e-02,-6.407712294295136246e+01
7.288716666666666985e+09,-8.765461789889172906e-02,-6.409108416966006416e+01
7.288780000000000000e+09,-7.603864069041321727e-02,-6.410334338026633816e+01
7.288843333333333015e+09,-6.987250903331698737e-02,-6.412105243642399444e+01
7.288906666666666985e+09,-5.558061647167278352e-02,-6.413063573167710274e+01
7.288970000000000000e+09,-1.099547673546936721e-01,-6.420888507037489035e+01
7.289033333333333015e+09,-9.882274367170396090e-02,-6.422162823450665314e+01
7.289096666666666985e+09,-8.092435973019007633e-02,-6.422760503837989177e+01
7.289160000000000000e+09,-8.230208065641875237e-02,-6.425285794712087295e+01
7.289223333333333015e+09,-1.318553258974759501e-01,-6.432628638017668266e+01
7.289286666666666985e+09,-1.050655034130585364e-01,-6.432337174550735881e+01
7.289350000000000000e+09,-1.182346472251083469e-01,-6.436041607713383428e+01
7.289413333333333015e+09,-1.177776380744575135e-01,-6.438383425579793595e+01
7.289476666666666985e+09,-1.488174355547329242e-01,-6.443874924109330493e+01
7.289540000000000000e+09,-1.769386480828103458e-01,-6.449074564143579380e+01
7.289603333333333015e+09,-1.486983242424599894e-01,-6.448638050541019595e+01
7.289666666666666985e+09,-1.483404083570718512e-01,-6.450989777733990138e+01
7.289730000000000000e+09,-1.270250707641480403e-01,-6.451245762756140323e+01
7.289793333333333015e+09,-2.056469512346552619e-01,-6.461495469584666296e+01
7.289856666666666985e+09,-2.075482047473258262e-01,-6.464073113717442709e+01
7.289920000000000000e+09,-2.324481399040649876e-01,-6.468950626014591876e+01
7.289983333333333015e+09,-1.946217512101355851e-01,-6.467555505926641501e+01
7.290046666666666985e+09,-2.681507766394304326e-01,-6.477295927251078922e+01
7.290110000000000000e+09,-3.182351324559533623e-01,-6.484691881614207887e+01
7.290173333333333015e+09,-3.195378518939975265e-01,-6.487209672339453448e+01
7.290236666666666985e+09,-3.345826727657765787e-01,-6.491101673208140710e+01
7.290300000000000000e+09,-3.788802931281907149e-01,-6.497918954025857374e+01
7.290363333333333015e+09,-5.327716320316540077e-01,-6.515695606697644848e+01
7.290426666666666985e+09,-5.426564444754120586e-01,-6.519071606723530010e+01
7.290490000000000000e+09,3.691350833924644803e-01,-6.430279972718217607e+01
7.290553333333333015e+09,4.946469921822540528e-01,-6.420116300620715322e+01
7.290616666666666985e+09,4.843144425794605468e-01,-6.423537074362469923e+01
7.290680000000000000e+09,3.542082885821855598e-01,-6.438935208543672672e+01
7.290743333333333015e+09,2.957534634272320773e-01,-6.447168209840643271e+01
7.290806666666666985e+09,2.588174359587895879e-01,-6.453249331368962771e+01
7.290870000000000000e+09,2.137800313047080181e-01,-6.460140590615847600e+01
7.290933333333333015e+09,1.529636800101883409e-01,-6.468609744526774818e+01
7.290996666666666985e+09,1.480883927111165121e-01,-6.471484792038157252e+01
7.291060000000000000e+09,1.160159571891057340e-01,-6.477079554371833581e+01
7.291123333333333015e+09,1.242162957634604936e-01,-6.478647039295873356e+01
7.291186666666666985e+09,1.039563488438375316e-01,-6.483060552769345009e+01
7.291250000000000000e+09,9.050157817941339999e-02,-6.486793548617228566e+01
7.291313333333333015e+09,2.921486345167068066e-02,-6.495309738871479510e+01
7.291376666666666985e+09,8.999837558273782179e-02,-6.491618906439880732e+01
7.291440000000000000e+09,8.637762328359599451e-02,-6.494368500451237480e+01
7.291503333333333015e+09,7.230529233936522360e-02,-6.498163252327135808e+01
7.291566666666666985e+09,1.008426014149534922e-01,-6.497697040201086338e+01
7.291630000000000000e+09,3.280866931046944046e-02,-6.506887952192977309e+01
7.291693333333333015e+09,6.351123824309468091e-02,-6.506205214081190036e+01
7.291756666666666985e+09,8.286701993029055302e-02,-6.506657154693979805e+01
7.291820000000000000e+09,2.663621365293522558e-02,-6.514667754103190589e+01
7.291883333333333015e+09,5.991389595062912576e-02,-6.513727504654862344e+01
7.291946666666666985e+09,5.192996495064505780e-02,-6.516913416536370107e+01
7.292010000000000000e+09,-3.793787373865598056e-03,-6.524873310550296424e+01
7.292073333333333015e+09,4.185726814691292930e-02,-6.522695723779661137e+01
7.292136666666666985e+09,5.552051420406201032e-02,-6.523716917955454164e+01
7.292200000000000000e+09,5.326725987295333198e-02,-6.526329762170041704e+01
7.292263333333333015e+09,1.409812123682741003e-02,-6.532634194815095441e+01
7.292326666666666985e+09,1.898044798909381825e-02,-6.534533480921378157e+01
7.292390000000000000e+09,-5.271557039364438424e-03,-6.539346200205699233e+01
7.292453333333333015e+09,-1.790476279431629791e-02,-6.542997039562671091e+01
7.292516666666666985e+09,3.610590629598675605e-02,-6.539983491435116036e+01
7.292580000000000000e+09,4.052079116786444501e-02,-6.541929521729403518e+01
7.292643333333333015e+09,1.915776510088562645e-03,-6.548177541976656357e+01
7.292706666666666985e+09,4.043851355930883074e-02,-6.546712787053209581e+01
7.292770000000000000e+09,5.435552642457253114e-02,-6.547708604548158462e+01
7.292833333333333015e+09,2.048474622995399841e-04,-6.555511191225861012e+01
7.292896666666666985e+09,2.578163081048501226e-02,-6.555341031672519136e+01
7.292960000000000000e+09,2.046624158580812036e-02,-6.558260089376462076e+01
7.293023333333333015e+09,1.852616814382201937e-02,-6.560841615502135937e+01
7.293086666666666985e+09,3.475410412127644122e-02,-6.561606340685899852e+01
7.293150000000000000e+09,1.942607327481482571e-02,-6.565526662551988579e+01
7.293213333333333015e+09,1.130071819949307610e-02,-6.568726716840996005e+01
7.293276666666666985e+09,2.548893384215489277e-02,-6.569695414058237759e+01
7.293340000000000000e+09,-9.034518994951667992e-03,-6.575535278123390981e+01
7.293403333333333015e+09,2.218613366777333340e-02,-6.574800731638593732e+01
7.293466666666666985e+09,1.656796695769457983e-03,-6.579241184117303476e+01
7.293530000000000000e+09,2.583588521711988051e-02,-6.579210794046609578e+01
7.293593333333333015e+09,-1.818324001017401770e-02,-6.586000225350814219e+01
7.293656666666666985e+09,2.723668312708582562e-02,-6.583845751818597591e+01
7.293720000000000000e+09,1.349994654250963322e-02,-6.587606944258530461e+01
7.293783333333333015e+09,1.047338308963219333e-02,-6.590297119385260771e+01
7.293846666666666985e+09,2.385709521504963959e-03,-6.593493405523582851e+01
7.293910000000000000e+09,-3.570073860856837200e-04,-6.596155195995817166e+01
7.293973333333333015e+09,2.055938232956577849e-04,-6.598486454656321598e+01
7.294036666666666985e+09,4.280736166009546650e-03,-6.600466459203559566e+01
7.294100000000000000e+09,1.916118721491955057e-02,-6.601365932880143816e+01
7.294163333333333015e+09,8.955982915821891766e-03,-6.604773972091494727e+01
7.294226666666666985e+09,-5.088557448483754797e-02,-6.613145646613070028e+01
7.294290000000000000e+09,-1.417652919326428673e-02,-6.611862260865387952e+01
7.294353333333333015e+09,-3.324623133907778083e-02,-6.616156749861411868e+01
7.294416666666666985e+09,-1.642396315213545677e-02,-6.616862041824225571e+01
7.294480000000000000e+09,7.717473166110266902e-03,-6.616835416973877670e+01
7.294543333333333015e+09,-2.004662132169698907e-02,-6.621999345204133647e+01
7.294606666666666985e+09,-2.598587594580692439e-02,-6.624980789448019891e+01
7.294670000000000000e+09,-2.050081851818674750e-02,-6.626819802486733124e+01
7.294733333333333015e+09,-3.884894489516454996e-03,-6.627545728865341346e+01
7.294796666666666985e+09,-2.242188803288058807e-02,-6.631786947001154431e+01
7.294860000000000000e+09,1.961365086728505958e-03,-6.631736140470668772e+01
7.294923333333333015e+09,-2.088552718561231814e-02,-6.636408348479378105e+01
7.294986666666666985e+09,-3.077268808124244970e-02,-6.639784583350450475e+01
7.295050000000000000e+09,2.941226361954818458e-03,-6.638800710687571893e+01
7.295113333333333015e+09,-3.218209670937710598e-02,-6.644700561776180336e+01
7.295176666666666985e+09,-2.945759652551771524e-02,-6.646815630539303754e+01
7.295240000000000000e+09,-5.104857184190336739e-02,-6.651362246852384885e+01
7.295303333333333015e+09,1.812350364157566673e-02,-6.646832558085512233e+01
7.295366666666666985e+09,-3.130307132740028919e-02,-6.654162734363919185e+01
7.295430000000000000e+09,1.484700152295204134e-02,-6.651935245860325097e+01
7.295493333333333015e+09,-1.688290604411690765e-02,-6.657495755398508663e+01
7.295556666666666985e+09,-3.838758936637987063e-03,-6.658578859469268707e+01
7.295620000000000000e+09,-2.517916469318493000e-02,-6.663100418826398652e+01
7.295683333333333015e+09,6.609339493962806955e-03,-6.662309087189126444e+01
7.295746666666666985e+09,-2.177424880153466802e-02,-6.667534964800185548e+01
7.295810000000000000e+09,-9.913670184189982137e-03,-6.668736425719926331e+01
7.295873333333333015e+09,-3.995909306767941871e-02,-6.674128486789716419e+01
7.295936666666666985e+09,-2.959797738436975578e-02,-6.675479894002894810e+01
7.296000000000000000e+09,1.044765770951983086e-02,-6.673862849274981102e+01
7.296063333333333015e+09,-6.677780772463393077e-03,-6.677962911904621990e+01
7.296126666666666985e+09,-5.068164761570415067e-02,-6.684750817370455422e+01
7.296190000000000000e+09,-2.579783591205853099e-02,-6.684649954981566111e+01
7.296253333333333015e+09,-3.658600229931607828e-02,-6.688116290401734432e+01
7.296316666666666985e+09,-1.779770717854489703e-02,-6.688624979671165249e+01
7.296380000000000000e+09,-3.555521371903580530e-02,-6.692788249106691012e+01
7.296443333333333015e+09,-5.559029184485098085e-02,-6.697179275700747780e+01
7.296506666666666985e+09,-2.392645971058016130e-02,-6.696400411268795949e+01
7.296570000000000000e+09,-1.912863433986444761e-02,-6.698308147513199629e+01
7.296633333333333015e+09,-5.292792528535983365e-03,-6.699312082113542033e+01
7.296696666666666985e+09,-1.906859963935403357e-02,-6.703077181606099089e+01
7.296760000000000000e+09,-9.421726871011060211e-03,-6.704500013110740042e+01
7.296823333333333015e+09,-6.744067735070302660e-03,-6.706619765978622638e+01
7.296886666666666985e+09,-5.030990161429826912e-04,-6.708383187888237842e+01
7.296950000000000000e+09,-3.536047135069964042e-02,-6.714256443903136073e+01
7.297013333333333015e+09,-2.342581994481918173e-02,-6.715450497544023278e+01
7.297076666666666985e+09,-1.784279794946996844e-02,-6.717279714125997714e+01
7.297140000000000000e+09,-1.370908481112564914e-02,-6.719253861593605848e+01
7.297203333333333015e+09,-1.201396525848963392e-02,-6.721471868419817497e+01
7.297266666666666985e+09,-2.553889557371746832e-02,-6.725211880232849637e+01
7.297330000000000000e+09,-5.917431032931119717e-02,-6.730962940489850155e+01
7.297393333333333015e+09,-3.485714888864777095e-02,-6.730918743127259063e+01
7.297456666666666985e+09,2.410986199247133754e-02,-6.727409560820656509e+01
7.297520000000000000e+09,-4.155623610964198633e-02,-6.736363689412310407e+01
7.297583333333333015e+09,-5.656743249980422661e-02,-6.740252327832801882e+01
7.297646666666666985e+09,-1.210856683961480940e-02,-6.738193960048290876e+01
7.297710000000000000e+09,-2.409780923851201351e-02,-6.741780403069657268e+01
7.297773333333333015e+09,-3.535486031456969158e-02,-6.745293626958704181e+01
7.297836666666666985e+09,-4.675175485179750012e-02,-6.748820835193936318e+01
7.297900000000000000e+09,-7.213332928591853488e-02,-6.753746511418823673e+01
7.297963333333333015e+09,4.898309780330123431e-03,-6.748430866293641373e+01
7.298026666666666985e+09,-3.261858174506926389e-02,-6.754570074227690668e+01
7.298090000000000000e+09,-3.071297630617664254e-02,-6.756767032465276657e+01
7.298153333333333015e+09,-4.371651468005666175e-02,-6.760454905084105803e+01
7.298216666666666985e+09,-6.299550705384149296e-02,-6.764770323102993643e+01
7.298280000000000000e+09,-3.157216005807583770e-02,-6.764015507184892328e+01
7.298343333333333015e+09,-3.327079551145573078e-02,-6.766572889511705569e+01
7.298406666666666985e+09,-9.512457192428769304e-03,-6.766584574461279544e+01
7.298470000000000000e+09,-1.103004495027448684e-02,-6.769123852018539367e+01
7.298533333333333015e+09,-3.755382270341556250e-02,-6.774163748575328725e+01
7.298596666666666985e+09,-4.741410643524091029e-02,-6.777537295729986511e+01
7.298660000000000000e+09,-3.682842260988650196e-02,-6.778866246128926321e+01
7.298723333333333015e+09,-6.050181033361923255e-02,-6.783621103682776265e+01
7.298786666666666985e+09,-4.415252915160294833e-02,-6.784373694346082573e+01
7.298850000000000000e+09,-5.574659022974515210e-02,-6.787920619235339359e+01
7.298913333333333015e+09,-8.455920208120915049e-03,-6.785579071014652186e+01
7.298976666666666985e+09,-1.890512313873671246e-02,-6.789011510089223123e+01
7.299040000000000000e+09,-1.515888055480729690e-02,-6.791024404612271326e+01
7.299103333333333015e+09,-1.979865547858139507e-02,-6.793875900886123986e+01
7.299166666666666985e+09,-3.438447222922036417e-02,-6.797722001342697240e+01
7.299230000000000000e+09,-1.511266236686026332e-02,-6.798182339137903796e+01
7.299293333333333015e+09,-2.898370926294546734e-02,-6.801956962608987567e+01
7.299356666666666985e+09,-3.364487313987751804e-03,-6.801782559195601152e+01
7.299420000000000000e+09,-2.719808419429625701e-02,-6.806553437665074568e+01
7.299483333333333015e+09,-1.591908316747492336e-02,-6.807813056343867686e+01
7.299546666666666985e+09,-3.166624622562608238e-02,-6.811775291431192159e+01
7.299610000000000000e+09,-3.501927922636127732e-02,-6.814498113512740929e+01
7.299673333333333015e+09,-2.794906507891425917e-02,-6.816178610879437372e+01
7.299736666666666985e+09,-1.079877470473888934e-03,-6.815879210900102692e+01
7.299800000000000000e+09,-2.066779597987533634e-02,-6.820225521532518087e+01
7.299863333333333015e+09,-1.898748787574788821e-02,-6.822445009503547908e+01
7.299926666666666985e+09,-3.447091709227834144e-02,-6.826380871206708889e+01
7.299990000000000000e+09,-4.757854541155381867e-02,-6.830079152820111688e+01
7.300053333333333015e+09,-7.222542339236781572e-02,-6.834931359399635653e+01
7.300116666666666985e+09,-5.032515965741879427e-02,-6.835128851807650108e+01
7.300180000000000000e+09,-4.760411322112645394e-02,-6.837244265945496124e+01
7.300243333333333015e+09,-6.864067849222976747e-02,-6.841735441254081707e+01
7.300306666666666985e+09,-4.419214635957757764e-02,-6.841678106822293159e+01
7.300370000000000000e+09,4.373513119915628522e-03,-6.839209059655819090e+01
7.300433333333333015e+09,-3.892797387305790835e-02,-6.845926727136591694e+01
7.300496666666666985e+09,-5.622981077301858477e-02,-6.850044429608063012e+01
7.300560000000000000e+09,-6.078228409090513651e-02,-6.852887195721326918e+01
7.300623333333333015e+09,-2.977324169941653054e-02,-6.852173810263653309e+01
7.300686666666666985e+09,-1.599221977073739254e-02,-6.853183226852260646e+01
7.300750000000000000e+09,-6.111588944415302649e-02,-6.860083112601078881e+01
7.300813333333333015e+09,-8.247768220662976546e-02,-6.864606810658801805e+01
7.300876666666666985e+09,-1.260478320975266797e-02,-6.860007039540623452e+01
7.300940000000000000e+09,-2.397573862978674697e-02,-6.863531653864068005e+01
7.301003333333333015e+09,-4.859819171713297692e-02,-6.868381417954279300e+01
7.301066666666666985e+09,-3.849682003388466001e-02,-6.869758799567462404e+01
7.301130000000000000e+09,-3.653593338161442716e-02,-6.871950229683677946e+01
7.301193333333333015e+09,-3.202360539543747109e-02,-6.873886515666535502e+01
7.301256666666666985e+09,-2.032336083875918575e-02,-6.875104009992377030e+01
7.301320000000000000e+09,-2.001972459997602982e-02,-6.877461165149939859e+01
7.301383333333333015e+09,-5.033265588683377700e-02,-6.882879977060100885e+01
7.301446666666666985e+09,-9.482104656058254477e-03,-6.881182440718532689e+01
7.301510000000000000e+09,-2.100844763111808788e-02,-6.884722593797513923e+01
7.301573333333333015e+09,-3.692957470975954948e-02,-6.888702225286820635e+01
7.301636666666666985e+09,-6.448532201126511154e-02,-6.893845318798480548e+01
7.301700000000000000e+09,-3.515867414697027016e-02,-6.893300172793526315e+01
7.301763333333333015e+09,-3.521089478090289049e-02,-6.895692913638362143e+01
7.301826666666666985e+09,-6.578069373892958538e-02,-6.901137412315672748e+01
7.301890000000000000e+09,-5.196751285330947212e-02,-6.902143613008587408e+01
7.301953333333333015e+09,-1.813068944983342590e-02,-6.901147449449680948e+01
7.302016666666666985e+09,-1.106387022032606637e-02,-6.902828286308239569e+01
7.302080000000000000e+09,-2.773302045504522084e-02,-6.906882720113186735e+01
7.302143333333333015e+09,-1.065147050942982787e-02,-6.907562083900100447e+01
7.302206666666666985e+09,-6.863818668860233174e-02,-6.915748274299492948e+01
7.302270000000000000e+09,-1.869406038886722854e-02,-6.913141380450994689e+01
7.302333333333333015e+09,-2.499129436546354555e-02,-6.916158622630130992e+01
7.302396666666666985e+09,5.560082301386159997e-03,-6.915491003744921272e+01
7.302460000000000000e+09,-4.893254973030991550e-02,-6.923327785729566131e+01
7.302523333333333015e+09,-3.437351677757760626e-02,-6.924259401215768150e+01
7.302586666666666985e+09,-7.425626382328687214e-03,-6.923952130957719930e+01
7.302650000000000000e+09,-3.293352850444364321e-02,-6.928890439951406677e+01
7.302713333333333015e+09,-4.361630206119571085e-02,-6.932346236088557134e+01
7.302776666666666985e+09,-3.310658798497456701e-02,-6.933682783462444377e+01
7.302840000000000000e+09,-5.597402360031367152e-02,-6.938357045805419432e+01
7.302903333333333015e+09,-7.425542321007583269e-02,-6.942572704547870899e+01
7.302966666666666985e+09,-2.717949034490629856e-02,-6.940252630042863302e+01
7.303030000000000000e+09,-3.692020882577651264e-02,-6.943614220672391468e+01
7.303093333333333015e+09,-3.933367533858245224e-02,-6.946243086105148734e+01
7.303156666666666985e+09,8.594493761336252646e-03,-6.943837787976664799e+01
7.303220000000000000e+09,-4.743956234223389856e-02,-6.951828712368464380e+01
7.303283333333333015e+09,-6.973573329787541297e-02,-6.956445848245503782e+01
7.303346666666666985e+09,-4.589170752942095532e-02,-6.956448964450167693e+01
7.303410000000000000e+09,-2.543168054356215180e-02,-6.956790480533057064e+01
7.303473333333333015e+09,-6.987074490416489425e-02,-6.963621905750559904e+01
7.303536666666666985e+09,-5.356137278393191536e-02,-6.964378487320045963e+01
7.303600000000000000e+09,-2.527019373728478513e-02,-6.963936888196856501e+01
7.303663333333333015e+09,-9.297501364585514239e-03,-6.964727137741027718e+01
7.303726666666666985e+09,-5.589263978090741603e-02,-6.971774170364169265e+01
7.303790000000000000e+09,-6.392881686457485557e-02,-6.974965306854011260e+01
7.303853333333333015e+09,-3.572748433418837521e-02,-6.974532692382415178e+01
7.303916666666666985e+09,-2.836859205895336800e-02,-6.976184321936401034e+01
7.303980000000000000e+09,-4.299522679019673888e-03,-6.976164933779882915e+01
7.304043333333333015e+09,-5.209545078325561462e-02,-6.983332045371781760e+01
7.304106666666666985e+09,6.235845088156111160e-03,-6.979886434566115838e+01
7.304170000000000000e+09,-1.453909180418122560e-02,-6.984351447036824823e+01
7.304233333333333015e+09,-3.519878963335543176e-02,-6.988804935601218915e+01
7.304296666666666985e+09,-6.101639708300865550e-02,-6.993774215127659488e+01
7.304360000000000000e+09,-2.116080196677216918e-02,-6.992176174397511090e+01
7.304423333333333015e+09,-3.406583374413685306e-02,-6.995854196356722809e+01
7.304486666666666985e+09,-5.593656015749104427e-02,-7.000428787779533479e+01
7.304550000000000000e+09,-4.321897189960566266e-02,-7.001544547735220192e+01
7.304613333333333015e+09,-2.265675964410718279e-02,-7.001875845291145595e+01
7.304676666666666985e+09,-4.882476717851602643e-02,-7.006880164826095836e+01
7.304740000000000000e+09,-2.371507245231896377e-02,-7.006756714134918695e+01
7.304803333333333015e+09,-1.339141385430764331e-02,-7.008111867056592814e+01
7.304866666666666985e+09,-5.039469375000749096e-02,-7.014199713827672156e+01
7.304930000000000000e+09,-5.240608121860645952e-02,-7.016788371355974618e+01
7.304993333333333015e+09,-4.865243592993806487e-02,-7.018800525608583030e+01
7.305056666666666985e+09,-2.463574767311627056e-02,-7.018786375564410207e+01
7.305120000000000000e+09,-2.971913774472056957e-02,-7.021682233353011782e+01
7.305183333333333015e+09,-3.921170193314083008e-02,-7.025019008553329058e+01
7.305246666666666985e+09,-4.753274100403359625e-02,-7.028238631241927692e+01
7.305310000000000000e+09,-1.024478526089467323e-02,-7.026897354449089050e+01
7.305373333333333015e+09,-2.680445261476904761e-02,-7.030940839965917633e+01
7.305436666666666985e+09,-7.157691290792911332e-02,-7.037805604776742996e+01
7.305500000000000000e+09,-2.898754941536196839e-02,-7.035934187208961532e+01
7.305563333333333015e+09,-1.190210739666497375e-02,-7.036613161788534399e+01
7.305626666666666985e+09,-5.696342598423598247e-02,-7.043506812428800856e+01
7.305690000000000000e+09,-1.282012824333378376e-02,-7.041480001436185887e+01
7.305753333333333015e+09,-7.720165942131984593e-03,-7.043357523987508273e+01
7.305816666666666985e+09,-6.293846926898538641e-02,-7.051266873101702970e+01
7.305880000000000000e+09,-1.221054687181322151e-02,-7.048581599643461004e+01
7.305943333333333015e+09,-2.976613838832520287e-02,-7.052724677576587453e+01
7.306006666666666985e+09,-3.341955977337818240e-02,-7.055477538496568002e+01
7.306070000000000000e+09,-2.943933456738534460e-02,-7.057467034757443969e+01
7.306133333333333015e+09,-4.645063056986487027e-02,-7.061555683139167172e+01
7.306196666666666985e+09,-5.405221792408099191e-02,-7.064703360656064035e+01
7.306260000000000000e+09,-3.489115696656597265e-02,-7.065174773341787784e+01
7.306323333333333015e+09,-2.830282585381382887e-02,-7.066903459011989241e+01
7.306386666666666985e+09,1.680493240533564858e-02,-7.064780201967549544e+01
7.306450000000000000e+09,-4.606998137623463663e-02,-7.073455212127181824e+01
7.306513333333333015e+09,-3.906173791601474932e-02,-7.075141906562636507e+01
7.306576666666666985e+09,-2.097607869013984327e-02,-7.075720859421556952e+01
7.306640000000000000e+09,-2.404287632052160006e-02,-7.078415057966037693e+01
7.306703333333333015e+09,-2.917233000614771754e-02,-7.081315522116075556e+01
7.306766666666666985e+09,-4.721984292646652648e-02,-7.085507792189616794e+01
7.306830000000000000e+09,-2.398454282125328518e-02,-7.085571780960536614e+01
7.306893333333333015e+09,-5.723928060770333559e-02,-7.091284773520656870e+01
7.306956666666666985e+09,-2.440097764308291062e-02,-7.090388462005704184e+01
7.307020000000000000e+09,5.087648414416889864e-04,-7.090285006538694290e+01
7.307083333333333015e+09,-4.187233605760809496e-02,-7.096910635410074519e+01
7.307146666666666985e+09,-1.459633501673351930e-02,-7.096570554087494997e+01
7.307210000000000000e+09,-6.239960910768616031e-02,-7.103738400278066933e+01
7.307273333333333015e+09,-3.850194717512067655e-02,-7.103736152866252951e+01
7.307336666666666985e+09,7.809786068037283258e-03,-7.101492498323446512e+01
7.307400000000000000e+09,-3.396028454780264383e-02,-7.108057024166505755e+01
7.307463333333333015e+09,-6.537406659423083966e-02,-7.113585921152589719e+01
7.307526666666666985e+09,-2.660980749863028905e-02,-7.112097014024539021e+01
7.307590000000000000e+09,-1.071400540074307628e-02,-7.112894952596225551e+01
7.307653333333333015e+09,-1.605972313444681276e-02,-7.115817043151037069e+01
7.307716666666666985e+09,-2.451770987796919599e-02,-7.119050360606898664e+01
7.307780000000000000e+09,-3.915211689876230139e-02,-7.122901320090453225e+01
7.307843333333333015e+09,-1.531401060627501920e-02,-7.122905028242647063e+01
7.307906666666666985e+09,-2.449421812745811167e-02,-7.126210567776274729e+01
7.307970000000000000e+09,-2.726827866518988230e-02,-7.128875492611523157e+01
7.308033333333333015e+09,-1.344737634109094415e-02,-7.129880921160588514e+01
7.308096666666666985e+09,1.089625442560304691e-03,-7.130814739763700061e+01
7.308160000000000000e+09,-3.285857694024230113e-03,-7.133639806858833765e+01
7.308223333333333015e+09,-2.257452508186474915e-02,-7.137956192379093068e+01
7.308286666666666985e+09,-1.530155895557072654e-02,-7.139616414547938916e+01
7.308350000000000000e+09,-6.865093867487814805e-02,-7.147338871301344909e+01
7.308413333333333015e+09,-1.960434683124390176e-02,-7.144821730898456735e+01
7.308476666666666985e+09,-2.737142812880222209e-02,-7.147985957809721924e+01
7.308540000000000000e+09,1.403443328699438553e-02,-7.146232890449583408e+01
7.308603333333333015e+09,-5.132103840423951624e-03,-7.150537062943801914e+01
7.308666666666666985e+09,3.541280618847508777e-03,-7.152057243279382703e+01
7.308730000000000000e+09,-3.082186220272831179e-02,-7.157881076342982851e+01
7.308793333333333015e+09,-1.947961385111796062e-02,-7.159134370289298488e+01
7.308856666666666985e+09,-4.126738593453183057e-02,-7.163700666279147811e+01
7.308920000000000000e+09,-4.445029989497584211e-02,-7.166406476456634778e+01
7.308983333333333015e+09,-2.615449557032434313e-02,-7.166964414805644878e+01
7.309046666666666985e+09,-5.286783118059190656e-02,-7.172023267148180992e+01
7.309110000000000000e+09,-4.042861368651529119e-02,-7.173166864180248581e+01
7.309173333333333015e+09,-6.956730031589586360e-03,-7.172207194596197155e+01
7.309236666666666985e+09,-5.419296614746826890e-02,-7.179318336989294380e+01
7.309300000000000000e+09,-2.770141007583504233e-02,-7.179056700163606308e+01
7.309363333333333015e+09,-5.908227082542794051e-03,-7.179264900645719649e+01
7.309426666666666985e+09,-5.503018744664700534e-02,-7.186564615463638006e+01
7.309490000000000000e+09,-2.202323397330019361e-02,-7.185651438897779997e+01
7.309553333333333015e+09,-3.005287012967983173e-03,-7.186137162983189342e+01
7.309616666666666985e+09,-1.972564922249375741e-02,-7.190196717985649855e+01
7.309680000000000000e+09,-4.831797275585358875e-03,-7.191094851572435687e+01
7.309743333333333015e+09,-2.680441879699912988e-02,-7.195679632506018208e+01
7.309806666666666985e+09,-3.032167366346527615e-02,-7.198418876774174180e+01
7.309870000000000000e+09,-3.689581141897235739e-02,-7.201463809331200139e+01
7.309933333333333015e+09,-1.071614484580152293e-02,-7.201233361455358306e+01
7.309996666666666985e+09,-2.382377902451082718e-02,-7.204931643654704487e+01
7.310060000000000000e+09,-1.627946167096183672e-02,-7.206564730700824839e+01
7.310123333333333015e+09,-2.372390035628768601e-02,-7.209696693350832675e+01
7.310186666666666985e+09,-2.054619197461704516e-02,-7.211766441294140861e+01
7.310250000000000000e+09,-2.310305364470366385e-02,-7.214409646242626195e+01
7.310313333333333015e+09,-9.920472243393874123e-03,-7.215478906883970467e+01
7.310376666666666985e+09,-2.733097019401498073e-03,-7.217147688143080586e+01
7.310440000000000000e+09,-2.936523191959850010e-02,-7.222198420414542852e+01
7.310503333333333015e+09,-1.559615030066652253e-02,-7.223209031034124905e+01
7.310566666666666985e+09,-3.191562398095015851e-02,-7.227228497183662626e+01
7.310630000000000000e+09,-2.996065520912338798e-02,-7.229420519087921093e+01
7.310693333333333015e+09,-1.248816188417833928e-02,-7.230060788536901839e+01
7.310756666666666985e+09,4.652477813380073712e-03,-7.230734243348655355e+01
7.310820000000000000e+09,-1.935686647905754398e-02,-7.235522696559340261e+01
7.310883333333333015e+09,8.698608782566452646e-03,-7.235104667814653112e+01
7.310946666666666985e+09,-4.281768898128746059e-02,-7.242643816372547860e+01
7.311010000000000000e+09,-3.150832318009122446e-02,-7.243900398573870802e+01
7.311073333333333015e+09,1.658749566715300716e-02,-7.241478335470621630e+01
7.311136666666666985e+09,-3.705795077330265030e-02,-7.249230398896176553e+01
7.311200000000000000e+09,-2.216934057268815650e-02,-7.250129056657590354e+01
7.311263333333333015e+09,-8.168483595596853775e-03,-7.251116489741323790e+01
7.311326666666666985e+09,-1.145308873581996068e-02,-7.253832469036855457e+01
7.311390000000000000e+09,-1.718546171917978427e-02,-7.256793225116666690e+01
7.311453333333333015e+09,-9.237778726173928590e-03,-7.258385975598807249e+01
7.311516666666666985e+09,-4.376756189827801791e-04,-7.259893484069597491e+01
7.311580000000000000e+09,-1.944974668784027472e-02,-7.264182209957958491e+01
7.311643333333333015e+09,-6.748570759667416041e-02,-7.271373324830284446e+01
7.311706666666666985e+09,-2.904726427163950575e-02,-7.269916999279288916e+01
7.311770000000000000e+09,-1.757711754048330022e-02,-7.271157503387648546e+01
7.311833333333333015e+09,1.269767869180782327e-02,-7.270517542545896106e+01
7.311896666666666985e+09,-5.810463554226430460e-03,-7.274755875551974782e+01
7.311960000000000000e+09,-2.990106132280345719e-02,-7.279552454110307735e+01
7.312023333333333015e+09,-2.347356076649020906e-02,-7.281297222836153082e+01
7.312086666666666985e+09,-2.856833241885681218e-02,-7.284194218782864993e+01
7.312150000000000000e+09,-5.111530670318131797e-02,-7.288836434992772695e+01
7.312213333333333015e+09,-5.732065559388388465e-02,-7.291844488663318202e+01
7.312276666666666985e+09,-4.311436049616190758e-02,-7.292811377935055361e+01
7.312340000000000000e+09,4.505640184973458418e-03,-7.290436896648382969e+01
7.312403333333333015e+09,-1.583327623983166177e-02,-7.294858307072338732e+01
7.312466666666666985e+09,-2.000644255072359101e-02,-7.297663142484937282e+01
7.312530000000000000e+09,-1.172105984650784194e-03,-7.298167227609772567e+01
7.312593333333333015e+09,-4.711485133412907089e-04,-7.300484650644116869e+01
7.312656666666666985e+09,-1.124548115939205672e-02,-7.303949602690229881e+01
7.312720000000000000e+09,1.316472703038584768e-03,-7.305080926085430804e+01
7.312783333333333015e+09,-4.380938338574935642e-02,-7.311981030475784848e+01
7.312846666666666985e+09,-1.666829961426685713e-02,-7.311654440880144534e+01
7.312910000000000000e+09,-5.228305846806335921e-02,-7.317603435546966750e+01
7.312973333333333015e+09,-1.031744734122241880e-02,-7.315794393215757907e+01
7.313036666666666985e+09,6.467240972426679946e-03,-7.316503443165902354e+01
7.313100000000000000e+09,-2.460583185226994374e-02,-7.321998269229847267e+01
7.313163333333333015e+09,-4.421119740595713665e-02,-7.326346324566657131e+01
7.313226666666666985e+09,-1.337491684000724490e-02,-7.325650215291571499e+01
7.313290000000000000e+09,-4.016752758857933259e-02,-7.330716995147903958e+01
7.313353333333333015e+09,-3.919423684102696370e-02,-7.333007184854591287e+01
7.313416666666666985e+09,-7.200716224753023198e-02,-7.338675996176750971e+01
7.313480000000000000e+09,-2.442217668524904184e-02,-7.336305016401998103e+01
7.313543333333333015e+09,-6.423179926798638917e-03,-7.336892635507595628e+01
7.313606666666666985e+09,-1.333905279423674983e-03,-7.338771226824367488e+01
7.313670000000000000e+09,-8.351405232531305955e-03,-7.341860495601153502e+01
7.313733333333333015e+09,-4.491798721430484420e-02,-7.347904672580806107e+01
7.313796666666666985e+09,-7.687182809218029433e-02,-7.353487575450068903e+01
7.313860000000000000e+09,-3.627041677398779029e-02,-7.351814953099724903e+01
7.313923333333333015e+09,-1.897704891923979176e-02,-7.352473135095725354e+01
7.313986666666666985e+09,-2.043916863701156217e-02,-7.355006865848977782e+01
7.314050000000000000e+09,-2.507716502110213241e-02,-7.357858184268862090e+01
7.314113333333333015e+09,-2.716958583977202579e-02,-7.360454945132204330e+01
7.314176666666666985e+09,-3.408140850325480642e-02,-7.363533646180029280e+01
7.314240000000000000e+09,-6.918960758198977601e-03,-7.363204920186998947e+01
7.314303333333333015e+09,-2.421038347955573045e-02,-7.367321581240611295e+01
7.314366666666666985e+09,-1.338999791401818129e-02,-7.368627061465565475e+01
7.314430000000000000e+09,-3.970478185452464004e-02,-7.373646058641058687e+01
7.314493333333333015e+09,-1.405641263960433207e-02,-7.373468740501041907e+01
7.314556666666666985e+09,-4.201384019782494761e-02,-7.378652002038373325e+01
7.314620000000000000e+09,-4.405632289081040653e-02,-7.381243769089113016e+01
7.314683333333333015e+09,-1.354918618091005555e-02,-7.380580574199598232e+01
7.314746666666666985e+09,-2.860706392191048053e-02,-7.384473880755207631e+01
7.314810000000000000e+09,-4.240425199455444272e-02,-7.388241118343913172e+01
7.314873333333333015e+09,-8.460136787448391260e-03,-7.387234225604679239e+01
7.314936666666666985e+09,-3.600436610966539774e-02,-7.392376167318408875e+01
7.315000000000000000e+09,-1.505929040666842411e-02,-7.392669178529585849e+01
