# freq_Hz, amplitude_dBm
7.125000000000000000e+09,-9.241557344278658093e+01
7.125063333333333015e+09,-9.234200530203857227e+01
7.125126666666666985e+09,-9.233383686470972407e+01
7.125190000000000000e+09,-9.253410502941289906e+01
7.125253333333333015e+09,-9.274625275121957202e+01
7.125316666666666985e+09,-9.233851231785786240e+01
7.125380000000000000e+09,-9.259961699676787816e+01
7.125443333333333015e+09,-9.241001626744457553e+01
7.125506666666666985e+09,-9.259083182322385142e+01
7.125570000000000000e+09,-9.240774046523041818e+01
7.125633333333333015e+09,-9.245243537860724814e+01
7.125696666666666985e+09,-9.248624664581420518e+01
7.125760000000000000e+09,-9.240784775754585212e+01
7.125823333333333015e+09,-9.265318221705589963e+01
7.125886666666666985e+09,-9.255379501266293119e+01
7.125950000000000000e+09,-9.243277149465113496e+01
7.126013333333333015e+09,-9.255408812780143535e+01
7.126076666666666985e+09,-9.228819057424409777e+01
7.126140000000000000e+09,-9.253185517230257062e+01
7.126203333333333015e+09,-9.245246734723491500e+01
7.126266666666666985e+09,-9.226744385075681976e+01
7.126330000000000000e+09,-9.256873536493898769e+01
7.126393333333333015e+09,-9.277781164153697091e+01
7.126456666666666985e+09,-9.250815502484833530e+01
7.126520000000000000e+09,-9.250924319050241706e+01
7.126583333333333015e+09,-9.244739946720829948e+01
7.126646666666666985e+09,-9.257714419402425676e+01
7.126710000000000000e+09,-9.248355421778514085e+01
7.126773333333333015e+09,-9.234249516422046611e+01
7.126836666666666985e+09,-9.234218164135924667e+01
7.126900000000000000e+09,-9.238526546657708138e+01
7.126963333333333015e+09,-9.253422277826281572e+01
7.127026666666666985e+09,-9.253122970407586934e+01
7.127090000000000000e+09,-9.233891109365104910e+01
7.127153333333333015e+09,-9.247888200567693673e+01
7.127216666666666985e+09,-9.243872710745797860e+01
7.127280000000000000e+09,-9.242026317090464715e+01
7.127343333333333015e+09,-9.241191361800073878e+01
7.127406666666666985e+09,-9.238568783110643778e+01
7.127470000000000000e+09,-9.249804930625275290e+01
7.127533333333333015e+09,-9.251106775476392841e+01
7.127596666666666985e+09,-9.218051729062418076e+01
7.127660000000000000e+09,-9.222227550472403834e+01
7.127723333333333015e+09,-9.262059132908582626e+01
7.127786666666666985e+09,-9.232032416061647950e+01
7.127850000000000000e+09,-9.263001454009661018e+01
7.127913333333333015e+09,-9.217089788453320409e+01
7.127976666666666985e+09,-9.241023198898807323e+01
7.128040000000000000e+09,-9.245657140455755041e+01
7.128103333333333015e+09,-9.251453676787866698e+01
7.128166666666666985e+09,-9.263823786141712446e+01
7.128230000000000000e+09,-9.234719527703502706e+01
7.128293333333333015e+09,-9.246021395801788856e+01
7.128356666666666985e+09,-9.237406244327567606e+01
7.128420000000000000e+09,-9.253778206381474547e+01
7.128483333333333015e+09,-9.220967803279968678e+01
7.128546666666666985e+09,-9.260604425083300839e+01
7.128610000000000000e+09,-9.249515346359849843e+01
7.128673333333333015e+09,-9.252158456216304216e+01
7.128736666666666985e+09,-9.227541773947936576e+01
7.128800000000000000e+09,-9.246846185037276200e+01
7.128863333333333015e+09,-9.244123179023232240e+01
7.128926666666666985e+09,-9.254330835762158358e+01
7.128990000000000000e+09,-9.236939550356055406e+01
7.129053333333333015e+09,-9.221336858265178194e+01
7.129116666666666985e+09,-9.249898942766940024e+01
7.129180000000000000e+09,-9.230429995997116066e+01
7.129243333333333015e+09,-9.244364859443152227e+01
7.129306666666666985e+09,-9.247539135053193604e+01
7.129370000000000000e+09,-9.274458700019307855e+01
7.129433333333333015e+09,-9.227476717459370548e+01
7.129496666666666985e+09,-9.246141695304811492e+01
7.129560000000000000e+09,-9.234015175590924684e+01
7.129623333333333015e+09,-9.255416006268006868e+01
7.129686666666666985e+09,-9.220090722063409316e+01
7.129750000000000000e+09,-9.233619690714587591e+01
7.129813333333333015e+09,-9.257751843716883400e+01
7.129876666666666985e+09,-9.261391116322714367e+01
7.129940000000000000e+09,-9.251763810909974950e+01
7.130003333333333015e+09,-9.219974869652183713e+01
7.130066666666666985e+09,-9.243283288109228124e+01
7.130130000000000000e+09,-9.250188898992077213e+01
7.130193333333333015e+09,-9.254960504983138492e+01
7.130256666666666985e+09,-9.236310629548782458e+01
7.130320000000000000e+09,-9.243076250672125127e+01
7.130383333333333015e+09,-9.247668006700662602e+01
7.130446666666666985e+09,-9.217893453372184354e+01
7.130510000000000000e+09,-9.231381959208050603e+01
7.130573333333333015e+09,-9.242980071732397107e+01
7.130636666666666985e+09,-9.233709990621308350e+01
7.130700000000000000e+09,-9.257904987381394335e+01
7.130763333333333015e+09,-9.253248677141303347e+01
7.130826666666666985e+09,-9.238580935472937483e+01
7.130890000000000000e+09,-9.234538556832279710e+01
7.130953333333333015e+09,-9.232334742200934841e+01
7.131016666666666985e+09,-9.231416041735344891e+01
7.131080000000000000e+09,-9.238725778293222390e+01
7.131143333333333015e+09,-9.250944539898254959e+01
7.131206666666666985e+09,-9.243829828528336634e+01
7.131270000000000000e+09,-9.235381113559867572e+01
7.131333333333333015e+09,-9.238784845939632362e+01
7.131396666666666985e+09,-9.262917711057903603e+01
7.131460000000000000e+09,-9.209971928998392343e+01
7.131523333333333015e+09,-9.240222121480940132e+01
7.131586666666666985e+09,-9.242564630944919202e+01
7.131650000000000000e+09,-9.244476362887139942e+01
7.131713333333333015e+09,-9.228190364407426216e+01
7.131776666666666985e+09,-9.266019730525084697e+01
7.131840000000000000e+09,-9.251092263533037396e+01
7.131903333333333015e+09,-9.248384142862830970e+01
7.131966666666666985e+09,-9.249238333710081861e+01
7.132030000000000000e+09,-9.239151329198934093e+01
7.132093333333333015e+09,-9.219578340241106673e+01
7.132156666666666985e+09,-9.216540013767379946e+01
7.132220000000000000e+09,-9.222924490362559879e+01
7.132283333333333015e+09,-9.226473070873799998e+01
7.132346666666666985e+09,-9.239314142094289650e+01
7.132410000000000000e+09,-9.228056728922966556e+01
7.132473333333333015e+09,-9.231461649518548995e+01
7.132536666666666985e+09,-9.244889481551010135e+01
7.132600000000000000e+09,-9.253237911859601184e+01
7.132663333333333015e+09,-9.247895295881937727e+01
7.132726666666666985e+09,-9.238159042257908027e+01
7.132790000000000000e+09,-9.238188508425517398e+01
7.132853333333333015e+09,-9.221057466928650115e+01
7.132916666666666985e+09,-9.264937376294594173e+01
7.132980000000000000e+09,-9.234700247069055479e+01
7.133043333333333015e+09,-9.232489170068176065e+01
7.133106666666666985e+09,-9.239558200094849383e+01
7.133170000000000000e+09,-9.263847504985807291e+01
7.133233333333333015e+09,-9.223979331652039093e+01
7.133296666666666985e+09,-9.252025367459323490e+01
7.133360000000000000e+09,-9.229074503910496219e+01
7.133423333333333015e+09,-9.240049317170443999e+01
7.133486666666666985e+09,-9.228659766383330521e+01
7.133550000000000000e+09,-9.241824571604482230e+01
7.133613333333333015e+09,-9.215374852990321131e+01
7.133676666666666985e+09,-9.213144755234168315e+01
7.133740000000000000e+09,-9.231543337073959776e+01
7.133803333333333015e+09,-9.224831953579625576e+01
7.133866666666666985e+09,-9.230035030964644704e+01
7.133930000000000000e+09,-9.235742899092966240e+01
7.133993333333333015e+09,-9.228724208582622168e+01
7.134056666666666985e+09,-9.219272399464659884e+01
7.134120000000000000e+09,-9.240336975921624685e+01
7.134183333333333015e+09,-9.247832865128812330e+01
7.134246666666666985e+09,-9.222330657509205309e+01
7.134310000000000000e+09,-9.246570666949658346e+01
7.134373333333333015e+09,-9.211278221912812114e+01
7.134436666666666985e+09,-9.216499638001960193e+01
7.134500000000000000e+09,-9.251644615124780557e+01
7.134563333333333015e+09,-9.230754644098047379e+01
7.134626666666666985e+09,-9.240809156914174594e+01
7.134690000000000000e+09,-9.228277691250744397e+01
7.134753333333333015e+09,-9.254157692772866994e+01
7.134816666666666985e+09,-9.225264634046327217e+01
7.134880000000000000e+09,-9.236226450328508975e+01
7.134943333333333015e+09,-9.235617110581877398e+01
7.135006666666666985e+09,-9.239166421507341909e+01
7.135070000000000000e+09,-9.193168979784297790e+01
7.135133333333333015e+09,-9.232906886549795900e+01
7.135196666666666985e+09,-9.210207864671254185e+01
7.135260000000000000e+09,-9.215013140962902582e+01
7.135323333333333015e+09,-9.223446135327245088e+01
7.135386666666666985e+09,-9.212825057524504757e+01
7.135450000000000000e+09,-9.247069268071477666e+01
7.135513333333333015e+09,-9.231171751034599993e+01
7.135576666666666985e+09,-9.248249054545816250e+01
7.135640000000000000e+09,-9.257099017509908379e+01
7.135703333333333015e+09,-9.237856773346965156e+01
7.135766666666666985e+09,-9.249890560475583356e+01
7.135830000000000000e+09,-9.210762090556431758e+01
7.135893333333333015e+09,-9.233475016155284720e+01
7.135956666666666985e+09,-9.247856650020045777e+01
7.136020000000000000e+09,-9.223093479642544423e+01
7.136083333333333015e+09,-9.233274258874830309e+01
7.136146666666666985e+09,-9.230398265696281612e+01
7.136210000000000000e+09,-9.225142247624249592e+01
7.136273333333333015e+09,-9.222871329756272019e+01
7.136336666666666985e+09,-9.243707583822369145e+01
7.136400000000000000e+09,-9.243301379411457219e+01
7.136463333333333015e+09,-9.233306398744602461e+01
7.136526666666666985e+09,-9.216362677613827259e+01
7.136590000000000000e+09,-9.240745227138576467e+01
7.136653333333333015e+09,-9.235169786519620061e+01
7.136716666666666985e+09,-9.246061072218898857e+01
7.136780000000000000e+09,-9.223268240996185341e+01
7.136843333333333015e+09,-9.233054160194211590e+01
7.136906666666666985e+09,-9.224002481241568319e+01
7.136970000000000000e+09,-9.263691002890035975e+01
7.137033333333333015e+09,-9.240102924949935925e+01
7.137096666666666985e+09,-9.229147750092040781e+01
7.137160000000000000e+09,-9.240864186886192044e+01
7.137223333333333015e+09,-9.230882255560800331e+01
7.137286666666666985e+09,-9.244067014400107496e+01
7.137350000000000000e+09,-9.228281576963340171e+01
7.137413333333333015e+09,-9.248562708570489121e+01
7.137476666666666985e+09,-9.252657658316502420e+01
7.137540000000000000e+09,-9.234584093733496957e+01
7.137603333333333015e+09,-9.234776430104558642e+01
7.137666666666666985e+09,-9.225469957304240154e+01
7.137730000000000000e+09,-9.235426571706270238e+01
7.137793333333333015e+09,-9.226313562293822201e+01
7.137856666666666985e+09,-9.222683668881245467e+01
7.137920000000000000e+09,-9.224735526441992306e+01
7.137983333333333015e+09,-9.211104789060294706e+01
7.138046666666666985e+09,-9.246614157712626536e+01
7.138110000000000000e+09,-9.226442629250465188e+01
7.138173333333333015e+09,-9.234466977047993907e+01
7.138236666666666985e+09,-9.226004593501471618e+01
7.138300000000000000e+09,-9.226422480832114559e+01
7.138363333333333015e+09,-9.210097625514117681e+01
7.138426666666666985e+09,-9.228257149106070756e+01
7.138490000000000000e+09,-9.251615797058109081e+01
7.138553333333333015e+09,-9.243655399920625371e+01
7.138616666666666985e+09,-9.231129875030549670e+01
7.138680000000000000e+09,-9.257969599328305321e+01
7.138743333333333015e+09,-9.211363258858931147e+01
7.138806666666666985e+09,-9.211873134374364724e+01
7.138870000000000000e+09,-9.252519726350483609e+01
7.138933333333333015e+09,-9.210679309763693823e+01
7.138996666666666985e+09,-9.248404677043069455e+01
7.139060000000000000e+09,-9.228392979050232725e+01
7.139123333333333015e+09,-9.229797597663775832e+01
7.139186666666666985e+09,-9.238732167632269920e+01
7.139250000000000000e+09,-9.243392025131164758e+01
7.139313333333333015e+09,-9.247619268160141814e+01
7.139376666666666985e+09,-9.218844609564399661e+01
7.139440000000000000e+09,-9.252248276368402458e+01
7.139503333333333015e+09,-9.246406373706896886e+01
7.139566666666666985e+09,-9.225589838060875536e+01
7.139630000000000000e+09,-9.245278908858719547e+01
7.139693333333333015e+09,-9.218274292837926964e+01
7.139756666666666985e+09,-9.249169413995488753e+01
7.139820000000000000e+09,-9.242863783283848989e+01
7.139883333333333015e+09,-9.223527643083615146e+01
7.139946666666666985e+09,-9.218428143373753869e+01
7.140010000000000000e+09,-9.223537559814516840e+01
7.140073333333333015e+09,-9.222287049659345826e+01
7.140136666666666985e+09,-9.249693302755750324e+01
7.140200000000000000e+09,-9.237854571833204886e+01
7.140263333333333015e+09,-9.237695106983093751e+01
7.140326666666666985e+09,-9.198379475910536485e+01
7.140390000000000000e+09,-9.243986375247149567e+01
7.140453333333333015e+09,-9.250301002929469973e+01
7.140516666666666985e+09,-9.243290557874927060e+01
7.140580000000000000e+09,-9.223774971126002242e+01
7.140643333333333015e+09,-9.276676052959679453e+01
7.140706666666666985e+09,-9.225369470868326971e+01
7.140770000000000000e+09,-9.232622912216528732e+01
7.140833333333333015e+09,-9.234101492118131205e+01
7.140896666666666985e+09,-9.254937812081928428e+01
7.140960000000000000e+09,-9.208664888097536050e+01
7.141023333333333015e+09,-9.239180794673487185e+01
7.141086666666666985e+09,-9.223197099176495328e+01
7.141150000000000000e+09,-9.229892979600536762e+01
7.141213333333333015e+09,-9.247448787545494042e+01
7.141276666666666985e+09,-9.222356398271686828e+01
7.141340000000000000e+09,-9.242318928376766962e+01
7.141403333333333015e+09,-9.230077831275903577e+01
7.141466666666666985e+09,-9.228388310188196897e+01
7.141530000000000000e+09,-9.238677398183297385e+01
7.141593333333333015e+09,-9.230858572225422165e+01
7.141656666666666985e+09,-9.227551147073099003e+01
7.141720000000000000e+09,-9.260370722611513372e+01
7.141783333333333015e+09,-9.232930706783768926e+01
7.141846666666666985e+09,-9.254620135512057288e+01
7.141910000000000000e+09,-9.242234725058332856e+01
7.141973333333333015e+09,-9.250011003050641989e+01
7.142036666666666985e+09,-9.225480329275157487e+01
7.142100000000000000e+09,-9.243484774724902309e+01
7.142163333333333015e+09,-9.229041160301790114e+01
7.142226666666666985e+09,-9.207422643502731319e+01
7.142290000000000000e+09,-9.217894179576093450e+01
7.142353333333333015e+09,-9.214200748125590223e+01
7.142416666666666985e+09,-9.219019691718627030e+01
7.142480000000000000e+09,-9.215408615557333860e+01
7.142543333333333015e+09,-9.230606468364752004e+01
7.142606666666666985e+09,-9.228288279330408272e+01
7.142670000000000000e+09,-9.230589084866893756e+01
7.142733333333333015e+09,-9.212575461318998293e+01
7.142796666666666985e+09,-9.266713512997171165e+01
7.142860000000000000e+09,-9.252177897818496888e+01
7.142923333333333015e+09,-9.234762340331441521e+01
7.142986666666666985e+09,-9.256155863981227583e+01
7.143050000000000000e+09,-9.235977636034246530e+01
7.143113333333333015e+09,-9.247413196590655105e+01
7.143176666666666985e+09,-9.223556368703253838e+01
7.143240000000000000e+09,-9.199337208879109085e+01
7.143303333333333015e+09,-9.211102111647933555e+01
7.143366666666666985e+09,-9.218948758704513580e+01
7.143430000000000000e+09,-9.236557873104149508e+01
7.143493333333333015e+09,-9.231091791441204464e+01
7.143556666666666985e+09,-9.259133758839995210e+01
7.143620000000000000e+09,-9.218503445151469577e+01
7.143683333333333015e+09,-9.218434757688656589e+01
7.143746666666666985e+09,-9.233692400262913225e+01
7.143810000000000000e+09,-9.228253644612738071e+01
7.143873333333333015e+09,-9.235897915123730684e+01
7.143936666666666985e+09,-9.224720141450450228e+01
7.144000000000000000e+09,-9.217749087044857959e+01
7.144063333333333015e+09,-9.241959602321077227e+01
7.144126666666666985e+09,-9.263988155289732163e+01
7.144190000000000000e+09,-9.233966747145072418e+01
7.144253333333333015e+09,-9.231854205661207402e+01
7.144316666666666985e+09,-9.238325237621999975e+01
7.144380000000000000e+09,-9.227928375217871348e+01
7.144443333333333015e+09,-9.225347369534875952e+01
7.144506666666666985e+09,-9.231717909420238755e+01
7.144570000000000000e+09,-9.237774267450758714e+01
7.144633333333333015e+09,-9.238141322101006381e+01
7.144696666666666985e+09,-9.229940682172097866e+01
7.144760000000000000e+09,-9.221424728696075590e+01
7.144823333333333015e+09,-9.230889968743139207e+01
7.144886666666666985e+09,-9.252974443175780550e+01
7.144950000000000000e+09,-9.222447828581101703e+01
7.145013333333333015e+09,-9.200839840147416737e+01
7.145076666666666985e+09,-9.226971809122871093e+01
7.145140000000000000e+09,-9.197992744343254401e+01
7.145203333333333015e+09,-9.220496534272967892e+01
7.145266666666666985e+09,-9.200865083293027169e+01
7.145330000000000000e+09,-9.238457498514476640e+01
7.145393333333333015e+09,-9.233479706235044659e+01
7.145456666666666985e+09,-9.241623731769806227e+01
7.145520000000000000e+09,-9.213447309807537522e+01
7.145583333333333015e+09,-9.236694906311475961e+01
7.145646666666666985e+09,-9.237014843640793060e+01
7.145710000000000000e+09,-9.245335806496137820e+01
7.145773333333333015e+09,-9.218480054253589628e+01
7.145836666666666985e+09,-9.250953929376272811e+01
7.145900000000000000e+09,-9.235257892219468090e+01
7.145963333333333015e+09,-9.258030700690112269e+01
7.146026666666666985e+09,-9.211619002718518345e+01
7.146090000000000000e+09,-9.235857126514852666e+01
7.146153333333333015e+09,-9.217186335270638153e+01
7.146216666666666985e+09,-9.241133269686115170e+01
7.146280000000000000e+09,-9.242693921650590028e+01
7.146343333333333015e+09,-9.223782042252071278e+01
7.146406666666666985e+09,-9.237808735879455924e+01
7.146470000000000000e+09,-9.248044925152937878e+01
7.146533333333333015e+09,-9.252252325788113296e+01
7.146596666666666985e+09,-9.225481629033174613e+01
7.146660000000000000e+09,-9.229246566229141990e+01
7.146723333333333015e+09,-9.260604560430186893e+01
7.146786666666666985e+09,-9.226152792120835500e+01
7.146850000000000000e+09,-9.248662003565955558e+01
7.146913333333333015e+09,-9.235919539949773593e+01
7.146976666666666985e+09,-9.252396407319631066e+01
7.147040000000000000e+09,-9.231377057573763523e+01
7.147103333333333015e+09,-9.249184143759305243e+01
7.147166666666666985e+09,-9.231912645204667456e+01
7.147230000000000000e+09,-9.227510122512371993e+01
7.147293333333333015e+09,-9.225213891692285983e+01
7.147356666666666985e+09,-9.238404807549942177e+01
7.147420000000000000e+09,-9.244288380729834387e+01
7.147483333333333015e+09,-9.220823622953871279e+01
7.147546666666666985e+09,-9.237763414404054174e+01
7.147610000000000000e+09,-9.230231558201481334e+01
7.147673333333333015e+09,-9.213380403340357816e+01
7.147736666666666985e+09,-9.239380705595772270e+01
7.147800000000000000e+09,-9.240629297747409510e+01
7.147863333333333015e+09,-9.247502889552244199e+01
7.147926666666666985e+09,-9.196823036568423504e+01
7.147990000000000000e+09,-9.234392482701835547e+01
7.148053333333333015e+09,-9.233477953233682456e+01
7.148116666666666985e+09,-9.269211202032975905e+01
7.148180000000000000e+09,-9.262118010056725836e+01
7.148243333333333015e+09,-9.264346377469223626e+01
7.148306666666666985e+09,-9.258023303529802206e+01
7.148370000000000000e+09,-9.268137843776054297e+01
7.148433333333333015e+09,-9.274713879061988564e+01
7.148496666666666985e+09,-9.283877552170822867e+01
7.148560000000000000e+09,-9.316601757932183148e+01
7.148623333333333015e+09,-9.340921986778540997e+01
7.148686666666666985e+09,-9.375696646630736097e+01
7.148750000000000000e+09,-9.390437387131774472e+01
7.148813333333333015e+09,-9.657527783495595486e+01
7.148876666666666985e+09,-9.721904098492137791e+01
7.148940000000000000e+09,-9.349896887473647666e+01
7.149003333333333015e+09,-9.274512474877346335e+01
7.149066666666666985e+09,-9.260023260104333076e+01
7.149130000000000000e+09,-9.243706512077251602e+01
7.149193333333333015e+09,-9.235812363448417273e+01
7.149256666666666985e+09,-9.224078506667240163e+01
7.149320000000000000e+09,-9.236388730115166368e+01
7.149383333333333015e+09,-9.223156289418129461e+01
7.149446666666666985e+09,-9.230230087381676185e+01
7.149510000000000000e+09,-9.226835289857646671e+01
7.149573333333333015e+09,-9.236998637853113792e+01
7.149636666666666985e+09,-9.198897037516007913e+01
7.149700000000000000e+09,-9.223229918971000529e+01
7.149763333333333015e+09,-9.222693994451417154e+01
7.149826666666666985e+09,-9.235614404989118498e+01
7.149890000000000000e+09,-9.212317413900207441e+01
7.149953333333333015e+09,-9.245070889414782300e+01
7.150016666666666985e+09,-9.220708691770121845e+01
7.150080000000000000e+09,-9.223559392900872922e+01
7.150143333333333015e+09,-9.225877937069677159e+01
7.150206666666666985e+09,-9.235721757172819935e+01
7.150270000000000000e+09,-9.215555267218724111e+01
7.150333333333333015e+09,-9.240472355373418623e+01
7.150396666666666985e+09,-9.212500795070498327e+01
7.150460000000000000e+09,-9.216756884534481742e+01
7.150523333333333015e+09,-9.255347530879738827e+01
7.150586666666666985e+09,-9.227987919282060147e+01
7.150650000000000000e+09,-9.200440027078343519e+01
7.150713333333333015e+09,-9.223869492442028672e+01
7.150776666666666985e+09,-9.235484941646745938e+01
7.150840000000000000e+09,-9.254907164367872952e+01
7.150903333333333015e+09,-9.217700919295297979e+01
7.150966666666666985e+09,-9.226605967085404814e+01
7.151030000000000000e+09,-9.237888368879288237e+01
7.151093333333333015e+09,-9.229270520505528452e+01
7.151156666666666985e+09,-9.222420286086151009e+01
7.151220000000000000e+09,-9.221433540011439334e+01
7.151283333333333015e+09,-9.222985790494398373e+01
7.151346666666666985e+09,-9.229559998505231988e+01
7.151410000000000000e+09,-9.227354677750543033e+01
7.151473333333333015e+09,-9.251456648490744783e+01
7.151536666666666985e+09,-9.223212800338016848e+01
7.151600000000000000e+09,-9.240966511211098577e+01
7.151663333333333015e+09,-9.230039751785054136e+01
7.151726666666666985e+09,-9.213458354609866774e+01
7.151790000000000000e+09,-9.211000665259223297e+01
7.151853333333333015e+09,-9.243078970305198538e+01
7.151916666666666985e+09,-9.229039805686264231e+01
7.151980000000000000e+09,-9.196167201592822948e+01
7.152043333333333015e+09,-9.221493063338607499e+01
7.152106666666666985e+09,-9.225817124540890291e+01
7.152170000000000000e+09,-9.235494546881817257e+01
7.152233333333333015e+09,-9.213359462364820729e+01
7.152296666666666985e+09,-9.223408415426246165e+01
7.152360000000000000e+09,-9.216738682997112164e+01
7.152423333333333015e+09,-9.223181371938397888e+01
7.152486666666666985e+09,-9.223783208949286916e+01
7.152550000000000000e+09,-9.215897108505205892e+01
7.152613333333333015e+09,-9.228980862138877228e+01
7.152676666666666985e+09,-9.199072861664889444e+01
7.152740000000000000e+09,-9.211377055040215112e+01
7.152803333333333015e+09,-9.208560263241702160e+01
7.152866666666666985e+09,-9.229095667474162212e+01
7.152930000000000000e+09,-9.245329113019658962e+01
7.152993333333333015e+09,-9.206284598739627256e+01
7.153056666666666985e+09,-9.260531553394432080e+01
7.153120000000000000e+09,-9.218218785546318372e+01
7.153183333333333015e+09,-9.198825537033039268e+01
7.153246666666666985e+09,-9.227293541328992887e+01
7.153310000000000000e+09,-9.244475603599325098e+01
7.153373333333333015e+09,-9.234530854706335390e+01
7.153436666666666985e+09,-9.206076904290519280e+01
7.153500000000000000e+09,-9.241429456643149365e+01
7.153563333333333015e+09,-9.221941158950832573e+01
7.153626666666666985e+09,-9.214242675309219521e+01
7.153690000000000000e+09,-9.222834320124394480e+01
7.153753333333333015e+09,-9.225535537273887599e+01
7.153816666666666985e+09,-9.259053978992216116e+01
7.153880000000000000e+09,-9.208611082143730187e+01
7.153943333333333015e+09,-9.234891915788568895e+01
7.154006666666666985e+09,-9.235394527236778117e+01
7.154070000000000000e+09,-9.208843814395825689e+01
7.154133333333333015e+09,-9.213117126252410571e+01
7.154196666666666985e+09,-9.232898525873855533e+01
7.154260000000000000e+09,-9.241865869646998988e+01
7.154323333333333015e+09,-9.219797251878537736e+01
7.154386666666666985e+09,-9.218837787039895204e+01
7.154450000000000000e+09,-9.220542782089020761e+01
7.154513333333333015e+09,-9.228281762351176098e+01
7.154576666666666985e+09,-9.232477636931631082e+01
7.154640000000000000e+09,-9.213393159061297411e+01
7.154703333333333015e+09,-9.222000601184591062e+01
7.154766666666666985e+09,-9.215883360366269983e+01
7.154830000000000000e+09,-9.241887694146763010e+01
7.154893333333333015e+09,-9.208370310704408723e+01
7.154956666666666985e+09,-9.225437838727481221e+01
7.155020000000000000e+09,-9.220064321386813333e+01
7.155083333333333015e+09,-9.203001089805583490e+01
7.155146666666666985e+09,-9.251186947861012300e+01
7.155210000000000000e+09,-9.220369146934530136e+01
7.155273333333333015e+09,-9.214144458787912129e+01
7.155336666666666985e+09,-9.227499839756256961e+01
7.155400000000000000e+09,-9.251901784878336343e+01
7.155463333333333015e+09,-9.241039061229452045e+01
7.155526666666666985e+09,-9.234269468467664410e+01
7.155590000000000000e+09,-9.254120710326986909e+01
7.155653333333333015e+09,-9.225385743604098820e+01
7.155716666666666985e+09,-9.224936797428503610e+01
7.155780000000000000e+09,-9.208237996902823852e+01
7.155843333333333015e+09,-9.239553661939319795e+01
7.155906666666666985e+09,-9.235731882128048653e+01
7.155970000000000000e+09,-9.218201878546507544e+01
7.156033333333333015e+09,-9.241724638999009755e+01
7.156096666666666985e+09,-9.228667784730129142e+01
7.156160000000000000e+09,-9.223091440383149120e+01
7.156223333333333015e+09,-9.219444720937657678e+01
7.156286666666666985e+09,-9.242892794896519604e+01
7.156350000000000000e+09,-9.242472370870343923e+01
7.156413333333333015e+09,-9.222499496034157573e+01
7.156476666666666985e+09,-9.203918651216774549e+01
7.156540000000000000e+09,-9.204901108184679970e+01
7.156603333333333015e+09,-9.238948838620987658e+01
7.156666666666666985e+09,-9.222373075099029904e+01
7.156730000000000000e+09,-9.210272953515715244e+01
7.156793333333333015e+09,-9.225210686879565003e+01
7.156856666666666985e+09,-9.242378995710549816e+01
7.156920000000000000e+09,-9.222827424547502062e+01
7.156983333333333015e+09,-9.232389805793002324e+01
7.157046666666666985e+09,-9.230847050176542723e+01
7.157110000000000000e+09,-9.239295244562954679e+01
7.157173333333333015e+09,-9.227251463645731633e+01
7.157236666666666985e+09,-9.224584212118591608e+01
7.157300000000000000e+09,-9.227634111838321473e+01
7.157363333333333015e+09,-9.215617986518859084e+01
7.157426666666666985e+09,-9.194918761245398287e+01
7.157490000000000000e+09,-9.233169974805450408e+01
7.157553333333333015e+09,-9.206142206840249287e+01
7.157616666666666985e+09,-9.222675383448341790e+01
7.157680000000000000e+09,-9.212149269393522388e+01
7.157743333333333015e+09,-9.257799312217535714e+01
7.157806666666666985e+09,-9.218046225002876781e+01
7.157870000000000000e+09,-9.220806917437411698e+01
7.157933333333333015e+09,-9.236306807876715652e+01
7.157996666666666985e+09,-9.222447892992910568e+01
7.158060000000000000e+09,-9.219847835999343033e+01
7.158123333333333015e+09,-9.206936154016018747e+01
7.158186666666666985e+09,-9.250880633550850973e+01
7.158250000000000000e+09,-9.225623554607568622e+01
7.158313333333333015e+09,-9.225409241024074447e+01
7.158376666666666985e+09,-9.216970255753663821e+01
7.158440000000000000e+09,-9.252664342268489861e+01
7.158503333333333015e+09,-9.232399801599461853e+01
7.158566666666666985e+09,-9.228586634061582572e+01
7.158630000000000000e+09,-9.226138834944887890e+01
7.158693333333333015e+09,-9.231784547549482056e+01
7.158756666666666985e+09,-9.229007111879765546e+01
7.158820000000000000e+09,-9.268259893399103078e+01
7.158883333333333015e+09,-9.212705336463925221e+01
7.158946666666666985e+09,-9.217744193920634643e+01
7.159010000000000000e+09,-9.243620884157598994e+01
7.159073333333333015e+09,-9.244892042601523485e+01
7.159136666666666985e+09,-9.207186045136020880e+01
7.159200000000000000e+09,-9.225524346570075807e+01
7.159263333333333015e+09,-9.222809717221531400e+01
7.159326666666666985e+09,-9.253664087229317659e+01
7.159390000000000000e+09,-9.258443466148111156e+01
7.159453333333333015e+09,-9.242607401299871128e+01
7.159516666666666985e+09,-9.215179554922428906e+01
7.159580000000000000e+09,-9.210223623061204989e+01
7.159643333333333015e+09,-9.244202302843419261e+01
7.159706666666666985e+09,-9.247593322743313138e+01
7.159770000000000000e+09,-9.250749405763608024e+01
7.159833333333333015e+09,-9.248439543361187987e+01
7.159896666666666985e+09,-9.222067873551866057e+01
7.159960000000000000e+09,-9.230745936849911004e+01
7.160023333333333015e+09,-9.221524413923464181e+01
7.160086666666666985e+09,-9.215527637810282613e+01
7.160150000000000000e+09,-9.228074000009689826e+01
7.160213333333333015e+09,-9.206618791178499350e+01
7.160276666666666985e+09,-9.250924106472785979e+01
7.160340000000000000e+09,-9.238354463160223418e+01
7.160403333333333015e+09,-9.234928252978949104e+01
7.160466666666666985e+09,-9.241968536184586469e+01
7.160530000000000000e+09,-9.213242615503391164e+01
7.160593333333333015e+09,-9.238037986152440340e+01
7.160656666666666985e+09,-9.261324916860206713e+01
7.160720000000000000e+09,-9.250401975256151843e+01
7.160783333333333015e+09,-9.256868406864899157e+01
7.160846666666666985e+09,-9.238288564189818430e+01
7.160910000000000000e+09,-9.237376272031926305e+01
7.160973333333333015e+09,-9.233760134326082891e+01
7.161036666666666985e+09,-9.238265197275978835e+01
7.161100000000000000e+09,-9.244680072703941676e+01
7.161163333333333015e+09,-9.253691947987007893e+01
7.161226666666666985e+09,-9.264920575192284957e+01
7.161290000000000000e+09,-9.232501150926991329e+01
7.161353333333333015e+09,-9.233602842512631526e+01
7.161416666666666985e+09,-9.251041064300481764e+01
7.161480000000000000e+09,-9.231285937128815533e+01
7.161543333333333015e+09,-9.244048300215310121e+01
7.161606666666666985e+09,-9.233318456696515852e+01
7.161670000000000000e+09,-9.204283155258841020e+01
7.161733333333333015e+09,-9.241149664451769752e+01
7.161796666666666985e+09,-9.234096314911340642e+01
7.161860000000000000e+09,-9.214327130442201508e+01
7.161923333333333015e+09,-9.225129095627937659e+01
7.161986666666666985e+09,-9.235237929887132680e+01
7.162050000000000000e+09,-9.233238848443228619e+01
7.162113333333333015e+09,-9.243186814182406863e+01
7.162176666666666985e+09,-9.246072550252917210e+01
7.162240000000000000e+09,-9.262550590834833031e+01
7.162303333333333015e+09,-9.233580275066975673e+01
7.162366666666666985e+09,-9.244938737176573795e+01
7.162430000000000000e+09,-9.237172282281888158e+01
7.162493333333333015e+09,-9.205870619346575268e+01
7.162556666666666985e+09,-9.240809503509720457e+01
7.162620000000000000e+09,-9.224060076200461822e+01
7.162683333333333015e+09,-9.223743016856909094e+01
7.162746666666666985e+09,-9.260713030994247674e+01
7.162810000000000000e+09,-9.261154081214434086e+01
7.162873333333333015e+09,-9.226484420513004636e+01
7.162936666666666985e+09,-9.250937578943349138e+01
7.163000000000000000e+09,-9.232326109529856240e+01
7.163063333333333015e+09,-9.247906227785291833e+01
7.163126666666666985e+09,-9.242391018146412307e+01
7.163190000000000000e+09,-9.246165651455035572e+01
7.163253333333333015e+09,-9.248173191156004691e+01
7.163316666666666985e+09,-9.273600718471223558e+01
7.163380000000000000e+09,-9.237026455453741391e+01
7.163443333333333015e+09,-9.257648970206895456e+01
7.163506666666666985e+09,-9.235793739262719271e+01
7.163570000000000000e+09,-9.260339915599132610e+01
7.163633333333333015e+09,-9.228907519674319815e+01
7.163696666666666985e+09,-9.245188746899442833e+01
7.163760000000000000e+09,-9.229144661471184463e+01
7.163823333333333015e+09,-9.256515495453456310e+01
7.163886666666666985e+09,-9.283991584355796078e+01
7.163950000000000000e+09,-9.239343831512769611e+01
7.164013333333333015e+09,-9.263915661376839239e+01
7.164076666666666985e+09,-9.238907699854644306e+01
7.164140000000000000e+09,-9.241967215869463814e+01
7.164203333333333015e+09,-9.247294172247514155e+01
7.164266666666666985e+09,-9.236198034449844840e+01
7.164330000000000000e+09,-9.197441518644106395e+01
7.164393333333333015e+09,-9.273307090449168300e+01
7.164456666666666985e+09,-9.235558610532338264e+01
7.164520000000000000e+09,-9.268122793330235254e+01
7.164583333333333015e+09,-9.253071842677394443e+01
7.164646666666666985e+09,-9.239902655687774313e+01
7.164710000000000000e+09,-9.211787390024694844e+01
7.164773333333333015e+09,-9.243480314757863425e+01
7.164836666666666985e+09,-9.241548969039047279e+01
7.164900000000000000e+09,-9.237589268382789953e+01
7.164963333333333015e+09,-9.261747787645523999e+01
7.165026666666666985e+09,-9.212863993576107191e+01
7.165090000000000000e+09,-9.232626355631460058e+01
7.165153333333333015e+09,-9.223437819193270570e+01
7.165216666666666985e+09,-9.235824887825039298e+01
7.165280000000000000e+09,-9.239906640730509935e+01
7.165343333333333015e+09,-9.261396233528486732e+01
7.165406666666666985e+09,-9.238579338009635933e+01
7.165470000000000000e+09,-9.230452009717127737e+01
7.165533333333333015e+09,-9.254631520705900982e+01
7.165596666666666985e+09,-9.254170329983681142e+01
7.165660000000000000e+09,-9.271558156437410503e+01
7.165723333333333015e+09,-9.249069786394133530e+01
7.165786666666666985e+09,-9.263850997976976487e+01
7.165850000000000000e+09,-9.259408819950060376e+01
7.165913333333333015e+09,-9.260388975176601889e+01
7.165976666666666985e+09,-9.255690025366845930e+01
7.166040000000000000e+09,-9.255519486993919998e+01
7.166103333333333015e+09,-9.252449454720839128e+01
7.166166666666666985e+09,-9.246953964921999614e+01
7.166230000000000000e+09,-9.254701114098065773e+01
7.166293333333333015e+09,-9.258285903317974430e+01
7.166356666666666985e+09,-9.233990593430176830e+01
7.166420000000000000e+09,-9.271930954674968461e+01
7.166483333333333015e+09,-9.238311157899326531e+01
7.166546666666666985e+09,-9.242435347937389167e+01
7.166610000000000000e+09,-9.248801547583867944e+01
7.166673333333333015e+09,-9.240022656010106061e+01
7.166736666666666985e+09,-9.248725950716506361e+01
7.166800000000000000e+09,-9.231713413462166784e+01
7.166863333333333015e+09,-9.229014797575362650e+01
7.166926666666666985e+09,-9.242021967746426014e+01
7.166990000000000000e+09,-9.253506160839609151e+01
7.167053333333333015e+09,-9.255145209265251083e+01
7.167116666666666985e+09,-9.254678412988822345e+01
7.167180000000000000e+09,-9.256976958299354408e+01
7.167243333333333015e+09,-9.241065922530563626e+01
7.167306666666666985e+09,-9.249951214937631505e+01
7.167370000000000000e+09,-9.216949799143044686e+01
7.167433333333333015e+09,-9.240566713887416483e+01
7.167496666666666985e+09,-9.229773506216089629e+01
7.167560000000000000e+09,-9.239714218514562560e+01
7.167623333333333015e+09,-9.255141689051781384e+01
7.167686666666666985e+09,-9.247249096667546553e+01
7.167750000000000000e+09,-9.261767033833409357e+01
7.167813333333333015e+09,-9.264038337019373159e+01
7.167876666666666985e+09,-9.264399120854433534e+01
7.167940000000000000e+09,-9.265773644526996122e+01
7.168003333333333015e+09,-9.234418034324461644e+01
7.168066666666666985e+09,-9.233935411637969537e+01
7.168130000000000000e+09,-9.274798781262003899e+01
7.168193333333333015e+09,-9.225843543984994710e+01
7.168256666666666985e+09,-9.258499944346412747e+01
7.168320000000000000e+09,-9.249797718105340039e+01
7.168383333333333015e+09,-9.266566771891496046e+01
7.168446666666666985e+09,-9.240112098822027065e+01
7.168510000000000000e+09,-9.240662402377218143e+01
7.168573333333333015e+09,-9.232136102839078262e+01
7.168636666666666985e+09,-9.231926224703857997e+01
7.168700000000000000e+09,-9.219089471995798135e+01
7.168763333333333015e+09,-9.253778095620249644e+01
7.168826666666666985e+09,-9.277486341985435558e+01
7.168890000000000000e+09,-9.275577842981485333e+01
7.168953333333333015e+09,-9.252030356782469767e+01
7.169016666666666985e+09,-9.253557901362098903e+01
7.169080000000000000e+09,-9.243223354764009514e+01
7.169143333333333015e+09,-9.260239835796500074e+01
7.169206666666666985e+09,-9.223837411489489568e+01
7.169270000000000000e+09,-9.245306231557130161e+01
7.169333333333333015e+09,-9.273906978722965277e+01
7.169396666666666985e+09,-9.272822738336068937e+01
7.169460000000000000e+09,-9.253247751815955269e+01
7.169523333333333015e+09,-9.265752582461868769e+01
7.169586666666666985e+09,-9.199852828375534841e+01
7.169650000000000000e+09,-9.267207446788582104e+01
7.169713333333333015e+09,-9.252489669452094745e+01
7.169776666666666985e+09,-9.249930837849072418e+01
7.169840000000000000e+09,-9.296211122779945413e+01
7.169903333333333015e+09,-9.254559208236081247e+01
7.169966666666666985e+09,-9.255964537908127454e+01
7.170030000000000000e+09,-9.227479398462358517e+01
7.170093333333333015e+09,-9.252661550092909692e+01
7.170156666666666985e+09,-9.260327698308032041e+01
7.170220000000000000e+09,-9.270844546191543145e+01
7.170283333333333015e+09,-9.277523892904454783e+01
7.170346666666666985e+09,-9.252934448397954270e+01
7.170410000000000000e+09,-9.249618247303254748e+01
7.170473333333333015e+09,-9.264626514997647178e+01
7.170536666666666985e+09,-9.234723229939496036e+01
7.170600000000000000e+09,-9.258451878247383604e+01
7.170663333333333015e+09,-9.236324956979986212e+01
7.170726666666666985e+09,-9.257106356039464856e+01
7.170790000000000000e+09,-9.268626704038928210e+01
7.170853333333333015e+09,-9.254201327938204713e+01
7.170916666666666985e+09,-9.268428528136119837e+01
7.170980000000000000e+09,-9.261494421920131970e+01
7.171043333333333015e+09,-9.232980051809944655e+01
7.171106666666666985e+09,-9.244817365227893902e+01
7.171170000000000000e+09,-9.246094937655909973e+01
7.171233333333333015e+09,-9.263323964674113142e+01
7.171296666666666985e+09,-9.271753898589339826e+01
7.171360000000000000e+09,-9.224731326751332006e+01
7.171423333333333015e+09,-9.243069689582192439e+01
7.171486666666666985e+09,-9.250091869261399324e+01
7.171550000000000000e+09,-9.254140031443229475e+01
7.171613333333333015e+09,-9.244651338345408931e+01
7.171676666666666985e+09,-9.260309280123954068e+01
7.171740000000000000e+09,-9.260580653784492711e+01
7.171803333333333015e+09,-9.234978078734923201e+01
7.171866666666666985e+09,-9.267565075682912834e+01
7.171930000000000000e+09,-9.268685907198390339e+01
7.171993333333333015e+09,-9.258706368306826562e+01
7.172056666666666985e+09,-9.247590309426558974e+01
7.172120000000000000e+09,-9.252529204300239485e+01
7.172183333333333015e+09,-9.260654944648878484e+01
7.172246666666666985e+09,-9.249755969474148287e+01
7.172310000000000000e+09,-9.238559248773235311e+01
7.172373333333333015e+09,-9.255625591797048912e+01
7.172436666666666985e+09,-9.244475384583451216e+01
7.172500000000000000e+09,-9.256038845980540941e+01
7.172563333333333015e+09,-9.240736588506764804e+01
7.172626666666666985e+09,-9.276427270125626023e+01
7.172690000000000000e+09,-9.250873495108629641e+01
7.172753333333333015e+09,-9.278704284239790923e+01
7.172816666666666985e+09,-9.276070646955601262e+01
7.172880000000000000e+09,-9.243636737239407353e+01
7.172943333333333015e+09,-9.270863215096090926e+01
7.173006666666666985e+09,-9.225260849461349721e+01
7.173070000000000000e+09,-9.243727222427374102e+01
7.173133333333333015e+09,-9.253270484160844944e+01
7.173196666666666985e+09,-9.241237833326935913e+01
7.173260000000000000e+09,-9.252751214217005327e+01
7.173323333333333015e+09,-9.257328339457556865e+01
7.173386666666666985e+09,-9.226744030745388159e+01
7.173450000000000000e+09,-9.217022129596381319e+01
7.173513333333333015e+09,-9.265747976128554342e+01
7.173576666666666985e+09,-9.237697241795243031e+01
7.173640000000000000e+09,-9.243669457448895344e+01
7.173703333333333015e+09,-9.247780241919986111e+01
7.173766666666666985e+09,-9.252728585297319341e+01
7.173830000000000000e+09,-9.263850988098857897e+01
7.173893333333333015e+09,-9.251869976751690672e+01
7.173956666666666985e+09,-9.275111654345222689e+01
7.174020000000000000e+09,-9.238330514971008256e+01
7.174083333333333015e+09,-9.261008351895041812e+01
7.174146666666666985e+09,-9.242096054731511856e+01
7.174210000000000000e+09,-9.263953936333847139e+01
7.174273333333333015e+09,-9.239227418963966443e+01
7.174336666666666985e+09,-9.260905676429473488e+01
7.174400000000000000e+09,-9.225542526117379794e+01
7.174463333333333015e+09,-9.229593665822731907e+01
7.174526666666666985e+09,-9.257060691746276859e+01
7.174590000000000000e+09,-9.257238378567910786e+01
7.174653333333333015e+09,-9.243276889897100546e+01
7.174716666666666985e+09,-9.233248515955520475e+01
7.174780000000000000e+09,-9.256593395085192810e+01
7.174843333333333015e+09,-9.264877979497809690e+01
7.174906666666666985e+09,-9.243390213588708093e+01
7.174970000000000000e+09,-9.245012581479697644e+01
7.175033333333333015e+09,-9.284129594113450423e+01
7.175096666666666985e+09,-9.238224667843006443e+01
7.175160000000000000e+09,-9.249723244390972354e+01
7.175223333333333015e+09,-9.265644325821268978e+01
7.175286666666666985e+09,-9.237726406023489290e+01
7.175350000000000000e+09,-9.272380166410501090e+01
7.175413333333333015e+09,-9.265279607986971655e+01
7.175476666666666985e+09,-9.264168002016165815e+01
7.175540000000000000e+09,-9.245610446291476592e+01
7.175603333333333015e+09,-9.241616498559814374e+01
7.175666666666666985e+09,-9.230362017084468107e+01
7.175730000000000000e+09,-9.227474717532936666e+01
7.175793333333333015e+09,-9.227599065545049939e+01
7.175856666666666985e+09,-9.269586420439017616e+01
7.175920000000000000e+09,-9.261160379690004163e+01
7.175983333333333015e+09,-9.249597840964969464e+01
7.176046666666666985e+09,-9.237600049344936792e+01
7.176110000000000000e+09,-9.248455721134703822e+01
7.176173333333333015e+09,-9.233257768290502554e+01
7.176236666666666985e+09,-9.251423498895672992e+01
7.176300000000000000e+09,-9.254233766049667054e+01
7.176363333333333015e+09,-9.245649892926854818e+01
7.176426666666666985e+09,-9.245168581511464367e+01
7.176490000000000000e+09,-9.275093954771294591e+01
7.176553333333333015e+09,-9.248749470751786816e+01
7.176616666666666985e+09,-9.257956854874898056e+01
7.176680000000000000e+09,-9.260203079090038614e+01
7.176743333333333015e+09,-9.259592206113138957e+01
7.176806666666666985e+09,-9.253223554417063212e+01
7.176870000000000000e+09,-9.240758463255801303e+01
7.176933333333333015e+09,-9.246702217663617773e+01
7.176996666666666985e+09,-9.257725307033452111e+01
7.177060000000000000e+09,-9.245455662873476399e+01
7.177123333333333015e+09,-9.260312108056594127e+01
7.177186666666666985e+09,-9.263164311675167539e+01
7.177250000000000000e+09,-9.254023810507034398e+01
7.177313333333333015e+09,-9.277230923006756313e+01
7.177376666666666985e+09,-9.260927423739457254e+01
7.177440000000000000e+09,-9.241878611265759957e+01
7.177503333333333015e+09,-9.266775651504501354e+01
7.177566666666666985e+09,-9.263869435304840749e+01
7.177630000000000000e+09,-9.226230619762225160e+01
7.177693333333333015e+09,-9.271143329524616661e+01
7.177756666666666985e+09,-9.265753305259538308e+01
7.177820000000000000e+09,-9.240294228079537220e+01
7.177883333333333015e+09,-9.279300306594210213e+01
7.177946666666666985e+09,-9.253968543508426592e+01
7.178010000000000000e+09,-9.231566808995084727e+01
7.178073333333333015e+09,-9.286211573280488096e+01
7.178136666666666985e+09,-9.269761390468552520e+01
7.178200000000000000e+09,-9.268913449741226884e+01
7.178263333333333015e+09,-9.218207526505885596e+01
7.178326666666666985e+09,-9.265479444042750856e+01
7.178390000000000000e+09,-9.238440285906409599e+01
7.178453333333333015e+09,-9.289778960362902183e+01
7.178516666666666985e+09,-9.256429484482096370e+01
7.178580000000000000e+09,-9.250081592595036284e+01
7.178643333333333015e+09,-9.278901681608088836e+01
7.178706666666666985e+09,-9.268949988241337223e+01
7.178770000000000000e+09,-9.240680085190902560e+01
7.178833333333333015e+09,-9.235430158128525591e+01
7.178896666666666985e+09,-9.249224698253834731e+01
7.178960000000000000e+09,-9.253162751889743731e+01
7.179023333333333015e+09,-9.285750178110211550e+01
7.179086666666666985e+09,-9.251959529555119843e+01
7.179150000000000000e+09,-9.247341036642379208e+01
7.179213333333333015e+09,-9.225537892517439786e+01
7.179276666666666985e+09,-9.259639727475882864e+01
7.179340000000000000e+09,-9.247024226057675378e+01
7.179403333333333015e+09,-9.263990291506415531e+01
7.179466666666666985e+09,-9.270322857291425578e+01
7.179530000000000000e+09,-9.231071486572633944e+01
7.179593333333333015e+09,-9.260878907914479896e+01
7.179656666666666985e+09,-9.261616722129259927e+01
7.179720000000000000e+09,-9.271994706321297031e+01
7.179783333333333015e+09,-9.276315069391129953e+01
7.179846666666666985e+09,-9.272407756647294264e+01
7.179910000000000000e+09,-9.273568746742355984e+01
7.179973333333333015e+09,-9.263683940691078078e+01
7.180036666666666985e+09,-9.244381240540754163e+01
7.180100000000000000e+09,-9.261334951771567603e+01
7.180163333333333015e+09,-9.297846455888189610e+01
7.180226666666666985e+09,-9.289721824179537180e+01
7.180290000000000000e+09,-9.249736311137205291e+01
7.180353333333333015e+09,-9.290233908857848633e+01
7.180416666666666985e+09,-9.256741357828335026e+01
7.180480000000000000e+09,-9.283659569610665585e+01
7.180543333333333015e+09,-9.273982418282388096e+01
7.180606666666666985e+09,-9.313815842990202043e+01
7.180670000000000000e+09,-9.306749493172094390e+01
7.180733333333333015e+09,-9.309011475375149303e+01
7.180796666666666985e+09,-9.307965969520850535e+01
7.180860000000000000e+09,-9.313265587969470971e+01
7.180923333333333015e+09,-9.339316415833819462e+01
7.180986666666666985e+09,-9.326945623554144049e+01
7.181050000000000000e+09,-9.343367360722987769e+01
7.181113333333333015e+09,-9.365108755522172146e+01
7.181176666666666985e+09,-9.417881041154063837e+01
7.181240000000000000e+09,-9.683111267800609312e+01
7.181303333333333015e+09,-9.831369403804474416e+01
7.181366666666666985e+09,-9.534069561767100254e+01
7.181430000000000000e+09,-9.344325009441291741e+01
7.181493333333333015e+09,-9.323854117381156925e+01
7.181556666666666985e+09,-9.313866990094876996e+01
7.181620000000000000e+09,-9.265256658747532015e+01
7.181683333333333015e+09,-9.290588181749596686e+01
7.181746666666666985e+09,-9.289914098300413059e+01
7.181810000000000000e+09,-9.302316952143735307e+01
7.181873333333333015e+09,-9.308194702915261587e+01
7.181936666666666985e+09,-9.300282994179001150e+01
7.182000000000000000e+09,-9.304279045413069582e+01
7.182063333333333015e+09,-9.281425429454479570e+01
7.182126666666666985e+09,-9.296685356083840190e+01
7.182190000000000000e+09,-9.246383649958205808e+01
7.182253333333333015e+09,-9.266944248668396256e+01
7.182316666666666985e+09,-9.248979001452832449e+01
7.182380000000000000e+09,-9.253968962003681042e+01
7.182443333333333015e+09,-9.281543241002273703e+01
7.182506666666666985e+09,-9.275939241912720945e+01
7.182570000000000000e+09,-9.286142633319683171e+01
7.182633333333333015e+09,-9.276344221994230566e+01
7.182696666666666985e+09,-9.269989713401217557e+01
7.182760000000000000e+09,-9.249399458738947999e+01
7.182823333333333015e+09,-9.264509699167621193e+01
7.182886666666666985e+09,-9.260328483660430265e+01
7.182950000000000000e+09,-9.262501852665874935e+01
7.183013333333333015e+09,-9.261101547461400685e+01
7.183076666666666985e+09,-9.299427684771981717e+01
7.183140000000000000e+09,-9.256333433880875816e+01
7.183203333333333015e+09,-9.282058996367294412e+01
7.183266666666666985e+09,-9.257711681033269713e+01
7.183330000000000000e+09,-9.288795721592367727e+01
7.183393333333333015e+09,-9.279391226270999482e+01
7.183456666666666985e+09,-9.271294480679466687e+01
7.183520000000000000e+09,-9.280914207173707098e+01
7.183583333333333015e+09,-9.281332141434957350e+01
7.183646666666666985e+09,-9.297280605563986455e+01
7.183710000000000000e+09,-9.268561749192620880e+01
7.183773333333333015e+09,-9.275252659536158717e+01
7.183836666666666985e+09,-9.285562953190280666e+01
7.183900000000000000e+09,-9.270790098240082955e+01
7.183963333333333015e+09,-9.287530044015321096e+01
7.184026666666666985e+09,-9.280049660956004232e+01
7.184090000000000000e+09,-9.285975553655532622e+01
7.184153333333333015e+09,-9.311527070474147649e+01
7.184216666666666985e+09,-9.294449423038123825e+01
7.184280000000000000e+09,-9.265110088549222667e+01
7.184343333333333015e+09,-9.286973315687953345e+01
7.184406666666666985e+09,-9.260984056095878714e+01
7.184470000000000000e+09,-9.274115270684974632e+01
7.184533333333333015e+09,-9.281585772041013627e+01
7.184596666666666985e+09,-9.284698661004739506e+01
7.184660000000000000e+09,-9.270626274323336702e+01
7.184723333333333015e+09,-9.280138904434235769e+01
7.184786666666666985e+09,-9.254319404505217506e+01
7.184850000000000000e+09,-9.278989583201226310e+01
7.184913333333333015e+09,-9.270160639816131720e+01
7.184976666666666985e+09,-9.262749311958086196e+01
7.185040000000000000e+09,-9.269083210283244512e+01
7.185103333333333015e+09,-9.262841471002361970e+01
7.185166666666666985e+09,-9.281154386882947449e+01
7.185230000000000000e+09,-9.276223656714604715e+01
7.185293333333333015e+09,-9.277214331688595905e+01
7.185356666666666985e+09,-9.288529387879799515e+01
7.185420000000000000e+09,-9.286973350686915296e+01
7.185483333333333015e+09,-9.300577031284583995e+01
7.185546666666666985e+09,-9.276424034623903481e+01
7.185610000000000000e+09,-9.283466457797300109e+01
7.185673333333333015e+09,-9.262872801021936198e+01
7.185736666666666985e+09,-9.281345556751679737e+01
7.185800000000000000e+09,-9.271190628983858062e+01
7.185863333333333015e+09,-9.292734485617877738e+01
7.185926666666666985e+09,-9.290629929608846282e+01
7.185990000000000000e+09,-9.281505187747765717e+01
7.186053333333333015e+09,-9.279752468771354756e+01
7.186116666666666985e+09,-9.275931169960000489e+01
7.186180000000000000e+09,-9.289668903387317300e+01
7.186243333333333015e+09,-9.294710547097412245e+01
7.186306666666666985e+09,-9.305918908507253207e+01
7.186370000000000000e+09,-9.289025312520982425e+01
7.186433333333333015e+09,-9.306247323750403666e+01
7.186496666666666985e+09,-9.295667591768153670e+01
7.186560000000000000e+09,-9.285443371560188552e+01
7.186623333333333015e+09,-9.291260271485131739e+01
7.186686666666666985e+09,-9.308352875304420593e+01
7.186750000000000000e+09,-9.298200488397661445e+01
7.186813333333333015e+09,-9.272477887963913190e+01
7.186876666666666985e+09,-9.297284764343879715e+01
7.186940000000000000e+09,-9.289393224124953008e+01
7.187003333333333015e+09,-9.317417164338229441e+01
7.187066666666666985e+09,-9.270203344717693028e+01
7.187130000000000000e+09,-9.267783464373550828e+01
7.187193333333333015e+09,-9.316170532626485112e+01
7.187256666666666985e+09,-9.294556590517728978e+01
7.187320000000000000e+09,-9.284917594335774993e+01
7.187383333333333015e+09,-9.275515478724213381e+01
7.187446666666666985e+09,-9.264362930269174967e+01
7.187510000000000000e+09,-9.286131796452193043e+01
7.187573333333333015e+09,-9.305449833966783046e+01
7.187636666666666985e+09,-9.279148078103945352e+01
7.187700000000000000e+09,-9.265090748394852938e+01
7.187763333333333015e+09,-9.290203543779050221e+01
7.187826666666666985e+09,-9.300753730758783888e+01
7.187890000000000000e+09,-9.283920186062115931e+01
7.187953333333333015e+09,-9.308243906841397575e+01
7.188016666666666985e+09,-9.283125384551966874e+01
7.188080000000000000e+09,-9.307942788235905596e+01
7.188143333333333015e+09,-9.287425359051707119e+01
7.188206666666666985e+09,-9.276782915022174336e+01
7.188270000000000000e+09,-9.288953534886201169e+01
7.188333333333333015e+09,-9.286582622499487627e+01
7.188396666666666985e+09,-9.297620452573852390e+01
7.188460000000000000e+09,-9.308242761237588070e+01
7.188523333333333015e+09,-9.279571572953103953e+01
7.188586666666666985e+09,-9.291194134791479087e+01
7.188650000000000000e+09,-9.298830552085937029e+01
7.188713333333333015e+09,-9.277189060656441200e+01
7.188776666666666985e+09,-9.302558309649140256e+01
7.188840000000000000e+09,-9.301383949647394900e+01
7.188903333333333015e+09,-9.286040909210899486e+01
7.188966666666666985e+09,-9.265144054864735779e+01
7.189030000000000000e+09,-9.281152796666376048e+01
7.189093333333333015e+09,-9.309885334177189975e+01
7.189156666666666985e+09,-9.307713002945958181e+01
7.189220000000000000e+09,-9.288296946318068592e+01
7.189283333333333015e+09,-9.286888959050844505e+01
7.189346666666666985e+09,-9.310863999245904665e+01
7.189410000000000000e+09,-9.301885099689549463e+01
7.189473333333333015e+09,-9.291422691219197816e+01
7.189536666666666985e+09,-9.292635360023828639e+01
7.189600000000000000e+09,-9.298149049668461430e+01
7.189663333333333015e+09,-9.292540172022160050e+01
7.189726666666666985e+09,-9.288740833525588414e+01
7.189790000000000000e+09,-9.307675171952502069e+01
7.189853333333333015e+09,-9.307875596120220507e+01
7.189916666666666985e+09,-9.303609073408105701e+01
7.189980000000000000e+09,-9.297859782229681969e+01
7.190043333333333015e+09,-9.302583080703965379e+01
7.190106666666666985e+09,-9.307951825913562516e+01
7.190170000000000000e+09,-9.301110919535766186e+01
7.190233333333333015e+09,-9.278407951145879906e+01
7.190296666666666985e+09,-9.312764882967891822e+01
7.190360000000000000e+09,-9.315231597903579086e+01
7.190423333333333015e+09,-9.293699344063377055e+01
7.190486666666666985e+09,-9.302769067215348286e+01
7.190550000000000000e+09,-9.292925336873435072e+01
7.190613333333333015e+09,-9.307560106367142794e+01
7.190676666666666985e+09,-9.282809722716808665e+01
7.190740000000000000e+09,-9.298178777664132610e+01
7.190803333333333015e+09,-9.295470094440557318e+01
7.190866666666666985e+09,-9.307058261905227425e+01
7.190930000000000000e+09,-9.293983026437543060e+01
7.190993333333333015e+09,-9.313683081495840099e+01
7.191056666666666985e+09,-9.304400090590075934e+01
7.191120000000000000e+09,-9.315291911118448809e+01
7.191183333333333015e+09,-9.323498638745830647e+01
7.191246666666666985e+09,-9.286938237011851527e+01
7.191310000000000000e+09,-9.272086617012826082e+01
7.191373333333333015e+09,-9.272317638794172012e+01
7.191436666666666985e+09,-9.284746417554708842e+01
7.191500000000000000e+09,-9.273403902744030347e+01
7.191563333333333015e+09,-9.314005884596596729e+01
7.191626666666666985e+09,-9.318279050150906073e+01
7.191690000000000000e+09,-9.313289117677585693e+01
7.191753333333333015e+09,-9.281431853805273136e+01
7.191816666666666985e+09,-9.300470492318238769e+01
7.191880000000000000e+09,-9.331503754206012502e+01
7.191943333333333015e+09,-9.309755766822782164e+01
7.192006666666666985e+09,-9.307841630466386107e+01
7.192070000000000000e+09,-9.299922281198169571e+01
7.192133333333333015e+09,-9.314985995299713295e+01
7.192196666666666985e+09,-9.324996469023260204e+01
7.192260000000000000e+09,-9.276843529969369229e+01
7.192323333333333015e+09,-9.286418319070983785e+01
7.192386666666666985e+09,-9.292030961965917868e+01
7.192450000000000000e+09,-9.281210296749122790e+01
7.192513333333333015e+09,-9.321477551251943794e+01
7.192576666666666985e+09,-9.284481085448767601e+01
7.192640000000000000e+09,-9.287995770290665121e+01
7.192703333333333015e+09,-9.294486516487475569e+01
7.192766666666666985e+09,-9.269488452823155455e+01
7.192830000000000000e+09,-9.321320407288138199e+01
7.192893333333333015e+09,-9.314959980310617027e+01
7.192956666666666985e+09,-9.321322675660201185e+01
7.193020000000000000e+09,-9.296686821968140180e+01
7.193083333333333015e+09,-9.305647147625410298e+01
7.193146666666666985e+09,-9.325206227750945231e+01
7.193210000000000000e+09,-9.281085615097671848e+01
7.193273333333333015e+09,-9.314162896582197959e+01
7.193336666666666985e+09,-9.318477525553302598e+01
7.193400000000000000e+09,-9.303454892410955779e+01
7.193463333333333015e+09,-9.323644456925163126e+01
7.193526666666666985e+09,-9.308404670889652266e+01
7.193590000000000000e+09,-9.293255485237652636e+01
7.193653333333333015e+09,-9.289678096652957606e+01
7.193716666666666985e+09,-9.301622565205863680e+01
7.193780000000000000e+09,-9.309893603290204567e+01
7.193843333333333015e+09,-9.311394617262038764e+01
7.193906666666666985e+09,-9.315486494605549694e+01
7.193970000000000000e+09,-9.304791712180713148e+01
7.194033333333333015e+09,-9.300700592441215520e+01
7.194096666666666985e+09,-9.275442326464242626e+01
7.194160000000000000e+09,-9.280711131460290630e+01
7.194223333333333015e+09,-9.329436746614761944e+01
7.194286666666666985e+09,-9.308840942081134529e+01
7.194350000000000000e+09,-9.322169125045610372e+01
7.194413333333333015e+09,-9.304842593106243953e+01
7.194476666666666985e+09,-9.303431590524706962e+01
7.194540000000000000e+09,-9.298407781820762352e+01
7.194603333333333015e+09,-9.297402463348083757e+01
7.194666666666666985e+09,-9.305578065862876258e+01
7.194730000000000000e+09,-9.310058877478181216e+01
7.194793333333333015e+09,-9.279902519340083700e+01
7.194856666666666985e+09,-9.293246474026827286e+01
7.194920000000000000e+09,-9.275154188378373021e+01
7.194983333333333015e+09,-9.298298447304448189e+01
7.195046666666666985e+09,-9.305737287351810494e+01
7.195110000000000000e+09,-9.297585293699084730e+01
7.195173333333333015e+09,-9.298042481366393019e+01
7.195236666666666985e+09,-9.301876841423299425e+01
7.195300000000000000e+09,-9.288552824992112278e+01
7.195363333333333015e+09,-9.282453331873824709e+01
7.195426666666666985e+09,-9.316045029022174617e+01
7.195490000000000000e+09,-9.302880282453160987e+01
7.195553333333333015e+09,-9.298635834307347636e+01
7.195616666666666985e+09,-9.307225906199271037e+01
7.195680000000000000e+09,-9.313620646858437624e+01
7.195743333333333015e+09,-9.293682678115231965e+01
7.195806666666666985e+09,-9.315417732931550177e+01
7.195870000000000000e+09,-9.297163905418474883e+01
7.195933333333333015e+09,-9.333787034487728818e+01
7.195996666666666985e+09,-9.274839413229734930e+01
7.196060000000000000e+09,-9.330139770858770021e+01
7.196123333333333015e+09,-9.311035986245448726e+01
7.196186666666666985e+09,-9.305877547016814333e+01
7.196250000000000000e+09,-9.314218987483559431e+01
7.196313333333333015e+09,-9.296622767205238347e+01
7.196376666666666985e+09,-9.298988397497716107e+01
7.196440000000000000e+09,-9.312695033458739147e+01
7.196503333333333015e+09,-9.318282031728158188e+01
7.196566666666666985e+09,-9.297720652973333699e+01
7.196630000000000000e+09,-9.322731204140424666e+01
7.196693333333333015e+09,-9.308939736155693367e+01
7.196756666666666985e+09,-9.289677184610727068e+01
7.196820000000000000e+09,-9.302909438294385325e+01
7.196883333333333015e+09,-9.325205187416536035e+01
7.196946666666666985e+09,-9.285850702309016924e+01
7.197010000000000000e+09,-9.322424719173096719e+01
7.197073333333333015e+09,-9.320495884843005285e+01
7.197136666666666985e+09,-9.300641600670893183e+01
7.197200000000000000e+09,-9.288039062620333652e+01
7.197263333333333015e+09,-9.307041333186468535e+01
7.197326666666666985e+09,-9.286182029475263278e+01
7.197390000000000000e+09,-9.282689154249592889e+01
7.197453333333333015e+09,-9.309262008071530659e+01
7.197516666666666985e+09,-9.303142665339855455e+01
7.197580000000000000e+09,-9.328538107923746736e+01
7.197643333333333015e+09,-9.326064173783609590e+01
7.197706666666666985e+09,-9.314301554931370219e+01
7.197770000000000000e+09,-9.315847994118051645e+01
7.197833333333333015e+09,-9.325328902971949674e+01
7.197896666666666985e+09,-9.310996523915163436e+01
7.197960000000000000e+09,-9.322941850098239058e+01
7.198023333333333015e+09,-9.296540308420291865e+01
7.198086666666666985e+09,-9.338522946992983975e+01
7.198150000000000000e+09,-9.299083434308607821e+01
7.198213333333333015e+09,-9.293631264836636774e+01
7.198276666666666985e+09,-9.312428993350798123e+01
7.198340000000000000e+09,-9.278474478161952277e+01
7.198403333333333015e+09,-9.292543085886561016e+01
7.198466666666666985e+09,-9.324904265634252454e+01
7.198530000000000000e+09,-9.320614441718412024e+01
7.198593333333333015e+09,-9.318594829140698721e+01
7.198656666666666985e+09,-9.313484308225275754e+01
7.198720000000000000e+09,-9.317687560971478433e+01
7.198783333333333015e+09,-9.317744913955951347e+01
7.198846666666666985e+09,-9.310114836178121323e+01
7.198910000000000000e+09,-9.317154655931466323e+01
7.198973333333333015e+09,-9.308207203178552902e+01
7.199036666666666985e+09,-9.304702575688392585e+01
7.199100000000000000e+09,-9.320563254118997065e+01
7.199163333333333015e+09,-9.322356460733735162e+01
7.199226666666666985e+09,-9.318294560472301669e+01
7.199290000000000000e+09,-9.306208825748140612e+01
7.199353333333333015e+09,-9.299005326364202517e+01
7.199416666666666985e+09,-9.312256718123967403e+01
7.199480000000000000e+09,-9.302345127591766527e+01
7.199543333333333015e+09,-9.334854067367471941e+01
7.199606666666666985e+09,-9.304521983355681414e+01
7.199670000000000000e+09,-9.319664617342176882e+01
7.199733333333333015e+09,-9.325009589841351954e+01
7.199796666666666985e+09,-9.324086780454774726e+01
7.199860000000000000e+09,-9.355161748509318898e+01
7.199923333333333015e+09,-9.291778620436480196e+01
7.199986666666666985e+09,-9.325199157580181009e+01
7.200050000000000000e+09,-9.300247575172603831e+01
7.200113333333333015e+09,-9.324222203331697756e+01
7.200176666666666985e+09,-9.307292828423656772e+01
7.200240000000000000e+09,-9.307809658687320109e+01
7.200303333333333015e+09,-9.329607407560784793e+01
7.200366666666666985e+09,-9.325230355741459221e+01
7.200430000000000000e+09,-9.331417778189801027e+01
7.200493333333333015e+09,-9.320733759662797979e+01
7.200556666666666985e+09,-9.295163840256479659e+01
7.200620000000000000e+09,-9.309986299019152511e+01
7.200683333333333015e+09,-9.320496726722338110e+01
7.200746666666666985e+09,-9.325621583518108082e+01
7.200810000000000000e+09,-9.327557673099190083e+01
7.200873333333333015e+09,-9.324491917232461446e+01
7.200936666666666985e+09,-9.317826917588811853e+01
7.201000000000000000e+09,-9.312488939691436940e+01
7.201063333333333015e+09,-9.323318452944090495e+01
7.201126666666666985e+09,-9.327512853792194392e+01
7.201190000000000000e+09,-9.325618740231820425e+01
7.201253333333333015e+09,-9.322696815190900566e+01
7.201316666666666985e+09,-9.311512915408344782e+01
7.201380000000000000e+09,-9.338000285425007974e+01
7.201443333333333015e+09,-9.305251414563483081e+01
7.201506666666666985e+09,-9.343018838531114056e+01
7.201570000000000000e+09,-9.317270731669211159e+01
7.201633333333333015e+09,-9.344254776511014882e+01
7.201696666666666985e+09,-9.325449321852573803e+01
7.201760000000000000e+09,-9.312670798449823906e+01
7.201823333333333015e+09,-9.335843825568585430e+01
7.201886666666666985e+09,-9.320037586496526671e+01
7.201950000000000000e+09,-9.336469100224530848e+01
7.202013333333333015e+09,-9.321181168076408596e+01
7.202076666666666985e+09,-9.346867410955390199e+01
7.202140000000000000e+09,-9.299343834288366395e+01
7.202203333333333015e+09,-9.299861866907777141e+01
7.202266666666666985e+09,-9.316141053916987858e+01
7.202330000000000000e+09,-9.307744541165563135e+01
7.202393333333333015e+09,-9.307306807482842714e+01
7.202456666666666985e+09,-9.348903908851681877e+01
7.202520000000000000e+09,-9.314971340922375020e+01
7.202583333333333015e+09,-9.342125225850384140e+01
7.202646666666666985e+09,-9.342859071840308616e+01
7.202710000000000000e+09,-9.324687451247314129e+01
7.202773333333333015e+09,-9.327082158616673269e+01
7.202836666666666985e+09,-9.315534295711822210e+01
7.202900000000000000e+09,-9.300505316705140046e+01
7.202963333333333015e+09,-9.322667085719344016e+01
7.203026666666666985e+09,-9.340713759144703943e+01
7.203090000000000000e+09,-9.308601079789370658e+01
7.203153333333333015e+09,-9.341523930555331390e+01
7.203216666666666985e+09,-9.320103977555554309e+01
7.203280000000000000e+09,-9.312734974018361811e+01
7.203343333333333015e+09,-9.344627513061864477e+01
7.203406666666666985e+09,-9.333071784982604413e+01
7.203470000000000000e+09,-9.308395063346615927e+01
7.203533333333333015e+09,-9.331163771363380022e+01
7.203596666666666985e+09,-9.335023269779462396e+01
7.203660000000000000e+09,-9.345433950377295673e+01
7.203723333333333015e+09,-9.356938788641043914e+01
7.203786666666666985e+09,-9.331028066309829683e+01
7.203850000000000000e+09,-9.345012237019274437e+01
7.203913333333333015e+09,-9.335098212227549652e+01
7.203976666666666985e+09,-9.317746014095664009e+01
7.204040000000000000e+09,-9.315757853332650029e+01
7.204103333333333015e+09,-9.342129261203979240e+01
7.204166666666666985e+09,-9.332895099803840822e+01
7.204230000000000000e+09,-9.318805575393798790e+01
7.204293333333333015e+09,-9.322455686304220990e+01
7.204356666666666985e+09,-9.338239976357468208e+01
7.204420000000000000e+09,-9.303847804595427817e+01
7.204483333333333015e+09,-9.345596824772312061e+01
7.204546666666666985e+09,-9.311902006112100594e+01
7.204610000000000000e+09,-9.319230620341478755e+01
7.204673333333333015e+09,-9.342100004408482050e+01
7.204736666666666985e+09,-9.322372492338588756e+01
7.204800000000000000e+09,-9.344455890708432833e+01
7.204863333333333015e+09,-9.324674360711975396e+01
7.204926666666666985e+09,-9.332466174504283174e+01
7.204990000000000000e+09,-9.325750357273156510e+01
7.205053333333333015e+09,-9.329466818580948484e+01
7.205116666666666985e+09,-9.346652131272377062e+01
7.205180000000000000e+09,-9.326638434146161671e+01
7.205243333333333015e+09,-9.342139878781330253e+01
7.205306666666666985e+09,-9.342456522514682149e+01
7.205370000000000000e+09,-9.335781410164403837e+01
7.205433333333333015e+09,-9.350852727740702619e+01
7.205496666666666985e+09,-9.329835774461109565e+01
7.205560000000000000e+09,-9.322797802461244032e+01
7.205623333333333015e+09,-9.337795617930339631e+01
7.205686666666666985e+09,-9.339075923325431461e+01
7.205750000000000000e+09,-9.373873871215123188e+01
7.205813333333333015e+09,-9.362122077772622220e+01
7.205876666666666985e+09,-9.412934944928539949e+01
7.205940000000000000e+09,-9.387022373843505818e+01
7.206003333333333015e+09,-9.371407476250695368e+01
7.206066666666666985e+09,-9.424937553864927509e+01
7.206130000000000000e+09,-9.460703173377257258e+01
7.206193333333333015e+09,-9.496060998098137418e+01
7.206256666666666985e+09,-9.459246178061653154e+01
7.206320000000000000e+09,-9.587863760829749538e+01
7.206383333333333015e+09,-9.826980022084072175e+01
7.206446666666666985e+09,-9.884841353626757154e+01
7.206510000000000000e+09,-9.554581314641170309e+01
7.206573333333333015e+09,-9.421009515161253489e+01
7.206636666666666985e+09,-9.376736691689234249e+01
7.206700000000000000e+09,-9.372278977782711706e+01
7.206763333333333015e+09,-9.343028529159897744e+01
7.206826666666666985e+09,-9.371845434931515229e+01
7.206890000000000000e+09,-9.340454105048983990e+01
7.206953333333333015e+09,-9.327017063343360803e+01
7.207016666666666985e+09,-9.344310384112232271e+01
7.207080000000000000e+09,-9.330267550696412115e+01
7.207143333333333015e+09,-9.355149680337204643e+01
7.207206666666666985e+09,-9.352650035265219230e+01
7.207270000000000000e+09,-9.364452943058081757e+01
7.207333333333333015e+09,-9.361440742064948495e+01
7.207396666666666985e+09,-9.352660348486396913e+01
7.207460000000000000e+09,-9.364626747450749633e+01
7.207523333333333015e+09,-9.352750349261533813e+01
7.207586666666666985e+09,-9.359908393219761535e+01
7.207650000000000000e+09,-9.367098498078435398e+01
7.207713333333333015e+09,-9.328176501740436777e+01
7.207776666666666985e+09,-9.351587823471378158e+01
7.207840000000000000e+09,-9.338037442289279966e+01
7.207903333333333015e+09,-9.327616650786470132e+01
7.207966666666666985e+09,-9.364716049933521447e+01
7.208030000000000000e+09,-9.344922206842684886e+01
7.208093333333333015e+09,-9.317529674797239636e+01
7.208156666666666985e+09,-9.374022610475408612e+01
7.208220000000000000e+09,-9.335043387462023645e+01
7.208283333333333015e+09,-9.345305974243403568e+01
7.208346666666666985e+09,-9.343447497281964331e+01
7.208410000000000000e+09,-9.348532903027886221e+01
7.208473333333333015e+09,-9.338654940372174451e+01
7.208536666666666985e+09,-9.360436778772682942e+01
7.208600000000000000e+09,-9.352829954150476510e+01
7.208663333333333015e+09,-9.329278773827465443e+01
7.208726666666666985e+09,-9.327636344652604805e+01
7.208790000000000000e+09,-9.365298100318517527e+01
7.208853333333333015e+09,-9.308027011460430344e+01
7.208916666666666985e+09,-9.328405534174353875e+01
7.208980000000000000e+09,-9.355560339374133605e+01
7.209043333333333015e+09,-9.320247593661683538e+01
7.209106666666666985e+09,-9.356705942384742514e+01
7.209170000000000000e+09,-9.311738181722682839e+01
7.209233333333333015e+09,-9.341583715191683268e+01
7.209296666666666985e+09,-9.345135640832251056e+01
7.209360000000000000e+09,-9.319131509632903487e+01
7.209423333333333015e+09,-9.339938279883821792e+01
7.209486666666666985e+09,-9.349916287179397045e+01
7.209550000000000000e+09,-9.333536886292850454e+01
7.209613333333333015e+09,-9.336216729411894732e+01
7.209676666666666985e+09,-9.340907977892288727e+01
7.209740000000000000e+09,-9.358170550852727843e+01
7.209803333333333015e+09,-9.322609908530463940e+01
7.209866666666666985e+09,-9.354067441929166193e+01
7.209930000000000000e+09,-9.344275141733029955e+01
7.209993333333333015e+09,-9.328812085963683387e+01
7.210056666666666985e+09,-9.327005051122708323e+01
7.210120000000000000e+09,-9.336422016521133571e+01
7.210183333333333015e+09,-9.307247609179567860e+01
7.210246666666666985e+09,-9.349501956903219479e+01
7.210310000000000000e+09,-9.357892713120753569e+01
7.210373333333333015e+09,-9.342384256189184555e+01
7.210436666666666985e+09,-9.323309207769099771e+01
7.210500000000000000e+09,-9.361089389043382880e+01
7.210563333333333015e+09,-9.326604298298704521e+01
7.210626666666666985e+09,-9.355969190624135479e+01
7.210690000000000000e+09,-9.334826516090045345e+01
7.210753333333333015e+09,-9.308782048867882963e+01
7.210816666666666985e+09,-9.358257932598148443e+01
7.210880000000000000e+09,-9.354776147155709509e+01
7.210943333333333015e+09,-9.341904759577823825e+01
7.211006666666666985e+09,-9.371003015276386350e+01
7.211070000000000000e+09,-9.323559623561209264e+01
7.211133333333333015e+09,-9.334544184599064920e+01
7.211196666666666985e+09,-9.333320474561037372e+01
7.211260000000000000e+09,-9.360549084792891961e+01
7.211323333333333015e+09,-9.359780467672663917e+01
7.211386666666666985e+09,-9.325467056501365448e+01
7.211450000000000000e+09,-9.384336420791072442e+01
7.211513333333333015e+09,-9.352873762997776907e+01
7.211576666666666985e+09,-9.313170097509592438e+01
7.211640000000000000e+09,-9.343046011592451805e+01
7.211703333333333015e+09,-9.333924071543401624e+01
7.211766666666666985e+09,-9.354091989616301817e+01
7.211830000000000000e+09,-9.338852649637601644e+01
7.211893333333333015e+09,-9.347206197127441385e+01
7.211956666666666985e+09,-9.347736424626360474e+01
7.212020000000000000e+09,-9.335457452125950795e+01
7.212083333333333015e+09,-9.346249102078456872e+01
7.212146666666666985e+09,-9.324142786680404527e+01
7.212210000000000000e+09,-9.322091564747302073e+01
7.212273333333333015e+09,-9.345630421948243338e+01
7.212336666666666985e+09,-9.323959637080612595e+01
7.212400000000000000e+09,-9.332791332530231898e+01
7.212463333333333015e+09,-9.318885579532414454e+01
7.212526666666666985e+09,-9.326177316603809686e+01
7.212590000000000000e+09,-9.323766834209251897e+01
7.212653333333333015e+09,-9.345142666735722514e+01
7.212716666666666985e+09,-9.353880682687957915e+01
7.212780000000000000e+09,-9.338029009901813993e+01
7.212843333333333015e+09,-9.350352877794173878e+01
7.212906666666666985e+09,-9.364180998033117476e+01
7.212970000000000000e+09,-9.357366811957858488e+01
7.213033333333333015e+09,-9.343828444180579140e+01
7.213096666666666985e+09,-9.350886988616353790e+01
7.213160000000000000e+09,-9.352312065064606372e+01
7.213223333333333015e+09,-9.330578781870691785e+01
7.213286666666666985e+09,-9.339610053828886294e+01
7.213350000000000000e+09,-9.327245330332955575e+01
7.213413333333333015e+09,-9.324978279875054454e+01
7.213476666666666985e+09,-9.332472853714588723e+01
7.213540000000000000e+09,-9.339599648617689809e+01
7.213603333333333015e+09,-9.335104110710780390e+01
7.213666666666666985e+09,-9.358252379193130821e+01
7.213730000000000000e+09,-9.343733378484840557e+01
7.213793333333333015e+09,-9.363414230852310993e+01
7.213856666666666985e+09,-9.341213185985807854e+01
7.213920000000000000e+09,-9.351710096977819830e+01
7.213983333333333015e+09,-9.347304645820210567e+01
7.214046666666666985e+09,-9.365522619679359195e+01
7.214110000000000000e+09,-9.350608648204817541e+01
7.214173333333333015e+09,-9.365525915848431282e+01
7.214236666666666985e+09,-9.356659402963130390e+01
7.214300000000000000e+09,-9.364431108672377491e+01
7.214363333333333015e+09,-9.363237886075728511e+01
7.214426666666666985e+09,-9.378529640866881323e+01
7.214490000000000000e+09,-9.362227197167257486e+01
7.214553333333333015e+09,-9.338637909922731239e+01
7.214616666666666985e+09,-9.340920438586303476e+01
7.214680000000000000e+09,-9.325513377307558471e+01
7.214743333333333015e+09,-9.378023453972126333e+01
7.214806666666666985e+09,-9.364339201208061070e+01
7.214870000000000000e+09,-9.358800061899698619e+01
7.214933333333333015e+09,-9.334318027557337416e+01
7.214996666666666985e+09,-9.360879462870288137e+01
7.215060000000000000e+09,-9.362966009480557261e+01
7.215123333333333015e+09,-9.395056079518469971e+01
7.215186666666666985e+09,-9.390528145718690212e+01
7.215250000000000000e+09,-9.346368563452378453e+01
7.215313333333333015e+09,-9.370987920626359369e+01
7.215376666666666985e+09,-9.347981409298211020e+01
7.215440000000000000e+09,-9.369828591390066208e+01
7.215503333333333015e+09,-9.343173279150107646e+01
7.215566666666666985e+09,-9.346913547400379230e+01
7.215630000000000000e+09,-9.344714891883398877e+01
7.215693333333333015e+09,-9.337676930687317167e+01
7.215756666666666985e+09,-9.338053607479463381e+01
7.215820000000000000e+09,-9.361638278447614425e+01
7.215883333333333015e+09,-9.347731653364319016e+01
7.215946666666666985e+09,-9.369095050761578136e+01
7.216010000000000000e+09,-9.374218328447460635e+01
7.216073333333333015e+09,-9.375529405490489410e+01
7.216136666666666985e+09,-9.352321996269859028e+01
7.216200000000000000e+09,-9.334415944566102041e+01
7.216263333333333015e+09,-9.354845366783817440e+01
7.216326666666666985e+09,-9.365679589461906573e+01
7.216390000000000000e+09,-9.336799687241880008e+01
7.216453333333333015e+09,-9.329956787667093465e+01
7.216516666666666985e+09,-9.352096794587721718e+01
7.216580000000000000e+09,-9.352829966773055048e+01
7.216643333333333015e+09,-9.332048149045014895e+01
7.216706666666666985e+09,-9.351504584965604749e+01
7.216770000000000000e+09,-9.364520640269419971e+01
7.216833333333333015e+09,-9.340177062974943567e+01
7.216896666666666985e+09,-9.364301211994347796e+01
7.216960000000000000e+09,-9.347927289083744995e+01
7.217023333333333015e+09,-9.372691809073417346e+01
7.217086666666666985e+09,-9.347996579924449634e+01
7.217150000000000000e+09,-9.359817658819822839e+01
7.217213333333333015e+09,-9.384992581874902839e+01
7.217276666666666985e+09,-9.355071208629959756e+01
7.217340000000000000e+09,-9.373619039955875110e+01
7.217403333333333015e+09,-9.367507616208354193e+01
7.217466666666666985e+09,-9.348802264310906196e+01
7.217530000000000000e+09,-9.359158647645783446e+01
7.217593333333333015e+09,-9.370350504868413566e+01
7.217656666666666985e+09,-9.341968462692678088e+01
7.217720000000000000e+09,-9.363637136561278851e+01
7.217783333333333015e+09,-9.371094334037428553e+01
7.217846666666666985e+09,-9.372097739497735347e+01
7.217910000000000000e+09,-9.362020626832213566e+01
7.217973333333333015e+09,-9.356356714055880275e+01
7.218036666666666985e+09,-9.353460308987878591e+01
7.218100000000000000e+09,-9.372224975351807075e+01
7.218163333333333015e+09,-9.399573866428552549e+01
7.218226666666666985e+09,-9.363054562981113804e+01
7.218290000000000000e+09,-9.375935052762697808e+01
7.218353333333333015e+09,-9.379253844191252654e+01
7.218416666666666985e+09,-9.345286285089824219e+01
7.218480000000000000e+09,-9.350635470327989651e+01
7.218543333333333015e+09,-9.362589284489547481e+01
7.218606666666666985e+09,-9.372356407892466734e+01
7.218670000000000000e+09,-9.359869490530485336e+01
7.218733333333333015e+09,-9.352664465672594929e+01
7.218796666666666985e+09,-9.348074205094138733e+01
7.218860000000000000e+09,-9.381870251491417889e+01
7.218923333333333015e+09,-9.373526143821672463e+01
7.218986666666666985e+09,-9.369710874887360319e+01
7.219050000000000000e+09,-9.385841096187378696e+01
7.219113333333333015e+09,-9.336884329225696888e+01
7.219176666666666985e+09,-9.362376296658298713e+01
7.219240000000000000e+09,-9.327487191540950562e+01
7.219303333333333015e+09,-9.380507437636914858e+01
7.219366666666666985e+09,-9.359743057727408200e+01
7.219430000000000000e+09,-9.376220171234609779e+01
7.219493333333333015e+09,-9.355791510074838868e+01
7.219556666666666985e+09,-9.331200941267525195e+01
7.219620000000000000e+09,-9.378354821090127302e+01
7.219683333333333015e+09,-9.386076416391865962e+01
7.219746666666666985e+09,-9.390858154298967975e+01
7.219810000000000000e+09,-9.390729590205484101e+01
7.219873333333333015e+09,-9.353754708361597636e+01
7.219936666666666985e+09,-9.384879360403969883e+01
7.220000000000000000e+09,-9.394865637117845836e+01
7.220063333333333015e+09,-9.394963702013903628e+01
7.220126666666666985e+09,-9.372916630378998093e+01
7.220190000000000000e+09,-9.360473887109159818e+01
7.220253333333333015e+09,-9.366010624972457776e+01
7.220316666666666985e+09,-9.377894991512334855e+01
7.220380000000000000e+09,-9.375538314021949304e+01
7.220443333333333015e+09,-9.347796427586666823e+01
7.220506666666666985e+09,-9.356020830092143115e+01
7.220570000000000000e+09,-9.394782510796817121e+01
7.220633333333333015e+09,-9.356704928347113537e+01
7.220696666666666985e+09,-9.390728249325479737e+01
7.220760000000000000e+09,-9.361807693364880834e+01
7.220823333333333015e+09,-9.374033459903031940e+01
7.220886666666666985e+09,-9.371766815184190591e+01
7.220950000000000000e+09,-9.386657844489408831e+01
7.221013333333333015e+09,-9.401589837940848327e+01
7.221076666666666985e+09,-9.380092528715681510e+01
7.221140000000000000e+09,-9.378906027383088428e+01
7.221203333333333015e+09,-9.361089405101715499e+01
7.221266666666666985e+09,-9.355511266511199153e+01
7.221330000000000000e+09,-9.359557853420312767e+01
7.221393333333333015e+09,-9.378618649316534572e+01
7.221456666666666985e+09,-9.383769480434884258e+01
7.221520000000000000e+09,-9.371836202912803060e+01
7.221583333333333015e+09,-9.360200753697718312e+01
7.221646666666666985e+09,-9.349299546622772539e+01
7.221710000000000000e+09,-9.357535317643129247e+01
7.221773333333333015e+09,-9.390025139504987806e+01
7.221836666666666985e+09,-9.371537187408117120e+01
7.221900000000000000e+09,-9.365606717459384356e+01
7.221963333333333015e+09,-9.390204206930383179e+01
7.222026666666666985e+09,-9.378937215521153803e+01
7.222090000000000000e+09,-9.387118849743900739e+01
7.222153333333333015e+09,-9.369480897219622761e+01
7.222216666666666985e+09,-9.382123166008271653e+01
7.222280000000000000e+09,-9.369128886877282980e+01
7.222343333333333015e+09,-9.379491113819840109e+01
7.222406666666666985e+09,-9.340404295319939365e+01
7.222470000000000000e+09,-9.364933013065964929e+01
7.222533333333333015e+09,-9.389913786838275200e+01
7.222596666666666985e+09,-9.378756149861546021e+01
7.222660000000000000e+09,-9.366520993121969241e+01
7.222723333333333015e+09,-9.404421500580070870e+01
7.222786666666666985e+09,-9.372142949970189818e+01
7.222850000000000000e+09,-9.374872677564177081e+01
7.222913333333333015e+09,-9.370340796590419075e+01
7.222976666666666985e+09,-9.374356920703471019e+01
7.223040000000000000e+09,-9.365085513695757413e+01
7.223103333333333015e+09,-9.384215677528585786e+01
7.223166666666666985e+09,-9.376523466019691000e+01
7.223230000000000000e+09,-9.405501040556734438e+01
7.223293333333333015e+09,-9.369843327154956114e+01
7.223356666666666985e+09,-9.359213936165431846e+01
7.223420000000000000e+09,-9.394925643919007996e+01
7.223483333333333015e+09,-9.372866279594589400e+01
7.223546666666666985e+09,-9.363576753319901513e+01
7.223610000000000000e+09,-9.368090138752370422e+01
7.223673333333333015e+09,-9.371467653505226281e+01
7.223736666666666985e+09,-9.365211080004293365e+01
7.223800000000000000e+09,-9.409290862140993283e+01
7.223863333333333015e+09,-9.382431893558705838e+01
7.223926666666666985e+09,-9.368594580614789891e+01
7.223990000000000000e+09,-9.367921705901557061e+01
7.224053333333333015e+09,-9.371460520477882028e+01
7.224116666666666985e+09,-9.391085774772834327e+01
7.224180000000000000e+09,-9.377561585817869627e+01
7.224243333333333015e+09,-9.408524702629119929e+01
7.224306666666666985e+09,-9.393989557023252246e+01
7.224370000000000000e+09,-9.382580704368467650e+01
7.224433333333333015e+09,-9.388634018411038085e+01
7.224496666666666985e+09,-9.376559921378670026e+01
7.224560000000000000e+09,-9.373086454335727069e+01
7.224623333333333015e+09,-9.381982195129714341e+01
7.224686666666666985e+09,-9.385360381835424448e+01
7.224750000000000000e+09,-9.397636203951978473e+01
7.224813333333333015e+09,-9.413901852102959822e+01
7.224876666666666985e+09,-9.384670555418088611e+01
7.224940000000000000e+09,-9.366223859440493982e+01
7.225003333333333015e+09,-9.379360450782668579e+01
7.225066666666666985e+09,-9.364261708975261911e+01
7.225130000000000000e+09,-9.383658453152136758e+01
7.225193333333333015e+09,-9.396553184228729094e+01
7.225256666666666985e+09,-9.347259066103104885e+01
7.225320000000000000e+09,-9.365655583789218497e+01
7.225383333333333015e+09,-9.399321682127306588e+01
7.225446666666666985e+09,-9.372758029204197783e+01
7.225510000000000000e+09,-9.381421986406630253e+01
7.225573333333333015e+09,-9.401507433222067789e+01
7.225636666666666985e+09,-9.393568619757280658e+01
7.225700000000000000e+09,-9.404270442089242010e+01
7.225763333333333015e+09,-9.381139909432293678e+01
7.225826666666666985e+09,-9.395845639337855459e+01
7.225890000000000000e+09,-9.376694322807725257e+01
7.225953333333333015e+09,-9.402803967858361034e+01
7.226016666666666985e+09,-9.409993938125214186e+01
7.226080000000000000e+09,-9.390671314801643632e+01
7.226143333333333015e+09,-9.375421606611357106e+01
7.226206666666666985e+09,-9.373109408993272496e+01
7.226270000000000000e+09,-9.389861569012151676e+01
7.226333333333333015e+09,-9.368991730302680310e+01
7.226396666666666985e+09,-9.392844994103748490e+01
7.226460000000000000e+09,-9.399385118798606698e+01
7.226523333333333015e+09,-9.422575061942389141e+01
7.226586666666666985e+09,-9.381030364137656363e+01
7.226650000000000000e+09,-9.391966493869330179e+01
7.226713333333333015e+09,-9.409610788885740362e+01
7.226776666666666985e+09,-9.387814231112598407e+01
7.226840000000000000e+09,-9.373664986187762338e+01
7.226903333333333015e+09,-9.373113575771036210e+01
7.226966666666666985e+09,-9.393307351926581816e+01
7.227030000000000000e+09,-9.370132568626036118e+01
7.227093333333333015e+09,-9.379851868050863573e+01
7.227156666666666985e+09,-9.353516789701129142e+01
7.227220000000000000e+09,-9.370453146891570384e+01
7.227283333333333015e+09,-9.387198429353632889e+01
7.227346666666666985e+09,-9.389580841367397568e+01
7.227410000000000000e+09,-9.375513255833659798e+01
7.227473333333333015e+09,-9.366419472658883194e+01
7.227536666666666985e+09,-9.405190375918088819e+01
7.227600000000000000e+09,-9.376322708270116379e+01
7.227663333333333015e+09,-9.388310032904782076e+01
7.227726666666666985e+09,-9.376581283785839105e+01
7.227790000000000000e+09,-9.393806606994986907e+01
7.227853333333333015e+09,-9.394827464955821483e+01
7.227916666666666985e+09,-9.354781846103688281e+01
7.227980000000000000e+09,-9.404641146111630690e+01
7.228043333333333015e+09,-9.374163811903599708e+01
7.228106666666666985e+09,-9.411842355591296894e+01
7.228170000000000000e+09,-9.392769715277744069e+01
7.228233333333333015e+09,-9.377856883708241753e+01
7.228296666666666985e+09,-9.395276792881503525e+01
7.228360000000000000e+09,-9.345658445412200876e+01
7.228423333333333015e+09,-9.367676523259962096e+01
7.228486666666666985e+09,-9.386335624608527439e+01
7.228550000000000000e+09,-9.377033991188405082e+01
7.228613333333333015e+09,-9.366418322555362863e+01
7.228676666666666985e+09,-9.374821974589657714e+01
7.228740000000000000e+09,-9.414176760991543347e+01
7.228803333333333015e+09,-9.404816354841771897e+01
7.228866666666666985e+09,-9.394998229836809855e+01
7.228930000000000000e+09,-9.362901752025857149e+01
7.228993333333333015e+09,-9.358927179875765034e+01
7.229056666666666985e+09,-9.416297471812802655e+01
7.229120000000000000e+09,-9.416387969352439313e+01
7.229183333333333015e+09,-9.405667227604754999e+01
7.229246666666666985e+09,-9.406512901881575317e+01
7.229310000000000000e+09,-9.427503605278759835e+01
7.229373333333333015e+09,-9.376291706644931878e+01
7.229436666666666985e+09,-9.412106671089895826e+01
7.229500000000000000e+09,-9.408182039481349079e+01
7.229563333333333015e+09,-9.416713347218590968e+01
7.229626666666666985e+09,-9.427325054212363398e+01
7.229690000000000000e+09,-9.387328312970339539e+01
7.229753333333333015e+09,-9.420396710757246694e+01
7.229816666666666985e+09,-9.436876410185112718e+01
7.229880000000000000e+09,-9.439422810497417515e+01
7.229943333333333015e+09,-9.474068341345690669e+01
7.230006666666666985e+09,-9.523623784430475325e+01
7.230070000000000000e+09,-9.515265761497894914e+01
7.230133333333333015e+09,-9.594943713045080358e+01
7.230196666666666985e+09,-9.781211768644658378e+01
7.230260000000000000e+09,-1.025164187587917866e+02
7.230323333333333015e+09,-9.791809882584425395e+01
7.230386666666666985e+09,-9.591861279225391002e+01
7.230450000000000000e+09,-9.503675704063232388e+01
7.230513333333333015e+09,-9.416367651192740595e+01
7.230576666666666985e+09,-9.427288758880889930e+01
7.230640000000000000e+09,-9.391506871174989612e+01
7.230703333333333015e+09,-9.402211688150109126e+01
7.230766666666666985e+09,-9.410224925606470947e+01
7.230830000000000000e+09,-9.399413935429605260e+01
7.230893333333333015e+09,-9.392646305241433424e+01
7.230956666666666985e+09,-9.394324552365614522e+01
7.231020000000000000e+09,-9.409042436511825258e+01
7.231083333333333015e+09,-9.400712906776513478e+01
7.231146666666666985e+09,-9.400679705840897782e+01
7.231210000000000000e+09,-9.397031708561819130e+01
7.231273333333333015e+09,-9.385098949186453865e+01
7.231336666666666985e+09,-9.418384082722471362e+01
7.231400000000000000e+09,-9.363518094826747529e+01
7.231463333333333015e+09,-9.408563335469955291e+01
7.231526666666666985e+09,-9.374373205871376058e+01
7.231590000000000000e+09,-9.399688856097371570e+01
7.231653333333333015e+09,-9.389493321597916520e+01
7.231716666666666985e+09,-9.420009040305559722e+01
7.231780000000000000e+09,-9.414590455766662558e+01
7.231843333333333015e+09,-9.414527190759727659e+01
7.231906666666666985e+09,-9.380698856835732613e+01
7.231970000000000000e+09,-9.372991985970307383e+01
7.232033333333333015e+09,-9.401064833776158025e+01
7.232096666666666985e+09,-9.412629362614175932e+01
7.232160000000000000e+09,-9.361422745197857864e+01
7.232223333333333015e+09,-9.371955845252877282e+01
7.232286666666666985e+09,-9.375851089958277385e+01
7.232350000000000000e+09,-9.381807262791247126e+01
7.232413333333333015e+09,-9.373799865383315932e+01
7.232476666666666985e+09,-9.349605219594671723e+01
7.232540000000000000e+09,-9.409803398550080544e+01
7.232603333333333015e+09,-9.391751839569819538e+01
7.232666666666666985e+09,-9.388326752835300226e+01
7.232730000000000000e+09,-9.390822429591597142e+01
7.232793333333333015e+09,-9.394139752380684172e+01
7.232856666666666985e+09,-9.396177002645990228e+01
7.232920000000000000e+09,-9.429176112587609282e+01
7.232983333333333015e+09,-9.429592154912931790e+01
7.233046666666666985e+09,-9.397535953011775689e+01
7.233110000000000000e+09,-9.388745007754606320e+01
7.233173333333333015e+09,-9.407370937817738366e+01
7.233236666666666985e+09,-9.406596811447587925e+01
7.233300000000000000e+09,-9.366319228786377948e+01
7.233363333333333015e+09,-9.417873815788722425e+01
7.233426666666666985e+09,-9.372550864222131395e+01
7.233490000000000000e+09,-9.399103100458042093e+01
7.233553333333333015e+09,-9.409061715258081904e+01
7.233616666666666985e+09,-9.395611842106728773e+01
7.233680000000000000e+09,-9.439352687275840026e+01
7.233743333333333015e+09,-9.409863341728518549e+01
7.233806666666666985e+09,-9.373332354791727994e+01
7.233870000000000000e+09,-9.379327111870280476e+01
7.233933333333333015e+09,-9.397800057747377878e+01
7.233996666666666985e+09,-9.414038419539558333e+01
7.234060000000000000e+09,-9.404302895890994307e+01
7.234123333333333015e+09,-9.425931430242141573e+01
7.234186666666666985e+09,-9.382939900619078344e+01
7.234250000000000000e+09,-9.422129210028424495e+01
7.234313333333333015e+09,-9.391813231629741665e+01
7.234376666666666985e+09,-9.390709560756005203e+01
7.234440000000000000e+09,-9.412508224898532205e+01
7.234503333333333015e+09,-9.408615582861412463e+01
7.234566666666666985e+09,-9.421573286846781059e+01
7.234630000000000000e+09,-9.367034536213404294e+01
7.234693333333333015e+09,-9.402181373227561778e+01
7.234756666666666985e+09,-9.384531122556268201e+01
7.234820000000000000e+09,-9.418737274322606368e+01
7.234883333333333015e+09,-9.416033473898458794e+01
7.234946666666666985e+09,-9.393391210040101669e+01
7.235010000000000000e+09,-9.422683634146659415e+01
7.235073333333333015e+09,-9.431543081143013296e+01
7.235136666666666985e+09,-9.399972551697347001e+01
7.235200000000000000e+09,-9.440186348327915766e+01
7.235263333333333015e+09,-9.416265226702262225e+01
7.235326666666666985e+09,-9.439703396767794175e+01
7.235390000000000000e+09,-9.418495529191790183e+01
7.235453333333333015e+09,-9.401472120191044723e+01
7.235516666666666985e+09,-9.406933987400718422e+01
7.235580000000000000e+09,-9.403322494841734169e+01
7.235643333333333015e+09,-9.372555066891443687e+01
7.235706666666666985e+09,-9.413861452786011341e+01
7.235770000000000000e+09,-9.421673420407006461e+01
7.235833333333333015e+09,-9.408226671865740798e+01
7.235896666666666985e+09,-9.426749875524188838e+01
7.235960000000000000e+09,-9.395243851629830090e+01
7.236023333333333015e+09,-9.415556704341634031e+01
7.236086666666666985e+09,-9.428856330563351662e+01
7.236150000000000000e+09,-9.393606647578494062e+01
7.236213333333333015e+09,-9.387735293144237403e+01
7.236276666666666985e+09,-9.404034883031242487e+01
7.236340000000000000e+09,-9.424129636287173639e+01
7.236403333333333015e+09,-9.412588114979540421e+01
7.236466666666666985e+09,-9.431136182652524269e+01
7.236530000000000000e+09,-9.394022184228629158e+01
7.236593333333333015e+09,-9.444020117056508923e+01
7.236656666666666985e+09,-9.407427199132918361e+01
7.236720000000000000e+09,-9.381724921586213384e+01
7.236783333333333015e+09,-9.410156802185244374e+01
7.236846666666666985e+09,-9.392556068325610852e+01
7.236910000000000000e+09,-9.396849031026565058e+01
7.236973333333333015e+09,-9.417506010507487701e+01
7.237036666666666985e+09,-9.396339181033607701e+01
7.237100000000000000e+09,-9.413451645891257158e+01
7.237163333333333015e+09,-9.382049120835354472e+01
7.237226666666666985e+09,-9.421759482006528685e+01
7.237290000000000000e+09,-9.412447843256808255e+01
7.237353333333333015e+09,-9.400886126776590856e+01
7.237416666666666985e+09,-9.412064770444197848e+01
7.237480000000000000e+09,-9.407073837511453007e+01
7.237543333333333015e+09,-9.365549597584767128e+01
7.237606666666666985e+09,-9.387462327743210722e+01
7.237670000000000000e+09,-9.427594944955217215e+01
7.237733333333333015e+09,-9.409995227648553850e+01
7.237796666666666985e+09,-9.436485256190707105e+01
7.237860000000000000e+09,-9.394470616663687679e+01
7.237923333333333015e+09,-9.414640482766279206e+01
7.237986666666666985e+09,-9.395619128372661066e+01
7.238050000000000000e+09,-9.415335689686119736e+01
7.238113333333333015e+09,-9.445257669491753916e+01
7.238176666666666985e+09,-9.398515188561719924e+01
7.238240000000000000e+09,-9.428808242258229200e+01
7.238303333333333015e+09,-9.400055747689904706e+01
7.238366666666666985e+09,-9.414108943959520559e+01
7.238430000000000000e+09,-9.405777387093860398e+01
7.238493333333333015e+09,-9.411510429471648820e+01
7.238556666666666985e+09,-9.414911267694877495e+01
7.238620000000000000e+09,-9.439006037491932943e+01
7.238683333333333015e+09,-9.383470173688547789e+01
7.238746666666666985e+09,-9.401922590060289053e+01
7.238810000000000000e+09,-9.433958211857891740e+01
7.238873333333333015e+09,-9.389109119771978840e+01
7.238936666666666985e+09,-9.435829860747311670e+01
7.239000000000000000e+09,-9.421024695172663144e+01
7.239063333333333015e+09,-9.420863849766752196e+01
7.239126666666666985e+09,-9.424696345974589917e+01
7.239190000000000000e+09,-9.434839129158861226e+01
7.239253333333333015e+09,-9.409397235259886827e+01
7.239316666666666985e+09,-9.437058343616743628e+01
7.239380000000000000e+09,-9.399687568244233660e+01
7.239443333333333015e+09,-9.433536787093609632e+01
7.239506666666666985e+09,-9.395647990466750343e+01
7.239570000000000000e+09,-9.399764524588881898e+01
7.239633333333333015e+09,-9.423503868168961617e+01
7.239696666666666985e+09,-9.410596962204836302e+01
7.239760000000000000e+09,-9.462647434315286432e+01
7.239823333333333015e+09,-9.415842124136989355e+01
7.239886666666666985e+09,-9.418570241048358582e+01
7.239950000000000000e+09,-9.429759874542234854e+01
7.240013333333333015e+09,-9.453897831527746121e+01
7.240076666666666985e+09,-9.399129273919928096e+01
7.240140000000000000e+09,-9.409174379018024581e+01
7.240203333333333015e+09,-9.377944601824013660e+01
7.240266666666666985e+09,-9.405811968555035207e+01
7.240330000000000000e+09,-9.405661727939747152e+01
7.240393333333333015e+09,-9.404649539769472710e+01
7.240456666666666985e+09,-9.422663241780965393e+01
7.240520000000000000e+09,-9.417200536187854709e+01
7.240583333333333015e+09,-9.394009747929443677e+01
7.240646666666666985e+09,-9.417234549301427649e+01
7.240710000000000000e+09,-9.413835010618535648e+01
7.240773333333333015e+09,-9.422781423866567252e+01
7.240836666666666985e+09,-9.385105115428125089e+01
7.240900000000000000e+09,-9.420798785702902478e+01
7.240963333333333015e+09,-9.404650866727388347e+01
7.241026666666666985e+09,-9.410109641515813905e+01
7.241090000000000000e+09,-9.406484521791114162e+01
7.241153333333333015e+09,-9.380145308181623420e+01
7.241216666666666985e+09,-9.413722942014899786e+01
7.241280000000000000e+09,-9.403083814199035828e+01
7.241343333333333015e+09,-9.404108998324969093e+01
7.241406666666666985e+09,-9.369755159448017423e+01
7.241470000000000000e+09,-9.374673661046358575e+01
7.241533333333333015e+09,-9.407286968383102987e+01
7.241596666666666985e+09,-9.400040816022519152e+01
7.241660000000000000e+09,-9.392127397093443619e+01
7.241723333333333015e+09,-9.421973854542443405e+01
7.241786666666666985e+09,-9.389109734896180726e+01
7.241850000000000000e+09,-9.430828791909640074e+01
7.241913333333333015e+09,-9.411375255969858244e+01
7.241976666666666985e+09,-9.435553965905974394e+01
7.242040000000000000e+09,-9.401984655674341695e+01
7.242103333333333015e+09,-9.411769173742456474e+01
7.242166666666666985e+09,-9.426432867944370741e+01
7.242230000000000000e+09,-9.427939892912766595e+01
7.242293333333333015e+09,-9.390508582273808713e+01
7.242356666666666985e+09,-9.387721355210163665e+01
7.242420000000000000e+09,-9.419289797426111477e+01
7.242483333333333015e+09,-9.401217616490677642e+01
7.242546666666666985e+09,-9.402911688424872239e+01
7.242610000000000000e+09,-9.398725554067118537e+01
7.242673333333333015e+09,-9.400037947816399253e+01
7.242736666666666985e+09,-9.407921060891442266e+01
7.242800000000000000e+09,-9.402793066960916235e+01
7.242863333333333015e+09,-9.422023568629312251e+01
7.242926666666666985e+09,-9.363623344296576079e+01
7.242990000000000000e+09,-9.395078673460704977e+01
7.243053333333333015e+09,-9.435046798819242042e+01
7.243116666666666985e+09,-9.410655632308271379e+01
7.243180000000000000e+09,-9.411987216654313215e+01
7.243243333333333015e+09,-9.391538105842374762e+01
7.243306666666666985e+09,-9.385871183865967282e+01
7.243370000000000000e+09,-9.406939276603942801e+01
7.243433333333333015e+09,-9.403781692325682684e+01
7.243496666666666985e+09,-9.425304031118143655e+01
7.243560000000000000e+09,-9.389333025616383566e+01
7.243623333333333015e+09,-9.413482099161109318e+01
7.243686666666666985e+09,-9.396360295539034269e+01
7.243750000000000000e+09,-9.446530520974070555e+01
7.243813333333333015e+09,-9.372152804125153125e+01
7.243876666666666985e+09,-9.417865341805109836e+01
7.243940000000000000e+09,-9.395789516518496498e+01
7.244003333333333015e+09,-9.399364148960104615e+01
7.244066666666666985e+09,-9.434801004847230388e+01
7.244130000000000000e+09,-9.404508512654010133e+01
7.244193333333333015e+09,-9.379495671468069418e+01
7.244256666666666985e+09,-9.414851821542575294e+01
7.244320000000000000e+09,-9.413222687993537363e+01
7.244383333333333015e+09,-9.430577336066293981e+01
7.244446666666666985e+09,-9.415348353058242026e+01
7.244510000000000000e+09,-9.386260465402877173e+01
7.244573333333333015e+09,-9.411052693190676166e+01
7.244636666666666985e+09,-9.403743103422301886e+01
7.244700000000000000e+09,-9.396947822618602686e+01
7.244763333333333015e+09,-9.410860285904550437e+01
7.244826666666666985e+09,-9.414385136800055420e+01
7.244890000000000000e+09,-9.409879408834652281e+01
7.244953333333333015e+09,-9.374466889598076591e+01
7.245016666666666985e+09,-9.433765281211613285e+01
7.245080000000000000e+09,-9.409080659455756290e+01
7.245143333333333015e+09,-9.418288624698769240e+01
7.245206666666666985e+09,-9.398631433188018036e+01
7.245270000000000000e+09,-9.385518066208391019e+01
7.245333333333333015e+09,-9.418061990527166927e+01
7.245396666666666985e+09,-9.408962647506250221e+01
7.245460000000000000e+09,-9.415077806415440875e+01
7.245523333333333015e+09,-9.426754979682870328e+01
7.245586666666666985e+09,-9.406436212016515697e+01
7.245650000000000000e+09,-9.414028763421852375e+01
7.245713333333333015e+09,-9.398384175924859107e+01
7.245776666666666985e+09,-9.424475136358421423e+01
7.245840000000000000e+09,-9.406874064372063060e+01
7.245903333333333015e+09,-9.415441964522720752e+01
7.245966666666666985e+09,-9.400820707477163296e+01
7.246030000000000000e+09,-9.418540371951486634e+01
7.246093333333333015e+09,-9.386221321269729856e+01
7.246156666666666985e+09,-9.395621743759045330e+01
7.246220000000000000e+09,-9.413899467743380001e+01
7.246283333333333015e+09,-9.416497625131050597e+01
7.246346666666666985e+09,-9.406479188297967653e+01
7.246410000000000000e+09,-9.422007865044797370e+01
7.246473333333333015e+09,-9.386034873880947771e+01
7.246536666666666985e+09,-9.444986842682921235e+01
7.246600000000000000e+09,-9.393185960001673607e+01
7.246663333333333015e+09,-9.409509371342396378e+01
7.246726666666666985e+09,-9.415994510575173138e+01
7.246790000000000000e+09,-9.402735487042701834e+01
7.246853333333333015e+09,-9.424121338394671454e+01
7.246916666666666985e+09,-9.431004269925664119e+01
7.246980000000000000e+09,-9.395953513739246432e+01
7.247043333333333015e+09,-9.423011462981662589e+01
7.247106666666666985e+09,-9.440641452573191827e+01
7.247170000000000000e+09,-9.410086817289281669e+01
7.247233333333333015e+09,-9.385835575029345534e+01
7.247296666666666985e+09,-9.402330308523623614e+01
7.247360000000000000e+09,-9.413084554118532310e+01
7.247423333333333015e+09,-9.404343067225171637e+01
7.247486666666666985e+09,-9.423569796361674378e+01
7.247550000000000000e+09,-9.435899340042226413e+01
7.247613333333333015e+09,-9.417855993259465208e+01
7.247676666666666985e+09,-9.442179745834785365e+01
7.247740000000000000e+09,-9.389067845741344343e+01
7.247803333333333015e+09,-9.431711093969907722e+01
7.247866666666666985e+09,-9.397137490289085804e+01
7.247930000000000000e+09,-9.434993798277210431e+01
7.247993333333333015e+09,-9.420530677381982798e+01
7.248056666666666985e+09,-9.435526764780037468e+01
7.248120000000000000e+09,-9.390402751484005250e+01
7.248183333333333015e+09,-9.395575888200357895e+01
7.248246666666666985e+09,-9.409574478378712570e+01
7.248310000000000000e+09,-9.402028810783110657e+01
7.248373333333333015e+09,-9.423917832634613490e+01
7.248436666666666985e+09,-9.441290411254962578e+01
7.248500000000000000e+09,-9.402321544123975627e+01
7.248563333333333015e+09,-9.425933802681370821e+01
7.248626666666666985e+09,-9.406321721368264832e+01
7.248690000000000000e+09,-9.440910921959263646e+01
7.248753333333333015e+09,-9.427843481682484139e+01
7.248816666666666985e+09,-9.399284748372473075e+01
7.248880000000000000e+09,-9.415800685025217831e+01
7.248943333333333015e+09,-9.414217994863852823e+01
7.249006666666666985e+09,-9.413808867365693800e+01
7.249070000000000000e+09,-9.474094003438005984e+01
7.249133333333333015e+09,-9.396787047945245774e+01
7.249196666666666985e+09,-9.430719449920738384e+01
7.249260000000000000e+09,-9.406600895298650755e+01
7.249323333333333015e+09,-9.426361934628401684e+01
7.249386666666666985e+09,-9.443208726441555712e+01
7.249450000000000000e+09,-9.384421966937264870e+01
7.249513333333333015e+09,-9.410381436850394721e+01
7.249576666666666985e+09,-9.393542117300509631e+01
7.249640000000000000e+09,-9.432711218033031741e+01
7.249703333333333015e+09,-9.439556340525925293e+01
7.249766666666666985e+09,-9.446731230040313676e+01
7.249830000000000000e+09,-9.413079452081753118e+01
7.249893333333333015e+09,-9.417799998313439858e+01
7.249956666666666985e+09,-9.439982448240951385e+01
7.250020000000000000e+09,-9.423141130226608198e+01
7.250083333333333015e+09,-9.435453824374312148e+01
7.250146666666666985e+09,-9.433223292297722651e+01
7.250210000000000000e+09,-9.418915901541473090e+01
7.250273333333333015e+09,-9.420764513597019629e+01
7.250336666666666985e+09,-9.442967333161854526e+01
7.250400000000000000e+09,-9.431233919886354045e+01
7.250463333333333015e+09,-9.443631073544989363e+01
7.250526666666666985e+09,-9.426285682303158353e+01
7.250590000000000000e+09,-9.407308316507636903e+01
7.250653333333333015e+09,-9.443836046876802470e+01
7.250716666666666985e+09,-9.420644683131914121e+01
7.250780000000000000e+09,-9.424050424484980226e+01
7.250843333333333015e+09,-9.409215433080247237e+01
7.250906666666666985e+09,-9.447539946272770806e+01
7.250970000000000000e+09,-9.420504369686348412e+01
7.251033333333333015e+09,-9.439893687961631485e+01
7.251096666666666985e+09,-9.461902385357733181e+01
7.251160000000000000e+09,-9.436616777558562319e+01
7.251223333333333015e+09,-9.415949006562232171e+01
7.251286666666666985e+09,-9.400261594755622241e+01
7.251350000000000000e+09,-9.442239203957298344e+01
7.251413333333333015e+09,-9.427173423597785984e+01
7.251476666666666985e+09,-9.410747330092618768e+01
7.251540000000000000e+09,-9.424361067306793416e+01
7.251603333333333015e+09,-9.449329564499140588e+01
7.251666666666666985e+09,-9.402343506681756935e+01
7.251730000000000000e+09,-9.440820020232604293e+01
7.251793333333333015e+09,-9.415481990818342695e+01
7.251856666666666985e+09,-9.434473360708093992e+01
7.251920000000000000e+09,-9.415902204455488800e+01
7.251983333333333015e+09,-9.409202112626238090e+01
7.252046666666666985e+09,-9.474371918504328960e+01
7.252110000000000000e+09,-9.411756703031690563e+01
7.252173333333333015e+09,-9.410873677674132409e+01
7.252236666666666985e+09,-9.426910740973232805e+01
7.252300000000000000e+09,-9.426932407922203083e+01
7.252363333333333015e+09,-9.396137149408383493e+01
7.252426666666666985e+09,-9.416941637161039580e+01
7.252490000000000000e+09,-9.417186155780667889e+01
7.252553333333333015e+09,-9.413414873036194308e+01
7.252616666666666985e+09,-9.404615184741147971e+01
7.252680000000000000e+09,-9.430834568656104011e+01
7.252743333333333015e+09,-9.403166125124803898e+01
7.252806666666666985e+09,-9.467184246894089483e+01
7.252870000000000000e+09,-9.418575390415651327e+01
7.252933333333333015e+09,-9.455167938701244168e+01
7.252996666666666985e+09,-9.411542837279959883e+01
7.253060000000000000e+09,-9.430956979312378508e+01
7.253123333333333015e+09,-9.459410752598428473e+01
7.253186666666666985e+09,-9.446657145115335652e+01
7.253250000000000000e+09,-9.455739224428354817e+01
7.253313333333333015e+09,-9.429285347350642610e+01
7.253376666666666985e+09,-9.429191251027079090e+01
7.253440000000000000e+09,-9.463003939079945326e+01
7.253503333333333015e+09,-9.448320080888979078e+01
7.253566666666666985e+09,-9.452733771248047390e+01
7.253630000000000000e+09,-9.429944244299902323e+01
7.253693333333333015e+09,-9.423263849290333383e+01
7.253756666666666985e+09,-9.469415724330538353e+01
7.253820000000000000e+09,-9.419428408040718637e+01
7.253883333333333015e+09,-9.464611935796197884e+01
7.253946666666666985e+09,-9.434607998839851462e+01
7.254010000000000000e+09,-9.443292468143025076e+01
7.254073333333333015e+09,-9.442625784248573950e+01
7.254136666666666985e+09,-9.432720435130163139e+01
7.254200000000000000e+09,-9.416850712497556231e+01
7.254263333333333015e+09,-9.415929034973342482e+01
7.254326666666666985e+09,-9.428734806875510799e+01
7.254390000000000000e+09,-9.426287616309838313e+01
7.254453333333333015e+09,-9.459968247290458976e+01
7.254516666666666985e+09,-9.414576861116364626e+01
7.254580000000000000e+09,-9.424957761926404487e+01
7.254643333333333015e+09,-9.431737468902242938e+01
7.254706666666666985e+09,-9.437561286415626682e+01
7.254770000000000000e+09,-9.466327368830030764e+01
7.254833333333333015e+09,-9.427246403933763474e+01
7.254896666666666985e+09,-9.422540819013575231e+01
7.254960000000000000e+09,-9.422883293924198256e+01
7.255023333333333015e+09,-9.428452224628946965e+01
7.255086666666666985e+09,-9.450234662964597021e+01
7.255150000000000000e+09,-9.459213040627462021e+01
7.255213333333333015e+09,-9.451618938765663813e+01
7.255276666666666985e+09,-9.464697082356879321e+01
7.255340000000000000e+09,-9.460430367954828057e+01
7.255403333333333015e+09,-9.459945743597494072e+01
7.255466666666666985e+09,-9.435168392395900128e+01
7.255530000000000000e+09,-9.430052726669342178e+01
7.255593333333333015e+09,-9.446567257805119766e+01
7.255656666666666985e+09,-9.424719008446643898e+01
7.255720000000000000e+09,-9.452381185463208624e+01
7.255783333333333015e+09,-9.437497927332233871e+01
7.255846666666666985e+09,-9.482088404417015681e+01
7.255910000000000000e+09,-9.436412653664018535e+01
7.255973333333333015e+09,-9.464342653307892306e+01
7.256036666666666985e+09,-9.456136304749271915e+01
7.256100000000000000e+09,-9.459468169786303804e+01
7.256163333333333015e+09,-9.448937084839616318e+01
7.256226666666666985e+09,-9.457556810606469355e+01
7.256290000000000000e+09,-9.450514716048468244e+01
7.256353333333333015e+09,-9.419987307378443120e+01
7.256416666666666985e+09,-9.455680514328403774e+01
7.256480000000000000e+09,-9.446854527170059157e+01
7.256543333333333015e+09,-9.472827699259627821e+01
7.256606666666666985e+09,-9.456166193315240776e+01
7.256670000000000000e+09,-9.458587414379336167e+01
7.256733333333333015e+09,-9.471764288957928102e+01
7.256796666666666985e+09,-9.448781997723378367e+01
7.256860000000000000e+09,-9.442580556237376754e+01
7.256923333333333015e+09,-9.443628359606188383e+01
7.256986666666666985e+09,-9.433944285421031850e+01
7.257050000000000000e+09,-9.456169861970680302e+01
7.257113333333333015e+09,-9.455224392245088438e+01
7.257176666666666985e+09,-9.492296217360326693e+01
7.257240000000000000e+09,-9.472571541770726355e+01
7.257303333333333015e+09,-9.441536506621528702e+01
7.257366666666666985e+09,-9.468577843487551604e+01
7.257430000000000000e+09,-9.469086524549413753e+01
7.257493333333333015e+09,-9.465466789239670220e+01
7.257556666666666985e+09,-9.442143223900275473e+01
7.257620000000000000e+09,-9.485619787177951423e+01
7.257683333333333015e+09,-9.470752347017736383e+01
7.257746666666666985e+09,-9.451844425364173219e+01
7.257810000000000000e+09,-9.431978457506487246e+01
7.257873333333333015e+09,-9.467925844221329612e+01
7.257936666666666985e+09,-9.466801057313234935e+01
7.258000000000000000e+09,-9.472922875839208245e+01
7.258063333333333015e+09,-9.475763375660807242e+01
7.258126666666666985e+09,-9.463852596216781876e+01
7.258190000000000000e+09,-9.455291179115323530e+01
7.258253333333333015e+09,-9.464955811528957952e+01
7.258316666666666985e+09,-9.451018463377265277e+01
7.258380000000000000e+09,-9.459318869965805732e+01
7.258443333333333015e+09,-9.467954632511195712e+01
7.258506666666666985e+09,-9.435063594627214911e+01
7.258570000000000000e+09,-9.476724528244412227e+01
7.258633333333333015e+09,-9.469298189086151751e+01
7.258696666666666985e+09,-9.435297426177902480e+01
7.258760000000000000e+09,-9.463522470675755471e+01
7.258823333333333015e+09,-9.459432880052405324e+01
7.258886666666666985e+09,-9.447056214375385252e+01
7.258950000000000000e+09,-9.456835204687686769e+01
7.259013333333333015e+09,-9.446038259410909177e+01
7.259076666666666985e+09,-9.430449153829199815e+01
7.259140000000000000e+09,-9.421486251895333908e+01
7.259203333333333015e+09,-9.448649884390954412e+01
7.259266666666666985e+09,-9.433205567147622617e+01
7.259330000000000000e+09,-9.459266505648274403e+01
7.259393333333333015e+09,-9.425849503439985710e+01
7.259456666666666985e+09,-9.511197337635877602e+01
7.259520000000000000e+09,-9.471189505255672714e+01
7.259583333333333015e+09,-9.468547332564411079e+01
7.259646666666666985e+09,-9.426150731118303838e+01
7.259710000000000000e+09,-9.466967271458365474e+01
7.259773333333333015e+09,-9.441180751198905341e+01
7.259836666666666985e+09,-9.475613764337938960e+01
7.259900000000000000e+09,-9.451058330174495836e+01
7.259963333333333015e+09,-9.449761357311899701e+01
7.260026666666666985e+09,-9.458413537714653785e+01
7.260090000000000000e+09,-9.489705840092346989e+01
7.260153333333333015e+09,-9.458237644372854902e+01
7.260216666666666985e+09,-9.475089425057052495e+01
7.260280000000000000e+09,-9.430351365783360507e+01
7.260343333333333015e+09,-9.469007081079013233e+01
7.260406666666666985e+09,-9.487445094808973067e+01
7.260470000000000000e+09,-9.462091281298150136e+01
7.260533333333333015e+09,-9.488063187248943109e+01
7.260596666666666985e+09,-9.441733527268200987e+01
7.260660000000000000e+09,-9.464431379357598928e+01
7.260723333333333015e+09,-9.445910726099442911e+01
7.260786666666666985e+09,-9.466351518485683414e+01
7.260850000000000000e+09,-9.439256029437123630e+01
7.260913333333333015e+09,-9.491341712680284104e+01
7.260976666666666985e+09,-9.490867210952337985e+01
7.261040000000000000e+09,-9.488361042848053728e+01
7.261103333333333015e+09,-9.514179667305809573e+01
7.261166666666666985e+09,-9.489308339240990620e+01
7.261230000000000000e+09,-9.512905348394551197e+01
7.261293333333333015e+09,-9.516272274461937286e+01
7.261356666666666985e+09,-9.516850255324496288e+01
7.261420000000000000e+09,-9.499150431446960852e+01
7.261483333333333015e+09,-9.501198473786131160e+01
7.261546666666666985e+09,-9.451323637324514948e+01
7.261610000000000000e+09,-9.520965214012250044e+01
7.261673333333333015e+09,-9.522782496257110552e+01
7.261736666666666985e+09,-9.551611589695278326e+01
7.261800000000000000e+09,-9.669244448789881119e+01
7.261863333333333015e+09,-9.691646539451920717e+01
7.261926666666666985e+09,-9.771905826595195776e+01
7.261990000000000000e+09,-1.029087430148420736e+02
7.262053333333333015e+09,-1.010465183526153794e+02
7.262116666666666985e+09,-9.739991077642673645e+01
7.262180000000000000e+09,-9.594329156080254961e+01
7.262243333333333015e+09,-9.507951491557710710e+01
7.262306666666666985e+09,-9.548040032786239806e+01
7.262370000000000000e+09,-9.513563658289969283e+01
7.262433333333333015e+09,-9.484769058861837721e+01
7.262496666666666985e+09,-9.481118834104202620e+01
7.262560000000000000e+09,-9.481807289089238111e+01
7.262623333333333015e+09,-9.470771268752901051e+01
7.262686666666666985e+09,-9.472307449360326359e+01
7.262750000000000000e+09,-9.454286498557338803e+01
7.262813333333333015e+09,-9.460225835979046849e+01
7.262876666666666985e+09,-9.503714912666578130e+01
7.262940000000000000e+09,-9.488715841843509224e+01
7.263003333333333015e+09,-9.483912421028375661e+01
7.263066666666666985e+09,-9.457124586479557138e+01
7.263130000000000000e+09,-9.500010817334725743e+01
7.263193333333333015e+09,-9.507181218106106257e+01
7.263256666666666985e+09,-9.491484709669708764e+01
7.263320000000000000e+09,-9.482453305639162977e+01
7.263383333333333015e+09,-9.503421991275872927e+01
7.263446666666666985e+09,-9.466010390430238886e+01
7.263510000000000000e+09,-9.452685996431736726e+01
7.263573333333333015e+09,-9.478019882338996638e+01
7.263636666666666985e+09,-9.495403640120152033e+01
7.263700000000000000e+09,-9.505586040971897432e+01
7.263763333333333015e+09,-9.476029835217097741e+01
7.263826666666666985e+09,-9.434966221383885454e+01
7.263890000000000000e+09,-9.426880874409275179e+01
7.263953333333333015e+09,-9.471831302135362307e+01
7.264016666666666985e+09,-9.475869008083350309e+01
7.264080000000000000e+09,-9.466000052498782225e+01
7.264143333333333015e+09,-9.475944840277790604e+01
7.264206666666666985e+09,-9.471722906357273075e+01
7.264270000000000000e+09,-9.502952465724428066e+01
7.264333333333333015e+09,-9.488929953432709397e+01
7.264396666666666985e+09,-9.479114110475498478e+01
7.264460000000000000e+09,-9.460928444481389477e+01
7.264523333333333015e+09,-9.483723072565153700e+01
7.264586666666666985e+09,-9.453468005195159662e+01
7.264650000000000000e+09,-9.467362932171030820e+01
7.264713333333333015e+09,-9.451303771614171012e+01
7.264776666666666985e+09,-9.468364534625260376e+01
7.264840000000000000e+09,-9.463121552512976109e+01
7.264903333333333015e+09,-9.470733815516052800e+01
7.264966666666666985e+09,-9.486200943847107681e+01
7.265030000000000000e+09,-9.485829654756958007e+01
7.265093333333333015e+09,-9.490296390542850702e+01
7.265156666666666985e+09,-9.477466691813079080e+01
7.265220000000000000e+09,-9.490423969950487049e+01
7.265283333333333015e+09,-9.483577632396631429e+01
7.265346666666666985e+09,-9.452759529118539206e+01
7.265410000000000000e+09,-9.469921918767197155e+01
7.265473333333333015e+09,-9.439289663563820909e+01
7.265536666666666985e+09,-9.479912711693049232e+01
7.265600000000000000e+09,-9.481253577296577362e+01
7.265663333333333015e+09,-9.476309018836786890e+01
7.265726666666666985e+09,-9.475133086028073137e+01
7.265790000000000000e+09,-9.472049790238607159e+01
7.265853333333333015e+09,-9.472828977118405192e+01
7.265916666666666985e+09,-9.483353528504737540e+01
7.265980000000000000e+09,-9.452776721535941817e+01
7.266043333333333015e+09,-9.476929368371095563e+01
7.266106666666666985e+09,-9.455478681055468826e+01
7.266170000000000000e+09,-9.438690253858715096e+01
7.266233333333333015e+09,-9.510632528167646171e+01
7.266296666666666985e+09,-9.489435472105995473e+01
7.266360000000000000e+09,-9.461862344882574405e+01
7.266423333333333015e+09,-9.441700188901481283e+01
7.266486666666666985e+09,-9.463617071088413013e+01
7.266550000000000000e+09,-9.435701303170418441e+01
7.266613333333333015e+09,-9.442871097044567819e+01
7.266676666666666985e+09,-9.452505781260069284e+01
7.266740000000000000e+09,-9.483335301454022215e+01
7.266803333333333015e+09,-9.469858996018922426e+01
7.266866666666666985e+09,-9.467217853809381722e+01
7.266930000000000000e+09,-9.440049333165320888e+01
7.266993333333333015e+09,-9.459061392708650828e+01
7.267056666666666985e+09,-9.475162008319023244e+01
7.267120000000000000e+09,-9.461136034411376272e+01
7.267183333333333015e+09,-9.446348981112203091e+01
7.267246666666666985e+09,-9.496140190841516926e+01
7.267310000000000000e+09,-9.461050341738160796e+01
7.267373333333333015e+09,-9.470259636265350878e+01
7.267436666666666985e+09,-9.465859130997910142e+01
7.267500000000000000e+09,-9.465018713860266075e+01
7.267563333333333015e+09,-9.467726635108004984e+01
7.267626666666666985e+09,-9.439572086546911578e+01
7.267690000000000000e+09,-9.483626388947030250e+01
7.267753333333333015e+09,-9.486770117776565314e+01
7.267816666666666985e+09,-9.469826997667786372e+01
7.267880000000000000e+09,-9.508316995976426256e+01
7.267943333333333015e+09,-9.493058846509609339e+01
7.268006666666666985e+09,-9.498738653359787065e+01
7.268070000000000000e+09,-9.510674153636712447e+01
7.268133333333333015e+09,-9.481454381522725328e+01
7.268196666666666985e+09,-9.484785096626772827e+01
7.268260000000000000e+09,-9.475012981446270999e+01
7.268323333333333015e+09,-9.455859898336578340e+01
7.268386666666666985e+09,-9.501487440332329015e+01
7.268450000000000000e+09,-9.465074965972289078e+01
7.268513333333333015e+09,-9.469599558696194208e+01
7.268576666666666985e+09,-9.450212447641126801e+01
7.268640000000000000e+09,-9.466905598774395969e+01
7.268703333333333015e+09,-9.436515457292293263e+01
7.268766666666666985e+09,-9.488437300832836740e+01
7.268830000000000000e+09,-9.493947381425408594e+01
7.268893333333333015e+09,-9.493992032448650775e+01
7.268956666666666985e+09,-9.461704744231910524e+01
7.269020000000000000e+09,-9.464394892900523359e+01
7.269083333333333015e+09,-9.482316426116531716e+01
7.269146666666666985e+09,-9.487415739893970112e+01
7.269210000000000000e+09,-9.494328829754454091e+01
7.269273333333333015e+09,-9.462266638235084315e+01
7.269336666666666985e+09,-9.471888746531757874e+01
7.269400000000000000e+09,-9.471772909157155595e+01
7.269463333333333015e+09,-9.446542144782908679e+01
7.269526666666666985e+09,-9.464332231107761118e+01
7.269590000000000000e+09,-9.460312473194663596e+01
7.269653333333333015e+09,-9.487775578578884961e+01
7.269716666666666985e+09,-9.489361786029405721e+01
7.269780000000000000e+09,-9.470681793857573894e+01
7.269843333333333015e+09,-9.453460089394944532e+01
7.269906666666666985e+09,-9.456717207988695861e+01
7.269970000000000000e+09,-9.446992765445546070e+01
7.270033333333333015e+09,-9.447046302077748692e+01
7.270096666666666985e+09,-9.457302340443312971e+01
7.270160000000000000e+09,-9.472498829690168520e+01
7.270223333333333015e+09,-9.482134213134091283e+01
7.270286666666666985e+09,-9.491136217833245325e+01
7.270350000000000000e+09,-9.457373143550179861e+01
7.270413333333333015e+09,-9.516817057097995303e+01
7.270476666666666985e+09,-9.488799947653673428e+01
7.270540000000000000e+09,-9.526262515952984700e+01
7.270603333333333015e+09,-9.459759283596406476e+01
7.270666666666666985e+09,-9.498911890463510588e+01
7.270730000000000000e+09,-9.473899262448864533e+01
7.270793333333333015e+09,-9.471812931562556059e+01
7.270856666666666985e+09,-9.464434906162202310e+01
7.270920000000000000e+09,-9.463964161803156117e+01
7.270983333333333015e+09,-9.458933393093963105e+01
7.271046666666666985e+09,-9.469175629784194825e+01
7.271110000000000000e+09,-9.479488968119571268e+01
7.271173333333333015e+09,-9.481135472160207200e+01
7.271236666666666985e+09,-9.456163943184279219e+01
7.271300000000000000e+09,-9.506724283462872904e+01
7.271363333333333015e+09,-9.484233309861591010e+01
7.271426666666666985e+09,-9.454330722287440381e+01
7.271490000000000000e+09,-9.469028956714819856e+01
7.271553333333333015e+09,-9.452680938339695160e+01
7.271616666666666985e+09,-9.465170931281147659e+01
7.271680000000000000e+09,-9.520847634170223728e+01
7.271743333333333015e+09,-9.473316162172439192e+01
7.271806666666666985e+09,-9.477124179774983759e+01
7.271870000000000000e+09,-9.471148787811463876e+01
7.271933333333333015e+09,-9.474930885662988089e+01
7.271996666666666985e+09,-9.498894219179092602e+01
7.272060000000000000e+09,-9.477935844368894891e+01
7.272123333333333015e+09,-9.474736030118030783e+01
7.272186666666666985e+09,-9.457098497685925054e+01
7.272250000000000000e+09,-9.495491160711449652e+01
7.272313333333333015e+09,-9.472864170502973025e+01
7.272376666666666985e+09,-9.474066666857785890e+01
7.272440000000000000e+09,-9.475601583300885977e+01
7.272503333333333015e+09,-9.470580804127430952e+01
7.272566666666666985e+09,-9.493739895191623646e+01
7.272630000000000000e+09,-9.440606260832464613e+01
7.272693333333333015e+09,-9.518959407196436473e+01
7.272756666666666985e+09,-9.478236253463859384e+01
7.272820000000000000e+09,-9.511440019614721564e+01
7.272883333333333015e+09,-9.490320359841918219e+01
7.272946666666666985e+09,-9.472818496961707524e+01
7.273010000000000000e+09,-9.512821726270898637e+01
7.273073333333333015e+09,-9.510709530145587109e+01
7.273136666666666985e+09,-9.509286277487150585e+01
7.273200000000000000e+09,-9.470314796103723154e+01
7.273263333333333015e+09,-9.487211081114493538e+01
7.273326666666666985e+09,-9.452444141391332266e+01
7.273390000000000000e+09,-9.483422104701958233e+01
7.273453333333333015e+09,-9.508573927110988677e+01
7.273516666666666985e+09,-9.496954725279783815e+01
7.273580000000000000e+09,-9.492108066401888777e+01
7.273643333333333015e+09,-9.492231490211116807e+01
7.273706666666666985e+09,-9.504744366183695092e+01
7.273770000000000000e+09,-9.486550744647480826e+01
7.273833333333333015e+09,-9.487302293135599029e+01
7.273896666666666985e+09,-9.482106611990352008e+01
7.273960000000000000e+09,-9.490827251806295806e+01
7.274023333333333015e+09,-9.489841586641199456e+01
7.274086666666666985e+09,-9.487787095715802366e+01
7.274150000000000000e+09,-9.481284053094748288e+01
7.274213333333333015e+09,-9.463916155853213752e+01
7.274276666666666985e+09,-9.476406576151404693e+01
7.274340000000000000e+09,-9.493211151658456970e+01
7.274403333333333015e+09,-9.534491473177405396e+01
7.274466666666666985e+09,-9.490045795326146560e+01
7.274530000000000000e+09,-9.512964308028684002e+01
7.274593333333333015e+09,-9.532785425414174085e+01
7.274656666666666985e+09,-9.501191374787859445e+01
7.274720000000000000e+09,-9.482202056880758789e+01
7.274783333333333015e+09,-9.506478361829621804e+01
7.274846666666666985e+09,-9.505891672500860068e+01
7.274910000000000000e+09,-9.490601696913743979e+01
7.274973333333333015e+09,-9.519634840885991878e+01
7.275036666666666985e+09,-9.501059433331236903e+01
7.275100000000000000e+09,-9.490451627286468295e+01
7.275163333333333015e+09,-9.495318957597058329e+01
7.275226666666666985e+09,-9.488582534468261542e+01
7.275290000000000000e+09,-9.533096996055894579e+01
7.275353333333333015e+09,-9.499545244374041886e+01
7.275416666666666985e+09,-9.503404566136984499e+01
7.275480000000000000e+09,-9.487379660174116225e+01
7.275543333333333015e+09,-9.489043076341999949e+01
7.275606666666666985e+09,-9.505211326881169498e+01
7.275670000000000000e+09,-9.475544032450628151e+01
7.275733333333333015e+09,-9.539698176503776494e+01
7.275796666666666985e+09,-9.518117594909207924e+01
7.275860000000000000e+09,-9.464682148773574966e+01
7.275923333333333015e+09,-9.499749481996509815e+01
7.275986666666666985e+09,-9.478954067301552300e+01
7.276050000000000000e+09,-9.501154846006465959e+01
7.276113333333333015e+09,-9.531925529105883754e+01
7.276176666666666985e+09,-9.538337061140310880e+01
7.276240000000000000e+09,-9.499449658331407420e+01
7.276303333333333015e+09,-9.526939687396009049e+01
7.276366666666666985e+09,-9.490453556658552259e+01
7.276430000000000000e+09,-9.496781996579768759e+01
7.276493333333333015e+09,-9.502107249666572386e+01
7.276556666666666985e+09,-9.519673765433267931e+01
7.276620000000000000e+09,-9.495152475990010998e+01
7.276683333333333015e+09,-9.538164653514961344e+01
7.276746666666666985e+09,-9.492473592944129734e+01
7.276810000000000000e+09,-9.466583968194463239e+01
7.276873333333333015e+09,-9.469940714952683436e+01
7.276936666666666985e+09,-9.462881237712389293e+01
7.277000000000000000e+09,-9.518613917651678946e+01
7.277063333333333015e+09,-9.470460325217058539e+01
7.277126666666666985e+09,-9.509067848343238438e+01
7.277190000000000000e+09,-9.526408742505643090e+01
7.277253333333333015e+09,-9.515153658074819987e+01
7.277316666666666985e+09,-9.520503155908329518e+01
7.277380000000000000e+09,-9.523123968937645145e+01
7.277443333333333015e+09,-9.584074491999976431e+01
7.277506666666666985e+09,-9.506429910074837153e+01
7.277570000000000000e+09,-9.497141715847057242e+01
7.277633333333333015e+09,-9.531764034231136407e+01
7.277696666666666985e+09,-9.547728405267426410e+01
7.277760000000000000e+09,-9.512674604235581910e+01
7.277823333333333015e+09,-9.490687951817284329e+01
7.277886666666666985e+09,-9.508569569933312948e+01
7.277950000000000000e+09,-9.514425034972028072e+01
7.278013333333333015e+09,-9.512845773337471655e+01
7.278076666666666985e+09,-9.532783236382985592e+01
7.278140000000000000e+09,-9.495126030536057726e+01
7.278203333333333015e+09,-9.509192523982258649e+01
7.278266666666666985e+09,-9.473725101830311246e+01
7.278330000000000000e+09,-9.504444559278275051e+01
7.278393333333333015e+09,-9.498421859169968684e+01
7.278456666666666985e+09,-9.496611947569910228e+01
7.278520000000000000e+09,-9.528248890940542992e+01
7.278583333333333015e+09,-9.502802116689080947e+01
7.278646666666666985e+09,-9.524388751889659943e+01
7.278710000000000000e+09,-9.500877698225964707e+01
7.278773333333333015e+09,-9.536252875876805035e+01
7.278836666666666985e+09,-9.544919459180505328e+01
7.278900000000000000e+09,-9.508657987307726955e+01
7.278963333333333015e+09,-9.517206674501164798e+01
7.279026666666666985e+09,-9.497096997914871963e+01
7.279090000000000000e+09,-9.581745532597169301e+01
7.279153333333333015e+09,-9.535646052148302942e+01
7.279216666666666985e+09,-9.521781033395370741e+01
7.279280000000000000e+09,-9.516559869541833905e+01
7.279343333333333015e+09,-9.505097767590662272e+01
7.279406666666666985e+09,-9.515544724980341584e+01
7.279470000000000000e+09,-9.501369292814864309e+01
7.279533333333333015e+09,-9.471166070259889125e+01
7.279596666666666985e+09,-9.547183417370081315e+01
7.279660000000000000e+09,-9.516225385215525989e+01
7.279723333333333015e+09,-9.503582446839546094e+01
7.279786666666666985e+09,-9.526628118103255360e+01
7.279850000000000000e+09,-9.540126105229147413e+01
7.279913333333333015e+09,-9.496580973265022863e+01
7.279976666666666985e+09,-9.542432742352643515e+01
7.280040000000000000e+09,-9.527590089971376131e+01
7.280103333333333015e+09,-9.530119131012060052e+01
7.280166666666666985e+09,-9.483381403674265187e+01
7.280230000000000000e+09,-9.510805884109494457e+01
7.280293333333333015e+09,-9.543812470162566797e+01
7.280356666666666985e+09,-9.511968613217018742e+01
7.280420000000000000e+09,-9.537647362389641614e+01
7.280483333333333015e+09,-9.518256217252877605e+01
7.280546666666666985e+09,-9.519353512697367137e+01
7.280610000000000000e+09,-9.510314278351047790e+01
7.280673333333333015e+09,-9.516043637601708838e+01
7.280736666666666985e+09,-9.552504119847949937e+01
7.280800000000000000e+09,-9.541989277696713145e+01
7.280863333333333015e+09,-9.499968808353584393e+01
7.280926666666666985e+09,-9.548975444597024875e+01
7.280990000000000000e+09,-9.547909235333095523e+01
7.281053333333333015e+09,-9.526074885763966904e+01
7.281116666666666985e+09,-9.549855632238021030e+01
7.281180000000000000e+09,-9.515864798526337154e+01
7.281243333333333015e+09,-9.527337345325194917e+01
7.281306666666666985e+09,-9.500046549369906757e+01
7.281370000000000000e+09,-9.526927892192375680e+01
7.281433333333333015e+09,-9.524582624778429363e+01
7.281496666666666985e+09,-9.555127039927072019e+01
7.281560000000000000e+09,-9.470724895540797661e+01
7.281623333333333015e+09,-9.498418296774003977e+01
7.281686666666666985e+09,-9.500803535110905784e+01
7.281750000000000000e+09,-9.542496345600912377e+01
7.281813333333333015e+09,-9.513722462703400140e+01
7.281876666666666985e+09,-9.542331493264710218e+01
7.281940000000000000e+09,-9.519479969238636841e+01
7.282003333333333015e+09,-9.532430908556142413e+01
7.282066666666666985e+09,-9.550376100809268110e+01
7.282130000000000000e+09,-9.510494217812522777e+01
7.282193333333333015e+09,-9.527332970900837950e+01
7.282256666666666985e+09,-9.534879204865816860e+01
7.282320000000000000e+09,-9.509878637313710215e+01
7.282383333333333015e+09,-9.533298635463582116e+01
7.282446666666666985e+09,-9.535746303013826264e+01
7.282510000000000000e+09,-9.521966949861614182e+01
7.282573333333333015e+09,-9.547625904865523694e+01
7.282636666666666985e+09,-9.533866769778850880e+01
7.282700000000000000e+09,-9.518761956916051759e+01
7.282763333333333015e+09,-9.521754304694270843e+01
7.282826666666666985e+09,-9.526798074519487614e+01
7.282890000000000000e+09,-9.537771983469357906e+01
7.282953333333333015e+09,-9.513341705375569290e+01
7.283016666666666985e+09,-9.490400638486151763e+01
7.283080000000000000e+09,-9.473821326746495686e+01
7.283143333333333015e+09,-9.547172208416954220e+01
7.283206666666666985e+09,-9.523584756230989967e+01
7.283270000000000000e+09,-9.517677301867814776e+01
7.283333333333333015e+09,-9.543476072487720785e+01
7.283396666666666985e+09,-9.514510144255281432e+01
7.283460000000000000e+09,-9.511511923323820383e+01
7.283523333333333015e+09,-9.528487791558312381e+01
7.283586666666666985e+09,-9.514245666416150016e+01
7.283650000000000000e+09,-9.513997613281335930e+01
7.283713333333333015e+09,-9.549105960169970331e+01
7.283776666666666985e+09,-9.531680116977358352e+01
7.283840000000000000e+09,-9.526853198254066513e+01
7.283903333333333015e+09,-9.531735484041342943e+01
7.283966666666666985e+09,-9.546124052628705670e+01
7.284030000000000000e+09,-9.510040317859184711e+01
7.284093333333333015e+09,-9.526289207355847566e+01
7.284156666666666985e+09,-9.553990807439367927e+01
7.284220000000000000e+09,-9.522329531484523102e+01
7.284283333333333015e+09,-9.530068045186300196e+01
7.284346666666666985e+09,-9.497153304696480802e+01
7.284410000000000000e+09,-9.532474439131256361e+01
7.284473333333333015e+09,-9.522002514670199957e+01
7.284536666666666985e+09,-9.546964848973166795e+01
7.284600000000000000e+09,-9.521793836908072706e+01
7.284663333333333015e+09,-9.516080137665821326e+01
7.284726666666666985e+09,-9.550964954448168953e+01
7.284790000000000000e+09,-9.550217542681616578e+01
7.284853333333333015e+09,-9.529032351950169755e+01
7.284916666666666985e+09,-9.506435167931542196e+01
7.284980000000000000e+09,-9.517689054492572609e+01
7.285043333333333015e+09,-9.539477230308548883e+01
7.285106666666666985e+09,-9.491727226191576960e+01
7.285170000000000000e+09,-9.536088167594421350e+01
7.285233333333333015e+09,-9.532412395558353069e+01
7.285296666666666985e+09,-9.547600828657159866e+01
7.285360000000000000e+09,-9.514271892274614117e+01
7.285423333333333015e+09,-9.524173072357670833e+01
7.285486666666666985e+09,-9.531956440261681962e+01
7.285550000000000000e+09,-9.539968446363545240e+01
7.285613333333333015e+09,-9.517009591383227018e+01
7.285676666666666985e+09,-9.486411237259000018e+01
7.285740000000000000e+09,-9.526263850813802492e+01
7.285803333333333015e+09,-9.527098642167673859e+01
7.285866666666666985e+09,-9.540820648291656880e+01
7.285930000000000000e+09,-9.530986422356463095e+01
7.285993333333333015e+09,-9.553246748402317223e+01
7.286056666666666985e+09,-9.538448209109421327e+01
7.286120000000000000e+09,-9.534703737144782565e+01
7.286183333333333015e+09,-9.516540861009816865e+01
7.286246666666666985e+09,-9.519641618745987444e+01
7.286310000000000000e+09,-9.527355856468970785e+01
7.286373333333333015e+09,-9.535101583677921155e+01
7.286436666666666985e+09,-9.498044789959267575e+01
7.286500000000000000e+09,-9.529142361012760887e+01
7.286563333333333015e+09,-9.526143920430514811e+01
7.286626666666666985e+09,-9.543224000180515532e+01
7.286690000000000000e+09,-9.535424588720667316e+01
7.286753333333333015e+09,-9.510255073520950475e+01
7.286816666666666985e+09,-9.523197435383764287e+01
7.286880000000000000e+09,-9.509486357476603757e+01
7.286943333333333015e+09,-9.521644403014457225e+01
7.287006666666666985e+09,-9.510992126814714709e+01
7.287070000000000000e+09,-9.528130730314376251e+01
7.287133333333333015e+09,-9.545927756254684482e+01
7.287196666666666985e+09,-9.534394356234469114e+01
7.287260000000000000e+09,-9.545429916300491868e+01
7.287323333333333015e+09,-9.562654613534242287e+01
7.287386666666666985e+09,-9.519864295519272446e+01
7.287450000000000000e+09,-9.550200656433268875e+01
7.287513333333333015e+09,-9.512265693031450553e+01
7.287576666666666985e+09,-9.560247004768548607e+01
7.287640000000000000e+09,-9.559945168731374565e+01
7.287703333333333015e+09,-9.511346119448640479e+01
7.287766666666666985e+09,-9.532229181950657448e+01
7.287830000000000000e+09,-9.537653066532911339e+01
7.287893333333333015e+09,-9.537650942844308588e+01
7.287956666666666985e+09,-9.520084961832723991e+01
7.288020000000000000e+09,-9.550516241446811705e+01
7.288083333333333015e+09,-9.505681480297312191e+01
7.288146666666666985e+09,-9.530434434307420588e+01
7.288210000000000000e+09,-9.550161854382047011e+01
7.288273333333333015e+09,-9.504372636711897826e+01
7.288336666666666985e+09,-9.525979663135467490e+01
7.288400000000000000e+09,-9.562791145642839297e+01
7.288463333333333015e+09,-9.521950945898933583e+01
7.288526666666666985e+09,-9.552167169530764568e+01
7.288590000000000000e+09,-9.571100694142172927e+01
7.288653333333333015e+09,-9.514333218242244072e+01
7.288716666666666985e+09,-9.529997602225905950e+01
7.288780000000000000e+09,-9.552445525259592785e+01
7.288843333333333015e+09,-9.506137899092684052e+01
7.288906666666666985e+09,-9.531840669305734082e+01
7.288970000000000000e+09,-9.519564209731386484e+01
7.289033333333333015e+09,-9.552870622821849622e+01
7.289096666666666985e+09,-9.537627535829139447e+01
7.289160000000000000e+09,-9.515480724102670251e+01
7.289223333333333015e+09,-9.556969295665568609e+01
7.289286666666666985e+09,-9.507045747512853495e+01
7.289350000000000000e+09,-9.560078284834008855e+01
7.289413333333333015e+09,-9.561945989057903716e+01
7.289476666666666985e+09,-9.565342513790230328e+01
7.289540000000000000e+09,-9.544121415509530948e+01
7.289603333333333015e+09,-9.527741851243797555e+01
7.289666666666666985e+09,-9.529274727950374313e+01
7.289730000000000000e+09,-9.527146134650206477e+01
7.289793333333333015e+09,-9.555917962931275156e+01
7.289856666666666985e+09,-9.551909521766545197e+01
7.289920000000000000e+09,-9.606512040464556890e+01
7.289983333333333015e+09,-9.602964726032476506e+01
7.290046666666666985e+09,-9.585535865647693754e+01
7.290110000000000000e+09,-9.678912928676092520e+01
7.290173333333333015e+09,-9.630206200589753962e+01
7.290236666666666985e+09,-9.717654539520273715e+01
7.290300000000000000e+09,-9.752834610307246521e+01
7.290363333333333015e+09,-9.893822923448972517e+01
7.290426666666666985e+09,-1.019887951869550307e+02
7.290490000000000000e+09,-1.063840888212925648e+02
7.290553333333333015e+09,-1.001320689613949071e+02
7.290616666666666985e+09,-9.765380200659608079e+01
7.290680000000000000e+09,-9.638536723806180362e+01
7.290743333333333015e+09,-9.603065821364511123e+01
7.290806666666666985e+09,-9.601785353977142279e+01
7.290870000000000000e+09,-9.578229731115104073e+01
7.290933333333333015e+09,-9.573894310650409523e+01
7.290996666666666985e+09,-9.562359062248214059e+01
7.291060000000000000e+09,-9.564323533486252416e+01
7.291123333333333015e+09,-9.554844269722383387e+01
7.291186666666666985e+09,-9.550943981344758527e+01
7.291250000000000000e+09,-9.540193493664111202e+01
7.291313333333333015e+09,-9.549573808051144397e+01
7.291376666666666985e+09,-9.553281106838485925e+01
7.291440000000000000e+09,-9.548607011981445680e+01
7.291503333333333015e+09,-9.584055381590550837e+01
7.291566666666666985e+09,-9.576247184774464927e+01
7.291630000000000000e+09,-9.573393924731726656e+01
7.291693333333333015e+09,-9.540040570142662091e+01
7.291756666666666985e+09,-9.553142404338061056e+01
7.291820000000000000e+09,-9.559956939443921442e+01
7.291883333333333015e+09,-9.565114143823714699e+01
7.291946666666666985e+09,-9.554627461550985856e+01
7.292010000000000000e+09,-9.557943525993060518e+01
7.292073333333333015e+09,-9.539229578070653304e+01
7.292136666666666985e+09,-9.533161777650786917e+01
7.292200000000000000e+09,-9.565598328478260726e+01
7.292263333333333015e+09,-9.554204416860513049e+01
7.292326666666666985e+09,-9.524278683804985235e+01
7.292390000000000000e+09,-9.525152185069173072e+01
7.292453333333333015e+09,-9.545302482331683791e+01
7.292516666666666985e+09,-9.519039717457536653e+01
7.292580000000000000e+09,-9.561773812434546471e+01
7.292643333333333015e+09,-9.557070300957390430e+01
7.292706666666666985e+09,-9.558339395603361766e+01
7.292770000000000000e+09,-9.569727679860493197e+01
7.292833333333333015e+09,-9.564332185249783436e+01
7.292896666666666985e+09,-9.531146469924524922e+01
7.292960000000000000e+09,-9.561607472555439813e+01
7.293023333333333015e+09,-9.555206930923441178e+01
7.293086666666666985e+09,-9.542674099861939396e+01
7.293150000000000000e+09,-9.570774798831757835e+01
7.293213333333333015e+09,-9.556295547784361588e+01
7.293276666666666985e+09,-9.538515323248745403e+01
7.293340000000000000e+09,-9.506162037330878434e+01
7.293403333333333015e+09,-9.542090977912870642e+01
7.293466666666666985e+09,-9.562389539559440266e+01
7.293530000000000000e+09,-9.525507533021709605e+01
7.293593333333333015e+09,-9.572226486701035242e+01
7.293656666666666985e+09,-9.529864542818971529e+01
7.293720000000000000e+09,-9.554532441927139530e+01
7.293783333333333015e+09,-9.537322393597527537e+01
7.293846666666666985e+09,-9.546421034557826601e+01
7.293910000000000000e+09,-9.579585648781760199e+01
7.293973333333333015e+09,-9.565812218286497171e+01
7.294036666666666985e+09,-9.545960116247579208e+01
7.294100000000000000e+09,-9.576942402551594569e+01
7.294163333333333015e+09,-9.569713105653546847e+01
7.294226666666666985e+09,-9.562243446900468768e+01
7.294290000000000000e+09,-9.536642874358072675e+01
7.294353333333333015e+09,-9.555635740785602650e+01
7.294416666666666985e+09,-9.567058150698872510e+01
7.294480000000000000e+09,-9.535169058667253239e+01
7.294543333333333015e+09,-9.541699196421237161e+01
7.294606666666666985e+09,-9.574004185227403241e+01
7.294670000000000000e+09,-9.570570375692651055e+01
7.294733333333333015e+09,-9.548802066616141815e+01
7.294796666666666985e+09,-9.537647394816168855e+01
7.294860000000000000e+09,-9.553008074433272157e+01
7.294923333333333015e+09,-9.568887417918956828e+01
7.294986666666666985e+09,-9.564210365023515692e+01
7.295050000000000000e+09,-9.557726086358673001e+01
7.295113333333333015e+09,-9.551750929592726891e+01
7.295176666666666985e+09,-9.600478784812520416e+01
7.295240000000000000e+09,-9.548194015932951118e+01
7.295303333333333015e+09,-9.542215627559086499e+01
7.295366666666666985e+09,-9.535464792151412894e+01
7.295430000000000000e+09,-9.544335315943033038e+01
7.295493333333333015e+09,-9.565281955494263855e+01
7.295556666666666985e+09,-9.572123571992247548e+01
7.295620000000000000e+09,-9.550824876518291262e+01
7.295683333333333015e+09,-9.570122839373370027e+01
7.295746666666666985e+09,-9.554521006858566068e+01
7.295810000000000000e+09,-9.538418360463778356e+01
7.295873333333333015e+09,-9.554081283593136220e+01
7.295936666666666985e+09,-9.593840436029749696e+01
7.296000000000000000e+09,-9.537876764782188843e+01
7.296063333333333015e+09,-9.517341890318019182e+01
7.296126666666666985e+09,-9.546826629515592799e+01
7.296190000000000000e+09,-9.535090371477741655e+01
7.296253333333333015e+09,-9.563110923946913999e+01
7.296316666666666985e+09,-9.527723274124126362e+01
7.296380000000000000e+09,-9.575645802541953344e+01
7.296443333333333015e+09,-9.564568410801696530e+01
7.296506666666666985e+09,-9.571442403514257080e+01
7.296570000000000000e+09,-9.584745531895428883e+01
7.296633333333333015e+09,-9.564560578235038690e+01
7.296696666666666985e+09,-9.569775320880060576e+01
7.296760000000000000e+09,-9.537870126072640176e+01
7.296823333333333015e+09,-9.553542382050682136e+01
7.296886666666666985e+09,-9.574629678282414602e+01
7.296950000000000000e+09,-9.581906071697588345e+01
7.297013333333333015e+09,-9.555820181175965899e+01
7.297076666666666985e+09,-9.573725995036573977e+01
7.297140000000000000e+09,-9.574799222147673561e+01
7.297203333333333015e+09,-9.566535847054986164e+01
7.297266666666666985e+09,-9.562576885707758834e+01
7.297330000000000000e+09,-9.563851037772931818e+01
7.297393333333333015e+09,-9.522697609493943105e+01
7.297456666666666985e+09,-9.554756787031038812e+01
7.297520000000000000e+09,-9.557807330502311061e+01
7.297583333333333015e+09,-9.578957314864381090e+01
7.297646666666666985e+09,-9.561885885702261589e+01
7.297710000000000000e+09,-9.562770828652149646e+01
7.297773333333333015e+09,-9.596739901023271102e+01
7.297836666666666985e+09,-9.568335965349547223e+01
7.297900000000000000e+09,-9.541897017739148623e+01
7.297963333333333015e+09,-9.569629357422172689e+01
7.298026666666666985e+09,-9.592561701036055410e+01
7.298090000000000000e+09,-9.582384277538530171e+01
7.298153333333333015e+09,-9.591016118443445748e+01
7.298216666666666985e+09,-9.616634688681699572e+01
7.298280000000000000e+09,-9.554428336988733861e+01
7.298343333333333015e+09,-9.535883699832261584e+01
7.298406666666666985e+09,-9.544279491273024973e+01
7.298470000000000000e+09,-9.569959918808821442e+01
7.298533333333333015e+09,-9.545768597950240064e+01
7.298596666666666985e+09,-9.564996136980474262e+01
7.298660000000000000e+09,-9.564336132648469402e+01
7.298723333333333015e+09,-9.538553567594564697e+01
7.298786666666666985e+09,-9.604470162115728726e+01
7.298850000000000000e+09,-9.577468250709877395e+01
7.298913333333333015e+09,-9.600936959852036523e+01
7.298976666666666985e+09,-9.550029798613201137e+01
7.299040000000000000e+09,-9.564425162984264261e+01
7.299103333333333015e+09,-9.580781140370177695e+01
7.299166666666666985e+09,-9.502702387493656033e+01
7.299230000000000000e+09,-9.575713252904938599e+01
7.299293333333333015e+09,-9.603413862965651049e+01
7.299356666666666985e+09,-9.564158304222159757e+01
7.299420000000000000e+09,-9.573120028796193992e+01
7.299483333333333015e+09,-9.575370893562723040e+01
7.299546666666666985e+09,-9.548312801300062347e+01
7.299610000000000000e+09,-9.568790310831082024e+01
7.299673333333333015e+09,-9.574885369062876350e+01
7.299736666666666985e+09,-9.571452267000516656e+01
7.299800000000000000e+09,-9.573992146346421350e+01
7.299863333333333015e+09,-9.565681208896984344e+01
7.299926666666666985e+09,-9.571873167560242734e+01
7.299990000000000000e+09,-9.561239086883367122e+01
7.300053333333333015e+09,-9.590693467042852660e+01
7.300116666666666985e+09,-9.574203391456109102e+01
7.300180000000000000e+09,-9.583055840473505782e+01
7.300243333333333015e+09,-9.578470907908835841e+01
7.300306666666666985e+09,-9.554987556192054399e+01
7.300370000000000000e+09,-9.591282443499495969e+01
7.300433333333333015e+09,-9.559077194021045898e+01
7.300496666666666985e+09,-9.593353086492255954e+01
7.300560000000000000e+09,-9.603666762933625023e+01
7.300623333333333015e+09,-9.604857840043149508e+01
7.300686666666666985e+09,-9.557731361880848908e+01
7.300750000000000000e+09,-9.576351666021010089e+01
7.300813333333333015e+09,-9.572958057990817338e+01
7.300876666666666985e+09,-9.559049450153028715e+01
7.300940000000000000e+09,-9.584702647764437700e+01
7.301003333333333015e+09,-9.589166969394287321e+01
7.301066666666666985e+09,-9.576430225390163287e+01
7.301130000000000000e+09,-9.601845315657938329e+01
7.301193333333333015e+09,-9.576431809195076994e+01
7.301256666666666985e+09,-9.575440169797971635e+01
7.301320000000000000e+09,-9.578207937451631437e+01
7.301383333333333015e+09,-9.599999877753381838e+01
7.301446666666666985e+09,-9.591175889459407244e+01
7.301510000000000000e+09,-9.567908183415730150e+01
7.301573333333333015e+09,-9.571834353319351862e+01
7.301636666666666985e+09,-9.572695079896470816e+01
7.301700000000000000e+09,-9.538792676248317548e+01
7.301763333333333015e+09,-9.583168044170862743e+01
7.301826666666666985e+09,-9.570926066708025814e+01
7.301890000000000000e+09,-9.571964999795338258e+01
7.301953333333333015e+09,-9.556900116502590947e+01
7.302016666666666985e+09,-9.592572764021477383e+01
7.302080000000000000e+09,-9.571099927640199212e+01
7.302143333333333015e+09,-9.579354160482381531e+01
7.302206666666666985e+09,-9.596769879566642203e+01
7.302270000000000000e+09,-9.590606453807609455e+01
7.302333333333333015e+09,-9.593746571069848983e+01
7.302396666666666985e+09,-9.562171489689558257e+01
7.302460000000000000e+09,-9.590366001060718304e+01
7.302523333333333015e+09,-9.564329384665359157e+01
7.302586666666666985e+09,-9.613642027833634529e+01
7.302650000000000000e+09,-9.578217451975442032e+01
7.302713333333333015e+09,-9.553707216435304872e+01
7.302776666666666985e+09,-9.574178129799379633e+01
7.302840000000000000e+09,-9.570464624896069950e+01
7.302903333333333015e+09,-9.597652050780729382e+01
7.302966666666666985e+09,-9.596747342211847354e+01
7.303030000000000000e+09,-9.584479557976978015e+01
7.303093333333333015e+09,-9.565182549146308588e+01
7.303156666666666985e+09,-9.608532702525988611e+01
7.303220000000000000e+09,-9.589421450300157801e+01
7.303283333333333015e+09,-9.585329944897273435e+01
7.303346666666666985e+09,-9.571689222198699554e+01
7.303410000000000000e+09,-9.547688963337205337e+01
7.303473333333333015e+09,-9.555303926140277326e+01
7.303536666666666985e+09,-9.591234326901374629e+01
7.303600000000000000e+09,-9.576036776471428880e+01
7.303663333333333015e+09,-9.560597367888161102e+01
7.303726666666666985e+09,-9.593868667554940544e+01
7.303790000000000000e+09,-9.572996518239682473e+01
7.303853333333333015e+09,-9.573951783394399229e+01
7.303916666666666985e+09,-9.569540819924347375e+01
7.303980000000000000e+09,-9.588852423037813821e+01
7.304043333333333015e+09,-9.578075386452420048e+01
7.304106666666666985e+09,-9.545249962111978448e+01
7.304170000000000000e+09,-9.565703219311366468e+01
7.304233333333333015e+09,-9.578902274766079472e+01
7.304296666666666985e+09,-9.581744096145260414e+01
7.304360000000000000e+09,-9.607797593949358372e+01
7.304423333333333015e+09,-9.561780995690243401e+01
7.304486666666666985e+09,-9.582971103707657790e+01
7.304550000000000000e+09,-9.573594379067857574e+01
7.304613333333333015e+09,-9.565054062383921973e+01
7.304676666666666985e+09,-9.568563586611965377e+01
7.304740000000000000e+09,-9.571823485522180874e+01
7.304803333333333015e+09,-9.606296737007028241e+01
7.304866666666666985e+09,-9.596195922278522517e+01
7.304930000000000000e+09,-9.593581450865626437e+01
7.304993333333333015e+09,-9.563387069302940802e+01
7.305056666666666985e+09,-9.580543022234908790e+01
7.305120000000000000e+09,-9.575445212110074067e+01
7.305183333333333015e+09,-9.576814299369233652e+01
7.305246666666666985e+09,-9.574451588763913890e+01
7.305310000000000000e+09,-9.583429170005214814e+01
7.305373333333333015e+09,-9.573720342581884779e+01
7.305436666666666985e+09,-9.591424812350815898e+01
7.305500000000000000e+09,-9.582335821148411981e+01
7.305563333333333015e+09,-9.549373500903510603e+01
7.305626666666666985e+09,-9.594538828004624520e+01
7.305690000000000000e+09,-9.565551611752844963e+01
7.305753333333333015e+09,-9.560922969577308095e+01
7.305816666666666985e+09,-9.594143106541588395e+01
7.305880000000000000e+09,-9.599331070391983189e+01
7.305943333333333015e+09,-9.600808651203766431e+01
7.306006666666666985e+09,-9.576444021384733674e+01
7.306070000000000000e+09,-9.585364613950179091e+01
7.306133333333333015e+09,-9.552141395216382591e+01
7.306196666666666985e+09,-9.588436917237368107e+01
7.306260000000000000e+09,-9.590905430147607547e+01
7.306323333333333015e+09,-9.540496094882756495e+01
7.306386666666666985e+09,-9.564530928854610181e+01
7.306450000000000000e+09,-9.571101145976021485e+01
7.306513333333333015e+09,-9.582862601934509428e+01
7.306576666666666985e+09,-9.601143806210863829e+01
7.306640000000000000e+09,-9.596761258957266705e+01
7.306703333333333015e+09,-9.576460159904655711e+01
7.306766666666666985e+09,-9.563198430599518929e+01
7.306830000000000000e+09,-9.572834558592361986e+01
7.306893333333333015e+09,-9.582707462230129636e+01
7.306956666666666985e+09,-9.582033739476194967e+01
7.307020000000000000e+09,-9.586413467750894313e+01
7.307083333333333015e+09,-9.566320154747208448e+01
7.307146666666666985e+09,-9.585394689573901417e+01
7.307210000000000000e+09,-9.608010260882178954e+01
7.307273333333333015e+09,-9.587313995624079155e+01
7.307336666666666985e+09,-9.577544131654811110e+01
7.307400000000000000e+09,-9.571237131535357889e+01
7.307463333333333015e+09,-9.599931416663379480e+01
7.307526666666666985e+09,-9.599731892057008054e+01
7.307590000000000000e+09,-9.578874354652782586e+01
7.307653333333333015e+09,-9.578780638047668106e+01
7.307716666666666985e+09,-9.549928272165286103e+01
7.307780000000000000e+09,-9.560760733053993476e+01
7.307843333333333015e+09,-9.529039768324904003e+01
7.307906666666666985e+09,-9.586227445780055234e+01
7.307970000000000000e+09,-9.606591111857011356e+01
7.308033333333333015e+09,-9.562932684708326292e+01
7.308096666666666985e+09,-9.590638081392350500e+01
7.308160000000000000e+09,-9.573186775072095145e+01
7.308223333333333015e+09,-9.594661927359030074e+01
7.308286666666666985e+09,-9.589799303932279884e+01
7.308350000000000000e+09,-9.556360134573621679e+01
7.308413333333333015e+09,-9.556606032051288935e+01
7.308476666666666985e+09,-9.568928238820687682e+01
7.308540000000000000e+09,-9.585063128500905805e+01
7.308603333333333015e+09,-9.627080593072736292e+01
7.308666666666666985e+09,-9.592049222215926818e+01
7.308730000000000000e+09,-9.561451050872150859e+01
7.308793333333333015e+09,-9.578602376572808907e+01
7.308856666666666985e+09,-9.594029404852790321e+01
7.308920000000000000e+09,-9.605226781094498278e+01
7.308983333333333015e+09,-9.580790909374307773e+01
7.309046666666666985e+09,-9.584968775477464931e+01
7.309110000000000000e+09,-9.559740760231427714e+01
7.309173333333333015e+09,-9.563050570681193108e+01
7.309236666666666985e+09,-9.594370582212587806e+01
7.309300000000000000e+09,-9.557068144598557069e+01
7.309363333333333015e+09,-9.550008393265643747e+01
7.309426666666666985e+09,-9.570208888832323169e+01
7.309490000000000000e+09,-9.560615149980039007e+01
7.309553333333333015e+09,-9.561899642162947544e+01
7.309616666666666985e+09,-9.569460773213720017e+01
7.309680000000000000e+09,-9.617920176493504414e+01
7.309743333333333015e+09,-9.559224284035165908e+01
7.309806666666666985e+09,-9.583347310914824391e+01
7.309870000000000000e+09,-9.563445071548194676e+01
7.309933333333333015e+09,-9.573253777558608135e+01
7.309996666666666985e+09,-9.551814882496444170e+01
7.310060000000000000e+09,-9.610536723571399875e+01
7.310123333333333015e+09,-9.582831027512263233e+01
7.310186666666666985e+09,-9.584123143211243701e+01
7.310250000000000000e+09,-9.555964992036220451e+01
7.310313333333333015e+09,-9.564482580606258466e+01
7.310376666666666985e+09,-9.586770840306287766e+01
7.310440000000000000e+09,-9.559379816026100229e+01
7.310503333333333015e+09,-9.557939083734716235e+01
7.310566666666666985e+09,-9.575165463796605536e+01
7.310630000000000000e+09,-9.574954411873163451e+01
7.310693333333333015e+09,-9.596682546935291214e+01
7.310756666666666985e+09,-9.576000011189604777e+01
7.310820000000000000e+09,-9.563341481324380311e+01
7.310883333333333015e+09,-9.577115517003244349e+01
7.310946666666666985e+09,-9.593942688095359017e+01
7.311010000000000000e+09,-9.581527223094946066e+01
7.311073333333333015e+09,-9.576658062216617395e+01
7.311136666666666985e+09,-9.581428967708349376e+01
7.311200000000000000e+09,-9.573671362181110567e+01
7.311263333333333015e+09,-9.596215617392485342e+01
7.311326666666666985e+09,-9.543071363163147680e+01
7.311390000000000000e+09,-9.560945587190495587e+01
7.311453333333333015e+09,-9.588565891853077972e+01
7.311516666666666985e+09,-9.580021016917100951e+01
7.311580000000000000e+09,-9.565569011937654409e+01
7.311643333333333015e+09,-9.582690140810633750e+01
7.311706666666666985e+09,-9.578358246596964420e+01
7.311770000000000000e+09,-9.575342091607340933e+01
7.311833333333333015e+09,-9.613378405027486906e+01
7.311896666666666985e+09,-9.586019127918164884e+01
7.311960000000000000e+09,-9.600989607020002836e+01
7.312023333333333015e+09,-9.553724156080156149e+01
7.312086666666666985e+09,-9.596982419733521397e+01
7.312150000000000000e+09,-9.569022767464444712e+01
7.312213333333333015e+09,-9.570148356766969755e+01
7.312276666666666985e+09,-9.624932613854349484e+01
7.312340000000000000e+09,-9.594033088604730608e+01
7.312403333333333015e+09,-9.556707323458550718e+01
7.312466666666666985e+09,-9.596237176257632484e+01
7.312530000000000000e+09,-9.592703088964239555e+01
7.312593333333333015e+09,-9.594331309281295717e+01
7.312656666666666985e+09,-9.607753029979862447e+01
7.312720000000000000e+09,-9.554585451022379061e+01
7.312783333333333015e+09,-9.575331151726504686e+01
7.312846666666666985e+09,-9.552142362336419978e+01
7.312910000000000000e+09,-9.566350770535257197e+01
7.312973333333333015e+09,-9.594064839840079628e+01
7.313036666666666985e+09,-9.585935744084629562e+01
7.313100000000000000e+09,-9.545741645848364954e+01
7.313163333333333015e+09,-9.581578572012936945e+01
7.313226666666666985e+09,-9.585661864135286692e+01
7.313290000000000000e+09,-9.568939163416828819e+01
7.313353333333333015e+09,-9.555525927357861349e+01
7.313416666666666985e+09,-9.575593610101233821e+01
7.313480000000000000e+09,-9.588366474714652554e+01
7.313543333333333015e+09,-9.574142711183044696e+01
7.313606666666666985e+09,-9.559589793468055063e+01
7.313670000000000000e+09,-9.581738007661832057e+01
7.313733333333333015e+09,-9.558804304577684263e+01
7.313796666666666985e+09,-9.597266774421071034e+01
7.313860000000000000e+09,-9.578290337358669149e+01
7.313923333333333015e+09,-9.593887748616998579e+01
7.313986666666666985e+09,-9.599021624773945405e+01
7.314050000000000000e+09,-9.563529619487745492e+01
7.314113333333333015e+09,-9.611643320048446526e+01
7.314176666666666985e+09,-9.565862689784643180e+01
7.314240000000000000e+09,-9.580317790370750686e+01
7.314303333333333015e+09,-9.596624768086954305e+01
7.314366666666666985e+09,-9.584047804348180932e+01
7.314430000000000000e+09,-9.590406215895276887e+01
7.314493333333333015e+09,-9.581899473942155510e+01
7.314556666666666985e+09,-9.580138226860775319e+01
7.314620000000000000e+09,-9.606196623217175556e+01
7.314683333333333015e+09,-9.577920283296271009e+01
7.314746666666666985e+09,-9.580902080156668887e+01
7.314810000000000000e+09,-9.560056955110503907e+01
7.314873333333333015e+09,-9.603397164226194604e+01
7.314936666666666985e+09,-9.614112134130620291e+01
7.315000000000000000e+09,-9.600844550780671227e+01
