# freq_Hz, phase_rad_detrended, phase_rad
7.125000000000000000e+09,5.485920509409503154e-02,-2.293151366560026716e+00
7.125063333333333015e+09,6.957908784544786229e-02,-2.302296471690858493e+00
7.125126666666666985e+09,5.774677417152496162e-02,-2.337993773246958895e+00
7.125190000000000000e+09,4.081530668482047375e-02,-2.378790228615840885e+00
7.125253333333333015e+09,8.799933507595314452e-02,-2.355471188106885716e+00
7.125316666666666985e+09,7.116796661385027534e-02,-2.396167544451507148e+00
7.125380000000000000e+09,5.829825124979048923e-02,-2.432902247697410480e+00
7.125443333333333015e+09,5.347735179412582696e-02,-2.461588135035252645e+00
7.125506666666666985e+09,7.196225878660733599e-02,-2.466968215925289698e+00
7.125570000000000000e+09,4.967580302753749066e-02,-2.513119659566203090e+00
7.125633333333333015e+09,4.255750163866478530e-02,-2.544102948837253297e+00
7.125696666666666985e+09,5.346457260583070692e-02,-2.557060865752605938e+00
7.125760000000000000e+09,4.395685714246111431e-02,-2.590433569097819078e+00
7.125823333333333015e+09,4.796980483204382750e-02,-2.610285609290413866e+00
7.125886666666666985e+09,5.516954084814296166e-02,-2.626950861156833295e+00
7.125950000000000000e+09,6.106073703171421840e-02,-2.644924652855105585e+00
7.126013333333333015e+09,4.395928163723183957e-02,-2.685891096131765465e+00
7.126076666666666985e+09,6.052217742391174937e-02,-2.693193188227604118e+00
7.126140000000000000e+09,5.574355403501973782e-02,-2.721836799498673631e+00
7.126203333333333015e+09,6.332931878061964781e-02,-2.738116022634917268e+00
7.126266666666666985e+09,6.881239666630190044e-02,-2.756497932631753578e+00
7.126330000000000000e+09,4.168765509903860078e-02,-2.807487662081194379e+00
7.126393333333333015e+09,6.061983129756498556e-02,-2.812420473764511542e+00
7.126456666666666985e+09,6.344130440682915761e-02,-2.833463988537765932e+00
7.126520000000000000e+09,4.569039672747976510e-02,-2.875079884099292826e+00
7.126583333333333015e+09,7.683512239521483878e-02,-2.867800146313401299e+00
7.126646666666666985e+09,6.085920509814135571e-02,-2.907641051492993345e+00
7.126710000000000000e+09,7.280234077808245274e-02,-2.919562903695229750e+00
7.126773333333333015e+09,5.288262880013050449e-02,-2.963347603555359200e+00
7.126836666666666985e+09,6.632597070128243288e-02,-2.973769249536391879e+00
7.126900000000000000e+09,4.776558554427623449e-02,-3.016194622575575579e+00
7.126963333333333015e+09,3.492806205218990101e-02,-3.052897133949839414e+00
7.127026666666666985e+09,7.504954686376663631e-02,-3.036640637020440181e+00
7.127090000000000000e+09,4.573571869427706105e-02,-3.089819453072114364e+00
7.127153333333333015e+09,5.804201850029677701e-02,-3.101378141148272150e+00
7.127216666666666985e+09,5.965103194012355559e-02,-3.123634115590963933e+00
7.127280000000000000e+09,8.459852793978761554e-02,-3.122551607473143420e+00
7.127343333333333015e+09,7.474216358501672985e-02,-3.156272959710091808e+00
7.127406666666666985e+09,3.962134810852546707e-02,-3.215258763069094528e+00
7.127470000000000000e+09,6.076544475957490477e-02,-3.217979654299895742e+00
7.127533333333333015e+09,5.337486724689455286e-02,-3.249235219694753596e+00
7.127596666666666985e+09,6.845008734787016991e-02,-3.258024987476289436e+00
7.127660000000000000e+09,7.467916479652991768e-02,-3.275660897909480340e+00
7.127723333333333015e+09,4.482822618867787767e-02,-3.329376824399509882e+00
7.127786666666666985e+09,6.044513161838160897e-02,-3.337624906852317608e+00
7.127850000000000000e+09,1.005583005316057488e-01,-3.321376725820944120e+00
7.127913333333333015e+09,4.414414130948962622e-02,-3.401655872925237745e+00
7.127976666666666985e+09,3.301186595188410067e-02,-3.436653136165354727e+00
7.128040000000000000e+09,5.481928140989644760e-02,-3.438710708589526988e+00
7.128103333333333015e+09,4.907876495538499029e-02,-3.468316212925881992e+00
7.128166666666666985e+09,4.685116077830286940e-02,-3.494408804985475570e+00
7.128230000000000000e+09,3.710266813044826861e-02,-3.528022285515514778e+00
7.128293333333333015e+09,3.390755950658874696e-02,-3.555082382021217846e+00
7.128356666666666985e+09,4.803899245677412111e-02,-3.564815936953543929e+00
7.128420000000000000e+09,5.153869892091611504e-02,-3.585181218371586542e+00
7.128483333333333015e+09,8.727195205638116349e-02,-3.573312953117965041e+00
7.128546666666666985e+09,5.813650830872196806e-02,-3.626313384748135693e+00
7.128610000000000000e+09,5.457774128218151333e-02,-3.653737139656860755e+00
7.128673333333333015e+09,4.629384226814536873e-02,-3.685886026553074402e+00
7.128736666666666985e+09,6.077898068817777499e-02,-3.695265876015219497e+00
7.128800000000000000e+09,6.843896493638590428e-02,-3.711470879649188870e+00
7.128863333333333015e+09,6.227722600374052675e-02,-3.741497606464018855e+00
7.128926666666666985e+09,5.715313982083403133e-02,-3.770486680529102852e+00
7.128990000000000000e+09,4.814412634058617968e-02,-3.803360681891528206e+00
7.129053333333333015e+09,6.928912662187203253e-02,-3.806080669492426960e+00
7.129116666666666985e+09,4.423328260349324026e-02,-3.855001501392983254e+00
7.129180000000000000e+09,7.586462434850815839e-02,-3.847235147530145838e+00
7.129243333333333015e+09,3.646579652592185639e-02,-3.910498963234916747e+00
7.129306666666666985e+09,4.825522590962316727e-02,-3.922574521733726893e+00
7.129370000000000000e+09,4.948402393092843354e-02,-3.945210711594265174e+00
7.129433333333333015e+09,4.825581464932993114e-02,-3.970303908758048284e+00
7.129496666666666985e+09,5.672980385462089714e-02,-3.985694907435268775e+00
7.129560000000000000e+09,3.831207414363291264e-02,-4.027977625028100306e+00
7.129623333333333015e+09,4.698359203265667361e-02,-4.043171095021261152e+00
7.129686666666666985e+09,6.539122437989419723e-02,-4.048628450556535086e+00
7.129750000000000000e+09,4.834409038260645275e-02,-4.089540572435666377e+00
7.129813333333333015e+09,6.205780089692680690e-02,-4.099691849803530630e+00
7.129876666666666985e+09,7.031694367067764517e-02,-4.115297694912291249e+00
7.129940000000000000e+09,6.165665294447553180e-02,-4.147822973520670864e+00
7.130003333333333015e+09,2.834106189951590693e-02,-4.205003552447481141e+00
7.130066666666666985e+09,3.818807269155932715e-02,-4.219021529537949178e+00
7.130130000000000000e+09,8.162230675386439316e-02,-4.199452283357821614e+00
7.130193333333333015e+09,7.982819153190234829e-02,-4.225111386461627205e+00
7.130256666666666985e+09,4.620862519282198377e-02,-4.282595940683226132e+00
7.130320000000000000e+09,7.936579128252851945e-02,-4.273303762475697098e+00
7.130383333333333015e+09,2.092552456481744372e-02,-4.355609017075251721e+00
7.130446666666666985e+09,7.026645642454809604e-02,-4.330133073098039631e+00
7.130510000000000000e+09,5.351531286229960216e-02,-4.370749204542465627e+00
7.130573333333333015e+09,4.798814149906593940e-02,-4.400141363787876791e+00
7.130636666666666985e+09,9.174425845685085790e-02,-4.380250234712276480e+00
7.130700000000000000e+09,2.155969898845810917e-02,-4.474299782062846731e+00
7.130763333333333015e+09,7.006470468047787392e-02,-4.449659764253004468e+00
7.130826666666666985e+09,6.922441443440785491e-02,-4.474365042381259094e+00
7.130890000000000000e+09,6.638106722892356260e-02,-4.501073377468920889e+00
7.130953333333333015e+09,4.557487053093467466e-02,-4.545744562049087278e+00
7.131016666666666985e+09,6.980814279104397002e-02,-4.545376277671162590e+00
7.131080000000000000e+09,4.575393310496878030e-02,-4.593295475239415282e+00
7.131143333333333015e+09,5.834233686462741986e-02,-4.604572059361934144e+00
7.131206666666666985e+09,6.958426616150426014e-02,-4.617195117947575866e+00
7.131270000000000000e+09,4.629797199446361589e-02,-4.664346399996460057e+00
7.131333333333333015e+09,7.308490194213135283e-02,-4.661424457930969822e+00
7.131396666666666985e+09,1.884193882646556517e-02,-4.739532408929154172e+00
7.131460000000000000e+09,5.128148093379802930e-02,-4.730957854703665255e+00
7.131523333333333015e+09,7.728221912988786357e-02,-4.728822104389752923e+00
7.131586666666666985e+09,7.797331616934410903e-02,-4.751995995232815240e+00
7.131650000000000000e+09,1.076553678374541079e-01,-4.746178931446548788e+00
7.131713333333333015e+09,6.109766072310929275e-02,-4.816601626443071105e+00
7.131776666666666985e+09,5.062843167772790309e-02,-4.850935843370971057e+00
7.131840000000000000e+09,7.486097608764286093e-02,-4.850568286843233601e+00
7.131903333333333015e+09,4.691549050951593358e-02,-4.902378760303204075e+00
7.131966666666666985e+09,8.418095179549656137e-02,-4.888978286899742010e+00
7.132030000000000000e+09,7.545472551910403780e-02,-4.921569501058312035e+00
7.132093333333333015e+09,5.314314859949664793e-02,-4.967746065859762972e+00
7.132156666666666985e+09,8.090244315876038428e-02,-4.963851759183017798e+00
7.132220000000000000e+09,4.794885805467075102e-02,-5.020670332169284933e+00
7.132283333333333015e+09,4.277424336600432753e-02,-5.049709934739794903e+00
7.132346666666666985e+09,5.531006162543405935e-02,-5.061039104362876628e+00
7.132410000000000000e+09,5.613979908826038923e-02,-5.084074354782234906e+00
7.132473333333333015e+09,3.705059905467056325e-02,-5.127028542698002234e+00
7.132536666666666985e+09,3.124431232504765177e-02,-5.156699817309802647e+00
7.132600000000000000e+09,5.891157922192213903e-02,-5.152897538295112767e+00
7.132663333333333015e+09,6.122530026829586802e-02,-5.174448805130916540e+00
7.132726666666666985e+09,6.715789264101612588e-02,-5.192381200640373784e+00
7.132790000000000000e+09,5.056005834044796643e-02,-5.232844022823126551e+00
7.132853333333333015e+09,6.159697834902644331e-02,-5.245672090696725576e+00
7.132916666666666985e+09,6.781031021539440928e-02,-5.263323746712535112e+00
7.132980000000000000e+09,6.488602017440392444e-02,-5.290113024635710204e+00
7.133043333333333015e+09,4.312334340411361211e-02,-5.335740689288178018e+00
7.133106666666666985e+09,6.968953924852350212e-02,-5.333039481326279585e+00
7.133170000000000000e+09,5.231142909623542891e-02,-5.374282579360418310e+00
7.133233333333333015e+09,5.381167717093138236e-02,-5.396647319167899859e+00
7.133296666666666985e+09,5.033126747550475955e-02,-5.423992716745837939e+00
7.133360000000000000e+09,7.729551323627958936e-03,-5.490459420779565392e+00
7.133423333333333015e+09,5.346813525284765944e-02,-5.468585824732523193e+00
7.133486666666666985e+09,4.466849523822435941e-02,-5.501250452629657950e+00
7.133550000000000000e+09,7.624506487880822192e-02,-5.493538870870924740e+00
7.133613333333333015e+09,7.747123959263646498e-02,-5.516177684039273998e+00
7.133676666666666985e+09,7.629465562962689518e-02,-5.541219255884795025e+00
7.133740000000000000e+09,5.720891595265875651e-02,-5.584169983443947771e+00
7.133803333333333015e+09,4.863982477953943118e-02,-5.616604062498910643e+00
7.133866666666666985e+09,4.790414170234935654e-02,-5.641204733458612175e+00
7.133930000000000000e+09,8.032257747121107627e-02,-5.632651285571935063e+00
7.133993333333333015e+09,8.069829584598409156e-02,-5.656140555079005594e+00
7.134056666666666985e+09,5.725478734171929318e-02,-5.703449051465781849e+00
7.134120000000000000e+09,6.548247264683393354e-02,-5.719086354042851816e+00
7.134183333333333015e+09,5.472066947189446751e-02,-5.753713145099634829e+00
7.134246666666666985e+09,4.885910104763535600e-02,-5.783439701406405398e+00
7.134310000000000000e+09,6.904387900698871761e-02,-5.787119911329229538e+00
7.134373333333333015e+09,5.400159033993645608e-02,-5.826027187878466407e+00
7.134436666666666985e+09,4.749874428403622062e-02,-5.856395021816544144e+00
7.134500000000000000e+09,2.465815390094050485e-02,-5.903100600081817362e+00
7.134563333333333015e+09,4.823974101625339017e-02,-5.903384000848689084e+00
7.134626666666666985e+09,4.924668816403254823e-02,-5.926242041583087428e+00
7.134690000000000000e+09,1.389954029473550179e-02,-5.985454177334561976e+00
7.134753333333333015e+09,6.606419302618693479e-02,-5.957154512485295150e+00
7.134816666666666985e+09,4.368294928829197232e-02,-6.003400744105367615e+00
7.134880000000000000e+09,4.641403249784570306e-02,-6.024534648777991386e+00
7.134943333333333015e+09,3.418203237618744339e-02,-6.060631636781834253e+00
7.135006666666666985e+09,6.843394762640642170e-02,-6.050244709414126731e+00
7.135070000000000000e+09,6.364523584748660312e-02,-6.078898409074890097e+00
7.135133333333333015e+09,4.303791341904883438e-02,-6.123370719385508920e+00
7.135196666666666985e+09,7.751133532479936861e-02,-6.112762285362273396e+00
7.135260000000000000e+09,5.076742960054758669e-02,-6.163371178968368724e+00
7.135323333333333015e+09,5.140593209681387776e-02,-6.186597664354283488e+00
7.135386666666666985e+09,5.518532752141247499e-02,-6.206683256812199900e+00
7.135450000000000000e+09,1.288613826807161189e-02,-6.272847433947384310e+00
7.135513333333333015e+09,3.758336723860367101e-02,-6.272015192859033306e+00
7.135576666666666985e+09,2.960824264573869158e-02,-6.303855305334413295e+00
7.135640000000000000e+09,6.572066166105017260e-02,-6.291607874201279316e+00
7.135703333333333015e+09,5.201373595194702659e-02,-6.329179787792229561e+00
7.135766666666666985e+09,5.151340280235494618e-02,-6.353545108824336651e+00
7.135830000000000000e+09,2.712972361254717413e-02,-6.401793775896321925e+00
7.135893333333333015e+09,5.864714031720197340e-02,-6.394141347073514225e+00
7.135956666666666985e+09,5.383680375829413833e-02,-6.422816671514937070e+00
7.136020000000000000e+09,4.623947199899802740e-02,-6.454278991156410683e+00
7.136083333333333015e+09,5.794000703349588832e-02,-6.466443444003759922e+00
7.136146666666666985e+09,6.011463985940768140e-02,-6.488133799060363138e+00
7.136210000000000000e+09,7.911669367412699216e-02,-6.492996733127821329e+00
7.136273333333333015e+09,5.578281861287504029e-02,-6.540195596070920381e+00
7.136336666666666985e+09,3.123618297709729319e-02,-6.588607219589209585e+00
7.136400000000000000e+09,1.374873396012610272e-02,-6.629959656488361830e+00
7.136463333333333015e+09,4.525997147498550532e-02,-6.622313406855683482e+00
7.136526666666666985e+09,6.682310874103158937e-02,-6.624615257471814900e+00
7.136590000000000000e+09,5.654252479578225632e-02,-6.658760829299245287e+00
7.136653333333333015e+09,3.398198370234517540e-02,-6.705186358274863423e+00
7.136716666666666985e+09,4.336818317583723825e-02,-6.719665146683548862e+00
7.136780000000000000e+09,5.218592089064522099e-02,-6.734712396850921934e+00
7.136843333333333015e+09,6.510429370373049807e-02,-6.745659011920017711e+00
7.136906666666666985e+09,6.350169002894112680e-02,-6.771126603477318540e+00
7.136970000000000000e+09,6.008518938213835980e-02,-6.798408092005968406e+00
7.137033333333333015e+09,4.068427139732566644e-02,-6.841673997872958601e+00
7.137096666666666985e+09,2.342904031001680210e-03,-6.903880353121797597e+00
7.137160000000000000e+09,5.364774125271232208e-02,-6.876440503781934055e+00
7.137223333333333015e+09,3.297142447406820054e-02,-6.920981808442755678e+00
7.137286666666666985e+09,2.953310933152497597e-02,-6.948285111467813913e+00
7.137350000000000000e+09,5.458259437781087797e-02,-6.947100614303375110e+00
7.137413333333333015e+09,5.503120352925883196e-02,-6.970516993034104658e+00
7.137476666666666985e+09,4.433162038488447365e-02,-7.005081564060994026e+00
7.137540000000000000e+09,4.349299539087869704e-02,-7.029785176937180857e+00
7.137603333333333015e+09,3.386579569729164518e-02,-7.063277364512611456e+00
7.137666666666666985e+09,7.030409699173389981e-02,-7.050704051100684211e+00
7.137730000000000000e+09,5.464492927921238419e-02,-7.090228206695386781e+00
7.137793333333333015e+09,6.046104152652809205e-02,-7.108277082329914620e+00
7.137856666666666985e+09,8.154703309331434724e-02,-7.111056078645643375e+00
7.137920000000000000e+09,5.734842784473581645e-02,-7.159119671776402960e+00
7.137983333333333015e+09,4.199564678812883756e-02,-7.198337440714853486e+00
7.138046666666666985e+09,4.079708143115112762e-02,-7.223400993954346205e+00
7.138110000000000000e+09,5.131902962931089718e-02,-7.236744033638363938e+00
7.138173333333333015e+09,4.163899404201032439e-03,-7.307764151745320902e+00
7.138236666666666985e+09,6.694807398899804696e-02,-7.268844965043038897e+00
7.138300000000000000e+09,4.089825303412109037e-02,-7.318759773880093356e+00
7.138363333333333015e+09,5.027334386894644069e-02,-7.333249670927449060e+00
7.138426666666666985e+09,5.486412938206619572e-02,-7.352523873296510359e+00
7.138490000000000000e+09,4.605924789621607118e-02,-7.385193742664537986e+00
7.138553333333333015e+09,5.426244181903694397e-02,-7.400855536623898168e+00
7.138616666666666985e+09,6.016691994322886927e-02,-7.418816046381887297e+00
7.138680000000000000e+09,5.628049573494831037e-02,-7.446567458472345358e+00
7.138743333333333015e+09,6.732253508284280485e-02,-7.459390407006631918e+00
7.138806666666666985e+09,8.062567766462525043e-02,-7.469952252307364482e+00
7.138870000000000000e+09,3.755658092238789436e-02,-7.536886336931445385e+00
7.138933333333333015e+09,3.991102784694966488e-02,-7.558396877889064669e+00
7.138996666666666985e+09,2.738102079555204682e-02,-7.594791872822977297e+00
7.139060000000000000e+09,6.151351620465739245e-02,-7.584524365295715498e+00
7.139123333333333015e+09,7.574978308340263311e-02,-7.594153086299151312e+00
7.139186666666666985e+09,5.335608980277051216e-02,-7.640411767462294890e+00
7.139250000000000000e+09,4.574665194142024660e-02,-7.671886193205492255e+00
7.139313333333333015e+09,5.898460476498712524e-02,-7.682513228264106431e+00
7.139376666666666985e+09,5.168452343040463859e-02,-7.713678297481200374e+00
7.139440000000000000e+09,3.526311144974769718e-02,-7.753964697343704415e+00
7.139503333333333015e+09,2.244799464094882069e-02,-7.790644802034680794e+00
7.139566666666666985e+09,3.560335787375557004e-02,-7.801354426684389054e+00
7.139630000000000000e+09,6.565875193814552091e-02,-7.795164020502180158e+00
7.139693333333333015e+09,4.416784567247411530e-02,-7.840519914649695110e+00
7.139756666666666985e+09,5.223178392306593310e-02,-7.856320964281618302e+00
7.139820000000000000e+09,5.503699896519798074e-02,-7.877380737121667309e+00
7.139883333333333015e+09,5.154527174452727678e-02,-7.904737452224181560e+00
7.139946666666666985e+09,3.631942590803483029e-02,-7.943828285943189016e+00
7.140010000000000000e+09,4.305200683951859730e-02,-7.960960692893886304e+00
7.140073333333333015e+09,4.777118682024994456e-02,-7.980106500794998503e+00
7.140136666666666985e+09,7.173504681993048138e-02,-7.980007628677832976e+00
7.140200000000000000e+09,4.437090001140830964e-02,-8.031236763368536202e+00
7.140263333333333015e+09,5.110875365275191484e-02,-8.048363897609370099e+00
7.140326666666666985e+09,6.033112863783784974e-02,-8.063006510506465219e+00
7.140390000000000000e+09,4.436979596381718238e-02,-8.102832831062666941e+00
7.140453333333333015e+09,1.248494857139448300e-02,-8.158582666337267142e+00
7.140516666666666985e+09,8.461277117478971377e-02,-8.110319831616052966e+00
7.140580000000000000e+09,4.848447032129676870e-02,-8.170313120351723413e+00
7.140643333333333015e+09,1.541972839267380380e-02,-8.227242850162527432e+00
7.140706666666666985e+09,3.571473575277650525e-02,-8.230812830684939740e+00
7.140770000000000000e+09,2.683872941825171665e-02,-8.263553824901308076e+00
7.140833333333333015e+09,4.859960790458295321e-02,-8.265657934297157894e+00
7.140896666666666985e+09,4.854721905954662020e-02,-8.289575311024709237e+00
7.140960000000000000e+09,6.156862692640174828e-02,-8.300418891039697655e+00
7.141023333333333015e+09,4.160130139293549689e-02,-8.344251204455344961e+00
7.141086666666666985e+09,3.200579770144607039e-02,-8.377711696029349397e+00
7.141150000000000000e+09,5.730542196860888282e-02,-8.376277059644030132e+00
7.141213333333333015e+09,5.184240304190979032e-02,-8.405605066452910279e+00
7.141276666666666985e+09,4.237129611830425802e-02,-8.438941161259030821e+00
7.141340000000000000e+09,3.437099052608516558e-02,-8.470806454733093460e+00
7.141403333333333015e+09,3.154943506304874745e-02,-8.497492998078310933e+00
7.141466666666666985e+09,5.271797709303704949e-02,-8.500189443930837641e+00
7.141530000000000000e+09,2.996537116151998248e-02,-8.546807037744532209e+00
7.141593333333333015e+09,3.123002474886327207e-02,-8.569407372039036019e+00
7.141656666666666985e+09,3.657373832682964121e-02,-8.587928646343581107e+00
7.141720000000000000e+09,1.690300030425895272e-02,-8.631464372248332850e+00
7.141783333333333015e+09,2.172300272707339275e-02,-8.650509357707365510e+00
7.141846666666666985e+09,3.579827638889732100e-02,-8.660299071928053039e+00
7.141910000000000000e+09,6.487389400689735908e-02,-8.655088442192234055e+00
7.141973333333333015e+09,6.893047727308854178e-02,-8.674896846807886419e+00
7.142036666666666985e+09,2.424373219318276540e-02,-8.743448579770307205e+00
7.142100000000000000e+09,-6.156278091724587398e-03,-8.797713577937395613e+00
7.142163333333333015e+09,1.100459748975346486e-02,-8.804417690238098615e+00
7.142226666666666985e+09,2.900059255138387471e-02,-8.810286683058645707e+00
7.142290000000000000e+09,3.828905751735156571e-02,-8.824863205974859071e+00
7.142353333333333015e+09,1.802924761862634284e-02,-8.868988003755761795e+00
7.142416666666666985e+09,4.230962721657860470e-02,-8.868572612039990588e+00
7.142480000000000000e+09,4.659127316534927843e-02,-8.888155953973400969e+00
7.142543333333333015e+09,2.812234114677636398e-02,-8.930489873874151385e+00
7.142606666666666985e+09,1.118137964122212225e-02,-8.971295823261886682e+00
7.142670000000000000e+09,3.896626820311865913e-02,-8.967375922582171199e+00
7.142733333333333015e+09,5.567717699922702934e-02,-8.974530001668240331e+00
7.142796666666666985e+09,1.661797375924223275e-02,-9.037454192790740137e+00
7.142860000000000000e+09,4.934157792959759092e-02,-9.028595576502231879e+00
7.142923333333333015e+09,6.084449492712984409e-02,-9.040957647386877127e+00
7.142986666666666985e+09,4.066278490049235472e-02,-9.085004345296029626e+00
7.143050000000000000e+09,3.676700364070661919e-02,-9.112765114437658909e+00
7.143113333333333015e+09,6.409348776219303545e-02,-9.109303618198353547e+00
7.143176666666666985e+09,3.467983034908606044e-02,-9.162582263493975532e+00
7.143240000000000000e+09,4.456792288020672288e-02,-9.176559158844698416e+00
7.143303333333333015e+09,3.710633860769974035e-02,-9.207885730999386453e+00
7.143366666666666985e+09,7.036062457818026417e-02,-9.198496432911420939e+00
7.143430000000000000e+09,4.601327901720786429e-02,-9.246708766354570841e+00
7.143493333333333015e+09,4.135391495833928843e-02,-9.275233118295286516e+00
7.143556666666666985e+09,9.377163721389081275e-04,-9.339514304764001906e+00
7.143620000000000000e+09,1.866712199326236998e-02,-9.345649887025055946e+00
7.143683333333333015e+09,1.473217629063050538e-02,-9.373449820609534910e+00
7.143746666666666985e+09,4.822843460805259497e-02,-9.363818550174627831e+00
7.143810000000000000e+09,3.459777503957361944e-02,-9.401314197625284308e+00
7.143873333333333015e+09,3.801811162751356221e-02,-9.421758848919191465e+00
7.143936666666666985e+09,2.057107563117810400e-02,-9.463070872798041933e+00
7.144000000000000000e+09,3.435004636875227391e-02,-9.473156889942645265e+00
7.144063333333333015e+09,3.605460752354794352e-02,-9.495317316670030650e+00
7.144126666666666985e+09,2.344793896967978242e-02,-9.531788973106076313e+00
7.144190000000000000e+09,4.295633968845891104e-02,-9.536145560269478239e+00
7.144253333333333015e+09,3.901799214554557693e-02,-9.563948895694572627e+00
7.144316666666666985e+09,3.739283074936494700e-02,-9.589439044972930759e+00
7.144380000000000000e+09,4.679037750365822035e-02,-9.603906486100818540e+00
7.144443333333333015e+09,4.313058483000276055e-02,-9.631431266656655055e+00
7.144506666666666985e+09,3.131646306243318634e-02,-9.667110376306402131e+00
7.144570000000000000e+09,3.212957135829697108e-02,-9.690162255892719401e+00
7.144633333333333015e+09,3.191784290076427055e-02,-9.714238972232433156e+00
7.144696666666666985e+09,3.875831944456287204e-02,-9.731263483571146011e+00
7.144760000000000000e+09,2.713339168082917752e-02,-9.766753399216726805e+00
7.144823333333333015e+09,4.398191156120923040e-02,-9.773769867218524254e+00
7.144886666666666985e+09,-5.932099860734396657e-03,-9.847548866522982891e+00
7.144950000000000000e+09,4.111493093580520508e-02,-9.824366823608290389e+00
7.145013333333333015e+09,3.215670476241605513e-02,-9.857190037663857041e+00
7.145076666666666985e+09,3.017820062312992491e-02,-9.883033529685658181e+00
7.145140000000000000e+09,2.202084014475857998e-02,-9.915055878045876625e+00
7.145203333333333015e+09,8.312234955674568937e-03,-9.952629471117138138e+00
7.145266666666666985e+09,3.645526605188109670e-02,-9.948351427903446620e+00
7.145330000000000000e+09,3.234561846175942890e-02,-9.976326063375749342e+00
7.145393333333333015e+09,8.656042788551587819e-03,-1.002388062693080073e+01
7.145456666666666985e+09,3.946992436012308758e-02,-1.001693173324174424e+01
7.145520000000000000e+09,3.707046034407035506e-02,-1.004319618513997803e+01
7.145583333333333015e+09,3.389186910337649294e-02,-1.007023976426251544e+01
7.145646666666666985e+09,3.821414858762395284e-02,-1.008978247266078299e+01
7.145710000000000000e+09,9.810153417351585858e-03,-1.014205145571323641e+01
7.145773333333333015e+09,2.659462874870399673e-02,-1.014913196826372754e+01
7.145836666666666985e+09,2.231964253057761027e-02,-1.017727194236436894e+01
7.145900000000000000e+09,1.026647478498254884e-02,-1.021319009799214150e+01
7.145963333333333015e+09,3.909844769687609300e-02,-1.020822311296242901e+01
7.146026666666666985e+09,3.629376550100005261e-02,-1.023489278304048611e+01
7.146090000000000000e+09,2.215959855971583181e-02,-1.027289193786394783e+01
7.146153333333333015e+09,-1.671969906752224233e-03,-1.032058849421259694e+01
7.146216666666666985e+09,2.481090767390092822e-02,-1.031797060451412484e+01
7.146280000000000000e+09,1.578008493975247006e-02,-1.035086641513045080e+01
7.146343333333333015e+09,1.259751683919319021e-02,-1.037791397111319114e+01
7.146406666666666985e+09,3.004519326136900759e-02,-1.038433128257319638e+01
7.146470000000000000e+09,2.013066545555020070e-02,-1.041811079826119268e+01
7.146533333333333015e+09,1.315503262184947175e-02,-1.044895141897707447e+01
7.146596666666666985e+09,1.896426032833353759e-02,-1.046700717915310541e+01
7.146660000000000000e+09,1.039488598297211297e-02,-1.049944154138031038e+01
7.146723333333333015e+09,-3.329258201404172723e-03,-1.053703067344686772e+01
7.146786666666666985e+09,1.299241541415163681e-02,-1.054457398771382692e+01
7.146850000000000000e+09,-4.295535707168340878e-04,-1.058186094458053894e+01
7.146913333333333015e+09,1.473977261599479505e-02,-1.059055660627600837e+01
7.146976666666666985e+09,2.369841004414929841e-02,-1.060546295673036887e+01
7.147040000000000000e+09,1.634306876598046188e-02,-1.063668328589038126e+01
7.147103333333333015e+09,-7.238193094572409336e-03,-1.068412953563311518e+01
7.147166666666666985e+09,-2.064105164855689623e-02,-1.072139738206961113e+01
7.147230000000000000e+09,-2.264978911945547679e-03,-1.072688629721518083e+01
7.147293333333333015e+09,-5.134701654343487576e-03,-1.075362100783942232e+01
7.147356666666666985e+09,-1.686259211160034965e-02,-1.078921388617919419e+01
7.147420000000000000e+09,-1.455748490298169884e-02,-1.081077376685275659e+01
7.147483333333333015e+09,-6.570839360007241226e-03,-1.082665210919162568e+01
7.147546666666666985e+09,-1.027524295125381570e-02,-1.085422150066538727e+01
7.147610000000000000e+09,-3.217624493307624789e-02,-1.089998749052939075e+01
7.147673333333333015e+09,-4.778235855651047359e-02,-1.093945859203466853e+01
7.147736666666666985e+09,-2.003615046025153390e-02,-1.093557737182092460e+01
7.147800000000000000e+09,-2.279655962812654479e-02,-1.096220276887098066e+01
7.147863333333333015e+09,-2.565118123370702108e-02,-1.098892237835873864e+01
7.147926666666666985e+09,-3.138730422861613079e-02,-1.101852348923582881e+01
7.147990000000000000e+09,-3.146378429079277339e-02,-1.104246495718018650e+01
7.148053333333333015e+09,-5.882454699297490208e-02,-1.109369070776454613e+01
7.148116666666666985e+09,-6.484389861373074382e-02,-1.112357504726748303e+01
7.148180000000000000e+09,-9.137273869252737768e-02,-1.117396887522846072e+01
7.148243333333333015e+09,-4.771313845373725826e-02,-1.115417426287184810e+01
7.148306666666666985e+09,-4.468773965157701866e-02,-1.117501385195186892e+01
7.148370000000000000e+09,-4.956227397041246263e-02,-1.120375337415288541e+01
7.148433333333333015e+09,-8.395323105951035814e-02,-1.126200931912416081e+01
7.148496666666666985e+09,-1.198342740547921892e-01,-1.132175535000195765e+01
7.148560000000000000e+09,-9.954840753645299856e-02,-1.132533447136546201e+01
7.148623333333333015e+09,-4.957795017415556060e-02,-1.129922900188534562e+01
7.148686666666666985e+09,-8.006252508148570257e-02,-1.135357856467519078e+01
7.148750000000000000e+09,-1.817303826946634615e-01,-1.147911141017021208e+01
7.148813333333333015e+09,-1.447076830837108474e-01,-1.146595369844144052e+01
7.148876666666666985e+09,3.936295613026352669e-01,-1.095148144193760942e+01
7.148940000000000000e+09,4.434221559623860998e-01,-1.092555383515970213e+01
7.149003333333333015e+09,2.957020723522489902e-01,-1.109713890665202030e+01
7.149066666666666985e+09,2.715832525804309228e-01,-1.114512271430635337e+01
7.149130000000000000e+09,2.071098398841044741e-01,-1.123346111488485732e+01
7.149193333333333015e+09,1.915989986176924731e-01,-1.127283694403311642e+01
7.149256666666666985e+09,1.705706691165715938e-01,-1.131773026141675231e+01
7.149320000000000000e+09,1.599238097682835757e-01,-1.135224210864721783e+01
7.149383333333333015e+09,1.227230645013541732e-01,-1.141330784179599434e+01
7.149446666666666985e+09,1.242267500054747842e-01,-1.143566914417438873e+01
7.149510000000000000e+09,9.044444158379683074e-02,-1.149331644047824419e+01
7.149573333333333015e+09,8.645706945851650005e-02,-1.152116880048537162e+01
7.149636666666666985e+09,7.957262833447664718e-02,-1.155191822949192293e+01
7.149700000000000000e+09,1.066751616374848055e-01,-1.154868068407109583e+01
7.149763333333333015e+09,1.086852654753869274e-01,-1.157053556811503725e+01
7.149826666666666985e+09,1.080246980330699103e-01,-1.159506112343986928e+01
7.149890000000000000e+09,8.527652963204346293e-02,-1.164167427972307678e+01
7.149953333333333015e+09,7.350176703581112747e-02,-1.167731403020149017e+01
7.150016666666666985e+09,5.891855979946392097e-02,-1.171576222532001488e+01
7.150080000000000000e+09,1.067400057492893239e-01,-1.169180576725237053e+01
7.150143333333333015e+09,9.052235063544422644e-02,-1.173188841024839668e+01
7.150206666666666985e+09,8.133616733851489755e-02,-1.176493958142750351e+01
7.150270000000000000e+09,8.878003624758612489e-02,-1.178136070040061334e+01
7.150333333333333015e+09,8.695200189558427439e-02,-1.180705372263479269e+01
7.150396666666666985e+09,6.285165721870811240e-02,-1.185501905519418386e+01
7.150460000000000000e+09,3.977766099215784834e-02,-1.190195803930258123e+01
7.150523333333333015e+09,9.137064114027815265e-02,-1.187423004703663842e+01
7.150586666666666985e+09,6.886440338032961961e-02,-1.192060127267910197e+01
7.150650000000000000e+09,6.195636979806629085e-02,-1.195137429414321240e+01
7.150713333333333015e+09,4.769328794769300828e-02,-1.198950236387576318e+01
7.150776666666666985e+09,7.847609931726040600e-02,-1.198258454038871079e+01
7.150840000000000000e+09,4.057228795909395558e-02,-1.204435333962872434e+01
7.150903333333333015e+09,8.901280180413451149e-02,-1.201977781366586129e+01
7.150966666666666985e+09,3.905987155022572210e-02,-1.209359573180228509e+01
7.151030000000000000e+09,6.204145140914363310e-02,-1.209447913982554823e+01
7.151093333333333015e+09,5.070489860141869087e-02,-1.212968068051511672e+01
7.151156666666666985e+09,4.768880112414386474e-02,-1.215656176587490656e+01
7.151220000000000000e+09,4.232211511470751475e-02,-1.218579343976652396e+01
7.151283333333333015e+09,6.597903639741709014e-02,-1.218600150636565793e+01
7.151346666666666985e+09,2.020991164503271875e-02,-1.225563561900055731e+01
7.151410000000000000e+09,5.763171085829910112e-02,-1.224207880766946843e+01
7.151473333333333015e+09,2.821296145647167464e-02,-1.229536254495314296e+01
7.151536666666666985e+09,4.064170238866537943e-02,-1.230679879190346426e+01
7.151600000000000000e+09,7.990781112892975102e-02,-1.229139767104537739e+01
7.151663333333333015e+09,3.417463284039001792e-02,-1.236099583721576423e+01
7.151726666666666985e+09,2.746571088748694933e-02,-1.239156974705118230e+01
7.151790000000000000e+09,5.575130981901565974e-02,-1.238714913600183110e+01
7.151853333333333015e+09,3.889990416663025030e-02,-1.242786552953639756e+01
7.151916666666666985e+09,8.701339986935252568e-02,-1.240361702171585634e+01
7.151980000000000000e+09,1.543952811289095450e-02,-1.249905588135449541e+01
7.152043333333333015e+09,3.189416559864000078e-02,-1.250646623175092742e+01
7.152106666666666985e+09,5.063361337734129108e-02,-1.251159177185440363e+01
7.152170000000000000e+09,4.642183697801982589e-02,-1.253966853613590615e+01
7.152233333333333015e+09,5.100734826352493201e-02,-1.255894801273258210e+01
7.152296666666666985e+09,5.896401177764865054e-02,-1.257485633710097339e+01
7.152360000000000000e+09,3.648922959694189672e-02,-1.262119610716352369e+01
7.152423333333333015e+09,1.588872340726332766e-02,-1.266566160123538332e+01
7.152486666666666985e+09,3.736611696908909153e-02,-1.266804919555606901e+01
7.152550000000000000e+09,5.309793184196998084e-02,-1.267618236856503522e+01
7.152613333333333015e+09,3.543797936332993004e-02,-1.271770730892585632e+01
7.152676666666666985e+09,5.936741719153637575e-02,-1.271764285898016134e+01
7.152740000000000000e+09,1.796421661600788866e-02,-1.278291104743753692e+01
7.152803333333333015e+09,2.341569148704181202e-02,-1.280132456044868050e+01
7.152866666666666985e+09,5.199916135305215903e-02,-1.279660607846518516e+01
7.152930000000000000e+09,3.011966018142686607e-03,-1.286945826168194174e+01
7.152993333333333015e+09,4.497693249519940650e-02,-1.285135828308706252e+01
7.153056666666666985e+09,4.989224666692848587e-02,-1.287030795679784845e+01
7.153120000000000000e+09,5.425031055463591656e-02,-1.288981488079232207e+01
7.153183333333333015e+09,4.221621940038922105e-02,-1.292571395982841231e+01
7.153246666666666985e+09,1.616027839261846566e-02,-1.297563488871869808e+01
7.153310000000000000e+09,5.323253543763684092e-02,-1.296242761955586076e+01
7.153373333333333015e+09,2.308124571684366799e-02,-1.301644389715849748e+01
7.153436666666666985e+09,3.943470656830427856e-03,-1.305944666010102573e+01
7.153500000000000000e+09,3.908531165725648293e-02,-1.304816980698278073e+01
7.153563333333333015e+09,2.855014753127349536e-02,-1.308256995899060726e+01
7.153626666666666985e+09,2.288472667735064192e-02,-1.311210036772704512e+01
7.153690000000000000e+09,6.029549490993701966e-02,-1.309855458737663980e+01
7.153753333333333015e+09,9.441550069972493020e-03,-1.317327352009878183e+01
7.153816666666666985e+09,1.191632581445212224e-02,-1.319466373223648326e+01
7.153880000000000000e+09,4.704463146080861691e-02,-1.318340041447230426e+01
7.153943333333333015e+09,7.297195522636457099e-02,-1.318133807858892936e+01
7.154006666666666985e+09,4.318346662122785062e-02,-1.323499155507624714e+01
7.154070000000000000e+09,1.780269242706467026e-02,-1.328423731715258782e+01
7.154133333333333015e+09,3.253967767482102147e-02,-1.329336531978701252e+01
7.154196666666666985e+09,5.139934916125099562e-02,-1.329837063618309756e+01
7.154260000000000000e+09,5.335081169204158869e-02,-1.332028416153415051e+01
7.154323333333333015e+09,3.431850671350566984e-02,-1.336318145439486749e+01
7.154386666666666985e+09,5.211120196855034692e-02,-1.336925374702233782e+01
7.154450000000000000e+09,2.201611479724618903e-02,-1.342321382207548552e+01
7.154513333333333015e+09,3.390569882229677035e-02,-1.343518922593261600e+01
7.154576666666666985e+09,4.470795843851327334e-02,-1.344825195419891450e+01
7.154640000000000000e+09,9.004048742506043368e-03,-1.350782085177676528e+01
7.154703333333333015e+09,2.190072007563514944e-02,-1.351878916832581723e+01
7.154766666666666985e+09,4.033208702772128618e-03,-1.356052166758119526e+01
7.154830000000000000e+09,-1.893093179691618388e-02,-1.360735079596272712e+01
7.154893333333333015e+09,4.078553312167443323e-02,-1.357149931892631756e+01
7.154956666666666985e+09,4.581767195829478112e-02,-1.359033216797220867e+01
7.155020000000000000e+09,6.994953895485522821e-02,-1.359006528885782927e+01
7.155083333333333015e+09,1.965039559017611737e-03,-1.368191477613551399e+01
7.155146666666666985e+09,1.902498292037613226e-02,-1.368871982065666693e+01
7.155210000000000000e+09,4.851283120849636532e-02,-1.368309696025072775e+01
7.155273333333333015e+09,3.764334858769480263e-02,-1.371783143075337286e+01
7.155336666666666985e+09,4.042765458814834290e-02,-1.373891211263543433e+01
7.155400000000000000e+09,2.165279851147872137e-02,-1.378155195659428500e+01
7.155463333333333015e+09,5.428709796260022813e-02,-1.377278264502500704e+01
7.155526666666666985e+09,2.496863718933894916e-02,-1.382596609368078333e+01
7.155590000000000000e+09,1.777017186067730847e-02,-1.385702954689162603e+01
7.155653333333333015e+09,1.614198021238522074e-02,-1.388252272642209562e+01
7.155716666666666985e+09,-2.282095438090436801e-03,-1.392481178995475233e+01
7.155780000000000000e+09,2.523435012844998937e-02,-1.392116033227039296e+01
7.155843333333333015e+09,3.865521455598575074e-02,-1.393160445572503470e+01
7.155906666666666985e+09,-1.348401841124413636e-02,-1.400760867657444564e+01
7.155970000000000000e+09,4.319746298577165078e-02,-1.397479218305961091e+01
7.156033333333333015e+09,2.034293241540297004e-02,-1.402151170151215709e+01
7.156096666666666985e+09,3.049408434027611747e-02,-1.403522553746946500e+01
7.156160000000000000e+09,2.208094341525601578e-02,-1.406750366627666615e+01
7.156223333333333015e+09,3.078353360767138724e-02,-1.408266606396642828e+01
7.156286666666666985e+09,4.677102177328862354e-02,-1.409054356368332606e+01
7.156350000000000000e+09,2.442121832695143269e-02,-1.413675835501150679e+01
7.156413333333333015e+09,3.623079785248428664e-02,-1.414881376336815499e+01
7.156476666666666985e+09,1.230062531729458897e-02,-1.419660892378585970e+01
7.156540000000000000e+09,1.355162507768703506e-02,-1.421922291190731080e+01
7.156603333333333015e+09,3.024537216747269497e-02,-1.422639415269970620e+01
7.156666666666666985e+09,2.455560131031120363e-02,-1.425594891143938270e+01
7.156730000000000000e+09,1.446223688777337202e-02,-1.428990726374376408e+01
7.156793333333333015e+09,2.586551298614381267e-02,-1.430236897552757469e+01
7.156856666666666985e+09,1.875777254429777940e-02,-1.433334170385193573e+01
7.156920000000000000e+09,1.482782489864575837e-02,-1.436113663937976526e+01
7.156983333333333015e+09,3.603551113805991690e-02,-1.436379394102219820e+01
7.157046666666666985e+09,1.317725797158608714e-02,-1.441051718207118704e+01
7.157110000000000000e+09,1.590166531235048808e-02,-1.443165776261260014e+01
7.157173333333333015e+09,3.783045083248914864e-02,-1.443359396497430858e+01
7.157236666666666985e+09,2.688860072753485042e-03,-1.449260054361655925e+01
7.157300000000000000e+09,6.965672012900192556e-02,-1.444949767144248831e+01
7.157363333333333015e+09,-2.356965727548576695e-02,-1.456658903672882310e+01
7.157426666666666985e+09,-1.478211620227831702e-02,-1.458166648353812711e+01
7.157490000000000000e+09,2.671981303701542743e-02,-1.456402954218101442e+01
7.157553333333333015e+09,1.748045387444285836e-02,-1.459713388922576804e+01
7.157616666666666985e+09,-1.510623144278966379e-02,-1.465358556242517807e+01
7.157680000000000000e+09,2.263618196998962162e-02,-1.463970813689457984e+01
7.157743333333333015e+09,5.056375970399429320e-03,-1.468115293077635108e+01
7.157806666666666985e+09,1.736370046217317054e-02,-1.469271059416675484e+01
7.157870000000000000e+09,-1.653511738457069669e-02,-1.475047439989567977e+01
7.157933333333333015e+09,-1.551205435703550961e-02,-1.477331632475032563e+01
7.157996666666666985e+09,1.552315104496315712e-02,-1.476614610723050447e+01
7.158060000000000000e+09,-9.763446668920039428e-04,-1.480651059082454069e+01
7.158123333333333015e+09,2.460910026369234060e-02,-1.480479013377613384e+01
7.158186666666666985e+09,4.208444390318533124e-02,-1.481117977801915586e+01
7.158250000000000000e+09,4.206622850633756627e-02,-1.483506298129785073e+01
7.158313333333333015e+09,5.722261387226978968e-03,-1.489527193629913882e+01
7.158376666666666985e+09,4.923205811492081807e-03,-1.491993597975738872e+01
7.158440000000000000e+09,2.059626610534337487e-02,-1.492812790734538453e+01
7.158503333333333015e+09,2.780314534054895148e-02,-1.494478601599235645e+01
7.158566666666666985e+09,1.057034233688014524e-02,-1.498588380687854027e+01
7.158630000000000000e+09,4.934217250389494325e-02,-1.497097696459337257e+01
7.158693333333333015e+09,2.192196617784247792e-03,-1.504199192836166077e+01
7.158756666666666985e+09,1.310711488978100192e-02,-1.505494199797217902e+01
7.158820000000000000e+09,3.428711734299838554e-02,-1.505762698340114270e+01
7.158883333333333015e+09,8.087223671520149537e-03,-1.510769186495446448e+01
7.158946666666666985e+09,1.381768223701484999e-02,-1.512582639427148479e+01
7.159010000000000000e+09,2.835776793713229438e-02,-1.513515129645354840e+01
7.159073333333333015e+09,-5.731797843218089383e-03,-1.519310585011574233e+01
7.159136666666666985e+09,4.669642457611367092e-02,-1.516454261557892558e+01
7.159200000000000000e+09,1.390328347891767180e-02,-1.522120074455829908e+01
7.159263333333333015e+09,5.624170990435573003e-02,-1.520272730601470812e+01
7.159326666666666985e+09,3.562990009310240680e-02,-1.524720410370847645e+01
7.159390000000000000e+09,1.317259602327425227e-02,-1.529352639566048211e+01
7.159453333333333015e+09,1.180212944065317515e-02,-1.531876185012528424e+01
7.159516666666666985e+09,1.893734045474815275e-02,-1.533549162699337032e+01
7.159580000000000000e+09,1.345831980351341883e-02,-1.536483563552678255e+01
7.159643333333333015e+09,2.505960103672144612e-02,-1.537709934217575558e+01
7.159706666666666985e+09,1.812247616862805444e-02,-1.540790145492603003e+01
7.159770000000000000e+09,3.974451434157266760e-02,-1.541014440463526292e+01
7.159833333333333015e+09,1.969757578252462338e-02,-1.545405633107649201e+01
7.159896666666666985e+09,3.324998038555904145e-03,-1.549429389670263824e+01
7.159960000000000000e+09,2.110978425491616406e-02,-1.550037409836845903e+01
7.160023333333333015e+09,1.245896269097279685e-02,-1.553288990781458345e+01
7.160086666666666985e+09,3.249812961986009441e-03,-1.556596404542608525e+01
7.160150000000000000e+09,3.881344296795319337e-03,-1.558919750197311949e+01
7.160213333333333015e+09,1.615739136244087604e-02,-1.560078644278965498e+01
7.160276666666666985e+09,-7.247764210045914979e-03,-1.564805658624465323e+01
7.160340000000000000e+09,3.679922349373043744e-02,-1.562787458642272398e+01
7.160403333333333015e+09,4.343390615514231001e-02,-1.564510489164349316e+01
7.160466666666666985e+09,1.649675112867399207e-02,-1.569590703455247294e+01
7.160530000000000000e+09,-3.260773030085317714e-03,-1.573952954659307935e+01
7.160593333333333015e+09,-4.564577702172556428e-03,-1.576469833914734409e+01
7.160656666666666985e+09,-2.844602495979842161e-03,-1.578684335182366638e+01
7.160720000000000000e+09,1.447747496551343716e-02,-1.579338626224435416e+01
7.160783333333333015e+09,3.681199437354365500e-02,-1.579491673071816749e+01
7.160846666666666985e+09,2.467958496794864232e-02,-1.583091412800627751e+01
7.160910000000000000e+09,-3.328130768606385459e-03,-1.588278683162501359e+01
7.160973333333333015e+09,2.093101632782001786e-02,-1.588239267241043073e+01
7.161036666666666985e+09,-2.984159498783434117e-02,-1.595703027160860010e+01
7.161100000000000000e+09,7.010422776108526932e-03,-1.594404324172683829e+01
7.161163333333333015e+09,2.874932500333216012e-02,-1.594616932738145820e+01
7.161226666666666985e+09,2.440596545234541281e-02,-1.597437767481495996e+01
7.161290000000000000e+09,1.906620442015238837e-02,-1.600358242372933404e+01
7.161353333333333015e+09,2.337425812143578696e-03,-1.604417619021918640e+01
7.161416666666666985e+09,4.851605804425673796e-03,-1.606552699810941931e+01
7.161480000000000000e+09,-7.877395908291617843e-03,-1.610212098770431766e+01
7.161543333333333015e+09,1.102989927050401775e-02,-1.610707868040769952e+01
7.161606666666666985e+09,1.105954276000176151e-02,-1.613091402480038283e+01
7.161670000000000000e+09,1.477079901848554755e-02,-1.615106775642407655e+01
7.161733333333333015e+09,3.002141268790836648e-03,-1.618670140205595231e+01
7.161796666666666985e+09,2.677910061065347236e-02,-1.618678943059627073e+01
7.161860000000000000e+09,-1.455417955228455185e-02,-1.625198769864138626e+01
7.161923333333333015e+09,6.655550377093533143e-03,-1.625464295659418923e+01
7.161986666666666985e+09,4.125588371933019971e-02,-1.624390761113446757e+01
7.162050000000000000e+09,-3.317627833627057043e-02,-1.634220476107191189e+01
7.162113333333333015e+09,-1.478524015055882046e-03,-1.633437199463287826e+01
7.162176666666666985e+09,1.460533579000511395e-02,-1.634215312271033227e+01
7.162240000000000000e+09,8.169680405249124533e-03,-1.637245376597693181e+01
7.162303333333333015e+09,6.007863706717131436e-03,-1.639848057055764485e+01
7.162366666666666985e+09,-1.459680829380261002e-02,-1.644295023044067960e+01
7.162430000000000000e+09,3.151178608669980008e-02,-1.642070662394202074e+01
7.162493333333333015e+09,1.344632022447456166e-02,-1.646263707768642703e+01
7.162556666666666985e+09,3.521155542401643856e-02,-1.646473683036940017e+01
7.162620000000000000e+09,4.287174410851690709e-03,-1.651952619926474242e+01
7.162683333333333015e+09,3.397243181609610474e-03,-1.654428111837583160e+01
7.162746666666666985e+09,2.132750593600363231e-02,-1.655021584350394903e+01
7.162810000000000000e+09,3.597176695523529588e-02,-1.655943657036689842e+01
7.162873333333333015e+09,1.965231809506917671e-03,-1.661730809339447390e+01
7.162936666666666985e+09,-2.322293238474770760e-03,-1.664546060632496705e+01
7.163000000000000000e+09,7.110268832576593923e-03,-1.665989303213609674e+01
7.163063333333333015e+09,-2.369173687452885702e-02,-1.671456002572504573e+01
7.163126666666666985e+09,1.750849816184185670e-02,-1.669722477857119003e+01
7.163190000000000000e+09,8.262772412830798885e-03,-1.673033549220238214e+01
7.163253333333333015e+09,2.692654899411195402e-02,-1.673553670350294453e+01
7.163316666666666985e+09,1.261953044372887689e-02,-1.677370870993584262e+01
7.163380000000000000e+09,4.872260604882683310e-02,-1.676147062221292572e+01
7.163443333333333015e+09,4.366647194202499804e-02,-1.679039174420190506e+01
7.163506666666666985e+09,1.926667472825371874e-02,-1.683865652929785739e+01
7.163570000000000000e+09,1.505507951303997061e-03,-1.688028268395698817e+01
7.163633333333333015e+09,2.507475104851764058e-02,-1.688057842874195202e+01
7.163696666666666985e+09,-2.002892432562930480e-02,-1.694954709199828002e+01
7.163760000000000000e+09,1.018031275518538337e-02,-1.694320284279964639e+01
7.163823333333333015e+09,1.175471535120919953e-02,-1.696549342808580008e+01
7.163886666666666985e+09,-6.143606709031246282e-03,-1.700725673802855553e+01
7.163950000000000000e+09,2.551466236770494334e-03,-1.702242665296460089e+01
7.164013333333333015e+09,1.295445505253667307e-02,-1.703588865203101221e+01
7.164076666666666985e+09,-3.201908549778664792e-02,-1.710472718046385054e+01
7.164140000000000000e+09,3.240514284230044950e-02,-1.706416794000560699e+01
7.164203333333333015e+09,-5.480528751650837194e-03,-1.712591859948173934e+01
7.164266666666666985e+09,2.698260830047871650e-02,-1.711732045031212479e+01
7.164330000000000000e+09,-1.897220159975532283e-02,-1.718714024809420238e+01
7.164393333333333015e+09,-4.446474611754069883e-03,-1.719647950898838218e+01
7.164456666666666985e+09,1.339691259696351722e-02,-1.720250110966217960e+01
7.164520000000000000e+09,1.384485442488525564e-02,-1.722591815571643536e+01
7.164583333333333015e+09,-6.584976574565359897e-03,-1.727021297459773308e+01
7.164646666666666985e+09,1.371524604241614043e-02,-1.727377773986326659e+01
7.164710000000000000e+09,2.123965367751168287e-03,-1.730923400842010906e+01
7.164773333333333015e+09,-6.424648072353988937e-02,-1.739946944239324722e+01
7.164836666666666985e+09,1.448283198882549527e-02,-1.734460511756339685e+01
7.164900000000000000e+09,8.568247348975432942e-03,-1.737438469008542441e+01
7.164963333333333015e+09,-1.736517931262682168e-02,-1.742418310462887376e+01
7.165026666666666985e+09,-4.059101891193961364e-03,-1.743474201508995591e+01
7.165090000000000000e+09,-2.590543848972615137e-02,-1.748045333957066561e+01
7.165153333333333015e+09,-2.871102308258599578e-03,-1.748128399127104515e+01
7.165216666666666985e+09,-1.457139826564457508e-02,-1.751684927511094259e+01
7.165280000000000000e+09,9.436920913369561958e-03,-1.751670594381410950e+01
7.165343333333333015e+09,-2.073159352882214534e-04,-1.755021516854494834e+01
7.165406666666666985e+09,1.351092812360832340e-02,-1.756036191236822930e+01
7.165470000000000000e+09,-1.660888120887449304e-02,-1.761434670958289317e+01
7.165533333333333015e+09,7.752744373210163076e-03,-1.761385007188298957e+01
7.165596666666666985e+09,3.505871633999646519e-02,-1.761040908779838077e+01
7.165660000000000000e+09,3.080602478820892998e-02,-1.763852676723234936e+01
7.165723333333333015e+09,-1.241572368527954495e-02,-1.770561350358801889e+01
7.165786666666666985e+09,-4.053652104585836469e-02,-1.775759928883110916e+01
7.165850000000000000e+09,-2.226644181249071153e-03,-1.774315439984834697e+01
7.165913333333333015e+09,-1.692058275121866018e-03,-1.776648480182439727e+01
7.165976666666666985e+09,1.639854033106402653e-02,-1.777225919110072638e+01
7.166040000000000000e+09,-2.616797031940620855e-03,-1.781513951634557813e+01
7.166103333333333015e+09,1.235228889466100100e-02,-1.782403541830115401e+01
7.166166666666666985e+09,-1.179039403726989121e-03,-1.786143173448205701e+01
7.166230000000000000e+09,-5.004009204270687405e-03,-1.788912169216444781e+01
7.166293333333333015e+09,-1.611643498315373790e-02,-1.792409910582550836e+01
7.166356666666666985e+09,3.607424251114821345e-03,-1.792824023447375481e+01
7.166420000000000000e+09,-1.312873935573577455e-02,-1.796884138596245251e+01
7.166483333333333015e+09,1.401675561748305654e-03,-1.797817595892714593e+01
7.166546666666666985e+09,6.033691954105080413e-03,-1.799740893041730416e+01
7.166610000000000000e+09,-7.699657272453919177e-03,-1.803500726752604422e+01
7.166673333333333015e+09,-2.543276512511383203e-02,-1.807660536326054768e+01
7.166736666666666985e+09,-1.903358718990943999e-02,-1.809407117320785829e+01
7.166800000000000000e+09,-1.191760414910802979e-02,-1.811082017804923794e+01
7.166863333333333015e+09,1.752173400485901311e-02,-1.810524582777711444e+01
7.166926666666666985e+09,3.914780568472053801e-02,-1.810748474397976793e+01
7.166990000000000000e+09,-1.443614100143975065e-02,-1.818493367854810572e+01
7.167053333333333015e+09,-1.702243707365980185e-02,-1.821138496250217287e+01
7.167116666666666985e+09,-1.487171709807455500e-02,-1.823309923040910263e+01
7.167180000000000000e+09,-2.014505969056301637e-02,-1.826223756088376859e+01
7.167243333333333015e+09,-1.280722765471864477e-03,-1.826723821184085850e+01
7.167306666666666985e+09,7.707720204486179227e-04,-1.828905170493711907e+01
7.167370000000000000e+09,1.306147804100277199e-02,-1.830062598679874242e+01
7.167433333333333015e+09,-1.351585990198955756e-02,-1.835106831262391580e+01
7.167496666666666985e+09,-1.974726938463078341e-02,-1.838116470998873808e+01
7.167560000000000000e+09,-4.161146460948828008e-02,-1.842689389309577308e+01
7.167623333333333015e+09,-2.410652521714595764e-02,-1.843325394158561181e+01
7.167686666666666985e+09,1.000440056664331223e-04,-1.843291236024531443e+01
7.167750000000000000e+09,-5.574819848284562340e-03,-1.846245221198110897e+01
7.167813333333333015e+09,1.353377815713940890e-02,-1.846720860185786606e+01
7.167876666666666985e+09,-2.031725077073431862e-02,-1.852492461866825479e+01
7.167940000000000000e+09,5.519746591968299754e-03,-1.852295260918739572e+01
7.168003333333333015e+09,-2.232593881615230202e-02,-1.857466328247769738e+01
7.168066666666666985e+09,5.132896904918027303e-03,-1.857106943463913851e+01
7.168130000000000000e+09,5.575606634174334886e-03,-1.859449171279172930e+01
7.168193333333333015e+09,-2.658763517174378421e-02,-1.865051994247982847e+01
7.168256666666666985e+09,3.828572970423493871e-03,-1.864396872222017265e+01
7.168320000000000000e+09,-1.785592748426978460e-02,-1.868951821055671303e+01
7.168383333333333015e+09,-7.078813998848687561e-03,-1.870260608495346943e+01
7.168446666666666985e+09,-3.591801595099752831e-04,-1.871975143899664573e+01
7.168510000000000000e+09,-1.312593098793612967e-02,-1.875638317770725294e+01
7.168573333333333015e+09,-5.591418287213656413e-03,-1.877271365288837401e+01
7.168636666666666985e+09,-2.503498947218574244e-02,-1.881602221195586111e+01
7.168700000000000000e+09,9.161687142221097702e-03,-1.880569052322363532e+01
7.168763333333333015e+09,-2.214399288834556501e-02,-1.886086119113604553e+01
7.168826666666666985e+09,-9.728958526110886851e-03,-1.887231114465632587e+01
7.168890000000000000e+09,-4.120268409057104009e-02,-1.892764985810296707e+01
7.168953333333333015e+09,-1.779123980150743023e-02,-1.892810340169574701e+01
7.169016666666666985e+09,-1.894461779816936087e-02,-1.895312176757492395e+01
7.169080000000000000e+09,1.023075664673100960e-02,-1.894781138101220463e+01
7.169143333333333015e+09,-1.108440396036769471e-02,-1.899299152950148084e+01
7.169206666666666985e+09,-2.289407399128506881e-02,-1.902866618741457927e+01
7.169270000000000000e+09,-1.189664919183996972e-02,-1.904153375049731522e+01
7.169333333333333015e+09,6.778269557159433134e-04,-1.905282426223193681e+01
7.169396666666666985e+09,-1.974262786694680472e-02,-1.909710970493678062e+01
7.169460000000000000e+09,2.428888688761787762e-03,-1.909880317626324953e+01
7.169523333333333015e+09,1.846626646054971843e-02,-1.910663078637364265e+01
7.169586666666666985e+09,1.975197029263853210e-03,-1.914698684368710957e+01
7.169650000000000000e+09,-1.634761512567450836e-02,-1.918917464372422543e+01
7.169713333333333015e+09,-3.363201142241223351e-02,-1.923032402790314421e+01
7.169776666666666985e+09,-7.010130940482639517e-03,-1.922756713530372963e+01
7.169840000000000000e+09,1.682562499541617740e-02,-1.922759636724967436e+01
7.169903333333333015e+09,8.823031804677583523e-03,-1.925946394832259401e+01
7.169966666666666985e+09,-1.119374676425977100e-02,-1.930334571477404637e+01
7.170030000000000000e+09,-1.093453750538131430e-02,-1.932695149339701146e+01
7.170093333333333015e+09,-1.579106816278041947e-02,-1.935567301193659162e+01
7.170156666666666985e+09,4.128615717672090568e-03,-1.935961831593865412e+01
7.170220000000000000e+09,2.083277687795259681e-03,-1.938552864185037450e+01
7.170283333333333015e+09,-3.612662477105388348e-02,-1.944760353219140470e+01
7.170346666666666985e+09,2.339819723026792531e-02,-1.941194369807259790e+01
7.170410000000000000e+09,-1.266960047104603859e-02,-1.947187648365608936e+01
7.170473333333333015e+09,9.626348863083222795e-03,-1.947344552220380720e+01
7.170536666666666985e+09,-1.543288637673612129e-02,-1.952236974532613800e+01
7.170600000000000000e+09,9.367927692672139983e-03,-1.952143391913891080e+01
7.170663333333333015e+09,-1.705688878495337235e-02,-1.957172372349838341e+01
7.170726666666666985e+09,2.224233251897800301e-02,-1.955628949007696349e+01
7.170790000000000000e+09,1.291676235552685625e-02,-1.958948004812259569e+01
7.170853333333333015e+09,-9.054155208627179263e-03,-1.963531595356859327e+01
7.170916666666666985e+09,-2.506571597107765115e-02,-1.967519250221355875e+01
7.170980000000000000e+09,6.359977800208582721e-03,-1.966763179632445357e+01
7.171043333333333015e+09,-1.228117222144220477e-02,-1.971013793422828542e+01
7.171106666666666985e+09,1.751873894608380056e-02,-1.970420301094293691e+01
7.171170000000000000e+09,4.434944981674959763e-03,-1.974115179278952681e+01
7.171233333333333015e+09,9.559028911354516822e-04,-1.976849582276224382e+01
7.171296666666666985e+09,4.218786421283482468e-03,-1.978909792711427684e+01
7.171360000000000000e+09,-2.933326471179498185e-02,-1.984651496612953636e+01
7.171423333333333015e+09,-2.150972186203503611e-02,-1.986255641116195392e+01
7.171486666666666985e+09,-3.140727099865259220e-02,-1.989631894818075253e+01
7.171550000000000000e+09,1.107972715570326727e-02,-1.987769693790857772e+01
7.171613333333333015e+09,-1.542920910335254803e-02,-1.992807086204981104e+01
7.171676666666666985e+09,-2.980914828689407159e-02,-1.996631578911586757e+01
7.171740000000000000e+09,1.002230208005983059e-02,-1.995034932663076077e+01
7.171803333333333015e+09,3.852753921513851765e-03,-1.998038386267148425e+01
7.171866666666666985e+09,-4.414993836832081797e-03,-2.001251659831234520e+01
7.171930000000000000e+09,-4.245053029595879934e-03,-2.003621164538695254e+01
7.171993333333333015e+09,-4.161170497669175461e-02,-2.009744328521622947e+01
7.172056666666666985e+09,-4.397075045865506127e-03,-2.008409364316791823e+01
7.172120000000000000e+09,8.268579822381383337e-03,-2.009529297618151489e+01
7.172183333333333015e+09,-1.394206327756108976e-02,-2.014136860716363842e+01
7.172246666666666985e+09,8.050827114129077700e-03,-2.014324070465446326e+01
7.172310000000000000e+09,-1.066679043970353291e-02,-2.018582331009047692e+01
7.172373333333333015e+09,-2.151043217027037713e-02,-2.022053193970288731e+01
7.172436666666666985e+09,-3.151084205235932245e-02,-2.025439733746749127e+01
7.172500000000000000e+09,-1.278073176065319672e-02,-2.025953221505796265e+01
7.172563333333333015e+09,-4.481473196417340432e-03,-2.027509794437557389e+01
7.172626666666666985e+09,-2.301295607098552409e-02,-2.031749441513265708e+01
7.172690000000000000e+09,-2.708569002365379674e-03,-2.032105501594621444e+01
7.172753333333333015e+09,-5.111059568533704578e-02,-2.039332203051103320e+01
7.172816666666666985e+09,-2.088265322556992487e-02,-2.038695907593378109e+01
7.172880000000000000e+09,1.604688811767118750e-02,-2.037389452247271748e+01
7.172943333333333015e+09,-4.309886016606512271e-02,-2.045690525863863485e+01
7.173006666666666985e+09,6.117418814675090744e-03,-2.043155396754007569e+01
7.173070000000000000e+09,-1.146858411401652234e-02,-2.047300495835094480e+01
7.173133333333333015e+09,-2.134643618629539219e-02,-2.050674779830540473e+01
7.173196666666666985e+09,-4.533512342494105951e-02,-2.055460147342622790e+01
7.173260000000000000e+09,-2.056686576637289932e-02,-2.055369820364984079e+01
7.173323333333333015e+09,-1.061694760067766197e-02,-2.056761327336632661e+01
7.173386666666666985e+09,1.962952005957419033e-03,-2.057889836164186903e+01
7.173450000000000000e+09,-1.191729106009731254e-02,-2.061664359259010482e+01
7.173513333333333015e+09,2.727534410922771713e-03,-2.062586375500126579e+01
7.173576666666666985e+09,-1.409953631118909811e-02,-2.066655581360588911e+01
7.173640000000000000e+09,-1.033897531439720296e-02,-2.068666024049094432e+01
7.173703333333333015e+09,-1.232843247394299624e-02,-2.071251468553266761e+01
7.173766666666666985e+09,-1.540056290000890726e-02,-2.073945180384124853e+01
7.173830000000000000e+09,-2.012829778936264802e-02,-2.076804452661244937e+01
7.173893333333333015e+09,-5.897457967932950851e-03,-2.077767867467319718e+01
7.173956666666666985e+09,-1.612166182566454609e-02,-2.081176786641344378e+01
7.174020000000000000e+09,-6.052587593842062574e-02,-2.088003706840804696e+01
7.174083333333333015e+09,-2.625496430278673188e-02,-2.086963114465459057e+01
7.174146666666666985e+09,-1.442947209151768106e-02,-2.088167064032583653e+01
7.174210000000000000e+09,-1.170647440275374151e-02,-2.090281263051925364e+01
7.174273333333333015e+09,-1.241788669578980375e-02,-2.092738903069413325e+01
7.174336666666666985e+09,-2.459900856672447844e-02,-2.096343514044758294e+01
7.174400000000000000e+09,-2.485959257418812740e-02,-2.098756071233722764e+01
7.174463333333333015e+09,-3.170823834505398509e-02,-2.101827434598993705e+01
7.174526666666666985e+09,-3.202537064266053335e-02,-2.104245646617005860e+01
7.174590000000000000e+09,-3.951280502821674645e-03,-2.103824736391240080e+01
7.174653333333333015e+09,-1.669640833375041211e-02,-2.107485747962517308e+01
7.174716666666666985e+09,-2.358237945948715719e-02,-2.110560843863342484e+01
7.174780000000000000e+09,-5.477985335215862506e-02,-2.116067090040827736e+01
7.174843333333333015e+09,-3.177041648060452417e-02,-2.116152645141856681e+01
7.174906666666666985e+09,-3.251875766532563716e-02,-2.118613978048580293e+01
7.174970000000000000e+09,-2.433362884453416086e-02,-2.120181963954718896e+01
7.175033333333333015e+09,-1.120390780488023097e-02,-2.121255490638971608e+01
7.175096666666666985e+09,-2.016834417193180684e-02,-2.124538433063894871e+01
7.175160000000000000e+09,-2.916562583363813133e-02,-2.127824660018283254e+01
7.175223333333333015e+09,-2.541579945515337613e-02,-2.129836176168652884e+01
7.175286666666666985e+09,-1.812299768950964562e-02,-2.131493394780306616e+01
7.175350000000000000e+09,5.549613664275199199e-03,-2.131512632433145882e+01
7.175413333333333015e+09,-3.049164040620766514e-02,-2.137503256628412274e+01
7.175476666666666985e+09,-2.065484094822878092e-02,-2.138906075470865886e+01
7.175540000000000000e+09,-3.065185490791577649e-02,-2.142292275655018940e+01
7.175603333333333015e+09,-4.619949399890899144e-02,-2.146233538352336367e+01
7.175666666666666985e+09,-2.405221156269377047e-02,-2.146405308896966346e+01
7.175730000000000000e+09,-1.605383294482010115e-03,-2.146547124858329525e+01
7.175793333333333015e+09,-4.789468211848912915e-02,-2.153562553528948342e+01
7.175856666666666985e+09,-4.296639502599930438e-02,-2.155456223607950861e+01
7.175920000000000000e+09,-4.258744004209447098e-02,-2.157804826897744732e+01
7.175983333333333015e+09,-1.494379961941660895e-02,-2.157426961643695051e+01
7.176046666666666985e+09,-1.276629444212673548e-02,-2.159595709914217210e+01
7.176110000000000000e+09,4.519175031774125273e-03,-2.160253661755045229e+01
7.176173333333333015e+09,-2.180755112357957159e-02,-2.165272833158764954e+01
7.176236666666666985e+09,-2.440264901314037616e-02,-2.167918841735972535e+01
7.176300000000000000e+09,-4.000518041720368956e-02,-2.171865593664596972e+01
7.176363333333333015e+09,-4.090670901529591674e-03,-2.170660641501213917e+01
7.176426666666666985e+09,-1.802354859544053056e-02,-2.174440428058856511e+01
7.176490000000000000e+09,-5.248281428717049835e-02,-2.180272853416247614e+01
7.176553333333333015e+09,-3.426528141738316435e-02,-2.180837598917453235e+01
7.176616666666666985e+09,-4.573088411848047485e-02,-2.184370657975814467e+01
7.176680000000000000e+09,-3.434035435986615425e-02,-2.185618103788171140e+01
7.176743333333333015e+09,-3.063755291233505318e-02,-2.187634322431602385e+01
7.176806666666666985e+09,-2.468864205707532733e-02,-2.189425930134327913e+01
7.176870000000000000e+09,-2.465520626266126669e-02,-2.191809085343104613e+01
7.176933333333333015e+09,-1.127714603894247603e-02,-2.192857778108950484e+01
7.176996666666666985e+09,-8.243807200550179459e-03,-2.194940943013329360e+01
7.177060000000000000e+09,-4.241593890090555874e-02,-2.200744654971583003e+01
7.177123333333333015e+09,-4.195846922548085445e-02,-2.203085406792258283e+01
7.177186666666666985e+09,-3.555280258992965514e-02,-2.204831338916921268e+01
7.177250000000000000e+09,-3.126590083484614979e-02,-2.206789147529631023e+01
7.177313333333333015e+09,-1.445179126009676907e-02,-2.207494235360373835e+01
7.177376666666666985e+09,-1.132048077186098567e-02,-2.209567603099801758e+01
7.177440000000000000e+09,-3.218214551073828034e-02,-2.214040268361873842e+01
7.177503333333333015e+09,-3.560416197950289074e-02,-2.216768968796968409e+01
7.177566666666666985e+09,-3.469508682359645491e-02,-2.219064560069629266e+01
7.177630000000000000e+09,-7.552561488154196923e-02,-2.225534111663608172e+01
7.177693333333333015e+09,-3.548495359990511133e-02,-2.223916544323662592e+01
7.177756666666666985e+09,-5.268674143622931183e-02,-2.228023221895546513e+01
7.177820000000000000e+09,-1.874165457062204609e-02,-2.227015211997170141e+01
7.177883333333333015e+09,-4.611756521632770500e-02,-2.232139301849958812e+01
7.177946666666666985e+09,-8.772954771774976734e-03,-2.230791339593755040e+01
7.178010000000000000e+09,-4.075024755731249115e-02,-2.236375567660493147e+01
7.178073333333333015e+09,-2.338989417372161483e-02,-2.237026031110352164e+01
7.178136666666666985e+09,-5.045571393220882328e-02,-2.242119111874452386e+01
7.178200000000000000e+09,-4.172955710771475424e-03,-2.239877334840526402e+01
7.178263333333333015e+09,-2.734229853265190968e-02,-2.244580767910898800e+01
7.178326666666666985e+09,-5.626019171558027665e-02,-2.249859056017443493e+01
7.178390000000000000e+09,-9.344520352927077056e-02,-2.255964055987030292e+01
7.178453333333333015e+09,-3.458580604851135831e-02,-2.252464615027138706e+01
7.178516666666666985e+09,-3.732897200628215728e-02,-2.255125430411167642e+01
7.178580000000000000e+09,-3.678822333839093517e-02,-2.257457854332596270e+01
7.178643333333333015e+09,-3.515596689103972494e-02,-2.259681127476045503e+01
7.178706666666666985e+09,-2.182044946924932560e-02,-2.260734074522118320e+01
7.178770000000000000e+09,-5.223167205630829812e-02,-2.266161695569041967e+01
7.178833333333333015e+09,-4.414133579053469703e-02,-2.267739160730682357e+01
7.178896666666666985e+09,-1.332305093749752700e-02,-2.267043831033596746e+01
7.178960000000000000e+09,-5.460526948446542406e-02,-2.273558551676511641e+01
7.179023333333333015e+09,-2.145374582408976494e-02,-2.272629898098691825e+01
7.179086666666666985e+09,-3.929292038412057764e-02,-2.276800314342913012e+01
7.179150000000000000e+09,-4.596185987924172878e-02,-2.279853707080643233e+01
7.179213333333333015e+09,-3.615221648965771806e-02,-2.281259241529902582e+01
7.179276666666666985e+09,-5.649535710360709118e-02,-2.285680054379549375e+01
7.179340000000000000e+09,-5.672471328026418291e-02,-2.288089488785399439e+01
7.179403333333333015e+09,-5.151120778738871309e-02,-2.289954637024329642e+01
7.179466666666666985e+09,-5.408281302133488566e-02,-2.292598296335975760e+01
7.179530000000000000e+09,-3.983611889446692089e-02,-2.293560125711473674e+01
7.179593333333333015e+09,-6.384896986719112988e-02,-2.298347909596963845e+01
7.179656666666666985e+09,-7.323685268377744251e-02,-2.301673196666873977e+01
7.179720000000000000e+09,-6.038034314879325848e-02,-2.302774044501560269e+01
7.179783333333333015e+09,-5.922022366481982658e-02,-2.305044531341380676e+01
7.179846666666666985e+09,-6.544866017461714591e-02,-2.308053873780611909e+01
7.179910000000000000e+09,-5.865031233869544280e-02,-2.309760537785204448e+01
7.179973333333333015e+09,-7.937258989116457997e-02,-2.314219264328669112e+01
7.180036666666666985e+09,-1.039703538851988185e-01,-2.319065539516324037e+01
7.180100000000000000e+09,-7.289702038096734782e-02,-2.318344704954118995e+01
7.180163333333333015e+09,-9.315583097289703574e-02,-2.322757084801496319e+01
7.180226666666666985e+09,-6.535329204285744709e-02,-2.322363329696743861e+01
7.180290000000000000e+09,-7.023092858013058049e-02,-2.325237592138689280e+01
7.180353333333333015e+09,-1.156980829056060145e-01,-2.332170806359421178e+01
7.180416666666666985e+09,-1.048895570060182081e-01,-2.333476452557713543e+01
7.180480000000000000e+09,-1.206259080032445752e-01,-2.337436586445654640e+01
7.180543333333333015e+09,-1.565697515572850307e-01,-2.343417469589243041e+01
7.180606666666666985e+09,-1.769711556294595312e-01,-2.347844108784711636e+01
7.180670000000000000e+09,-1.442707543507495416e-01,-2.346960567445059098e+01
7.180733333333333015e+09,-1.477640362617655967e-01,-2.349696394424378454e+01
7.180796666666666985e+09,-1.716770868713375364e-01,-2.354474198273553398e+01
7.180860000000000000e+09,-1.627010668220840728e-01,-2.355963095056846157e+01
7.180923333333333015e+09,-2.014073312193467302e-01,-2.362220220284790528e+01
7.180986666666666985e+09,-2.095732954369751155e-01,-2.365423315494771117e+01
7.181050000000000000e+09,-1.410867556453858640e-01,-2.360961160303830297e+01
7.181113333333333015e+09,-1.582277620387699812e-01,-2.365061759731386815e+01
7.181176666666666985e+09,-1.313129487486079938e-01,-2.364756777190588366e+01
7.181240000000000000e+09,-2.606180927669896619e-01,-2.380073790380644638e+01
7.181303333333333015e+09,1.654168167188743155e-01,-2.339856798220276346e+01
7.181366666666666985e+09,3.998339645964428257e-01,-2.318801582220770641e+01
7.181430000000000000e+09,3.288603676712789081e-01,-2.328285440701471742e+01
7.181493333333333015e+09,2.395699126621302355e-01,-2.339600984990604715e+01
7.181556666666666985e+09,1.427887436165811152e-01,-2.351665600683410773e+01
7.181620000000000000e+09,1.094592582093092403e-01,-2.357385048012322670e+01
7.181683333333333015e+09,1.185748254638205879e-01,-2.358859990075089641e+01
7.181746666666666985e+09,1.321708753702779404e-01,-2.359886883872695051e+01
7.181810000000000000e+09,1.091542746454088331e-01,-2.364575042733366317e+01
7.181873333333333015e+09,7.220587004123757424e-02,-2.370656381982001903e+01
7.181936666666666985e+09,5.015901460637550713e-02,-2.375247566313739256e+01
7.182000000000000000e+09,4.156860490618186077e-02,-2.378493106071976726e+01
7.182063333333333015e+09,5.347739444686894217e-02,-2.379688725906092372e+01
7.182126666666666985e+09,4.769145030687838016e-02,-2.382653819108342930e+01
7.182190000000000000e+09,4.157807079244690840e-02,-2.385651655848003827e+01
7.182253333333333015e+09,4.023775490260206311e-02,-2.388172186225173022e+01
7.182316666666666985e+09,7.409508417377708156e-02,-2.387172952086307021e+01
7.182380000000000000e+09,2.143993387604226086e-02,-2.394824965904298253e+01
7.182443333333333015e+09,1.261304251782036090e-02,-2.398094153828305153e+01
7.182506666666666985e+09,7.974486509287004310e-03,-2.400944508217409989e+01
7.182570000000000000e+09,-6.641620633764944159e-03,-2.404792617719932935e+01
7.182633333333333015e+09,2.354681395935998012e-02,-2.404160273048838548e+01
7.182696666666666985e+09,1.988081893250281951e-02,-2.406913371339742369e+01
7.182760000000000000e+09,1.158990537870252524e-02,-2.410128961483340149e+01
7.182823333333333015e+09,1.103061522519865889e-02,-2.412571389286908641e+01
7.182886666666666985e+09,-1.586931990365059164e-02,-2.417647881588011671e+01
7.182950000000000000e+09,-3.008793678528576265e-03,-2.418748327753717220e+01
7.183013333333333015e+09,2.477137381058724941e-02,-2.418356809793023743e+01
7.183076666666666985e+09,-4.166077175558058343e-03,-2.423637053679856379e+01
7.183140000000000000e+09,2.711097885428159771e-02,-2.422895846865090164e+01
7.183203333333333015e+09,5.537498765679771395e-03,-2.427439693662168452e+01
7.183266666666666985e+09,3.580434559715683918e-02,-2.426799507767272246e+01
7.183330000000000000e+09,-3.143004940941196423e-02,-2.435909446056113481e+01
7.183393333333333015e+09,2.228099418355000694e-02,-2.432924840485035389e+01
7.183456666666666985e+09,-7.628542253542036633e-03,-2.438302292916996095e+01
7.183520000000000000e+09,-2.318901356203895148e-02,-2.442244838836030141e+01
7.183583333333333015e+09,1.467575417953881356e-02,-2.440844860850090114e+01
7.183646666666666985e+09,-3.949435587710325990e-03,-2.445093878615066885e+01
7.183710000000000000e+09,-1.614299162658028308e-02,-2.448699733007138235e+01
7.183773333333333015e+09,-3.280780930026949704e-02,-2.452752713562724907e+01
7.183836666666666985e+09,-4.703721760431989196e-03,-2.452328803596993012e+01
7.183900000000000000e+09,-4.070373312693220669e-03,-2.454651967540436885e+01
7.183963333333333015e+09,1.037661238548537312e-03,-2.456527662873497064e+01
7.184026666666666985e+09,-2.699488409985661974e-02,-2.461717416195589436e+01
7.184090000000000000e+09,-1.143104543350759172e-02,-2.462547531117172284e+01
7.184153333333333015e+09,1.391540800991464266e-03,-2.463651771281906733e+01
7.184216666666666985e+09,-1.820965927371531734e-02,-2.467998390077629267e+01
7.184280000000000000e+09,-3.106765153071577856e-02,-2.471670688091547063e+01
7.184343333333333015e+09,1.963172808178370587e-02,-2.468987248918481470e+01
7.184406666666666985e+09,-3.305127219859471666e-02,-2.476642047734770813e+01
7.184470000000000000e+09,-8.351482995827552713e-04,-2.475806934133087722e+01
7.184533333333333015e+09,1.132765595808749026e-02,-2.476977152495538448e+01
7.184596666666666985e+09,-5.333779546031536256e-03,-2.481029794834168456e+01
7.184660000000000000e+09,-1.117614563479918388e-02,-2.484000530231263326e+01
7.184723333333333015e+09,4.601479508078654135e-03,-2.484809266505193293e+01
7.184786666666666985e+09,-4.730601872019235543e-02,-2.492386515116238499e+01
7.184850000000000000e+09,-2.102545392250831924e-02,-2.492144957424688201e+01
7.184913333333333015e+09,-3.981197322353580148e-04,-2.492468722793878655e+01
7.184976666666666985e+09,-4.896172086503725041e-03,-2.495305026817523597e+01
7.185040000000000000e+09,-1.214434653351759152e-02,-2.498416343050443089e+01
7.185103333333333015e+09,-2.019078373863791853e-02,-2.501607485559172872e+01
7.185166666666666985e+09,-2.093224734888110561e-02,-2.504068130708448692e+01
7.185230000000000000e+09,-3.532492305037138181e-02,-2.507893897066782429e+01
7.185293333333333015e+09,1.233231334088458198e-02,-2.505514672215874583e+01
7.185356666666666985e+09,-2.675684584004045519e-02,-2.511810086922218588e+01
7.185420000000000000e+09,1.227376871082341836e-02,-2.510293524255316910e+01
7.185483333333333015e+09,-1.604288562908351423e-02,-2.515511688477525354e+01
7.185546666666666985e+09,-5.213883817845399449e-02,-2.521507782520713903e+01
7.185610000000000000e+09,-2.285090722388005702e-02,-2.520965488213441219e+01
7.185673333333333015e+09,-1.194287568504392993e-02,-2.522261183847775357e+01
7.185736666666666985e+09,-1.037002593919211790e-02,-2.524490397661441321e+01
7.185800000000000000e+09,-1.753466565395811472e-02,-2.527593360421136381e+01
7.185863333333333015e+09,-4.847042819202229680e-02,-2.533073435463127154e+01
7.185926666666666985e+09,-2.244648242042046604e-02,-2.532857539674218117e+01
7.185990000000000000e+09,-4.174850144540442898e-02,-2.537174240364934974e+01
7.186053333333333015e+09,-5.499655861246921518e-02,-2.540885544869825807e+01
7.186116666666666985e+09,-2.102860263208583547e-02,-2.539875248060038615e+01
7.186180000000000000e+09,-2.783659071679878139e-02,-2.542942545656728015e+01
7.186243333333333015e+09,-1.166572197135451461e-02,-2.543711957570368298e+01
7.186306666666666985e+09,-5.157837147035593262e-02,-2.550089721308519586e+01
7.186370000000000000e+09,-4.065305739256430684e-02,-2.551383688688958529e+01
7.186433333333333015e+09,9.762801491806527565e-03,-2.548728601588739551e+01
7.186496666666666985e+09,-1.385861499621299231e-02,-2.553477242025759253e+01
7.186560000000000000e+09,-2.260814706626135262e-02,-2.556738694020982194e+01
7.186623333333333015e+09,-2.744711777068076231e-02,-2.559609089879642241e+01
7.186686666666666985e+09,-6.464253396586627787e-03,-2.559897302230450578e+01
7.186750000000000000e+09,-4.125848078331628699e-02,-2.565763223757341649e+01
7.186813333333333015e+09,-2.063246668380713800e-02,-2.566087121135608839e+01
7.186876666666666985e+09,-5.076819764870776908e-02,-2.571487193020316653e+01
7.186940000000000000e+09,-3.704060146372611939e-02,-2.572500932190036593e+01
7.187003333333333015e+09,-3.236422849439790639e-02,-2.574419793681321877e+01
7.187066666666666985e+09,-5.780349976909704424e-02,-2.579350219597042937e+01
7.187130000000000000e+09,-3.643248889053296580e-02,-2.579599617297370884e+01
7.187193333333333015e+09,-4.654936669936304838e-02,-2.582997803866472353e+01
7.187256666666666985e+09,-5.564344440562152272e-02,-2.586293710425349346e+01
7.187320000000000000e+09,-4.373471195469491590e-02,-2.587489335968441040e+01
7.187383333333333015e+09,-2.228963681588780332e-02,-2.587731327242778789e+01
7.187446666666666985e+09,-2.871656403596745122e-02,-2.590760518753037900e+01
7.187510000000000000e+09,-4.647023568334773813e-02,-2.594922384705960283e+01
7.187573333333333015e+09,-2.036452532079735533e-02,-2.594698312457923350e+01
7.187636666666666985e+09,-6.345809084992026783e-02,-2.601394167799087143e+01
7.187700000000000000e+09,-1.452987013635720359e-02,-2.598887844515948586e+01
7.187763333333333015e+09,-3.589889138768498356e-02,-2.603411245429266074e+01
7.187826666666666985e+09,-1.798812996310417134e-02,-2.604006668075059494e+01
7.187890000000000000e+09,-2.788621885564168679e-03,-2.604873216055523244e+01
7.187953333333333015e+09,-4.484438237536636507e-02,-2.611465290892688174e+01
7.188016666666666985e+09,-3.762900399566859733e-02,-2.613130251842969898e+01
7.188080000000000000e+09,-7.568913847223868174e-02,-2.619322764078844656e+01
7.188143333333333015e+09,-2.208782655785412885e-02,-2.616349131675590911e+01
7.188206666666666985e+09,-3.059938919489724185e-02,-2.619586786727546723e+01
7.188270000000000000e+09,-2.179793730867984891e-02,-2.621093140327142734e+01
7.188333333333333015e+09,-1.761885852027589294e-02,-2.623061731236487049e+01
7.188396666666666985e+09,-3.550535967137946614e-02,-2.627236880139848907e+01
7.188460000000000000e+09,-4.300744265934497435e-02,-2.630373587226863208e+01
7.188523333333333015e+09,-1.592214742990094578e-02,-2.630051556492136910e+01
7.188586666666666985e+09,-5.815057565569858866e-02,-2.636660898102934780e+01
7.188650000000000000e+09,-1.456697883135404936e-04,-2.633246906304414026e+01
7.188713333333333015e+09,-2.044003964632068460e-02,-2.637662842078432845e+01
7.188776666666666985e+09,-3.336188882887114460e-02,-2.641341525784905997e+01
7.188840000000000000e+09,-6.100135971614761843e-02,-2.646491971661851395e+01
7.188903333333333015e+09,-2.210750733606658969e-02,-2.644989085212061042e+01
7.188966666666666985e+09,-2.808173710074512996e-02,-2.647973006976780752e+01
7.189030000000000000e+09,-5.285095082493285190e-02,-2.652836427137383879e+01
7.189093333333333015e+09,-4.886112005870657526e-02,-2.654823942848979001e+01
7.189156666666666985e+09,-2.752138762974354336e-02,-2.655076468394334555e+01
7.189220000000000000e+09,-3.169497063263193581e-02,-2.657880325482807748e+01
7.189283333333333015e+09,-3.523957475727357291e-02,-2.660621284683489662e+01
7.189346666666666985e+09,-3.535342672552133081e-02,-2.663019168668566294e+01
7.189410000000000000e+09,-4.569672307613004136e-02,-2.666439997091811520e+01
7.189473333333333015e+09,-5.951392974968783278e-02,-2.670208216547385049e+01
7.189536666666666985e+09,-4.204867969674097594e-02,-2.670848190330342220e+01
7.189600000000000000e+09,-2.685960491493588620e-02,-2.671715781640379461e+01
7.189663333333333015e+09,-5.172806654571360241e-02,-2.676589126591641588e+01
7.189726666666666985e+09,-3.217429043152364443e-02,-2.677020247768474093e+01
7.189790000000000000e+09,-2.345071111622232252e-02,-2.678534388625162066e+01
7.189853333333333015e+09,-4.671178856956714753e-02,-2.683246995158680903e+01
7.189916666666666985e+09,-5.655346046619769140e-02,-2.686617661136595459e+01
7.189980000000000000e+09,-1.642395597104240323e-02,-2.684991209475298035e+01
7.190043333333333015e+09,-3.948961873639333930e-02,-2.689684274540017483e+01
7.190106666666666985e+09,-5.940275542952733190e-02,-2.694062086997582384e+01
7.190170000000000000e+09,-1.781204245550327414e-02,-2.692289514488398083e+01
7.190233333333333015e+09,-3.104222211829110734e-02,-2.695999031242861221e+01
7.190296666666666985e+09,-4.492287298888086866e-02,-2.699773595118171698e+01
7.190360000000000000e+09,-3.863089313770373678e-02,-2.701530895921272091e+01
7.190423333333333015e+09,-7.241746474053201155e-02,-2.707296051869772668e+01
7.190486666666666985e+09,-3.075071505708493191e-02,-2.705515875689646066e+01
7.190550000000000000e+09,-3.545007600454042063e-02,-2.708372310572609720e+01
7.190613333333333015e+09,-2.753298410084425996e-02,-2.709967100170457854e+01
7.190676666666666985e+09,-2.471803771337732769e-02,-2.712072104319928911e+01
7.190740000000000000e+09,-2.779920410677050313e-02,-2.714766719747486690e+01
7.190803333333333015e+09,-5.423388895387759590e-02,-2.719796687020415149e+01
7.190866666666666985e+09,-6.376323489726232197e-02,-2.723136120403005123e+01
7.190930000000000000e+09,-5.512257899004424644e-02,-2.724658553600468025e+01
7.190993333333333015e+09,-6.672368818910356936e-02,-2.728205163308591708e+01
7.191056666666666985e+09,-2.093283282547986346e-03,-2.724128621606187650e+01
7.191120000000000000e+09,-5.187044459260548024e-02,-2.731492836525377754e+01
7.191183333333333015e+09,-3.410335015455601138e-02,-2.732102625869790913e+01
7.191246666666666985e+09,-1.915759928180094107e-02,-2.732994549570766551e+01
7.191310000000000000e+09,-6.049611049905934124e-02,-2.739514899480677101e+01
7.191373333333333015e+09,-5.267997653912814826e-02,-2.741119784872902088e+01
7.191436666666666985e+09,-3.092741615361305207e-02,-2.741331027622601724e+01
7.191500000000000000e+09,-2.415096803068550457e-02,-2.743039881598493679e+01
7.191563333333333015e+09,-5.257299237769785805e-02,-2.748268582821413020e+01
7.191626666666666985e+09,-3.059395429447064885e-02,-2.748457177801341444e+01
7.191690000000000000e+09,-1.853327340440102944e-02,-2.749637608500552588e+01
7.191753333333333015e+09,-2.220044871855009205e-03,-2.750392784435482696e+01
7.191816666666666985e+09,-6.120315070888437958e-02,-2.758677593807436779e+01
7.191880000000000000e+09,-3.392498761060380730e-02,-2.758336276285826827e+01
7.191943333333333015e+09,-4.506631316259301911e-02,-2.761836907629210458e+01
7.192006666666666985e+09,-2.778271829740930343e-02,-2.762495046930943232e+01
7.192070000000000000e+09,-5.788523029947256759e-02,-2.767891796919367664e+01
7.192133333333333015e+09,-1.049872709523924641e-02,-2.765539645387129042e+01
7.192196666666666985e+09,-2.283674728116125152e-02,-2.769159946193972388e+01
7.192260000000000000e+09,-6.807098286649448937e-02,-2.776069868540723817e+01
7.192323333333333015e+09,-3.625906822686886244e-02,-2.775275175864979360e+01
7.192386666666666985e+09,-1.809443280926004149e-02,-2.775845211111436228e+01
7.192450000000000000e+09,-4.198602591696953823e-02,-2.780620869210424928e+01
7.192513333333333015e+09,-4.552398097479226635e-02,-2.783361163504425662e+01
7.192576666666666985e+09,1.139373566065415844e-03,-2.781081326838557644e+01
7.192640000000000000e+09,-8.024043519408863290e-02,-2.791605806502790799e+01
7.192703333333333015e+09,-4.376232017551728859e-02,-2.790344493789152125e+01
7.192766666666666985e+09,-6.630310318115206769e-02,-2.794985070877966749e+01
7.192830000000000000e+09,-4.479402095243756321e-02,-2.795220661443279653e+01
7.192893333333333015e+09,-4.125998717312029385e-02,-2.797253756853566031e+01
7.192956666666666985e+09,-3.343165936698611063e-02,-2.798857422861204114e+01
7.193020000000000000e+09,-6.371184152970599257e-02,-2.804271939865660457e+01
7.193083333333333015e+09,-4.877704694255413642e-03,-2.800775024970333504e+01
7.193146666666666985e+09,-7.400898754760021347e-03,-2.803413843164635466e+01
7.193210000000000000e+09,-2.380636098032695713e-02,-2.807440888175376514e+01
7.193273333333333015e+09,-4.767515781797015961e-03,-2.807923502443741626e+01
7.193336666666666985e+09,-5.569627509478536354e-02,-2.815402877163291961e+01
7.193400000000000000e+09,-4.276963672011646622e-02,-2.816496712114009426e+01
7.193463333333333015e+09,-3.147393155867206360e-03,-2.814920986545802606e+01
7.193526666666666985e+09,-3.525582589131204259e-02,-2.820518328607598590e+01
7.193590000000000000e+09,-4.667922186976269927e-02,-2.824047166993661406e+01
7.193653333333333015e+09,-3.714315895676634227e-02,-2.825480059490546481e+01
7.193716666666666985e+09,-7.034680958551930985e-02,-2.831186923341673278e+01
7.193780000000000000e+09,-4.238685221428184491e-02,-2.830777426392767282e+01
7.193843333333333015e+09,-2.948927515367927299e-02,-2.831874167474891379e+01
7.193906666666666985e+09,-7.454574249702972111e-03,-2.832057196172745606e+01
7.193970000000000000e+09,-1.935442968120426599e-02,-2.835633680504113485e+01
7.194033333333333015e+09,-3.927065832487741659e-02,-2.840011802156665155e+01
7.194096666666666985e+09,-3.772772554744108220e-02,-2.842244007667173378e+01
7.194160000000000000e+09,-3.136490405647762714e-02,-2.843994224306294782e+01
7.194223333333333015e+09,-2.511805703730729533e-02,-2.845756038392595855e+01
7.194286666666666985e+09,-4.062506503804996782e-02,-2.849693237980888227e+01
7.194350000000000000e+09,-3.025675599404564764e-02,-2.851042905864705546e+01
7.194413333333333015e+09,-2.738002694138330639e-02,-2.853141731747657062e+01
7.194476666666666985e+09,-3.965472103431011419e-04,-2.852829882562771502e+01
7.194540000000000000e+09,-4.138513289516154714e-02,-2.859315239919471097e+01
7.194603333333333015e+09,-1.331960885794458704e-02,-2.858895186303967151e+01
7.194666666666666985e+09,-4.096323980633442829e-02,-2.864046048187024240e+01
7.194730000000000000e+09,-3.965405633130814067e-02,-2.866301628627739717e+01
7.194793333333333015e+09,-1.692764439872362914e-02,-2.866415486222699016e+01
7.194856666666666985e+09,-5.483069887905145379e-02,-2.872592290458983655e+01
7.194920000000000000e+09,-5.384505266128769563e-02,-2.874880224625391634e+01
7.194983333333333015e+09,-2.885313129243982644e-02,-2.874767531276724597e+01
7.195046666666666985e+09,-5.619166093821448271e-02,-2.879887883029553564e+01
7.195110000000000000e+09,-5.940910194949111656e-02,-2.882596125918865937e+01
7.195173333333333015e+09,-6.496048648542895876e-02,-2.885537763160677471e+01
7.195236666666666985e+09,-4.093872441520574057e-02,-2.885522085741906650e+01
7.195300000000000000e+09,-2.961674761231591901e-02,-2.886776386849802378e+01
7.195363333333333015e+09,-1.734456943959017394e-02,-2.887935667820747554e+01
7.195426666666666985e+09,-4.021868492201363665e-02,-2.892609578157241401e+01
7.195490000000000000e+09,-3.106182016798797463e-02,-2.894080390470056940e+01
7.195553333333333015e+09,-3.130117335172855064e-02,-2.896490824576615353e+01
7.195616666666666985e+09,-2.727626336116983907e-02,-2.898474832365810983e+01
7.195680000000000000e+09,-2.275444156472516966e-02,-2.900409148974384621e+01
7.195743333333333015e+09,-2.533967990025587369e-02,-2.903054171596122046e+01
7.195806666666666985e+09,-5.345347086512575174e-02,-2.908252049480860535e+01
7.195870000000000000e+09,-6.415019421800849386e-02,-2.911708220604366915e+01
7.195933333333333015e+09,-8.195699542582701724e-03,-2.908499269925008690e+01
7.195996666666666985e+09,-4.722744438483772456e-02,-2.914788943197485693e+01
7.196060000000000000e+09,-1.803840774911691369e-02,-2.914256538322131718e+01
7.196123333333333015e+09,-2.432071268513169571e-02,-2.917271267603950946e+01
7.196186666666666985e+09,-1.757896995289698339e-02,-2.918983592118945225e+01
7.196250000000000000e+09,-1.475431474032262713e-02,-2.921087625385906250e+01
7.196313333333333015e+09,-2.260348983478621676e-02,-2.924259041683570359e+01
7.196376666666666985e+09,-6.634341379771768743e-02,-2.931019532868081257e+01
7.196440000000000000e+09,-3.194697982971916872e-02,-2.929966388259499510e+01
7.196503333333333015e+09,-3.181386060524715731e-02,-2.932339575125270414e+01
7.196566666666666985e+09,-6.322527143716172304e-03,-2.932176940567335066e+01
7.196630000000000000e+09,-4.048686101137022320e-02,-2.937979872742318577e+01
7.196693333333333015e+09,-2.946572881858600113e-02,-2.939264258311258260e+01
7.196756666666666985e+09,-1.441809960961748516e-02,-2.940145994178612554e+01
7.196820000000000000e+09,-2.759469297197725268e-02,-2.943850152303033241e+01
7.196883333333333015e+09,-4.486717619214530828e-02,-2.947963899413268152e+01
7.196946666666666985e+09,-3.578672916520631020e-02,-2.949442353498825398e+01
7.197010000000000000e+09,-3.309434196274807505e-02,-2.951559613566764284e+01
7.197073333333333015e+09,-5.225774594136822770e-02,-2.955862452752844405e+01
7.197136666666666985e+09,-2.123113083897720799e-02,-2.955146290030856449e+01
7.197200000000000000e+09,-3.659163600894643764e-02,-2.959068839336038081e+01
7.197263333333333015e+09,-5.526764538063488885e-02,-2.963322939061425032e+01
7.197326666666666985e+09,-3.962227374692162130e-02,-2.964144900686304851e+01
7.197390000000000000e+09,-3.031163896641686506e-02,-2.965600335996472481e+01
7.197453333333333015e+09,-3.060594470964517200e-02,-2.968016265358980021e+01
7.197516666666666985e+09,-3.813956777154103861e-02,-2.971156126453420754e+01
7.197580000000000000e+09,-2.604690864995973243e-02,-2.972333359329480729e+01
7.197643333333333015e+09,-5.158559589226996422e-02,-2.977273726841896462e+01
7.197706666666666985e+09,-2.149138847625309268e-02,-2.976650804888545920e+01
7.197770000000000000e+09,-2.379379376972678983e-02,-2.979267544206111396e+01
7.197833333333333015e+09,-5.335352233210954864e-02,-2.984610015850534026e+01
7.197896666666666985e+09,-6.251677567222557741e-02,-2.987912839972797130e+01
7.197960000000000000e+09,-4.142838168242235497e-02,-2.988190499362034558e+01
7.198023333333333015e+09,-3.886894412480401684e-02,-2.990321054394491185e+01
7.198086666666666985e+09,-3.930979461737393876e-02,-2.992751638231965927e+01
7.198150000000000000e+09,-4.289096637270262136e-02,-2.995496254195716546e+01
7.198213333333333015e+09,-3.181980712082577156e-02,-2.996775637058746966e+01
7.198276666666666985e+09,-4.652064988131243695e-02,-3.000632220123013738e+01
7.198340000000000000e+09,-3.494858528632960315e-02,-3.001861512451733205e+01
7.198403333333333015e+09,-1.038049921308115131e-02,-3.001791202632626465e+01
7.198466666666666985e+09,-3.073707023206395661e-02,-3.006213358522742851e+01
7.198530000000000000e+09,-7.661315608040908387e-02,-3.013187465895795114e+01
7.198593333333333015e+09,-2.574821963776940947e-02,-3.010487471039749252e+01
7.198656666666666985e+09,-3.288665955332348290e-02,-3.013587813819556160e+01
7.198720000000000000e+09,-3.989109974900628686e-02,-3.016674756627308795e+01
7.198783333333333015e+09,-3.129538040628432327e-02,-3.018201683481254705e+01
7.198846666666666985e+09,-5.948715761264722346e-02,-3.023407359990142496e+01
7.198910000000000000e+09,-2.450811555859999658e-02,-3.022295954572922128e+01
7.198973333333333015e+09,-1.712749262028268049e-02,-3.023944391067308501e+01
7.199036666666666985e+09,-4.756714587498578339e-02,-3.029374855181030313e+01
7.199100000000000000e+09,-4.015869125710480603e-02,-3.031020508507426570e+01
7.199163333333333015e+09,-2.580103964140789685e-02,-3.031971242134074984e+01
7.199226666666666985e+09,-4.003420425663506421e-02,-3.035781057383849202e+01
7.199290000000000000e+09,-3.896668658073565439e-02,-3.038060804404477011e+01
7.199353333333333015e+09,-2.830104649766340685e-02,-3.039380739184354496e+01
7.199416666666666985e+09,-3.998716915288014206e-02,-3.042935850238127671e+01
7.199480000000000000e+09,-2.661597017471351023e-02,-3.043985229128528758e+01
7.199543333333333015e+09,-2.390498400671603463e-02,-3.046100629299913365e+01
7.199606666666666985e+09,-4.108293253538519707e-02,-3.050204922941032137e+01
7.199670000000000000e+09,-4.866026226623887396e-02,-3.053349154702335255e+01
7.199733333333333015e+09,-3.609034655845277939e-02,-3.054478661919741000e+01
7.199796666666666985e+09,-2.466889797804228124e-02,-3.055723015849951452e+01
7.199860000000000000e+09,-5.139890282762138440e-02,-3.060782515123127467e+01
7.199923333333333015e+09,-4.845260264508155501e-02,-3.062874383893091235e+01
7.199986666666666985e+09,-5.292762585697019517e-02,-3.065708385002498204e+01
7.200050000000000000e+09,-8.237666482965977366e-03,-3.063625887853315888e+01
7.200113333333333015e+09,-3.357309031473931782e-02,-3.068545929024710972e+01
7.200176666666666985e+09,-1.697594187382023279e-02,-3.069272712968837169e+01
7.200240000000000000e+09,-4.492545595333297115e-02,-3.074454163165006548e+01
7.200303333333333015e+09,-5.332345601071253327e-02,-3.077680461958962255e+01
7.200366666666666985e+09,-3.072112719037889406e-02,-3.077806727865146996e+01
7.200430000000000000e+09,-2.884640780758829237e-02,-3.080005754715086042e+01
7.200493333333333015e+09,-8.462688316427247059e-02,-3.087970301038972210e+01
7.200556666666666985e+09,-2.595064941884217546e-02,-3.084489176452680681e+01
7.200620000000000000e+09,-4.064437553291710969e-02,-3.088345047852272884e+01
7.200683333333333015e+09,-4.284695794448367678e-02,-3.090951804881647291e+01
7.200746666666666985e+09,-5.315918305200639793e-02,-3.094369526180651064e+01
7.200810000000000000e+09,-2.274733247332605401e-02,-3.093714839910967740e+01
7.200873333333333015e+09,-3.815695866995127972e-02,-3.097642301318848013e+01
7.200936666666666985e+09,-4.459524490685495834e-02,-3.100672628730789882e+01
7.201000000000000000e+09,-4.596956576933663996e-02,-3.103196559605222760e+01
7.201063333333333015e+09,-4.628429838920666839e-02,-3.105614531655427513e+01
7.201126666666666985e+09,-1.126886043030950191e-02,-3.104499486647789297e+01
7.201190000000000000e+09,-4.221004678559125978e-02,-3.109980104071535578e+01
7.201253333333333015e+09,-3.483537291164751082e-02,-3.111629135472325558e+01
7.201316666666666985e+09,-4.838284035156092955e-02,-3.115370381004568401e+01
7.201380000000000000e+09,-3.631016634244232932e-02,-3.116549612391874646e+01
7.201443333333333015e+09,-6.211677432852980019e-02,-3.121516771978667748e+01
7.201506666666666985e+09,-3.782979309234235643e-02,-3.121474572643300505e+01
7.201570000000000000e+09,-6.214130532748640690e-02,-3.126292222655032660e+01
7.201633333333333015e+09,-6.600085876634054216e-02,-3.129064676787102783e+01
7.201696666666666985e+09,-5.685440858294654731e-02,-3.130536530557014530e+01
7.201760000000000000e+09,-7.430569450484370009e-02,-3.134668157937422350e+01
7.201823333333333015e+09,-2.328436220963325809e-02,-3.131952523496086016e+01
7.201886666666666985e+09,-4.488478047187527409e-02,-3.136499064110561363e+01
7.201950000000000000e+09,-3.447224268727211438e-02,-3.137844309120319153e+01
7.202013333333333015e+09,-5.953835345017566283e-02,-3.142737418984827613e+01
7.202076666666666985e+09,-5.146588681693842204e-02,-3.144316671109721639e+01
7.202140000000000000e+09,-5.161034038371070665e-02,-3.146717615254616973e+01
7.202203333333333015e+09,-3.789738560166355796e-02,-3.147732818564630364e+01
7.202266666666666985e+09,-1.713322023781671533e-02,-3.148042900816463430e+01
7.202330000000000000e+09,-7.037414604236857940e-02,-3.155753492185136722e+01
7.202393333333333015e+09,-3.041437902660248938e-02,-3.154144014271778218e+01
7.202456666666666985e+09,-3.617588794623216586e-02,-3.157106663951992331e+01
7.202520000000000000e+09,-3.460972835221909349e-02,-3.159336546780775734e+01
7.202583333333333015e+09,-2.741981778524049673e-02,-3.161004054512295980e+01
7.202646666666666985e+09,-5.669051071300756917e-02,-3.166317622593323833e+01
7.202710000000000000e+09,-9.520996921128954682e-02,-3.172556067231336741e+01
7.202773333333333015e+09,-6.578412657879439962e-02,-3.171999981756305331e+01
7.202836666666666985e+09,-7.421992078629102707e-02,-3.175230059965306140e+01
7.202900000000000000e+09,-7.750345169904093723e-02,-3.177944911844765841e+01
7.202963333333333015e+09,-5.987060351978712447e-02,-3.178568125815058210e+01
7.203026666666666985e+09,-5.194431180362002465e-02,-3.180161995431693001e+01
7.203090000000000000e+09,-3.440674328701831541e-02,-3.180794737368250935e+01
7.203153333333333015e+09,-3.809162762199136409e-02,-3.183549724589932595e+01
7.203216666666666985e+09,-8.094660123557062548e-02,-3.190221720739542022e+01
7.203280000000000000e+09,-7.335023572725063445e-02,-3.191848582976928128e+01
7.203343333333333015e+09,-9.285178456218190490e-02,-3.196185236648605610e+01
7.203406666666666985e+09,-8.217710977582726173e-02,-3.197504267958221646e+01
7.203470000000000000e+09,-4.306266272651271265e-02,-3.195979322041507942e+01
7.203533333333333015e+09,-3.581026014125399115e-02,-3.197640580571166780e+01
7.203596666666666985e+09,-6.678078936229780993e-02,-3.203124132281522662e+01
7.203660000000000000e+09,-9.067856781336303129e-02,-3.207900408914846935e+01
7.203723333333333015e+09,-3.117883343598037982e-02,-3.204336934265293024e+01
7.203786666666666985e+09,-6.531472034936314230e-02,-3.210137021744883157e+01
7.203850000000000000e+09,-6.505872813756496953e-02,-3.212497921311921090e+01
7.203913333333333015e+09,-7.933416954646332897e-02,-3.216311964241028676e+01
7.203976666666666985e+09,-8.760384954891975440e-02,-3.219525431029492779e+01
7.204040000000000000e+09,-9.068309579326694347e-02,-3.222219854442145248e+01
7.204103333333333015e+09,-8.134720437736575605e-02,-3.223672764088773590e+01
7.204166666666666985e+09,-5.415833952955750874e-02,-3.223340376392210516e+01
7.204230000000000000e+09,-6.540184023207018527e-02,-3.226851225250679533e+01
7.204293333333333015e+09,-6.292230969554424291e-02,-3.228989770985244689e+01
7.204356666666666985e+09,-9.185579235796126341e-02,-3.234269618039738248e+01
7.204420000000000000e+09,-6.803563562168335466e-02,-3.234274101154294812e+01
7.204483333333333015e+09,-9.673630020871826218e-02,-3.239530666401216052e+01
7.204546666666666985e+09,-9.760794024935393054e-02,-3.242004329193531476e+01
7.204610000000000000e+09,-9.561637254380173090e-02,-3.244191671211160610e+01
7.204673333333333015e+09,-8.011939862699790638e-02,-3.245028472607697978e+01
7.204736666666666985e+09,-8.381674217868351207e-02,-3.247784705751118395e+01
7.204800000000000000e+09,-8.949466983465015346e-02,-3.250738997304899414e+01
7.204863333333333015e+09,-9.634124079925499018e-02,-3.253810153189577647e+01
7.204926666666666985e+09,-9.713286447770030918e-02,-3.256275814345674036e+01
7.204990000000000000e+09,-8.716907153873876268e-02,-3.257665933839962236e+01
7.205053333333333015e+09,-1.118228096415521122e-01,-3.262517806438461321e+01
7.205116666666666985e+09,-5.846225053903708613e-02,-3.259568249316461674e+01
7.205180000000000000e+09,-1.399071119473376257e-01,-3.270099234245509479e+01
7.205243333333333015e+09,-1.368820594590189899e-01,-3.272183227784861970e+01
7.205306666666666985e+09,-1.207479207981023706e-01,-3.272956312707022164e+01
7.205370000000000000e+09,-1.295915207271178815e-01,-3.276227171488141465e+01
7.205433333333333015e+09,-1.304899658221643222e-01,-3.278703514785830464e+01
7.205496666666666985e+09,-1.214074016765636088e-01,-3.280181757159522249e+01
7.205560000000000000e+09,-1.467308527271882213e-01,-3.285100601052802460e+01
7.205623333333333015e+09,-1.461545137516466752e-01,-3.287429465943432660e+01
7.205686666666666985e+09,-1.697502386731883917e-01,-3.292175537223837978e+01
7.205750000000000000e+09,-1.951386640963406194e-01,-3.297100878554371661e+01
7.205813333333333015e+09,-1.551866406753674710e-01,-3.295492175000492097e+01
7.205876666666666985e+09,-1.631050831724181194e-01,-3.298670518038415622e+01
7.205940000000000000e+09,-1.318865194170513178e-01,-3.297935160451096692e+01
7.206003333333333015e+09,-1.643169546666243264e-01,-3.303564702764271743e+01
7.206066666666666985e+09,-1.881190694420240561e-01,-3.308331413030029466e+01
7.206130000000000000e+09,-1.400937046199501879e-01,-3.305915375336040540e+01
7.206193333333333015e+09,-1.466257239111357080e-01,-3.308955076053376843e+01
7.206256666666666985e+09,-1.748263158414573581e-01,-3.314161634034660153e+01
7.206320000000000000e+09,-2.699615591135113846e-01,-3.326061657150050621e+01
7.206383333333333015e+09,-2.018241720508058279e-01,-3.321634417231997816e+01
7.206446666666666985e+09,2.807244309008396499e-01,-3.275766055725085124e+01
7.206510000000000000e+09,3.009715832894670484e-01,-3.276127839274406739e+01
7.206573333333333015e+09,2.495831349775556873e-01,-3.283653182893815625e+01
7.206636666666666985e+09,1.869767435315381476e-01,-3.292300320826668525e+01
7.206700000000000000e+09,1.823842325969380340e-01,-3.295146070708313601e+01
7.206763333333333015e+09,1.501327371193994509e-01,-3.300757719044285210e+01
7.206826666666666985e+09,8.520321188311186233e-02,-3.309637170356165115e+01
7.206890000000000000e+09,7.513399063821424306e-02,-3.313030591268839942e+01
7.206953333333333015e+09,9.161566508240071016e-02,-3.313768922612639045e+01
7.207016666666666985e+09,4.617917598442744520e-02,-3.320699070310687517e+01
7.207080000000000000e+09,2.929031703325790659e-02,-3.324774454994022932e+01
7.207143333333333015e+09,6.864666838912114599e-02,-3.323225318646620963e+01
7.207206666666666985e+09,1.469977441140457586e-02,-3.331006506832643765e+01
7.207270000000000000e+09,2.187241681907892143e-02,-3.332675741380094792e+01
7.207333333333333015e+09,4.681966568981010823e-02,-3.332567515281206028e+01
7.207396666666666985e+09,1.805771787352483670e-02,-3.337830208851085700e+01
7.207460000000000000e+09,6.895650797858365877e-03,-3.341332914346870098e+01
7.207523333333333015e+09,2.855671738915788183e-02,-3.341553306475925211e+01
7.207586666666666985e+09,-5.893548131929549072e-03,-3.347384831816285100e+01
7.207650000000000000e+09,8.433877236242892650e-03,-3.348338588067686317e+01
7.207713333333333015e+09,1.438412199263439106e-02,-3.350130062380264917e+01
7.207776666666666985e+09,-1.703696399373200165e-02,-3.355658669767119306e+01
7.207840000000000000e+09,-9.944761028322091079e-03,-3.357335948258796066e+01
7.207903333333333015e+09,1.096531725622185149e-03,-3.358618317771620099e+01
7.207966666666666985e+09,-7.781847581838974293e-03,-3.361892654490583965e+01
7.208030000000000000e+09,1.798300247691031473e-02,-3.361702668272926786e+01
7.208093333333333015e+09,-1.961155913559764485e-02,-3.367848623222396043e+01
7.208156666666666985e+09,5.166331297274950884e-04,-3.368222302784081279e+01
7.208220000000000000e+09,-1.080264415634246689e-02,-3.371740729300906025e+01
7.208283333333333015e+09,-2.438751479812140133e-02,-3.375485715153302380e+01
7.208346666666666985e+09,2.281315851206500156e-02,-3.373152146610534885e+01
7.208410000000000000e+09,-1.746664567023969994e-02,-3.379566625816949710e+01
7.208473333333333015e+09,-2.192316311268882600e-02,-3.382398776349413083e+01
7.208536666666666985e+09,-1.566370440112763163e-02,-3.384159329266508109e+01
7.208600000000000000e+09,-3.786319059332754478e-02,-3.388765776673912455e+01
7.208663333333333015e+09,-5.429591681624401645e-02,-3.392795548084422563e+01
7.208726666666666985e+09,1.223287576806342258e-03,-3.389630126433368673e+01
7.208790000000000000e+09,-2.290281077366529416e-02,-3.394429235056600191e+01
7.208853333333333015e+09,-2.106913876845339928e-02,-3.396632366644297463e+01
7.208916666666666985e+09,9.767239999817434182e-03,-3.395935227555721525e+01
7.208980000000000000e+09,-2.907303642011527245e-03,-3.399589180708122171e+01
7.209043333333333015e+09,3.442450597534474355e-02,-3.398242498534570899e+01
7.209106666666666985e+09,-4.671984632288683770e-03,-3.404538646383586098e+01
7.209170000000000000e+09,8.821991338720636122e-03,-3.405575747574702916e+01
7.209233333333333015e+09,-2.827247935390886369e-02,-3.411671693432150931e+01
7.209296666666666985e+09,-5.011486686809973889e-02,-3.416242430971821165e+01
7.209360000000000000e+09,-2.672762955860719103e-02,-3.416290206029089660e+01
7.209423333333333015e+09,-2.130960378110557940e-02,-3.418134902239523853e+01
7.209486666666666985e+09,1.655134575088368365e-03,-3.418224927192156315e+01
7.209550000000000000e+09,4.609437760798584804e-03,-3.420315995661803044e+01
7.209613333333333015e+09,-3.592680135694337196e-02,-3.426756118361794989e+01
7.209676666666666985e+09,-1.176546187435434376e-02,-3.426726483201754547e+01
7.209740000000000000e+09,-1.075401844929047002e-02,-3.429011837647465910e+01
7.209803333333333015e+09,-2.763706429545464971e-02,-3.433086641020300078e+01
7.209866666666666985e+09,-2.533865969186166467e-02,-3.435243299348159240e+01
7.209930000000000000e+09,-6.125064337837926587e-02,-3.441220996505028751e+01
7.209993333333333015e+09,-4.531557529146823526e-02,-3.442013988484555398e+01
7.210056666666666985e+09,-2.726323938475871955e-02,-3.442595253682102907e+01
7.210120000000000000e+09,-5.932205704147008873e-02,-3.448187634235991794e+01
7.210183333333333015e+09,-4.912711044118367454e-02,-3.449554638364180903e+01
7.210246666666666985e+09,-3.786795568771594844e-03,-3.447407105665191551e+01
7.210310000000000000e+09,-1.172998365877475635e-02,-3.450587923262376222e+01
7.210373333333333015e+09,-2.049545351516002256e-02,-3.453850969036232499e+01
7.210436666666666985e+09,-3.483384182705862031e-02,-3.457671306655674215e+01
7.210500000000000000e+09,-2.288033996047289520e-02,-3.458862455257199997e+01
7.210563333333333015e+09,-3.046614307237405228e-03,-3.459265581480094198e+01
7.210626666666666985e+09,-1.593189209074807877e-02,-3.462940608046697122e+01
7.210690000000000000e+09,-6.985007262869658007e-03,-3.464432418352093634e+01
7.210753333333333015e+09,-5.206194734903846211e-02,-3.471326611148928265e+01
7.210816666666666985e+09,-4.661701661245842843e-02,-3.473168616863522118e+01
7.210880000000000000e+09,-2.266893841796502329e-02,-3.473160307832290528e+01
7.210943333333333015e+09,-3.506604764243803629e-02,-3.476786517542922184e+01
7.211006666666666985e+09,-3.498927867548218273e-02,-3.479165339434478454e+01
7.211070000000000000e+09,-6.582891957753389534e-02,-3.484635802312901376e+01
7.211133333333333015e+09,-3.497365146235154043e-02,-3.483936774289567495e+01
7.211196666666666985e+09,-5.825917310929185078e-03,-3.483408499662677116e+01
7.211260000000000000e+09,-3.975485429699432416e-02,-3.489187892149501380e+01
7.211323333333333015e+09,-7.736687963031840809e-03,-3.488372574304289486e+01
7.211386666666666985e+09,-1.618347721318258436e-02,-3.491603752017555706e+01
7.211450000000000000e+09,-4.594378948290511744e-02,-3.496966282032746420e+01
7.211513333333333015e+09,-1.754825533403447935e-02,-3.496513227406077107e+01
7.211576666666666985e+09,-6.404253207469423614e-02,-3.503549153868360833e+01
7.211640000000000000e+09,-3.429908306639362081e-02,-3.502961307755749232e+01
7.211703333333333015e+09,-2.362555079430705973e-02,-3.504280453316758326e+01
7.211766666666666985e+09,3.359071571412641788e-02,-3.500945325454132728e+01
7.211830000000000000e+09,-4.041261098929993523e-02,-3.510732156912693824e+01
7.211893333333333015e+09,-1.843985465534814239e-02,-3.510921380067516395e+01
7.211956666666666985e+09,-5.233643766020890098e-02,-3.516697537156220221e+01
7.212020000000000000e+09,-6.562247087982342464e-02,-3.520412639266400134e+01
7.212083333333333015e+09,-1.599834797110588624e-02,-3.517836725763746131e+01
7.212146666666666985e+09,-2.300574117686693398e-02,-3.520923963872573381e+01
7.212210000000000000e+09,-3.278138152702325669e-02,-3.524288026695774079e+01
7.212273333333333015e+09,-3.578749362085886787e-02,-3.526975136693375390e+01
7.212336666666666985e+09,-2.162209043645191286e-02,-3.527945095163185840e+01
7.212400000000000000e+09,-1.389268548474120735e-02,-3.529558653456199835e+01
7.212463333333333015e+09,-5.819079385744885258e-04,-3.530614074489800913e+01
7.212526666666666985e+09,-5.605725534955752209e-03,-3.533502955037690185e+01
7.212590000000000000e+09,-3.879063080908196071e-02,-3.539207944353287161e+01
7.212653333333333015e+09,-3.283113143612581553e-02,-3.540998493204210007e+01
7.212716666666666985e+09,-1.664691464150536149e-02,-3.541766570312999107e+01
7.212780000000000000e+09,-2.249981285793722918e-02,-3.544738358922860755e+01
7.212843333333333015e+09,-8.292505331013444447e-03,-3.545704126958352731e+01
7.212906666666666985e+09,-3.706106054146118822e-02,-3.550967481267648651e+01
7.212970000000000000e+09,-1.835168262189768029e-02,-3.551483042263910761e+01
7.213033333333333015e+09,-3.473087599545721105e-02,-3.555507460389451069e+01
7.213096666666666985e+09,-3.800232229414746143e-02,-3.558221103807571239e+01
7.213160000000000000e+09,-1.389220771952182076e-02,-3.558196591138326426e+01
7.213223333333333015e+09,-3.883769630731137568e-02,-3.563077638785290446e+01
7.213286666666666985e+09,-3.858935506818994554e-02,-3.565439303449629449e+01
7.213350000000000000e+09,-2.503111345744457594e-02,-3.566469978076772662e+01
7.213413333333333015e+09,-3.375322919182366377e-02,-3.569728688438429032e+01
7.213476666666666985e+09,-2.965586597920122358e-02,-3.571705450905384538e+01
7.213540000000000000e+09,-4.099416616202233854e-02,-3.575225779711884400e+01
7.213603333333333015e+09,-4.055429148323952404e-02,-3.577568291032224579e+01
7.213666666666666985e+09,-9.293272523898110649e-03,-3.576828687924508188e+01
7.213730000000000000e+09,5.197944339123239388e-03,-3.577766065026423803e+01
7.213793333333333015e+09,-2.655443068579188548e-02,-3.583327801317133776e+01
7.213856666666666985e+09,-3.803690531456282997e-02,-3.586862547568228621e+01
7.213920000000000000e+09,-5.076104024139738158e-02,-3.590521459849129826e+01
7.213983333333333015e+09,-3.211560326170115331e-02,-3.591043414939378664e+01
7.214046666666666985e+09,-1.835659646941678602e-02,-3.592054013048401373e+01
7.214110000000000000e+09,-1.783808778931472716e-02,-3.594388660968575522e+01
7.214173333333333015e+09,-3.714490078667864736e-02,-3.598705841056530375e+01
7.214236666666666985e+09,-1.656826842097558483e-02,-3.599034676608211214e+01
7.214300000000000000e+09,-4.761559656126479467e-02,-3.604525908210424490e+01
7.214363333333333015e+09,-8.131109420112636599e-03,-3.602963958284527024e+01
7.214426666666666985e+09,-3.241202142340426917e-02,-3.607778548273108044e+01
7.214490000000000000e+09,-3.382986380281494121e-02,-3.610306831299233465e+01
7.214553333333333015e+09,-2.440679914023746733e-02,-3.611751023621193468e+01
7.214616666666666985e+09,-3.068842974585095362e-04,-3.611727530925167429e+01
7.214680000000000000e+09,-3.358573499073003177e-02,-3.617441914782712331e+01
7.214743333333333015e+09,-2.321094723342298494e-02,-3.618790934795165981e+01
7.214806666666666985e+09,-1.847751831562760572e-02,-3.620704090691638299e+01
7.214870000000000000e+09,1.828652418637943811e-03,-3.621059972406429495e+01
7.214933333333333015e+09,-4.067807493102293392e-02,-3.627697143929579937e+01
7.214996666666666985e+09,-2.821879109328051527e-02,-3.628837714334057551e+01
7.215060000000000000e+09,-3.436321064923220092e-02,-3.631838655077870470e+01
7.215123333333333015e+09,-4.355944035974346207e-02,-3.635144776837105951e+01
7.215186666666666985e+09,-3.726162141016686746e-02,-3.636901493730400148e+01
7.215250000000000000e+09,-6.220201172879313845e-02,-3.641782031550480525e+01
7.215313333333333015e+09,-2.841014457666091175e-02,-3.640789343623451657e+01
7.215376666666666985e+09,-5.095300267549873752e-02,-3.645430128221587296e+01
7.215440000000000000e+09,-4.662062190031690534e-02,-3.647383388932286863e+01
7.215503333333333015e+09,-3.623945665209049594e-02,-3.648731771195681972e+01
7.215566666666666985e+09,-2.861399735992620208e-02,-3.650355724054684003e+01
7.215630000000000000e+09,-3.285774231531490841e-02,-3.653166597338440624e+01
7.215693333333333015e+09,-1.826258768161892476e-03,-3.652449947771943073e+01
7.215756666666666985e+09,-2.521828429431849372e-02,-3.657175649112777194e+01
7.215820000000000000e+09,-4.578902472491819253e-02,-3.661619221944054914e+01
7.215883333333333015e+09,-5.123844662840326691e-02,-3.664550662922621171e+01
7.215946666666666985e+09,-2.166045604586486206e-02,-3.663979362652619187e+01
7.216010000000000000e+09,-4.630446575701796519e-02,-3.668830262411918852e+01
7.216073333333333015e+09,-4.268344143620339537e-02,-3.670854658768055145e+01
7.216136666666666985e+09,-1.441556313062619665e-02,-3.670414369725749282e+01
7.216200000000000000e+09,-3.590990673664151700e-02,-3.674950302874535168e+01
7.216263333333333015e+09,-2.473664548379872485e-02,-3.676219475537468639e+01
7.216326666666666985e+09,-3.170188369134052664e-02,-3.679302498146474676e+01
7.216390000000000000e+09,-1.162187454684016075e-02,-3.679680996020208994e+01
7.216453333333333015e+09,-3.471068566536672506e-02,-3.684376375920279401e+01
7.216516666666666985e+09,1.861874970856547407e-04,-3.683273187392286019e+01
7.216580000000000000e+09,-9.086941557271899228e-02,-3.694765246487484234e+01
7.216643333333333015e+09,-5.137308608205870541e-02,-3.693202112326602560e+01
7.216706666666666985e+09,-3.063557547118733737e-02,-3.693514860053766569e+01
7.216770000000000000e+09,-1.138843577145109975e-03,-3.692951685652580807e+01
7.216833333333333015e+09,-3.861593062389090392e-02,-3.699085893145439741e+01
7.216896666666666985e+09,-1.054040328292416007e-02,-3.698664839199594212e+01
7.216960000000000000e+09,-2.773054353401960270e-02,-3.702770352012922217e+01
7.217023333333333015e+09,-2.036052132185517394e-02,-3.704419848579890129e+01
7.217086666666666985e+09,-3.589527792924229743e-02,-3.708359823028879987e+01
7.217150000000000000e+09,-3.880060207173841036e-02,-3.711036854231348059e+01
7.217213333333333015e+09,-3.048286721020332379e-02,-3.712591579533378905e+01
7.217276666666666985e+09,-8.931310978155693192e-03,-3.712822922698425288e+01
7.217340000000000000e+09,9.797617686331250297e-04,-3.714218314211964866e+01
7.217403333333333015e+09,-6.545047928399583270e-02,-3.723247837105445512e+01
7.217466666666666985e+09,-2.438921961309148401e-02,-3.721528209926572828e+01
7.217530000000000000e+09,-3.917185046979909657e-02,-3.725392971800462050e+01
7.217593333333333015e+09,-2.046296874303266122e-02,-3.725908582416003156e+01
7.217656666666666985e+09,-3.687623022106123472e-02,-3.729936407352023764e+01
7.217720000000000000e+09,-2.729081492137197529e-02,-3.731364364610273299e+01
7.217783333333333015e+09,-2.747667791785346481e-02,-3.733769449698139198e+01
7.217846666666666985e+09,-3.542205109546614494e-02,-3.736950485804151612e+01
7.217910000000000000e+09,-3.490753502371291006e-02,-3.739285532985161353e+01
7.217973333333333015e+09,1.209095489400624501e-03,-3.738060368722067750e+01
7.218036666666666985e+09,-2.938906587709055884e-02,-3.743506683646968014e+01
7.218100000000000000e+09,-3.783025044086230082e-02,-3.746737300891529543e+01
7.218163333333333015e+09,-1.180443071765324703e-02,-3.746521217707427098e+01
7.218226666666666985e+09,-3.854473415636761047e-02,-3.751581746839549680e+01
7.218290000000000000e+09,-2.731844445570175139e-02,-3.752845616657667449e+01
7.218353333333333015e+09,-2.375773406979675428e-02,-3.754876044407295410e+01
7.218416666666666985e+09,-1.463515117659142106e-02,-3.756350284906226022e+01
7.218480000000000000e+09,-5.973728139823464289e-02,-3.763246996716574699e+01
7.218543333333333015e+09,-4.761939329967646017e-02,-3.764421706694937342e+01
7.218606666666666985e+09,-3.425911786105473311e-02,-3.765472177939326315e+01
7.218670000000000000e+09,-4.478954298111403887e-02,-3.768911719239549996e+01
7.218733333333333015e+09,-4.572294539809007574e-02,-3.771391558269432664e+01
7.218796666666666985e+09,-4.677998577360398258e-02,-3.773883761095235201e+01
7.218860000000000000e+09,-6.666570246572689484e-02,-3.778258831552665242e+01
7.218923333333333015e+09,-2.327528671040823838e-02,-3.776306288765318442e+01
7.218986666666666985e+09,-1.684539783902039289e-02,-3.778049798666430803e+01
7.219050000000000000e+09,-4.879357292473684993e-02,-3.783631114963220199e+01
7.219113333333333015e+09,-4.514756711060385896e-03,-3.781589732130037618e+01
7.219176666666666985e+09,-3.175260912380650780e-02,-3.786700016159563376e+01
7.219240000000000000e+09,-3.633615814246837772e-02,-3.789544869849647313e+01
7.219303333333333015e+09,-3.828965435843656451e-02,-3.792126718259462592e+01
7.219366666666666985e+09,-2.604430928091971964e-02,-3.793288682539928658e+01
7.219430000000000000e+09,-3.231923144314663432e-02,-3.796302673544369100e+01
7.219493333333333015e+09,7.542355880318041272e-03,-3.794703013600241093e+01
7.219556666666666985e+09,-9.441108252705276982e-02,-3.807284856229195924e+01
7.219620000000000000e+09,-4.626543606223521010e-02,-3.804856790370931918e+01
7.219683333333333015e+09,-3.393842351574960503e-02,-3.806010587904501818e+01
7.219746666666666985e+09,-2.991745424235148221e-02,-3.807994989765413152e+01
7.219810000000000000e+09,-2.410150865929239217e-02,-3.809799893995291598e+01
7.219873333333333015e+09,-5.678464935022731197e-02,-3.815454706852602840e+01
7.219936666666666985e+09,-2.861095521621592752e-02,-3.815023836227453558e+01
7.220000000000000000e+09,-3.191528303531043775e-02,-3.817740767797547363e+01
7.220063333333333015e+09,-2.938924218904759300e-02,-3.819874662501138829e+01
7.220126666666666985e+09,-3.987870476968424782e-02,-3.823310107547454351e+01
7.220190000000000000e+09,-3.156869197703571217e-02,-3.824865605056373852e+01
7.220253333333333015e+09,-2.008126921920450059e-02,-3.826103361568808481e+01
7.220316666666666985e+09,-5.350680840165011887e-02,-3.831832414275304899e+01
7.220380000000000000e+09,-3.024753385003009498e-02,-3.831892985608327251e+01
7.220443333333333015e+09,-3.233097014626196142e-02,-3.834487828026168188e+01
7.220506666666666985e+09,-3.123230276246857784e-02,-3.836764460076040706e+01
7.220570000000000000e+09,-6.134677798318222131e-02,-3.842162406386329820e+01
7.220633333333333015e+09,-2.065550076787303624e-02,-3.840479777452983257e+01
7.220696666666666985e+09,-2.832863514434791341e-02,-3.843633589678882601e+01
7.220760000000000000e+09,-3.384149477247433424e-02,-3.846571374429912993e+01
7.220823333333333015e+09,-4.278504832761598209e-02,-3.849852228573611512e+01
7.220886666666666985e+09,-2.345576039919450295e-02,-3.850305798569021221e+01
7.220950000000000000e+09,-1.936101057607686471e-02,-3.852282822374927207e+01
7.221013333333333015e+09,-2.837920509083602383e-02,-3.855571140614587478e+01
7.221076666666666985e+09,-4.896895954083646529e-02,-3.860016614847839378e+01
7.221140000000000000e+09,-2.166465849093412999e-02,-3.859672683531066895e+01
7.221203333333333015e+09,-2.096879146883878775e-02,-3.861989595617075111e+01
7.221266666666666985e+09,-4.386861246686635241e-02,-3.866666076505096328e+01
7.221330000000000000e+09,-3.826950720404909134e-02,-3.868492664767032352e+01
7.221393333333333015e+09,-3.605290324088628040e-03,-3.867412741867254056e+01
7.221456666666666985e+09,-4.620009349835640933e-02,-3.874058720972899295e+01
7.221520000000000000e+09,-4.189625458301549088e-02,-3.876014835869582953e+01
7.221583333333333015e+09,-1.680386841707104395e-02,-3.875892096041206258e+01
7.221646666666666985e+09,-4.596449795691626150e-02,-3.881194657783408530e+01
7.221710000000000000e+09,-5.067992952751865232e-02,-3.884052699728687230e+01
7.221773333333333015e+09,-4.616940169704264463e-02,-3.885988145733857380e+01
7.221836666666666985e+09,-3.567635455217299523e-02,-3.887325339807622271e+01
7.221900000000000000e+09,-9.141136013774087132e-03,-3.887058316741966735e+01
7.221963333333333015e+09,-2.896321869257434400e-02,-3.891427023798064511e+01
7.222026666666666985e+09,-4.444552074956931165e-02,-3.895361752792015153e+01
7.222090000000000000e+09,-1.071484890971419190e-02,-3.894375184396214706e+01
7.222153333333333015e+09,-1.934804692795211167e-02,-3.897625002986256249e+01
7.222216666666666985e+09,-6.144603835380735291e-02,-3.904221300917092918e+01
7.222280000000000000e+09,-5.848032142674242095e-02,-3.906311228012571490e+01
7.222343333333333015e+09,-4.879471168662519176e-02,-3.907729165826777518e+01
7.222406666666666985e+09,-7.505521617332533424e-03,-3.905986745608099397e+01
7.222470000000000000e+09,-3.805564416884976708e-02,-3.911428256651469582e+01
7.222533333333333015e+09,-2.303853026178614982e-02,-3.912313044048947575e+01
7.222596666666666985e+09,-2.522695442495859197e-02,-3.914918385253515964e+01
7.222660000000000000e+09,-2.833952396518668593e-02,-3.917616140995757235e+01
7.222723333333333015e+09,-4.565989922065938345e-02,-3.921734677309488859e+01
7.222786666666666985e+09,-4.631485161375792359e-02,-3.924186671337049859e+01
7.222850000000000000e+09,-5.587259183922554939e-02,-3.927528944147815082e+01
7.222913333333333015e+09,-6.631045840246230227e-02,-3.930959229592323112e+01
7.222976666666666985e+09,-5.126192664262418930e-02,-3.931840875204590446e+01
7.223040000000000000e+09,-4.782607441673292215e-02,-3.933883788770219780e+01
7.223103333333333015e+09,-4.596854167617436815e-02,-3.936084534284381675e+01
7.223166666666666985e+09,-6.886940823189746652e-02,-3.940761119728171735e+01
7.223230000000000000e+09,-6.334746081077469171e-02,-3.942595423774277918e+01
7.223293333333333015e+09,-5.564054339065194199e-02,-3.944211230820483394e+01
7.223356666666666985e+09,-5.440816516827595706e-02,-3.946474491786463545e+01
7.223420000000000000e+09,4.774031674088519139e-04,-3.943372433741112815e+01
7.223483333333333015e+09,-4.304145007143489465e-02,-3.950110817853215650e+01
7.223546666666666985e+09,-2.072120150296541397e-02,-3.950265291784586452e+01
7.223610000000000000e+09,-3.859155872051189817e-02,-3.954438826294558851e+01
7.223673333333333015e+09,-5.540326597343181447e-02,-3.958506495808069303e+01
7.223736666666666985e+09,-6.808287505336352297e-02,-3.962160955504313620e+01
7.223800000000000000e+09,-5.081246557652008278e-02,-3.962820413344813630e+01
7.223863333333333015e+09,-2.219783003345554562e-02,-3.962345448578725637e+01
7.223926666666666985e+09,-8.628868826512814394e-03,-3.963375051246282510e+01
7.223990000000000000e+09,-2.754227880087256608e-02,-3.967652891031902840e+01
7.224053333333333015e+09,-4.119572234829149693e-02,-3.971404734174863194e+01
7.224116666666666985e+09,-3.898132614141047725e-02,-3.973569793342426237e+01
7.224180000000000000e+09,-6.964333409968759270e-02,-3.979022492926438304e+01
7.224243333333333015e+09,-5.494475798505504827e-02,-3.979939134103193510e+01
7.224306666666666985e+09,-5.420425635688985722e-02,-3.982251582728628136e+01
7.224370000000000000e+09,-3.218210789763986668e-02,-3.982435866670920888e+01
7.224433333333333015e+09,-3.912345144685502873e-02,-3.985516499814027469e+01
7.224496666666666985e+09,-5.330648571948870540e-02,-3.989321302029541982e+01
7.224560000000000000e+09,-3.508571674966987075e-02,-3.989885723920777849e+01
7.224623333333333015e+09,-6.511635366333479169e-02,-3.995275286400329406e+01
7.224686666666666985e+09,-6.297752154029723215e-02,-3.997447901976276796e+01
7.224750000000000000e+09,-4.615676790677269992e-02,-3.998152325401142093e+01
7.224813333333333015e+09,-1.201517529348450353e-02,-3.997124664927997628e+01
7.224876666666666985e+09,-3.148588384260619932e-02,-4.001458234571161654e+01
7.224940000000000000e+09,-7.456939086511482628e-02,-4.008153084061630267e+01
7.225003333333333015e+09,-5.911370196142229361e-02,-4.008994013959479474e+01
7.225066666666666985e+09,-7.923192956012314880e-02,-4.013392335507567310e+01
7.225130000000000000e+09,-7.091740080598896157e-02,-4.014947381420371642e+01
7.225193333333333015e+09,-6.065812572781226208e-02,-4.016307952700771722e+01
7.225256666666666985e+09,-7.867799246601947516e-02,-4.020496438162810904e+01
7.225320000000000000e+09,-2.820784194345549167e-02,-4.017835921898772256e+01
7.225383333333333015e+09,-4.576557790975499529e-02,-4.021978194283619956e+01
7.225446666666666985e+09,-6.343133232081754613e-02,-4.026131268512944672e+01
7.225510000000000000e+09,-5.480580565014747663e-02,-4.027655214634095415e+01
7.225573333333333015e+09,-6.570503567036212189e-02,-4.031131636424334630e+01
7.225636666666666985e+09,-8.353163660528650780e-02,-4.035300795306078925e+01
7.225700000000000000e+09,-6.127911141307151865e-02,-4.035462041575041781e+01
7.225763333333333015e+09,-3.001255091307086786e-02,-4.034721884313259466e+01
7.225826666666666985e+09,-4.208355175848765839e-02,-4.038315483186053001e+01
7.225890000000000000e+09,9.636248556390114572e-03,-4.035530001942749578e+01
7.225953333333333015e+09,-1.511716432225540530e-02,-4.040391842018831881e+01
7.226016666666666985e+09,-6.316970271112154478e-02,-4.047583594645970351e+01
7.226080000000000000e+09,-6.683180732895266374e-02,-4.050336303895937817e+01
7.226143333333333015e+09,-1.069675514546730710e-02,-4.047109297465807032e+01
7.226206666666666985e+09,-6.776597603541034687e-02,-4.055202718343053192e+01
7.226270000000000000e+09,-5.986983204723372864e-02,-4.056799602732453280e+01
7.226333333333333015e+09,-5.506001793460768567e-02,-4.058705120109375031e+01
7.226396666666666985e+09,-6.573575632032202520e-02,-4.062159192736198321e+01
7.226460000000000000e+09,-1.080634315791684230e-02,-4.059052750208175553e+01
7.226523333333333015e+09,-6.088950192251019189e-02,-4.066447564872819243e+01
7.226586666666666985e+09,-5.923502157463644835e-02,-4.068668615626283724e+01
7.226650000000000000e+09,-4.984306552169215365e-02,-4.070115918809207045e+01
7.226713333333333015e+09,-6.314204467293649259e-02,-4.073832315512515834e+01
7.226776666666666985e+09,-4.071471744583021746e-02,-4.073976081578056352e+01
7.226840000000000000e+09,-7.200064117615312398e-02,-4.079491172739307103e+01
7.226903333333333015e+09,-7.436136863189091173e-02,-4.082113744273098632e+01
7.226966666666666985e+09,-3.787136543273561529e-02,-4.080851242741401563e+01
7.227030000000000000e+09,-7.231893213100448747e-02,-4.086682498199446201e+01
7.227093333333333015e+09,-4.778567266406952285e-02,-4.086615671040970454e+01
7.227156666666666985e+09,-4.031565469242082145e-02,-4.088255168032023334e+01
7.227220000000000000e+09,-6.694760859875970027e-02,-4.093304862210875683e+01
7.227283333333333015e+09,-5.835612213051177832e-02,-4.094832212352268641e+01
7.227346666666666985e+09,-7.483396120431251575e-02,-4.098866495047866465e+01
7.227410000000000000e+09,-5.418766676606168176e-02,-4.099188364392259842e+01
7.227473333333333015e+09,-5.434138703077451282e-02,-4.101590235206948876e+01
7.227536666666666985e+09,-2.805008056630242663e-02,-4.101347603348752813e+01
7.227600000000000000e+09,-9.134856170613403492e-02,-4.110063950250921039e+01
7.227663333333333015e+09,-7.158324199281906886e-02,-4.110473917067807292e+01
7.227726666666666985e+09,-2.692264083337647662e-02,-4.108394355740114179e+01
7.227790000000000000e+09,-7.836487730902064186e-02,-4.115925078175863661e+01
7.227853333333333015e+09,-9.667919738507180227e-02,-4.120143008971686527e+01
7.227916666666666985e+09,-9.866533782224706783e-02,-4.122728121803655199e+01
7.227980000000000000e+09,-4.485969753538654459e-02,-4.119734056563154212e+01
7.228043333333333015e+09,-8.891311289732328760e-02,-4.126525896887565636e+01
7.228106666666666985e+09,-5.442995686172480418e-02,-4.125464080072256934e+01
7.228170000000000000e+09,-7.314384457711042842e-02,-4.129721967632013957e+01
7.228233333333333015e+09,-5.894758777249364812e-02,-4.130688840739736634e+01
7.228296666666666985e+09,-4.660372519290234550e-02,-4.131840953270028649e+01
7.228360000000000000e+09,-1.064439884108594470e-01,-4.140211478380042820e+01
7.228423333333333015e+09,-6.623574380689234431e-02,-4.138577152707830464e+01
7.228486666666666985e+09,-1.022146453216024042e-01,-4.144561541647552616e+01
7.228550000000000000e+09,-6.643477569152622664e-02,-4.143370053472763459e+01
7.228613333333333015e+09,-9.866843669347957757e-02,-4.148979918361143149e+01
7.228676666666666985e+09,-9.251755983690657104e-02,-4.150751329463736994e+01
7.228740000000000000e+09,-8.666030276643255092e-02,-4.152552102544908053e+01
7.228803333333333015e+09,-6.853022499367966702e-02,-4.153125593555817119e+01
7.228866666666666985e+09,-9.242791028108143792e-02,-4.157901860872808442e+01
7.228930000000000000e+09,-1.012797840304315855e-01,-4.161173547035961207e+01
7.228993333333333015e+09,-1.169795941559925723e-01,-4.165130026836735766e+01
7.229056666666666985e+09,-9.614186018860237937e-02,-4.165432752228214497e+01
7.229120000000000000e+09,-1.149059688962239534e-01,-4.169695661887194404e+01
7.229183333333333015e+09,-9.347204502778083679e-02,-4.169938768288568554e+01
7.229246666666666985e+09,-9.564330985556068754e-02,-4.172542393559564289e+01
7.229310000000000000e+09,-1.170113053246311097e-01,-4.177065691894689081e+01
7.229373333333333015e+09,-1.161162038043386246e-01,-4.179362680530878293e+01
7.229436666666666985e+09,-1.171664666395813015e-01,-4.181854205602653707e+01
7.229500000000000000e+09,-1.437127050249742410e-01,-4.186895328229377355e+01
7.229563333333333015e+09,-1.628270426699955920e-01,-4.191193260782097951e+01
7.229626666666666985e+09,-1.935003080302237777e-01,-4.196647086106371916e+01
7.229690000000000000e+09,-1.599693817668708107e-01,-4.195680492268220974e+01
7.229753333333333015e+09,-2.005638693604794298e-01,-4.202126439815800296e+01
7.229816666666666985e+09,-2.019670973984091233e-01,-4.204653261407844411e+01
7.229880000000000000e+09,-2.112501103396127178e-01,-4.207968061490149125e+01
7.229943333333333015e+09,-2.286902243929773704e-01,-4.212098571683704051e+01
7.230006666666666985e+09,-2.345882781052424093e-01,-4.215074875843181701e+01
7.230070000000000000e+09,-2.964792980130113165e-01,-4.223650476622176342e+01
7.230133333333333015e+09,-3.940833937652286068e-01,-4.235797384985582426e+01
7.230196666666666985e+09,-4.666997533454022573e-01,-4.245445519731851647e+01
7.230260000000000000e+09,-8.218598730063320090e-02,-4.209380641915592491e+01
7.230323333333333015e+09,4.913818391108719652e-01,-4.154410358062626329e+01
7.230386666666666985e+09,3.761573228540697755e-01,-4.168319308476558405e+01
7.230450000000000000e+09,2.973561251499248215e-01,-4.178585927035190650e+01
7.230513333333333015e+09,2.191746720057636821e-01,-4.188790571137791119e+01
7.230576666666666985e+09,1.680991838854239973e-01,-4.196284618738076944e+01
7.230640000000000000e+09,1.486909760439587558e-01,-4.200611938310441218e+01
7.230703333333333015e+09,9.289741091968295450e-02,-4.208577793611053153e+01
7.230766666666666985e+09,6.426014043621108840e-02,-4.213828019447652196e+01
7.230830000000000000e+09,1.062201373318032438e-01,-4.212018518546310730e+01
7.230893333333333015e+09,9.578833353408811035e-02,-4.215448197714299994e+01
7.230956666666666985e+09,8.673050196696863168e-02,-4.218740479659230402e+01
7.231020000000000000e+09,3.612052223510175963e-02,-4.226187976420634840e+01
7.231083333333333015e+09,8.378548829431764489e-02,-4.223807978602931001e+01
7.231146666666666985e+09,5.703836693886898956e-02,-4.228869189526694328e+01
7.231210000000000000e+09,5.441611030844484276e-02,-4.231517913977954493e+01
7.231273333333333015e+09,4.095284824163769599e-02,-4.235250738972852957e+01
7.231336666666666985e+09,7.336753852651867192e-02,-4.234395768732616716e+01
7.231400000000000000e+09,5.741420852118750418e-02,-4.238377600521334188e+01
7.231463333333333015e+09,2.535996304712995197e-02,-4.243969523856957693e+01
7.231526666666666985e+09,5.501623583691639396e-02,-4.243390395366230905e+01
7.231590000000000000e+09,2.175259933583362226e-02,-4.249103257804523537e+01
7.231653333333333015e+09,2.753260163274973138e-02,-4.250911756363049676e+01
7.231716666666666985e+09,1.629750056347489817e-02,-4.254421765258229016e+01
7.231780000000000000e+09,4.771124846443797196e-02,-4.253666889256317063e+01
7.231843333333333015e+09,2.341721426098786196e-03,-4.260590340748368732e+01
7.231906666666666985e+09,3.088071407782422284e-02,-4.260122940271448044e+01
7.231970000000000000e+09,-1.762431160457111901e-02,-4.267359941627871933e+01
7.232033333333333015e+09,4.435499250161001328e-02,-4.263548510005471570e+01
7.232096666666666985e+09,1.065050653861732144e-02,-4.269305457390021985e+01
7.232160000000000000e+09,9.841035257650787571e-03,-4.271772903306337099e+01
7.232223333333333015e+09,2.678894267286580089e-02,-4.272464611352999952e+01
7.232286666666666985e+09,1.820424095750183824e-02,-4.275709580312788205e+01
7.232350000000000000e+09,8.712922640448539369e-03,-4.279045210932711285e+01
7.232413333333333015e+09,2.421350087635687487e-02,-4.279881651897304806e+01
7.232476666666666985e+09,-2.548204534015496847e-03,-4.284944321226593189e+01
7.232540000000000000e+09,-7.089028399740016084e-03,-4.287784902401384102e+01
7.232603333333333015e+09,7.417463589803219293e-03,-4.288720751990614133e+01
7.232666666666666985e+09,1.551095620457942914e-02,-4.290297901517387658e+01
7.232730000000000000e+09,3.356796928954963732e-02,-4.290878698997109097e+01
7.232793333333333015e+09,2.168812548326570777e-02,-4.294453182165955241e+01
7.232856666666666985e+09,3.241965768935983760e-03,-4.298684296925605963e+01
7.232920000000000000e+09,4.260601626512539042e-03,-4.300968932128066768e+01
7.232983333333333015e+09,-7.853325285005041678e-03,-4.304566823607436277e+01
7.233046666666666985e+09,3.063068735535523501e-03,-4.305861682993599970e+01
7.233110000000000000e+09,-2.704151447250069396e-02,-4.311258640102622053e+01
7.233173333333333015e+09,3.280161038716755684e-03,-4.310612971339718058e+01
7.233236666666666985e+09,9.229044861186253002e-03,-4.312404581745722254e+01
7.233300000000000000e+09,-1.404684589095950287e-02,-4.317118669609121895e+01
7.233363333333333015e+09,2.387503881105601522e-02,-4.315712979927138093e+01
7.233426666666666985e+09,-4.706656702076372767e-03,-4.320957648266702478e+01
7.233490000000000000e+09,-1.584970637382099312e-02,-4.324458452022062005e+01
7.233553333333333015e+09,-2.366286336233969223e-02,-4.327626266509131625e+01
7.233616666666666985e+09,2.380046656551115802e-02,-4.325266432304597686e+01
7.233680000000000000e+09,-1.555223548398743105e-02,-4.331588201297731899e+01
7.233743333333333015e+09,3.272182006404023014e-02,-4.329147294531147594e+01
7.233806666666666985e+09,-1.615955986648742737e-02,-4.336421931312451505e+01
7.233870000000000000e+09,8.954335944054037100e-03,-4.336297040519582424e+01
7.233933333333333015e+09,-1.476598763147762838e-03,-4.339726632778520354e+01
7.233996666666666985e+09,-2.339435353926688776e-02,-4.344304907044383413e+01
7.234060000000000000e+09,-2.543936580394046132e-02,-4.346895907059069231e+01
7.234123333333333015e+09,1.419516717074031931e-02,-4.345318952549785507e+01
7.234186666666666985e+09,7.535284565705069326e-04,-4.349049615209453634e+01
7.234250000000000000e+09,3.180760719516939616e-02,-4.348330706123811495e+01
7.234313333333333015e+09,1.639882827705463342e-02,-4.352258082803808037e+01
7.234376666666666985e+09,3.417197225169843477e-02,-4.352867267194594803e+01
7.234440000000000000e+09,-1.339037112909124971e-02,-4.360010000320891521e+01
7.234503333333333015e+09,8.000520268332422802e-03,-4.360257409969334219e+01
7.234566666666666985e+09,3.326060751339099397e-02,-4.360117900033079508e+01
7.234630000000000000e+09,1.506250862756530751e-02,-4.364324208709879827e+01
7.234693333333333015e+09,-2.935566936864830723e-02,-4.371152525297719649e+01
7.234756666666666985e+09,-3.194044597908174410e-02,-4.373797501746980743e+01
7.234820000000000000e+09,2.904050358226584194e-02,-4.370085905579063734e+01
7.234883333333333015e+09,-1.750842379843220442e-02,-4.377127297105352000e+01
7.234946666666666985e+09,3.249474154429776718e-03,-4.377438006098283552e+01
7.235010000000000000e+09,-4.218440891077079868e-02,-4.384367893193021359e+01
7.235073333333333015e+09,-1.705905194889112408e-03,-4.382706541609651651e+01
7.235136666666666985e+09,2.437792300482044539e-02,-4.382484657577898446e+01
7.235200000000000000e+09,-1.600585409374843948e-02,-4.388909534075973085e+01
7.235263333333333015e+09,1.414764367365961562e-02,-4.388280683087450740e+01
7.235326666666666985e+09,9.231511981703022229e-03,-4.391158795044897545e+01
7.235390000000000000e+09,9.039444898277793072e-03,-4.393564500541424422e+01
7.235453333333333015e+09,-5.126204378932186501e-03,-4.397367564257363171e+01
7.235516666666666985e+09,2.987963579712982209e-03,-4.398942646249750510e+01
7.235580000000000000e+09,-1.453077983188677536e-02,-4.403081019379094840e+01
7.235643333333333015e+09,2.537383756290978454e-03,-4.403760701808495526e+01
7.235706666666666985e+09,-1.197398626077017525e-02,-4.407598337598452787e+01
7.235770000000000000e+09,-1.378036021321804583e-02,-4.410165473781881929e+01
7.235833333333333015e+09,3.356469593462918510e-03,-4.410838289589431582e+01
7.235896666666666985e+09,-4.348237369388385787e-02,-4.417908672706418116e+01
7.235960000000000000e+09,-7.234498631049746109e-03,-4.416670383988352455e+01
7.236023333333333015e+09,-3.414844844038356086e-02,-4.421748277757470191e+01
7.236086666666666985e+09,-1.650737210243136133e-02,-4.422370668911926828e+01
7.236150000000000000e+09,-5.515501322733484812e-03,-4.423657980622174790e+01
7.236213333333333015e+09,-2.705907975637700247e-02,-4.428198837253723497e+01
7.236276666666666985e+09,-4.755647870648971320e-02,-4.432635075936986624e+01
7.236340000000000000e+09,-3.256697115062934245e-02,-4.433522623969618337e+01
7.236403333333333015e+09,1.877444500353675494e-02,-4.430774981142386082e+01
7.236466666666666985e+09,-1.057325399308695069e-02,-4.436096249830300309e+01
7.236530000000000000e+09,-7.924615105025623052e-03,-4.438217884729711926e+01
7.236593333333333015e+09,-1.391300410629980888e-02,-4.441203222418057095e+01
7.236656666666666985e+09,-5.532273854616676090e-02,-4.447730694650262251e+01
7.236720000000000000e+09,5.103970347498432147e-03,-4.444074522549113482e+01
7.236783333333333015e+09,-1.421512975567651438e-02,-4.448392931347648727e+01
7.236846666666666985e+09,-3.175937729928079989e-03,-4.449675510933292344e+01
7.236910000000000000e+09,-5.433858060973051352e-02,-4.457178274009490337e+01
7.236973333333333015e+09,-5.500865496372853158e-04,-4.454185923391698765e+01
7.237036666666666985e+09,-1.065961156634642748e-02,-4.457583374681588140e+01
7.237100000000000000e+09,5.322429968259712041e-04,-4.458850688013488650e+01
7.237163333333333015e+09,-2.026861264249646410e-02,-4.463317272365638644e+01
7.237226666666666985e+09,-3.031250084706016423e-02,-4.466708159974346870e+01
7.237290000000000000e+09,6.414450423541495638e-03,-4.465421963635471059e+01
7.237353333333333015e+09,-1.935039502604496420e-02,-4.470384946968647455e+01
7.237416666666666985e+09,-4.046265248046410079e-02,-4.474882671502340514e+01
7.237480000000000000e+09,3.325755498167382029e-03,-4.472890329492662431e+01
7.237543333333333015e+09,-2.072924358425609626e-02,-4.477682328189122529e+01
7.237606666666666985e+09,-1.994052611144070397e-02,-4.479989955230092846e+01
7.237670000000000000e+09,-2.934641380413438583e-03,-4.480675865545174474e+01
7.237733333333333015e+09,1.051200518433148545e-02,-4.481717699676917732e+01
7.237796666666666985e+09,-5.060360868738911222e-02,-4.490215759852340938e+01
7.237860000000000000e+09,2.460931948187550233e-02,-4.485080965823632937e+01
7.237923333333333015e+09,1.160257887764259976e-02,-4.488768138672240582e+01
7.237986666666666985e+09,-9.362608516660486657e-03,-4.493251156199922036e+01
7.238050000000000000e+09,-2.681135830360403816e-02,-4.497382529966834852e+01
7.238113333333333015e+09,-6.126799358909806870e-04,-4.497149160918247901e+01
7.238176666666666985e+09,3.393447799474813564e-03,-4.499135046932962467e+01
7.238240000000000000e+09,-3.294503596123377065e-03,-4.502190340860740747e+01
7.238303333333333015e+09,-3.313701400911384098e-02,-4.507561090690224148e+01
7.238366666666666985e+09,4.782573936489598054e-02,-4.501851314141074312e+01
7.238430000000000000e+09,2.197214345650877476e-02,-4.506823172520131493e+01
7.238493333333333015e+09,-2.612740420060077895e-02,-4.514019626074060199e+01
7.238556666666666985e+09,1.474735209959021631e-02,-4.512318649232258849e+01
7.238620000000000000e+09,5.532866709671679928e-03,-4.515626596559469164e+01
7.238683333333333015e+09,8.596117990578022727e-04,-4.518480420838748302e+01
7.238746666666666985e+09,-2.867257475590179183e-02,-4.523820138282462011e+01
7.238810000000000000e+09,-3.361921791988464747e-02,-4.526701301387078757e+01
7.238873333333333015e+09,1.493650895805131995e-02,-4.524232227487502911e+01
7.238936666666666985e+09,-4.822952795485946353e-03,-4.528594672451074388e+01
7.239000000000000000e+09,-1.576802227027229719e-02,-4.532075678186770773e+01
7.239063333333333015e+09,-4.797394599943771709e-02,-4.537682769347905776e+01
7.239126666666666985e+09,-1.441885548621257840e-02,-4.536713759084834408e+01
7.239190000000000000e+09,-2.595907275003384029e-02,-4.540254279599401599e+01
7.239253333333333015e+09,-2.393339362154733863e-02,-4.542438210474770699e+01
7.239316666666666985e+09,1.451355244128649247e-04,-4.542416856348425824e+01
7.239380000000000000e+09,-1.733582592559912428e-02,-4.546551451281611378e+01
7.239443333333333015e+09,-3.217044233429788846e-02,-4.550421411710699715e+01
7.239506666666666985e+09,-2.490411778039458568e-02,-4.552081278043560530e+01
7.239570000000000000e+09,-2.134975177442299810e-02,-4.554112340231147726e+01
7.239633333333333015e+09,-1.933192423415164285e-02,-4.556297056265339052e+01
7.239696666666666985e+09,-2.935453040331736929e-02,-4.559685815670506770e+01
7.239760000000000000e+09,-4.261028454600079840e-03,-4.559562964263852791e+01
7.239823333333333015e+09,-1.292331756019393652e-03,-4.561652593382179788e+01
7.239886666666666985e+09,1.029578948283926820e-03,-4.563806901100000601e+01
7.239950000000000000e+09,-1.265555744544855088e-02,-4.567561913527591599e+01
7.240013333333333015e+09,-4.566841821776534971e-02,-4.573249698393008345e+01
7.240076666666666985e+09,-9.608073230204183801e-03,-4.572030162682503374e+01
7.240140000000000000e+09,-4.105566363638502025e-02,-4.577561420511339207e+01
7.240203333333333015e+09,-2.831153252635942863e-03,-4.576125468261148654e+01
7.240266666666666985e+09,2.815783868211241270e-02,-4.575413067855925675e+01
7.240330000000000000e+09,-3.150078695369984416e-02,-4.583765429207724651e+01
7.240393333333333015e+09,-6.016518904239376297e-03,-4.583603501190997065e+01
7.240456666666666985e+09,2.256911703254615986e-02,-4.583131436385536261e+01
7.240520000000000000e+09,5.241679957777023446e-03,-4.587250678881230925e+01
7.240583333333333015e+09,-3.008307938973331375e-02,-4.593169653604200420e+01
7.240646666666666985e+09,-2.994908582202526759e-03,-4.592847335311665091e+01
7.240710000000000000e+09,-1.749660590120072357e-02,-4.596684003831782661e+01
7.240773333333333015e+09,-3.043609067454156047e-03,-4.597625202936625755e+01
7.240836666666666985e+09,-6.013696401083734600e-03,-4.600308710458207173e+01
7.240900000000000000e+09,-1.134823437174503624e-02,-4.603228663043491053e+01
7.240963333333333015e+09,2.573205684512913649e-03,-4.604223017826083719e+01
7.241026666666666985e+09,-3.827915039096296823e-03,-4.607249628686695786e+01
7.241090000000000000e+09,-5.540569569816966577e-03,-4.609807392927952208e+01
7.241153333333333015e+09,1.811326675166924360e-03,-4.611458702091671569e+01
7.241216666666666985e+09,1.884296503265403544e-02,-4.612142037044174714e+01
7.241280000000000000e+09,3.443779616706876823e-02,-4.612969052718917595e+01
7.241343333333333015e+09,-3.325312451330830754e-03,-4.619131862368975305e+01
7.241406666666666985e+09,-3.491528981978575530e-02,-4.624677358894072654e+01
7.241470000000000000e+09,-2.934542118552485590e-02,-4.626506870818830919e+01
7.241533333333333015e+09,-7.198619776289660877e-03,-4.626678689466125149e+01
7.241596666666666985e+09,-4.602055738692456544e-02,-4.632947382015440496e+01
7.241660000000000000e+09,-2.618356897526297189e-02,-4.633350181962492087e+01
7.241723333333333015e+09,9.127420563181942725e-03,-4.632205581796831950e+01
7.241786666666666985e+09,-6.059033005104907943e-02,-4.641563855646506909e+01
7.241850000000000000e+09,-6.373140161980472840e-02,-4.644264461591600224e+01
7.241913333333333015e+09,-2.007403603067814402e-02,-4.642285223820871920e+01
7.241976666666666985e+09,-5.587311252892135371e-02,-4.648251630258948097e+01
7.242040000000000000e+09,-4.242599662602941635e-02,-4.649293417456876654e+01
7.242103333333333015e+09,-3.261517405968561434e-02,-4.650698833988426628e+01
7.242166666666666985e+09,-3.094345791457442374e-02,-4.652918161162166655e+01
7.242230000000000000e+09,-3.073367881464150742e-02,-4.655283682040391824e+01
7.242293333333333015e+09,-6.521642185610687648e-03,-4.655248977165673097e+01
7.242356666666666985e+09,-5.031135872383885044e-02,-4.662014447607747769e+01
7.242420000000000000e+09,-1.659730609730303286e-02,-4.661029541133311938e+01
7.242483333333333015e+09,4.541184288882504916e-03,-4.661302190882911134e+01
7.242546666666666985e+09,-2.990332153166974649e-02,-4.667133140253184109e+01
7.242610000000000000e+09,-1.334689853828052719e-02,-4.667863996742063648e+01
7.242673333333333015e+09,-1.628013714807252654e-03,-4.669078607047934071e+01
7.242736666666666985e+09,-3.767402574939637816e-02,-4.675069707039611444e+01
7.242800000000000000e+09,-1.226987025766135275e-02,-4.674915790278655692e+01
7.242863333333333015e+09,-1.011105441558868279e-02,-4.677086407482666175e+01
7.242926666666666985e+09,-4.908687376975251482e-02,-4.683370488206334414e+01
7.242990000000000000e+09,-3.671702844982860370e-03,-4.681215469902041804e+01
7.243053333333333015e+09,-8.973080276888367735e-04,-4.683324529208530151e+01
7.243116666666666985e+09,-5.122004012278580376e-03,-4.686133497595240271e+01
7.243180000000000000e+09,-3.220464943957779269e-03,-4.688329842476593257e+01
7.243243333333333015e+09,-1.075957925115034186e-02,-4.691470252695530263e+01
7.243306666666666985e+09,-3.265201026536601603e-02,-4.696045994585203687e+01
7.243370000000000000e+09,8.566052994652295638e-03,-4.694310687047386210e+01
7.243433333333333015e+09,-1.636563260071000059e-02,-4.699190354395140190e+01
7.243496666666666985e+09,-2.395136447660206613e-03,-4.700179803568086356e+01
7.243560000000000000e+09,-1.178308528402283173e-03,-4.702444619564379025e+01
7.243623333333333015e+09,-2.714928467460708816e-02,-4.707428215967183860e+01
7.243686666666666985e+09,-5.791996205325489200e-02,-4.712891782493299786e+01
7.243750000000000000e+09,-2.065075548182448983e-02,-4.711551360624375206e+01
7.243813333333333015e+09,1.974078737509188386e-02,-4.709898705126867924e+01
7.243876666666666985e+09,-2.406081187126574150e-02,-4.716665363839754832e+01
7.243940000000000000e+09,-1.881316562703005957e-02,-4.718527098003549014e+01
7.244003333333333015e+09,-4.554190413340819532e-02,-4.723586470642371893e+01
7.244066666666666985e+09,-7.571387142917274105e-04,-4.721494492888711392e+01
7.244130000000000000e+09,-4.985569515417864750e-02,-4.728790847320918544e+01
7.244193333333333015e+09,-5.139419886020846207e-03,-4.726705718582287119e+01
7.244256666666666985e+09,1.645365850864521917e-02,-4.726932909531071658e+01
7.244320000000000000e+09,-1.638302892590814963e-02,-4.732603077062744745e+01
7.244383333333333015e+09,-4.556253265983656320e-02,-4.737907526224356047e+01
7.244446666666666985e+09,-3.972808849802333953e-02,-4.739710580596392475e+01
7.244510000000000000e+09,-3.907341706771205736e-02,-4.742031612241579808e+01
7.244573333333333015e+09,-1.388046665221764897e-02,-4.741898815988248117e+01
7.244636666666666985e+09,-1.209783806931596928e-02,-4.744107051918175699e+01
7.244700000000000000e+09,-2.883644742024671359e-02,-4.748167411641486524e+01
7.244763333333333015e+09,-3.043015772854573697e-02,-4.750713281460534887e+01
7.244826666666666985e+09,-1.525130227051363363e-03,-4.750209277498636595e+01
7.244890000000000000e+09,-4.928139803703146526e-02,-4.757371403067818960e+01
7.244953333333333015e+09,-2.605372255959537142e-02,-4.757435134308293812e+01
7.245016666666666985e+09,-2.168713031364433164e-02,-4.759384973871949853e+01
7.245080000000000000e+09,-1.281248995166350824e-02,-4.760884008623936126e+01
7.245143333333333015e+09,-1.504907726015147773e-02,-4.763494166143003383e+01
7.245206666666666985e+09,-4.462268034491501112e-02,-4.768838025239730882e+01
7.245270000000000000e+09,-3.731887882632634046e-02,-4.770494143876056370e+01
7.245333333333333015e+09,-3.151403550085518646e-02,-4.772300158331727715e+01
7.245396666666666985e+09,-7.003052840072854224e-02,-4.778538306409966196e+01
7.245460000000000000e+09,-3.745272475782712718e-02,-4.777667024833860410e+01
7.245523333333333015e+09,-1.064802986043389410e-02,-4.777373054132338837e+01
7.245586666666666985e+09,-1.675927333941729103e-02,-4.780370677268489032e+01
7.245650000000000000e+09,-1.840999260025455442e-02,-4.782922247982790509e+01
7.245713333333333015e+09,-4.281839898565209523e-02,-4.787749587409515328e+01
7.245776666666666985e+09,-9.174983408428261100e-03,-4.786771744640044091e+01
7.245840000000000000e+09,-4.861030401811206048e-02,-4.793101775489230221e+01
7.245903333333333015e+09,-4.758283325074330605e-02,-4.795385527200677700e+01
7.245966666666666985e+09,-1.960592683418127535e-02,-4.794974335347273353e+01
7.246030000000000000e+09,-1.046400922743373485e-02,-4.796446642374816349e+01
7.246093333333333015e+09,-3.012519701422888829e-02,-4.800799259941680930e+01
7.246156666666666985e+09,2.489600088708243675e-03,-4.799924279019638362e+01
7.246220000000000000e+09,-3.766090998430371428e-02,-4.806325828815157308e+01
7.246283333333333015e+09,-3.786850993506618579e-02,-4.808733087598452016e+01
7.246346666666666985e+09,-1.318128850127919804e-02,-4.808650864243291068e+01
7.246410000000000000e+09,-1.395463650507622333e-02,-4.811114697831888520e+01
7.246473333333333015e+09,-4.156484069918064961e-02,-4.816262217039516713e+01
7.246536666666666985e+09,-3.295594544571400775e-02,-4.817787826302388510e+01
7.246600000000000000e+09,-3.051082285070094713e-02,-4.819929812831104954e+01
7.246663333333333015e+09,-1.924982504780103909e-02,-4.821190211839033424e+01
7.246726666666666985e+09,-3.818671991609079441e-02,-4.825470400114113545e+01
7.246790000000000000e+09,-1.936699779281525480e-02,-4.825974926689970346e+01
7.246853333333333015e+09,-2.695576993533421728e-02,-4.829120302692439992e+01
7.246916666666666985e+09,-2.159484643392772796e-02,-4.830970709130551199e+01
7.246980000000000000e+09,-1.541227702787750786e-03,-4.831351846045621556e+01
7.247043333333333015e+09,-2.653967309753824111e-02,-4.836238189373314356e+01
7.247106666666666985e+09,-2.256365567615858936e-02,-4.838227086419428247e+01
7.247170000000000000e+09,-2.835877896144722854e-02,-4.841193097536141465e+01
7.247233333333333015e+09,-8.403775250251044326e-03,-4.841584095953239597e+01
7.247296666666666985e+09,2.070540017122368681e-03,-4.842923163214754112e+01
7.247360000000000000e+09,1.531085735462767161e-02,-4.843985630269187936e+01
7.247423333333333015e+09,-1.691524044885284184e-02,-4.849594738837753738e+01
7.247486666666666985e+09,-4.679590416769485728e-02,-4.854969303997889085e+01
7.247550000000000000e+09,-3.004235039907854343e-02,-4.855680447409245915e+01
7.247613333333333015e+09,-1.775949585293545852e-02,-4.856838660742815961e+01
7.247676666666666985e+09,-7.227219835554166139e-02,-4.864676429781328437e+01
7.247740000000000000e+09,-7.309959164459201020e-03,-4.860566704650437941e+01
7.247803333333333015e+09,-3.023102125731469414e-02,-4.865245309647907845e+01
7.247866666666666985e+09,-4.017542416436725716e-02,-4.868626248726864247e+01
7.247930000000000000e+09,-3.887365392841957146e-02,-4.870882570491487940e+01
7.247993333333333015e+09,-3.759072307035893346e-02,-4.873140776193866230e+01
7.248056666666666985e+09,-1.636747360969081910e-02,-4.873404950036051275e+01
7.248120000000000000e+09,-6.015081745866979190e-02,-4.880169783209166923e+01
7.248183333333333015e+09,-3.268879124997425833e-02,-4.879810079376515120e+01
7.248246666666666985e+09,-3.002175172262866454e-03,-4.879227916556961731e+01
7.248310000000000000e+09,6.416305897189999996e-04,-4.881250034768982005e+01
7.248373333333333015e+09,-5.038882112072684549e-02,-4.888739578728244339e+01
7.248436666666666985e+09,-7.750829454360541604e-02,-4.893838024858750657e+01
7.248500000000000000e+09,9.639038124852561396e-03,-4.887509790380122610e+01
7.248563333333333015e+09,-6.254027908430970228e-02,-4.897114220889256586e+01
7.248626666666666985e+09,-3.955334222062845129e-02,-4.897202025991106211e+01
7.248690000000000000e+09,-3.964802269614153829e-02,-4.899597992826875981e+01
7.248753333333333015e+09,-3.715877834567749005e-02,-4.901735567180047326e+01
7.248816666666666985e+09,-2.785548132477799754e-02,-4.903191736266208522e+01
7.248880000000000000e+09,-7.907288916244681332e-02,-4.910699975838160469e+01
7.248943333333333015e+09,-1.442952685408727120e-03,-4.905323480978674411e+01
7.249006666666666985e+09,-4.069493780903599145e-02,-4.911635178279288283e+01
7.249070000000000000e+09,-5.027908335033970388e-02,-4.914980091621603009e+01
7.249133333333333015e+09,-1.625052019991102270e-02,-4.913963734094778602e+01
7.249196666666666985e+09,-1.420681295589787396e-02,-4.916145862158628432e+01
7.249260000000000000e+09,-6.173809183207623619e-02,-4.923285488834431334e+01
7.249323333333333015e+09,2.805434381990323800e-03,-4.919217635001242428e+01
7.249386666666666985e+09,-9.868721335593022559e-03,-4.922871549361251908e+01
7.249450000000000000e+09,-3.130392883905841472e-02,-4.927401568899816908e+01
7.249513333333333015e+09,-3.157016199015316715e-02,-4.929814691003110738e+01
7.249576666666666985e+09,-1.693035497849848525e-02,-4.930737209090196416e+01
7.249640000000000000e+09,-3.408050688053521071e-02,-4.934838723068617838e+01
7.249703333333333015e+09,-3.446285775898161319e-02,-4.937263456944647544e+01
7.249766666666666985e+09,-3.823840458601068804e-03,-4.936586054002860635e+01
7.249830000000000000e+09,-1.369977035879799132e-02,-4.939960145781098788e+01
7.249893333333333015e+09,-5.745351053989367074e-02,-4.946722018587392711e+01
7.249956666666666985e+09,-3.895887427751887344e-02,-4.947259053749406377e+01
7.250020000000000000e+09,-1.875014322485668572e-02,-4.947624679432357908e+01
7.250083333333333015e+09,-4.203862163218730075e-02,-4.952340026061309430e+01
7.250146666666666985e+09,-2.560935957848187172e-02,-4.953083598644156638e+01
7.250210000000000000e+09,-2.532430996208034912e-02,-4.955441592470734946e+01
7.250273333333333015e+09,-9.095308269102986287e-03,-4.956205191089654960e+01
7.250336666666666985e+09,-5.623431854188964962e-02,-4.963305590905151377e+01
7.250400000000000000e+09,-4.783145948579914375e-02,-4.964851803787760076e+01
7.250463333333333015e+09,5.755848686987974361e-04,-4.962397598140528743e+01
7.250526666666666985e+09,-4.611071091601814942e-02,-4.969452726507218188e+01
7.250590000000000000e+09,-3.654046710239811091e-02,-4.970882200914073934e+01
7.250653333333333015e+09,-1.873057224480589866e-02,-4.971487710216533173e+01
7.250716666666666985e+09,-4.855107108932799065e-02,-4.976856258889236528e+01
7.250780000000000000e+09,-6.211987722269185497e-02,-4.980599638290757269e+01
7.250843333333333015e+09,-1.238125206567275427e-02,-4.978012274563273110e+01
7.250906666666666985e+09,-6.323509014853812005e-02,-4.985484157159811502e+01
7.250970000000000000e+09,-3.637973925975757084e-02,-4.985185120859117802e+01
7.251033333333333015e+09,-4.131206320710845148e-02,-4.988064852042071351e+01
7.251096666666666985e+09,1.828212684782926090e-02,-4.984491931824828725e+01
7.251160000000000000e+09,-1.502442795980840629e-02,-4.990209086093776847e+01
7.251223333333333015e+09,-1.819284915547569881e-02,-4.992912427001561326e+01
7.251286666666666985e+09,-2.984680012637852542e-03,-4.993778108875529398e+01
7.251350000000000000e+09,-4.346687698154028112e-02,-5.000212827360637391e+01
7.251413333333333015e+09,-8.271753748353205538e-03,-4.999079813825503749e+01
7.251476666666666985e+09,-3.214118809627564133e-02,-5.003853256048547138e+01
7.251540000000000000e+09,-4.584450824599883845e-02,-5.007610086851737208e+01
7.251603333333333015e+09,-4.422341995343970211e-03,-5.005854369014856076e+01
7.251666666666666985e+09,-4.082261516844454263e-02,-5.011880895120417989e+01
7.251730000000000000e+09,-2.681363470961883877e-02,-5.012866495862753169e+01
7.251793333333333015e+09,-2.821842944294417066e-02,-5.015393474124270057e+01
7.251856666666666985e+09,-6.377814798306502553e-02,-5.021335944766533999e+01
7.251920000000000000e+09,-4.802893339054747912e-02,-5.022147522095499994e+01
7.251983333333333015e+09,1.054317075124799885e-02,-5.018676810469538907e+01
7.252046666666666985e+09,-4.153023538443534335e-02,-5.026270649871324991e+01
7.252110000000000000e+09,-5.596575933957836924e-02,-5.030100701055057044e+01
7.252173333333333015e+09,1.599751116805947504e-02,-5.025290872792511010e+01
7.252236666666666985e+09,-2.003484191710924733e-02,-5.031280606889246343e+01
7.252300000000000000e+09,-3.313141005381226023e-02,-5.034976762491134394e+01
7.252363333333333015e+09,-6.420365365128333224e-02,-5.040470485639099252e+01
7.252426666666666985e+09,-2.870858969539824557e-02,-5.039307478031729204e+01
7.252490000000000000e+09,-3.321975914566621668e-02,-5.042145093764973751e+01
7.252553333333333015e+09,-3.627537363385613389e-02,-5.044837154002010493e+01
7.252616666666666985e+09,-2.269112527503125420e-02,-5.045865227954379861e+01
7.252680000000000000e+09,-4.788840960075901876e-02,-5.050771455175136992e+01
7.252743333333333015e+09,-6.658065366721643841e-03,-5.049034919539951005e+01
7.252806666666666985e+09,-4.123387241233444911e-02,-5.054878999032764142e+01
7.252870000000000000e+09,-2.890639150400886592e-03,-5.053431174494755140e+01
7.252933333333333015e+09,-3.056385466634736758e-02,-5.058584994834567539e+01
7.252996666666666985e+09,-5.675726789817758799e-03,-5.058482680835166434e+01
7.253060000000000000e+09,-1.893213007492278166e-02,-5.062194819951861291e+01
7.253123333333333015e+09,-8.060501806966158256e-03,-5.063494155913283379e+01
7.253186666666666985e+09,-7.151906395570506447e-03,-5.065789795160394959e+01
7.253250000000000000e+09,1.608785598424589125e-02,-5.065852317710631780e+01
7.253313333333333015e+09,-8.546490116195570863e-03,-5.070702251108860281e+01
7.253376666666666985e+09,-3.967109761808984558e-02,-5.076201210647301565e+01
7.253440000000000000e+09,-4.837856661912809386e-02,-5.079458456335623140e+01
7.253503333333333015e+09,-1.860496746004969282e-03,-5.077193148136495182e+01
7.253566666666666985e+09,-2.565573048931923950e-02,-5.081959170299077755e+01
7.253630000000000000e+09,-5.714683189427915977e-02,-5.087494779227792208e+01
7.253693333333333015e+09,-5.939198808732726320e-03,-5.084760514707421919e+01
7.253756666666666985e+09,7.673938868094865029e-03,-5.085785699727991016e+01
7.253820000000000000e+09,-5.186984224043555969e-02,-5.094126576627061809e+01
7.253883333333333015e+09,-2.781540804285498325e-02,-5.094107631995488106e+01
7.253946666666666985e+09,-5.825542462478239258e-02,-5.099538132441931992e+01
7.254010000000000000e+09,-5.022592723769037093e-02,-5.101121681491441251e+01
7.254073333333333015e+09,1.834738596122065246e-02,-5.096650848959767899e+01
7.254136666666666985e+09,-5.428729602478199467e-03,-5.101414959304355534e+01
7.254200000000000000e+09,-4.973399343915474446e-02,-5.108231984476241649e+01
7.254263333333333015e+09,-4.647802427888336751e-02,-5.110292886348432262e+01
7.254326666666666985e+09,-5.892733109112668899e-02,-5.113924315817874344e+01
7.254390000000000000e+09,-6.932150759448774124e-02,-5.117350232256428200e+01
7.254453333333333015e+09,-1.782787296175314395e-02,-5.114587367581373201e+01
7.254516666666666985e+09,-4.909020562978838598e-02,-5.120100099636427871e+01
7.254580000000000000e+09,-6.824568659066443388e-02,-5.124402146520700541e+01
7.254643333333333015e+09,6.941844092764881680e-04,-5.119894658208924199e+01
7.254706666666666985e+09,-4.285862690578312595e-02,-5.126636438128681306e+01
7.254770000000000000e+09,-4.214462783451722316e-03,-5.125158520504632520e+01
7.254833333333333015e+09,-9.183856372153798020e-03,-5.128041958651721188e+01
7.254896666666666985e+09,-5.405267140359626410e-02,-5.134915338943116581e+01
7.254960000000000000e+09,-2.857983278433096075e-02,-5.134754553869375115e+01
7.255023333333333015e+09,-4.003622560964714694e-02,-5.138286691940124484e+01
7.255086666666666985e+09,-9.872387791588721484e-03,-5.137656806946569787e+01
7.255150000000000000e+09,-2.617893225788492373e-02,-5.141673960181417868e+01
7.255213333333333015e+09,-1.312957276324056011e-02,-5.142755523020137787e+01
7.255276666666666985e+09,-3.218125926817805293e-02,-5.147047190458882682e+01
7.255340000000000000e+09,-4.429848449064621718e-02,-5.150645411769347248e+01
7.255403333333333015e+09,-4.107647278276260749e-02,-5.152709709386743953e+01
7.255466666666666985e+09,1.745029387898000550e-02,-5.149243531508820837e+01
7.255530000000000000e+09,-2.588502860182728682e-02,-5.155963562545120027e+01
7.255593333333333015e+09,-2.960912280845917621e-02,-5.158722470753966860e+01
7.255656666666666985e+09,-5.678984459422764530e-02,-5.163827041720795563e+01
7.255720000000000000e+09,-2.536180442379531996e-02,-5.163070736491970081e+01
7.255783333333333015e+09,-3.016486405199003684e-02,-5.165937541242974618e+01
7.255846666666666985e+09,-2.427582214459533816e-02,-5.167735135840486294e+01
7.255910000000000000e+09,-4.695369885673983390e-03,-5.168163589402811908e+01
7.255973333333333015e+09,-5.541397486928900662e-02,-5.175621948689391871e+01
7.256036666666666985e+09,-3.060900038897784725e-02,-5.175527950029578506e+01
7.256100000000000000e+09,-6.732558641807173672e-02,-5.181586107420705645e+01
7.256163333333333015e+09,-6.185787891936200822e-02,-5.183425835459052422e+01
7.256226666666666985e+09,-6.032751803272162761e-02,-5.185659298158606845e+01
7.256290000000000000e+09,-7.182482710951632043e-02,-5.189195527854504064e+01
7.256353333333333015e+09,-2.558443603571447511e-02,-5.186957987535342340e+01
7.256416666666666985e+09,7.424407300703705914e-03,-5.186043601989951668e+01
7.256480000000000000e+09,-2.248538629996943428e-02,-5.191421080138203337e+01
7.256543333333333015e+09,-5.094068237618643025e-02,-5.196653108534042786e+01
7.256606666666666985e+09,-4.164113148240033979e-02,-5.198109652232916034e+01
7.256670000000000000e+09,-3.996253110272363074e-02,-5.200328290983132717e+01
7.256733333333333015e+09,-3.374642034877695096e-02,-5.202093178695956510e+01
7.256796666666666985e+09,-4.779504590382543938e-02,-5.205884540039712505e+01
7.256860000000000000e+09,-6.621796494803788846e-02,-5.210113330732318104e+01
7.256923333333333015e+09,-3.814311510258505677e-02,-5.209692344535990571e+01
7.256986666666666985e+09,-4.020464214882935039e-02,-5.212284996028866857e+01
7.257050000000000000e+09,-2.095482629150069442e-02,-5.212746513231318346e+01
7.257113333333333015e+09,-6.743728016365935218e-02,-5.219781257406751962e+01
7.257176666666666985e+09,-4.185502577447408612e-02,-5.219609530756085292e+01
7.257240000000000000e+09,-2.850062986627222017e-02,-5.220660589953482855e+01
7.257303333333333015e+09,-1.133852899982912277e-03,-5.220310411045038279e+01
7.257366666666666985e+09,-1.505969660871642191e-02,-5.224089494204163486e+01
7.257430000000000000e+09,-7.620362022738191854e-02,-5.232590385354247786e+01
7.257493333333333015e+09,-3.517373743611074133e-02,-5.230873895863305023e+01
7.257556666666666985e+09,2.777019404170744110e-03,-5.229465318967528731e+01
7.257620000000000000e+09,-1.622682700580213577e-02,-5.233752202396743769e+01
7.257683333333333015e+09,-2.378857379915189085e-02,-5.236894875864263099e+01
7.257746666666666985e+09,-1.791981483367521832e-02,-5.238694498755967288e+01
7.257810000000000000e+09,-6.233930962208233950e-02,-5.245522947023025750e+01
7.257873333333333015e+09,-2.858327779944147551e-02,-5.244533842628979414e+01
7.257936666666666985e+09,-2.191047298659754006e-02,-5.246253060935912771e+01
7.258000000000000000e+09,-5.255079677633744950e-02,-5.251703592103105223e+01
7.258063333333333015e+09,-2.172301228501538617e-02,-5.251007312442190766e+01
7.258126666666666985e+09,-1.935089523485089558e-02,-5.253156599525392778e+01
7.258190000000000000e+09,-2.387853907086423533e-02,-5.255995862697211862e+01
7.258253333333333015e+09,-8.154836606183835102e-02,-5.264149344184527024e+01
7.258316666666666985e+09,-8.675344833370246533e-02,-5.267056351199965292e+01
7.258380000000000000e+09,-5.028569577553554382e-02,-5.265796074732332954e+01
7.258443333333333015e+09,-6.292166664890430638e-02,-5.269446170607887581e+01
7.258506666666666985e+09,-4.599454221315824043e-02,-5.270139956952564120e+01
7.258570000000000000e+09,-4.468744322121409596e-02,-5.272395745841554771e+01
7.258633333333333015e+09,-1.520932007051811752e-02,-5.271834432314702923e+01
7.258696666666666985e+09,-7.549747347659518937e-02,-5.280249746443562486e+01
7.258760000000000000e+09,-2.757716178182789690e-02,-5.277844214062270112e+01
7.258823333333333015e+09,-6.066199099230829006e-02,-5.283539195771535901e+01
7.258886666666666985e+09,-4.553962334192362960e-02,-5.284413457794748581e+01
7.258950000000000000e+09,-3.589613660512469551e-02,-5.285835607909253753e+01
7.259013333333333015e+09,-4.562862023746561135e-02,-5.289195355060705594e+01
7.259076666666666985e+09,-6.307512842529661157e-02,-5.293326504667740551e+01
7.259140000000000000e+09,-5.849195558540998263e-02,-5.295254686171969638e+01
7.259203333333333015e+09,-2.089218794580460781e-02,-5.293881208196193455e+01
7.259266666666666985e+09,-2.937932669982501466e-02,-5.297116420859846642e+01
7.259330000000000000e+09,-6.935670990046816087e-02,-5.303500657968129417e+01
7.259393333333333015e+09,-7.704910376250495574e-02,-5.306656396142517451e+01
7.259456666666666985e+09,-5.374412961432284419e-02,-5.306712397515950386e+01
7.259520000000000000e+09,-5.006422567397095236e-02,-5.308730905910133657e+01
7.259583333333333015e+09,-3.279428331918410322e-02,-5.309390410462839327e+01
7.259646666666666985e+09,-8.216514056332613336e-02,-5.316713994975504676e+01
7.259710000000000000e+09,-7.157792157241260611e-02,-5.318041771864631073e+01
7.259773333333333015e+09,-7.029894987028484366e-02,-5.320300373482636758e+01
7.259836666666666985e+09,-5.758508450264798739e-02,-5.321415485734090822e+01
7.259900000000000000e+09,-9.413973750639570426e-02,-5.327457449822684055e+01
7.259963333333333015e+09,-5.842485434076394313e-02,-5.326272460294338629e+01
7.260026666666666985e+09,-4.896504495199138773e-02,-5.327712978143679123e+01
7.260090000000000000e+09,-4.105972923364475946e-02,-5.329308945360062211e+01
7.260153333333333015e+09,-8.867799129984632600e-02,-5.336457270354900828e+01
7.260216666666666985e+09,-9.637096015676149818e-02,-5.339613066028810096e+01
7.260280000000000000e+09,-3.411710764319764166e-02,-5.335774179565672171e+01
7.260343333333333015e+09,-1.091065808305415885e-01,-5.345659625672624315e+01
7.260406666666666985e+09,-4.505145486871953153e-02,-5.341640611864693255e+01
7.260470000000000000e+09,-9.123603332204766048e-02,-5.348645568498210423e+01
7.260533333333333015e+09,-1.095371065010297684e-01,-5.352862174604327095e+01
7.260596666666666985e+09,-8.050935436603623430e-02,-5.352345898179078887e+01
7.260660000000000000e+09,-7.359549363676620715e-02,-5.354041010894336239e+01
7.260723333333333015e+09,-8.091262562480494580e-02,-5.357159222881358573e+01
7.260786666666666985e+09,-1.795658170826186506e-02,-5.353250117277955411e+01
7.260850000000000000e+09,-8.792966358241471880e-02,-5.362633924253555051e+01
7.260913333333333015e+09,-1.205006478417871563e-01,-5.368277521467710756e+01
7.260976666666666985e+09,-9.955687286947778603e-02,-5.368569642758730964e+01
7.261040000000000000e+09,-1.286486608952301935e-01,-5.373865320349523955e+01
7.261103333333333015e+09,-1.214324151981927002e-01,-5.375530194568005271e+01
7.261166666666666985e+09,-1.391665516558262539e-01,-5.379690107002019772e+01
7.261230000000000000e+09,-1.415551636811898106e-01,-5.382315466992773878e+01
7.261293333333333015e+09,-1.739930793049992985e-01,-5.387945757343339181e+01
7.261356666666666985e+09,-1.753518910131646180e-01,-5.390468137302407570e+01
7.261420000000000000e+09,-1.629575202021982250e-01,-5.391615199009528681e+01
7.261483333333333015e+09,-2.049271995977619554e-01,-5.398198665737270119e+01
7.261546666666666985e+09,-2.172109336778831334e-01,-5.401813537933533382e+01
7.261610000000000000e+09,-2.744903123233086717e-01,-5.409927974586293686e+01
7.261673333333333015e+09,-3.134170299089973355e-01,-5.416207145133081013e+01
7.261736666666666985e+09,-3.447794274579152329e-01,-5.421729883676190553e+01
7.261800000000000000e+09,-2.192544972048864338e-01,-5.411563889439105424e+01
7.261863333333333015e+09,-2.893827279288956333e-01,-5.420963211299724094e+01
7.261926666666666985e+09,-4.782532370933552102e-01,-5.442236761004388512e+01
7.261990000000000000e+09,-3.567771053922541569e-01,-5.432475646622496157e+01
7.262053333333333015e+09,5.206440947141501852e-01,-5.347120025400074184e+01
7.262116666666666985e+09,5.255918429317674168e-01,-5.349011749366530211e+01
7.262180000000000000e+09,3.122380489054634722e-01,-5.372733627557378355e+01
7.262243333333333015e+09,2.267697720727070987e-01,-5.383666954028871743e+01
7.262306666666666985e+09,2.034640185564242643e-01,-5.388384028168751883e+01
7.262370000000000000e+09,1.661755586141282492e-01,-5.394499372951165839e+01
7.262433333333333015e+09,1.447019225655594710e-01,-5.399033235344240467e+01
7.262496666666666985e+09,1.374403922376359333e-01,-5.402145887165284677e+01
7.262560000000000000e+09,8.776967394799584099e-02,-5.409499457782433041e+01
7.262623333333333015e+09,8.975673880215850886e-02,-5.411687250085234524e+01
7.262686666666666985e+09,9.475487123828685299e-02,-5.413573935629873546e+01
7.262750000000000000e+09,6.575198716512176134e-02,-5.418860722825374410e+01
7.262813333333333015e+09,1.069825967125339616e-01,-5.417124160658851650e+01
7.262876666666666985e+09,5.930669029983448581e-02,-5.424278250088372033e+01
7.262940000000000000e+09,5.853453663269192475e-02,-5.426741964243304750e+01
7.263003333333333015e+09,9.051632746083271286e-02,-5.425930283948675026e+01
7.263066666666666985e+09,9.088320996091425741e-02,-5.428280094486918728e+01
7.263130000000000000e+09,6.270606131183598109e-02,-5.433484308140044305e+01
7.263193333333333015e+09,4.688753145616431084e-02,-5.437452659913795827e+01
7.263256666666666985e+09,5.506556183460986631e-02,-5.439021355664202417e+01
7.263320000000000000e+09,9.026906006923240966e-03,-5.446011720035189541e+01
7.263383333333333015e+09,4.349827936721339938e-02,-5.444951081487344879e+01
7.263446666666666985e+09,3.514639760712867655e-02,-5.448172768451605208e+01
7.263510000000000000e+09,3.598425507720293126e-02,-5.450475481492815533e+01
7.263573333333333015e+09,6.847551923221573134e-02,-5.449612853865532003e+01
7.263636666666666985e+09,1.064923964376163212e-02,-5.457781980612595163e+01
7.263700000000000000e+09,3.080620680193391081e-02,-5.458152782684996396e+01
7.263763333333333015e+09,-5.424568952982156134e-03,-5.464162359048705753e+01
7.263826666666666985e+09,3.841341950733578869e-02,-5.462165058990892419e+01
7.263890000000000000e+09,-6.169674853865103614e-03,-5.469009867215230258e+01
7.263953333333333015e+09,4.872581517391694206e-02,-5.465906817000669804e+01
7.264016666666666985e+09,5.378459660221324157e-05,-5.473160518846619027e+01
7.264080000000000000e+09,3.555971470616725583e-02,-5.471996424623880273e+01
7.264143333333333015e+09,-3.119475080190881044e-02,-5.481058369962906340e+01
7.264206666666666985e+09,6.717663954937336257e-03,-5.479653627275472871e+01
7.264270000000000000e+09,3.082763921810993679e-02,-5.479629128537340677e+01
7.264333333333333015e+09,1.253256504921296255e-02,-5.483845134742448124e+01
7.264396666666666985e+09,2.689641078676174857e-02,-5.484795248956945102e+01
7.264460000000000000e+09,4.453663488433790008e-02,-5.485417725335371131e+01
7.264523333333333015e+09,-3.147884843371429042e-02,-5.495405772455394811e+01
7.264586666666666985e+09,2.784946749830652379e-02,-5.491859439650443875e+01
7.264650000000000000e+09,-1.538881634019162448e-02,-5.498569766822478755e+01
7.264713333333333015e+09,3.374164619821584665e-02,-5.496043219356855758e+01
7.264776666666666985e+09,7.911077379368691709e-03,-5.501012775026992330e+01
7.264840000000000000e+09,2.389330779926979176e-03,-5.503951448475154251e+01
7.264903333333333015e+09,-1.283168365927167542e-02,-5.507860048707258471e+01
7.264966666666666985e+09,8.765380367520947402e-03,-5.508086841092830355e+01
7.265030000000000000e+09,9.911344393046306323e-03,-5.510358743478495569e+01
7.265093333333333015e+09,-4.054001363968495752e-03,-5.514141776842382114e+01
7.265156666666666985e+09,1.769517392107644582e-02,-5.514353358102128766e+01
7.265220000000000000e+09,3.616772770641318857e-03,-5.518147697005390739e+01
7.265283333333333015e+09,-1.205347513985088881e-02,-5.522101220584624315e+01
7.265346666666666985e+09,1.118963785105364650e-02,-5.522163408073785007e+01
7.265410000000000000e+09,-1.981105559537610361e-02,-5.527649976206645732e+01
7.265473333333333015e+09,4.211622336656972720e-02,-5.523843747098669610e+01
7.265536666666666985e+09,7.612458016168943686e-03,-5.529680622421927438e+01
7.265600000000000000e+09,-9.975741797255466281e-03,-5.533825941191488340e+01
7.265663333333333015e+09,8.611499413007095427e-04,-5.535128750805850473e+01
7.265726666666666985e+09,-2.515673560522202479e-02,-5.540117038148720496e+01
7.265790000000000000e+09,8.352577958397944258e-03,-5.539152605580576250e+01
7.265853333333333015e+09,5.267422900473661684e-03,-5.541847619874586428e+01
7.265916666666666985e+09,-3.131871651227413622e-03,-5.545074048117974996e+01
7.265980000000000000e+09,6.822747156114417066e-03,-5.546465085025459274e+01
7.266043333333333015e+09,-5.973408551881220774e-03,-5.550131199384476588e+01
7.266106666666666985e+09,3.385063220072481727e-03,-5.551581850995532363e+01
7.266170000000000000e+09,4.562086192087377867e-02,-5.549744769913636588e+01
7.266233333333333015e+09,1.746588847529295663e-02,-5.554946766046412421e+01
7.266296666666666985e+09,4.049251439418810605e-03,-5.558674928538251692e+01
7.266360000000000000e+09,3.952503817080099680e-02,-5.557513848653298538e+01
7.266423333333333015e+09,-2.235985060434586558e-02,-5.566088836319030975e+01
7.266486666666666985e+09,6.829652257344775990e-03,-5.565556384821113056e+01
7.266550000000000000e+09,-2.646791463247666343e-02,-5.571272640298279555e+01
7.266613333333333015e+09,4.133719158012638673e-03,-5.570598975707448375e+01
7.266676666666666985e+09,-1.999799827345327685e-03,-5.573598826394236028e+01
7.266740000000000000e+09,2.001495847808598683e-02,-5.573783849351910646e+01
7.266803333333333015e+09,-4.353011793355676673e-03,-5.578607145167239878e+01
7.266866666666666985e+09,9.665262490827331021e-03,-5.579591816527072723e+01
7.266930000000000000e+09,-4.805885448684676930e-02,-5.587750727013057883e+01
7.266993333333333015e+09,-1.526287439157414383e-02,-5.586857627791714975e+01
7.267056666666666985e+09,-4.460624146074820828e-02,-5.592178463286884238e+01
7.267120000000000000e+09,1.008350599357754618e-02,-5.589095987329669413e+01
7.267183333333333015e+09,-2.522873503566103182e-02,-5.595013710220778336e+01
7.267246666666666985e+09,2.754098719225339664e-02,-5.592123236786238039e+01
7.267310000000000000e+09,-4.006213909627120984e-02,-5.601270048203308249e+01
7.267373333333333015e+09,7.528782616880391743e-03,-5.598897454820177444e+01
7.267436666666666985e+09,-1.968750855991885373e-02,-5.604005582726109225e+01
7.267500000000000000e+09,-2.998877896821738887e-03,-5.604723218448017263e+01
7.267563333333333015e+09,-1.019269021410451614e-02,-5.607829098467963291e+01
7.267626666666666985e+09,3.781034401018956714e-02,-5.605415293833751633e+01
7.267690000000000000e+09,-1.132165350522740255e-02,-5.612714992373511791e+01
7.267753333333333015e+09,-4.102532789315205264e-02,-5.618071858600522717e+01
7.267816666666666985e+09,4.516160862984008872e-03,-5.615904208513126861e+01
7.267880000000000000e+09,1.475374387975847412e-02,-5.617266948999667164e+01
7.267943333333333015e+09,-2.818983266072905280e-02,-5.623947805441933667e+01
7.268006666666666985e+09,-7.459053853196451200e-03,-5.624261226349432263e+01
7.268070000000000000e+09,-6.509348790068258950e-03,-5.626552754631303799e+01
7.268133333333333015e+09,-1.591634142017284148e-02,-5.629879952682532718e+01
7.268196666666666985e+09,-1.640762629158132313e-03,-5.630838893591681682e+01
7.268260000000000000e+09,1.760412773507624706e-02,-5.631300903343443309e+01
7.268323333333333015e+09,2.292349725408371341e-02,-5.633155465179760313e+01
7.268386666666666985e+09,1.531892231108855640e-02,-5.636302421462311685e+01
7.268450000000000000e+09,9.883885448573437316e-03,-5.639232423936747551e+01
7.268513333333333015e+09,2.900648395846161520e-02,-5.639706662873976484e+01
7.268576666666666985e+09,2.811871206133531587e-02,-5.642181938851940259e+01
7.268640000000000000e+09,-2.337040769603504486e-02,-5.649717349615895756e+01
7.268703333333333015e+09,-3.953173978825930135e-02,-5.653719981613302537e+01
7.268766666666666985e+09,-2.326392157451806497e-02,-5.654479698580180269e+01
7.268830000000000000e+09,2.822776076113342469e-02,-5.651717029134832870e+01
7.268893333333333015e+09,2.089302705071816035e-02,-5.654837001294058751e+01
7.268956666666666985e+09,-1.438348569261904686e-02,-5.660751151356643618e+01
7.269020000000000000e+09,-8.953412250640724324e-03,-5.662594642800664246e+01
7.269083333333333015e+09,1.880531823055520135e-02,-5.662205268540729008e+01
7.269146666666666985e+09,1.124689516151278212e-02,-5.665347609635885107e+01
7.269210000000000000e+09,-5.012804900251666140e-02,-5.673871602840505801e+01
7.269273333333333015e+09,1.985354389675819675e-02,-5.669259942338762670e+01
7.269336666666666985e+09,-2.926979030488041644e-02,-5.676558774547177677e+01
7.269400000000000000e+09,-9.330837396916535909e-03,-5.676951378044599039e+01
7.269463333333333015e+09,2.641889735945568418e-02,-5.675762903357180278e+01
7.269526666666666985e+09,6.398483101030194575e-03,-5.680151443571241288e+01
7.269590000000000000e+09,4.600821843617097784e-03,-5.682717708485200347e+01
7.269653333333333015e+09,-6.397301814345723869e-03,-5.686204019639214380e+01
7.269716666666666985e+09,-5.729087337726923579e-04,-5.688008079119374827e+01
7.269780000000000000e+09,9.436769132761924084e-03,-5.689393610120939115e+01
7.269843333333333015e+09,3.041077370527034418e-02,-5.689682708451906734e+01
7.269906666666666985e+09,4.890482215230917973e-03,-5.694621236389161822e+01
7.269970000000000000e+09,-2.575663310418718766e-02,-5.700072446709288698e+01
7.270033333333333015e+09,-1.898576935445817071e-03,-5.700073139880632311e+01
7.270096666666666985e+09,1.817357490212856419e-02,-5.700452423485126729e+01
7.270160000000000000e+09,4.108783444289798581e-02,-5.700547496319233431e+01
7.270223333333333015e+09,-2.381152465727609524e-02,-5.709423931017469300e+01
7.270286666666666985e+09,-4.550355153824625631e-03,-5.709884312855375299e+01
7.270350000000000000e+09,-1.687265796241632643e-02,-5.713503041924419534e+01
7.270413333333333015e+09,8.212436632959452254e-03,-5.713381031253099707e+01
7.270476666666666985e+09,9.483708794085998761e-03,-5.715640402825238198e+01
7.270540000000000000e+09,2.708323857020644709e-02,-5.716266948635810508e+01
7.270603333333333015e+09,2.420336576222581471e-02,-5.718941434704827032e+01
7.270666666666666985e+09,9.716209913861462155e-04,-5.723651107970162144e+01
7.270730000000000000e+09,1.689947493619570196e-02,-5.724444821363898939e+01
7.270793333333333015e+09,1.461017843153911144e-02,-5.727060249802549663e+01
7.270856666666666985e+09,-8.432755463161356602e-05,-5.730916199189417881e+01
7.270920000000000000e+09,-1.208282483079869962e-02,-5.734502547705253050e+01
7.270983333333333015e+09,-2.894953812025136131e-02,-5.738575717822381961e+01
7.271046666666666985e+09,1.693549629469970341e-02,-5.736373713169138711e+01
7.271110000000000000e+09,-6.811875968676872617e-02,-5.747265637555503304e+01
7.271173333333333015e+09,-1.491869890300279167e-02,-5.744332130265311775e+01
7.271236666666666985e+09,1.386617546197044248e-02,-5.743840141617065598e+01
7.271300000000000000e+09,-5.917099823825822114e-03,-5.748204967933863685e+01
7.271363333333333015e+09,-4.503383439036667824e-03,-5.750450095083602520e+01
7.271426666666666985e+09,-1.101167087072241202e-02,-5.753487422614988844e+01
7.271490000000000000e+09,1.318436431477465476e-02,-5.753454317884656888e+01
7.271553333333333015e+09,-4.901682508929638971e-03,-5.757649421355245067e+01
7.271616666666666985e+09,-2.499636215338796319e-02,-5.762045388107909361e+01
7.271680000000000000e+09,2.664392301135620755e-02,-5.759267858379653404e+01
7.271743333333333015e+09,-5.339563279093795245e-03,-5.764852705796916155e+01
7.271806666666666985e+09,1.517833464014017864e-02,-5.765187414793243903e+01
7.271870000000000000e+09,8.754504794019624114e-03,-5.768216296566040313e+01
7.271933333333333015e+09,-1.721989947252211550e-02,-5.773200235780912237e+01
7.271996666666666985e+09,1.340728873753960215e-02,-5.772524015748157922e+01
7.272060000000000000e+09,-2.181639725370132510e-02,-5.778432883135466369e+01
7.272123333333333015e+09,1.012517125042222688e-02,-5.777625225073272475e+01
7.272186666666666985e+09,-2.661024900507413804e-02,-5.783685265887073257e+01
7.272250000000000000e+09,-2.143182024676804076e-02,-5.785553921799427002e+01
7.272313333333333015e+09,-2.182995775017815276e-02,-5.787980234337985763e+01
7.272376666666666985e+09,-4.068451137822393093e-02,-5.792252188489042197e+01
7.272440000000000000e+09,-4.535398920958044755e-02,-5.795105635060362204e+01
7.272503333333333015e+09,1.289737462810336410e-02,-5.791666997464812283e+01
7.272566666666666985e+09,-4.047617018109406217e-03,-5.795747995417684706e+01
7.272630000000000000e+09,9.529777964381480615e-03,-5.796776754707653367e+01
7.272693333333333015e+09,2.805086839622816797e-02,-5.797311144452653053e+01
7.272756666666666985e+09,2.787901483998211916e-04,-5.802474851065687744e+01
7.272820000000000000e+09,-3.663077150834936901e-02,-5.808552306019580413e+01
7.272883333333333015e+09,-1.128366012648740480e-02,-5.808404093669579282e+01
7.272946666666666985e+09,-4.677470058847177370e-02,-5.814339696504028154e+01
7.273010000000000000e+09,-1.539114711660971579e-02,-5.813587839945060409e+01
7.273073333333333015e+09,1.226329008474635884e-02,-5.813208895013109156e+01
7.273136666666666985e+09,4.520783968892772009e-03,-5.816369644412946371e+01
7.273200000000000000e+09,-2.130607271898554700e-02,-5.821338828869951953e+01
7.273263333333333015e+09,-2.599539238445913725e-04,-5.821620715778655608e+01
7.273326666666666985e+09,-4.089014675414404110e-02,-5.828070233849903303e+01
7.273390000000000000e+09,-4.502810120662559257e-03,-5.826817998974773616e+01
7.273453333333333015e+09,-8.376825784218056015e-03,-5.829591899329347626e+01
7.273516666666666985e+09,-4.478535959890450613e-03,-5.831588569135132616e+01
7.273580000000000000e+09,-2.348743720618529096e-02,-5.835875958047979850e+01
7.273643333333333015e+09,1.948272043317444968e-02,-5.833965441072261626e+01
7.273706666666666985e+09,8.071305296589059708e-03,-5.837493081374137915e+01
7.273770000000000000e+09,-3.757062785324905008e-02,-5.844443773477340187e+01
7.273833333333333015e+09,2.623349901554661301e-03,-5.842810874490077566e+01
7.273896666666666985e+09,-2.601047603980788381e-02,-5.848060755872464966e+01
7.273960000000000000e+09,-3.253629913657363204e-02,-5.851099836970326606e+01
7.274023333333333015e+09,-5.134511505585948044e-02,-5.855367217350472941e+01
7.274086666666666985e+09,-4.530321718296193012e-02,-5.857149526351435043e+01
7.274150000000000000e+09,-3.327353301664004448e-03,-5.855338438751489605e+01
7.274213333333333015e+09,-2.525132126054785431e-02,-5.859917334335595740e+01
7.274276666666666985e+09,-8.836156628157709747e-02,-5.868614857625949810e+01
7.274340000000000000e+09,1.144110691576827321e-03,-5.862050788716819483e+01
7.274403333333333015e+09,-1.541995032661702680e-02,-5.866093693606856618e+01
7.274466666666666985e+09,3.676112595599079214e-03,-5.866570586102886864e+01
7.274530000000000000e+09,-1.750649841640949944e-02,-5.871075345992305472e+01
7.274593333333333015e+09,6.400150082278344144e-03,-5.871071179930621042e+01
7.274656666666666985e+09,-1.398814265616721286e-02,-5.875496507992716744e+01
7.274720000000000000e+09,7.719063117740176949e-03,-5.875712286203544465e+01
7.274783333333333015e+09,1.075594933665513508e-02,-5.877795096369837324e+01
7.274846666666666985e+09,-3.442065334997579384e-02,-5.884699255426752273e+01
7.274910000000000000e+09,2.433758289512866213e-03,-5.883400313051021158e+01
7.274973333333333015e+09,-8.319779814279115726e-03,-5.886862165649584711e+01
7.275036666666666985e+09,-4.691567603714474899e-03,-5.888885843216779392e+01
7.275100000000000000e+09,6.645232792479305317e-03,-5.890138661965377764e+01
7.275163333333333015e+09,-8.070765980477290213e-03,-5.893996760630891885e+01
7.275226666666666985e+09,2.252505596424470014e-02,-5.893323677224638146e+01
7.275290000000000000e+09,-1.673097900251718784e-03,-5.898129991399305538e+01
7.275353333333333015e+09,-2.100280478714466881e-03,-5.900559208445369563e+01
7.275416666666666985e+09,5.137364224850671235e-02,-5.897598314960865196e+01
7.275480000000000000e+09,-4.969661931806257371e-02,-5.910091839905739874e+01
7.275543333333333015e+09,-2.236785552000242205e-03,-5.907732355317352102e+01
7.275606666666666985e+09,7.124144653566588659e-03,-5.909182761085013169e+01
7.275670000000000000e+09,3.839784509978017013e-03,-5.911897695887590487e+01
7.275733333333333015e+09,-9.544960120315693075e-03,-5.915622669138837608e+01
7.275796666666666985e+09,-7.166336122116945262e-02,-5.924221008037174840e+01
7.275860000000000000e+09,-3.362236483238234541e-02,-5.922803407186479774e+01
7.275923333333333015e+09,-5.716124182611537208e-02,-5.927543793674071537e+01
7.275986666666666985e+09,2.828203602744849832e-02,-5.921385964676966296e+01
7.276050000000000000e+09,-5.762768547107555150e-03,-5.927176943922606966e+01
7.276113333333333015e+09,5.984914589163281562e-03,-5.928388674397197633e+01
7.276176666666666985e+09,-4.763377423390835474e-02,-5.936137042067755942e+01
7.276240000000000000e+09,-2.502560826548005934e-02,-5.936262724259097467e+01
7.276303333333333015e+09,-5.547711961975210215e-02,-5.941694374182742422e+01
7.276366666666666985e+09,1.339429288995575007e-02,-5.937193731720023493e+01
7.276430000000000000e+09,-2.756360130207013981e-02,-5.943676019927443832e+01
7.276493333333333015e+09,-1.347166832413648763e-02,-5.944653325417835532e+01
7.276556666666666985e+09,-1.988437323994673989e-03,-5.945891501106072496e+01
7.276620000000000000e+09,4.243894153567850935e-03,-5.947654766746534705e+01
7.276683333333333015e+09,-4.704715161045669447e-02,-5.955170370111120803e+01
7.276746666666666985e+09,-6.363770366419885249e-03,-5.953488530774968979e+01
7.276810000000000000e+09,1.894639077719517672e-02,-5.953344013448825223e+01
7.276873333333333015e+09,4.529660305415461607e-03,-5.957172185284188259e+01
7.276936666666666985e+09,-1.881411867251614467e-02,-5.961893061970232566e+01
7.277000000000000000e+09,-3.440559672088738807e-02,-5.965838708563288151e+01
7.277063333333333015e+09,6.992274596250069862e-03,-5.964085420219792155e+01
7.277126666666666985e+09,-3.281914626786175404e-02,-5.970453061094421088e+01
7.277190000000000000e+09,-4.381073742558072581e-02,-5.973938718998410735e+01
7.277253333333333015e+09,-2.830244659361369486e-02,-5.974774388703431782e+01
7.277316666666666985e+09,-4.654147304634648208e-04,-5.974377184305335220e+01
7.277380000000000000e+09,-2.103956666583428614e-02,-5.978821098287090052e+01
7.277443333333333015e+09,-2.003585517517336712e-02,-5.981107225926242421e+01
7.277506666666666985e+09,-1.204245210944066002e-02,-5.982694384407886901e+01
7.277570000000000000e+09,-1.062896515298206168e-02,-5.984939534500458791e+01
7.277633333333333015e+09,-4.234765923412453503e-02,-5.990497902696790788e+01
7.277696666666666985e+09,1.248227194678719343e-02,-5.987401408366951472e+01
7.277760000000000000e+09,-5.253576000755089126e-02,-5.996289710350569635e+01
7.277823333333333015e+09,-6.983857428565443115e-03,-5.994121018880889551e+01
7.277886666666666985e+09,-1.715641658276467751e-02,-5.997524773584560620e+01
7.277950000000000000e+09,-3.658229742816843100e-02,-6.001853860457285350e+01
7.278013333333333015e+09,7.756689827189688913e-03,-5.999806460519967288e+01
7.278076666666666985e+09,-1.187809123512550968e-02,-6.004156437414450664e+01
7.278140000000000000e+09,-2.648695501022046983e-02,-6.008003822580144515e+01
7.278203333333333015e+09,-9.509097480389527846e-03,-6.008692535615379882e+01
7.278266666666666985e+09,-1.478478561222829057e-02,-6.011606603216814904e+01
7.278330000000000000e+09,3.218545438317477192e-02,-6.009296078005492348e+01
7.278393333333333015e+09,-3.730231535732286829e-02,-6.018631353767726466e+01
7.278456666666666985e+09,7.673361367274367240e-03,-6.016520284883518599e+01
7.278520000000000000e+09,1.091724918330783112e-02,-6.018582394890133003e+01
7.278583333333333015e+09,-4.205804903961052332e-03,-6.022481199087044246e+01
7.278646666666666985e+09,1.341585865122141286e-02,-6.023105531519777145e+01
7.278710000000000000e+09,-3.747828819897591757e-02,-6.030581444993015339e+01
7.278773333333333015e+09,-2.244235025900565006e-02,-6.031464349987202667e+01
7.278836666666666985e+09,-1.534704623010441082e-02,-6.033141318372564399e+01
7.278900000000000000e+09,-1.002117679011149676e-02,-6.034995230216782858e+01
7.278963333333333015e+09,-3.443227658353009701e-02,-6.039822838984342468e+01
7.279026666666666985e+09,-3.352995011655224289e-02,-6.042119105125862433e+01
7.279090000000000000e+09,-2.233494386351964067e-02,-6.043386103288777633e+01
7.279153333333333015e+09,-1.396979300206879770e-02,-6.044936086990850299e+01
7.279216666666666985e+09,7.832901887724119661e-03,-6.045142316290089468e+01
7.279280000000000000e+09,-1.113233092703325156e-02,-6.049425338359782955e+01
7.279343333333333015e+09,-3.866093239839329954e-02,-6.054564697295136710e+01
7.279406666666666985e+09,-1.688614547705924451e-02,-6.054773717391221055e+01
7.279470000000000000e+09,-2.338963495679990956e-02,-6.057810565127413582e+01
7.279533333333333015e+09,-6.381824018833270884e-02,-6.064239924438784612e+01
7.279596666666666985e+09,-2.552278773913485566e-02,-6.062796877982115973e+01
7.279660000000000000e+09,-4.769795125675813097e-02,-6.067400893122063366e+01
7.279723333333333015e+09,-2.068522841956621505e-02,-6.067086119626561924e+01
7.279786666666666985e+09,-2.711214059013400401e-02,-6.070115309631870559e+01
7.279850000000000000e+09,-4.751378722588839310e-02,-6.074541973083629642e+01
7.279913333333333015e+09,1.486593162277216607e-02,-6.070690499986982047e+01
7.279976666666666985e+09,2.708007731243355920e-03,-6.074292791164386074e+01
7.280040000000000000e+09,-3.702124406822093761e-02,-6.080652215132517568e+01
7.280103333333333015e+09,3.194541759711455597e-03,-6.079017135337942079e+01
7.280166666666666985e+09,-1.327409430161452519e-02,-6.083050497732326534e+01
7.280230000000000000e+09,-3.066505969886179628e-02,-6.087176093060269011e+01
7.280293333333333015e+09,-2.625960630606272161e-02,-6.089122046509173458e+01
7.280356666666666985e+09,3.052733605590418620e-02,-6.085829851061227913e+01
7.280420000000000000e+09,-6.584876211667989310e-02,-6.097853959666704071e+01
7.280483333333333015e+09,-3.774491693835813066e-02,-6.097430073937056960e+01
7.280546666666666985e+09,-3.472005408092115886e-03,-6.096389281572282215e+01
7.280610000000000000e+09,-2.531579750821322250e-02,-6.100960159570512076e+01
7.280673333333333015e+09,1.050961855012388924e-02,-6.099764116752862719e+01
7.280736666666666985e+09,-7.375515743524374557e-02,-6.110577093139650628e+01
7.280800000000000000e+09,2.820647363364514604e-03,-6.105306011448007553e+01
7.280863333333333015e+09,-6.504961399450337467e-03,-6.108625071112474103e+01
7.280926666666666985e+09,3.725900269191839698e-02,-6.106635173491588375e+01
7.280990000000000000e+09,8.963047666171064520e-03,-6.111851267782381569e+01
7.281053333333333015e+09,-2.880310365418381480e-02,-6.118014381702634807e+01
7.281116666666666985e+09,-1.911937028865651200e-02,-6.119432507154299827e+01
7.281180000000000000e+09,-1.508276727217605639e-02,-6.121415345640869532e+01
7.281243333333333015e+09,1.774503677891914322e-02,-6.120519064023978473e+01
7.281306666666666985e+09,-3.052632195075943855e-02,-6.127732698685164081e+01
7.281370000000000000e+09,-1.046285547889880263e-02,-6.128112850826196478e+01
7.281433333333333015e+09,5.244618758307950657e-02,-6.124208445308216398e+01
7.281496666666666985e+09,-1.423835781811533252e-02,-6.133263398636587027e+01
7.281560000000000000e+09,-6.832072524481702658e-03,-6.134909268895408019e+01
7.281623333333333015e+09,-3.794458956999591237e-02,-6.140407019388177190e+01
7.281686666666666985e+09,-9.710767463275260525e-03,-6.139970135965756981e+01
7.281750000000000000e+09,-1.305000702677006075e-02,-6.142690558710291526e+01
7.281813333333333015e+09,-3.556856119523388315e-02,-6.147328912915355659e+01
7.281876666666666985e+09,-3.314664419825419373e-03,-6.146490022026065958e+01
7.281940000000000000e+09,-4.949216512126497491e-02,-6.153494270884394268e+01
7.282003333333333015e+09,-3.417692407780492658e-02,-6.154349245568266014e+01
7.282066666666666985e+09,1.387390901214047290e-02,-6.151930661047523330e+01
7.282130000000000000e+09,2.001460910022956341e-03,-6.155504404645952832e+01
7.282193333333333015e+09,2.637872217825787402e-02,-6.155453177307314405e+01
7.282256666666666985e+09,1.483529353267698525e-02,-6.158994018960123640e+01
7.282320000000000000e+09,-2.181391533838450414e-03,-6.163082186254993644e+01
7.282383333333333015e+09,2.938881799714465615e-03,-6.164956657709821997e+01
7.282446666666666985e+09,1.418392226376141707e-02,-6.166218652451669158e+01
7.282510000000000000e+09,-1.034866030032333128e-03,-6.170127030069266283e+01
7.282573333333333015e+09,1.547124887224526901e-04,-6.172394571005575870e+01
7.282636666666666985e+09,1.874988654745379790e-02,-6.172921552387953881e+01
7.282700000000000000e+09,2.992049129490936821e-02,-6.174190990701426074e+01
7.282763333333333015e+09,-4.722632361122691691e-04,-6.179616764942712592e+01
7.282826666666666985e+09,-2.446113072010547285e-02,-6.184402150479363769e+01
7.282890000000000000e+09,-4.366068673520828725e-02,-6.188708604869091801e+01
7.282953333333333015e+09,-2.862520781664557035e-02,-6.189591555765453279e+01
7.283016666666666985e+09,-6.497262065863651515e-03,-6.189765259978593548e+01
7.283080000000000000e+09,1.239722083955285825e-02,-6.190262310476269647e+01
7.283143333333333015e+09,-4.121883094552458715e-02,-6.198010414442995852e+01
7.283206666666666985e+09,-1.148092500474717781e-02,-6.197423122637135862e+01
7.283270000000000000e+09,-2.530322572847865104e-02,-6.201191851497726759e+01
7.283333333333333015e+09,-1.845031746866965250e-02,-6.202893059459963609e+01
7.283396666666666985e+09,-1.968151074868274009e-02,-6.205402677576216774e+01
7.283460000000000000e+09,1.073362738880234701e-02,-6.204747662550652620e+01
7.283523333333333015e+09,-1.284662512148315727e-02,-6.209492186589899632e+01
7.283586666666666985e+09,2.886436698842231863e-02,-6.207707586167160230e+01
7.283650000000000000e+09,4.834847222916494047e-03,-6.212497036931895167e+01
7.283713333333333015e+09,-1.275868156670156850e-02,-6.216642888599074723e+01
7.283776666666666985e+09,-2.965649181999197026e-02,-6.220719168412655620e+01
7.283840000000000000e+09,-3.772666225295040476e-02,-6.223912684244135818e+01
7.283903333333333015e+09,-2.655864078702308007e-02,-6.225182380885761546e+01
7.283966666666666985e+09,1.899337730043271222e-02,-6.223013677865266402e+01
7.284030000000000000e+09,-6.084537477084239754e-02,-6.233384051860578978e+01
7.284093333333333015e+09,-3.278373920106503192e-02,-6.232964387091818992e+01
7.284156666666666985e+09,-1.228469183328684267e-02,-6.233300981143293029e+01
7.284220000000000000e+09,-3.087733468234432621e-02,-6.237546744216416528e+01
7.284283333333333015e+09,9.812267453604306411e-03,-6.235864282791006019e+01
7.284346666666666985e+09,-3.762090222186031951e-02,-6.242994098546803627e+01
7.284410000000000000e+09,-2.477033262056238527e-02,-6.244095540374892295e+01
7.284473333333333015e+09,1.701757466464925983e-02,-6.242303248434555485e+01
7.284536666666666985e+09,-3.411111074870376569e-02,-6.249802615764142644e+01
7.284600000000000000e+09,-4.115486402932333476e-02,-6.252893489880422351e+01
7.284663333333333015e+09,-4.055066812379237717e-02,-6.255219569078053610e+01
7.284726666666666985e+09,2.738310449097269839e-02,-6.250812690604828248e+01
7.284790000000000000e+09,-1.710524883100106308e-02,-6.257648024725244085e+01
7.284853333333333015e+09,-2.635829927512389759e-02,-6.260959828557874118e+01
7.284916666666666985e+09,-3.777147027939520285e-02,-6.264487644446519710e+01
7.284980000000000000e+09,2.447757907719250170e-02,-6.260649238299078689e+01
7.285043333333333015e+09,-9.988242515696299506e-03,-6.266482319246585320e+01
7.285106666666666985e+09,-2.182604591595094234e-02,-6.270052598374828534e+01
7.285170000000000000e+09,6.877970954434431405e-03,-6.269568695476007747e+01
7.285233333333333015e+09,-6.290751247242098998e-03,-6.273272066484393861e+01
7.285296666666666985e+09,2.299152752717503745e-02,-6.272730337395203293e+01
7.285360000000000000e+09,2.080326598223081191e-02,-6.275335662337882781e+01
7.285423333333333015e+09,1.498377909395287588e-02,-6.278304109814928324e+01
7.285486666666666985e+09,-3.641487808252463765e-04,-6.282225401390657993e+01
7.285550000000000000e+09,-8.830618890485197880e-04,-6.284663791489663964e+01
7.285613333333333015e+09,-6.194319610198562032e-02,-6.293156303699176135e+01
7.285676666666666985e+09,-1.928857071861500572e-02,-6.291277339949090219e+01
7.285740000000000000e+09,3.903937980754790260e-02,-6.287831043684658994e+01
7.285803333333333015e+09,-2.262017787963799265e-02,-6.296383498241595333e+01
7.285866666666666985e+09,8.675711523544293868e-03,-6.295640408089528961e+01
7.285930000000000000e+09,-1.228037939206672036e-03,-6.299017281823987702e+01
7.285993333333333015e+09,-3.342893723312556631e-02,-6.304623870541598052e+01
7.286056666666666985e+09,9.872115404760961610e-03,-6.302680264066060545e+01
7.286120000000000000e+09,-5.026991240035272313e-02,-6.311080965634789663e+01
7.286183333333333015e+09,2.090842709866791438e-02,-6.306349630473072665e+01
7.286246666666666985e+09,1.028837109869584765e-02,-6.309798134861321017e+01
7.286310000000000000e+09,-1.375127437636791683e-02,-6.314588598197045854e+01
7.286373333333333015e+09,-3.010811751587993967e-02,-6.318610781299181411e+01
7.286436666666666985e+09,-4.742108412255419125e-02,-6.322728576748099982e+01
7.286500000000000000e+09,-3.126590464533762770e-02,-6.323499557588596076e+01
7.286563333333333015e+09,3.328266008068681003e-03,-6.322426639311440510e+01
7.286626666666666985e+09,-8.444384826518103182e-03,-6.325990403183150335e+01
7.286690000000000000e+09,2.449296659086996897e-03,-6.327287533822808285e+01
7.286753333333333015e+09,5.673058358638627396e-03,-6.329351656441070872e+01
7.286816666666666985e+09,-3.984759384005798211e-02,-6.336290220449158284e+01
7.286880000000000000e+09,-1.685864334903186545e-02,-6.336377824188273422e+01
7.286943333333333015e+09,-4.786346306760691505e-02,-6.341864804948348677e+01
7.287006666666666985e+09,8.431372534232650651e-03,-6.338621820176383181e+01
7.287070000000000000e+09,-2.648987549646619755e-02,-6.344500443767671527e+01
7.287133333333333015e+09,-2.100156409149889214e-02,-6.346338111415392547e+01
7.287196666666666985e+09,1.319191237070782563e-02,-6.345305262557389625e+01
7.287260000000000000e+09,-1.722852888337200739e-02,-6.350733805471015359e+01
7.287323333333333015e+09,-1.649639298464933290e-02,-6.353047090669360841e+01
7.287386666666666985e+09,-2.997866610346733296e-02,-6.356781816769494498e+01
7.287450000000000000e+09,-5.512650153630715977e-02,-6.361683099100963545e+01
7.287513333333333015e+09,-9.483933219350149102e-03,-6.359505341057485595e+01
7.287576666666666985e+09,1.012742875462890879e-02,-6.359930703648338834e+01
7.287640000000000000e+09,-1.865450730160489456e-02,-6.365195396042146569e+01
7.287703333333333015e+09,-1.351013828462299671e-02,-6.367067457928666130e+01
7.287766666666666985e+09,-9.715327456446942733e-02,-6.377818270344902629e+01
7.287830000000000000e+09,-2.984202552438119938e-02,-6.373473644229078161e+01
7.287893333333333015e+09,-4.348508105539394819e-02,-6.377224448570397897e+01
7.287956666666666985e+09,-5.070688878418394552e-02,-6.380333128131528042e+01
7.288020000000000000e+09,-1.235979185388913493e-02,-6.378884917226716311e+01
7.288083333333333015e+09,-6.351223126657146167e-04,-6.380098949060778324e+01
7.288146666666666985e+09,-1.075452762589890199e-02,-6.383497388380353499e+01
7.288210000000000000e+09,-3.429942197860214037e-02,-6.388238376603841573e+01
7.288273333333333015e+09,-3.779603264259634443e-02,-6.390974536458426059e+01
7.288336666666666985e+09,-6.843236313417122574e-02,-6.396424668295834692e+01
7.288400000000000000e+09,-6.805905747170726272e-02,-6.398773836517806046e+01
7.288463333333333015e+09,-5.402680688426642064e-02,-6.399757110247246317e+01
7.288526666666666985e+09,2.023575287985579507e-03,-6.396538570818272973e+01
7.288590000000000000e+09,-6.501617747892396437e-02,-6.405629044883181678e+01
7.288653333333333015e+09,-3.215259094822897623e-02,-6.404729185018329929e+01
7.288716666666666985e+09,-4.937228493872680701e-02,-6.408837653205597462e+01
7.288780000000000000e+09,-1.744619343719477911e-02,-6.408031542843662010e+01
7.288843333333333015e+09,-5.268371310121722217e-02,-6.413941793598283425e+01
7.288906666666666985e+09,-3.832001605364609986e-02,-6.414891922681744063e+01
7.288970000000000000e+09,-4.541751338847177522e-02,-6.417988171203444381e+01
7.289033333333333015e+09,-4.552378385595545751e-02,-6.420385297038410499e+01
7.289096666666666985e+09,-6.506848561147648979e-02,-6.424726266002180353e+01
7.289160000000000000e+09,-7.141457722022437338e-02,-6.427747373951274312e+01
7.289223333333333015e+09,-6.598855401891512429e-02,-6.429591270419361138e+01
7.289286666666666985e+09,-8.458903983860466269e-02,-6.433837817789580527e+01
7.289350000000000000e+09,-1.037441055197092510e-01,-6.438139823145876051e+01
7.289413333333333015e+09,-7.496017882340311189e-02,-6.437647929264463187e+01
7.289476666666666985e+09,-7.954920485724414903e-02,-6.440493330656099147e+01
7.289540000000000000e+09,-1.497609474659071793e-01,-6.449901003705149094e+01
7.289603333333333015e+09,-1.146828867111366890e-01,-6.448779696417889795e+01
7.289666666666666985e+09,-1.126385700681424851e-01,-6.450961763541842231e+01
7.289730000000000000e+09,-1.483897859014859932e-01,-6.456923383913361647e+01
7.289793333333333015e+09,-1.828531999229028315e-01,-6.462756224103721081e+01
7.289856666666666985e+09,-2.188054124682707879e-01,-6.468737944146509733e+01
7.289920000000000000e+09,-1.939117103939196340e-01,-6.468635072727292368e+01
7.289983333333333015e+09,-1.994140088507947439e-01,-6.471571801361164944e+01
7.290046666666666985e+09,-2.398395247077758086e-01,-6.478000851735113486e+01
7.290110000000000000e+09,-2.396627021403645585e-01,-6.480369668266591532e+01
7.290173333333333015e+09,-2.871348447253296854e-01,-6.487503381313271689e+01
7.290236666666666985e+09,-2.719172072591220513e-01,-6.488368116354902781e+01
7.290300000000000000e+09,-3.474911925399482016e-01,-6.498312013671203147e+01
7.290363333333333015e+09,-4.223678584386618695e-01,-6.508186179049258158e+01
7.290426666666666985e+09,-3.559963379214252654e-01,-6.503935525785786353e+01
7.290490000000000000e+09,4.695159617693036580e-01,-6.423770794604931211e+01
7.290553333333333015e+09,6.846191195473636526e-01,-6.404646977615342962e+01
7.290616666666666985e+09,5.285089460630842950e-01,-6.422644493751990069e+01
7.290680000000000000e+09,3.780328801439623021e-01,-6.440078599132120019e+01
7.290743333333333015e+09,3.212906377199402641e-01,-6.448139322162739973e+01
7.290806666666666985e+09,2.525678058459703834e-01,-6.457398104138354711e+01
7.290870000000000000e+09,2.439075722216585973e-01,-6.460650626289003640e+01
7.290933333333333015e+09,2.231076746937503685e-01,-6.465117114830013634e+01
7.290996666666666985e+09,1.716162315990885645e-01,-6.472652757927697564e+01
7.291060000000000000e+09,2.088057017946169935e-01,-6.471320309696362472e+01
7.291123333333333015e+09,1.721556831296737755e-01,-6.477371810351074544e+01
7.291186666666666985e+09,1.437325693967608231e-01,-6.482600620512617695e+01
7.291250000000000000e+09,1.472812853052545279e-01,-6.484632247709951969e+01
7.291313333333333015e+09,1.366544109417731079e-01,-6.488081433934517861e+01
7.291376666666666985e+09,8.146464979282086460e-02,-6.495986908837664942e+01
7.291440000000000000e+09,1.263805843272223228e-01,-6.493881814172409861e+01
7.291503333333333015e+09,9.230856154412947490e-02,-6.499675515238936896e+01
7.291566666666666985e+09,1.481939309973938634e-01,-6.496473477081860892e+01
7.291630000000000000e+09,8.136599952732126440e-02,-6.505542769017053217e+01
7.291693333333333015e+09,9.913163274939051917e-02,-6.506152704483065463e+01
7.291756666666666985e+09,8.402211048827723516e-02,-6.510050155497427227e+01
7.291820000000000000e+09,4.884144482812757815e-02,-6.515954720851659943e+01
7.291883333333333015e+09,7.550682440790978944e-02,-6.515674681681866787e+01
7.291946666666666985e+09,7.275466265767249752e-02,-6.518336396645142372e+01
7.292010000000000000e+09,8.345474384937290324e-02,-6.519652887314190082e+01
7.292073333333333015e+09,6.586353779354681137e-02,-6.523798506707956335e+01
7.292136666666666985e+09,7.285975916076381509e-02,-6.525485383359486491e+01
7.292200000000000000e+09,5.666162824005027687e-02,-6.529491695239775595e+01
7.292263333333333015e+09,7.799611053698640717e-02,-6.529744745798267047e+01
7.292326666666666985e+09,1.012377754486237791e-01,-6.529807078095353745e+01
7.292390000000000000e+09,5.376693639831842120e-02,-6.536940660788603452e+01
7.292453333333333015e+09,1.053774022657592013e-01,-6.534166112990077124e+01
7.292516666666666985e+09,5.619555836416623151e-02,-6.541470796168454171e+01
7.292580000000000000e+09,7.574018416150352095e-02,-6.541902832376938193e+01
7.292643333333333015e+09,6.100961041420305264e-02,-6.545762388539885990e+01
7.292706666666666985e+09,8.623128372310873146e-02,-6.545626719997214593e+01
7.292770000000000000e+09,5.854325778172153605e-02,-6.550782021379571063e+01
7.292833333333333015e+09,2.382850297281891017e-02,-6.556639995648679076e+01
7.292896666666666985e+09,3.528999823288359039e-02,-6.557880344910890358e+01
7.292960000000000000e+09,4.987124033060297279e-02,-6.558808719489336170e+01
7.293023333333333015e+09,2.487848607867704231e-02,-6.563694493702746513e+01
7.293086666666666985e+09,7.102100308355829839e-02,-6.561466740790510244e+01
7.293150000000000000e+09,6.487929443427731258e-02,-6.564467410443621986e+01
7.293213333333333015e+09,7.679888695476222438e-02,-6.565661949979792666e+01
7.293276666666666985e+09,2.377330633956376005e-02,-6.573351006829562948e+01
7.293340000000000000e+09,6.541490505107105946e-02,-6.571573345746597283e+01
7.293403333333333015e+09,3.203732338754150533e-02,-6.577297602701167989e+01
7.293466666666666985e+09,6.233614860580871664e-02,-6.576654218967593124e+01
7.293530000000000000e+09,4.458117342007028583e-02,-6.580816215274352032e+01
7.293593333333333015e+09,7.326930264208897370e-02,-6.580333901140367914e+01
7.293656666666666985e+09,5.738434750195153811e-02,-6.584308895442633514e+01
7.293720000000000000e+09,4.681734710094076490e-02,-6.587752094270952341e+01
7.293783333333333015e+09,4.422759478418925028e-02,-6.590397568290811137e+01
7.293846666666666985e+09,1.295260349191096338e-02,-6.595911566208290822e+01
7.293910000000000000e+09,5.538392609545894629e-02,-6.594054932736153773e+01
7.293973333333333015e+09,7.053303334545546477e-02,-6.594926520799339187e+01
7.294036666666666985e+09,5.279712677941006405e-02,-6.599086610244194162e+01
7.294100000000000000e+09,7.128114218119208090e-02,-6.599624707492233711e+01
7.294163333333333015e+09,4.517409267488403657e-02,-6.604621911231049580e+01
7.294226666666666985e+09,8.138159753725915380e-02,-6.603387659533063925e+01
7.294290000000000000e+09,-1.058125931874087655e-02,-6.614970444006881678e+01
7.294353333333333015e+09,4.259779863791379739e-02,-6.612039036999401276e+01
7.294416666666666985e+09,3.437383297850260533e-02,-6.615247932353592830e+01
7.294480000000000000e+09,7.464335560950985382e-02,-6.613607478878711277e+01
7.294543333333333015e+09,6.668832711515904066e-02,-6.616789480516364108e+01
7.294606666666666985e+09,5.778295561029267446e-02,-6.620066516455068495e+01
7.294670000000000000e+09,2.830737353549750424e-02,-6.625400573450765762e+01
7.294733333333333015e+09,8.406712015560913187e-02,-6.622211097576972350e+01
7.294796666666666985e+09,4.758720735659949241e-02,-6.628245587645091064e+01
7.294860000000000000e+09,2.847184022323290264e-02,-6.632543623146645473e+01
7.294923333333333015e+09,5.713304773185257091e-02,-6.632064001184001256e+01
7.294986666666666985e+09,4.171545841897739137e-02,-6.635992258903540630e+01
7.295050000000000000e+09,7.514447715446692655e-02,-6.635035855818176742e+01
7.295113333333333015e+09,4.282283116299367975e-02,-6.640654519205541817e+01
7.295176666666666985e+09,3.415026295026279968e-02,-6.643908274815066761e+01
7.295240000000000000e+09,5.502121936085302423e-02,-6.644207677962192804e+01
7.295303333333333015e+09,4.690838325703339251e-02,-6.647405460360792517e+01
7.295366666666666985e+09,7.020854737304205173e-02,-6.647461942737442087e+01
7.295430000000000000e+09,4.670154877148036121e-02,-6.652199141385783321e+01
7.295493333333333015e+09,3.395649579009329955e-02,-6.655860145472139777e+01
7.295556666666666985e+09,8.658995916803746695e-03,-6.660776394247720589e+01
7.295620000000000000e+09,9.148282321281442364e-02,-6.654880510306337271e+01
7.295683333333333015e+09,5.879155138217129206e-02,-6.660536136277585229e+01
7.295746666666666985e+09,1.053956041756975992e-02,-6.667747834162297238e+01
7.295810000000000000e+09,7.979098248071636590e-02,-6.663209190744200328e+01
7.295873333333333015e+09,7.982717686023477199e-02,-6.665592070094433552e+01
7.295936666666666985e+09,6.322527989796355996e-02,-6.669638758578912530e+01
7.296000000000000000e+09,4.390305734230537382e-02,-6.673957479622696098e+01
7.296063333333333015e+09,5.279162240283596930e-02,-6.675455121904828104e+01
7.296126666666666985e+09,3.409684182874173075e-02,-6.679711098750487963e+01
7.296190000000000000e+09,6.401609273559927260e-02,-6.679105672448019959e+01
7.296253333333333015e+09,3.917839705944459183e-02,-6.683975940803820492e+01
7.296316666666666985e+09,1.676625812841336938e-02,-6.688603653485175471e+01
7.296380000000000000e+09,6.098820221559719812e-02,-6.686567957864674838e+01
7.296443333333333015e+09,2.064433187662473301e-02,-6.692988843686789835e+01
7.296506666666666985e+09,3.612335323975912615e-02,-6.693827440338694146e+01
7.296570000000000000e+09,4.669669943419307856e-02,-6.695156604507468501e+01
7.296633333333333015e+09,3.043678564957019717e-02,-6.699169094674148539e+01
7.296696666666666985e+09,1.838047545867027566e-02,-6.702761224481456281e+01
7.296760000000000000e+09,5.951593505059804556e-03,-6.706390611465036500e+01
7.296823333333333015e+09,5.027346462722448450e-02,-6.704344923141037782e+01
7.296886666666666985e+09,6.110057103428800929e-02,-6.705648711288581865e+01
7.296950000000000000e+09,2.482035775827284851e-02,-6.711663231404368446e+01
7.297013333333333015e+09,4.494095107293105684e-02,-6.712037670861121796e+01
7.297076666666666985e+09,2.042079234276172883e-02,-6.716876185522389164e+01
7.297140000000000000e+09,4.986266113802173550e-02,-6.716318497431048229e+01
7.297203333333333015e+09,8.523910056908334809e-03,-6.722838871327377319e+01
7.297266666666666985e+09,3.992756683027209874e-02,-6.722085004438292799e+01
7.297330000000000000e+09,6.643398630592400878e-02,-6.721820861278911252e+01
7.297393333333333015e+09,3.773384674882152012e-02,-6.727077374022839251e+01
7.297456666666666985e+09,1.888858419846428660e-03,-6.733048371643988617e+01
7.297520000000000000e+09,2.700310996969790267e-02,-6.732923445277188534e+01
7.297583333333333015e+09,1.822366324404356419e-02,-6.736187888737971718e+01
7.297646666666666985e+09,5.052762777029329300e-02,-6.735343991073597181e+01
7.297710000000000000e+09,5.285215076037275139e-02,-6.737498037562808406e+01
7.297773333333333015e+09,5.129946027413723186e-02,-6.740039805399615602e+01
7.297836666666666985e+09,5.750220929570559747e-02,-6.741806029285710622e+01
7.297900000000000000e+09,3.647683640238597036e-02,-6.746295065363260335e+01
7.297963333333333015e+09,3.545959500428352840e-03,-6.751974651841641162e+01
7.298026666666666985e+09,4.559308578757281794e-02,-6.750156438001178572e+01
7.298090000000000000e+09,4.897755715931850773e-02,-6.752204489652221753e+01
7.298153333333333015e+09,7.274140365944958830e-02,-6.752214603790392289e+01
7.298216666666666985e+09,4.586296644082210605e-02,-6.757288946300506893e+01
7.298280000000000000e+09,6.704306628050460404e-02,-6.757557435104756394e+01
7.298343333333333015e+09,1.420102836203795960e-02,-6.765228137684820808e+01
7.298406666666666985e+09,5.223650535553758800e-02,-6.763811088773688596e+01
7.298470000000000000e+09,2.054124500546095078e-02,-6.769367113596914010e+01
7.298533333333333015e+09,2.598396574018124738e-02,-6.771209340311661151e+01
7.298596666666666985e+09,2.398822980350701073e-02,-6.773795412693546325e+01
7.298660000000000000e+09,6.574005048985043231e-02,-6.772006729413129733e+01
7.298723333333333015e+09,6.252583571119885164e-02,-6.774714649679212641e+01
7.298786666666666985e+09,1.734820657276259226e-02,-6.781618911381308124e+01
7.298850000000000000e+09,2.272413179873922218e-02,-6.783467817646895526e+01
7.298913333333333015e+09,-7.559119563481431214e-03,-6.788882641571335341e+01
7.298976666666666985e+09,5.591825170766639985e-02,-6.784921403232472414e+01
7.299040000000000000e+09,3.684854553218031015e-02,-6.789214872638204668e+01
7.299103333333333015e+09,6.039916565575254026e-02,-6.789246309414065195e+01
7.299166666666666985e+09,5.757050617168602002e-02,-6.791915674150723703e+01
7.299230000000000000e+09,1.705511178175811438e-02,-6.798353712377900138e+01
7.299293333333333015e+09,5.546787665551278224e-02,-6.796898934678743842e+01
7.299356666666666985e+09,5.192034892218089226e-02,-6.799640186240327466e+01
7.299420000000000000e+09,6.715021782956398511e-02,-6.800503698137774222e+01
7.299483333333333015e+09,2.989340168217324845e-02,-6.806615878540731046e+01
7.299546666666666985e+09,5.096078990622743277e-02,-6.806895638506577484e+01
7.299610000000000000e+09,3.531942415573041671e-02,-6.810846273869844936e+01
7.299673333333333015e+09,5.005538701554712588e-02,-6.811759176372048330e+01
7.299736666666666985e+09,3.834040703553398544e-02,-6.815317173158300079e+01
7.299800000000000000e+09,3.036160215849292854e-02,-6.818501552434223356e+01
7.299863333333333015e+09,5.538515374401242752e-02,-6.818385696063855050e+01
7.299926666666666985e+09,3.754851453183505328e-02,-6.822555858773324644e+01
7.299990000000000000e+09,1.515561185242120246e-02,-6.827181647829483779e+01
7.300053333333333015e+09,9.147530309988383124e-02,-6.821936177492921161e+01
7.300116666666666985e+09,9.862420929482595966e-02,-6.823607785661678804e+01
7.300180000000000000e+09,6.794029964211745209e-02,-6.829062675415167405e+01
7.300243333333333015e+09,1.652230636673834852e-02,-6.836590973530923065e+01
7.300306666666666985e+09,5.999903642144488458e-02,-6.834629799313671583e+01
7.300370000000000000e+09,1.081998860419730590e-02,-6.841934202883614091e+01
7.300433333333333015e+09,-7.941015241939908265e-03,-6.846196802056445563e+01
7.300496666666666985e+09,5.566416002434948496e-02,-6.842222783318034374e+01
7.300560000000000000e+09,3.970813192822220117e-02,-6.846204884915866273e+01
7.300623333333333015e+09,3.458441777888765500e-02,-6.849103755119017478e+01
7.300686666666666985e+09,3.874384210016046381e-02,-6.851074311475107947e+01
7.300750000000000000e+09,1.000399237260864993e-01,-6.847331202100733094e+01
7.300813333333333015e+09,3.626935962300592564e-02,-6.856094757299258902e+01
7.300876666666666985e+09,6.108008380721230424e-02,-6.856000183669090120e+01
7.300940000000000000e+09,8.740304856635816577e-02,-6.855754385981359178e+01
7.301003333333333015e+09,3.585830209003404434e-02,-6.863295359417209340e+01
7.301066666666666985e+09,2.854874155264042201e-02,-6.866412814259200559e+01
7.301130000000000000e+09,7.035410361547178582e-02,-6.864618776841102488e+01
7.301193333333333015e+09,3.369198996010425162e-02,-6.870671486994856991e+01
7.301256666666666985e+09,2.289780312405298446e-02,-6.874137404466713974e+01
7.301320000000000000e+09,7.010864683513773343e-02,-6.871802818883789143e+01
7.301383333333333015e+09,5.437089645973003371e-02,-6.875763092709549085e+01
7.301446666666666985e+09,1.294233730543226102e-02,-6.882292447413229297e+01
7.301510000000000000e+09,3.106463730104280785e-02,-6.882866716201885993e+01
7.301573333333333015e+09,5.679998981197798003e-02,-6.882679679738977541e+01
7.301636666666666985e+09,3.936925780035949174e-02,-6.886809251728391246e+01
7.301700000000000000e+09,3.802141214373477851e-02,-6.889330535082271467e+01
7.301763333333333015e+09,1.577585271256509714e-02,-6.893941589813572079e+01
7.301826666666666985e+09,5.660035126197726640e-02,-6.892245638746882719e+01
7.301890000000000000e+09,7.884847238820213988e-02,-6.892407325422477982e+01
7.301953333333333015e+09,3.763135878585899263e-02,-6.898915535570897362e+01
7.302016666666666985e+09,4.499121783112514095e-02,-6.900566048454621182e+01
7.302080000000000000e+09,5.686291150968258989e-02,-6.901765377874984608e+01
7.302143333333333015e+09,4.429423735182069777e-02,-6.905408744078988548e+01
7.302206666666666985e+09,4.307386035330296181e-02,-6.907917280567058071e+01
7.302270000000000000e+09,2.545423942657976113e-02,-6.912065741447948142e+01
7.302333333333333015e+09,4.863395341567411378e-02,-6.912134268837257878e+01
7.302396666666666985e+09,3.816003022200220585e-02,-6.915568159944842819e+01
7.302460000000000000e+09,5.019422912744175846e-02,-6.916751238842516614e+01
7.302523333333333015e+09,6.242796592223953667e-02,-6.917914363951254586e+01
7.302586666666666985e+09,5.768131425820399727e-02,-6.920775527905875890e+01
7.302650000000000000e+09,4.224148254789383827e-02,-6.924706009865124656e+01
7.302713333333333015e+09,7.214867443494199506e-02,-6.924101789464637591e+01
7.302776666666666985e+09,4.238422582825762674e-02,-6.929464733113557884e+01
7.302840000000000000e+09,3.358137669462735175e-02,-6.932731516815105977e+01
7.302903333333333015e+09,1.066461316203515253e-02,-6.937409691956582947e+01
7.302966666666666985e+09,6.422400273483219735e-02,-6.934440251787553677e+01
7.303030000000000000e+09,1.302600598218361938e-02,-6.941946550251003600e+01
7.303093333333333015e+09,9.023845170993638476e-02,-6.936611804466446074e+01
7.303156666666666985e+09,5.329387705053534319e-02,-6.942692760720638034e+01
7.303220000000000000e+09,-2.191110370125670670e-02,-6.952599757584002305e+01
7.303283333333333015e+09,2.184410007116355246e-02,-6.950610735994978029e+01
7.303346666666666985e+09,1.713115120438146732e-02,-6.953468529669908094e+01
7.303410000000000000e+09,7.466804449416031275e-02,-6.950101339129147959e+01
7.303473333333333015e+09,5.275663116496787097e-02,-6.954678979250250848e+01
7.303536666666666985e+09,3.327982473624047088e-02,-6.959013158681375444e+01
7.303600000000000000e+09,5.965231756265154672e-02,-6.958762408186952086e+01
7.303663333333333015e+09,3.474440924715338497e-02,-6.963639697806686968e+01
7.303726666666666985e+09,6.700707443407338815e-02,-6.962799930076245403e+01
7.303790000000000000e+09,6.279724249414186943e-02,-6.965607412058456305e+01
7.303853333333333015e+09,-8.082492817592878964e-03,-6.975081884377814845e+01
7.303916666666666985e+09,5.253294887624804232e-02,-6.971406838996682609e+01
7.303980000000000000e+09,5.643067693274872454e-02,-6.973403564979250291e+01
7.304043333333333015e+09,5.035291345119219386e-02,-6.976397840115623694e+01
7.304106666666666985e+09,2.876982790530746570e-02,-6.980942647458431338e+01
7.304170000000000000e+09,2.775555655942696376e-02,-6.983430573381237139e+01
7.304233333333333015e+09,3.686964363646438869e-02,-6.984905663461751146e+01
7.304296666666666985e+09,5.263291450104645719e-02,-6.985715835163510690e+01
7.304360000000000000e+09,4.617406115168876113e-02,-6.988748219286664209e+01
7.304423333333333015e+09,7.832709196895848436e-02,-6.987919414993154987e+01
7.304486666666666985e+09,7.756009027818322465e-02,-6.990382613950450263e+01
7.304550000000000000e+09,5.208026541635035755e-02,-6.995317095224851300e+01
7.304613333333333015e+09,3.440226918606015261e-02,-6.999471393636099492e+01
7.304676666666666985e+09,2.059169135969796116e-02,-7.003238950206986146e+01
7.304740000000000000e+09,7.123120892474332777e-02,-7.000561497238666675e+01
7.304803333333333015e+09,1.115526594406048844e-01,-6.998915850975298270e+01
7.304866666666666985e+09,7.038001353727452170e-02,-7.005419614353883162e+01
7.304930000000000000e+09,7.443147566047514374e-02,-7.007400966929748165e+01
7.304993333333333015e+09,3.954467219588764237e-02,-7.013276146064424665e+01
7.305056666666666985e+09,8.563633621656663308e-02,-7.011053478450608623e+01
7.305120000000000000e+09,3.571762360820684989e-02,-7.018431848499628245e+01
7.305183333333333015e+09,7.972996346083505159e-02,-7.016417113302583175e+01
7.305246666666666985e+09,6.907509910931253216e-02,-7.019869098525987283e+01
7.305310000000000000e+09,1.132582934473163050e-01,-7.017837277880404656e+01
7.305373333333333015e+09,6.558268386892507351e-02,-7.024991337626427423e+01
7.305436666666666985e+09,7.710963080178601103e-02,-7.026225141721393186e+01
7.305500000000000000e+09,9.290885200972809344e-02,-7.027031718388816728e+01
7.305563333333333015e+09,4.396376423564163360e-02,-7.034312725954410439e+01
7.305626666666666985e+09,2.929448877632978565e-02,-7.038166152288593480e+01
7.305690000000000000e+09,6.735196252674313655e-02,-7.036746903701769895e+01
7.305753333333333015e+09,7.143598937709327856e-02,-7.038724999804919946e+01
7.305816666666666985e+09,4.150234708330913236e-02,-7.044104862822548796e+01
7.305880000000000000e+09,1.159944513690476242e-01,-7.039042151182194118e+01
7.305943333333333015e+09,9.058851454341265708e-02,-7.043969243652975365e+01
7.306006666666666985e+09,9.818892411712454305e-02,-7.045595701483821927e+01
7.306070000000000000e+09,5.138699613588926240e-02,-7.052662393070163205e+01
7.306133333333333015e+09,1.973930728010486746e-02,-7.058213660743959394e+01
7.306196666666666985e+09,4.906483129306593582e-02,-7.057667607130881038e+01
7.306260000000000000e+09,1.487495774523495129e-02,-7.063473093273881886e+01
7.306323333333333015e+09,5.658477444413279045e-02,-7.061688610392209853e+01
7.306386666666666985e+09,7.355735706561006282e-02,-7.062377850918279876e+01
7.306450000000000000e+09,5.048675894889242954e-02,-7.067071409518170810e+01
7.306513333333333015e+09,4.402582256699361096e-02,-7.070104001944578442e+01
7.306576666666666985e+09,1.025600775501800399e-01,-7.066637075234510235e+01
7.306640000000000000e+09,5.589540251271785110e-02,-7.073690041526442940e+01
7.306703333333333015e+09,7.866439666216251680e-02,-7.073799640899716223e+01
7.306766666666666985e+09,1.040433080515157371e-01,-7.073648248549031337e+01
7.306830000000000000e+09,5.286603627411068373e-02,-7.081152474514956907e+01
7.306893333333333015e+09,9.095655571555028018e-02,-7.079729921359030698e+01
7.306956666666666985e+09,3.786120678503834824e-02,-7.087425955040333747e+01
7.307020000000000000e+09,7.851021217825859821e-02,-7.085747553289195366e+01
7.307083333333333015e+09,7.421997037928917962e-02,-7.088563076257310058e+01
7.307146666666666985e+09,8.308378985327635746e-02,-7.090063193098163197e+01
7.307210000000000000e+09,5.291150021758994626e-02,-7.095466920849949588e+01
7.307273333333333015e+09,3.680631082292507017e-02,-7.099463938577601141e+01
7.307336666666666985e+09,3.579102515558929554e-02,-7.101951965932585153e+01
7.307400000000000000e+09,8.487174176525513758e-02,-7.099430393059837741e+01
7.307463333333333015e+09,1.067378495998525523e-01,-7.099630281064563064e+01
7.307526666666666985e+09,7.775521624301973134e-02,-7.104915043188496782e+01
7.307590000000000000e+09,7.727516197425643441e-02,-7.107349547403590861e+01
7.307653333333333015e+09,1.209557177643603154e-01,-7.105367990612765539e+01
7.307716666666666985e+09,9.981198329229812316e-02,-7.109868862848223614e+01
7.307780000000000000e+09,6.045173457523844718e-02,-7.116191386508147332e+01
7.307843333333333015e+09,3.428850564770868914e-02,-7.121194208189083952e+01
7.307906666666666985e+09,6.065486203593195569e-02,-7.120944071338513481e+01
7.307970000000000000e+09,1.088152607934063099e-01,-7.118514530250983796e+01
7.308033333333333015e+09,8.032235430091816397e-02,-7.123750319688450361e+01
7.308096666666666985e+09,8.143591838553732032e-02,-7.126025462068206195e+01
7.308160000000000000e+09,8.226588647728760861e-02,-7.128328964047248917e+01
7.308223333333333015e+09,7.787132921228590021e-02,-7.131154918561968259e+01
7.308286666666666985e+09,7.113462960855088113e-02,-7.134215087310559511e+01
7.308350000000000000e+09,1.139054346351002778e-01,-7.132324505596122322e+01
7.308413333333333015e+09,7.183175195643798361e-02,-7.138918372652207722e+01
7.308476666666666985e+09,7.163724496966494826e-02,-7.141324322139135461e+01
7.308540000000000000e+09,6.195946275403230175e-02,-7.144678599148883791e+01
7.308603333333333015e+09,7.700146924507578206e-02,-7.145560897287997193e+01
7.308666666666666985e+09,5.706926914589871558e-02,-7.149940616086166756e+01
7.308730000000000000e+09,8.101378237464018639e-02,-7.149932663551476253e+01
7.308793333333333015e+09,6.848336317368364234e-02,-7.153572204259789657e+01
7.308856666666666985e+09,7.603404716611805725e-02,-7.155203634648798072e+01
7.308920000000000000e+09,7.868275225999354916e-02,-7.157325262927594167e+01
7.308983333333333015e+09,9.028831690888239336e-02,-7.158551205250923033e+01
7.309046666666666985e+09,1.168310278559800963e-01,-7.158283432944465119e+01
7.309110000000000000e+09,6.067519595906389895e-02,-7.166285514922374489e+01
7.309173333333333015e+09,8.727604204108274644e-02,-7.166011929102357669e+01
7.309236666666666985e+09,9.688979169403921787e-02,-7.167437052925313878e+01
7.309300000000000000e+09,5.134834841827284890e-02,-7.174377696041108265e+01
7.309363333333333015e+09,8.150040035836525476e-02,-7.173748989635284090e+01
7.309426666666666985e+09,7.387586431423187605e-02,-7.176897942027949284e+01
7.309490000000000000e+09,8.292450881529589424e-02,-7.178379576366060633e+01
7.309553333333333015e+09,6.954446949768566810e-02,-7.182104079086005299e+01
7.309616666666666985e+09,7.315689242798839587e-02,-7.184129335581226883e+01
7.309680000000000000e+09,1.142458091437816847e-01,-7.182406942697865304e+01
7.309743333333333015e+09,7.118201461108242256e-02,-7.189099820939318874e+01
7.309806666666666985e+09,8.666993627112162812e-02,-7.189937527561566810e+01
7.309870000000000000e+09,4.433975990154692681e-02,-7.196557043986742030e+01
7.309933333333333015e+09,1.045334973892124708e-01,-7.192924169026193226e+01
7.309996666666666985e+09,9.180900426652272017e-02,-7.196583117126681373e+01
7.310060000000000000e+09,6.661406871874930857e-02,-7.201489109469676464e+01
7.310123333333333015e+09,9.402901559673182419e-02,-7.201134113570095963e+01
7.310186666666666985e+09,1.007162833706161109e-01,-7.202851885580926705e+01
7.310250000000000000e+09,5.903308305579457738e-02,-7.209406704400626609e+01
7.310313333333333015e+09,8.523260748617644822e-02,-7.209173250745806172e+01
7.310376666666666985e+09,7.005230416947938465e-02,-7.213077779865727734e+01
7.310440000000000000e+09,9.628124887262856646e-02,-7.212841384183596460e+01
7.310503333333333015e+09,8.241915949479050596e-02,-7.216614091909598017e+01
7.310566666666666985e+09,7.886440018964435694e-02,-7.219356066628364488e+01
7.310630000000000000e+09,7.404681604306517784e-02,-7.222224323831206050e+01
7.310693333333333015e+09,7.019763350518815059e-02,-7.224995740873211503e+01
7.310756666666666985e+09,7.591716079986099430e-02,-7.226810286931996075e+01
7.310820000000000000e+09,1.038504248400187180e-01,-7.226403459316165367e+01
7.310883333333333015e+09,8.228233011722352330e-02,-7.230946767576662637e+01
7.310946666666666985e+09,6.258072526365765498e-02,-7.235303426850271080e+01
7.311010000000000000e+09,6.158934699011808789e-02,-7.237789063465810102e+01
7.311073333333333015e+09,7.732834634128948892e-02,-7.238601662318910712e+01
7.311136666666666985e+09,8.931241389366562089e-02,-7.239789754351923534e+01
7.311200000000000000e+09,1.177347268912001255e-01,-7.239334021840389255e+01
7.311263333333333015e+09,9.663350075183529952e-02,-7.243830643242509382e+01
7.311326666666666985e+09,1.098069455511279102e-01,-7.244899797550831977e+01
7.311390000000000000e+09,9.883049782227715241e-02,-7.248383941111934803e+01
7.311453333333333015e+09,7.347341861994038936e-02,-7.253306147820352123e+01
7.311516666666666985e+09,7.829409144386545449e-02,-7.255210579326211473e+01
7.311580000000000000e+09,1.236897808832679857e-01,-7.253057509170488970e+01
7.311643333333333015e+09,8.643474294153463688e-02,-7.259169511752847370e+01
7.311706666666666985e+09,8.294124259741408878e-02,-7.261905360575509860e+01
7.311770000000000000e+09,9.578914368022140025e-02,-7.263007069255448300e+01
7.311833333333333015e+09,7.827827898078965063e-02,-7.267144654513609225e+01
7.311896666666666985e+09,8.882425703447438536e-02,-7.268476555496458502e+01
7.311960000000000000e+09,1.059094353815339673e-01,-7.269154536449971715e+01
7.312023333333333015e+09,1.226262062110805573e-01,-7.269869358155234806e+01
7.312086666666666985e+09,7.057071028418704373e-02,-7.277461406536141908e+01
7.312150000000000000e+09,6.694003488695443593e-02,-7.280210972864082919e+01
7.312213333333333015e+09,9.743393356302476604e-02,-7.279548081784693636e+01
7.312276666666666985e+09,7.503938089628547914e-02,-7.284174035839619421e+01
7.312340000000000000e+09,8.732625103748148376e-02,-7.285331847613683465e+01
7.312403333333333015e+09,1.003018828852617617e-01,-7.286420783217123187e+01
7.312466666666666985e+09,8.316900337007382404e-02,-7.290520569956893837e+01
7.312530000000000000e+09,7.690143332315813041e-02,-7.293533825749769051e+01
7.312593333333333015e+09,9.157092019005119710e-02,-7.294453375851298915e+01
7.312656666666666985e+09,7.820331420165871350e-02,-7.298176635238388599e+01
7.312720000000000000e+09,9.812620021807560988e-02,-7.298570845424931974e+01
7.312783333333333015e+09,8.686841747017126636e-02,-7.302083122487941580e+01
7.312846666666666985e+09,7.173783989645698966e-02,-7.305982679033563443e+01
7.312910000000000000e+09,1.083118808504934805e-01,-7.304711773726344859e+01
7.312973333333333015e+09,1.365309036231820983e-01,-7.304276370237293747e+01
7.313036666666666985e+09,9.194919316331606751e-02,-7.311121040071532207e+01
7.313100000000000000e+09,6.861325780309357469e-02,-7.315841132395772206e+01
7.313163333333333015e+09,7.668946106869611867e-02,-7.317420010857395596e+01
7.313226666666666985e+09,7.524038652260855997e-02,-7.319951417100256208e+01
7.313290000000000000e+09,6.729236158672335932e-02,-7.323132718382062478e+01
7.313353333333333015e+09,5.144552548659930835e-02,-7.327103900780259949e+01
7.313416666666666985e+09,1.156094282417683416e-01,-7.323074009292993480e+01
7.313480000000000000e+09,7.209888753878601619e-02,-7.329811562151509463e+01
7.313543333333333015e+09,7.111981051311033752e-02,-7.332295968642263517e+01
7.313606666666666985e+09,6.685909715784532636e-02,-7.335108538766040454e+01
7.313670000000000000e+09,1.060326684790027230e-01,-7.333577680422142464e+01
7.313733333333333015e+09,1.253598558115101014e-01,-7.334031460477110898e+01
7.313796666666666985e+09,1.102223743664012545e-01,-7.337931707409839532e+01
7.313860000000000000e+09,7.186218067801064535e-02,-7.344154225566896343e+01
7.313923333333333015e+09,8.577671862551028426e-02,-7.345149270560364130e+01
7.313986666666666985e+09,1.292179638863188984e-01,-7.343191644822501019e+01
7.314050000000000000e+09,1.123097931672134564e-01,-7.347268960682629313e+01
7.314113333333333015e+09,1.028084230555919021e-01,-7.350605596482009219e+01
7.314176666666666985e+09,1.102499613286198610e-01,-7.352247941442924173e+01
7.314240000000000000e+09,1.344351137103672045e-01,-7.352215924992967189e+01
7.314303333333333015e+09,9.429226206349028416e-02,-7.358616708945872631e+01
7.314366666666666985e+09,1.080685898827766778e-01,-7.359625574952195848e+01
7.314430000000000000e+09,8.518050378511077270e-02,-7.364300882350147504e+01
7.314493333333333015e+09,8.642238419243142289e-02,-7.366563193097633189e+01
7.314556666666666985e+09,1.088512559155532244e-01,-7.366706804713572865e+01
7.314620000000000000e+09,6.283653423074042621e-02,-7.373694775670239210e+01
7.314683333333333015e+09,1.078566319865643663e-01,-7.371579264682874566e+01
7.314746666666666985e+09,9.155837806262923095e-02,-7.375595588863519936e+01
7.314810000000000000e+09,7.596362763807462670e-02,-7.379541562694159040e+01
7.314873333333333015e+09,9.893924638454620890e-02,-7.379630499607729632e+01
7.314936666666666985e+09,8.987165679938868834e-02,-7.382923757354497241e+01
7.315000000000000000e+09,1.030435846185753235e-01,-7.383993063360796327e+01
