Frequency_Hz,Amplitude_dBm,Real_dBm,Imag_dBm,Phase_rad
5100000000.0,-108.13997191407421,-114.56596771498526,-109.26222180804102,-1.0733308443408827
5100100000.0,-107.54626896062712,-113.99749547135187,-108.66110706109544,-1.074905232545042
5100200000.0,-108.03410814083495,-114.66308840295608,-109.09827210102863,-1.0858315989552052
5100300000.0,-108.03464565995333,-114.63054453095947,-109.10803998120853,-1.0838197911425589
5100400000.0,-108.02890227714947,-114.55654013659375,-109.12162990296345,-1.079637413360157
5100500000.0,-107.87970834500572,-114.91118827323716,-108.83842600469896,-1.1095465512223786
5100600000.0,-107.93869571069305,-114.39502140534911,-109.05204262336518,-1.0752227021793956
5100700000.0,-107.78867812682633,-114.62338970147519,-108.7974053040453,-1.0981263161107917
5100800000.0,-108.08540894710077,-114.55542670853767,-109.19476297251875,-1.0760739649613476
5100900000.0,-107.77800609285046,-114.06726005023152,-108.94141245221314,-1.0646941439815
5101000000.0,-107.83250207039907,-114.03967697725443,-109.02143742985517,-1.059424078879915
5101100000.0,-107.871530435057,-114.38681327818423,-108.9677992346833,-1.078875894057685
5101200000.0,-108.07239259969339,-114.30196355860993,-109.2542992316139,-1.060868552363324
5101300000.0,-107.88855616616546,-114.19947106540904,-109.045330009442,-1.0660740939006828
5101400000.0,-107.6567257025174,-114.71520221549903,-108.6088005605253,-1.1110883066231467
5101500000.0,-107.77452833972261,-114.93902389869623,-108.70100713733157,-1.1170856656368782
5101600000.0,-107.71891798328262,-114.22900861830396,-108.81667883822168,-1.078555448548644
5101700000.0,-108.03789677503558,-115.16577156569176,-108.97312935442825,-1.1150243391526036
5101800000.0,-107.87327583268508,-113.999681420689,-109.08795981377231,-1.0541737903035122
5101900000.0,-107.93747183019377,-114.48596493771346,-109.02425126989823,-1.0809197010560607
5102000000.0,-107.77717545918821,-114.61701052488557,-108.78456405600623,-1.098427818601964
5102100000.0,-107.94517915446518,-114.46165232298165,-109.04110622048415,-1.078949322173882
5102200000.0,-107.93371083674066,-114.22619034868193,-109.09612680017987,-1.0648999188377666
5102300000.0,-107.59455022883587,-114.56699305014138,-108.56797540039635,-1.1061540772379215
5102400000.0,-107.82001557569109,-114.14652657987573,-108.97204060661429,-1.0670648942993055
5102500000.0,-108.05799422734702,-114.40380561603996,-109.2041732373086,-1.0682878161534837
5102600000.0,-108.00046085789003,-114.84390533192763,-109.00690764357194,-1.0986400871295867
5102700000.0,-107.87822199128959,-114.70268132226467,-108.88963369325971,-1.0975223274030341
5102800000.0,-108.03916043265474,-114.74046501994104,-109.08345440123821,-1.0901960004038616
5102900000.0,-107.8619239194864,-114.06367413038694,-109.05256893279761,-1.0590734663143755
5103000000.0,-107.85318994996277,-114.53075826724998,-108.90395866046818,-1.0887687409049729
5103100000.0,-107.94075804620233,-114.65571315555945,-108.98134878485727,-1.0910145605393984
5103200000.0,-107.90078417723069,-113.90326818451017,-109.15622701045925,-1.0459917119681446
5103300000.0,-107.75416120444018,-114.04679415896132,-108.9165300777905,-1.0649097052474863
5103400000.0,-107.89893026276229,-114.12238393685087,-109.08275200555454,-1.0604744926931318
5103500000.0,-107.72941520136742,-114.1837041092277,-108.84335747356103,-1.0750959229438894
5103600000.0,-108.04875176420616,-114.71232984028406,-109.10335787229081,-1.0879251796648532
5103700000.0,-108.00435859755865,-114.41843060070764,-109.13013067872546,-1.0725847407095122
5103800000.0,-107.85114045909884,-114.34459858119814,-108.95369640129906,-1.0775272836451188
5103900000.0,-108.07397830064957,-114.50331587639005,-109.19524330792359,-1.0735397101799948
5104000000.0,-107.59751595204891,-114.267387558472,-108.65039385185196,-1.0883048711727075
5104100000.0,-108.22373597022539,-114.39541294898083,-109.42391005277702,-1.0571245167000287
5104200000.0,-107.9092620918847,-113.9518398615912,-109.151348152284,-1.0486559571184988
5104300000.0,-107.78377920495309,-113.84405311853939,-109.02002203820948,-1.04982667233973
5104400000.0,-107.92723434905939,-114.33145877835962,-109.05592478196887,-1.0719675504054453
5104500000.0,-107.8556069376574,-114.18185317263762,-109.00771240192618,-1.0670480932078872
5104600000.0,-107.96979965753202,-114.3712344778482,-109.09931835834855,-1.0717925485015856
5104700000.0,-107.87904567586807,-115.20702766159044,-108.7675378552896,-1.1261582731622344
5104800000.0,-107.60331276650578,-113.73082061120725,-108.8176410854092,-1.0542458754708735
5104900000.0,-107.7005635629319,-114.49121794496199,-108.72088392157151,-1.095524391696159
5105000000.0,-107.81808425828041,-114.28196506233135,-108.9292259357743,-1.0756926325404617
5105100000.0,-107.703437562311,-114.74035829508225,-108.66081230943664,-1.1098577523150523
5105200000.0,-107.87342788029308,-113.94602497095833,-109.10562028448464,-1.050640059829882
5105300000.0,-107.9255305918515,-114.58260093775013,-108.98192708845744,-1.0875321963714217
5105400000.0,-107.9843314913824,-114.48384963876,-109.08513761204503,-1.077902187387036
5105500000.0,-107.62766508929676,-114.35947527146965,-108.66370359913559,-1.0920230304421241
5105600000.0,-107.68048466510561,-113.84010111908023,-108.88450476615122,-1.0563404113462922
5105700000.0,-107.98686536017459,-114.42356503890684,-109.10596406914672,-1.0739994855951875
5105800000.0,-107.38254649488036,-114.62818840005467,-108.28995039557613,-1.1216151510818388
5105900000.0,-107.74869197686544,-113.94527700595646,-108.94096746801105,-1.0587393590349796
5106000000.0,-107.96626778020453,-114.7921142143181,-108.9773158046569,-1.097604098212429
5106100000.0,-108.14432811875909,-114.46552635053573,-109.29796832264554,-1.0667276413117939
5106200000.0,-107.89152380728262,-114.18042277322033,-109.05503922434369,-1.0646714911340986
5106300000.0,-108.01139777119738,-114.39000356227143,-109.14772068579452,-1.0703576599197104
5106400000.0,-107.85790368964152,-114.53145800798671,-108.90977179317092,-1.0885268882818682
5106500000.0,-107.86045784895747,-114.45968577356635,-108.93291922263211,-1.0840226877119938
5106600000.0,-108.02519206784902,-114.43145328215786,-109.15327819081682,-1.072095279006547
5106700000.0,-107.8731247027285,-115.03170038937935,-108.80101239049074,-1.1167531742364627
5106800000.0,-107.90826619836284,-114.57478961603307,-108.96206311598644,-1.088102917097267
5106900000.0,-107.9477887677609,-114.19452487493885,-109.12434045021894,-1.0619723438474644
5107000000.0,-107.98175022601698,-114.15940548589515,-109.18002308977066,-1.0575126580345169
5107100000.0,-107.88000817776896,-114.46254562135002,-108.95715618826623,-1.08300444652392
5107200000.0,-107.75836321851115,-114.27813349273032,-108.85334433902631,-1.0791526445528994
5107300000.0,-107.94185780908967,-114.66923737069258,-108.97909077082218,-1.0917581790275601
5107400000.0,-107.69614042447257,-114.28854026652883,-108.77051631537753,-1.0836064276966257
5107500000.0,-107.77510289738788,-114.46634900763952,-108.82213510333645,-1.0895917912309598
5107600000.0,-107.97964578265066,-114.42741176673644,-109.09549715748581,-1.074689646664127
5107700000.0,-107.83087978121233,-113.95324183569089,-109.04686950126752,-1.0539092484495116
5107800000.0,-107.84378230579465,-114.65588424510635,-108.8584404103454,-1.0967931214122293
5107900000.0,-107.70994960544022,-113.91982478104858,-108.89803499111336,-1.0595984971403014
5108000000.0,-107.99423295290894,-114.32894026415946,-109.14377121435717,-1.0675846658915578
5108100000.0,-107.95594172226579,-114.26426089540799,-109.11350809274367,-1.0659089653341118
5108200000.0,-107.75387327729803,-113.90540945236808,-108.96047801808842,-1.055814274338432
5108300000.0,-108.15547675772962,-114.22584621360095,-109.38840021929639,-1.0504931389844845
5108400000.0,-107.73223295902183,-114.94311942684816,-108.64775288939605,-1.1196815430367055
5108500000.0,-107.93668211143276,-114.37805414917186,-109.05440844195361,-1.0742910206158574
5108600000.0,-107.8460531451526,-114.53454523639272,-108.89383649095998,-1.089426202963886
5108700000.0,-108.1228489414799,-114.54248175210664,-109.2469768491423,-1.0729328602751849
5108800000.0,-107.69485379400216,-113.96693747630742,-108.86354844841222,-1.0635970797964474
5108900000.0,-107.95747850405093,-114.1631519697615,-109.14688677849468,-1.0593270655554046
5109000000.0,-107.9322687511575,-114.10172670675851,-109.13314940799525,-1.0569803564515705
5109100000.0,-108.06498622100976,-114.89098834648996,-109.07599343468502,-1.097613275310881
5109200000.0,-107.90524362035524,-113.86379468398266,-109.17551251439431,-1.0430534338209427
5109300000.0,-108.04548636264792,-114.51274768142434,-109.15564291671373,-1.0759027307872029
5109400000.0,-107.97470710290759,-114.42571287133342,-109.08960980761078,-1.074891483929514
5109500000.0,-107.94468612974369,-114.11551638709602,-109.1451297664702,-1.0570695146352829
5109600000.0,-107.78645501994222,-115.04157032722944,-108.69166056138903,-1.122140548553854
5109700000.0,-107.71002546199617,-113.76038924350644,-108.949536696331,-1.0491714434386339
5109800000.0,-108.04180717567434,-114.39475301553502,-109.1858337358374,-1.0687389781115268
5109900000.0,-108.00684574091362,-115.2104171011379,-108.92408411689878,-1.1192733515634494
5110000000.0,-107.97600719843707,-114.66356487546324,-109.02404553711193,-1.0893700051492965
5110100000.0,-108.10981068497148,-114.77834820041758,-109.16305466063015,-1.088224414149765
5110200000.0,-107.75839006080378,-114.34770330084251,-108.83363266591445,-1.0834181217805734
5110300000.0,-107.67982452496882,-114.16386430755912,-108.78510625098,-1.0769439479767315
5110400000.0,-107.67933408014129,-114.71969679401077,-108.63586035164211,-1.1100544999924897
5110500000.0,-107.75780746741557,-114.02655511985756,-108.92753276746546,-1.0633836007086133
5110600000.0,-107.63613947007141,-114.32725434437734,-108.68320745597296,-1.0895839020489009
5110700000.0,-107.87597468711763,-114.00331939473217,-109.09035563749575,-1.0542352074264874
5110800000.0,-108.0804463512876,-114.77686375843975,-109.12606975802035,-1.0899025403954405
5110900000.0,-107.93102229915849,-114.47648561403922,-109.01866359768213,-1.0807336593954124
5111000000.0,-107.72582778263975,-113.53294871563966,-109.04877218069556,-1.0327712302103
5111100000.0,-108.01390903497547,-114.78057542630867,-109.04060437808656,-1.0941006802606084
5111200000.0,-108.05393267182056,-114.23068468588079,-109.25249256553677,-1.0574540371604666
5111300000.0,-107.92122132342259,-114.45120294133423,-109.01327864628387,-1.079781717132398
5111400000.0,-107.986017668916,-114.30388244257844,-109.14067261710005,-1.06651589712335
5111500000.0,-108.13880117231874,-114.21917270090113,-109.36844608651805,-1.0511524212381618
5111600000.0,-107.96222714592398,-114.39324053200423,-109.08299862821237,-1.0736444116301893
5111700000.0,-108.15653841394266,-114.25683271245549,-109.37968268646361,-1.0524626239663646
5111800000.0,-107.74562026595473,-114.20949104553728,-108.85676486617449,-1.0756920093649032
5111900000.0,-108.19053878105444,-114.5588939447494,-109.32993204858434,-1.069711775179726
5112000000.0,-107.82667671410847,-114.25442955013634,-108.94840865298674,-1.0734406745889715
5112100000.0,-107.884833949569,-114.45565762528804,-108.96528496049008,-1.0822883224721185
5112200000.0,-107.91399173349818,-114.06654886472295,-109.12026955047597,-1.055880788254168
5112300000.0,-107.93971212536647,-114.3734203973292,-109.05969048237125,-1.0738127281632681
5112400000.0,-108.00308042977707,-114.42203586071491,-109.12740847359645,-1.072890470163962
5112500000.0,-107.84024986882791,-114.18293232273847,-108.98737432538168,-1.0680897991678848
5112600000.0,-107.7930247522354,-114.31487597630506,-108.88740932003441,-1.0792809192246828
5112700000.0,-107.98900487636692,-114.40570568904333,-109.1139993529477,-1.0727493463287563
5112800000.0,-107.81345648343729,-114.4950413706529,-108.86312639149686,-1.0890106059801739
5112900000.0,-107.98241970285258,-114.24924969983137,-109.15273791986984,-1.0632608375873545
5113000000.0,-107.87474018426259,-114.37280918231421,-108.9759644580085,-1.0778125663606202
5113100000.0,-107.69109163110036,-114.25967072841519,-108.77217686424821,-1.0821509581933697
5113200000.0,-107.98876950171673,-114.5170659227384,-109.08130873528707,-1.0796779656513276
5113300000.0,-107.89045607484138,-114.24582768747482,-109.03375183193033,-1.06889226709068
5113400000.0,-107.72665558019041,-113.93570690400445,-108.915000219149,-1.0595452896991824
5113500000.0,-107.90808250766821,-114.61817899028395,-108.94998964025326,-1.0907233980743798
5113600000.0,-107.76362838218263,-114.14530162808444,-108.8990343361789,-1.0705507456215195
5113700000.0,-107.96642937715876,-114.65620169714681,-109.0138634739204,-1.089503186364973
5113800000.0,-107.65922653195116,-114.66787463784169,-108.62360253538881,-1.1082379707045324
5113900000.0,-107.9336725839413,-114.39758689437184,-109.04480449240552,-1.0756947154727827
5114000000.0,-107.96240601372523,-114.40863072144475,-109.07870902472,-1.0745935915915408
5114100000.0,-108.1144819766362,-114.60278448649775,-109.2185290724646,-1.0772080659186316
5114200000.0,-107.83644412079687,-114.0771512332359,-109.01487348432394,-1.0615849800369135
5114300000.0,-107.99197690687679,-114.41072176500406,-109.11636717401836,-1.072877291741143
5114400000.0,-107.78593754240704,-114.53248385935487,-108.81801444220554,-1.0929026872404966
5114500000.0,-107.64958177471641,-114.1821498876665,-108.74089991292365,-1.0799409079400915
5114600000.0,-108.06965130865449,-114.5601419079793,-109.17306526634265,-1.0773435747084077
5114700000.0,-108.17781453066121,-114.86105417064681,-109.22703212863895,-1.0891102085134639
5114800000.0,-107.70350193027508,-114.36435135791596,-108.75885832003675,-1.0877604500616023
5114900000.0,-108.15150510545277,-114.61216325498887,-109.2635868265115,-1.0754922469198462
5115000000.0,-107.91241477372543,-114.20648874715465,-109.07434151796002,-1.0650016009262038
5115100000.0,-107.93778140425556,-114.22238829798363,-109.1026163209066,-1.0643975080025405
5115200000.0,-107.78637831947351,-114.30025495199096,-108.88305098712578,-1.0787891318461955
5115300000.0,-108.1759140524595,-114.49978364579208,-109.32874179504488,-1.0668972520592064
5115400000.0,-108.01092863094681,-114.95782827520502,-108.99079509407669,-1.1046773190632786
5115500000.0,-107.8165489408962,-114.52016901173883,-108.86021370267676,-1.0903349647045602
5115600000.0,-107.8269097303508,-114.6786603338642,-108.8311929233531,-1.0991281466251595
5115700000.0,-107.85752328371692,-114.3844211665359,-108.95046263571162,-1.0795918430509712
5115800000.0,-107.77013604489508,-115.32028377734191,-108.60973818452649,-1.1381564930626191
5115900000.0,-107.99497567020711,-114.32295330498617,-109.14655527412698,-1.0671579481465168
5116000000.0,-107.7180413363993,-113.87440468390301,-108.92310124578643,-1.0561286671693235
5116100000.0,-108.07804931869617,-114.79587217985282,-109.11786394796073,-1.0911863189210413
5116200000.0,-108.09156886425887,-114.34809089085289,-109.26508006808359,-1.0626003406739097
5116300000.0,-107.80367315655101,-114.0963608190903,-108.96602524104941,-1.0649131944139025
5116400000.0,-107.92582892860585,-115.10341006572597,-108.84920186659497,-1.1178196266627813
5116500000.0,-107.85368542946728,-114.1555850223447,-109.01321448448752,-1.0655003033456505
5116600000.0,-108.12580781529554,-114.41800312568802,-109.28831100326857,-1.0648817921588667
5116700000.0,-108.17780995197865,-114.41666322146064,-109.35681736731412,-1.0614657994432546
5116800000.0,-107.96392613202096,-114.58331428870807,-109.030757229417,-1.0852492741267041
5116900000.0,-107.93216429391487,-114.17550884315614,-109.10977182869249,-1.0617544791328144
5117000000.0,-107.63410287475322,-114.46145751879783,-108.64475563564042,-1.0976929896606948
5117100000.0,-107.94960476035266,-114.62083922426957,-109.00210883868345,-1.0883870468017751
5117200000.0,-108.08700264994869,-114.58077520706625,-109.18946772217069,-1.077546744475096
5117300000.0,-107.95484572863126,-114.40133739679464,-109.07107049806874,-1.0746102306172918
5117400000.0,-108.03675377683643,-114.70726965675588,-109.08945493867648,-1.0883437207008624
5117500000.0,-107.85604016401325,-114.25155962960467,-108.98731748848505,-1.0714212163699355
5117600000.0,-107.82070260305522,-113.94496492257201,-109.03607848868265,-1.0540335906079563
5117700000.0,-107.78332605495918,-113.91854389009184,-108.99516994699795,-1.0547497538179107
5117800000.0,-108.03362759634423,-114.44729983575924,-109.15951798147708,-1.0725597034355456
5117900000.0,-107.95305424459903,-114.43081269461612,-109.06015810829783,-1.0765544527257136
5118000000.0,-107.94245175594892,-114.51858999279835,-109.02140277316114,-1.082613382901069
5118100000.0,-107.82109790506863,-114.65676512192962,-108.82957525687542,-1.098182569884455
5118200000.0,-107.79160966483042,-114.20644140294259,-108.91715695293934,-1.0726323189302596
5118300000.0,-108.09493547573281,-114.8328771210207,-109.12932355259906,-1.0923892712086103
5118400000.0,-107.9056211729165,-114.55064836288186,-108.96533998850003,-1.086803953143588
5118500000.0,-108.06427537712273,-114.4574769941747,-109.19624264145008,-1.0712756256028273
5118600000.0,-107.8224122695646,-114.08995111059532,-108.99251128023757,-1.0633062200022858
5118700000.0,-107.95266301257948,-114.04859317667324,-109.17722788692888,-1.0521759614366686
5118800000.0,-107.80063181456538,-113.8705162562846,-109.03371451241253,-1.0504611438521685
5118900000.0,-108.01753810966487,-114.27173518442943,-109.19177086145527,-1.0624512243208126
5119000000.0,-107.9564915426687,-114.86166256260174,-108.946983521531,-1.1022530708807898
5119100000.0,-107.98467174780151,-114.66889183948076,-109.03362145264678,-1.0891692122592802
5119200000.0,-107.82178659407697,-114.18245408800801,-108.96348872590292,-1.069226729955732
5119300000.0,-108.04186689546397,-114.67179463858261,-109.10576781168614,-1.085889074768254
5119400000.0,-108.27258123190263,-114.76201188256141,-109.37630184137753,-1.0772779373856383
5119500000.0,-107.94506308024336,-114.45203555699808,-109.04372108701938,-1.0783628878105902
5119600000.0,-107.80442179950585,-114.58764112005858,-108.8267133165307,-1.0950836453560566
5119700000.0,-107.87540326398985,-114.21011018209768,-109.0249416445714,-1.0675846409756076
5119800000.0,-107.85445531457043,-113.72708856056133,-109.15430680467465,-1.0372492353603662
5119900000.0,-107.8356956619848,-114.29137804738319,-108.94923057709832,-1.075182663721871
5120000000.0,-108.0628385139744,-114.44373216745859,-109.19847743341428,-1.0705016813619939
5120100000.0,-107.77607525848887,-114.21919810253725,-108.89328782898794,-1.0744002111263962
5120200000.0,-107.86123353395251,-114.32983290818976,-108.97100043570894,-1.0759858614756215
5120300000.0,-107.96323163052115,-114.40231377342089,-109.08163031673229,-1.0741481664194572
5120400000.0,-107.94576426870961,-114.37744740655472,-109.06633857850368,-1.0736862491365549
5120500000.0,-108.01172949938378,-113.9965311696635,-109.27311548801808,-1.044811489347792
5120600000.0,-107.72571752657903,-114.07637811367553,-108.87043304201747,-1.0685945178730945
5120700000.0,-107.87503354741276,-114.3738206352259,-108.97605059336806,-1.077856978230479
5120800000.0,-107.98632503674858,-114.67534749678592,-109.03396368095446,-1.0894580971368157
5120900000.0,-107.76111305951162,-114.59964622980164,-108.76884160515259,-1.0983512271132947
5121000000.0,-107.80067598086333,-113.60336271542559,-109.12520052851707,-1.0324664811682345
5121100000.0,-108.07720498346012,-114.55032434569466,-109.18565677455886,-1.0762665569911671
5121200000.0,-108.12759913749844,-114.7571370712506,-109.19160826548764,-1.0858654292371843
5121300000.0,-108.05408323182567,-114.4838887301826,-109.17521041140486,-1.0735689477286576
5121400000.0,-107.84604053315135,-114.14944144584732,-109.00511024408202,-1.0655959107146857
5121500000.0,-108.0172764939762,-114.53421021909975,-109.11307136994432,-1.078977729253354
5121600000.0,-107.93977289386577,-114.45620156390706,-109.03571273289856,-1.078946577410261
5121700000.0,-107.74553211669993,-113.7852510209893,-108.98856514408592,-1.0484665265927775
5121800000.0,-107.93088322634273,-114.77632076644215,-108.93681037953905,-1.0987572512631962
5121900000.0,-107.82913059646859,-114.36438894303093,-108.91968050322978,-1.0801064188885978
5122000000.0,-108.15041502809987,-114.49518256516498,-109.29690935223587,-1.0682217655445094
5122100000.0,-108.11539838168316,-114.52116390147452,-109.24363154236534,-1.0720641971377907
5122200000.0,-108.06017557973868,-114.85642084076545,-109.07901651252699,-1.0958555017204497
5122300000.0,-108.01296786773017,-114.4600001844418,-109.12903420133985,-1.0746439259626617
5122400000.0,-107.848457434471,-114.2301522268145,-108.98385695051978,-1.0705521015824846
5122500000.0,-108.07416940370487,-114.39755608615586,-109.22714396935777,-1.0668665959993433
5122600000.0,-107.60366501980764,-114.16639711052879,-108.68640434351207,-1.0817929177284122
5122700000.0,-107.96328420731128,-114.14949616515558,-109.15884185477579,-1.0580675915806745
5122800000.0,-107.9839849139094,-115.08420759912545,-108.9258883378682,-1.1134606878054987
5122900000.0,-108.04459217823208,-114.61552212729674,-109.12501317125555,-1.0822948250865796
5123000000.0,-107.8906896643476,-114.46909751060426,-108.9690008186571,-1.0827521238684665
5123100000.0,-107.83294219359735,-114.52018730754831,-108.88106584338973,-1.089351205171165
5123200000.0,-107.78170789203477,-114.3060855861689,-108.87536868248999,-1.0794366036834042
5123300000.0,-107.86537127256155,-114.63229959190943,-108.89199676537558,-1.0941162528487374
5123400000.0,-107.85762193967827,-114.08865057886645,-109.039072744469,-1.0609623986115406
5123500000.0,-107.89906617815481,-114.5492316995794,-108.95736605567657,-1.087114822890709
5123600000.0,-107.85793558112312,-114.47574173614925,-108.9252072865026,-1.0851531537773549
5123700000.0,-108.0504754815753,-114.49462098078607,-109.16738808605665,-1.0744639767085384
5123800000.0,-107.93541703031397,-114.47451150354325,-109.02487253834204,-1.0803423145467823
5123900000.0,-107.86239592416322,-114.7394449151169,-108.86012138213064,-1.1006110361654833
5124000000.0,-107.96340431748355,-114.49002389952352,-109.05642331043455,-1.0795747030383618
5124100000.0,-108.08518384536507,-114.59426425605625,-109.18323526971068,-1.0784930722575816
5124200000.0,-107.66256024979214,-114.27258708696371,-108.73200158464846,-1.0846801667669395
5124300000.0,-107.72678267703202,-114.08635314563074,-108.86881471581029,-1.069157468796738
5124400000.0,-107.73761530270242,-114.19467149169151,-108.85074877735782,-1.0752681622396263
5124500000.0,-107.56410001238747,-114.48436377924038,-108.5507340726802,-1.1031315800123027
5124600000.0,-108.03018812621193,-114.50910285781276,-109.13695631138961,-1.0766261791652803
5124700000.0,-107.63698965274054,-114.6446323422656,-108.60161568007102,-1.108180247634119
5124800000.0,-107.93304771594343,-114.72041473321809,-108.95423908313802,-1.0953295773897838
5124900000.0,-107.786541881837,-114.38112733973034,-108.86030453130138,-1.0837397148685446
5125000000.0,-107.6210876545153,-114.29246762056353,-108.67355183154604,-1.0883958191102185
5125100000.0,-107.673975008191,-113.93350826177745,-108.84655243072115,-1.062793395214977
5125200000.0,-107.92484400797441,-114.07780496126698,-109.13099254372624,-1.0559070938684656
5125300000.0,-107.98430537204308,-114.42152298355866,-109.10325185818346,-1.0740318123635948
5125400000.0,-108.12187541665938,-114.24820494133363,-109.3365839452994,-1.0541688154824915
5125500000.0,-107.94186881820741,-113.83464311085459,-109.23471468360297,-1.0386168066294426
5125600000.0,-107.82271444804525,-114.13188008289282,-108.98002230885696,-1.0659628205465903
5125700000.0,-107.89018135898951,-114.75669530253768,-108.89063182157648,-1.099994174873165
5125800000.0,-107.88272691578635,-114.11276058677713,-109.06448883254708,-1.0608983442579596
5125900000.0,-107.8616437449515,-114.31998237503252,-108.97440262432468,-1.0753479590545112
5126000000.0,-107.84390063627312,-114.64983330604312,-108.86018383717146,-1.0964285839983197
5126100000.0,-108.09587844677728,-114.39089618129466,-109.25751573292722,-1.0650617750213334
5126200000.0,-107.87487875096289,-114.39923451271433,-108.96854582222637,-1.0794352524313457
5126300000.0,-107.98992241624335,-114.78609324719304,-109.0087830284719,-1.095851095499225
5126400000.0,-108.01269584939473,-114.6448931998983,-109.07596696499176,-1.0860267204536493
5126500000.0,-107.84720495697555,-114.31904402871587,-108.95602907495868,-1.0761870688848005
5126600000.0,-107.99989183766898,-114.71938013719466,-109.0392560424886,-1.0912860340260444
5126700000.0,-107.84303929554339,-114.22357837514764,-108.97878419019521,-1.0704793640846921
5126800000.0,-108.02552194125391,-114.75668390217541,-109.06173510859374,-1.0919842921074978
5126900000.0,-107.97967263865145,-114.5150901741772,-109.07017710608679,-1.0801162105888489
5127000000.0,-108.15078091733773,-114.6573292476881,-109.24956102298668,-1.078336687923763
5127100000.0,-107.87014436961513,-114.39171148146886,-108.9646103631175,-1.0792634082062136
5127200000.0,-108.03723994816173,-114.83848266370902,-109.05476052037176,-1.0961512392109476
5127300000.0,-108.08858449506639,-114.75941964159054,-109.14119808764637,-1.088362971035343
5127400000.0,-107.90930065850107,-114.14039034112513,-109.09073237895026,-1.060966328170129
5127500000.0,-107.71487709702727,-114.7879295037011,-108.66338672003096,-1.1119182477595302
5127600000.0,-108.03637779391515,-114.8275765324791,-109.05655400223412,-1.0955566421046077
5127700000.0,-107.83567074468777,-114.19034430879958,-108.9791767456947,-1.0688481618476728
5127800000.0,-107.85882878511087,-114.07610055229581,-109.04458947224654,-1.0600758997743227
5127900000.0,-108.2228854983698,-114.56228266871886,-109.37100359938628,-1.067881787533043
5128000000.0,-108.07036522744254,-113.95951574009793,-109.36446831793354,-1.0383710681767466
5128100000.0,-108.04409752840576,-115.28122425440655,-108.95348247650354,-1.1211422938934024
5128200000.0,-107.99780425626207,-114.26278354072767,-109.16869501738657,-1.0631423263187962
5128300000.0,-107.88445403322079,-114.67537583215969,-108.90470357469319,-1.0955402351331252
5128400000.0,-107.76893078780132,-113.5106866122652,-109.1153918648555,-1.0282574044877049
5128500000.0,-107.74323430469641,-114.56814388820489,-108.75452794117311,-1.0975488719470097
5128600000.0,-107.7020576768117,-114.36105421684852,-108.75792388779652,-1.087648552870468
5128700000.0,-107.92197470832589,-114.8499653471494,-108.90664017521308,-1.1035805998635124
5128800000.0,-107.95949554383307,-114.47974064860401,-109.05434051072899,-1.0791819177135058
5128900000.0,-107.9473188519355,-114.22684783411705,-109.11371706026597,-1.0640731323443686
5129000000.0,-108.05591950883723,-115.17781242836806,-108.99259070092249,-1.1146866040902166
5129100000.0,-108.05548989557798,-114.24646281997417,-109.24953983835414,-1.0583760462802223
5129200000.0,-107.99643493623309,-114.47782955589966,-109.10248357724241,-1.0767799700016358
5129300000.0,-107.86362713450731,-114.74170904936409,-108.8610858630105,-1.1006714665493174
5129400000.0,-107.89675810651629,-114.64944305316054,-108.92718974330654,-1.0932685675713403
5129500000.0,-107.82292560757048,-114.26888447743472,-108.9393065372912,-1.0745770218769986
5129600000.0,-107.63533963138869,-114.17792263567983,-108.72380098333389,-1.0805567192324987
5129700000.0,-107.81732626258093,-114.3020929547248,-108.92239734042063,-1.0769889990070738
5129800000.0,-107.80330752434224,-114.53642923747,-108.83899275492345,-1.092101397588808
5129900000.0,-107.87379139969602,-114.04044864852794,-109.07556452848696,-1.0567983374202754
5130000000.0,-107.86007548847998,-114.63656878781708,-108.88415386801482,-1.094684519042729
5130100000.0,-107.61916715992263,-114.0420945214015,-108.74232224786398,-1.0731389707099444
5130200000.0,-107.6820637030454,-114.08181948704241,-108.812081262361,-1.071687181547697
5130300000.0,-107.78296490327835,-114.21769452187135,-108.90264283665874,-1.073876501525375
5130400000.0,-107.96550141071634,-114.48541917771675,-109.06044023688099,-1.0791617376589397
5130500000.0,-107.93713148183369,-113.90968568990316,-109.20265293036378,-1.0439921372131857
5130600000.0,-107.89087532690337,-114.29325931110301,-109.02011213228654,-1.0718521010451096
5130700000.0,-107.98474959156714,-114.47895195973987,-109.08709046449347,-1.0775733446229325
5130800000.0,-108.00504346996446,-114.50263167912905,-109.10640651541615,-1.0777828282504076
5130900000.0,-107.94228196962698,-114.58962089295171,-109.00136214039858,-1.0869438423657256
5131000000.0,-107.90889912366512,-114.14626355135186,-109.08837101324218,-1.0613700600247817
5131100000.0,-108.1931660865005,-115.11340665093499,-109.17980606474933,-1.1031302309307935
5131200000.0,-108.07546276224775,-114.30966434444188,-109.25592205892158,-1.0611666029484275
5131300000.0,-108.0111983721084,-114.49582407864683,-109.11631030204035,-1.0769802616470372
5131400000.0,-107.75651414525132,-114.1111238659833,-108.90003937732021,-1.0688441277606564
5131500000.0,-108.04664310969054,-114.569033427956,-109.14087319355865,-1.0793141438182343
5131600000.0,-107.81435991213314,-114.62609659881414,-108.82911414958275,-1.0967715480225322
5131700000.0,-107.94542885381097,-113.81537060184782,-109.24621984532145,-1.03706615935231
5131800000.0,-107.70167095623324,-114.88492080779382,-108.62370201552125,-1.1181371565441394
5131900000.0,-107.88534386289933,-114.02475143653865,-109.0958401187322,-1.0550233219341798
5132000000.0,-107.90969312829787,-114.14055020596584,-109.09119757118575,-1.0609513544610145
5132100000.0,-107.89537519687136,-114.43824281336697,-108.98375548574225,-1.0805742065819106
5132200000.0,-107.99707280193161,-114.80949583895577,-109.01164640340049,-1.0968120858762418
5132300000.0,-107.86527145516598,-114.8471448978078,-108.83633044126387,-1.1066979285794363
5132400000.0,-108.21987136270903,-114.71719364554731,-109.32131117187001,-1.0777663790672627
5132500000.0,-107.76054885477117,-114.40339661075708,-108.82087016332048,-1.0866720261880427
5132600000.0,-107.6625636995668,-113.90527859084418,-108.8403673771078,-1.061714019290299
5132700000.0,-107.8803567507555,-114.02020316740828,-109.09071195140102,-1.055051966010243
5132800000.0,-107.94020867806341,-114.89522350499053,-108.91802356947582,-1.1051470813737516
5132900000.0,-108.02372219790024,-115.08934261937533,-108.9740478090369,-1.1114952923404937
5133000000.0,-108.02524591097736,-114.66539961280844,-109.08631251013817,-1.0865088894868435
5133100000.0,-107.96257364329477,-114.47752547243631,-109.05893749601175,-1.0788554723532604
5133200000.0,-107.85112887055674,-113.90660263487233,-109.08895357368831,-1.0495094246760648
5133300000.0,-107.91674274596667,-114.14143572605427,-109.10017621862876,-1.0605543550198904
5133400000.0,-107.822862708987,-114.19211448351743,-108.96198704016047,-1.0697683095348398
5133500000.0,-107.73170964146125,-114.2064683191032,-108.83968490285979,-1.076368313439272
5133600000.0,-108.01203557268772,-114.78233060137654,-109.03776371492066,-1.0943163632094615
5133700000.0,-107.91342941842296,-114.22918850924847,-109.06872588533403,-1.066382087656838
5133800000.0,-107.77092119746308,-114.94605762549112,-108.69487350755166,-1.1176826085210196
5133900000.0,-107.91369381050322,-114.0391911222618,-109.12867095236997,-1.0541143819379044
5134000000.0,-108.27127898665512,-114.46249063691481,-109.46525338691247,-1.0583915070516698
5134100000.0,-107.94251153760871,-114.61368708355663,-108.99503177360018,-1.0883834945902553
5134200000.0,-107.83918506467313,-114.10346543516114,-109.01029212784735,-1.063097562423287
5134300000.0,-107.68301236449304,-114.10585266623401,-108.80619314726543,-1.0731335254670922
5134400000.0,-107.80704124617986,-114.44232795803151,-108.86945576034611,-1.0862140082334582
5134500000.0,-107.94748554351213,-114.48085624639711,-109.03857442761485,-1.0799902924908316
5134600000.0,-107.75770166112369,-114.08327137249586,-108.91001267326371,-1.0670051609565971
5134700000.0,-107.7696569101869,-114.72976984159034,-108.74618542083638,-1.1054419135087288
5134800000.0,-107.90895485300476,-114.50400640274705,-108.9825867772476,-1.083768133367836
5134900000.0,-108.06527653803494,-114.43228352258006,-109.20507432468425,-1.0696267536289705
5135000000.0,-107.88847839301914,-114.31244211326796,-109.01132766102563,-1.073203785430329
5135100000.0,-107.84811861365972,-114.34210472661057,-108.95052197426465,-1.0775599612311997
5135200000.0,-107.9040517993527,-114.14196539921443,-109.08335233927055,-1.061405376843631
5135300000.0,-107.91752420769396,-114.5299901393296,-108.98628475111848,-1.0848285234249615
5135400000.0,-108.01315752035428,-114.36012355068101,-109.15898786494877,-1.068360865057531
5135500000.0,-107.95823233488542,-114.73946571397106,-108.98105108095324,-1.09496583903968
5135600000.0,-107.84926187081098,-113.71978553249255,-109.149849671442,-1.0371057476719592
5135700000.0,-107.8918912084938,-114.33706461999776,-109.00850239697319,-1.0745280603047245
5135800000.0,-108.05208285630393,-114.77016499928718,-109.09182734734144,-1.0912018445471625
5135900000.0,-107.87975038750139,-114.3697771431915,-108.98329852705905,-1.0773148524613994
5136000000.0,-107.81312600967539,-113.73504707374393,-109.09591094928513,-1.040588319082312
5136100000.0,-107.82259052660197,-113.87521583885353,-109.06135502537906,-1.0493210567911224
5136200000.0,-108.17968025983596,-114.7289040208217,-109.26625197243787,-1.0809645536948753
5136300000.0,-107.74996686871455,-114.4724882741225,-108.78851132145454,-1.0914675733603922
5136400000.0,-107.90990046013869,-114.70294737423797,-108.92958742604834,-1.0956661182123653
5136500000.0,-107.83639445527201,-114.467694431865,-108.89991453577497,-1.0859723025911554
5136600000.0,-107.84581438886471,-115.07517853198408,-108.75700947111693,-1.1207107309190536
5136700000.0,-108.0423890153852,-115.20388123039895,-108.96958229171047,-1.116917016984896
5136800000.0,-107.74854738789483,-113.89543490868563,-108.95664197355222,-1.0555112902421
5136900000.0,-107.54494183074686,-113.98843242882333,-108.66204652082573,-1.074423142798691
5137000000.0,-108.0068578830886,-114.53522798962227,-109.09937604000577,-1.0796825027431658
5137100000.0,-107.81919132719595,-114.12704271185768,-108.97690058864134,-1.0658791998573762
5137200000.0,-107.93120895757463,-114.49862562461644,-109.01262280927543,-1.0820798015934765
5137300000.0,-107.84517405785807,-114.64362429270878,-108.86343218517442,-1.0959860133525132
5137400000.0,-108.09361354693735,-114.56742838268183,-109.2018631437155,-1.076309729815967
5137500000.0,-107.75238011236311,-114.11131978873733,-108.8946018975286,-1.0691176383097487
5137600000.0,-108.03689361835531,-114.17941565130748,-109.24638921593345,-1.0552265669531709
5137700000.0,-107.96088116986006,-114.20075446237507,-109.13957048899033,-1.0615313792188124
5137800000.0,-107.89783407545238,-114.53676898649977,-108.95923803824262,-1.086435065175685
5137900000.0,-107.80677619928112,-114.24504277085643,-108.92541446317495,-1.0740972755528424
5138000000.0,-107.82243826794053,-114.36297479781702,-108.91148269651625,-1.0804309565857475
5138100000.0,-107.801634945014,-114.05440099342913,-108.97631206704828,-1.0623594160109555
5138200000.0,-108.13375654966197,-114.79664008147722,-109.18855357580321,-1.0878832560078313
5138300000.0,-108.1651345382783,-114.1875129437936,-109.41392923542719,-1.0473157512737938
5138400000.0,-107.97783060429863,-114.61019279115649,-109.04105599530261,-1.0860367155530581
5138500000.0,-107.89218399007629,-113.91307355100398,-109.14147481123594,-1.0472168036205791
5138600000.0,-107.95147407102723,-114.24629432573484,-109.11317191880741,-1.0650491844388699
5138700000.0,-107.98730336286654,-114.19803232051974,-109.17512014488366,-1.0596536305892472
5138800000.0,-107.76653245245156,-114.05797834319891,-108.92926568120627,-1.0648339896548293
5138900000.0,-108.34868227098377,-114.49626588211126,-109.55655363291876,-1.0555566727684242
5139000000.0,-107.89460273248122,-113.96548922955667,-109.12735646889189,-1.050527244245567
5139100000.0,-107.89827745305652,-113.99601963509946,-109.12225225424079,-1.052295008824821
5139200000.0,-107.99151570904898,-114.09299671378429,-109.21427401509405,-1.0525405409433548
5139300000.0,-107.8342732904012,-114.32284949733372,-108.93824116766616,-1.0772250184379977
5139400000.0,-107.63114896964183,-114.19060644971219,-108.71481591422345,-1.0815922623611518
5139500000.0,-107.69031640107119,-114.38299692177608,-108.73695762140133,-1.0896780101958372
5139600000.0,-107.89486455767798,-114.11400272609401,-109.08003946918548,-1.0601962796379318
5139700000.0,-108.07957234800807,-114.76553307265094,-109.12804664170068,-1.0892739429521148
5139800000.0,-107.98766444790596,-114.20902903608987,-109.17214102331833,-1.0603398356749358
5139900000.0,-107.91993094625356,-114.63902303446369,-108.9594022881105,-1.091262313793271
5140000000.0,-107.96335930471086,-114.02771794903074,-109.1982578605935,-1.050096453642102
5140100000.0,-107.96109524375655,-114.2182327034849,-109.13441553283475,-1.062639804198239
5140200000.0,-107.60749280975901,-114.45739991737796,-108.61225574902251,-1.0990198755178198
5140300000.0,-107.80951115437995,-114.1704003310714,-108.95114663301156,-1.0692407246088178
5140400000.0,-107.83654781120858,-114.17175208199048,-108.98593549111389,-1.0676161602000058
5140500000.0,-107.81084922293473,-114.0217901031341,-108.99859934392238,-1.0596673145015685
5140600000.0,-107.93310018788274,-114.83270372721307,-108.92501954994037,-1.1019285181053826
5140700000.0,-108.08943097954263,-114.12553632637145,-109.33366214528954,-1.0482269708113303
5140800000.0,-107.73021724612934,-113.97309842265373,-108.90796912105408,-1.061724704631637
5140900000.0,-107.73517224131902,-114.25472943281346,-108.83021446771883,-1.0791395073976677
5141000000.0,-107.80908974232851,-114.28859163866177,-108.91568751265923,-1.0766625974417372
5141100000.0,-107.77421652245856,-114.24553421206184,-108.8831923064669,-1.0761546940232856
5141200000.0,-107.93068826205786,-114.66153183329085,-108.9669872288122,-1.0919652634849228
5141300000.0,-108.03742977139865,-114.4948846547592,-109.15044677390873,-1.0752929716694157
5141400000.0,-107.78362796838202,-113.81384792012898,-109.0298133845569,-1.0478365224565815
5141500000.0,-108.03556331157682,-114.26648914607117,-109.2170462575543,-1.060955780667066
5141600000.0,-108.06762885541048,-114.4853733786813,-109.19231477041414,-1.0728146814439812
5141700000.0,-107.78000226886299,-114.04179935967194,-108.95187823390941,-1.0629384756889149
5141800000.0,-108.04144088455773,-115.15932050402027,-108.97907863586153,-1.1144598522935083
5141900000.0,-107.9601616992285,-114.27001260534682,-109.11726032615347,-1.0660064151736355
5142000000.0,-108.02784880195742,-114.25787692814902,-109.20961245275774,-1.060897987266269
5142100000.0,-107.96239089944956,-114.32461309526786,-109.1036256734826,-1.069324867231774
5142200000.0,-108.07060851136363,-114.78155051899077,-109.11228642327359,-1.0907740826501595
5142300000.0,-107.8647999876852,-114.49091308271575,-108.92976039062427,-1.0856576229030053
5142400000.0,-108.01716045463056,-114.31177406786567,-109.17892167752396,-1.065036009342183
5142500000.0,-107.71495780330754,-114.751218739951,-108.67249529117493,-1.1098200264923277
5142600000.0,-108.030887197594,-114.79771795779273,-109.05753870661029,-1.094110452666418
5142700000.0,-107.63924775702166,-113.89746634963959,-108.81223275151306,-1.0627091209978998
5142800000.0,-107.7595574253607,-114.0574087406979,-108.92032612624473,-1.065242392477289
5142900000.0,-107.93464183720809,-114.96691354339133,-108.89316393789994,-1.1095918541533207
5143000000.0,-107.96968019075325,-114.61350545001693,-109.02973122597437,-1.0867312022960889
5143100000.0,-107.87180563602627,-114.3679118630086,-108.97359655554042,-1.07769115024341
5143200000.0,-107.85673259915946,-114.43259825615321,-108.93576049267793,-1.0825967169989927
5143300000.0,-108.0141442513807,-114.6964377819902,-109.06362043200593,-1.0890532634534844
5143400000.0,-107.81283596109047,-114.45062415140755,-108.87455744877659,-1.0863655941972534
5143500000.0,-107.96600186526095,-114.44936201598735,-109.07148058017343,-1.0769018226349116
5143600000.0,-107.5931123069685,-113.940187019073,-108.738909839307,-1.0683677402063805
5143700000.0,-107.81222774434163,-114.19340992083104,-108.94778043817925,-1.0705198404500558
5143800000.0,-107.87075331126594,-114.28706907834942,-108.99586164661173,-1.0727252403368797
5143900000.0,-108.0164565279648,-113.96273489959518,-109.29090309327876,-1.0422290628740374
5144000000.0,-107.62306364291854,-114.16260840311057,-108.71239077119141,-1.0803699953476475
5144100000.0,-108.0337245117223,-114.18743213103859,-109.23963404859448,-1.0559557286332926
5144200000.0,-108.05195795962597,-114.3957988326342,-109.19873228202079,-1.0681631214186604
5144300000.0,-108.05028934571894,-114.27199336530603,-109.23465949680114,-1.060361717430657
5144400000.0,-107.88051210797086,-114.50361294603347,-108.94630998087949,-1.0854747639117162
5144500000.0,-108.02811642341581,-114.72889316550679,-109.07255388776238,-1.0901643150531575
5144600000.0,-107.83961914707746,-113.8808975293572,-109.08213551206333,-1.048569869040878
5144700000.0,-107.65205502597924,-114.39181889420425,-108.68595317677793,-1.0924980518762788
5144800000.0,-107.90956736077447,-113.99976209907058,-109.136002096578,-1.0517989337647475
5144900000.0,-108.03576033089126,-114.92737308311229,-109.02973238298244,-1.1014622430999135
5145000000.0,-107.65471444858902,-114.50211975359821,-108.66012886066122,-1.0988728948019983
5145100000.0,-107.88693694279783,-114.629384184369,-108.9201141117687,-1.0926581876639574
5145200000.0,-107.75794554587314,-114.51471121634845,-108.787285105695,-1.0935116093376502
5145300000.0,-108.05361747544242,-114.80687663456479,-109.08389536372928,-1.0933027755532898
5145400000.0,-107.8168834459761,-114.32110195722984,-108.91633450975854,-1.078192743613796
5145500000.0,-107.60216736468831,-114.26791219944178,-108.6561781188141,-1.088055940771136
5145600000.0,-107.98894858894549,-114.30124598102957,-109.14530058172048,-1.0661620156707001
5145700000.0,-107.97216954171603,-114.3010342756937,-109.12347982194136,-1.0672142223125836
5145800000.0,-107.68222301902117,-113.98437285305118,-108.8416754958091,-1.0655162407549927
5145900000.0,-107.84156063979853,-114.22797447616604,-108.97555113273357,-1.0708489753043262
5146000000.0,-107.96874302291002,-114.41922210827839,-109.08379988810394,-1.0748586784108098
5146100000.0,-107.94200734109131,-113.96976584346838,-109.18901113056256,-1.0476731206443128
5146200000.0,-108.04408405298183,-114.858239983246,-109.05820174622649,-1.0969144176045165
5146300000.0,-107.74722148291869,-114.09220905701434,-108.89364933270019,-1.068235689436478
5146400000.0,-107.97860532234502,-113.95143846871227,-109.24403241125029,-1.0440108153206111
5146500000.0,-108.0730028007821,-114.63946551699321,-109.15468641828613,-1.0820213976548718
5146600000.0,-107.98895164880122,-114.93156096692665,-108.96990467727659,-1.104428743309924
5146700000.0,-107.5722739907172,-114.58088028683423,-108.53666038984235,-1.1082355704836608
5146800000.0,-107.92735767698343,-114.30142768059851,-109.06503802671975,-1.0700719853536729
5146900000.0,-107.7658844578998,-114.23363503802693,-108.87589851722146,-1.0759331295263612
5147000000.0,-107.98955389905294,-114.35590293850224,-109.1295491604218,-1.0695852547588163
5147100000.0,-107.72692443687271,-114.0933135921113,-108.86690765683126,-1.0695877851172324
5147200000.0,-108.0093190456252,-114.18944491440534,-109.20680721055412,-1.0576729601274204
5147300000.0,-107.84610195054937,-114.58465440319964,-108.88032577560952,-1.092425737609443
5147400000.0,-108.1508606746087,-114.47605556910409,-109.3032855851697,-1.0669813731656346
5147500000.0,-107.9105140498406,-114.21487539171012,-109.06929001642565,-1.0656570616525514
5147600000.0,-108.008508520118,-114.58329066803911,-109.08784205929732,-1.0825304631542016
5147700000.0,-107.78146833097914,-114.25991157220722,-108.88837337995642,-1.0765969331701066
5147800000.0,-107.91146457919227,-114.56190786139933,-108.969687814747,-1.0871316207708348
5147900000.0,-108.2324198599747,-114.42979555000811,-109.42444560007655,-1.0587905195009775
5148000000.0,-107.84387823699862,-114.73415500148191,-108.8381939438672,-1.1013842334873027
5148100000.0,-107.81956929195714,-114.61929158807438,-108.83749136578055,-1.0960612871651523
5148200000.0,-107.98886600982348,-114.68239476771167,-109.03527609850961,-1.0897289871695988
5148300000.0,-107.72827624404181,-114.34514114909392,-108.79581019713333,-1.0850959540399174
5148400000.0,-107.71257522043791,-114.4324375237082,-108.75183830462328,-1.0913084234830293
5148500000.0,-107.80298780973219,-114.35963373599841,-108.88745191851675,-1.0814199038303367
5148600000.0,-107.62690003031676,-114.44062794177856,-108.64113030999293,-1.096889144409776
5148700000.0,-107.75444678961433,-113.99026418214703,-108.93440152940181,-1.0612705556911102
5148800000.0,-108.05592412560554,-114.85439449777856,-109.07417693206916,-1.0959872050805939
5148900000.0,-107.99380119815636,-115.0471553220805,-108.94713252396089,-1.110796229431045
5149000000.0,-107.97073969176756,-114.53108232697974,-109.05415580400076,-1.081646510789814
5149100000.0,-108.02946334638888,-114.27636089601913,-109.20596479589273,-1.0619827117027285
5149200000.0,-108.01859591491622,-114.1952559449698,-109.2171850433681,-1.0574480669252733
5149300000.0,-107.83286835599169,-114.84337796788938,-108.796781636497,-1.108344821663567
5149400000.0,-107.6906739151145,-114.22938654611194,-108.7802383022619,-1.0803188398510095
5149500000.0,-107.80849667600607,-114.89580102679821,-108.75353466577837,-1.1127280697981492
5149600000.0,-107.87238106630839,-114.3473978519082,-108.98028131991217,-1.076384332593735
5149700000.0,-107.71441403839732,-114.08825449775897,-108.85216313333274,-1.0700575229628846
5149800000.0,-107.71846424554687,-114.51665958180658,-108.73678972700961,-1.0959709281349261
5149900000.0,-107.7805104608137,-114.17342831827702,-108.91256222296477,-1.0712577983785687
5150000000.0,-107.99604431461219,-114.42109190093478,-109.11857384480705,-1.0732715605827534
5150100000.0,-108.16952299225257,-115.04874505446554,-109.16668739589755,-1.100738159457661
5150200000.0,-107.71897699360123,-114.11882368025181,-108.8489675384225,-1.071692886767683
5150300000.0,-107.9549640966748,-114.75757072998533,-108.97212464627499,-1.0962319152695945
5150400000.0,-107.90634879490582,-114.4191309835324,-109.0033359067305,-1.078721592909589
5150500000.0,-107.75862936295704,-114.05218367646404,-108.920715525595,-1.0649684638235986
5150600000.0,-108.00187718832697,-114.43557664903443,-109.121858137513,-1.0738121779421348
5150700000.0,-107.94765916997206,-114.66573855945335,-108.98740440583039,-1.0912016796723594
5150800000.0,-107.67915417497727,-114.38314638812295,-108.72271785102852,-1.0903572945202227
5150900000.0,-107.59216390954562,-114.49933158904835,-108.5821445472819,-1.1023694012389629
5151000000.0,-107.91554150978548,-114.59896728175991,-108.96470824417861,-1.0891214106196194
5151100000.0,-107.8724979948299,-114.83952085034755,-108.84728597210236,-1.1058411805780226
5151200000.0,-107.92367142494538,-114.4830885364342,-109.00734981060711,-1.0815897881261227
5151300000.0,-108.02235608175566,-114.99635282894141,-108.995390923862,-1.106243740906533
5151400000.0,-107.81035919031882,-114.11568863461439,-108.96883915154994,-1.0657186922148394
5151500000.0,-107.72193862135279,-114.10762197067994,-108.856147094768,-1.0708030342716637
5151600000.0,-107.86371739256677,-114.54635663702459,-108.91309907727775,-1.0890740724240944
5151700000.0,-107.7226136304241,-114.24464687494797,-108.81694603531218,-1.0792921375156328
5151800000.0,-107.83719531380954,-114.22671235405659,-108.97026032778547,-1.0710440828737342
5151900000.0,-107.77985995279903,-114.6222736593708,-108.78657559830857,-1.0985794792623287
5152000000.0,-107.95975492935547,-114.36961607714753,-109.08677385771581,-1.0723209390861452
5152100000.0,-108.02484365784758,-114.53353298130341,-109.1230075934362,-1.0784689220718577
5152200000.0,-107.72606027641854,-114.27601333287208,-108.81242469275377,-1.0810093181384457
5152300000.0,-107.69919386281943,-113.82063111173055,-108.91548244741251,-1.05384872159517
5152400000.0,-107.88597625049938,-114.36236801947058,-108.99347702223591,-1.0764696589010252
5152500000.0,-107.79566485001148,-114.2443410237977,-108.9112496116657,-1.0747463609488714
5152600000.0,-107.81095305608213,-113.9563164064303,-109.0195365809865,-1.0554119031670863
5152700000.0,-107.93253275231628,-114.56565223213785,-108.99554810338489,-1.0860826320335182
5152800000.0,-107.80560674579205,-113.99239774939238,-109.00098090455585,-1.0581051188355672
5152900000.0,-107.56875517110393,-114.24954565572517,-108.61864229912761,-1.0889627808799855
5153000000.0,-107.72608667166493,-114.77950975430575,-108.67940107036803,-1.110800162862412
5153100000.0,-107.88801562497737,-114.77303352286415,-108.88368535695398,-1.1010770165760941
5153200000.0,-107.69758748650514,-113.98485824573271,-108.8616032578423,-1.0645675758881372
5153300000.0,-107.77113517848748,-114.61326574500094,-108.77792469081001,-1.0985628293852219
5153400000.0,-107.79126207362081,-114.567598332619,-108.81538221500014,-1.094675195496234
5153500000.0,-108.0387791775116,-114.16850446825647,-109.25239236067421,-1.0543908549260261
5153600000.0,-107.81702879843037,-113.84829711295433,-109.06286584656661,-1.04790609864618
5153700000.0,-108.03490718791255,-114.49173616234505,-109.14810704582543,-1.0752540227723062
5153800000.0,-107.89194648509954,-114.87364605707452,-108.86304903800585,-1.1066879083716854
5153900000.0,-107.99013342617343,-114.234336737281,-109.16747351086636,-1.0618096542721014
5154000000.0,-107.97175105776233,-114.7802342102061,-108.98736206207448,-1.096579329732267
5154100000.0,-108.14850095375887,-113.87180392814176,-109.5016885940992,-1.026974737598691
5154200000.0,-107.97750797334874,-114.73536803181369,-109.00655487587436,-1.0935767648298187
5154300000.0,-107.8957825255133,-114.13841001911535,-109.07361343097588,-1.06170840308624
5154400000.0,-107.86428793760493,-114.62662055553471,-108.89213977535869,-1.0938429350533172
5154500000.0,-108.14026958713926,-115.2043245179232,-109.09097821561616,-1.1114061425852988
5154600000.0,-107.9081560101863,-114.46546602707024,-108.99243176857334,-1.0814606214738445
5154700000.0,-107.64106033905223,-114.000576511202,-108.78310870914399,-1.069154040471906
5154800000.0,-107.79804586872304,-114.6561612529244,-108.80067467978427,-1.0995017366656166
5154900000.0,-108.07766313813993,-114.37167773712174,-109.23960809567853,-1.0649978149328092
5155000000.0,-108.02285709143479,-114.00023673297667,-109.28674732857954,-1.0443151420095227
5155100000.0,-107.77161000853582,-114.38043893605612,-108.84138587883554,-1.0846072850167894
5155200000.0,-107.98561805319218,-114.68141773875962,-109.031409631531,-1.0898654331755946
5155300000.0,-107.65052091558546,-114.48955243532444,-108.65811931784233,-1.0983805470974914
5155400000.0,-107.8768505598693,-114.17640965850435,-109.03709612674122,-1.065351212434622
5155500000.0,-107.87771116819968,-114.24952540073622,-109.01606729374424,-1.0699298393928565
5155600000.0,-107.89486199004767,-114.62741849415221,-108.9306994510015,-1.0920676268243765
5155700000.0,-108.00085791133506,-114.9564299474448,-108.97853211269987,-1.105179316287586
5155800000.0,-107.96934986070477,-114.7259736594031,-108.99872736621084,-1.0935031620965228
5155900000.0,-107.95981773264478,-114.0560811121268,-109.18427407283828,-1.0521978557553033
5156000000.0,-107.89030602178018,-114.39406822146138,-108.98988855176789,-1.0781645452766877
5156100000.0,-107.99604804054934,-114.3948467139441,-109.12635007897775,-1.07162710680095
5156200000.0,-107.9885159417563,-114.65856684207175,-109.04134465406487,-1.0883156829176355
5156300000.0,-107.96878782782572,-114.21220314922272,-109.14637331892415,-1.0617590264887211
5156400000.0,-107.83916121302761,-114.3655505938616,-108.93224608730584,-1.079560524852666
5156500000.0,-107.94078531021461,-114.30851332495106,-109.0803667325355,-1.0696722268008367
5156600000.0,-107.80963532764378,-114.25111978589548,-108.92732866122063,-1.074298032671173
5156700000.0,-108.0534125415231,-114.61091562855431,-109.13763354799548,-1.0814724585083184
5156800000.0,-108.04586989386486,-114.44232085694084,-109.17687007972226,-1.071479712220002
5156900000.0,-107.93832090154865,-114.64943188403123,-108.97995301140665,-1.0907842110118617
5157000000.0,-107.94386804081655,-114.60567823864355,-108.99896018424835,-1.087818459669997
5157100000.0,-107.9767793950823,-114.7178934475036,-109.01031470116848,-1.0925786347223292
5157200000.0,-107.73139995340975,-114.41936467635765,-108.77932720448885,-1.0893944867708765
5157300000.0,-108.01378797994646,-114.3382572549511,-109.16643342638373,-1.0669353178474092
5157400000.0,-107.8852755345184,-114.1366228564385,-109.0603933968515,-1.0622683772343897
5157500000.0,-107.78896068914138,-113.96700462099439,-108.98711006642402,-1.0575378804686324
5157600000.0,-108.19032933895716,-115.15387857950118,-109.16599184803471,-1.1056405189498053
5157700000.0,-107.96469488172464,-114.23292201416642,-109.13458108667002,-1.0633502819331049
5157800000.0,-107.72987444944317,-114.56530640363249,-108.7384132975343,-1.0981687218975762
5157900000.0,-107.95415317234443,-114.60636875131229,-109.01188752889838,-1.0872387861747528
5158000000.0,-107.9834949407446,-114.60191923814355,-109.05059446102933,-1.0851907139627532
5158100000.0,-107.94827126930554,-114.40579538870736,-109.0612680470281,-1.075297279848925
5158200000.0,-107.79051137928488,-114.37046819825295,-108.868386083262,-1.0828467857189035
5158300000.0,-107.8909931256271,-114.02999260028336,-109.10162057164521,-1.0549966828603234
5158400000.0,-107.7797450587872,-114.00155054849803,-108.96408339734455,-1.0603682585768792
5158500000.0,-107.97083494705237,-114.77995205826963,-108.98627894471866,-1.0966167910524203
5158600000.0,-107.89442916981872,-114.05873952538386,-109.09695074327743,-1.0566457522911517
5158700000.0,-107.92080226842552,-114.34376564848588,-109.04394672602959,-1.0731412235093254
5158800000.0,-108.00411508239952,-114.4405450234121,-109.12329307783315,-1.0739826489309225
5158900000.0,-107.98202694126074,-114.54922483322053,-109.06350265320222,-1.0820664082063067
5159000000.0,-107.68229825932809,-114.40763695011951,-108.72008194053949,-1.091636123158449
5159100000.0,-107.93706453427998,-114.05256162552391,-109.15527477744332,-1.0534597456202375
5159200000.0,-107.92175722241801,-114.85363953294056,-108.90543286157259,-1.1038065609187084
5159300000.0,-107.94258192997117,-113.98512532988669,-109.18467937004935,-1.0486536802437416
5159400000.0,-108.05226728194283,-114.12974527285868,-109.28285962920079,-1.0509617985776056
5159500000.0,-108.131987065311,-114.79955859582961,-109.1854961976383,-1.0881661472186446
5159600000.0,-107.88534339780726,-114.2297582127931,-109.03194429030495,-1.0681994444153435
5159700000.0,-108.08698917236549,-114.44466276539798,-109.2295919118124,-1.069037681902907
5159800000.0,-107.94043717037113,-114.01614669643891,-109.1716089800365,-1.050845252800831
5159900000.0,-108.03002413081106,-114.53570430667652,-109.12905419967237,-1.0782830561392147
5160000000.0,-107.64223397307474,-114.03013715802699,-108.77578018541642,-1.0709426263308852
5160100000.0,-108.0424382691094,-113.7494222121503,-109.40160724383975,-1.0258372889389704
5160200000.0,-108.04396021749142,-114.53343673514546,-109.14766755527323,-1.0772807779131708
5160300000.0,-107.73645764442479,-114.24922409790811,-108.83344927785016,-1.0787206218024492
5160400000.0,-107.86955674448282,-114.6043556280194,-108.90479040295686,-1.0922015906952294
5160500000.0,-107.91535361492265,-114.28309211548984,-109.05493189103504,-1.06967288807395
5160600000.0,-107.83772565440857,-114.46139778464449,-108.90336463918163,-1.0855094504184617
5160700000.0,-107.91872989828336,-113.9668320206722,-109.15898842808161,-1.0490217697582005
5160800000.0,-107.83957158923117,-114.43378984743913,-108.91343724019093,-1.0837173246357974
5160900000.0,-107.92783682837943,-114.2246284134376,-109.08893028460808,-1.0651748524055145
5161000000.0,-107.84030374427499,-114.67266064736887,-108.84964677926966,-1.0979876753048923
5161100000.0,-107.86996146512833,-113.67903958797103,-109.19220910415473,-1.032905674843536
5161200000.0,-107.81949312922725,-114.42022739904161,-108.89153265931904,-1.0841144625592491
5161300000.0,-107.89418617172328,-114.14524385273504,-109.06939403683907,-1.0622497887657985
5161400000.0,-108.06193596500849,-114.43797794158512,-109.19902593170059,-1.0701962086666332
5161500000.0,-107.94344846096509,-114.99878745856759,-108.89629269925425,-1.1109094318291004
5161600000.0,-107.95556447385985,-114.25757562648151,-109.11505938890726,-1.0655074084593736
5161700000.0,-108.05342210007082,-114.74590450364525,-109.10011731256125,-1.0896661029297225
5161800000.0,-107.89363985344664,-113.86227648925481,-109.16048740094331,-1.0437297261367733
5161900000.0,-107.9294696342886,-113.99236143340003,-109.16485073287012,-1.0499995933643997
5162000000.0,-107.86058820448415,-114.49400863916605,-108.92352009683117,-1.0861008782254011
5162100000.0,-107.92524603615205,-114.79069778834729,-108.92597170815233,-1.099931927831562
5162200000.0,-107.84456743509452,-113.80431178222733,-109.11443097417519,-1.0431335048216128
5162300000.0,-107.61053761229601,-113.87096157306529,-108.78283898909565,-1.062850483064975
5162400000.0,-107.876968923378,-114.47452205632518,-108.9498995330686,-1.083920626256777
5162500000.0,-107.72316835563622,-114.70499019665839,-108.69424027133488,-1.1066949547920366
5162600000.0,-108.02062304415975,-114.40483642105634,-109.1552703079999,-1.0707105710847802
5162700000.0,-108.03083030207644,-114.71012546411033,-109.08112644560998,-1.0888727434630137
5162800000.0,-107.97460485372443,-114.27523669222867,-109.13452195263937,-1.065419553132296
5162900000.0,-107.93100870787308,-114.25759666250966,-109.0830103634765,-1.0670697771119548
5163000000.0,-107.91343345441771,-114.46026328611275,-109.00068593614893,-1.080817579436691
5163100000.0,-107.66716182055164,-114.58966535702976,-108.65322479704287,-1.1032617878981297
5163200000.0,-107.89834607602941,-114.94399082534167,-108.85357191277335,-1.1103562384197585
5163300000.0,-108.04971057623193,-114.46643127432338,-109.17469917301023,-1.072750591228541
5163400000.0,-108.0099166100398,-114.93966675144259,-108.99413441822064,-1.103682777102582
5163500000.0,-107.8986735745295,-114.24749843108216,-109.04394286568113,-1.0684784379501324
5163600000.0,-107.8728697262032,-114.64453478699575,-108.89823295713802,-1.0943977670170826
5163700000.0,-108.03331703877748,-114.60141242313243,-109.1145390036713,-1.0821213498414313
5163800000.0,-107.82795574566842,-114.41460090389982,-108.90394818106883,-1.083255279659344
5163900000.0,-107.9809100847086,-114.23608902451275,-109.15483805329315,-1.0625142049663077
5164000000.0,-108.26600033520252,-114.51382657699034,-109.44221286890931,-1.0620423475269474
5164100000.0,-108.0630386330667,-114.45458789427308,-109.19549803593013,-1.0711718055682806
5164200000.0,-107.7564005094898,-114.47020155826884,-108.7973037592816,-1.0909454200029318
5164300000.0,-107.72210838050874,-113.87738995785887,-108.92751428984957,-1.0560582317328238
5164400000.0,-107.92352623246651,-114.14185937952308,-109.10895376178088,-1.0601443612290047
5164500000.0,-107.75657904993434,-113.92045893032392,-108.95923796357691,-1.0566177587034995
5164600000.0,-107.92640818504232,-113.89223246931486,-109.19420870196882,-1.0435412484352815
5164700000.0,-108.04474391238783,-114.65564621023287,-109.11394083548393,-1.0847334223400953
5164800000.0,-107.85498265111107,-113.87337109057808,-109.10510742544822,-1.0470505297848323
5164900000.0,-107.80216972044718,-113.73157196687096,-109.08238690124227,-1.0410929198461925
5165000000.0,-107.7741629105242,-114.308058897833,-108.86510178035577,-1.0800226108454911
5165100000.0,-107.9200112420217,-114.47693498942957,-109.0043965502508,-1.0814369384710572
5165200000.0,-107.74429524302748,-114.16849418958284,-108.86707511107511,-1.073218495280333
5165300000.0,-108.00197468568024,-114.53242905781005,-109.09389685961885,-1.0798108182516943
5165400000.0,-107.86725526797059,-114.215975599536,-109.0125560998253,-1.0684718274938156
5165500000.0,-108.06940447058415,-114.42121678593331,-109.2137727053899,-1.0686673295418663
5165600000.0,-107.94255282216419,-114.12845997697292,-109.1382070689171,-1.0580478363411143
5165700000.0,-107.80417590736555,-113.77984147475723,-109.06864530020222,-1.0442004328338188
5165800000.0,-107.89569092643602,-114.58629198844095,-108.94289901052105,-1.0895530130243611
5165900000.0,-107.89452512196355,-113.76033054202352,-109.19676148332363,-1.0367846565874022
5166000000.0,-107.96175055808673,-114.57008175036196,-109.0316654636382,-1.084576998637698
5166100000.0,-107.85493311929062,-114.67491088434797,-108.86752082288645,-1.097258022913172
5166200000.0,-108.13881388230371,-115.02678648648475,-109.13372259839464,-1.101249655893266
5166300000.0,-107.89752947370617,-114.43579994556285,-108.98721995420736,-1.0802916553669535
5166400000.0,-107.81700000795811,-114.00772594924179,-109.01112811193428,-1.0583600501499664
5166500000.0,-107.87592235043986,-114.41722910052334,-108.96474728827029,-1.0804782936427133
5166600000.0,-107.94794810836308,-114.53073207222701,-109.02502672869561,-1.0830195043050763
5166700000.0,-107.78155876731668,-114.12129959376456,-108.92957288259795,-1.0679035513269268
5166800000.0,-108.0531494921825,-114.63430957189007,-109.13068529392831,-1.0829203052586995
5166900000.0,-107.94864378868229,-114.63249536740759,-108.99769417491227,-1.089147036083146
5167000000.0,-108.03922535765821,-114.42533471653508,-109.17330670220241,-1.0708298270317609
5167100000.0,-107.840395113669,-114.1792816276251,-108.98866775227232,-1.0678494455129444
5167200000.0,-107.89630674800438,-114.36507452655479,-109.00602462007713,-1.0759963229246645
5167300000.0,-107.87814136881533,-114.4538294086353,-108.9572193594313,-1.0825858568832676
5167400000.0,-107.86851512746017,-113.8239359051596,-109.13984808002894,-1.0428433171786913
5167500000.0,-107.88897079145228,-114.80741380957645,-108.87606936842245,-1.1030257006407267
5167600000.0,-107.59944095758881,-113.47380696012172,-108.89868802255955,-1.0373670571792355
5167700000.0,-107.81084554996455,-114.15469170169007,-108.95761827713635,-1.0681634555064465
5167800000.0,-107.80425459181484,-114.0660445295375,-108.97613277251463,-1.062938017353586
5167900000.0,-107.83964880617259,-114.03868164403362,-109.0311512866335,-1.0588977269438407
5168000000.0,-107.76795743702472,-114.47779412230831,-108.80993501170482,-1.0907078233930823
5168100000.0,-107.93826288883295,-113.9529576090597,-109.18962043826352,-1.0468048555830014
5168200000.0,-107.86726970025813,-114.33580912941979,-108.97705405517719,-1.0759821375627037
5168300000.0,-108.02903262744752,-114.2215660963966,-109.22258884972067,-1.058477102805051
5168400000.0,-107.92934988780713,-114.82094101520164,-108.92332750137244,-1.1014609805255418
5168500000.0,-107.96795561686949,-113.98179013076522,-109.21960046012612,-1.0467476221025782
5168600000.0,-107.91612767316477,-114.42469254058042,-109.01432741604336,-1.0784612364429877
5168700000.0,-107.76632117362644,-114.47037282143222,-108.80986870634669,-1.090360860691191
5168800000.0,-107.54271336596176,-113.95692571381063,-108.66844391760678,-1.0725935301689502
5168900000.0,-107.90833716064904,-114.26928886318316,-109.04995384048107,-1.069244671730623
5169000000.0,-108.11119344223378,-114.82649852895659,-109.15168943043801,-1.0910355256092714
5169100000.0,-108.08975601575608,-114.44540174862573,-109.23296922311101,-1.0689095857424908
5169200000.0,-108.06408837522415,-114.37087918307844,-109.22212167556657,-1.0658117073864561
5169300000.0,-108.01128300502367,-114.40807599470573,-109.14218145067217,-1.0715011886430847
5169400000.0,-107.93419224818697,-114.35623682312882,-109.05760791286617,-1.0730837526219135
5169500000.0,-107.84474182133329,-114.44853857149033,-108.91592429805415,-1.0843009829333845
5169600000.0,-108.09909483356869,-114.07415838380005,-109.36376771005983,-1.0441601374874965
5169700000.0,-108.00134429246884,-114.6405417523747,-109.06267557101502,-1.0864509693416535
5169800000.0,-107.69017548706384,-114.32760988815632,-108.75199495995822,-1.0863441584684592
5169900000.0,-107.92942682085672,-114.64667698867437,-108.96939638803025,-1.0911520243319126
5170000000.0,-107.73392362100616,-114.05926218684259,-108.88630487156222,-1.0669904914400055
5170100000.0,-107.66960170626894,-114.30928172200566,-108.73079940828946,-1.0864801990544677
5170200000.0,-108.00163207135874,-114.26996379652797,-109.17148594222107,-1.0633569771817735
5170300000.0,-107.9423262094437,-114.46834691334332,-109.03551660480177,-1.079537816883794
5170400000.0,-107.93265266192279,-114.62687949713231,-108.97887257831275,-1.089770935152523
5170500000.0,-107.94993424614455,-115.02720950514995,-108.89741374638564,-1.1121583704085367
5170600000.0,-107.83245820230975,-114.43554945321848,-108.9038380486356,-1.0842580219606248
5170700000.0,-107.8220295281526,-114.43314200963938,-108.89116778140483,-1.0847462071011498
5170800000.0,-107.50903561652031,-114.52045732685163,-108.4727222629855,-1.1083971659300293
5170900000.0,-108.00499362824013,-114.25097112682903,-109.18178138518141,-1.0619236225220408
5171000000.0,-107.97927698528122,-114.7106862771645,-109.01542350756948,-1.0919990732801663
5171100000.0,-108.11885976267888,-114.39817903236404,-109.28532258475963,-1.0640597306310804
5171200000.0,-107.87629688865448,-115.14280655663642,-108.77886611346268,-1.1227715486315344
5171300000.0,-107.95895890812703,-114.76845185604205,-108.97430391196251,-1.0966389980246853
5171400000.0,-107.93047666596527,-114.365281651432,-109.05013243420684,-1.0738812070838137
5171500000.0,-107.87761446622028,-114.47199551625893,-108.95143445181606,-1.0837272511200595
5171600000.0,-107.94929271364066,-114.54808285538085,-109.02187672109916,-1.0839960117470102
5171700000.0,-107.98155978894312,-114.19840155608668,-109.16745547976899,-1.0600481606490748
5171800000.0,-108.0362115441706,-114.68329076659779,-109.09536343888351,-1.0869281295328388
5171900000.0,-107.86614724607062,-114.56821954042016,-108.91023255155348,-1.0902420797480208
5172000000.0,-107.67449871916307,-114.76604418409534,-108.61850634709292,-1.112968739018031
5172100000.0,-108.02865424612528,-115.45036575450341,-108.89614740671132,-1.13126591270012
5172200000.0,-107.85936183043938,-114.0553972041286,-109.0518109799519,-1.0587037894498819
5172300000.0,-107.75153252024809,-114.19083107018297,-108.86986764570659,-1.074161668972627
5172400000.0,-107.79884670974451,-113.74068038181397,-109.07481017636835,-1.041930121825974
5172500000.0,-108.01541964452092,-114.93253790209762,-109.00285635334684,-1.1029486462431568
5172600000.0,-107.92612329821421,-114.32429702237606,-109.05661113232328,-1.0715878761179454
5172700000.0,-107.87259166568714,-114.27893142186167,-109.00065449280218,-1.0721002036592209
5172800000.0,-107.6791131601689,-114.44160931911011,-108.706921329426,-1.093852664388227
5172900000.0,-107.8145185758296,-114.67749359723197,-108.81588628790921,-1.099786748042046
5173000000.0,-107.85700272360484,-114.56566625383832,-108.89929845718045,-1.0906374861349284
5173100000.0,-107.96254973708946,-114.80851701424378,-108.96833882772505,-1.0987883866188843
5173200000.0,-107.77462707883905,-114.01980826905438,-108.95166270038735,-1.0618724739406706
5173300000.0,-107.88809044658476,-113.72713721515404,-109.19972221547593,-1.0349591840554868
5173400000.0,-107.70105901721372,-114.23487706204699,-108.79202014490973,-1.0800178155592373
5173500000.0,-107.80888745327371,-114.5905121008547,-108.83160230098957,-1.0949890518360943
5173600000.0,-107.80326118393486,-113.79797799252087,-109.06131064506882,-1.0454736790055752
5173700000.0,-108.04201264509157,-114.56839103394857,-109.13510066527813,-1.079559847840254
5173800000.0,-107.86701394889073,-114.49824228515601,-108.93055390791842,-1.0859679579236075
5173900000.0,-107.71979672811882,-114.10410390999544,-108.85441598517814,-1.0707164721475908
5174000000.0,-107.67898599871154,-114.36621442071528,-108.72711420463197,-1.0893502011632095
5174100000.0,-107.8536718433074,-114.57154613141304,-108.89347256066483,-1.09118939837991
5174200000.0,-107.9629091427806,-114.17795531618688,-109.1493687717285,-1.0599323081358363
5174300000.0,-108.09490064892765,-113.99213743874355,-109.38620024660392,-1.0389192311535203
5174400000.0,-107.90722194231543,-114.72829495366084,-108.91952210235121,-1.0973226319713483
5174500000.0,-108.04641729386697,-114.35243003135051,-109.20468838439193,-1.0657621860802153
5174600000.0,-107.82588576562995,-114.39459807322362,-108.90693334749236,-1.0821591117006946
5174700000.0,-108.0936623909115,-114.63554843270246,-109.18232228011577,-1.0805138928482163
5174800000.0,-107.78045007262958,-114.48541580368911,-108.8237493622272,-1.090415703183346
5174900000.0,-108.03972365307018,-114.63087227184113,-109.11445079091382,-1.0835301040037413
5175000000.0,-107.95714173477589,-114.34660972121868,-109.09022137155631,-1.0710409994204213
5175100000.0,-107.92143626453695,-114.99456021743713,-108.86992842417274,-1.1119223172783455
5175200000.0,-107.89648774663688,-113.98473969818212,-109.12355661197635,-1.051671146595737
5175300000.0,-107.68782686370926,-114.34475585191981,-108.74426228822301,-1.0875236560160713
5175400000.0,-107.81280536241883,-114.1895483148381,-108.94968554996495,-1.0702403574129031
5175500000.0,-107.77460176295777,-114.1825726138465,-108.90218092385835,-1.07220246186256
5175600000.0,-108.07212608140888,-114.1924439449891,-109.28877652452664,-1.0537754484384034
5175700000.0,-107.93267418412759,-114.06913942272844,-109.14411666715895,-1.0548312210052986
5175800000.0,-107.73400223014835,-114.72260353771733,-108.70337708761545,-1.107085464476936
5175900000.0,-107.61323164681451,-114.1116683566207,-108.71434980004538,-1.0778353089088346
5176000000.0,-107.96378043128055,-114.01328010460317,-109.20357712238342,-1.0491142639950346
5176100000.0,-107.64791122652314,-114.10614675025009,-108.76070021751599,-1.0753415440721568
5176200000.0,-107.97128977110003,-114.52501264447787,-109.05658336027957,-1.081240634048799
5176300000.0,-107.91101146014213,-114.47702033756875,-108.99282344447364,-1.08199360929589
5176400000.0,-107.93741229486002,-114.30843208917629,-109.07600652399637,-1.0698797669555957
5176500000.0,-108.00685945587165,-114.5017015774811,-109.10901549335661,-1.0776129345435677
5176600000.0,-107.81268023283357,-114.37085891996419,-108.89670967343484,-1.0815138765551353
5176700000.0,-107.71637256290552,-114.42002669330195,-108.76002807256604,-1.0903370084452857
5176800000.0,-107.90576085539412,-114.72740808918229,-108.91791029690654,-1.0973565014950506
5176900000.0,-107.94828483816036,-114.9146599658927,-108.92323582367965,-1.1058037706610122
5177000000.0,-107.80081858554267,-114.44363254339969,-108.86114924044476,-1.086669979964359
5177100000.0,-108.02047466013406,-114.22516986764475,-109.21019117621562,-1.0592638450311511
5177200000.0,-107.8234723132353,-114.86787119942215,-108.77900470332675,-1.1102850885859696
5177300000.0,-107.88359457433224,-113.8031451988215,-109.16719435808162,-1.0404283126621525
5177400000.0,-107.68910557444713,-114.16492006255152,-108.79677404705275,-1.0764338371400752
5177500000.0,-107.65878449051222,-113.8394054477983,-108.85611547935851,-1.0577050760457645
5177600000.0,-107.89988601394795,-114.91589015422315,-108.86243493793366,-1.1086600424348745
5177700000.0,-107.69805263386922,-114.25075898187954,-108.7836348524386,-1.081178272760473
5177800000.0,-107.87918866317281,-114.73772233844406,-108.88170885578673,-1.0995262767914074
5177900000.0,-107.75056054199877,-114.02168302361994,-108.91955204710499,-1.0635355816871275
5178000000.0,-107.82725205940463,-114.64048480083468,-108.84161260651578,-1.0968599041787104
5178100000.0,-107.9215117107804,-114.81238539392685,-108.91567385643802,-1.1014190900081025
5178200000.0,-107.56039960748114,-113.63978304030361,-108.7903679603574,-1.0510873361966246
5178300000.0,-107.86312529776767,-114.273547667441,-108.9899779560889,-1.0723561080837398
5178400000.0,-108.04769946531027,-114.30145035451861,-109.22207074852872,-1.062422601159235
5178500000.0,-108.11946412192714,-115.04172642165435,-109.10558858984245,-1.1032477657450557
5178600000.0,-107.9850879986629,-114.22801502194817,-109.16282559146622,-1.061727650656328
5178700000.0,-108.16578647184383,-114.7394061312228,-109.2454480446362,-1.0824593681299413
5178800000.0,-107.70882177921258,-114.62977866770714,-108.69527907177137,-1.1031718787942677
5178900000.0,-107.9204130871925,-114.44197954903801,-109.01487926699315,-1.0792633681426553
5179000000.0,-108.15270796926667,-114.802264873409,-109.21117580318366,-1.0870780137138585
5179100000.0,-108.16143497296602,-114.3535482986209,-109.3551240959684,-1.058449897844964
5179200000.0,-107.92697140083536,-114.46701451277407,-109.01615646570933,-1.0804006287183068
5179300000.0,-107.82868770379213,-114.57859307251218,-108.85986395208215,-1.0931029371958065
5179400000.0,-107.76510387382389,-114.36892827812757,-108.83627861489029,-1.0843026668258584
5179500000.0,-107.87276367132732,-113.7066409530137,-109.18621956960982,-1.0346056451438388
5179600000.0,-107.88399070255694,-114.18281405805729,-109.0444616118312,-1.065304334306469
5179700000.0,-107.99851884277174,-114.61845516811567,-109.06519731594882,-1.0852825749154489
5179800000.0,-107.96768188293059,-114.56844919198628,-109.03971216266571,-1.0841164752635046
5179900000.0,-107.82437827164858,-114.67180659105979,-108.8297866885832,-1.0988742471395827
5180000000.0,-107.86088656239032,-114.60341632059982,-108.89404156934413,-1.0926631110183609
5180100000.0,-107.90838974263394,-115.0258717719973,-108.84612330949828,-1.1144373813402784
5180200000.0,-108.10335704131207,-114.87826796704522,-109.12785630997053,-1.0945905631424055
5180300000.0,-107.93191286057692,-114.43563844017213,-109.0315059418107,-1.078162282210537
5180400000.0,-107.80151667525328,-114.4315248222204,-108.86539527276915,-1.085893951834109
5180500000.0,-108.0220055521928,-114.44774015860824,-109.14433246666084,-1.0733145149165928
5180600000.0,-107.92739390694926,-114.6083075310628,-108.97724736062598,-1.0889701945621553
5180700000.0,-107.9173240503687,-114.64472265379013,-108.95455187530244,-1.0917593176668874
5180800000.0,-107.86376435632394,-114.51584946514106,-108.9215346937234,-1.0872308979921173
5180900000.0,-108.0115508548171,-114.30584882337959,-109.17340889074833,-1.0650158836026018
5181000000.0,-107.96042847849377,-113.66907219177703,-109.31898770154729,-1.0259531096376457
5181100000.0,-108.00007021929451,-114.963507146147,-108.97576101955184,-1.1056340292056874
5181200000.0,-107.95571975572634,-114.74996158162007,-108.97509054898538,-1.0957368827651692
5181300000.0,-107.8186580136896,-114.04708874094558,-109.00092134429714,-1.060795129216182
5181400000.0,-107.78716195387604,-114.30099159875735,-108.88384811942888,-1.0787862324297093
5181500000.0,-108.04459789339788,-114.2042979036496,-109.24859130042643,-1.0563458486325827
5181600000.0,-107.97703186678103,-113.77905424877494,-109.30179334847728,-1.0324208040460414
5181700000.0,-107.7403930363664,-113.80195777173333,-108.97621088091795,-1.0499119445516674
5181800000.0,-107.96601537925822,-114.17510201243537,-109.15434890558578,-1.0595475702464725
5181900000.0,-107.81994834187645,-114.41002316635254,-108.89497702165131,-1.0834645921189063
5182000000.0,-107.91203573843893,-114.44785717408551,-109.00242492514442,-1.0801410534174598
5182100000.0,-107.58242361004463,-114.12076864100682,-108.67209282689173,-1.0802962394764963
5182200000.0,-107.70899425201728,-114.03419215128866,-108.86141824944347,-1.0669815638693678
5182300000.0,-107.68625187204479,-114.02999622008365,-108.83305536463257,-1.06815701234755
5182400000.0,-107.85280277342369,-114.32823871393603,-108.96058123023259,-1.0764103456214187
5182500000.0,-107.6381832223727,-113.98537518761194,-108.78394535586463,-1.0683751574489133
5182600000.0,-107.74144483908005,-113.97983163196565,-108.92059775873076,-1.0614358051550956
5182700000.0,-108.14794211614725,-114.26769283919073,-109.3647759432789,-1.0537383195647174
5182800000.0,-107.85477073548395,-114.46237923317312,-108.92488755176748,-1.084533019896424
5182900000.0,-108.01082629743668,-114.53250007778834,-109.10526171926605,-1.0792699827161436
5183000000.0,-107.95159868917254,-114.33266525483157,-109.08718593261469,-1.0705125642188003
5183100000.0,-107.75681811126583,-114.12133855683993,-108.89736240856584,-1.069469897558912
5183200000.0,-107.78268978131436,-114.77248554514969,-108.75176598160579,-1.107154227869618
5183300000.0,-108.09592394435866,-114.48098719061925,-109.23031749656361,-1.0707640314562328
5183400000.0,-108.03268231780305,-114.2439023145971,-109.22034464814631,-1.0596853364872518
5183500000.0,-107.98249166931073,-114.40340091647741,-109.10624255551716,-1.0730127274531933
5183600000.0,-107.84189910351893,-114.33026452837906,-108.94592798873316,-1.0772119628708896
5183700000.0,-107.7018560043565,-114.4646929407368,-108.72957318638272,-1.0938729370761224
5183800000.0,-107.83576091762897,-114.7501899149212,-108.8238844315258,-1.1027921806481829
5183900000.0,-107.78547249095992,-114.11444036712854,-108.93675146182565,-1.0672207647708594
5184000000.0,-107.78465140268055,-114.64056800189157,-108.78785139323776,-1.0993727147821433
5184100000.0,-107.73353394164496,-114.48264735624892,-108.7649224544119,-1.0930557336782667
5184200000.0,-107.60827030108973,-114.5779992056126,-108.58237759859836,-1.1059974323454893
5184300000.0,-107.63182910943357,-114.42922268222127,-108.65036648065379,-1.0959234751203013
5184400000.0,-107.84290625241454,-113.86335316885283,-109.09234461864243,-1.047187381391488
5184500000.0,-107.87031253655852,-115.10854554185096,-108.77943983924617,-1.1212037590919854
5184600000.0,-107.6799552270869,-113.9286674350128,-108.85589221253078,-1.0620992319153546
5184700000.0,-108.10113410076545,-114.26046066985714,-109.30524681760582,-1.0563215470327572
5184800000.0,-107.98696354547505,-114.14241300821732,-109.19231574987249,-1.0560691637241715
5184900000.0,-108.09822307892952,-114.0757635197471,-109.36205900049792,-1.0443259014560902
5185000000.0,-107.77343999177683,-114.64299019634655,-108.77310423879305,-1.1001720544395042
5185100000.0,-107.84116023528347,-114.07586467088476,-109.02146248331957,-1.0611989566129758
5185200000.0,-107.74248780172874,-113.52922381839053,-109.07271460756819,-1.0313684892679837
5185300000.0,-108.04807328069086,-114.73509119964655,-109.09625894610105,-1.08933753935386
5185400000.0,-107.68728324134955,-114.41682575176843,-108.72393289999619,-1.0918874961253717
5185500000.0,-107.9172943188655,-114.70348397672709,-108.93879783795249,-1.095259782567017
5185600000.0,-107.99713493017023,-114.43640959576004,-109.11547707048118,-1.0741601787483588
5185700000.0,-108.1628520484027,-114.15218956639863,-109.42271042264386,-1.0451145445808927
5185800000.0,-107.65497164539246,-114.54186972723332,-108.65015704075367,-1.101186881615028
5185900000.0,-108.03695367703547,-114.29838418171953,-109.2089431975149,-1.062914985978466
5186000000.0,-107.98157625606329,-114.34861065162364,-109.12136581645284,-1.069628482447716
5186100000.0,-107.8321841074806,-114.08492270932183,-109.00686975425296,-1.062357654966636
5186200000.0,-107.65479279878295,-114.40230881317478,-108.68660960608659,-1.0929605058613663
5186300000.0,-107.71738592586138,-114.24499381399285,-108.81012212633065,-1.0796355677205083
5186400000.0,-107.99406695483302,-114.68106575448276,-109.04225783927708,-1.0893363893036219
5186500000.0,-108.1689954556876,-114.62740448121986,-109.28173377700338,-1.075352338801561
5186600000.0,-107.92918143357517,-114.15856367571664,-109.11114709327717,-1.0608564011631119
5186700000.0,-107.78912248343681,-114.12037242137794,-108.93970897023978,-1.0673654933439423
5186800000.0,-107.85270894881263,-114.85164853158709,-108.81950226217563,-1.1076802350484047
5186900000.0,-107.93550336439992,-114.498710580295,-109.0181081707606,-1.081822023482467
5187000000.0,-107.98693924611268,-114.57870449218623,-109.06149326639914,-1.083567719571871
5187100000.0,-107.83184543756096,-113.96512824390926,-109.04431231510087,-1.0546233476178668
5187200000.0,-108.07844166106742,-114.41358199935871,-109.22784871161986,-1.0676121086745733
5187300000.0,-107.66337120234672,-114.19476882962715,-108.75502377911866,-1.0798688757004051
5187400000.0,-107.92334260642039,-114.46329399994788,-109.01255381556987,-1.0803949910144321
5187500000.0,-107.84673776869694,-114.25489897803703,-108.97426049821962,-1.0722143943806601
5187600000.0,-107.90699802984804,-114.37714987885558,-109.0163130329094,-1.076082292884347
5187700000.0,-107.73264219338594,-114.32038089897574,-108.80832722990885,-1.0833220303293278
5187800000.0,-107.84088841730158,-115.0554111142213,-108.75555546333672,-1.1198842909423727
5187900000.0,-107.77116795055116,-113.97501169467338,-108.96115283053703,-1.0592088110750708
5188000000.0,-107.95046141811163,-114.0812464971932,-109.1637329855476,-1.0544601279566892
5188100000.0,-108.03880859673507,-113.90786458659721,-109.33990894517605,-1.0370058932364428
5188200000.0,-108.01646677958706,-114.78142301869924,-109.04361831293204,-1.0939989907708692
5188300000.0,-108.04016149354219,-115.39798411334749,-108.92190791805916,-1.1277917187588473
5188400000.0,-107.93953760649542,-114.33504915747955,-109.07081728604723,-1.0714207193163472
5188500000.0,-108.07042811753092,-114.38647521917329,-109.2256368149171,-1.0664003923294711
5188600000.0,-107.76576392548446,-113.9386689260636,-108.96554718976913,-1.0572042750502528
5188700000.0,-107.94365622789311,-114.44467528981768,-109.0440294480677,-1.0779949894676686
5188800000.0,-108.09805486592565,-114.48725099854771,-109.23121554547131,-1.0710239106608677
5188900000.0,-107.98352007747536,-114.41852180127435,-109.10311798799444,-1.073893490264853
5189000000.0,-107.98424489078174,-114.48087752497881,-109.0858838058181,-1.0777237170219043
5189100000.0,-107.89102015223992,-114.9193826199205,-108.85050821702,-1.109368130315073
5189200000.0,-107.9559945398583,-114.74769657748554,-108.97603749056063,-1.095586457788458
5189300000.0,-108.04703245040312,-114.60946744824992,-109.12985589657828,-1.0817747170397543
5189400000.0,-107.98976962193825,-114.45432714899243,-109.10071401476804,-1.0757346991805563
5189500000.0,-107.7887528352667,-114.13527559348626,-108.93471701978828,-1.0683328227504496
5189600000.0,-107.81032223188856,-114.49382558384342,-108.85946776711337,-1.089126079577298
5189700000.0,-107.99504665712212,-115.51063671198852,-108.84205489162234,-1.1363146518759553
5189800000.0,-108.016426580919,-114.39678061419443,-109.15222678676982,-1.0704677165914775
5189900000.0,-107.90595658433122,-114.49829156437062,-108.98035068030006,-1.0836024715077197
5190000000.0,-107.67876535224252,-114.22616527774906,-108.76585567089575,-1.080852584820665
5190100000.0,-107.83653153359023,-114.71304087138,-108.83439637664978,-1.1005794605939696
5190200000.0,-107.62283878731984,-113.49697334214233,-108.92216656772777,-1.0373513213208254
5190300000.0,-107.6185461377732,-114.36141966936871,-108.65160882107573,-1.092683621615517
5190400000.0,-107.89834708855884,-114.21941654406157,-109.05202647461212,-1.066719463297877
5190500000.0,-107.87773951609555,-114.27729530825158,-109.00781651166477,-1.071674629414308
5190600000.0,-107.84995550973028,-114.35438417588925,-108.94934603255989,-1.0782057297539172
5190700000.0,-107.9111445144463,-114.28914052425492,-109.04764981248148,-1.070319265736709
5190800000.0,-107.69682847912036,-114.39250646322215,-108.742653193662,-1.0898581220378363
5190900000.0,-108.04765872135886,-114.34063175001087,-109.20992323689663,-1.0649313940200702
5191000000.0,-107.9044786590532,-114.38884612915291,-109.00966542020063,-1.076964257377583
5191100000.0,-107.97153911733623,-113.95348483503639,-109.23388804851638,-1.0446205649746327
5191200000.0,-108.14818345955238,-114.59768305001616,-109.2635270878504,-1.074797661752416
5191300000.0,-107.61370745582744,-114.09515460095895,-108.71974086220645,-1.0767832267680113
5191400000.0,-107.93458648268683,-114.30639351441663,-109.07294476615374,-1.069929385561837
5191500000.0,-107.71855089995665,-114.29055850227373,-108.79866755297067,-1.0823607583754145
5191600000.0,-107.88132889336858,-114.96151559299463,-108.82809890190484,-1.1123238381425373
5191700000.0,-107.70273818289056,-113.94638188568045,-108.8802525423593,-1.0617737004521073
5191800000.0,-108.10977528099602,-114.36705833664512,-109.28305040965631,-1.0626491397345563
5191900000.0,-107.98329462395029,-114.5715630741413,-109.05883078359905,-1.0833543623303183
5192000000.0,-108.0591043073327,-114.85654538586599,-109.07762912237344,-1.0959262869403281
5192100000.0,-107.88726569620563,-114.4130112359494,-108.98053485533922,-1.0795208678523316
5192200000.0,-107.93148844166522,-114.06390494346024,-109.14423434623187,-1.0545667440082662
5192300000.0,-107.85789600234381,-114.00897095489184,-109.06464846602924,-1.0557842229286076
5192400000.0,-108.04621357902855,-114.39092392469824,-109.19272518170663,-1.0682181464111435
5192500000.0,-107.86852424254062,-114.75255858965456,-108.86444744291478,-1.101019532706662
5192600000.0,-108.00869211534157,-114.49057026029953,-109.11460052232256,-1.0768099493366579
5192700000.0,-107.93802202729154,-114.16795220060024,-109.11981631163309,-1.0608916807008317
5192800000.0,-108.10535683348206,-114.42166817432665,-109.26048501227635,-1.066417185488603
5192900000.0,-107.8709199131294,-114.08523602198818,-109.05760891945177,-1.0598851950434556
5193000000.0,-107.98699302460507,-114.09159170354096,-109.20873799827729,-1.0527451745751653
5193100000.0,-107.90511029569348,-114.10310166086367,-109.09694160004726,-1.0588303531010088
5193200000.0,-107.97567954853241,-114.33485004821448,-109.1178318963926,-1.069132213759094
5193300000.0,-107.70087862593141,-113.76485133553372,-108.9359041203494,-1.0500709712990148
5193400000.0,-108.06295273198916,-114.51268147434956,-109.17822926484065,-1.074811937338422
5193500000.0,-107.72425378386863,-114.03613556074448,-108.88073257803293,-1.0661355858988375
5193600000.0,-107.91017731645327,-114.83762852342579,-108.89498007302437,-1.1035492689586037
5193700000.0,-107.80626533134483,-114.33863897094155,-108.89763902768047,-1.079928940822788
5193800000.0,-107.98641633105703,-114.32911798234667,-109.13353498417892,-1.0680910143716558
5193900000.0,-107.60501267033194,-114.06489850058591,-108.71731980966584,-1.0754442096083918
5194000000.0,-107.89103838491216,-114.59428447487721,-108.93480474293486,-1.0903125233424538
5194100000.0,-107.48557272244594,-113.71925881134226,-108.66619304015727,-1.061133433479755
5194200000.0,-107.89124990422266,-114.32401991210813,-109.01150432715892,-1.0737541339611716
5194300000.0,-108.08734566219292,-114.47397564494392,-109.22127166524223,-1.0708625679965498
5194400000.0,-107.91486052141019,-114.22964990425089,-109.07045255670312,-1.0663204515547955
5194500000.0,-107.94289031837516,-114.0067371148502,-109.17795723036706,-1.0500626572318978
5194600000.0,-107.94022471467215,-114.92445533790061,-108.91069327672645,-1.1068337487076694
5194700000.0,-108.0457557342489,-114.71216376457718,-109.09958433972973,-1.0880959554628349
5194800000.0,-107.75600577148981,-114.03568292955867,-108.92235832835013,-1.0640826012948474
5194900000.0,-107.84732267443628,-114.39356398373297,-108.93474258993874,-1.080781439389061
5195000000.0,-108.05657520097773,-115.0483885107343,-109.0251471750936,-1.1072703486910433
5195100000.0,-107.8262207902693,-113.9460022336523,-109.04304468321492,-1.0537403308090942
5195200000.0,-107.83637695809682,-114.04601056309198,-109.02453835556733,-1.059582896290889
5195300000.0,-107.72833130263675,-113.93397567858923,-108.91774874172245,-1.0593251857473787
5195400000.0,-108.1538298042448,-114.33594355843974,-109.35068701671298,-1.0578018977577353
5195500000.0,-107.88100107192959,-114.12106216421279,-109.05963183601244,-1.0615434522240033
5195600000.0,-107.92229290076227,-114.30431829737128,-109.05759363944165,-1.0705729066269
5195700000.0,-108.04192091247451,-114.7763797114057,-109.0772461196171,-1.092181276239279
5195800000.0,-107.7730023179819,-114.34378139016806,-108.85346592786749,-1.0822855932571236
5195900000.0,-107.82349714736554,-114.27926012496707,-108.93700850802331,-1.0751876798514177
5196000000.0,-107.85396845814681,-114.58465720411111,-108.89030914998416,-1.0919560100021888
5196100000.0,-108.0628103089763,-114.30732491800214,-109.24005346115395,-1.0618296532841667
5196200000.0,-107.97928251195489,-114.9403799449922,-108.95556282569737,-1.1054988239687096
5196300000.0,-107.99422807991016,-114.56438236461983,-109.07486818822072,-1.0822473616752446
5196400000.0,-108.04303353901372,-114.28712396594717,-109.22040877603848,-1.0618024019131254
5196500000.0,-107.79338275162522,-113.74658025471781,-109.06547207248113,-1.0426940209282736
5196600000.0,-107.8704970468894,-114.56207453549892,-108.91743891250951,-1.0896117111971233
5196700000.0,-107.7386163159253,-114.65297989487775,-108.72675654354038,-1.1027883737436122
5196800000.0,-108.12957008443612,-114.83380534109385,-109.1730677480565,-1.0903718773085513
5196900000.0,-107.76386490960279,-113.90892379495219,-108.97254613111824,-1.055392047058953
5197000000.0,-107.95058816528712,-114.68224099764227,-108.98666906860554,-1.0920136274007464
5197100000.0,-107.76209775216736,-114.11070314193438,-108.90743326916748,-1.0684645581293006
5197200000.0,-107.81807051800962,-113.72845328983816,-109.10482740555075,-1.0398089230763377
5197300000.0,-107.70092332622022,-114.36710594644518,-108.75481383728172,-1.0880823555137396
5197400000.0,-107.8735109574171,-114.16690295086669,-109.03564692081596,-1.0649581126456158
5197500000.0,-107.87907700764463,-114.33874027004063,-108.99144911788918,-1.0754303651365267
5197600000.0,-107.62773207076026,-114.4114409152123,-108.64989367552224,-1.095112678743959
5197700000.0,-107.93526960908075,-114.81861542052857,-108.93137029321804,-1.1009792861965142
5197800000.0,-108.00853312521255,-114.41248138960955,-109.13730552398052,-1.0719502288682248
5197900000.0,-107.97868849889609,-114.57084557820066,-109.05313252871412,-1.0835916204496736
5198000000.0,-108.02139318513134,-114.24939799106633,-109.20378978825617,-1.0607676995397985
5198100000.0,-107.89346767557177,-114.43451450374397,-108.98236667812641,-1.0804623196734688
5198200000.0,-107.85747327973579,-114.27703336135264,-108.98162267371107,-1.0729283091322155
5198300000.0,-107.7037182700283,-114.1494303738154,-108.82017153393826,-1.074561640322426
5198400000.0,-108.07296576388825,-114.12038270691593,-109.3134507922739,-1.0489764152378804
5198500000.0,-108.26641659532606,-115.12846448602187,-109.26802476506452,-1.099732388538409
5198600000.0,-108.09572887870127,-114.37450754450785,-109.2623582830889,-1.064025181294887
5198700000.0,-107.68668984725153,-114.10071854211184,-108.81247474416271,-1.0725820283757954
5198800000.0,-107.79078322755501,-114.5432786677105,-108.82126561139125,-1.0932572773327711
5198900000.0,-108.02040273916572,-114.29065720147074,-109.18966239136984,-1.0634800377145173
5199000000.0,-107.85037707494683,-114.5853705787526,-108.88555834694353,-1.0922132155979012
5199100000.0,-107.80676964020559,-115.13208609106428,-108.6958671590199,-1.1260120294029061
5199200000.0,-107.96932896931467,-114.75558717783669,-108.99081431071167,-1.0952638466340352
5199300000.0,-107.83904061160564,-114.646991405877,-108.85479188124917,-1.096547869434656
5199400000.0,-107.82543206882184,-114.21378970429943,-108.95884275554008,-1.0709711982692638
5199500000.0,-108.08010708009824,-114.69434515597969,-109.14837329552441,-1.0849362797647024
5199600000.0,-107.8471038218928,-114.11587150929378,-109.01682292917326,-1.063384883105271
5199700000.0,-107.91471776802125,-114.46814341724786,-109.00009574122791,-1.0812224010600262
5199800000.0,-107.68063156082135,-114.02864655728419,-108.82614525532304,-1.0684272173964602
5199900000.0,-108.08994552693392,-114.1309117370349,-109.33256529626115,-1.0485491842003458
5200000000.0,-107.82978449177992,-114.29514394313166,-108.94049515147877,-1.0757845431380864
5200100000.0,-107.71815257949412,-114.33610970691117,-108.78538222824679,-1.085162327628264
5200200000.0,-107.88890972531554,-114.68592241502984,-108.90754777350449,-1.0959009303095082
5200300000.0,-107.8667544076737,-114.1625819999042,-109.02814337035298,-1.0651134046425557
5200400000.0,-108.04646129420692,-114.60388496477793,-109.13070482166603,-1.081467589565625
5200500000.0,-107.6492763864398,-113.6785925469117,-108.89576221988939,-1.0477765319932852
5200600000.0,-107.97415334797148,-114.05019612904374,-109.20521593798581,-1.050867217457808
5200700000.0,-107.7897305160588,-113.95489943859216,-108.99197822316569,-1.0567015790119876
5200800000.0,-107.92565023950189,-114.5413907986094,-108.99349754912302,-1.0850276171757887
5200900000.0,-107.82641369730146,-114.12189182527109,-108.98790980740502,-1.065091126553043
5201000000.0,-107.9995701644934,-114.12629482302336,-109.21415117967922,-1.0541946580595167
5201100000.0,-107.70944874467946,-114.16810433624093,-108.82211506305318,-1.0753676788748587
5201200000.0,-107.8178337011461,-114.4203109851797,-108.88938534348813,-1.0842206311649065
5201300000.0,-107.66369904386866,-115.07721087149159,-108.53300720142501,-1.1308217704451784
5201400000.0,-107.73450837346653,-114.50429206787757,-108.76037274815884,-1.094285976865825
5201500000.0,-107.78978217537042,-114.2965575150427,-108.88849693001737,-1.0783507106890278
5201600000.0,-107.68201787283495,-114.67529641904768,-108.6502238377341,-1.1073546599474027
5201700000.0,-108.0741825539193,-114.37403821175023,-109.23433730514583,-1.065370106339629
5201800000.0,-107.72226223193016,-114.44276575561113,-108.761351972964,-1.0913468068179848
5201900000.0,-107.97058607055678,-114.04035291116641,-109.20370738189389,-1.0504533856528921
5202000000.0,-107.73831354454005,-114.08414219287897,-108.8844873417441,-1.0682889081855624
5202100000.0,-107.88538839229004,-114.55981092201927,-108.93701859192606,-1.0885792120732576
5202200000.0,-107.90193358964827,-114.2699353561436,-109.0414328776872,-1.0696894902028684
5202300000.0,-107.83825181549878,-114.31578418130539,-108.94542132687425,-1.0765404268337393
5202400000.0,-107.89194687453283,-114.65967352374855,-108.91835950368156,-1.0941637128395378
5202500000.0,-107.78549648268023,-114.48858503707862,-108.82930564039681,-1.0903030697835585
5202600000.0,-107.91976515288113,-114.28103368229068,-109.06128658207187,-1.0692646717609537
5202700000.0,-107.7160031455182,-114.39717614220287,-108.76578567384043,-1.0889858097953473
5202800000.0,-107.86826777569323,-114.41513819221623,-108.95550871217375,-1.080820071558304
5202900000.0,-108.01581217091186,-114.79130528615363,-109.04015656277411,-1.0946251340720665
5203000000.0,-107.81766115878631,-114.20644684724064,-108.95094420895875,-1.0709981087821414
5203100000.0,-107.84872739289334,-114.42725068925,-108.92700601022247,-1.0827591800780576
5203200000.0,-107.86060016103939,-114.87411595258183,-108.82376670456482,-1.108517316851461
5203300000.0,-107.98108825634705,-113.98105974861753,-109.23737359422014,-1.0458242075854882
5203400000.0,-107.78920695761116,-114.28965325870496,-108.88974535328315,-1.0779595778994846
5203500000.0,-107.92736158100509,-114.69145690849979,-108.95474285224162,-1.0939477894349603
5203600000.0,-108.01345443335806,-114.9616511817638,-108.99299265742494,-1.1047524412547158
5203700000.0,-107.6785630931871,-113.5124657142706,-108.99201004292462,-1.0346073787883323
5203800000.0,-107.70689906654661,-114.2096620460991,-108.80676954022455,-1.0781027905700789
5203900000.0,-107.90666001669749,-114.22305661121771,-109.06176221847738,-1.0664226034619786
5204000000.0,-108.01784445830043,-114.63501372365984,-109.08529360365773,-1.0851144508752455
5204100000.0,-107.55863907643173,-113.82490563781599,-108.72913156640084,-1.0632247612178507
5204200000.0,-108.00772853334897,-114.41530098373634,-109.13542580965176,-1.072177487242058
5204300000.0,-107.61466273221441,-113.88879607349372,-108.78272467095437,-1.063728188278952
5204400000.0,-108.12224210690518,-114.71558717309111,-109.19635273773933,-1.0836640763322412
5204500000.0,-107.89961647572125,-114.5283902246065,-108.96383777878873,-1.0858190704468755
5204600000.0,-107.70606732102173,-114.49585950195478,-108.72661604474258,-1.0954733053517238
5204700000.0,-107.7773225742985,-114.53981021118928,-108.80513301905037,-1.0938521574025801
5204800000.0,-107.96793414048472,-114.82462861846174,-108.9709320194342,-1.0994183644139972
5204900000.0,-107.62524867341446,-114.4860169224141,-108.62718883314633,-1.0996573486152441
5205000000.0,-107.94633565501508,-114.80875895008344,-108.94784645328588,-1.099754400118251
5205100000.0,-108.14486909391184,-114.5226039394795,-109.28145251543148,-1.0703028207566212
5205200000.0,-107.68446903144492,-114.6529045328925,-108.65890160543536,-1.1059227567027992
5205300000.0,-107.90364263634702,-115.0455109731753,-108.83551941416383,-1.1158132858276613
5205400000.0,-107.75846645685058,-114.25521662949443,-108.86007143492182,-1.077730988323653
5205500000.0,-108.32415552779685,-114.60486099865145,-109.49019132816629,-1.0641483082090688
5205600000.0,-107.8977783990335,-114.38377394686296,-109.00249347516632,-1.0770651476510735
5205700000.0,-108.24005346593928,-114.77463558369229,-109.33079642113728,-1.080064821537862
5205800000.0,-107.8392258701329,-113.98846634054661,-109.04656609696632,-1.0556646745717309
5205900000.0,-107.8447971148405,-114.06146366231752,-109.03074782302723,-1.0600368567832297
5206000000.0,-107.77065641769707,-114.50116547622181,-108.80704553728762,-1.0919452703129857
5206100000.0,-107.65377812111393,-114.13681937513986,-108.75934928081833,-1.0768820551265808
5206200000.0,-107.6988105122527,-113.64186479595546,-108.97435719720143,-1.0420122380087473
5206300000.0,-108.0700426661788,-114.63341164084142,-109.15260167973821,-1.0818319322174526
5206400000.0,-107.88319731831882,-114.13067797106902,-109.05951735518842,-1.062020156556618
5206500000.0,-108.09606246142457,-114.29789387644178,-109.28668186163335,-1.0590787168765945
5206600000.0,-107.88633062332829,-114.32568444245616,-109.00464951636923,-1.0741651173823232
5206700000.0,-107.79371167411051,-114.5877625326615,-108.8131329897816,-1.0957255742057652
5206800000.0,-107.84853331195139,-114.60431996304513,-108.87813475683389,-1.0934533136137328
5206900000.0,-107.88619208768688,-114.01668767685108,-109.0995569593309,-1.0544412065670232
5207000000.0,-107.8616559078391,-114.51422416245944,-108.91929301097815,-1.0872601080727902
5207100000.0,-108.03578490483751,-114.56575167933056,-109.12784647137715,-1.0797808033897613
5207200000.0,-107.95191022655376,-114.07384086285857,-109.16803935526619,-1.053881013970201
5207300000.0,-107.91711530792368,-114.35120629504453,-109.03698108060895,-1.0738366262139791
5207400000.0,-108.0065581146686,-114.2857548003031,-109.17305870756306,-1.0640518966801382
5207500000.0,-107.69742841899591,-114.09967267606591,-108.82670671740249,-1.0718433348001477
5207600000.0,-107.65164654917095,-114.1241679856359,-108.76027220804775,-1.076229436058403
5207700000.0,-107.70256748963007,-114.64278108940435,-108.68412784188747,-1.1042898716218719
5207800000.0,-107.80709007207648,-114.48593298373328,-108.85750995496147,-1.0888455083564108
5207900000.0,-108.03792503345494,-114.53360072264982,-109.13984029200282,-1.0776645126445656
5208000000.0,-107.79249746191843,-114.70743735768507,-108.78049045734143,-1.1028219102429335
5208100000.0,-107.65894718205166,-114.67849440347001,-108.62061745889308,-1.108863176840911
5208200000.0,-108.07918871142084,-114.71102972009834,-109.1425586816303,-1.086005112304821
5208300000.0,-107.63178726064487,-114.19427424981906,-108.71459598483352,-1.0817779022224925
5208400000.0,-108.02302626700991,-114.32969546339913,-109.18109673000515,-1.0658039676476012
5208500000.0,-107.88005779855054,-113.82296581789066,-109.15565441763906,-1.0420023989457565
5208600000.0,-108.03388479004992,-113.99466224086252,-109.3033975072823,-1.0432028156298083
5208700000.0,-107.95787540701991,-114.10355259215378,-109.16635823820776,-1.0554323693767083
5208800000.0,-107.84795810682135,-114.26029605028083,-108.97424345862463,-1.072476125430313
5208900000.0,-107.9789887678796,-114.06460745261121,-109.2069177377426,-1.0514978824351364
5209000000.0,-107.86726758940425,-114.33610813755723,-108.97696427589912,-1.07600084336615
5209100000.0,-107.89939363097216,-114.61267028425722,-108.94043891809176,-1.0909139992624899
5209200000.0,-108.05618580660423,-114.09724786436918,-109.29877382616695,-1.048555535267628
5209300000.0,-107.95580622311135,-114.6587882377289,-108.99964432696632,-1.0902966763094688
5209400000.0,-107.93603160631176,-114.32818267682514,-109.068311737837,-1.0712096211314874
5209500000.0,-107.71586731328821,-114.27574413198701,-108.79941541889187,-1.0816179632167913
5209600000.0,-107.83948394257125,-114.21835898651372,-108.97572633516673,-1.0703746120055757
5209700000.0,-108.01639358662634,-114.90861478613414,-109.01020917247851,-1.101497765924726
5209800000.0,-107.92096602564335,-114.0355838731428,-109.13946100246095,-1.0534021406790957
5209900000.0,-107.83981478349227,-114.22965380804371,-108.97278382015209,-1.0710643217942382
5210000000.0,-108.03259697340708,-114.05489544601153,-109.28141830064303,-1.047310439558361
5210100000.0,-108.15805471429624,-114.69091680093008,-109.24928887469062,-1.0799589972583648
5210200000.0,-107.82414922837773,-114.7683213484824,-108.80470630681583,-1.104519307782554
5210300000.0,-107.70245035415465,-114.39329094905163,-108.74959312358757,-1.0895674133920434
5210400000.0,-107.65190820088144,-114.15151568142973,-108.75268855027585,-1.077907711467078
5210500000.0,-108.01076063687435,-113.94647565152533,-109.28881570845404,-1.0415182580688738
5210600000.0,-107.91985047282284,-114.63173591970678,-108.96127268658759,-1.0908306292444603
5210700000.0,-108.10452571491857,-114.29421348514445,-109.29898242639636,-1.058292805321814
5210800000.0,-108.11854214504734,-114.93775691910655,-109.13133021674155,-1.0972130076609237
5210900000.0,-107.86785193987097,-114.70063336985817,-108.87708390991162,-1.0980126745455512
5211000000.0,-108.03103423856363,-114.36968301226982,-109.17937883147684,-1.0678343875766103
5211100000.0,-107.78054508325796,-114.33107268304104,-108.8667462218338,-1.0810445804357174
5211200000.0,-107.88909075196104,-113.94830561862213,-109.12568239004668,-1.0497566986880247
5211300000.0,-107.84273066267657,-114.38813131874088,-108.93038979336256,-1.0807298110079469
5211400000.0,-107.86076881881166,-114.31544871352219,-108.97459677626792,-1.0751202627929146
5211500000.0,-108.05446106289097,-113.97676547876614,-109.33711428055162,-1.0406141901006785
5211600000.0,-107.96693040935244,-114.06092406004785,-109.19212625899605,-1.0520486984468718
5211700000.0,-107.94155692356529,-114.6356845996576,-108.98780385080634,-1.0897649768691648
5211800000.0,-108.07099353659319,-114.72496030911492,-109.12824508528868,-1.0873446481350981
5211900000.0,-107.9601680009332,-114.7128836760637,-108.99059140935205,-1.0932703982546406
5212000000.0,-107.9818388949959,-114.45772813872038,-109.08948564937177,-1.0764384760915406
5212100000.0,-107.87530581396933,-114.33166888514114,-108.98864180473328,-1.07522502831142
5212200000.0,-107.80933898957818,-115.17840859340274,-108.68855763082382,-1.1284055847932408
5212300000.0,-108.16418924634169,-114.67116321204051,-109.26284682452297,-1.078362979781041
5212400000.0,-107.91680977547414,-114.5926565600675,-108.96804983755283,-1.0886650320570472
5212500000.0,-107.89249056999778,-114.03725006480256,-109.10126786865781,-1.0553725209918785
5212600000.0,-108.13790380980475,-114.74976315080568,-109.20683361697797,-1.084791632841774
5212700000.0,-108.0510618198544,-114.202899489836,-109.25757000738497,-1.055833917399051
5212800000.0,-108.12205561565875,-114.78907129618732,-109.17571735931904,-1.0881326153399105
5212900000.0,-107.87184962724938,-114.3662371219691,-108.9741370104193,-1.077584801212467
5213000000.0,-108.09127619220146,-114.66135564907732,-109.17193744107523,-1.0822427826234466
5213100000.0,-107.92237063452545,-114.09251278609972,-109.12303338110308,-1.0570248108552929
5213200000.0,-107.92413295571077,-114.19594454181885,-109.0929116337383,-1.063579671847004
5213300000.0,-107.95988799113758,-114.63137848305449,-109.01232185960735,-1.0884024825782688
5213400000.0,-108.17931932298748,-114.57488746090164,-109.310582164587,-1.07142427307882
5213500000.0,-107.79589858487779,-114.3612410240035,-108.87789910031215,-1.0819528001814085
5213600000.0,-107.90139098215752,-113.98635529296303,-109.12953379767342,-1.0514548150108292
5213700000.0,-107.77471197544199,-114.6712300057871,-108.76742338692671,-1.1017485376943774
5213800000.0,-107.77770627781092,-114.1540175267253,-108.91471565489437,-1.0702131684807048
5213900000.0,-107.83850109564986,-114.56030040501916,-108.87724064203674,-1.0914243613235544
5214000000.0,-107.84629666492904,-114.42941986318912,-108.9232798063168,-1.0830402242901622
5214100000.0,-107.89698177641802,-114.70811149537626,-108.91189578771358,-1.0967356953663825
5214200000.0,-107.9787514878957,-114.86867081411022,-108.97315916078864,-1.1013633597639536
5214300000.0,-108.02806017741432,-114.01472337112573,-109.28881897116618,-1.0449358895820575
5214400000.0,-107.65317530645545,-114.20867136597732,-108.73796562964692,-1.0813493921575106
5214500000.0,-107.85296488799771,-114.35357435701398,-108.9534562256679,-1.077969666242167
5214600000.0,-107.74824023296071,-113.45992688998956,-109.1056823934902,-1.0261653712172152
5214700000.0,-107.96099525887249,-114.0528872364439,-109.18687632016643,-1.051910538980965
5214800000.0,-107.89589962514108,-114.4020516511027,-108.99479382867126,-1.078312206373036
5214900000.0,-107.81431362048824,-114.14252893644806,-108.96582105726705,-1.0671730264625476
5215000000.0,-107.92805331919939,-114.53838105189304,-108.99741064271238,-1.0846984714629075
5215100000.0,-107.82699830768344,-114.60694286115876,-108.85015937531149,-1.0948893674888756
5215200000.0,-108.028639485173,-114.69616575776084,-109.08216104235557,-1.0881634171176755
5215300000.0,-107.67988587982794,-113.91905842316729,-108.85879371844005,-1.0614863274266781
5215400000.0,-107.79325556388599,-113.75877688968333,-109.06115878804165,-1.043520939939709
5215500000.0,-107.90832384115987,-114.22165882813638,-109.06435933986153,-1.0662279911260244
5215600000.0,-107.95184174013568,-114.57029988306887,-109.01893183356745,-1.0851927704202904
5215700000.0,-107.9126108319558,-114.52822422980995,-108.98049358809702,-1.0850198877025894
5215800000.0,-107.76848674304279,-114.25910027312234,-108.87186514210592,-1.0773511865273024
5215900000.0,-107.8105860873834,-114.37743428862677,-108.89216068521195,-1.0820449992793082
5216000000.0,-107.93854140030842,-114.26331139877732,-109.0910954427194,-1.0669544054776814
5216100000.0,-107.96631301655097,-114.68668132373907,-109.00543930838398,-1.0913387130832715
5216200000.0,-107.62619369692372,-114.81085446732706,-108.5478911048301,-1.1182161485555904
5216300000.0,-108.00029548741227,-114.29404428853972,-109.16232198329237,-1.0649808659997206
5216400000.0,-107.90442340234078,-114.22533543833313,-109.05815068776575,-1.0667094660633623
5216500000.0,-107.94898793006737,-114.53946022972914,-109.02390498009245,-1.0834888431762801
5216600000.0,-107.88013586520024,-113.99086959751816,-109.09988958472971,-1.053147574782986
5216700000.0,-107.98191585901195,-114.43758595174926,-109.0954543669165,-1.0751818986105555
5216800000.0,-107.89594259739475,-114.77907431648076,-108.89209847531035,-1.100966771182448
5216900000.0,-107.69874011039299,-114.58229509754713,-108.69478687158859,-1.1009915134271264
5217000000.0,-108.06663620158021,-114.3018040482003,-109.2467937405533,-1.0612287703719898
5217100000.0,-107.99164513602464,-114.47914253463338,-109.09592529964667,-1.077158194149609
5217200000.0,-108.12010926592652,-114.09969117010465,-109.3832558457151,-1.0444624772666573
5217300000.0,-107.81596159815209,-114.86714679891314,-108.76982549428432,-1.1106724933782925
5217400000.0,-108.03881010061991,-114.28217203545657,-109.21641222019471,-1.0617555962219831
5217500000.0,-108.06907933682417,-114.32744794063622,-109.24201781658795,-1.0627187380677
5217600000.0,-107.6866209172064,-114.32505448592649,-108.74816368760952,-1.0864046941455914
5217700000.0,-107.90893871656019,-114.50975752292666,-108.98095457821128,-1.0841196123879324
5217800000.0,-107.80309933482971,-114.08615673273442,-108.96841102763689,-1.064298552907332
5217900000.0,-107.68137008104937,-114.59508567702872,-108.66967587877434,-1.10275066357637
5218000000.0,-108.11502880504578,-114.71299166363144,-109.1878445981419,-1.0839455971796916
5218100000.0,-107.7940896428232,-114.31914983179976,-108.88755500662826,-1.0794786499339266
5218200000.0,-108.15492023864282,-114.43897728869955,-109.31992431541346,-1.0643623961050412
5218300000.0,-107.94977635971856,-113.89641401960967,-109.22410039691643,-1.042253218877588
5218400000.0,-108.1491306434153,-114.90939599669973,-109.17753465901122,-1.093719929925199
5218500000.0,-107.96183441411759,-114.8240019307736,-108.96341155441647,-1.0997394028552183
5218600000.0,-107.99153280879615,-113.83216927647594,-109.30260421923066,-1.0350678456622981
5218700000.0,-107.77633970307348,-114.20917469533423,-108.89657500313481,-1.0737581924724704
5218800000.0,-107.85864103333623,-114.75727917245833,-108.8508081373876,-1.1018722141116766
5218900000.0,-107.78465860830886,-114.13164404418168,-108.93048309407146,-1.0683620926498028
5219000000.0,-107.7831635925825,-113.98350406852053,-108.97425335970362,-1.058982304225892
5219100000.0,-107.86046768198472,-113.81881289405962,-109.13080651829317,-1.0430396194018834
5219200000.0,-107.63278131428949,-114.18009660587856,-108.71989570531647,-1.0808473882435792
5219300000.0,-107.83599455845277,-114.08864183946073,-109.01070856942616,-1.0623517955294492
5219400000.0,-107.91255078611314,-113.69782194519551,-109.24330269432596,-1.031267516239101
5219500000.0,-107.94063590271405,-113.98359670004888,-109.18259515254803,-1.0486813305066394
5219600000.0,-107.74588609429108,-113.98362147840024,-108.92524223698484,-1.0613939162536734
5219700000.0,-107.77165068020567,-114.43568708660484,-108.82613082262702,-1.0879528427794976
5219800000.0,-108.02735572492705,-114.27233301631605,-109.20445482305797,-1.0618593760963282
5219900000.0,-107.7878373349931,-114.0247906716673,-108.96743750951659,-1.0613436211765
5220000000.0,-108.10794583237768,-114.4658820449569,-109.25046953984149,-1.0690542682464534
5220100000.0,-107.7880988241744,-114.16910561300236,-108.92370393203315,-1.0705088019782842
5220200000.0,-108.11573400551697,-114.07100289152712,-109.38711861582635,-1.0428331190520037
5220300000.0,-108.02773567562788,-114.1692186054253,-109.23756502581058,-1.055158767318142
5220400000.0,-108.05135295895126,-114.54055953559993,-109.15513840722011,-1.077264060279809
5220500000.0,-107.79547924604202,-113.68603024692574,-109.089096287151,-1.0384660554938325
5220600000.0,-107.81106451260548,-114.15456038506122,-108.95794309929236,-1.0681412859062605
5220700000.0,-107.9713298815488,-114.70083345117216,-109.00799003847192,-1.091885168317642
5220800000.0,-107.96853902985922,-114.36384407829401,-109.0998801585254,-1.071407750324544
5220900000.0,-108.0429061604562,-114.83914745242421,-109.06174814265968,-1.0958552667554744
5221000000.0,-107.9870095491441,-114.48097556670075,-109.08941871658487,-1.0775587175652799
5221100000.0,-108.11736015639823,-114.43696171775586,-109.27148627897967,-1.0666262326303764
5221200000.0,-108.0459729164434,-114.07978868895043,-109.2909639180794,-1.048075117955136
5221300000.0,-107.75274770146768,-114.5441250652095,-108.77287661327344,-1.0955672241980636
5221400000.0,-107.91216561531036,-114.07102308968905,-109.11642822126815,-1.0562910188457628
5221500000.0,-107.96116015947342,-114.50234152814103,-109.05002082401543,-1.0804705881786394
5221600000.0,-108.00692287057939,-114.6572323182346,-109.06518303404869,-1.087123527068862
5221700000.0,-107.91134302210861,-114.39344372422178,-109.01718688890057,-1.0768237475097973
5221800000.0,-108.29069770712562,-114.49630417450354,-109.48012708931641,-1.059322736046562
5221900000.0,-108.00567557225739,-114.22016473248148,-109.1923102033696,-1.0598963629991482
5222000000.0,-107.80134270565861,-114.47467238326867,-108.85327237423292,-1.0885133489557501
5222100000.0,-107.88906985893072,-114.4484976739094,-108.97274521104465,-1.0815904441562973
5222200000.0,-107.74374402378099,-114.17152242385812,-108.8654684286543,-1.0734422723560437
5222300000.0,-108.10515450601193,-114.66964258415798,-109.18739676896143,-1.081900477811764
5222400000.0,-107.62627125384023,-114.61428445762884,-108.59579319620607,-1.107051603715391
5222500000.0,-107.95612141647223,-114.19256384197112,-109.13588104800144,-1.0613107602203125
5222600000.0,-107.84279891205479,-114.21343310718102,-108.9815087307526,-1.069855460980002
5222700000.0,-108.05884327598523,-114.38490532840204,-109.21100469622586,-1.067036405397133
5222800000.0,-107.91192437686337,-114.07363305093853,-109.1152762729146,-1.0564765383342085
5222900000.0,-107.90884218554602,-114.70412122077626,-108.9279386232634,-1.0957982979509313
5223000000.0,-107.90584258687102,-113.56541592895456,-109.28256426400075,-1.022516093707224
5223100000.0,-108.10474220089547,-115.14834813994952,-109.06046975825805,-1.1102397976491174
5223200000.0,-107.73026065160124,-114.48294935349875,-108.7606912828184,-1.0932687912951138
5223300000.0,-107.77792314259109,-114.04386513064549,-108.94851603786826,-1.0632039776336628
5223400000.0,-107.78705250355408,-113.97972258124675,-108.98056551706938,-1.058485948069718
5223500000.0,-107.94672150972977,-114.67226721821558,-108.98444931320253,-1.0916485056727339
5223600000.0,-108.02577382041376,-114.70813389227287,-109.07523181219989,-1.0890572687406572
5223700000.0,-107.83205726395961,-113.84513797945695,-109.08395392507374,-1.0466974622143286
5223800000.0,-108.023376666618,-114.72933847582749,-109.06640552087521,-1.0904754567896922
5223900000.0,-107.78074020514191,-114.41593573929454,-108.84317998942386,-1.0862084819440831
5224000000.0,-108.05699898060288,-114.50351837295494,-109.17321562490952,-1.0746119585638152
5224100000.0,-107.68882012568292,-114.4104889759094,-108.72759492350718,-1.0914165538347818
5224200000.0,-107.93674505058786,-114.561729078783,-109.00201927057074,-1.0855890924217828
5224300000.0,-107.92876331047731,-113.84510558936452,-109.21346692291613,-1.0402116534799892
5224400000.0,-107.91065318959627,-114.59611917207022,-108.95926258528883,-1.0892441779411912
5224500000.0,-108.13759762854765,-114.42749798066687,-109.30080543749229,-1.0647353888574749
5224600000.0,-108.08818981901916,-114.49340101022052,-109.21658743579941,-1.0720294359728015
5224700000.0,-107.742523367978,-114.35977372136065,-108.8099499200432,-1.085119378683587
5224800000.0,-107.7938109311655,-114.46555537817568,-108.84617516343184,-1.0884177928077203
5224900000.0,-107.87738739071958,-114.4102353121872,-108.96862559742996,-1.079958125639889
5225000000.0,-107.91814004649498,-113.73330661648282,-109.23822291999983,-1.0333236441378293
5225100000.0,-107.90239528662374,-114.22103583646668,-109.05681398859363,-1.066565184572506
5225200000.0,-107.96327115816068,-114.11730271390873,-109.16907702371829,-1.055976826808411
5225300000.0,-107.97998774629748,-114.1343456282998,-109.18568918603145,-1.0559980795839607
5225400000.0,-108.0496219562695,-114.36623250149998,-109.20465896964723,-1.0664361999807752
5225500000.0,-107.86155372213392,-114.39389195872211,-108.95293753292373,-1.0799267622252755
5225600000.0,-108.04209064037165,-114.47378257959201,-109.1626623593347,-1.073686798905881
5225700000.0,-107.739365582341,-114.15264023184831,-108.86537364212779,-1.0725348008274567
5225800000.0,-107.74177999511119,-114.22723853033267,-108.846650628783,-1.077031872237197
5225900000.0,-108.16947784113148,-114.79863116683914,-109.23359374915418,-1.085842097885437
5226000000.0,-107.79262396007503,-114.762637416962,-108.76665971209857,-1.1060138593322972
5226100000.0,-108.06867442173198,-114.28108763451507,-109.25596153302735,-1.0597623714120823
5226200000.0,-108.18475183649565,-114.43935816010055,-109.35885754134569,-1.0624774762683062
5226300000.0,-107.9526290839857,-114.15258323423521,-109.14384076520447,-1.0589573186449976
5226400000.0,-108.0276962412882,-114.6069556015781,-109.10576744183317,-1.0828041648382989
5226500000.0,-107.88877943474675,-114.08529487273731,-109.08107691093583,-1.0587348557834055
5226600000.0,-107.8718052976117,-114.43172763126216,-108.95534050533648,-1.0816207526879986
5226700000.0,-107.92241083885696,-114.01470629434853,-109.14816031953073,-1.0519370661890572
5226800000.0,-107.887467823827,-114.30430556898924,-109.01242181234595,-1.0727579187288618
5226900000.0,-108.09060759341929,-114.46718955040849,-109.22753595774108,-1.0702302180344694
5227000000.0,-107.8092154413421,-113.8576136068003,-109.0493761233901,-1.0490413644557535
5227100000.0,-107.83747427428725,-114.50544273044771,-108.8908744439734,-1.0881900902470985
5227200000.0,-108.0698136618962,-113.90060547444351,-109.38435971419153,-1.0343944955641762
5227300000.0,-107.75263791069891,-114.64358736332048,-108.74678056606379,-1.1014235142820814
5227400000.0,-107.93037234040108,-114.09523259693177,-109.1327184978053,-1.05668150941702
5227500000.0,-108.02267991093949,-114.7031738087194,-109.07264815008874,-1.088944924153504
5227600000.0,-107.69981312249675,-114.59086980251924,-108.69392819633129,-1.1014297753405902
5227700000.0,-107.91253350730585,-114.22996118506379,-109.06732158804476,-1.0664881245453768
5227800000.0,-107.78708465018371,-113.98238218928748,-108.97976695695263,-1.0586560376588638
5227900000.0,-107.73481262070653,-113.76388232980021,-108.98138038824675,-1.0477601719805447
5228000000.0,-107.91009079139009,-114.25213700568561,-109.05740760420943,-1.0680495229005582
5228100000.0,-107.93849270192852,-114.55187749243636,-109.00699690350262,-1.0848843987235235
5228200000.0,-108.10101117993594,-114.06841611357589,-109.36827598982771,-1.0436471901840734
5228300000.0,-108.22439900131866,-114.63013693459905,-109.35264034561843,-1.0720624672945642
5228400000.0,-108.0101280810073,-114.7623835305983,-109.04067473481021,-1.0932429789534608
5228500000.0,-108.2797563755558,-114.38670437588401,-109.50073838978346,-1.052899311835
5228600000.0,-107.94248843184592,-114.67492647106198,-108.97835780268662,-1.0920605482931842
5228700000.0,-107.90043232316869,-114.53778443636685,-108.96227458792,-1.0863391725689293
5228800000.0,-107.73734906728922,-113.8730544260076,-108.9490360582181,-1.0547815955377127
5228900000.0,-107.60674311932591,-114.16590285339302,-108.69049445293732,-1.0815740128321567
5229000000.0,-107.976096655906,-114.29117912927344,-109.13159934770647,-1.0663390817774907
5229100000.0,-107.89110042922404,-114.65567905534354,-108.91835272308369,-1.0939765336360663
5229200000.0,-107.88027876902426,-114.34786456302194,-108.99034081910726,-1.0759228912973582
5229300000.0,-107.76152646108662,-114.66719865862561,-108.75189006145521,-1.1022822738936275
5229400000.0,-107.9266682051461,-114.45294051725898,-109.01978658506694,-1.0795533143572351
5229500000.0,-107.90975724923766,-114.14015441235797,-109.09140549649084,-1.0609217463772125
5229600000.0,-108.11684423612397,-114.22079023578956,-109.33880126927322,-1.0527023429606164
5229700000.0,-107.99851048888598,-114.5792558400155,-109.07616308666995,-1.0828949667103782
5229800000.0,-107.84257867069525,-114.67218710436747,-108.85264109324797,-1.0978257880696598
5229900000.0,-107.81100380891556,-113.85384963368246,-109.05300112163678,-1.0486737143884843
5230000000.0,-108.17631256466784,-114.71334214990992,-109.26635700489028,-1.0802153546419586
5230100000.0,-107.98009270857987,-114.216991067364,-109.15971004069627,-1.0613400852119135
5230200000.0,-107.77590342035813,-113.97513585519522,-108.96734289396561,-1.0589106378453286
5230300000.0,-107.9184314507094,-113.99339156973768,-109.1498489086674,-1.0507958557009744
5230400000.0,-107.74032012616141,-114.62159830308337,-108.73695399699868,-1.1008584040305713
5230500000.0,-107.77451984766516,-114.25602153924758,-108.88053743349316,-1.0767866088158398
5230600000.0,-107.73964405891626,-114.14181455184163,-108.86894426283936,-1.0718387068880912
5230700000.0,-108.04974908483722,-115.08262300338143,-109.00812247656123,-1.1096263073168362
5230800000.0,-107.94766596590006,-114.47999436583328,-109.0390525869895,-1.0799261569042962
5230900000.0,-107.8905978742472,-114.8335715911641,-108.87145856302196,-1.1044498620686256
5231000000.0,-107.88923256462327,-114.175547140531,-109.05354228914682,-1.0645065385816448
5231100000.0,-107.82889498462401,-113.98467473177762,-109.03414154217104,-1.0560906696432983
5231200000.0,-107.7654696928333,-114.19994131283502,-108.88522350648239,-1.0738603928885475
5231300000.0,-107.6450657749899,-114.12588035385185,-108.75128266843623,-1.0767440037111362
5231400000.0,-107.97710859732719,-114.08223601477127,-109.19868181158678,-1.052779869538806
5231500000.0,-107.95260167405146,-113.87557477394112,-109.23502516531514,-1.0406593134797057
5231600000.0,-107.96139833746778,-114.69647597914215,-108.9965569627636,-1.092218241151602
5231700000.0,-107.81937832362091,-114.15794634608054,-108.96774735782144,-1.0678292728508945
5231800000.0,-108.02338459360763,-114.33347345921825,-109.18041057443742,-1.0660215522969045
5231900000.0,-108.07987930280468,-114.11634588600096,-109.3239906345685,-1.0482509244461111
5232000000.0,-107.6715348365604,-114.26961606996328,-108.74431746030066,-1.0839528113081707
5232100000.0,-107.93055527159608,-114.9670815527021,-108.88802730773135,-1.1098351987873722
5232200000.0,-107.88509207342605,-114.30630897297704,-109.0087521097177,-1.0730319751202482
5232300000.0,-107.82562156672523,-114.09536358137936,-108.99503955634971,-1.0634472431227724
5232400000.0,-108.26008406590071,-114.48408084214589,-109.44373563882151,-1.0605094926727938
5232500000.0,-107.95535647995494,-114.09334924518615,-109.16630761908117,-1.054930961811397
5232600000.0,-107.66168140669205,-114.26465267383647,-108.73309482361151,-1.0842507151736684
5232700000.0,-107.9982261281114,-114.98003594616415,-108.96930105638249,-1.1066942619083846
5232800000.0,-107.8264890795267,-113.78372325908217,-109.09720548851682,-1.042965051940134
5232900000.0,-107.85828485869763,-114.42563765243698,-108.93971677062466,-1.082075891321444
5233000000.0,-108.02418585593287,-114.71016653933701,-109.07265469978654,-1.089275143679233
5233100000.0,-108.04909582222903,-114.71265301291427,-109.10370767077481,-1.0879239190558487
5233200000.0,-107.72908645728015,-113.45649716727371,-109.08077334006329,-1.0272605902314262
5233300000.0,-107.78354315504583,-114.05855813007152,-108.95133305966368,-1.06378457040999
5233400000.0,-107.70258401371052,-114.27768891628767,-108.78182649722602,-1.0825501998948117
5233500000.0,-107.73730498291829,-114.51048313166645,-108.76226536864999,-1.0944876519456446
5233600000.0,-107.66891675527452,-114.18883874114611,-108.7638543716823,-1.0791619977544622
5233700000.0,-107.66908694303908,-114.14055443278698,-108.7780191489392,-1.076163996016019
5233800000.0,-107.9548623041596,-114.63228728603818,-109.00567025047809,-1.0887601070695507
5233900000.0,-107.71576326314627,-114.25951847058283,-108.8038907927361,-1.0806287378602848
5234000000.0,-107.85523581333452,-114.59621335353516,-108.8888077988286,-1.0925704880055773
5234100000.0,-107.70798704748401,-114.24796522612907,-108.7971906214792,-1.0803966374372656
5234200000.0,-108.15674226683197,-114.28049521506449,-109.37228265761323,-1.054000263880009
5234300000.0,-107.57700328525168,-113.90232551922536,-108.72938949877094,-1.0669894549286087
5234400000.0,-107.80109355489488,-114.629907053598,-108.81136415176866,-1.0977789536576457
5234500000.0,-107.8262461825905,-114.3792500159536,-108.9117439250169,-1.0811965237125565
5234600000.0,-108.058387307625,-114.70529628302744,-109.11758622396593,-1.0869178286537549
5234700000.0,-107.85970259411735,-114.57556232656871,-108.90004844124563,-1.091068748949311
5234800000.0,-108.06560281205313,-114.14356806086396,-109.29603555744035,-1.050993904424035
5234900000.0,-107.86349013984241,-114.89820016868309,-108.82141028528619,-1.109731334616381
5235000000.0,-108.11181292968078,-114.88633175271585,-109.13641652216054,-1.0945672780829299
5235100000.0,-107.93680533351049,-114.74720795713799,-108.95191077732404,-1.0966927427892297
5235200000.0,-107.71259811525928,-114.04776243188182,-108.86199790067045,-1.067613628232298
5235300000.0,-107.68755293265247,-113.83823561912752,-108.89443104978145,-1.0557586627864868
5235400000.0,-107.9302087356274,-114.6558245864123,-108.96791760721976,-1.0916527010649457
5235500000.0,-108.01524327276482,-114.65192667560939,-109.07727077537842,-1.0862986525539948
5235600000.0,-107.94283279633083,-113.9310598071097,-109.20306497779399,-1.0450403674162065
5235700000.0,-108.13793367267806,-114.32590524530562,-109.33293383112222,-1.0581816198812835
5235800000.0,-107.8340188798016,-114.22424171905747,-108.96687352076145,-1.0710884459068726
5235900000.0,-107.99508667396815,-114.39919998657915,-109.12381008554468,-1.0719605810616524
5236000000.0,-108.04200434555513,-114.53860008813655,-109.14365391257977,-1.0777214347632056
5236100000.0,-107.7846533244734,-114.17459663675665,-108.91759127695038,-1.0710708767842056
5236200000.0,-107.92000859996898,-114.44533623957454,-109.01339739231192,-1.0794951255238876
5236300000.0,-107.83592218088185,-113.86908236363844,-109.08113084989355,-1.0480316270505279
5236400000.0,-107.93152097519354,-114.2637498437032,-109.08181055409601,-1.0674275620246991
5236500000.0,-107.75245186045194,-114.4568556655092,-108.79590374782806,-1.0903819900310103
5236600000.0,-107.95154143922008,-115.15923421726865,-108.86781118310033,-1.119503383660728
5236700000.0,-107.76564243837413,-114.51501096660265,-108.79696256863888,-1.0930709400293632
5236800000.0,-107.81982727033083,-114.03232440195522,-109.00708799758277,-1.0597677887522776
5236900000.0,-107.66357856944525,-114.44383190497597,-108.68665761057635,-1.0949076901606678
5237000000.0,-107.76952231143196,-114.7364908302685,-108.7443239619943,-1.105838042463725
5237100000.0,-107.89640803014933,-113.96245474462458,-109.13075153574783,-1.050207895181438
5237200000.0,-107.68543022286065,-114.43768791461008,-108.71597627618806,-1.0932431125411632
5237300000.0,-107.68416272946843,-114.226763621976,-108.77261898630172,-1.0805578183549436
5237400000.0,-107.93711388635144,-114.71402753509307,-108.96108049148852,-1.0947094743016657
5237500000.0,-107.93914660962406,-114.47082379018497,-109.03071930013111,-1.0798860806754682
5237600000.0,-107.83891264393978,-114.265721778326,-108.96092274220125,-1.0733816884587484
5237700000.0,-107.83118715036926,-113.9415403721059,-109.0510642638673,-1.053122627915039
5237800000.0,-107.9653516093706,-114.30151524471447,-109.11444865989685,-1.067676952319571
5237900000.0,-108.06884239163668,-114.40465238999805,-109.21804656302419,-1.067654544398868
5238000000.0,-108.0708143484742,-114.49666256567981,-109.19310776088662,-1.0733216177431693
5238100000.0,-107.99774704057197,-114.55646994130724,-109.08162219765096,-1.081547236871668
5238200000.0,-108.11777717067727,-114.26967878816237,-109.32426488026036,-1.0558380836046921
5238300000.0,-107.7553908163269,-114.53771364448669,-108.7779202969635,-1.0950304695265802
5238400000.0,-107.97231968553197,-114.34626724559173,-109.11003670476269,-1.070064270883226
5238500000.0,-107.82040889096973,-114.31062471415967,-108.92390233436814,-1.0773265601873845
5238600000.0,-108.09252210229866,-114.91388912577575,-109.1047450886195,-1.0973399741246792
5238700000.0,-107.80887002454305,-114.68093823716029,-108.80788277811698,-1.1003195127561636
5238800000.0,-107.83636587153723,-114.33336076820487,-108.93790019405276,-1.0777461273224207
5238900000.0,-107.76550435235158,-114.16840103720752,-108.89458892224495,-1.07188426545471
5239000000.0,-107.87740016708898,-114.8970325683686,-108.83904933122346,-1.1088680591595175
5239100000.0,-107.8854662078352,-114.42487462346395,-108.97483220702831,-1.080361613938978
5239200000.0,-107.77148484617578,-114.31348677751404,-108.86011172015925,-1.0805210142408208
5239300000.0,-107.79046526286069,-114.33111552841339,-108.87947727687151,-1.0804379470198846
5239400000.0,-107.84621244677923,-114.36263034272443,-108.94215537847543,-1.0789459128376426
5239500000.0,-107.97982438851588,-114.3104625112868,-109.13059648206941,-1.067326696830584
5239600000.0,-108.0324534860809,-114.3960259858697,-109.17328252275118,-1.0694100837852818
5239700000.0,-107.52891915977551,-114.76876912467502,-108.4376700283844,-1.1212935804763513
5239800000.0,-107.7349555275118,-114.75330401306377,-108.69692297821092,-1.1087944616522276
5239900000.0,-107.79297814168345,-114.24103845548017,-108.9087432934221,-1.074707987306925
5240000000.0,-107.94453095644596,-114.59813471729474,-109.00188256784246,-1.0873227058375978
5240100000.0,-107.86685541017161,-114.33588792999535,-108.97649620972204,-1.076012768395267
5240200000.0,-107.8664740211326,-114.33541762649922,-108.9761407051335,-1.076007245187782
5240300000.0,-107.82414977003519,-114.44433306183677,-108.89075948946059,-1.0852975770439086
5240400000.0,-107.73794504292039,-114.00909465522946,-108.90692816798968,-1.063537317644522
5240500000.0,-107.88229534668409,-114.85764790321798,-108.85498976678676,-1.106321956584868
5240600000.0,-107.95784563878847,-114.55124100478785,-109.03194215596068,-1.0836671438616525
5240700000.0,-107.45805948375272,-114.4128866202893,-108.43592177030385,-1.1051362227793495
5240800000.0,-107.93097654033744,-114.30062782361382,-109.06998106302461,-1.0697934974736256
5240900000.0,-108.19918744929944,-114.86368322774902,-109.25354135675659,-1.0879805669018963
5241000000.0,-108.20546529175323,-115.20122073672499,-109.17305288974512,-1.1074971429105493
5241100000.0,-107.93131752159324,-114.4737635078156,-109.01981790137513,-1.0805483002064424
5241200000.0,-107.97036866217992,-114.65927041831536,-109.01804023630078,-1.0894508387242046
5241300000.0,-108.07279113998922,-114.26810890933096,-109.26546705326595,-1.0586573470073708
5241400000.0,-108.04678696108971,-114.60445221567986,-109.13096198159081,-1.081482400659541
5241500000.0,-107.84610608116431,-114.66547792054554,-108.85885290250042,-1.0972222746725764
5241600000.0,-107.72308570267336,-114.8085296377977,-108.66857606786105,-1.1126224512524157
5241700000.0,-108.00989355294675,-114.0374335903867,-109.2569700066737,-1.0476586150014802
5241800000.0,-108.05117633616288,-115.04404440791264,-109.01948482010305,-1.107331042604665
5241900000.0,-107.81976684228798,-114.03698615658806,-109.00554399669785,-1.0600725161569906
5242000000.0,-107.8604212548415,-113.83787996512257,-109.1242847834194,-1.0443204327126396
5242100000.0,-107.98280074252368,-114.08115655621629,-109.20657579207216,-1.0523353162207012
5242200000.0,-108.0349064610171,-114.95039116511278,-109.02276029630228,-1.102853610660819
5242300000.0,-108.08180739436531,-114.52374704631218,-109.19936713371672,-1.0743264234727983
5242400000.0,-107.89292986628197,-114.61440233191537,-108.93175773183256,-1.0914048006750108
5242500000.0,-108.14292980667126,-114.22397425722895,-109.37235450561936,-1.0511967404210765
5242600000.0,-107.98502992872895,-113.82152246520099,-109.29756262880892,-1.0347845368342523
5242700000.0,-107.84071007832877,-114.47413343266861,-108.90364116105262,-1.0861010552335024
5242800000.0,-108.06927360670397,-114.36313541019628,-109.23126543624996,-1.0649880718198697
5242900000.0,-107.65615348366703,-114.63911815274905,-108.62693909073037,-1.1067608104910005
5243000000.0,-108.34125179911332,-115.07020891195029,-109.37805929111954,-1.091852500758126
5243100000.0,-107.65009099929996,-114.04768215857413,-108.78075205958018,-1.0715513027800279
5243200000.0,-107.65640187297268,-114.10778270100592,-108.7711948122044,-1.0749148437076625
5243300000.0,-107.76119851981612,-114.48977524166398,-108.79810858632192,-1.0918297591848196
5243400000.0,-107.94075802513213,-114.82648733176973,-108.93624446673704,-1.101118589935545
5243500000.0,-107.85971465971755,-114.46565859635115,-108.9302966945827,-1.0844317071512537
5243600000.0,-107.66847501397814,-114.5168391131183,-108.67363969884771,-1.0989292301916271
5243700000.0,-107.8428224497818,-114.26873432181482,-108.96509709187134,-1.073325597323146
5243800000.0,-107.93280579217512,-114.07005862252448,-109.14399491008189,-1.0548826501958284
5243900000.0,-107.68526872680427,-114.41499736359117,-108.72186820820707,-1.091898622227591
5244000000.0,-107.98353509103288,-114.70379698859836,-109.0226901478051,-1.091332343546126
5244100000.0,-107.55958030281066,-113.43083802666928,-108.8599118381762,-1.0371556817446546
5244200000.0,-108.1804722347326,-114.12113165125491,-109.45683680293294,-1.0418511096200131
5244300000.0,-108.2307330772067,-115.184980392157,-109.20874179515549,-1.105102676065314
5244400000.0,-107.85166225158895,-114.89496824223487,-108.80746364652441,-1.110222664086346
5244500000.0,-107.84054634674533,-113.86968474794773,-109.08709127660057,-1.047764731983839
5244600000.0,-107.78593435515694,-114.59367334226735,-108.8017414376335,-1.0965353517776806
5244700000.0,-108.00917036913062,-114.36897895790317,-109.15113078913839,-1.0691725035816344
5244800000.0,-107.85190636381526,-114.6916614088521,-108.85931585179209,-1.0984231113437255
5244900000.0,-107.6670810001007,-114.78935745955218,-108.6036598788153,-1.1147082673238942
5245000000.0,-107.89209853742196,-114.31248013089285,-109.01600525946003,-1.072979713780092
5245100000.0,-107.98895908276378,-114.51787488183541,-109.0813211666976,-1.0797161015276853
5245200000.0,-108.33587807345248,-114.42919323490251,-109.5612950839056,-1.0520041008700414
5245300000.0,-107.72856318189447,-114.26248534682814,-108.81949457635342,-1.0800242213696192
5245400000.0,-107.86625800593688,-114.47853822740504,-108.9350703669286,-1.0848172295742293
5245500000.0,-108.05332731533262,-114.00333620656774,-109.32650232299976,-1.0424798113934526
5245600000.0,-107.90807464686411,-114.24520653737623,-109.05687845949659,-1.0677382989410942
5245700000.0,-107.68725446322242,-113.77272659252077,-108.91523132284696,-1.0514882373072112
5245800000.0,-108.083885705094,-114.20635194577966,-109.29984176111947,-1.0539160667142162
5245900000.0,-107.77142578501135,-113.86590616090906,-108.99646300959952,-1.052080688392618
5246000000.0,-108.06925670148546,-113.85529521148507,-109.39973351009161,-1.031320412830298
5246100000.0,-107.77870195760343,-114.37490387025267,-108.85201131534642,-1.0838382648081395
5246200000.0,-107.94100526961913,-114.64598953298237,-108.98429952697398,-1.0904168149949185
5246300000.0,-107.8867709028234,-114.06495050306765,-109.08487717980721,-1.0575466841673424
5246400000.0,-107.94461135241549,-114.1807971763354,-109.12445107940104,-1.0612942550771671
5246500000.0,-107.75822966241455,-114.62716293059984,-108.75805360417387,-1.1001359175144592
5246600000.0,-107.86898191617807,-113.96159281827406,-109.09462853594611,-1.0519578045196556
5246700000.0,-107.92984833635671,-113.98924302758263,-109.16638073994025,-1.0497685809075885
5246800000.0,-108.07723091945698,-114.53570858751071,-109.18994919504983,-1.0753566094435796
5246900000.0,-108.0281939700856,-114.13032547550655,-109.25074076540822,-1.0525832456523216
5247000000.0,-107.92346609399941,-114.00788461067333,-109.15178730461554,-1.051418890440311
5247100000.0,-107.83238141015349,-114.51112129111252,-108.88282948536389,-1.08883930346103
5247200000.0,-108.05362033041564,-114.45044442227396,-109.18450952483782,-1.0715031415463665
5247300000.0,-107.84510771247048,-114.36014039925395,-108.94144834546255,-1.0788604609082508
5247400000.0,-107.75365598832926,-114.27436104201564,-108.84836908705051,-1.079210271462466
5247500000.0,-107.94291371676948,-114.46250872969863,-109.03794509680793,-1.0791418392268188
5247600000.0,-108.1189874567986,-114.5727995483847,-109.2330691561,-1.0750662380953604
5247700000.0,-108.1694425645156,-114.48254008277766,-109.32555048879145,-1.0662128925890395
5247800000.0,-107.89336259674397,-114.6551014063842,-108.92137300989113,-1.0938076064295559
5247900000.0,-107.76479040583565,-114.02905630066115,-108.93590194946434,-1.0630966352392386
5248000000.0,-107.80977280891324,-114.1073009050611,-108.97064054965055,-1.0652217938037125
5248100000.0,-108.03527461168346,-114.27040157924479,-109.21544491511925,-1.061226140483064
5248200000.0,-107.7797836835447,-114.51073432217528,-108.81605379696587,-1.0919716624878901
5248300000.0,-107.87874067391094,-114.6147006008593,-108.9136618552377,-1.0922709363179244
5248400000.0,-107.8235592463181,-114.31011795043236,-108.92811121846466,-1.077100040180075
5248500000.0,-108.22431622557447,-114.84727936953587,-109.2901523980479,-1.0854664032571504
5248600000.0,-108.17987674596421,-114.45256531359611,-109.34838463577316,-1.0636357761016646
5248700000.0,-107.81289879680935,-114.0502423135152,-108.99237721147665,-1.061368715198595
5248800000.0,-107.93394339896379,-114.43709829497087,-109.0337009245224,-1.0781270132362457
5248900000.0,-107.93332347390263,-113.94178281903629,-109.18676524967262,-1.0463898161048295
5249000000.0,-107.7618977331035,-114.63569159296233,-108.76046427812967,-1.1004205381717025
5249100000.0,-107.96632031648528,-114.75319945895579,-108.98764102035302,-1.0953006572271584
5249200000.0,-108.0273083161444,-115.05118362055725,-108.98790648657473,-1.1091111772645157
5249300000.0,-107.97466371762484,-114.91413571543858,-108.95641215395884,-1.1042468737320916
5249400000.0,-107.8921249656807,-114.2398898706924,-109.03771414593601,-1.0684113988121384
5249500000.0,-107.81979939983124,-114.69118467229052,-108.8189888060259,-1.1002795240769
5249600000.0,-107.95515499303784,-114.65606782994482,-108.99955545761648,-1.0901724847508143
5249700000.0,-107.7237708835944,-114.77072133982718,-108.67867555958136,-1.1104307922193317
5249800000.0,-107.69429986984125,-114.16291425296338,-108.80406240177102,-1.0759867938536085
5249900000.0,-107.88555052834722,-114.0503284455744,-109.08792294977198,-1.0566761555214945
5250000000.0,-107.98418794453995,-113.96498585510103,-109.24692412087856,-1.0445438088301586
5250100000.0,-107.85061316671619,-114.16697385833062,-109.0057263081228,-1.0664203217976946
5250200000.0,-107.65780215216228,-114.34832233624107,-108.7050322906782,-1.0895481506474092
5250300000.0,-107.84878278755427,-114.57008833994814,-108.88765575937606,-1.0913948110416367
5250400000.0,-107.66850827972479,-113.99101674860117,-108.82174990989989,-1.0668108397097757
5250500000.0,-108.17826169347128,-114.43334519793522,-109.35221928241918,-1.0625080837814265
5250600000.0,-107.67446091740541,-114.20991908865689,-108.76495378601294,-1.080118710052089
5250700000.0,-107.91639571003722,-114.16949525363225,-109.09096925614776,-1.0623808133555703
5250800000.0,-107.87053306243168,-114.39215231599896,-108.96498411176289,-1.0792666219722689
5250900000.0,-108.0788490747444,-114.21249832395671,-109.29119794727222,-1.0546472884396745
5251000000.0,-108.22111411237962,-115.45025350431642,-109.13236166316713,-1.1206982287272886
5251100000.0,-107.99038986253024,-114.7535376796259,-109.01802404761023,-1.0938914303431682
5251200000.0,-108.031758091893,-114.74910665630966,-109.07170103675405,-1.0911579168188064
5251300000.0,-108.05189300235998,-114.57493730432509,-109.14593571244174,-1.079354445537288
5251400000.0,-108.09296117595666,-114.66304724315788,-109.17362055724453,-1.0822431871410298
5251500000.0,-107.98855176700833,-113.98498995686033,-109.24602300514614,-1.0455885398243336
5251600000.0,-108.03177800661902,-114.82755772692322,-109.05074203618248,-1.0958279411711618
5251700000.0,-107.8586713923565,-114.3717420893648,-108.95557560306905,-1.0787393980371212
5251800000.0,-107.88615731780018,-114.78365434223635,-108.87861734513544,-1.101805651970027
5251900000.0,-107.78293310678691,-114.09915472641617,-108.93808862458494,-1.0664114835227902
5252000000.0,-107.76501182474321,-113.91733090427968,-108.97136585998419,-1.0558652804306508
5252100000.0,-107.80993816358391,-114.68959893935234,-108.80698934083112,-1.100763819068481
5252200000.0,-108.08486118014697,-114.35677560528325,-109.25360810055483,-1.0635862512826992
5252300000.0,-107.63552555915908,-114.36525398571885,-108.67212509723484,-1.0918986096609862
5252400000.0,-107.93585153782159,-114.4004135777228,-109.04679461515698,-1.0757349796951772
5252500000.0,-108.06001416681985,-114.65744283646934,-109.13297965735715,-1.083913040483576
5252600000.0,-108.03760015849187,-114.59311611566363,-109.12238483582557,-1.0813506124151981
5252700000.0,-107.94820651010374,-113.58126012189196,-109.33486179902613,-1.0206474628437554
5252800000.0,-107.76155598307693,-114.82724899690882,-108.7118638377327,-1.1114994257610067
5252900000.0,-108.08885374416116,-114.34827664180216,-109.2614653730922,-1.0627863216678481
5253000000.0,-107.99992677912857,-114.81246779798077,-109.01446933337698,-1.0968190538196774
5253100000.0,-107.71894482521009,-114.18639552687128,-108.8290462200676,-1.0759144977686552
5253200000.0,-107.80532525882234,-114.31063171571466,-108.90446295046296,-1.0782599668604007
5253300000.0,-107.83616317445373,-113.8396494623475,-109.09127010126211,-1.0460585139750713
5253400000.0,-107.52172752435585,-114.00284899445941,-108.62785539424783,-1.0767630333438043
5253500000.0,-108.03089677785141,-114.01343766898451,-109.29304496434315,-1.044660360064785
5253600000.0,-107.97467621920752,-115.14322028960116,-108.90019286595233,-1.1173128900332998
5253700000.0,-108.11488762960524,-114.45304064165718,-109.26338228592657,-1.0678029854137316
5253800000.0,-108.0476035896779,-114.18821639411375,-109.25771249916691,-1.055101984939234
5253900000.0,-108.3271935658704,-114.54063793762516,-109.51415652774486,-1.0598289326100845
5254000000.0,-108.02661759814589,-113.99387681191416,-109.29393178388055,-1.0436374245073323
5254100000.0,-108.00705705148309,-114.02403026872713,-109.25765398957313,-1.0469564179297637
5254200000.0,-107.93479035499467,-114.40204422698594,-109.04494907805686,-1.0759022680871817
5254300000.0,-107.9496542076157,-114.23214035355355,-109.11514172941722,-1.0642620653497648
5254400000.0,-107.91752740812088,-114.31519589146643,-109.04816547428675,-1.0715561573570185
5254500000.0,-108.00220222518264,-114.68642220083474,-109.05115196172599,-1.0891692052772481
5254600000.0,-108.14466190930636,-114.69111894508957,-109.23202044755179,-1.0807946871098428
5254700000.0,-108.04911087264901,-114.43216002640624,-109.18410579687745,-1.0706373255066386
5254800000.0,-107.91851359618195,-114.19775540896147,-109.08500028425877,-1.064054780627113
5254900000.0,-107.88596237484805,-113.8716273661644,-109.14705744384065,-1.0448691870312168
5255000000.0,-108.15614835165891,-114.66860338919787,-109.25322947691822,-1.078701402048691
5255100000.0,-107.96941581629989,-114.43860549804003,-109.07901086512351,-1.0760225308346452
5255200000.0,-108.52924318711486,-114.34251381157247,-109.84999972869997,-1.033193530863975
5255300000.0,-107.96737046030273,-114.39884459276476,-109.08800629630002,-1.0736731936071648
5255400000.0,-108.09974246463106,-114.12703645951669,-109.34690076111728,-1.0476422776768786
5255500000.0,-107.66517530034511,-113.98214479689,-108.82010295466011,-1.0664590102733964
5255600000.0,-107.98874336798298,-114.43077687837939,-109.1062755631882,-1.0743322772614465
5255700000.0,-107.90822491914312,-114.13915008416838,-109.08970807442878,-1.0609557375703587
5255800000.0,-107.82102968088574,-114.40692990563072,-108.89723157572952,-1.0832098023864265
5255900000.0,-107.7212359382435,-113.94875373401179,-108.90378494986467,-1.0607363335284046
5256000000.0,-107.68506037856335,-114.46749959812263,-108.70755896092804,-1.0950373737245154
5256100000.0,-107.88265185831683,-114.59739463059513,-108.92330008837288,-1.0910018401601815
5256200000.0,-108.02758265263151,-114.35175981047271,-109.18031689513732,-1.0669167756543203
5256300000.0,-107.97191690806042,-114.45807592761668,-109.07658463592908,-1.0770752764756406
5256400000.0,-107.89461090416836,-114.26977454109709,-109.03196379130006,-1.0701408826871788
5256500000.0,-107.91693084905886,-114.67241575848577,-108.94661302411527,-1.0934353447225127
5256600000.0,-107.98357969551822,-115.13270259992275,-108.91372201859687,-1.1162216737826074
5256700000.0,-107.95925623080292,-114.58114587507691,-109.02539105005424,-1.085401215570317
5256800000.0,-107.61494713774482,-114.23269049360414,-108.68223633774178,-1.085149337720297
5256900000.0,-108.15736739730455,-114.25884930901249,-109.38012540841765,-1.0525406004881375
5257000000.0,-108.04129391196271,-114.47163892020228,-109.1622622015098,-1.073602655785803
5257100000.0,-107.8555284226538,-114.00729025607066,-109.06206089588906,-1.0558289765637883
5257200000.0,-108.00958924934517,-114.49803541240473,-109.11359476555552,-1.0772169637381066
5257300000.0,-108.05007701942884,-114.20449887345514,-109.25575798905052,-1.0560022457910276
5257400000.0,-107.75906016269984,-114.35290209297054,-108.8330313872507,-1.0836943765444373
5257500000.0,-107.94078348847347,-114.88828680410718,-108.9204971740879,-1.1047122826280948
5257600000.0,-108.03445264118422,-114.48750391931685,-109.14875685293333,-1.07501886825292
5257700000.0,-107.74997949951711,-114.33184864353996,-108.82731564737759,-1.0829636231583224
5257800000.0,-107.74785430289978,-114.13215773702674,-108.88247467888675,-1.0707162363865779
5257900000.0,-107.97108890510579,-114.73062339146341,-108.99968821901146,-1.0936764334474693
5258000000.0,-108.04357761780324,-114.37207263474009,-109.19500013556379,-1.0671907697940661
5258100000.0,-107.67511101937642,-113.84943027065441,-108.87444437845119,-1.0572961102985132
5258200000.0,-108.17015206682241,-114.66569628571142,-109.27210529707564,-1.0776563781685913
5258300000.0,-107.80258123283349,-114.47283765633316,-108.85535356508566,-1.0883280759863017
5258400000.0,-108.00844881247568,-114.57002636166885,-109.09151508845082,-1.0817221830064372
5258500000.0,-108.11766632005549,-114.91745882940064,-109.1355698485526,-1.0960654416043014
5258600000.0,-107.94169827458036,-114.6345967428657,-108.98828010204831,-1.0896911089154693
5258700000.0,-107.78189620371819,-114.21492623669089,-108.90207411160463,-1.0737703732404595
5258800000.0,-107.79747246295516,-114.12220976111492,-108.95003644413052,-1.0669523299533956
5258900000.0,-107.86908418534227,-114.36225730099426,-108.97172250015413,-1.0775096434065987
5259000000.0,-107.99193707739805,-114.36695973793184,-109.12933217055796,-1.0701320020089276
5259100000.0,-107.61188837534161,-114.0084151852649,-108.74286599868257,-1.07148447486518
5259200000.0,-107.9892733174525,-114.49987767534039,-109.08688644438183,-1.0785871647791092
5259300000.0,-107.9738177211085,-114.17046075241362,-109.16607488869631,-1.058743112331536
5259400000.0,-107.98278518837915,-114.67121752934187,-109.03058483738646,-1.0894226096754234
5259500000.0,-107.92781943634651,-114.36297144810956,-109.04737315176816,-1.073902873116321
5259600000.0,-107.99466027306269,-114.50906652674247,-109.09118081212276,-1.078821811224144
5259700000.0,-107.98644743550476,-114.42530464701969,-109.10491219049193,-1.0741341315346578
5259800000.0,-107.98476522452145,-113.77495648589854,-109.31375439344124,-1.0316065686143665
5259900000.0,-107.64874949456954,-114.01373132853948,-108.78915523149283,-1.069499007314195
5260000000.0,-107.99895280599367,-114.72316417200311,-109.03704083148084,-1.091568687005259
5260100000.0,-107.77355525936976,-114.52613777082507,-108.80401432644598,-1.0932624648231999
5260200000.0,-107.75202668865202,-114.01970712840667,-108.92208191626737,-1.06331528501477
5260300000.0,-107.97247043361894,-115.17965930313417,-108.88885854719283,-1.1194752658300609
5260400000.0,-107.77658452053683,-114.13001251559879,-108.92046578138866,-1.0687694508089087
5260500000.0,-107.95522018725379,-114.38747142710554,-109.0756272807227,-1.0737217335958544
5260600000.0,-107.63684585076837,-114.1134041799086,-108.74429824189862,-1.076479993816347
5260700000.0,-107.75519206360295,-114.42675640200521,-108.8076056823322,-1.0884069346314118
5260800000.0,-108.12930408954301,-114.5287611781902,-109.25941042045142,-1.0716684343253655
5260900000.0,-107.75751035969542,-114.24013870240599,-108.86320123104694,-1.0768564585261944
5261000000.0,-107.71639873823386,-114.38321172997063,-108.77011613728763,-1.0881203873748602
5261100000.0,-107.86631024211415,-114.15098133581019,-109.03112540938749,-1.064401607492308
5261200000.0,-108.03215859918139,-114.89991268394874,-109.03228785349089,-1.1000668380912684
5261300000.0,-107.93801755980704,-114.86062773938019,-108.92405335426162,-1.1032679864902555
5261400000.0,-108.05911281051854,-114.5320924443777,-109.16760522975075,-1.0762578825514557
5261500000.0,-107.63576470610883,-114.21319374491942,-108.7143517595486,-1.0826922951788875
5261600000.0,-107.76693890110764,-113.94570694496377,-108.96485825680891,-1.0575848669429553
5261700000.0,-107.78431553618206,-113.60859289372695,-109.1011667137235,-1.0339483547224804
5261800000.0,-107.89022936472307,-114.40883054712839,-108.98554579401817,-1.0790805616173245
5261900000.0,-107.74534106728015,-114.0301358414281,-108.91011818869532,-1.0644095049974436
5262000000.0,-107.99655778676052,-114.13171152777423,-109.20842230812457,-1.0547455674509332
5262100000.0,-107.68330493452525,-114.21775597876659,-108.77408531279599,-1.0800567582366722
5262200000.0,-107.90077832274383,-114.57636132807865,-108.95209062798882,-1.0886491391113091
5262300000.0,-107.8325353970011,-114.37080396501148,-108.92222642046997,-1.0802915383123142
5262400000.0,-107.91617656727851,-114.52380396184876,-108.98628810349115,-1.0845341699038236
5262500000.0,-107.99571323500282,-114.58102261264347,-109.07208129621539,-1.0831737283438647
5262600000.0,-108.02256024244825,-113.59941148309807,-109.43054568711828,-1.0166612674425786
5262700000.0,-107.97914037006849,-114.95453405899812,-108.95182446456351,-1.1063243292448495
5262800000.0,-107.82945085287184,-113.95497579881125,-109.04441907416563,-1.0541161895505278
5262900000.0,-108.10538839067645,-114.15177641272685,-109.34621363706265,-1.0489082982637967
5263000000.0,-107.99405837601674,-114.43956401807708,-109.11057216384282,-1.074548770605902
5263100000.0,-107.88654669994047,-114.64385180993634,-108.91574199310655,-1.0935437267136139
5263200000.0,-107.82153344413665,-114.88728784718242,-108.77182628294882,-1.1115029212391982
5263300000.0,-107.94464500725033,-114.49386868475077,-109.03121674358479,-1.0809645485702395
5263400000.0,-107.89230307767187,-114.11554137924347,-109.07619231074472,-1.060460612310072
5263500000.0,-108.04546379242254,-114.63577694077729,-109.12042553805844,-1.0834791330867042
5263600000.0,-107.94801380197002,-114.3415813148703,-109.0798721205445,-1.071298611930116
5263700000.0,-107.90366125224986,-114.70400038241458,-108.92142041547883,-1.0960977831027907
5263800000.0,-108.01835852304274,-114.54101076592109,-109.11251355816505,-1.0793302853805737
5263900000.0,-108.09287104848069,-114.37794865147204,-109.25756117306327,-1.0644275642288215
5264000000.0,-108.1219576645006,-114.59358519586402,-109.23084331510725,-1.076173933734519
5264100000.0,-107.99799756115033,-114.38067213539,-109.1331043680756,-1.070613756614491
5264200000.0,-107.55987917555154,-114.02862603149376,-108.66960313895505,-1.0759950232049835
5264300000.0,-107.89690484492417,-114.35972862340765,-109.0083547559221,-1.0756269169581723
5264400000.0,-107.90294205272802,-114.62083547188443,-108.94273759484834,-1.0911905439462142
5264500000.0,-107.79412422203049,-113.83608103224988,-109.03641589772843,-1.048614818941859
5264600000.0,-107.97934846297075,-114.35990300907334,-109.1150887347537,-1.070480337588111
5264700000.0,-107.76673105199956,-114.93912627921515,-108.69133347982192,-1.1175289162165019
5264800000.0,-107.88008740280256,-114.71099132944076,-108.88981066996234,-1.0979021017828774
5264900000.0,-107.85421149789512,-114.32912526859526,-108.96214168758631,-1.076377939173753
5265000000.0,-108.01220094714543,-114.18360686956134,-109.21246131307647,-1.0571069099559829
5265100000.0,-108.19213471715956,-114.6540823358718,-109.30384019382402,-1.0755724380241103
5265200000.0,-107.99733468551372,-114.21207574708663,-109.18389017071397,-1.0599126190550234
5265300000.0,-107.85425827936628,-114.35157843509035,-108.95569870257582,-1.0777662474895158
5265400000.0,-107.82798459482703,-114.20914909068551,-108.96354257233796,-1.0705187276873773
5265500000.0,-107.83784163330506,-114.15590873339127,-108.9924349619529,-1.0665287520975184
5265600000.0,-107.96723074669666,-114.24766529591467,-109.13334999093686,-1.064130997902511
5265700000.0,-107.69071714317118,-114.38979039493354,-108.73561785608416,-1.0900620416823437
5265800000.0,-107.79864218321983,-114.86790597038329,-108.74807706330962,-1.1117026931108491
5265900000.0,-107.54811345884583,-113.98866029419881,-108.66608203127393,-1.074239546301689
5266000000.0,-107.92784302220012,-114.44508968534372,-109.02354808824852,-1.0789970301289875
5266100000.0,-107.81971897834133,-114.41334060363698,-108.89375201183847,-1.0836809419823317
5266200000.0,-108.03331048606019,-114.67673599385806,-109.09347204058909,-1.0867070031632549
5266300000.0,-107.9998552563899,-114.51495653080876,-109.09617619364613,-1.0788646924118412
5266400000.0,-108.04241344883872,-114.50187713179534,-109.15484382298645,-1.0754179502321204
5266500000.0,-107.77537816901275,-113.93989560163467,-108.97783368233772,-1.0566592177578185
5266600000.0,-108.02016044403373,-114.7636513563964,-109.0530573470621,-1.0927204539009627
5266700000.0,-108.02530467865208,-114.80447635633169,-109.04867108945356,-1.0948435025645935
5266800000.0,-108.02242940463705,-114.7376278495687,-109.06295426327421,-1.091029137445275
5266900000.0,-107.87330055020861,-114.36327865291197,-108.97686276529708,-1.0773118396438193
5267000000.0,-107.81581054152016,-114.77212326256378,-108.79329776194245,-1.1052221613836126
5267100000.0,-108.00534275977864,-114.01936886366842,-109.25692360876697,-1.0467603701198684
5267200000.0,-107.91698326721674,-114.34140603648916,-109.0396971042813,-1.0732324915292062
5267300000.0,-108.08740376031739,-114.09133387248576,-109.34236197599043,-1.0460880915772626
5267400000.0,-108.10237250413454,-114.38311726636088,-109.26839620332584,-1.0641508186390676
5267500000.0,-107.7352300590453,-114.05209499429473,-108.89018956806565,-1.0664523658397838
5267600000.0,-107.94829695776683,-113.93551593234943,-109.20886856437944,-1.0449730239036357
5267700000.0,-107.63854810764295,-114.03018163666586,-108.77098240625432,-1.0711771008638573
5267800000.0,-108.15159907053118,-114.45812479086948,-109.30971337941818,-1.0657948361953196
5267900000.0,-108.01243777486398,-114.72615407609688,-109.05336397782918,-1.0909403422609654
5268000000.0,-108.066437974621,-114.30917536577064,-109.24423464265529,-1.0617154651276741
5268100000.0,-108.20716420537885,-114.45166200180677,-109.38441259246125,-1.0618285732002517
5268200000.0,-108.1157664185485,-114.16682841789964,-109.3550470529133,-1.049217640120926
5268300000.0,-107.99123279309084,-114.43666943238577,-109.10776680979387,-1.0745444692554575
5268400000.0,-108.19665580283392,-114.23210420357898,-109.44110493322651,-1.0481834052228547
5268500000.0,-107.86483816666747,-114.95838229037916,-108.80836066174425,-1.1130821056808142
5268600000.0,-108.01498929663074,-114.26814926980032,-109.18954407582235,-1.0623846904551006
5268700000.0,-107.85241155778255,-114.70755209485391,-108.85581323339753,-1.099327166625753
5268800000.0,-107.98874718021123,-114.53086524783315,-109.07734096981795,-1.0805281506728577
5268900000.0,-107.99831992664417,-114.19764083893858,-109.18973147175771,-1.0589163608719767
5269000000.0,-107.64039052428758,-114.28159343518622,-108.70116679716858,-1.0865724313412022
5269100000.0,-108.04552063084621,-114.27639331308983,-109.22702019490418,-1.0609523590062837
5269200000.0,-107.90391024827716,-114.42500139145815,-108.99851266832349,-1.0792340706242254
5269300000.0,-107.81597287710397,-114.17473206057805,-108.95824896229998,-1.0691062406472827
5269400000.0,-107.72079447351521,-113.93624879109831,-108.9071258906232,-1.0599586445450437
5269500000.0,-107.9419166483919,-114.31644729334565,-109.07945905692328,-1.0701010064727672
5269600000.0,-107.93117760867278,-114.51117888717734,-109.00903978833816,-1.0828495024402383
5269700000.0,-107.92837318144748,-114.14647835550797,-109.11387226046251,-1.0601296573707628
5269800000.0,-107.85151868592214,-114.49747457257304,-108.91098088546896,-1.0868601567957248
5269900000.0,-107.67385285550503,-113.81667609994491,-108.8832517257998,-1.0552462184644027
5270000000.0,-107.89711471837036,-114.39106916059251,-108.99952723067626,-1.0775580011880508
5270100000.0,-107.67655023498712,-114.09172485202794,-108.80199608755824,-1.0726537898752566
5270200000.0,-107.80101559037483,-114.49710534077892,-108.84672819622543,-1.0898828581097633
5270300000.0,-107.90888399935342,-114.5110000878613,-108.9805367234826,-1.08419863265169
5270400000.0,-108.05926527605709,-114.63464552030304,-109.13843008693595,-1.082567036544932
5270500000.0,-107.85658343565109,-114.35105304352913,-108.95884709429995,-1.0775898826992252
5270600000.0,-108.17185902520492,-114.45090461053718,-109.3384061773098,-1.064042240148607
5270700000.0,-107.8837792556183,-114.58289981596904,-108.92866710027425,-1.090064882318112
5270800000.0,-107.81218572278213,-114.23778366874112,-108.93455293779765,-1.0733059708898416
5270900000.0,-107.85802248005129,-114.45998725316932,-108.9297175535011,-1.084189416481891
5271000000.0,-108.02029328274996,-115.15323452866772,-108.9543093236237,-1.1153101644880192
5271100000.0,-107.84346518162141,-114.21193315344206,-108.98282460864428,-1.0697188885319777
5271200000.0,-108.02281285635196,-114.53852467342207,-109.11895848684043,-1.0789023578512422
5271300000.0,-107.70819308061498,-114.67699830522187,-108.68253266096978,-1.1059441043803455
5271400000.0,-107.66183227981037,-113.90505824486353,-108.83947675152334,-1.061746859579453
5271500000.0,-107.8206632275614,-114.10574536749861,-108.98535195666098,-1.064427853916329
5271600000.0,-107.77499178500862,-114.48140605104959,-108.8178978232256,-1.090502596287886
5271700000.0,-107.69737373705796,-114.9158943641278,-108.61110407791783,-1.1201070855873614
5271800000.0,-107.84817979058246,-114.15304419008974,-109.00680193236519,-1.0656890880249545
5271900000.0,-107.87677148441884,-114.20856939022423,-109.02719176279598,-1.0674002381391334
5272000000.0,-107.84312791869277,-114.49045864611664,-108.90221035291667,-1.0869433464935787
5272100000.0,-108.03247896569007,-114.64726337219146,-109.10059283779397,-1.0849694940701373
5272200000.0,-107.90663772551072,-114.04572284362058,-109.11723763866986,-1.0550022734605042
5272300000.0,-107.96542705977834,-114.66087813854219,-109.01131355800678,-1.0898444904966669
5272400000.0,-107.86700879498778,-114.12092936334973,-109.041327394125,-1.0624334864401892
5272500000.0,-108.02213049507674,-114.56168297439015,-109.11145542272679,-1.08037046985444
5272600000.0,-107.99244796597674,-114.5312932041979,-109.08197453988882,-1.0803269923584362
5272700000.0,-108.14654017422484,-114.86647886762904,-109.18578260591656,-1.091312996371163
5272800000.0,-107.82357673976347,-113.83447456356106,-109.07620295818293,-1.0465521736303482
5272900000.0,-107.92411051609534,-114.496015478554,-109.00425615145495,-1.0823544790862865
5273000000.0,-107.80664775466327,-114.58996585161239,-108.82891305642941,-1.095089503895471
5273100000.0,-107.8353941788765,-114.07992150298571,-109.01263337200189,-1.061830470131539
5273200000.0,-107.71582375490814,-114.06795115115236,-108.86009700424758,-1.0686872466053585
5273300000.0,-107.84855928410671,-114.54938055143603,-108.8929846433223,-1.0901669878968756
5273400000.0,-107.84499358993068,-114.89804985553155,-108.79839803402243,-1.1107792390324336
5273500000.0,-107.98749388190728,-114.37895408722639,-109.11997981612556,-1.0711662093232124
5273600000.0,-107.87068739809357,-114.80129657618181,-108.85468672983839,-1.1037326533590586
5273700000.0,-107.66574515890883,-113.62770835150968,-108.93485535912885,-1.0432823533018325
5273800000.0,-108.03727745548665,-114.28564210874998,-109.21332252666524,-1.0620769177091514
5273900000.0,-107.97440911384022,-114.3386600989605,-109.11503434214679,-1.0694528959241447
5274000000.0,-108.03221921653139,-114.68062496164342,-109.0910048109152,-1.087008382608847
5274100000.0,-107.87844260425082,-114.67669425612101,-108.89675320450338,-1.0959742610113918
5274200000.0,-107.78023562365425,-114.12648340950794,-108.92628284124542,-1.0683154264954575
5274300000.0,-107.90663434812188,-114.21796949977788,-109.06327993805829,-1.066100822434892
5274400000.0,-107.73725780493727,-114.21408138441276,-108.84463315394609,-1.0764964518437194
5274500000.0,-107.59705452332754,-114.45367122371371,-108.60007260871335,-1.0994138002861649
5274600000.0,-107.85911202554205,-113.92655646208769,-109.09299616640817,-1.0503001469983233
5274700000.0,-107.95416311481534,-114.38564189693635,-109.07479758202216,-1.073673484052717
5274800000.0,-107.86246838505957,-114.05303013718971,-109.05664845218786,-1.0583494159292777
5274900000.0,-107.69316277510981,-114.40214132865506,-108.73537306383581,-1.0906563747442608
5275000000.0,-108.01547065456774,-114.55302997480055,-109.10536397334313,-1.0802479291657041
5275100000.0,-108.01081657426317,-114.49531304431957,-109.11596595335541,-1.0769722522596614
5275200000.0,-107.89628401703317,-114.22810034988444,-109.04669870663366,-1.0674014064863502
5275300000.0,-107.817658562909,-114.25451446566402,-108.93671135444689,-1.0740092365783784
5275400000.0,-107.77191696357428,-114.54944875588878,-108.79571922407698,-1.0947461694068317
5275500000.0,-107.98056139877986,-114.79917784303085,-108.9935066282029,-1.0971777036633465
5275600000.0,-108.00437903691814,-114.68921714940768,-109.05315991677892,-1.0892064004972768
5275700000.0,-107.96855887098984,-114.16046001319494,-109.1623151187994,-1.0584361579639534
5275800000.0,-107.8694715326487,-114.15526025847483,-109.03394295189202,-1.0644729675579352
5275900000.0,-107.9559411537995,-114.70026825111809,-108.98861357048965,-1.0927703345189639
5276000000.0,-108.08702989244043,-114.08138414552309,-109.34520117733064,-1.0454494832640209
5276100000.0,-108.01124188219923,-114.24414061345325,-109.19210818973242,-1.061082765885346
5276200000.0,-107.69794610073895,-114.14831770459044,-108.81303442881563,-1.074851983391367
5276300000.0,-108.08181726165374,-114.420679408121,-109.23009727506943,-1.067847902155331
5276400000.0,-107.9877554734478,-115.06747437071536,-108.93463944129806,-1.1122972558881632
5276500000.0,-107.67909353715464,-114.40327635230798,-108.71718927182941,-1.0915669789592388
5276600000.0,-107.985646012503,-114.61156287281858,-109.05066095016466,-1.0856457129467445
5276700000.0,-107.89579676570183,-114.55787498405525,-108.95081520715209,-1.0878346408169894
5276800000.0,-108.06499762632478,-113.97166674062417,-109.3530359265769,-1.0395577742653956
5276900000.0,-107.99085914194609,-114.2598179630331,-109.16051917203156,-1.0633971169860525
5277000000.0,-107.95336789607288,-114.57265184279248,-109.0202280109838,-1.0852429431541435
5277100000.0,-108.04629772572518,-114.50509068194995,-109.15892393275386,-1.0753762247554146
5277200000.0,-107.87437103666066,-114.2895448943976,-108.99981711384889,-1.0726537423291564
5277300000.0,-107.95366918412927,-114.03832630052008,-109.18191240376785,-1.0514345956173705
5277400000.0,-108.07987388128302,-114.83146592538017,-109.1105982198701,-1.0932034513627262
5277500000.0,-108.0581547620791,-115.006388801534,-109.03768355126525,-1.1047546007695954
5277600000.0,-108.1539059735978,-114.0953158853862,-109.4300141712514,-1.0419016098942073
5277700000.0,-108.04838359066572,-114.00954227124116,-109.31776687794533,-1.0432283895019037
5277800000.0,-107.83315528106525,-114.97370270713827,-108.7653482547406,-1.115738881102083
5277900000.0,-107.58522562531684,-114.0724682607209,-108.68957955072185,-1.0771424118694792
5278000000.0,-108.06174725395687,-114.27302106887028,-109.2493926577203,-1.0596888113252236
5278100000.0,-107.95176286438482,-115.01553155301534,-108.90254154425458,-1.111389839835037
5278200000.0,-107.91522939568696,-114.0311265054311,-109.13331012240516,-1.0534859508631294
5278300000.0,-107.84455345854585,-114.40165652151939,-108.92888790955247,-1.0814479328577349
5278400000.0,-107.992782618215,-114.34650825190278,-109.13657419500873,-1.068788260772894
5278500000.0,-108.12140518518446,-114.5833644012282,-109.23310727860655,-1.0755731591835334
5278600000.0,-107.99422956755524,-114.55079667298904,-109.07871603407943,-1.0814150707930148
5278700000.0,-107.85106547522102,-114.85842736433182,-108.81576134405984,-1.108164124800579
5278800000.0,-107.50379558065279,-114.01180576920373,-108.60215492644669,-1.0784269812110925
5278900000.0,-108.04124113310343,-114.54162440652175,-109.141797706711,-1.0779556809603896
5279000000.0,-107.80357634621906,-114.7103686184853,-108.79365310257208,-1.1023475316425206
5279100000.0,-107.8249990367841,-114.50713713780874,-108.8745177049749,-1.0890439075989564
5279200000.0,-107.81067303909866,-114.58655540243035,-108.83491389601076,-1.0946482463327583
5279300000.0,-107.93044890004529,-114.14257832746554,-109.11782523828741,-1.0597440512755976
5279400000.0,-107.75417091897653,-114.48962215830807,-108.78922899277661,-1.0922405553881507
5279500000.0,-107.84931284846664,-114.45861170954748,-108.918957468227,-1.0846358776709975
5279600000.0,-107.91784901782671,-114.66886639413083,-108.94872730174359,-1.0931692079231288
5279700000.0,-107.81912548413139,-114.42579463041653,-108.8895048062819,-1.0844758497579323
5279800000.0,-107.72521160652813,-114.37174627049161,-108.78451391464111,-1.086895179851916
5279900000.0,-107.81855660100383,-114.12950193966346,-108.97532115418389,-1.066076029939067
5280000000.0,-107.71281245145055,-113.98132113927822,-108.88261161791213,-1.0633683047749318
5280100000.0,-107.87035348883006,-114.27574103040777,-108.99869878369907,-1.0720404949684799
5280200000.0,-108.02506327860824,-114.73982175532113,-109.0657072564822,-1.091002780972018
5280300000.0,-108.06146536456345,-113.99541490535648,-109.34012468214502,-1.0413993467406844
5280400000.0,-108.03402741091496,-114.29864042058327,-109.20503152220682,-1.0631188678158
5280500000.0,-107.98916301809841,-114.84570304020798,-108.9922010247675,-1.0994093006176557
5280600000.0,-108.04495874377567,-114.52051151051883,-109.15270325626724,-1.0764175956449284
5280700000.0,-107.83440298493534,-114.25328180859276,-108.9587536654106,-1.0728856758458178
5280800000.0,-107.66729427743046,-114.08290170021003,-108.79261210579506,-1.0726808904339815
5280900000.0,-107.7058291670712,-114.1579673747407,-108.82040048786689,-1.07496201148891
5281000000.0,-107.96300589320224,-114.290733345837,-109.11466146549328,-1.0671420761976476
5281100000.0,-107.90007676724684,-114.20138793133832,-109.05978591462441,-1.0654628250105962
5281200000.0,-107.87803307926771,-114.07451304584558,-109.07034176167366,-1.058732560404179
5281300000.0,-108.02244205159504,-114.43251290378639,-109.14939884875736,-1.072334080567633
5281400000.0,-107.86713589411025,-114.38806512587226,-108.96178472709053,-1.07922409031623
5281500000.0,-108.17028794804095,-114.745531247136,-109.24949138973693,-1.082558662679651
5281600000.0,-107.68671238158726,-114.14274787455817,-108.80014409913123,-1.0752046410019651
5281700000.0,-108.04260079467804,-114.25053455816025,-109.23129721576943,-1.0594731028526225
5281800000.0,-107.99978706169021,-114.48516457840243,-109.1046811663128,-1.0770268517812789
5281900000.0,-107.7792331210074,-114.57035166856271,-108.79943056316412,-1.0955518913480315
5282000000.0,-107.84108164171839,-114.59117816907045,-108.87220666183364,-1.093114330169413
5282100000.0,-108.1307952748331,-114.80877818955328,-109.18145050509884,-1.08879371323809
5282200000.0,-107.86040456162812,-114.41784858240763,-108.94464231810757,-1.0814688372217296
5282300000.0,-107.65884671169509,-114.33320427934292,-108.71049470988987,-1.0885752972868032
5282400000.0,-107.9485080485455,-114.60919678735998,-109.00390864078548,-1.0877507471551937
5282500000.0,-108.015254938249,-114.43272647061805,-109.14002155073712,-1.072797593501323
5282600000.0,-107.91306541456997,-114.26065416661638,-109.0587077669301,-1.0684002565698432
5282700000.0,-108.05482600029192,-115.1048503270089,-109.00897508050194,-1.1106062502428704
5282800000.0,-107.91690844330262,-114.43107789636963,-109.01349699811266,-1.0788072001599258
5282900000.0,-108.13168247297902,-114.56806129506498,-109.25087549498195,-1.0739794580802855
5283000000.0,-107.90145486984953,-114.74815752640048,-108.90705233763754,-1.098831604658834
5283100000.0,-107.94182921792395,-114.70542857652569,-108.96934286674444,-1.0939182895625645
5283200000.0,-107.83712615597146,-114.32022854209356,-108.94267959344722,-1.0768858446055787
5283300000.0,-107.8161407362604,-114.34933891547524,-108.90727889592631,-1.079979677348162
5283400000.0,-107.96709752482425,-113.83031099202951,-109.27024054758802,-1.0366081658965143
5283500000.0,-107.78762667645216,-114.22692238690877,-108.90596263586524,-1.074161491808347
5283600000.0,-107.64404920339688,-113.96657012685374,-108.79728704564494,-1.0668116304813484
5283700000.0,-107.84672702597773,-114.85545110488556,-108.8110841396127,-1.1082423321363881
5283800000.0,-108.13834180816448,-114.76851393080707,-109.20217489052816,-1.0859038979475182
5283900000.0,-107.82929446075015,-114.56023309123708,-108.86556781017185,-1.0919709448127173
5284000000.0,-108.01961904719855,-113.88340508600274,-109.32256172237726,-1.0366471594352398
5284100000.0,-107.8106812686429,-113.92915740678204,-109.02792734649582,-1.0536548648667496
5284200000.0,-108.08622785257475,-114.40909443860275,-109.23936057091208,-1.0668335768477373
5284300000.0,-108.10040106389552,-114.34768141981476,-109.2767834126871,-1.0620072945625316
5284400000.0,-107.88130822272278,-114.94831481409659,-108.83129483305724,-1.1115742136508042
5284500000.0,-108.0301170372141,-114.52253297453593,-109.13297422568546,-1.077462774855206
5284600000.0,-107.85238165263279,-114.41070912079206,-108.93636891163062,-1.0815229971048246
5284700000.0,-108.1489064725395,-114.62814011607605,-109.25558209511712,-1.0766459597375726
5284800000.0,-107.9463157530875,-114.8775587725099,-108.93015391645912,-1.103769450653045
5284900000.0,-108.0557260035101,-113.92461242012314,-109.35688558624523,-1.0369943546934477
5285000000.0,-108.08446198044177,-114.60403530720194,-109.17949957958493,-1.079140502197144
5285100000.0,-108.12531842756866,-114.26714780690894,-109.33503648887748,-1.055181373726233
5285200000.0,-107.75674419979838,-114.25619817580798,-108.85756883335135,-1.077898219187917
5285300000.0,-107.84377072565475,-114.0876429375105,-109.02121391863835,-1.0617883821123284
5285400000.0,-108.05522036580776,-114.13964444963007,-109.28353975662793,-1.0514192568892267
5285500000.0,-107.97116574591512,-114.15124645237613,-109.16866824973091,-1.0576700303708941
5285600000.0,-107.81961625295472,-114.4303630975103,-108.88885657101369,-1.0847239663869455
5285700000.0,-107.8703070137237,-114.56140488739871,-108.91737963475006,-1.089582880053531
5285800000.0,-108.07258957593228,-114.30357439286831,-109.2540540813293,-1.060959577612537
5285900000.0,-107.85987950827786,-114.44765330480566,-108.93555468229287,-1.0833241721192128
5286000000.0,-108.09362898830322,-114.30818293081467,-109.28024326462815,-1.059900543680973
5286100000.0,-107.79925645507288,-114.40680888939644,-108.86938893647125,-1.0845296080296243
5286200000.0,-107.8165857621103,-114.0739007325634,-108.98985099181672,-1.062651186068148
5286300000.0,-107.77922903720784,-114.13740057271579,-108.92168193253681,-1.0690691300548938
5286400000.0,-108.01810309242951,-114.1031083557734,-109.24623252363624,-1.0514575104161779
5286500000.0,-107.96394363599165,-114.38277253969301,-109.0883090675739,-1.0728825516726568
5286600000.0,-107.60338378721042,-113.92060991803575,-108.75823326187162,-1.0664753178676876
5286700000.0,-108.16529522101439,-114.63761055304461,-109.27398081910758,-1.0762166397443025
5286800000.0,-107.82127886396346,-114.60605318179178,-108.84315777219997,-1.0951758642152307
5286900000.0,-107.79996743724644,-114.36036325597138,-108.88336848060035,-1.0816497700173395
5287000000.0,-107.85680409665562,-114.44463643642419,-108.93246281698683,-1.0833277453054029
5287100000.0,-107.85689263084811,-114.26505767325528,-108.98441422409873,-1.072214634650947
5287200000.0,-107.95223867377115,-114.04977450228239,-109.17628065632368,-1.0522814533083669
5287300000.0,-107.88488180048363,-114.20035619058208,-109.04026503565447,-1.0663639925802837
5287400000.0,-107.80475236824512,-114.54366154642955,-108.83888028003425,-1.0924470333203553
5287500000.0,-108.23504884974207,-115.37454850101823,-109.16749272155478,-1.1156798516998832
5287600000.0,-107.68533839728876,-114.43176596347095,-108.71744715351007,-1.0928956061131356
5287700000.0,-107.98068135543282,-114.80655277697964,-108.99172282990133,-1.0976055710899417
5287800000.0,-107.96828833673872,-114.87866000566518,-108.9574490550352,-1.102556003463919
5287900000.0,-108.11659222190497,-114.57841648166897,-109.2283336862959,-1.075564767090439
5288000000.0,-107.84973546383638,-115.05295458940319,-108.76705667609264,-1.1192536857458861
5288100000.0,-107.9245681120844,-114.86812036244442,-108.90528221876875,-1.1044833887357814
5288200000.0,-107.6506750409248,-114.19383257029914,-108.73897276400362,-1.0805920188623037
5288300000.0,-108.00215213112435,-114.32935698671444,-109.15396640959113,-1.0671089198960804
5288400000.0,-107.79079701639995,-114.58631438822984,-108.80983042265095,-1.095812409015136
5288500000.0,-107.83551575714435,-114.53184434708626,-108.88116334204435,-1.0898972052539002
5288600000.0,-107.76546864402977,-115.15013749038638,-108.64119456313134,-1.1292553899842521
5288700000.0,-107.92567681246054,-114.42735179312149,-109.02586091013482,-1.0780355386696563
5288800000.0,-107.91963700536746,-114.5944473875891,-108.97116094675616,-1.0886025843118121
5288900000.0,-107.87093688157229,-114.77377938881787,-108.86202556171543,-1.1021173634963028
5289000000.0,-108.01285755698466,-114.32623229268002,-109.16888093323098,-1.0662305183431555
5289100000.0,-108.1420137514233,-114.5703877080096,-109.2635626555277,-1.0734794932408185
5289200000.0,-107.89127477798468,-114.02381705824766,-109.10398016614424,-1.0545749627305638
5289300000.0,-107.80100610509628,-114.08231407465159,-108.96685636025634,-1.0641868018174012
5289400000.0,-107.93131129499608,-114.41335304840945,-109.03717225612851,-1.0768200928329406
5289500000.0,-107.94265710287705,-114.40638788100122,-109.05384252271921,-1.0756833060145923
5289600000.0,-107.91405318039578,-114.46491680161104,-109.0001588388953,-1.0810652021877798
5289700000.0,-107.80063300016695,-114.19088801451971,-108.93347805195819,-1.0710904681627325
5289800000.0,-107.9243563338479,-114.16371594451333,-109.10320583343082,-1.0614983546191534
5289900000.0,-108.01349060335627,-114.43851480358033,-109.13602703130167,-1.0732700983438888
5290000000.0,-108.09361971001894,-114.67777469460417,-109.17031250954554,-1.0831032380516312
5290100000.0,-108.16948162311385,-114.89761844377881,-109.20651032559124,-1.0918034582337368
5290200000.0,-107.52263221809521,-114.2367137943696,-108.56345949339074,-1.0909622276656616
5290300000.0,-107.96892045866883,-114.61758856296865,-109.02763362321306,-1.0870242531813534
5290400000.0,-107.94755074343507,-114.31837854337657,-109.08620252430703,-1.069867664899603
5290500000.0,-107.991059133455,-114.75006324713146,-109.01980019676256,-1.0936448661877465
5290600000.0,-108.13020399816449,-114.09285760275255,-109.3990798959567,-1.043328658340238
5290700000.0,-108.09529196271515,-114.52335737919006,-109.21693178465756,-1.073460210620104
5290800000.0,-108.30132345736794,-114.27128372335984,-109.5677227766796,-1.0438184046910683
5290900000.0,-108.07809191253727,-114.56498314142902,-109.18254759009186,-1.0771206416708186
5291000000.0,-108.1221765745053,-114.88661980448143,-109.14946499955258,-1.0939684811504322
5291100000.0,-107.81956896075897,-113.95199456182247,-109.0323119341704,-1.0545673385855903
5291200000.0,-108.00237188489889,-114.69069730544965,-109.05020070845573,-1.0894161795701347
5291300000.0,-107.86483248199704,-113.99732627664321,-109.07755348840917,-1.0545717945613013
5291400000.0,-107.98121074860246,-114.3475861289491,-109.12119810330384,-1.0695869162487466
5291500000.0,-107.53794419237552,-113.3128263691589,-108.87242711710289,-1.030550736478162
5291600000.0,-108.23197638390282,-114.94947821799228,-109.27187786144735,-1.091167095214439
5291700000.0,-108.10963220600709,-114.04913401000266,-109.38639233331881,-1.041773203244905
5291800000.0,-107.79560269524981,-113.89583369310257,-109.01876755971868,-1.0524584673635455
5291900000.0,-107.78128036086736,-113.80024267176267,-109.03121373166138,-1.0470886862364739
5292000000.0,-107.84012996997424,-114.49113811694605,-108.89819736283562,-1.0871657794569924
5292100000.0,-107.88931981351286,-114.56411638744481,-108.94084753769063,-1.0886017522382938
5292200000.0,-107.87547907996968,-113.6607798902713,-109.2062203568276,-1.0312695603350595
5292300000.0,-107.96486015773881,-114.36896624822151,-109.0935857128311,-1.0719601280789341
5292400000.0,-108.0662002504569,-114.60079473593666,-109.15693967459431,-1.0800655823601368
5292500000.0,-107.81792401063719,-114.12540957848202,-108.97574502872176,-1.0658559214002299
5292600000.0,-107.76255027061474,-114.39835104029103,-108.82482232511272,-1.0862451639428543
5292700000.0,-107.90585406023055,-114.44787754409097,-108.99447479434355,-1.0805223386261094
5292800000.0,-107.66509485067027,-114.21293175940612,-108.75206088803532,-1.0808794148378515
5292900000.0,-107.91219943277352,-114.35728560144105,-109.02883619999572,-1.0745226216663937
5293000000.0,-107.91595980906908,-114.92933726676117,-108.87916070065148,-1.1085093808632704
5293100000.0,-107.77349220986359,-114.04411898291085,-108.9426368398546,-1.0635038625185018
5293200000.0,-107.77327784012748,-113.82219001704888,-109.01326865288908,-1.0490753840810902
5293300000.0,-107.84911014939006,-114.60225777465281,-108.87941789945569,-1.0932961312890541
5293400000.0,-107.8530540789354,-114.02106836384661,-109.05439468044476,-1.0568865413921902
5293500000.0,-107.99499177447015,-114.23005590729487,-109.17518169832393,-1.0612220980790152
5293600000.0,-107.99899730303042,-114.26125744527305,-109.17072984904144,-1.0629681447435393
5293700000.0,-108.00299035576366,-114.65802123454529,-109.05994864933554,-1.0874089614649456
5293800000.0,-107.98614485282833,-114.79506318198219,-109.00164121324383,-1.096605045173753
5293900000.0,-107.97578608041464,-114.48419513895709,-109.0740306529802,-1.0784516144587837
5294000000.0,-108.11037192786237,-114.57990661999524,-109.21986654969685,-1.0760439610730743
5294100000.0,-108.03379625834117,-114.60940564709469,-109.11289643340646,-1.0825810477996642
5294200000.0,-107.79531350923135,-113.94263212843704,-109.00326984376655,-1.055539396837279
5294300000.0,-107.7331719389415,-114.28142168944507,-108.82002057578401,-1.0809047610182976
5294400000.0,-107.74355278999693,-114.30672002872262,-108.82616891395818,-1.0818195745946253
5294500000.0,-108.03987937309634,-115.18747395397259,-108.97038679624329,-1.1161356736147718
5294600000.0,-107.79771315684656,-114.6295960527726,-108.80718021803737,-1.097959760483109
5294700000.0,-107.86437449074917,-114.22184122024406,-109.00703948750122,-1.0690246164994357
5294800000.0,-108.09985639610679,-114.56367536293516,-109.2110161029501,-1.0756887883870743
5294900000.0,-107.83925406288623,-114.51244755394112,-108.89122105672635,-1.0885051406360151
5295000000.0,-108.05987170341082,-114.68900545785314,-109.1239930453932,-1.085840910604891
5295100000.0,-107.94189973899935,-114.13436051761258,-109.13547895364225,-1.0584723961117648
5295200000.0,-107.90730308132939,-114.69514865392073,-108.9283676003235,-1.095357943116927
5295300000.0,-107.56957817614257,-113.98172050292035,-108.69592144591232,-1.0724638709389702
5295400000.0,-107.99644801777946,-114.6948685111014,-109.04152630362182,-1.090022844908737
5295500000.0,-107.99477824484487,-114.63091785977551,-109.05695640770838,-1.086265699185857
5295600000.0,-107.97369370939423,-114.12559207755828,-109.18018245949975,-1.0558378719110921
5295700000.0,-107.78346603066915,-114.35308005121094,-108.86425878637313,-1.0822142993440782
5295800000.0,-107.8618499055601,-114.17823922175191,-109.01695432503944,-1.066422140918183
5295900000.0,-107.88064483163711,-114.4602842586338,-108.9586089501376,-1.0828273908122235
5296000000.0,-108.12745090302214,-113.93264696199134,-109.45108097114398,-1.032638965360496
5296100000.0,-107.73814569055156,-114.01212815221209,-108.90625419147202,-1.0637185384939563
5296200000.0,-107.74529267210565,-114.21291748027593,-108.8553433598558,-1.0759253152863726
5296300000.0,-107.86931334965068,-114.02126996375829,-109.07578344795068,-1.0558416666244388
5296400000.0,-107.70511913549291,-114.64711587181897,-108.68622741584268,-1.1043932385840725
5296500000.0,-107.87628236547,-114.14780252996422,-109.04515104246755,-1.0635610267201656
5296600000.0,-108.24301321333657,-115.15190312155666,-109.23255302835024,-1.1024697155954413
5296700000.0,-107.83796648793634,-114.34686760561341,-108.93606949117452,-1.0784820008361156
5296800000.0,-107.75773482038362,-114.08852576015332,-108.90846055055562,-1.0673363876182556
5296900000.0,-107.7610655084087,-114.21124768678887,-108.87620928913381,-1.074840183825532
5297000000.0,-108.05213651121113,-114.61112251913943,-109.13593708679895,-1.0815633643915106
5297100000.0,-107.91187845695555,-114.40671922778287,-109.01403488466704,-1.077612850956952
5297200000.0,-107.79575623045821,-114.27230557868215,-108.90321123020735,-1.0764794365647334
5297300000.0,-108.18902772067254,-114.50543685926553,-109.34412610029736,-1.066423400646996
5297400000.0,-107.85905641064431,-114.62419479281752,-108.88615934574014,-1.0940098226129593
5297500000.0,-107.92665597965338,-114.09359850828152,-109.12833816659267,-1.0568168814065453
5297600000.0,-107.96121634555104,-114.3865482004098,-109.0836620343342,-1.0732893343455794
5297700000.0,-107.92943724904111,-114.46875600282249,-109.01882881108016,-1.0803561021302825
5297800000.0,-107.56889077932848,-113.85765926024241,-108.73244628590831,-1.0646631642705309
5297900000.0,-107.81759104548088,-113.71810552347836,-109.10775627684045,-1.0391412276738148
5298000000.0,-107.79469796469867,-113.96858349467865,-108.9941692798211,-1.0572679484317682
5298100000.0,-107.78514588017559,-113.962028387785,-108.98366430129468,-1.0574625067201189
5298200000.0,-108.00599796373939,-114.29596412238271,-109.16918556133061,-1.0647395875866947
5298300000.0,-107.95530757249301,-114.4098888223433,-109.06916436997491,-1.0751141220524136
5298400000.0,-107.97445006764849,-114.73929515919801,-109.0016312579454,-1.0939923808094985
5298500000.0,-107.74383865073511,-114.62170833871306,-108.74135217556164,-1.1006590511241576
5298600000.0,-107.82278110854845,-113.88399683290791,-109.05871384452885,-1.049888890404007
5298700000.0,-107.88794633107344,-114.32423066416956,-109.0071671290147,-1.073973560000193
5298800000.0,-108.02291878057187,-114.14144456420385,-109.24014879812917,-1.0536581157574918
5298900000.0,-107.89004434961376,-114.13249265521279,-109.06793108165608,-1.0616968881730433
5299000000.0,-107.82036789589009,-114.18396794858837,-108.9611886552102,-1.069411822446991
5299100000.0,-107.757022552876,-114.10572039637267,-108.90233017069663,-1.0684704052711027
5299200000.0,-108.05962998539833,-115.02151685405808,-109.03571133006258,-1.1055444525374896
5299300000.0,-107.78829361228873,-114.16868750141111,-108.92408190478486,-1.0704702252915936
5299400000.0,-107.85572730110991,-114.48492268447637,-108.91983153193402,-1.0858446492796867
5299500000.0,-107.84362403101619,-114.43174135100662,-108.91920266119782,-1.0833451386301454
5299600000.0,-107.83961223145441,-114.24722450612761,-108.96729770025874,-1.0721799837826953
5299700000.0,-107.72000560842474,-114.01858908504558,-108.8805499982552,-1.0652890492194242
5299800000.0,-107.96786785962921,-114.37875038940638,-109.0945842096923,-1.0723849418423375
5299900000.0,-107.81726274268303,-114.48087751502624,-108.8718587646895,-1.0879273945835637
5300000000.0,-108.01186650164689,-113.75836668131538,-109.3566044236191,-1.0285865867790918
